"Longitude (x)","Latitude (y)","Station Name","Climate ID","Date/Time (LST)","Year","Month","Day","Time (LST)","Temp (°C)","Temp Flag","Dew Point Temp (°C)","Dew Point Temp Flag","Rel Hum (%)","Rel Hum Flag","Precip. Amount (mm)","Precip. Amount Flag","Wind Dir (10s deg)","Wind Dir Flag","Wind Spd (km/h)","Wind Spd Flag","Visibility (km)","Visibility Flag","Stn Press (kPa)","Stn Press Flag","Hmdx","Hmdx Flag","Wind Chill","Wind Chill Flag","Weather"
"-124.90","49.72","COMOX A","1021830","2018-06-01 00:00","2018","06","01","00:00","12.1","","5.5","","64","","","","27","","9","","32.2","","101.19","","","","","","Clear"
"-124.90","49.72","COMOX A","1021830","2018-06-01 01:00","2018","06","01","01:00","11.7","","5.0","","63","","","","27","","11","","32.2","","101.27","","","","","","Mainly Clear"
"-124.90","49.72","COMOX A","1021830","2018-06-01 02:00","2018","06","01","02:00","11.4","","4.9","","64","","","","27","","15","","32.2","","101.33","","","","","","Mainly Clear"
"-124.90","49.72","COMOX A","1021830","2018-06-01 03:00","2018","06","01","03:00","10.8","","4.6","","65","","","","26","","13","","32.2","","101.37","","","","","","Mainly Clear"
"-124.90","49.72","COMOX A","1021830","2018-06-01 04:00","2018","06","01","04:00","11.2","","3.9","","61","","","","25","","13","","32.2","","101.41","","","","","","Mostly Cloudy"
"-124.90","49.72","COMOX A","1021830","2018-06-01 05:00","2018","06","01","05:00","11.6","","3.7","","58","","","","26","","11","","32.2","","101.47","","","","","","Mostly Cloudy"
"-124.90","49.72","COMOX A","1021830","2018-06-01 06:00","2018","06","01","06:00","11.8","","4.2","","60","","","","27","","7","","32.2","","101.51","","","","","","Mostly Cloudy"
"-124.90","49.72","COMOX A","1021830","2018-06-01 07:00","2018","06","01","07:00","12.9","","4.0","","55","","","","22","","6","","32.2","","101.52","","","","","","Mostly Cloudy"
"-124.90","49.72","COMOX A","1021830","2018-06-01 08:00","2018","06","01","08:00","13.4","","6.4","","63","","","","","","0","","32.2","","101.62","","","","","","Mostly Cloudy"
"-124.90","49.72","COMOX A","1021830","2018-06-01 09:00","2018","06","01","09:00","14.3","","6.4","","59","","","","10","","7","","32.2","","101.70","","","","","","Mostly Cloudy"
"-124.90","49.72","COMOX A","1021830","2018-06-01 10:00","2018","06","01","10:00","14.7","","8.0","","64","","","","15","","17","","32.2","","101.73","","","","","","Mostly Cloudy"
"-124.90","49.72","COMOX A","1021830","2018-06-01 11:00","2018","06","01","11:00","14.4","","6.3","","58","","","","20","","17","","32.2","","101.77","","","","","","Rain Showers"
"-124.90","49.72","COMOX A","1021830","2018-06-01 12:00","2018","06","01","12:00","13.7","","7.6","","67","","","","16","","20","","32.2","","101.84","","","","","","Cloudy"
"-124.90","49.72","COMOX A","1021830","2018-06-01 13:00","2018","06","01","13:00","13.2","","7.2","","67","","","","14","","22","","32.2","","101.87","","","","","","Rain Showers"
"-124.90","49.72","COMOX A","1021830","2018-06-01 14:00","2018","06","01","14:00","13.8","","7.1","","64","","","","15","","20","","32.2","","101.90","","","","","","Cloudy"
"-124.90","49.72","COMOX A","1021830","2018-06-01 15:00","2018","06","01","15:00","14.2","","6.6","","60","","","","16","","26","","32.2","","101.91","","","","","","Cloudy"
"-124.90","49.72","COMOX A","1021830","2018-06-01 16:00","2018","06","01","16:00","15.3","","6.8","","57","","","","13","","32","","32.2","","101.89","","","","","","Mostly Cloudy"
"-124.90","49.72","COMOX A","1021830","2018-06-01 17:00","2018","06","01","17:00","14.2","","7.5","","64","","","","16","","19","","32.2","","101.91","","","","","","Mostly Cloudy"
"-124.90","49.72","COMOX A","1021830","2018-06-01 18:00","2018","06","01","18:00","14.0","","8.4","","69","","","","18","","17","","32.2","","101.89","","","","","","Rain Showers"
"-124.90","49.72","COMOX A","1021830","2018-06-01 19:00","2018","06","01","19:00","12.8","","9.0","","78","","","","16","","13","","32.2","","101.89","","","","","","Rain Showers"
"-124.90","49.72","COMOX A","1021830","2018-06-01 20:00","2018","06","01","20:00","12.9","","9.1","","78","","","","15","","17","","32.2","","101.91","","","","","","Rain Showers"
"-124.90","49.72","COMOX A","1021830","2018-06-01 21:00","2018","06","01","21:00","13.2","","9.3","","77","","","","16","","19","","32.2","","101.93","","","","","","Rain Showers"
"-124.90","49.72","COMOX A","1021830","2018-06-01 22:00","2018","06","01","22:00","13.2","","9.5","","78","","","","16","","17","","32.2","","101.96","","","","","","Rain Showers"
"-124.90","49.72","COMOX A","1021830","2018-06-01 23:00","2018","06","01","23:00","13.2","","9.7","","79","","","","16","","20","","32.2","","101.99","","","","","","Rain Showers"
"-124.90","49.72","COMOX A","1021830","2018-06-02 00:00","2018","06","02","00:00","12.9","","9.9","","82","","","","16","","28","","32.2","","102.01","","","","","","Rain Showers"
"-124.90","49.72","COMOX A","1021830","2018-06-02 01:00","2018","06","02","01:00","13.0","","10.2","","83","","","","15","","28","","32.2","","102.02","","","","","","Rain Showers"
"-124.90","49.72","COMOX A","1021830","2018-06-02 02:00","2018","06","02","02:00","12.0","","10.8","","92","","","","18","","13","","32.2","","102.04","","","","","","Rain Showers"
"-124.90","49.72","COMOX A","1021830","2018-06-02 03:00","2018","06","02","03:00","11.9","","10.7","","92","","","","18","","13","","32.2","","102.05","","","","","","Rain Showers"
"-124.90","49.72","COMOX A","1021830","2018-06-02 04:00","2018","06","02","04:00","11.3","","10.2","","93","","","","19","","11","","32.2","","102.05","","","","","","Mostly Cloudy"
"-124.90","49.72","COMOX A","1021830","2018-06-02 05:00","2018","06","02","05:00","11.2","","10.3","","94","","","","20","","7","","32.2","","102.07","","","","","","Mainly Clear"
"-124.90","49.72","COMOX A","1021830","2018-06-02 06:00","2018","06","02","06:00","12.9","","10.5","","85","","","","25","","4","","32.2","","102.10","","","","","","Mostly Cloudy"
"-124.90","49.72","COMOX A","1021830","2018-06-02 07:00","2018","06","02","07:00","13.7","","10.5","","81","","","","17","","7","","32.2","","102.11","","","","","","Cloudy"
"-124.90","49.72","COMOX A","1021830","2018-06-02 08:00","2018","06","02","08:00","15.4","","11.4","","77","","","","15","","15","","32.2","","102.13","","","","","","Mostly Cloudy"
"-124.90","49.72","COMOX A","1021830","2018-06-02 09:00","2018","06","02","09:00","15.2","","11.1","","76","","","","16","","20","","32.2","","102.14","","","","","","Mostly Cloudy"
"-124.90","49.72","COMOX A","1021830","2018-06-02 10:00","2018","06","02","10:00","15.9","","11.0","","73","","","","15","","22","","32.2","","102.14","","","","","","Mostly Cloudy"
"-124.90","49.72","COMOX A","1021830","2018-06-02 11:00","2018","06","02","11:00","17.8","","10.9","","64","","","","15","","20","","32.2","","102.15","","","","","","Mostly Cloudy"
"-124.90","49.72","COMOX A","1021830","2018-06-02 12:00","2018","06","02","12:00","18.3","","10.9","","62","","","","13","","22","","32.2","","102.12","","","","","","Mostly Cloudy"
"-124.90","49.72","COMOX A","1021830","2018-06-02 13:00","2018","06","02","13:00","18.4","","10.8","","61","","","","14","","20","","32.2","","102.09","","","","","","Mostly Cloudy"
"-124.90","49.72","COMOX A","1021830","2018-06-02 14:00","2018","06","02","14:00","18.0","","10.5","","62","","","","16","","22","","32.2","","102.05","","","","","","Cloudy"
"-124.90","49.72","COMOX A","1021830","2018-06-02 15:00","2018","06","02","15:00","17.9","","10.5","","62","","","","16","","13","","32.2","","101.99","","","","","","Mostly Cloudy"
"-124.90","49.72","COMOX A","1021830","2018-06-02 16:00","2018","06","02","16:00","18.5","","9.7","","57","","","","16","","13","","32.2","","101.91","","","","","","Mostly Cloudy"
"-124.90","49.72","COMOX A","1021830","2018-06-02 17:00","2018","06","02","17:00","19.9","","10.1","","53","","","","13","","11","","32.2","","101.83","","","","","","Mostly Cloudy"
"-124.90","49.72","COMOX A","1021830","2018-06-02 18:00","2018","06","02","18:00","17.0","","10.4","","65","","","","13","","9","","32.2","","101.77","","","","","","Cloudy"
"-124.90","49.72","COMOX A","1021830","2018-06-02 19:00","2018","06","02","19:00","16.4","","9.4","","63","","","","16","","7","","32.2","","101.70","","","","","","Cloudy"
"-124.90","49.72","COMOX A","1021830","2018-06-02 20:00","2018","06","02","20:00","15.3","","9.7","","69","","","","","","0","","32.2","","101.66","","","","","","Mostly Cloudy"
"-124.90","49.72","COMOX A","1021830","2018-06-02 21:00","2018","06","02","21:00","13.6","","10.7","","83","","","","33","","4","","32.2","","101.65","","","","","","Mostly Cloudy"
"-124.90","49.72","COMOX A","1021830","2018-06-02 22:00","2018","06","02","22:00","13.3","","10.3","","82","","","","","","0","","32.2","","101.61","","","","","","Mostly Cloudy"
"-124.90","49.72","COMOX A","1021830","2018-06-02 23:00","2018","06","02","23:00","12.7","","10.2","","85","","","","","","0","","32.2","","101.56","","","","","","Mostly Cloudy"
"-124.90","49.72","COMOX A","1021830","2018-06-03 00:00","2018","06","03","00:00","12.4","","10.5","","88","","","","29","","4","","32.2","","101.54","","","","","","Mostly Cloudy"
"-124.90","49.72","COMOX A","1021830","2018-06-03 01:00","2018","06","03","01:00","12.0","","10.2","","89","","","","30","","6","","32.2","","101.51","","","","","","Mostly Cloudy"
"-124.90","49.72","COMOX A","1021830","2018-06-03 02:00","2018","06","03","02:00","11.9","","10.1","","89","","","","29","","4","","32.2","","101.50","","","","","","Cloudy"
"-124.90","49.72","COMOX A","1021830","2018-06-03 03:00","2018","06","03","03:00","11.6","","10.4","","92","","","","30","","4","","32.2","","101.45","","","","","","Cloudy"
"-124.90","49.72","COMOX A","1021830","2018-06-03 04:00","2018","06","03","04:00","10.9","","10.0","","94","","","","","","0","","32.2","","101.42","","","","","","Cloudy"
"-124.90","49.72","COMOX A","1021830","2018-06-03 05:00","2018","06","03","05:00","11.6","","10.4","","92","","","","31","","4","","32.2","","101.39","","","","","","Cloudy"
"-124.90","49.72","COMOX A","1021830","2018-06-03 06:00","2018","06","03","06:00","11.8","","10.0","","89","","","","34","","11","","32.2","","101.38","","","","","","Cloudy"
"-124.90","49.72","COMOX A","1021830","2018-06-03 07:00","2018","06","03","07:00","12.4","","10.0","","85","","","","35","","17","","32.2","","101.38","","","","","","Cloudy"
"-124.90","49.72","COMOX A","1021830","2018-06-03 08:00","2018","06","03","08:00","12.7","","9.5","","81","","","","34","","20","","32.2","","101.37","","","","","","Cloudy"
"-124.90","49.72","COMOX A","1021830","2018-06-03 09:00","2018","06","03","09:00","13.8","","9.3","","74","","","","35","","15","","32.2","","101.33","","","","","","Cloudy"
"-124.90","49.72","COMOX A","1021830","2018-06-03 10:00","2018","06","03","10:00","14.5","","8.9","","69","","","","35","","17","","32.2","","101.31","","","","","","Cloudy"
"-124.90","49.72","COMOX A","1021830","2018-06-03 11:00","2018","06","03","11:00","15.0","","8.8","","66","","","","36","","19","","32.2","","101.31","","","","","","Cloudy"
"-124.90","49.72","COMOX A","1021830","2018-06-03 12:00","2018","06","03","12:00","14.9","","8.9","","67","","","","36","","17","","32.2","","101.31","","","","","","Cloudy"
"-124.90","49.72","COMOX A","1021830","2018-06-03 13:00","2018","06","03","13:00","15.3","","8.9","","66","","","","36","","13","","32.2","","101.30","","","","","","Cloudy"
"-124.90","49.72","COMOX A","1021830","2018-06-03 14:00","2018","06","03","14:00","13.4","","10.2","","81","","","","34","","13","","32.2","","101.31","","","","","","Rain"
"-124.90","49.72","COMOX A","1021830","2018-06-03 15:00","2018","06","03","15:00","11.9","","10.2","","89","","","","34","","13","","24.1","","101.34","","","","","","Moderate Rain"
"-124.90","49.72","COMOX A","1021830","2018-06-03 16:00","2018","06","03","16:00","13.4","","10.2","","81","","","","34","","11","","32.2","","101.31","","","","","","Rain"
"-124.90","49.72","COMOX A","1021830","2018-06-03 17:00","2018","06","03","17:00","13.5","","10.0","","79","","","","33","","11","","32.2","","101.30","","","","","","Rain"
"-124.90","49.72","COMOX A","1021830","2018-06-03 18:00","2018","06","03","18:00","13.6","","8.9","","73","","","","32","","11","","32.2","","101.30","","","","","","Mostly Cloudy"
"-124.90","49.72","COMOX A","1021830","2018-06-03 19:00","2018","06","03","19:00","13.6","","8.0","","69","","","","","","0","","32.2","","101.28","","","","","","Mostly Cloudy"
"-124.90","49.72","COMOX A","1021830","2018-06-03 20:00","2018","06","03","20:00","11.6","","8.5","","81","","","","29","","7","","32.2","","101.29","","","","","","Mainly Clear"
"-124.90","49.72","COMOX A","1021830","2018-06-03 21:00","2018","06","03","21:00","10.7","","8.4","","86","","","","27","","7","","32.2","","101.32","","","","","","Mainly Clear"
"-124.90","49.72","COMOX A","1021830","2018-06-03 22:00","2018","06","03","22:00","9.7","","8.8","","94","","","","29","","9","","32.2","","101.32","","","","","","Mainly Clear"
"-124.90","49.72","COMOX A","1021830","2018-06-03 23:00","2018","06","03","23:00","10.1","","9.0","","93","","","","","","0","","32.2","","101.36","","","","","","Mostly Cloudy"
"-124.90","49.72","COMOX A","1021830","2018-06-04 00:00","2018","06","04","00:00","11.1","","6.1","","71","","","","28","","6","","32.2","","101.37","","","","","","Mostly Cloudy"
"-124.90","49.72","COMOX A","1021830","2018-06-04 01:00","2018","06","04","01:00","9.2","","6.9","","86","","","","31","","6","","32.2","","101.35","","","","","","Mostly Cloudy"
"-124.90","49.72","COMOX A","1021830","2018-06-04 02:00","2018","06","04","02:00","8.5","","6.2","","85","","","","29","","7","","32.2","","101.37","","","","","","Mainly Clear"
"-124.90","49.72","COMOX A","1021830","2018-06-04 03:00","2018","06","04","03:00","8.3","","6.5","","88","","","","27","","7","","32.2","","101.37","","","","","","Mostly Cloudy"
"-124.90","49.72","COMOX A","1021830","2018-06-04 04:00","2018","06","04","04:00","7.9","","6.8","","93","","","","29","","6","","32.2","","101.39","","","","","","Mainly Clear"
"-124.90","49.72","COMOX A","1021830","2018-06-04 05:00","2018","06","04","05:00","8.7","","7.5","","92","","","","28","","6","","32.2","","101.42","","","","","","Mostly Cloudy"
"-124.90","49.72","COMOX A","1021830","2018-06-04 06:00","2018","06","04","06:00","10.5","","7.7","","83","","","","29","","6","","32.2","","101.43","","","","","","Mostly Cloudy"
"-124.90","49.72","COMOX A","1021830","2018-06-04 07:00","2018","06","04","07:00","11.6","","7.2","","74","","","","30","","4","","32.2","","101.45","","","","","","Mostly Cloudy"
"-124.90","49.72","COMOX A","1021830","2018-06-04 08:00","2018","06","04","08:00","14.0","","7.8","","66","","","","2","","9","","32.2","","101.48","","","","","","Mainly Clear"
"-124.90","49.72","COMOX A","1021830","2018-06-04 09:00","2018","06","04","09:00","15.0","","6.2","","56","","","","4","","13","","32.2","","101.46","","","","","","Mainly Clear"
"-124.90","49.72","COMOX A","1021830","2018-06-04 10:00","2018","06","04","10:00","15.9","","5.8","","51","","","","4","","13","","32.2","","101.46","","","","","","Mainly Clear"
"-124.90","49.72","COMOX A","1021830","2018-06-04 11:00","2018","06","04","11:00","15.6","","5.4","","51","","","","10","","11","","32.2","","101.46","","","","","","Mostly Cloudy"
"-124.90","49.72","COMOX A","1021830","2018-06-04 12:00","2018","06","04","12:00","16.2","","5.1","","48","","","","10","","13","","32.2","","101.45","","","","","","Mostly Cloudy"
"-124.90","49.72","COMOX A","1021830","2018-06-04 13:00","2018","06","04","13:00","16.4","","5.6","","49","","","","10","","20","","32.2","","101.44","","","","","","Mostly Cloudy"
"-124.90","49.72","COMOX A","1021830","2018-06-04 14:00","2018","06","04","14:00","16.6","","7.9","","56","","","","10","","17","","32.2","","101.43","","","","","","Mostly Cloudy"
"-124.90","49.72","COMOX A","1021830","2018-06-04 15:00","2018","06","04","15:00","15.0","","7.8","","62","","","","10","","13","","32.2","","101.43","","","","","","Rain Showers"
"-124.90","49.72","COMOX A","1021830","2018-06-04 16:00","2018","06","04","16:00","17.2","","8.7","","57","","","","12","","19","","32.2","","101.40","","","","","","Mostly Cloudy"
"-124.90","49.72","COMOX A","1021830","2018-06-04 17:00","2018","06","04","17:00","18.2","","4.2","","39","","","","13","","9","","32.2","","101.33","","","","","","Mainly Clear"
"-124.90","49.72","COMOX A","1021830","2018-06-04 18:00","2018","06","04","18:00","18.7","","7.9","","49","","","","32","","19","","32.2","","101.32","","","","","","Mostly Cloudy"
"-124.90","49.72","COMOX A","1021830","2018-06-04 19:00","2018","06","04","19:00","15.1","","8.0","","63","","","","32","","9","","32.2","","101.33","","","","","","Mainly Clear"
"-124.90","49.72","COMOX A","1021830","2018-06-04 20:00","2018","06","04","20:00","12.4","","8.0","","75","","","","30","","9","","32.2","","101.32","","","","","","Mostly Cloudy"
"-124.90","49.72","COMOX A","1021830","2018-06-04 21:00","2018","06","04","21:00","11.6","","7.7","","77","","","","29","","11","","32.2","","101.33","","","","","","Mainly Clear"
"-124.90","49.72","COMOX A","1021830","2018-06-04 22:00","2018","06","04","22:00","11.0","","6.9","","76","","","","26","","4","","32.2","","101.32","","","","","","Mostly Cloudy"
"-124.90","49.72","COMOX A","1021830","2018-06-04 23:00","2018","06","04","23:00","10.6","","7.3","","80","","","","29","","7","","32.2","","101.28","","","","","","Cloudy"
"-124.90","49.72","COMOX A","1021830","2018-06-05 00:00","2018","06","05","00:00","10.7","","6.9","","77","","","","","","0","","32.2","","101.24","","","","","","Cloudy"
"-124.90","49.72","COMOX A","1021830","2018-06-05 01:00","2018","06","05","01:00","10.3","","7.4","","82","","","","","","0","","32.2","","101.17","","","","","","Cloudy"
"-124.90","49.72","COMOX A","1021830","2018-06-05 02:00","2018","06","05","02:00","10.8","","5.6","","70","","","","","","0","","32.2","","101.12","","","","","","Cloudy"
"-124.90","49.72","COMOX A","1021830","2018-06-05 03:00","2018","06","05","03:00","10.4","","6.1","","75","","","","26","","6","","32.2","","101.07","","","","","","Cloudy"
"-124.90","49.72","COMOX A","1021830","2018-06-05 04:00","2018","06","05","04:00","10.1","","6.2","","77","","","","20","","4","","32.2","","101.05","","","","","","Cloudy"
"-124.90","49.72","COMOX A","1021830","2018-06-05 05:00","2018","06","05","05:00","10.0","","6.4","","78","","","","","","0","","32.2","","101.03","","","","","","Cloudy"
"-124.90","49.72","COMOX A","1021830","2018-06-05 06:00","2018","06","05","06:00","10.5","","6.7","","77","","","","25","","6","","32.2","","101.04","","","","","","Cloudy"
"-124.90","49.72","COMOX A","1021830","2018-06-05 07:00","2018","06","05","07:00","12.1","","6.8","","70","","","","21","","6","","32.2","","101.03","","","","","","Cloudy"
"-124.90","49.72","COMOX A","1021830","2018-06-05 08:00","2018","06","05","08:00","12.6","","6.2","","65","","","","16","","7","","32.2","","101.04","","","","","","Mostly Cloudy"
"-124.90","49.72","COMOX A","1021830","2018-06-05 09:00","2018","06","05","09:00","13.2","","3.6","","52","","","","16","","19","","32.2","","101.04","","","","","","Rain Showers"
"-124.90","49.72","COMOX A","1021830","2018-06-05 10:00","2018","06","05","10:00","13.8","","3.7","","50","","","","18","","17","","32.2","","101.02","","","","","","Mostly Cloudy"
"-124.90","49.72","COMOX A","1021830","2018-06-05 11:00","2018","06","05","11:00","14.1","","7.3","","64","","","","14","","22","","32.2","","101.05","","","","","","Mostly Cloudy"
"-124.90","49.72","COMOX A","1021830","2018-06-05 12:00","2018","06","05","12:00","14.8","","8.6","","66","","","","14","","30","","32.2","","101.05","","","","","","Cloudy"
"-124.90","49.72","COMOX A","1021830","2018-06-05 13:00","2018","06","05","13:00","14.2","","8.5","","69","","","","15","","26","","32.2","","101.05","","","","","","Rain Showers"
"-124.90","49.72","COMOX A","1021830","2018-06-05 14:00","2018","06","05","14:00","14.3","","7.5","","64","","","","15","","26","","32.2","","101.05","","","","","","Rain Showers"
"-124.90","49.72","COMOX A","1021830","2018-06-05 15:00","2018","06","05","15:00","13.8","","8.7","","71","","","","15","","28","","32.2","","101.03","","","","","","Rain Showers"
"-124.90","49.72","COMOX A","1021830","2018-06-05 16:00","2018","06","05","16:00","12.9","","8.9","","77","","","","15","","39","","19.3","","101.02","","","","","","Rain Showers"
"-124.90","49.72","COMOX A","1021830","2018-06-05 17:00","2018","06","05","17:00","13.0","","9.7","","80","","","","15","","35","","24.1","","101.02","","","","","","Rain Showers"
"-124.90","49.72","COMOX A","1021830","2018-06-05 18:00","2018","06","05","18:00","13.1","","10.0","","81","","","","16","","24","","24.1","","101.06","","","","","","Rain Showers"
"-124.90","49.72","COMOX A","1021830","2018-06-05 19:00","2018","06","05","19:00","12.4","","9.6","","83","","","","16","","22","","32.2","","101.05","","","","","","Rain Showers"
"-124.90","49.72","COMOX A","1021830","2018-06-05 20:00","2018","06","05","20:00","12.6","","9.2","","80","","","","16","","24","","32.2","","101.05","","","","","","Mostly Cloudy"
"-124.90","49.72","COMOX A","1021830","2018-06-05 21:00","2018","06","05","21:00","12.6","","9.1","","79","","","","17","","24","","32.2","","101.09","","","","","","Mostly Cloudy"
"-124.90","49.72","COMOX A","1021830","2018-06-05 22:00","2018","06","05","22:00","13.0","","9.0","","77","","","","16","","17","","32.2","","101.09","","","","","","Mostly Cloudy"
"-124.90","49.72","COMOX A","1021830","2018-06-05 23:00","2018","06","05","23:00","13.1","","8.8","","75","","","","16","","20","","32.2","","101.07","","","","","","Cloudy"
"-124.90","49.72","COMOX A","1021830","2018-06-06 00:00","2018","06","06","00:00","13.1","","8.5","","74","","","","15","","22","","32.2","","101.06","","","","","","Mostly Cloudy"
"-124.90","49.72","COMOX A","1021830","2018-06-06 01:00","2018","06","06","01:00","13.0","","8.6","","75","","","","15","","20","","32.2","","101.05","","","","","","Mostly Cloudy"
"-124.90","49.72","COMOX A","1021830","2018-06-06 02:00","2018","06","06","02:00","12.8","","8.9","","77","","","","16","","17","","32.2","","101.06","","","","","","Mostly Cloudy"
"-124.90","49.72","COMOX A","1021830","2018-06-06 03:00","2018","06","06","03:00","12.4","","9.1","","80","","","","18","","11","","32.2","","101.06","","","","","","Mostly Cloudy"
"-124.90","49.72","COMOX A","1021830","2018-06-06 04:00","2018","06","06","04:00","11.6","","8.6","","82","","","","23","","7","","32.2","","101.05","","","","","","Mainly Clear"
"-124.90","49.72","COMOX A","1021830","2018-06-06 05:00","2018","06","06","05:00","10.7","","8.6","","87","","","","25","","4","","32.2","","101.05","","","","","","Mostly Cloudy"
"-124.90","49.72","COMOX A","1021830","2018-06-06 06:00","2018","06","06","06:00","11.9","","8.8","","81","","","","18","","15","","32.2","","101.05","","","","","","Mostly Cloudy"
"-124.90","49.72","COMOX A","1021830","2018-06-06 07:00","2018","06","06","07:00","14.0","","9.5","","74","","","","15","","15","","32.2","","101.06","","","","","","Mostly Cloudy"
"-124.90","49.72","COMOX A","1021830","2018-06-06 08:00","2018","06","06","08:00","15.0","","10.1","","72","","","","14","","22","","32.2","","101.06","","","","","","Mainly Clear"
"-124.90","49.72","COMOX A","1021830","2018-06-06 09:00","2018","06","06","09:00","16.6","","10.0","","65","","","","13","","24","","32.2","","101.06","","","","","","Mainly Clear"
"-124.90","49.72","COMOX A","1021830","2018-06-06 10:00","2018","06","06","10:00","15.5","","10.3","","71","","","","14","","22","","32.2","","101.07","","","","","","Mostly Cloudy"
"-124.90","49.72","COMOX A","1021830","2018-06-06 11:00","2018","06","06","11:00","15.5","","11.1","","75","","","","14","","26","","32.2","","101.08","","","","","","Mostly Cloudy"
"-124.90","49.72","COMOX A","1021830","2018-06-06 12:00","2018","06","06","12:00","15.9","","9.6","","66","","","","15","","22","","32.2","","101.07","","","","","","Mostly Cloudy"
"-124.90","49.72","COMOX A","1021830","2018-06-06 13:00","2018","06","06","13:00","17.6","","11.3","","67","","","","14","","19","","32.2","","101.04","","","","","","Mostly Cloudy"
"-124.90","49.72","COMOX A","1021830","2018-06-06 14:00","2018","06","06","14:00","18.7","","8.6","","52","","","","14","","28","","32.2","","100.98","","","","","","Mostly Cloudy"
"-124.90","49.72","COMOX A","1021830","2018-06-06 15:00","2018","06","06","15:00","18.4","","9.0","","54","","","","14","","22","","32.2","","100.94","","","","","","Mostly Cloudy"
"-124.90","49.72","COMOX A","1021830","2018-06-06 16:00","2018","06","06","16:00","18.3","","9.0","","55","","","","13","","20","","32.2","","100.90","","","","","","Mostly Cloudy"
"-124.90","49.72","COMOX A","1021830","2018-06-06 17:00","2018","06","06","17:00","19.1","","8.2","","49","","","","13","","17","","32.2","","100.84","","","","","","Mostly Cloudy"
"-124.90","49.72","COMOX A","1021830","2018-06-06 18:00","2018","06","06","18:00","18.7","","8.5","","51","","","","15","","11","","32.2","","100.81","","","","","","Mostly Cloudy"
"-124.90","49.72","COMOX A","1021830","2018-06-06 19:00","2018","06","06","19:00","16.8","","9.2","","61","","","","17","","9","","32.2","","100.79","","","","","","Mostly Cloudy"
"-124.90","49.72","COMOX A","1021830","2018-06-06 20:00","2018","06","06","20:00","15.8","","9.0","","64","","","","18","","11","","32.2","","100.77","","","","","","Mostly Cloudy"
"-124.90","49.72","COMOX A","1021830","2018-06-06 21:00","2018","06","06","21:00","14.7","","9.0","","69","","","","24","","6","","32.2","","100.77","","","","","","Mostly Cloudy"
"-124.90","49.72","COMOX A","1021830","2018-06-06 22:00","2018","06","06","22:00","15.4","","7.4","","59","","","","20","","15","","32.2","","100.76","","","","","","Mostly Cloudy"
"-124.90","49.72","COMOX A","1021830","2018-06-06 23:00","2018","06","06","23:00","14.4","","7.6","","64","","","","23","","4","","32.2","","100.75","","","","","","Mostly Cloudy"
"-124.90","49.72","COMOX A","1021830","2018-06-07 00:00","2018","06","07","00:00","11.7","","8.2","","79","","","","34","","6","","32.2","","100.75","","","","","","Mainly Clear"
"-124.90","49.72","COMOX A","1021830","2018-06-07 01:00","2018","06","07","01:00","10.7","","8.0","","83","","","","33","","4","","32.2","","100.76","","","","","","Mainly Clear"
"-124.90","49.72","COMOX A","1021830","2018-06-07 02:00","2018","06","07","02:00","11.8","","6.8","","71","","","","33","","4","","32.2","","100.81","","","","","","Mostly Cloudy"
"-124.90","49.72","COMOX A","1021830","2018-06-07 03:00","2018","06","07","03:00","12.4","","6.5","","67","","","","11","","6","","32.2","","100.80","","","","","","Cloudy"
"-124.90","49.72","COMOX A","1021830","2018-06-07 04:00","2018","06","07","04:00","12.5","","6.3","","66","","","","15","","6","","32.2","","100.80","","","","","","Cloudy"
"-124.90","49.72","COMOX A","1021830","2018-06-07 05:00","2018","06","07","05:00","12.2","","7.5","","73","","","","24","","4","","32.2","","100.83","","","","","","Cloudy"
"-124.90","49.72","COMOX A","1021830","2018-06-07 06:00","2018","06","07","06:00","12.9","","7.8","","71","","","","16","","7","","32.2","","100.88","","","","","","Cloudy"
"-124.90","49.72","COMOX A","1021830","2018-06-07 07:00","2018","06","07","07:00","13.5","","8.0","","69","","","","","","0","","32.2","","100.92","","","","","","Cloudy"
"-124.90","49.72","COMOX A","1021830","2018-06-07 08:00","2018","06","07","08:00","14.5","","8.0","","65","","","","17","","4","","32.2","","101.00","","","","","","Cloudy"
"-124.90","49.72","COMOX A","1021830","2018-06-07 09:00","2018","06","07","09:00","15.1","","8.1","","63","","","","18","","17","","32.2","","101.01","","","","","","Cloudy"
"-124.90","49.72","COMOX A","1021830","2018-06-07 10:00","2018","06","07","10:00","15.2","","7.5","","60","","","","16","","17","","32.2","","101.05","","","","","","Cloudy"
"-124.90","49.72","COMOX A","1021830","2018-06-07 11:00","2018","06","07","11:00","14.8","","8.7","","67","","","","15","","24","","32.2","","101.03","","","","","","Cloudy"
"-124.90","49.72","COMOX A","1021830","2018-06-07 12:00","2018","06","07","12:00","16.2","","8.8","","62","","","","13","","32","","32.2","","101.07","","","","","","Cloudy"
"-124.90","49.72","COMOX A","1021830","2018-06-07 13:00","2018","06","07","13:00","15.5","","9.9","","69","","","","15","","22","","32.2","","101.11","","","","","","Cloudy"
"-124.90","49.72","COMOX A","1021830","2018-06-07 14:00","2018","06","07","14:00","14.8","","9.9","","72","","","","15","","28","","32.2","","101.13","","","","","","Cloudy"
"-124.90","49.72","COMOX A","1021830","2018-06-07 15:00","2018","06","07","15:00","14.1","","10.4","","78","","","","15","","19","","24.1","","101.15","","","","","","Rain Showers"
"-124.90","49.72","COMOX A","1021830","2018-06-07 16:00","2018","06","07","16:00","15.5","","10.7","","73","","","","15","","26","","32.2","","101.15","","","","","","Cloudy"
"-124.90","49.72","COMOX A","1021830","2018-06-07 17:00","2018","06","07","17:00","15.2","","9.8","","70","","","","15","","20","","32.2","","101.16","","","","","","Cloudy"
"-124.90","49.72","COMOX A","1021830","2018-06-07 18:00","2018","06","07","18:00","15.0","","9.0","","67","","","","14","","22","","32.2","","101.13","","","","","","Mostly Cloudy"
"-124.90","49.72","COMOX A","1021830","2018-06-07 19:00","2018","06","07","19:00","15.6","","8.5","","63","","","","15","","22","","32.2","","101.12","","","","","","Mostly Cloudy"
"-124.90","49.72","COMOX A","1021830","2018-06-07 20:00","2018","06","07","20:00","14.6","","9.6","","72","","","","13","","17","","32.2","","101.10","","","","","","Mostly Cloudy"
"-124.90","49.72","COMOX A","1021830","2018-06-07 21:00","2018","06","07","21:00","13.9","","10.2","","78","","","","13","","17","","32.2","","101.10","","","","","","Mostly Cloudy"
"-124.90","49.72","COMOX A","1021830","2018-06-07 22:00","2018","06","07","22:00","14.0","","9.7","","75","","","","14","","20","","32.2","","101.08","","","","","","Rain Showers"
"-124.90","49.72","COMOX A","1021830","2018-06-07 23:00","2018","06","07","23:00","14.6","","9.1","","70","","","","16","","30","","32.2","","101.05","","","","","","Cloudy"
"-124.90","49.72","COMOX A","1021830","2018-06-08 00:00","2018","06","08","00:00","14.2","","9.3","","72","","","","16","","24","","32.2","","101.02","","","","","","Cloudy"
"-124.90","49.72","COMOX A","1021830","2018-06-08 01:00","2018","06","08","01:00","14.3","","10.4","","77","","","","15","","37","","32.2","","101.01","","","","","","Cloudy"
"-124.90","49.72","COMOX A","1021830","2018-06-08 02:00","2018","06","08","02:00","13.3","","11.4","","88","","","","15","","24","","24.1","","101.03","","","","","","Rain Showers"
"-124.90","49.72","COMOX A","1021830","2018-06-08 03:00","2018","06","08","03:00","12.8","","11.6","","92","","","","15","","24","","19.3","","100.97","","","","","","Rain"
"-124.90","49.72","COMOX A","1021830","2018-06-08 04:00","2018","06","08","04:00","12.9","","11.5","","91","","","","15","","24","","19.3","","100.93","","","","","","Rain"
"-124.90","49.72","COMOX A","1021830","2018-06-08 05:00","2018","06","08","05:00","13.0","","12.4","","96","","","","17","","20","","16.1","","100.95","","","","","","Rain"
"-124.90","49.72","COMOX A","1021830","2018-06-08 06:00","2018","06","08","06:00","11.5","","9.7","","89","","","","16","","9","","16.1","","100.99","","","","","","Rain"
"-124.90","49.72","COMOX A","1021830","2018-06-08 07:00","2018","06","08","07:00","11.2","","10.2","","94","","","","26","","7","","16.1","","101.00","","","","","","Rain"
"-124.90","49.72","COMOX A","1021830","2018-06-08 08:00","2018","06","08","08:00","10.8","","9.4","","91","","","","23","","6","","16.1","","101.00","","","","","","Rain"
"-124.90","49.72","COMOX A","1021830","2018-06-08 09:00","2018","06","08","09:00","11.2","","10.0","","92","","","","","","0","","16.1","","101.00","","","","","","Rain"
"-124.90","49.72","COMOX A","1021830","2018-06-08 10:00","2018","06","08","10:00","12.4","","11.7","","95","","","","16","","6","","12.9","","100.97","","","","","","Rain"
"-124.90","49.72","COMOX A","1021830","2018-06-08 11:00","2018","06","08","11:00","14.0","","12.5","","91","","","","21","","4","","19.3","","100.97","","","","","","Mostly Cloudy"
"-124.90","49.72","COMOX A","1021830","2018-06-08 12:00","2018","06","08","12:00","15.6","","11.7","","78","","","","15","","22","","19.3","","101.00","","","","","","Mostly Cloudy"
"-124.90","49.72","COMOX A","1021830","2018-06-08 13:00","2018","06","08","13:00","16.7","","10.4","","66","","","","15","","24","","24.1","","100.98","","","","","","Mostly Cloudy"
"-124.90","49.72","COMOX A","1021830","2018-06-08 14:00","2018","06","08","14:00","17.7","","10.4","","62","","","","11","","24","","24.1","","101.00","","","","","","Cloudy"
"-124.90","49.72","COMOX A","1021830","2018-06-08 15:00","2018","06","08","15:00","15.9","","9.8","","67","","","","17","","22","","24.1","","101.03","","","","","","Rain Showers"
"-124.90","49.72","COMOX A","1021830","2018-06-08 16:00","2018","06","08","16:00","15.4","","9.0","","66","","","","17","","28","","24.1","","101.02","","","","","","Cloudy"
"-124.90","49.72","COMOX A","1021830","2018-06-08 17:00","2018","06","08","17:00","15.2","","9.2","","67","","","","16","","6","","24.1","","101.01","","","","","","Cloudy"
"-124.90","49.72","COMOX A","1021830","2018-06-08 18:00","2018","06","08","18:00","13.3","","10.6","","84","","","","15","","26","","24.1","","101.00","","","","","","Rain Showers"
"-124.90","49.72","COMOX A","1021830","2018-06-08 19:00","2018","06","08","19:00","12.3","","11.0","","92","","","","14","","24","","19.3","","100.99","","","","","","Rain Showers"
"-124.90","49.72","COMOX A","1021830","2018-06-08 20:00","2018","06","08","20:00","12.0","","10.9","","93","","","","15","","22","","24.1","","100.98","","","","","","Rain Showers"
"-124.90","49.72","COMOX A","1021830","2018-06-08 21:00","2018","06","08","21:00","12.0","","10.9","","93","","","","14","","22","","24.1","","100.97","","","","","","Cloudy"
"-124.90","49.72","COMOX A","1021830","2018-06-08 22:00","2018","06","08","22:00","11.6","","9.0","","84","","","","15","","19","","32.2","","100.93","","","","","","Rain Showers"
"-124.90","49.72","COMOX A","1021830","2018-06-08 23:00","2018","06","08","23:00","11.1","","9.9","","92","","","","17","","4","","32.2","","100.91","","","","","","Rain Showers"
"-124.90","49.72","COMOX A","1021830","2018-06-09 00:00","2018","06","09","00:00","10.7","","10.0","","95","","","","17","","4","","32.2","","100.92","","","","","","Rain Showers"
"-124.90","49.72","COMOX A","1021830","2018-06-09 01:00","2018","06","09","01:00","10.4","","10.0","","97","","","","","","0","","32.2","","100.94","","","","","","Rain Showers"
"-124.90","49.72","COMOX A","1021830","2018-06-09 02:00","2018","06","09","02:00","10.3","","9.1","","92","","","","28","","7","","32.2","","100.98","","","","","","Rain Showers"
"-124.90","49.72","COMOX A","1021830","2018-06-09 03:00","2018","06","09","03:00","10.2","","8.8","","91","","","","5","","15","","32.2","","101.01","","","","","","Mostly Cloudy"
"-124.90","49.72","COMOX A","1021830","2018-06-09 04:00","2018","06","09","04:00","9.6","","8.8","","95","","","","","","0","","32.2","","101.04","","","","","","Rain Showers"
"-124.90","49.72","COMOX A","1021830","2018-06-09 05:00","2018","06","09","05:00","9.6","","9.3","","98","","","","1","","4","","32.2","","101.08","","","","","","Rain Showers"
"-124.90","49.72","COMOX A","1021830","2018-06-09 06:00","2018","06","09","06:00","9.6","","9.3","","98","","","","","","0","","32.2","","101.11","","","","","","Mostly Cloudy"
"-124.90","49.72","COMOX A","1021830","2018-06-09 07:00","2018","06","09","07:00","11.8","","9.3","","85","","","","","","0","","32.2","","101.12","","","","","","Mostly Cloudy"
"-124.90","49.72","COMOX A","1021830","2018-06-09 08:00","2018","06","09","08:00","14.7","","10.1","","74","","","","5","","6","","32.2","","101.12","","","","","","Mostly Cloudy"
"-124.90","49.72","COMOX A","1021830","2018-06-09 09:00","2018","06","09","09:00","14.4","","8.9","","70","","","","9","","13","","32.2","","101.12","","","","","","Mainly Clear"
"-124.90","49.72","COMOX A","1021830","2018-06-09 10:00","2018","06","09","10:00","14.6","","7.7","","63","","","","8","","11","","32.2","","101.10","","","","","","Mainly Clear"
"-124.90","49.72","COMOX A","1021830","2018-06-09 11:00","2018","06","09","11:00","15.3","","8.4","","63","","","","6","","11","","32.2","","101.08","","","","","","Mainly Clear"
"-124.90","49.72","COMOX A","1021830","2018-06-09 12:00","2018","06","09","12:00","16.9","","5.7","","48","","","","9","","13","","32.2","","101.08","","","","","","Rain"
"-124.90","49.72","COMOX A","1021830","2018-06-09 13:00","2018","06","09","13:00","16.8","","6.3","","50","","","","7","","11","","32.2","","101.05","","","","","","Mainly Clear"
"-124.90","49.72","COMOX A","1021830","2018-06-09 14:00","2018","06","09","14:00","15.0","","7.4","","60","","","","6","","6","","32.2","","101.07","","","","","","Rain Showers"
"-124.90","49.72","COMOX A","1021830","2018-06-09 15:00","2018","06","09","15:00","15.5","","5.2","","50","","","","21","","7","","32.2","","101.09","","","","","","Rain Showers"
"-124.90","49.72","COMOX A","1021830","2018-06-09 16:00","2018","06","09","16:00","13.6","","8.8","","73","","","","32","","11","","32.2","","101.09","","","","","","Rain Showers"
"-124.90","49.72","COMOX A","1021830","2018-06-09 17:00","2018","06","09","17:00","14.2","","9.0","","71","","","","30","","7","","32.2","","101.07","","","","","","Mostly Cloudy"
"-124.90","49.72","COMOX A","1021830","2018-06-09 18:00","2018","06","09","18:00","14.0","","7.0","","63","","","","27","","9","","32.2","","101.08","","","","","","Mostly Cloudy"
"-124.90","49.72","COMOX A","1021830","2018-06-09 19:00","2018","06","09","19:00","13.6","","8.3","","70","","","","1","","15","","32.2","","101.08","","","","","","Mostly Cloudy"
"-124.90","49.72","COMOX A","1021830","2018-06-09 20:00","2018","06","09","20:00","12.3","","9.2","","81","","","","34","","4","","32.2","","101.07","","","","","","Mostly Cloudy"
"-124.90","49.72","COMOX A","1021830","2018-06-09 21:00","2018","06","09","21:00","11.8","","9.0","","83","","","","32","","4","","32.2","","101.08","","","","","","Mostly Cloudy"
"-124.90","49.72","COMOX A","1021830","2018-06-09 22:00","2018","06","09","22:00","11.6","","9.0","","84","","","","31","","6","","32.2","","101.09","","","","","","Cloudy"
"-124.90","49.72","COMOX A","1021830","2018-06-09 23:00","2018","06","09","23:00","10.9","","8.5","","85","","","","31","","9","","32.2","","101.09","","","","","","Cloudy"
"-124.90","49.72","COMOX A","1021830","2018-06-10 00:00","2018","06","10","00:00","9.9","","8.4","","90","","","","26","","6","","32.2","","101.10","","","","","","Mostly Cloudy"
"-124.90","49.72","COMOX A","1021830","2018-06-10 01:00","2018","06","10","01:00","9.4","","8.3","","93","","","","32","","4","","32.2","","101.11","","","","","","Mostly Cloudy"
"-124.90","49.72","COMOX A","1021830","2018-06-10 02:00","2018","06","10","02:00","9.6","","5.9","","78","","","","27","","7","","32.2","","101.12","","","","","","Mostly Cloudy"
"-124.90","49.72","COMOX A","1021830","2018-06-10 03:00","2018","06","10","03:00","9.5","","6.0","","79","","","","","","0","","32.2","","101.14","","","","","","Mostly Cloudy"
"-124.90","49.72","COMOX A","1021830","2018-06-10 04:00","2018","06","10","04:00","8.6","","6.1","","84","","","","24","","9","","32.2","","101.17","","","","","","Mostly Cloudy"
"-124.90","49.72","COMOX A","1021830","2018-06-10 05:00","2018","06","10","05:00","9.3","","6.0","","80","","","","25","","9","","32.2","","101.18","","","","","","Mostly Cloudy"
"-124.90","49.72","COMOX A","1021830","2018-06-10 06:00","2018","06","10","06:00","9.6","","6.1","","79","","","","25","","6","","32.2","","101.19","","","","","","Mainly Clear"
"-124.90","49.72","COMOX A","1021830","2018-06-10 07:00","2018","06","10","07:00","12.7","","6.5","","66","","","","20","","6","","32.2","","101.22","","","","","","Mostly Cloudy"
"-124.90","49.72","COMOX A","1021830","2018-06-10 08:00","2018","06","10","08:00","14.7","","7.9","","64","","","","5","","9","","32.2","","101.23","","","","","","Mainly Clear"
"-124.90","49.72","COMOX A","1021830","2018-06-10 09:00","2018","06","10","09:00","14.7","","8.3","","65","","","","8","","11","","32.2","","101.24","","","","","","Mainly Clear"
"-124.90","49.72","COMOX A","1021830","2018-06-10 10:00","2018","06","10","10:00","14.5","","7.3","","62","","","","8","","11","","32.2","","101.24","","","","","","Rain Showers"
"-124.90","49.72","COMOX A","1021830","2018-06-10 11:00","2018","06","10","11:00","12.2","","8.3","","77","","","","29","","13","","32.2","","101.29","","","","","","Rain Showers"
"-124.90","49.72","COMOX A","1021830","2018-06-10 12:00","2018","06","10","12:00","12.1","","10.1","","88","","","","29","","11","","32.2","","101.29","","","","","","Rain Showers"
"-124.90","49.72","COMOX A","1021830","2018-06-10 13:00","2018","06","10","13:00","13.6","","7.3","","66","","","","29","","9","","32.2","","101.31","","","","","","Rain Showers"
"-124.90","49.72","COMOX A","1021830","2018-06-10 14:00","2018","06","10","14:00","13.2","","8.8","","75","","","","27","","11","","32.2","","101.36","","","","","","Rain Showers"
"-124.90","49.72","COMOX A","1021830","2018-06-10 15:00","2018","06","10","15:00","11.8","","7.9","","77","","","","28","","7","","32.2","","101.38","","","","","","Rain Showers"
"-124.90","49.72","COMOX A","1021830","2018-06-10 16:00","2018","06","10","16:00","12.7","","9.8","","82","","","","25","","7","","32.2","","101.40","","","","","","Rain Showers"
"-124.90","49.72","COMOX A","1021830","2018-06-10 17:00","2018","06","10","17:00","13.4","","9.5","","77","","","","33","","7","","32.2","","101.39","","","","","","Rain Showers"
"-124.90","49.72","COMOX A","1021830","2018-06-10 18:00","2018","06","10","18:00","15.3","","6.9","","57","","","","","","0","","32.2","","101.40","","","","","","Mostly Cloudy"
"-124.90","49.72","COMOX A","1021830","2018-06-10 19:00","2018","06","10","19:00","14.5","","6.9","","60","","","","2","","7","","32.2","","101.42","","","","","","Mainly Clear"
"-124.90","49.72","COMOX A","1021830","2018-06-10 20:00","2018","06","10","20:00","14.1","","7.4","","64","","","","","","0","","32.2","","101.44","","","","","","Mainly Clear"
"-124.90","49.72","COMOX A","1021830","2018-06-10 21:00","2018","06","10","21:00","10.6","","6.9","","78","","","","26","","7","","32.2","","101.48","","","","","","Mainly Clear"
"-124.90","49.72","COMOX A","1021830","2018-06-10 22:00","2018","06","10","22:00","9.7","","7.0","","83","","","","28","","7","","32.2","","101.52","","","","","","Mainly Clear"
"-124.90","49.72","COMOX A","1021830","2018-06-10 23:00","2018","06","10","23:00","9.4","","6.7","","83","","","","27","","7","","32.2","","101.55","","","","","","Mainly Clear"
"-124.90","49.72","COMOX A","1021830","2018-06-11 00:00","2018","06","11","00:00","8.6","","6.3","","85","","","","28","","7","","32.2","","101.57","","","","","","Clear"
"-124.90","49.72","COMOX A","1021830","2018-06-11 01:00","2018","06","11","01:00","8.4","","6.2","","86","","","","28","","9","","32.2","","101.62","","","","","","Mainly Clear"
"-124.90","49.72","COMOX A","1021830","2018-06-11 02:00","2018","06","11","02:00","8.2","","5.8","","85","","","","28","","9","","32.2","","101.66","","","","","","Clear"
"-124.90","49.72","COMOX A","1021830","2018-06-11 03:00","2018","06","11","03:00","6.4","","5.4","","93","","","","","","0","","32.2","","101.71","","","","","","Mainly Clear"
"-124.90","49.72","COMOX A","1021830","2018-06-11 04:00","2018","06","11","04:00","7.0","","5.4","","90","","","","28","","6","","32.2","","101.75","","","","","","Mainly Clear"
"-124.90","49.72","COMOX A","1021830","2018-06-11 05:00","2018","06","11","05:00","6.9","","5.7","","92","","","","26","","6","","32.2","","101.79","","","","","","Mainly Clear"
"-124.90","49.72","COMOX A","1021830","2018-06-11 06:00","2018","06","11","06:00","11.1","","6.1","","71","","","","","","0","","32.2","","101.82","","","","","","Clear"
"-124.90","49.72","COMOX A","1021830","2018-06-11 07:00","2018","06","11","07:00","11.9","","6.7","","70","","","","34","","9","","32.2","","101.85","","","","","","Clear"
"-124.90","49.72","COMOX A","1021830","2018-06-11 08:00","2018","06","11","08:00","13.0","","6.4","","64","","","","35","","17","","32.2","","101.87","","","","","","Clear"
"-124.90","49.72","COMOX A","1021830","2018-06-11 09:00","2018","06","11","09:00","15.4","","6.0","","53","","","","3","","9","","32.2","","101.90","","","","","","Mainly Clear"
"-124.90","49.72","COMOX A","1021830","2018-06-11 10:00","2018","06","11","10:00","15.6","","6.4","","54","","","","7","","9","","32.2","","101.92","","","","","","Mainly Clear"
"-124.90","49.72","COMOX A","1021830","2018-06-11 11:00","2018","06","11","11:00","16.0","","7.2","","56","","","","9","","11","","32.2","","101.94","","","","","","Mainly Clear"
"-124.90","49.72","COMOX A","1021830","2018-06-11 12:00","2018","06","11","12:00","16.7","","5.8","","49","","","","11","","9","","32.2","","101.95","","","","","","Mainly Clear"
"-124.90","49.72","COMOX A","1021830","2018-06-11 13:00","2018","06","11","13:00","16.7","","6.3","","50","","","","6","","9","","32.2","","101.98","","","","","","Mainly Clear"
"-124.90","49.72","COMOX A","1021830","2018-06-11 14:00","2018","06","11","14:00","18.6","","5.6","","42","","","","7","","7","","32.2","","101.97","","","","","","Mainly Clear"
"-124.90","49.72","COMOX A","1021830","2018-06-11 15:00","2018","06","11","15:00","17.1","","5.7","","47","","","","10","","9","","32.2","","101.94","","","","","","Mainly Clear"
"-124.90","49.72","COMOX A","1021830","2018-06-11 16:00","2018","06","11","16:00","18.9","","5.7","","42","","","","8","","7","","32.2","","101.94","","","","","","Mainly Clear"
"-124.90","49.72","COMOX A","1021830","2018-06-11 17:00","2018","06","11","17:00","18.7","","4.7","","40","","","","8","","6","","32.2","","101.90","","","","","","Mainly Clear"
"-124.90","49.72","COMOX A","1021830","2018-06-11 18:00","2018","06","11","18:00","20.8","","5.2","","36","","","","5","","4","","32.2","","101.88","","","","","","Mainly Clear"
"-124.90","49.72","COMOX A","1021830","2018-06-11 19:00","2018","06","11","19:00","19.3","","6.0","","42","","","","20","","7","","32.2","","101.87","","","","","","Mainly Clear"
"-124.90","49.72","COMOX A","1021830","2018-06-11 20:00","2018","06","11","20:00","17.4","","6.1","","47","","","","21","","6","","32.2","","101.89","","","","","","Mainly Clear"
"-124.90","49.72","COMOX A","1021830","2018-06-11 21:00","2018","06","11","21:00","14.6","","7.1","","61","","","","27","","4","","32.2","","101.89","","","","","","Mainly Clear"
"-124.90","49.72","COMOX A","1021830","2018-06-11 22:00","2018","06","11","22:00","13.2","","7.9","","70","","","","","","0","","32.2","","101.88","","","","","","Mainly Clear"
"-124.90","49.72","COMOX A","1021830","2018-06-11 23:00","2018","06","11","23:00","13.4","","8.1","","70","","","","29","","4","","32.2","","101.89","","","","","","Mostly Cloudy"
"-124.90","49.72","COMOX A","1021830","2018-06-12 00:00","2018","06","12","00:00","13.0","","8.3","","73","","","","9","","4","","32.2","","101.88","","","","","","Mostly Cloudy"
"-124.90","49.72","COMOX A","1021830","2018-06-12 01:00","2018","06","12","01:00","11.8","","8.1","","78","","","","25","","7","","32.2","","101.88","","","","","","Mainly Clear"
"-124.90","49.72","COMOX A","1021830","2018-06-12 02:00","2018","06","12","02:00","10.0","","7.8","","86","","","","","","0","","32.2","","101.85","","","","","","Mainly Clear"
"-124.90","49.72","COMOX A","1021830","2018-06-12 03:00","2018","06","12","03:00","8.6","","7.5","","93","","","","","","0","","32.2","","101.81","","","","","","Mostly Cloudy"
"-124.90","49.72","COMOX A","1021830","2018-06-12 04:00","2018","06","12","04:00","8.4","","7.4","","93","","","","","","0","","32.2","","101.80","","","","","","Mostly Cloudy"
"-124.90","49.72","COMOX A","1021830","2018-06-12 05:00","2018","06","12","05:00","10.0","","7.6","","85","","","","","","0","","32.2","","101.77","","","","","","Mostly Cloudy"
"-124.90","49.72","COMOX A","1021830","2018-06-12 06:00","2018","06","12","06:00","11.9","","8.4","","79","","","","23","","4","","32.2","","101.75","","","","","","Cloudy"
"-124.90","49.72","COMOX A","1021830","2018-06-12 07:00","2018","06","12","07:00","13.3","","9.2","","76","","","","20","","4","","32.2","","101.74","","","","","","Cloudy"
"-124.90","49.72","COMOX A","1021830","2018-06-12 08:00","2018","06","12","08:00","14.1","","10.1","","77","","","","18","","9","","32.2","","101.71","","","","","","Cloudy"
"-124.90","49.72","COMOX A","1021830","2018-06-12 09:00","2018","06","12","09:00","14.5","","9.5","","72","","","","16","","15","","32.2","","101.68","","","","","","Cloudy"
"-124.90","49.72","COMOX A","1021830","2018-06-12 10:00","2018","06","12","10:00","14.3","","8.6","","69","","","","17","","13","","32.2","","101.65","","","","","","Cloudy"
"-124.90","49.72","COMOX A","1021830","2018-06-12 11:00","2018","06","12","11:00","14.1","","10.0","","76","","","","17","","17","","32.2","","101.62","","","","","","Rain"
"-124.90","49.72","COMOX A","1021830","2018-06-12 12:00","2018","06","12","12:00","13.6","","10.0","","79","","","","14","","15","","24.1","","101.58","","","","","","Rain"
"-124.90","49.72","COMOX A","1021830","2018-06-12 13:00","2018","06","12","13:00","13.1","","10.3","","83","","","","11","","15","","24.1","","101.53","","","","","","Rain"
"-124.90","49.72","COMOX A","1021830","2018-06-12 14:00","2018","06","12","14:00","13.5","","10.3","","81","","","","13","","13","","24.1","","101.47","","","","","","Rain"
"-124.90","49.72","COMOX A","1021830","2018-06-12 15:00","2018","06","12","15:00","13.7","","10.8","","83","","","","11","","11","","24.1","","101.40","","","","","","Rain"
"-124.90","49.72","COMOX A","1021830","2018-06-12 16:00","2018","06","12","16:00","12.8","","11.0","","89","","","","15","","7","","24.1","","101.33","","","","","","Rain"
"-124.90","49.72","COMOX A","1021830","2018-06-12 17:00","2018","06","12","17:00","13.2","","11.0","","87","","","","17","","11","","32.2","","101.26","","","","","","Rain"
"-124.90","49.72","COMOX A","1021830","2018-06-12 18:00","2018","06","12","18:00","12.6","","9.5","","81","","","","16","","9","","32.2","","101.14","","","","","","Cloudy"
"-124.90","49.72","COMOX A","1021830","2018-06-12 19:00","2018","06","12","19:00","12.7","","10.4","","86","","","","15","","6","","32.2","","101.11","","","","","","Rain"
"-124.90","49.72","COMOX A","1021830","2018-06-12 20:00","2018","06","12","20:00","12.1","","11.1","","94","","","","16","","9","","32.2","","101.02","","","","","","Cloudy"
"-124.90","49.72","COMOX A","1021830","2018-06-12 21:00","2018","06","12","21:00","12.0","","11.4","","96","","","","20","","7","","32.2","","101.00","","","","","","Rain"
"-124.90","49.72","COMOX A","1021830","2018-06-12 22:00","2018","06","12","22:00","11.7","","11.3","","97","","","","14","","6","","24.1","","100.95","","","","","","Rain"
"-124.90","49.72","COMOX A","1021830","2018-06-12 23:00","2018","06","12","23:00","11.6","","11.4","","99","","","","19","","7","","32.2","","100.90","","","","","","Rain"
"-124.90","49.72","COMOX A","1021830","2018-06-13 00:00","2018","06","13","00:00","11.5","","11.2","","98","","","","16","","6","","32.2","","100.82","","","","","","Rain"
"-124.90","49.72","COMOX A","1021830","2018-06-13 01:00","2018","06","13","01:00","11.3","","11.1","","99","","","","","","0","","32.2","","100.77","","","","","","Rain"
"-124.90","49.72","COMOX A","1021830","2018-06-13 02:00","2018","06","13","02:00","11.8","","11.6","","99","","","","","","0","","32.2","","100.72","","","","","","Rain"
"-124.90","49.72","COMOX A","1021830","2018-06-13 03:00","2018","06","13","03:00","11.4","","11.2","","99","","","","21","","6","","32.2","","100.68","","","","","","Rain"
"-124.90","49.72","COMOX A","1021830","2018-06-13 04:00","2018","06","13","04:00","11.2","","11.0","","99","","","","","","0","","32.2","","100.64","","","","","","Cloudy"
"-124.90","49.72","COMOX A","1021830","2018-06-13 05:00","2018","06","13","05:00","11.7","","11.5","","99","","","","16","","9","","32.2","","100.60","","","","","","Mostly Cloudy"
"-124.90","49.72","COMOX A","1021830","2018-06-13 06:00","2018","06","13","06:00","12.6","","11.6","","94","","","","17","","17","","32.2","","100.61","","","","","","Mostly Cloudy"
"-124.90","49.72","COMOX A","1021830","2018-06-13 07:00","2018","06","13","07:00","12.2","","11.3","","94","","","","17","","19","","32.2","","100.60","","","","","","Mostly Cloudy"
"-124.90","49.72","COMOX A","1021830","2018-06-13 08:00","2018","06","13","08:00","13.8","","10.6","","81","","","","15","","17","","32.2","","100.62","","","","","","Mostly Cloudy"
"-124.90","49.72","COMOX A","1021830","2018-06-13 09:00","2018","06","13","09:00","15.4","","10.9","","75","","","","18","","7","","32.2","","100.66","","","","","","Mostly Cloudy"
"-124.90","49.72","COMOX A","1021830","2018-06-13 10:00","2018","06","13","10:00","16.3","","9.8","","65","","","","30","","7","","32.2","","100.72","","","","","","Cloudy"
"-124.90","49.72","COMOX A","1021830","2018-06-13 11:00","2018","06","13","11:00","14.8","","11.4","","80","","","","6","","13","","32.2","","100.80","","","","","","Rain"
"-124.90","49.72","COMOX A","1021830","2018-06-13 12:00","2018","06","13","12:00","16.9","","12.1","","73","","","","4","","13","","32.2","","100.83","","","","","","Mostly Cloudy"
"-124.90","49.72","COMOX A","1021830","2018-06-13 13:00","2018","06","13","13:00","13.6","","12.0","","90","","","","34","","13","","24.1","","100.91","","","","","","Moderate Rain Showers"
"-124.90","49.72","COMOX A","1021830","2018-06-13 14:00","2018","06","13","14:00","15.6","","11.0","","74","","","","10","","9","","32.2","","100.94","","","","","","Rain Showers"
"-124.90","49.72","COMOX A","1021830","2018-06-13 15:00","2018","06","13","15:00","16.5","","11.3","","71","","","","7","","6","","32.2","","100.97","","","","","","Mostly Cloudy"
"-124.90","49.72","COMOX A","1021830","2018-06-13 16:00","2018","06","13","16:00","14.7","","12.1","","84","","","","1","","7","","32.2","","101.00","","","","","","Rain Showers"
"-124.90","49.72","COMOX A","1021830","2018-06-13 17:00","2018","06","13","17:00","14.6","","11.5","","82","","","","32","","6","","32.2","","101.01","","","","","","Rain Showers"
"-124.90","49.72","COMOX A","1021830","2018-06-13 18:00","2018","06","13","18:00","14.6","","12.8","","89","","","","29","","7","","32.2","","101.04","","","","","","Rain Showers"
"-124.90","49.72","COMOX A","1021830","2018-06-13 19:00","2018","06","13","19:00","14.1","","11.7","","85","","","","29","","7","","32.2","","101.05","","","","","","Rain Showers"
"-124.90","49.72","COMOX A","1021830","2018-06-13 20:00","2018","06","13","20:00","13.9","","12.0","","88","","","","30","","7","","32.2","","101.09","","","","","","Mostly Cloudy"
"-124.90","49.72","COMOX A","1021830","2018-06-13 21:00","2018","06","13","21:00","13.6","","12.0","","90","","","","31","","4","","32.2","","101.14","","","","","","Mostly Cloudy"
"-124.90","49.72","COMOX A","1021830","2018-06-13 22:00","2018","06","13","22:00","13.4","","12.2","","92","","","","33","","4","","32.2","","101.19","","","","","","Mostly Cloudy"
"-124.90","49.72","COMOX A","1021830","2018-06-13 23:00","2018","06","13","23:00","13.1","","12.0","","93","","","","33","","6","","32.2","","101.21","","","","","","Mostly Cloudy"
"-124.90","49.72","COMOX A","1021830","2018-06-14 00:00","2018","06","14","00:00","12.7","","11.8","","94","","","","29","","6","","32.2","","101.24","","","","","","Mostly Cloudy"
"-124.90","49.72","COMOX A","1021830","2018-06-14 01:00","2018","06","14","01:00","12.3","","11.4","","94","","","","27","","6","","32.2","","101.24","","","","","","Mostly Cloudy"
"-124.90","49.72","COMOX A","1021830","2018-06-14 02:00","2018","06","14","02:00","12.3","","11.2","","93","","","","","","0","","32.2","","101.28","","","","","","Mostly Cloudy"
"-124.90","49.72","COMOX A","1021830","2018-06-14 03:00","2018","06","14","03:00","12.6","","10.0","","84","","","","26","","4","","32.2","","101.31","","","","","","Mostly Cloudy"
"-124.90","49.72","COMOX A","1021830","2018-06-14 04:00","2018","06","14","04:00","12.7","","8.3","","75","","","","28","","9","","32.2","","101.32","","","","","","Mostly Cloudy"
"-124.90","49.72","COMOX A","1021830","2018-06-14 05:00","2018","06","14","05:00","12.1","","8.4","","78","","","","27","","6","","32.2","","101.36","","","","","","Mostly Cloudy"
"-124.90","49.72","COMOX A","1021830","2018-06-14 06:00","2018","06","14","06:00","13.4","","8.2","","71","","","","26","","11","","32.2","","101.37","","","","","","Mostly Cloudy"
"-124.90","49.72","COMOX A","1021830","2018-06-14 07:00","2018","06","14","07:00","15.3","","8.3","","63","","","","29","","6","","32.2","","101.39","","","","","","Mainly Clear"
"-124.90","49.72","COMOX A","1021830","2018-06-14 08:00","2018","06","14","08:00","16.1","","10.5","","69","","","","5","","9","","32.2","","101.44","","","","","","Mainly Clear"
"-124.90","49.72","COMOX A","1021830","2018-06-14 09:00","2018","06","14","09:00","16.7","","10.7","","68","","","","7","","9","","32.2","","101.45","","","","","","Mostly Cloudy"
"-124.90","49.72","COMOX A","1021830","2018-06-14 10:00","2018","06","14","10:00","16.9","","9.8","","63","","","","9","","15","","32.2","","101.47","","","","","","Mostly Cloudy"
"-124.90","49.72","COMOX A","1021830","2018-06-14 11:00","2018","06","14","11:00","18.1","","10.3","","60","","","","10","","9","","32.2","","101.49","","","","","","Mostly Cloudy"
"-124.90","49.72","COMOX A","1021830","2018-06-14 12:00","2018","06","14","12:00","17.9","","10.1","","60","","","","11","","7","","32.2","","101.49","","","","","","Mostly Cloudy"
"-124.90","49.72","COMOX A","1021830","2018-06-14 13:00","2018","06","14","13:00","17.6","","10.4","","63","","","","8","","9","","32.2","","101.48","","","","","","Mostly Cloudy"
"-124.90","49.72","COMOX A","1021830","2018-06-14 14:00","2018","06","14","14:00","17.3","","10.4","","64","","","","7","","9","","32.2","","101.47","","","","","","Mostly Cloudy"
"-124.90","49.72","COMOX A","1021830","2018-06-14 15:00","2018","06","14","15:00","17.7","","9.8","","60","","","","9","","7","","32.2","","101.46","","","","","","Cloudy"
"-124.90","49.72","COMOX A","1021830","2018-06-14 16:00","2018","06","14","16:00","18.1","","10.4","","61","","","","11","","11","","32.2","","101.42","","","","","","Mostly Cloudy"
"-124.90","49.72","COMOX A","1021830","2018-06-14 17:00","2018","06","14","17:00","18.9","","10.0","","56","","","","14","","11","","32.2","","101.39","","","","","","Mostly Cloudy"
"-124.90","49.72","COMOX A","1021830","2018-06-14 18:00","2018","06","14","18:00","17.6","","11.0","","65","","","","14","","9","","32.2","","101.36","","","","","","Mostly Cloudy"
"-124.90","49.72","COMOX A","1021830","2018-06-14 19:00","2018","06","14","19:00","16.0","","11.4","","74","","","","16","","7","","32.2","","101.35","","","","","","Mostly Cloudy"
"-124.90","49.72","COMOX A","1021830","2018-06-14 20:00","2018","06","14","20:00","15.1","","11.5","","79","","","","17","","6","","32.2","","101.34","","","","","","Mainly Clear"
"-124.90","49.72","COMOX A","1021830","2018-06-14 21:00","2018","06","14","21:00","13.9","","11.6","","86","","","","","","0","","32.2","","101.36","","","","","","Mostly Cloudy"
"-124.90","49.72","COMOX A","1021830","2018-06-14 22:00","2018","06","14","22:00","13.4","","11.5","","88","","","","","","0","","32.2","","101.36","","","","","","Mostly Cloudy"
"-124.90","49.72","COMOX A","1021830","2018-06-14 23:00","2018","06","14","23:00","13.4","","11.5","","88","","","","","","0","","32.2","","101.34","","","","","","Mostly Cloudy"
"-124.90","49.72","COMOX A","1021830","2018-06-15 00:00","2018","06","15","00:00","13.2","","11.3","","88","","","","35","","6","","32.2","","101.35","","","","","","Mostly Cloudy"
"-124.90","49.72","COMOX A","1021830","2018-06-15 01:00","2018","06","15","01:00","13.4","","11.0","","85","","","","32","","9","","32.2","","101.32","","","","","","Mostly Cloudy"
"-124.90","49.72","COMOX A","1021830","2018-06-15 02:00","2018","06","15","02:00","12.1","","11.4","","95","","","","34","","13","","32.2","","101.32","","","","","","Mainly Clear"
"-124.90","49.72","COMOX A","1021830","2018-06-15 03:00","2018","06","15","03:00","12.3","","11.1","","92","","","","33","","11","","32.2","","101.33","","","","","","Mainly Clear"
"-124.90","49.72","COMOX A","1021830","2018-06-15 04:00","2018","06","15","04:00","12.1","","10.8","","92","","","","33","","17","","32.2","","101.33","","","","","","Mainly Clear"
"-124.90","49.72","COMOX A","1021830","2018-06-15 05:00","2018","06","15","05:00","12.6","","10.6","","88","","","","34","","15","","32.2","","101.30","","","","","","Mostly Cloudy"
"-124.90","49.72","COMOX A","1021830","2018-06-15 06:00","2018","06","15","06:00","14.0","","10.9","","82","","","","34","","17","","32.2","","101.31","","","","","","Mainly Clear"
"-124.90","49.72","COMOX A","1021830","2018-06-15 07:00","2018","06","15","07:00","14.7","","10.8","","77","","","","34","","19","","32.2","","101.32","","","","","","Mainly Clear"
"-124.90","49.72","COMOX A","1021830","2018-06-15 08:00","2018","06","15","08:00","15.6","","10.8","","73","","","","35","","19","","32.2","","101.32","","","","","","Mainly Clear"
"-124.90","49.72","COMOX A","1021830","2018-06-15 09:00","2018","06","15","09:00","16.4","","10.7","","69","","","","36","","26","","32.2","","101.30","","","","","","Mainly Clear"
"-124.90","49.72","COMOX A","1021830","2018-06-15 10:00","2018","06","15","10:00","17.1","","10.9","","67","","","","36","","24","","32.2","","101.28","","","","","","Mainly Clear"
"-124.90","49.72","COMOX A","1021830","2018-06-15 11:00","2018","06","15","11:00","17.6","","10.7","","64","","","","36","","24","","32.2","","101.26","","","","","","Mainly Clear"
"-124.90","49.72","COMOX A","1021830","2018-06-15 12:00","2018","06","15","12:00","18.3","","10.7","","61","","","","36","","26","","32.2","","101.23","","","","","","Mainly Clear"
"-124.90","49.72","COMOX A","1021830","2018-06-15 13:00","2018","06","15","13:00","19.2","","10.1","","56","","","","36","","24","","32.2","","101.20","","","","","","Mainly Clear"
"-124.90","49.72","COMOX A","1021830","2018-06-15 14:00","2018","06","15","14:00","19.9","","10.7","","55","","","","36","","19","","32.2","","101.16","","","","","","Mainly Clear"
"-124.90","49.72","COMOX A","1021830","2018-06-15 15:00","2018","06","15","15:00","19.7","","10.2","","54","","","","35","","19","","32.2","","101.10","","","","","","Mainly Clear"
"-124.90","49.72","COMOX A","1021830","2018-06-15 16:00","2018","06","15","16:00","19.4","","9.6","","53","","","","35","","30","","32.2","","101.04","","","","","","Mainly Clear"
"-124.90","49.72","COMOX A","1021830","2018-06-15 17:00","2018","06","15","17:00","18.3","","10.3","","60","","","","36","","24","","32.2","","101.02","","","","","","Mainly Clear"
"-124.90","49.72","COMOX A","1021830","2018-06-15 18:00","2018","06","15","18:00","18.2","","9.4","","56","","","","36","","28","","32.2","","100.99","","","","","","Mainly Clear"
"-124.90","49.72","COMOX A","1021830","2018-06-15 19:00","2018","06","15","19:00","16.9","","8.7","","58","","","","35","","33","","32.2","","100.99","","","","","","Mainly Clear"
"-124.90","49.72","COMOX A","1021830","2018-06-15 20:00","2018","06","15","20:00","15.6","","8.4","","62","","","","33","","30","","32.2","","101.01","","","","","","Mainly Clear"
"-124.90","49.72","COMOX A","1021830","2018-06-15 21:00","2018","06","15","21:00","15.3","","6.1","","54","","","","32","","22","","32.2","","101.03","","","","","","Mainly Clear"
"-124.90","49.72","COMOX A","1021830","2018-06-15 22:00","2018","06","15","22:00","14.7","","5.8","","55","","","","32","","24","","32.2","","101.07","","","","","","Mainly Clear"
"-124.90","49.72","COMOX A","1021830","2018-06-15 23:00","2018","06","15","23:00","14.4","","6.3","","58","","","","32","","28","","32.2","","101.13","","","","","","Mainly Clear"
"-124.90","49.72","COMOX A","1021830","2018-06-16 00:00","2018","06","16","00:00","14.3","","7.0","","61","","","","33","","28","","32.2","","101.23","","","","","","Mostly Cloudy"
"-124.90","49.72","COMOX A","1021830","2018-06-16 01:00","2018","06","16","01:00","13.9","","7.4","","65","","","","33","","28","","32.2","","101.27","","","","","","Mainly Clear"
"-124.90","49.72","COMOX A","1021830","2018-06-16 02:00","2018","06","16","02:00","13.7","","8.1","","69","","","","33","","15","","32.2","","101.31","","","","","","Mainly Clear"
"-124.90","49.72","COMOX A","1021830","2018-06-16 03:00","2018","06","16","03:00","13.2","","9.1","","76","","","","33","","22","","32.2","","101.32","","","","","","Mainly Clear"
"-124.90","49.72","COMOX A","1021830","2018-06-16 04:00","2018","06","16","04:00","12.8","","9.3","","79","","","","34","","28","","32.2","","101.35","","","","","","Clear"
"-124.90","49.72","COMOX A","1021830","2018-06-16 05:00","2018","06","16","05:00","12.9","","9.4","","79","","","","34","","22","","32.2","","101.40","","","","","","Clear"
"-124.90","49.72","COMOX A","1021830","2018-06-16 06:00","2018","06","16","06:00","13.6","","9.4","","76","","","","33","","20","","32.2","","101.41","","","","","","Clear"
"-124.90","49.72","COMOX A","1021830","2018-06-16 07:00","2018","06","16","07:00","14.9","","9.8","","72","","","","34","","26","","32.2","","101.40","","","","","","Clear"
"-124.90","49.72","COMOX A","1021830","2018-06-16 08:00","2018","06","16","08:00","16.2","","10.2","","68","","","","35","","26","","32.2","","101.43","","","","","","Clear"
"-124.90","49.72","COMOX A","1021830","2018-06-16 09:00","2018","06","16","09:00","17.1","","11.0","","67","","","","35","","17","","32.2","","101.44","","","","","","Clear"
"-124.90","49.72","COMOX A","1021830","2018-06-16 10:00","2018","06","16","10:00","19.4","","10.2","","55","","","","35","","20","","32.2","","101.41","","","","","","Clear"
"-124.90","49.72","COMOX A","1021830","2018-06-16 11:00","2018","06","16","11:00","21.0","","10.4","","51","","","","34","","20","","32.2","","101.41","","","","","","Clear"
"-124.90","49.72","COMOX A","1021830","2018-06-16 12:00","2018","06","16","12:00","23.1","","9.8","","43","","","","34","","20","","32.2","","101.38","","","","","","Clear"
"-124.90","49.72","COMOX A","1021830","2018-06-16 13:00","2018","06","16","13:00","24.5","","8.7","","37","","","","34","","22","","32.2","","101.35","","25","","","","Clear"
"-124.90","49.72","COMOX A","1021830","2018-06-16 14:00","2018","06","16","14:00","26.4","","7.5","","30","","","","35","","24","","32.2","","101.32","","27","","","","Clear"
"-124.90","49.72","COMOX A","1021830","2018-06-16 15:00","2018","06","16","15:00","27.0","","6.8","","28","","","","35","","22","","32.2","","101.29","","27","","","","Clear"
"-124.90","49.72","COMOX A","1021830","2018-06-16 16:00","2018","06","16","16:00","27.7","","6.6","","26","","","","35","","22","","32.2","","101.25","","28","","","","Clear"
"-124.90","49.72","COMOX A","1021830","2018-06-16 17:00","2018","06","16","17:00","27.8","","7.5","","28","","","","35","","19","","32.2","","101.21","","28","","","","Clear"
"-124.90","49.72","COMOX A","1021830","2018-06-16 18:00","2018","06","16","18:00","27.8","","6.3","","26","","","","34","","20","","32.2","","101.18","","28","","","","Clear"
"-124.90","49.72","COMOX A","1021830","2018-06-16 19:00","2018","06","16","19:00","27.5","","5.5","","25","","","","33","","17","","32.2","","101.17","","27","","","","Clear"
"-124.90","49.72","COMOX A","1021830","2018-06-16 20:00","2018","06","16","20:00","26.2","","6.6","","29","","","","33","","11","","32.2","","101.16","","26","","","","Clear"
"-124.90","49.72","COMOX A","1021830","2018-06-16 21:00","2018","06","16","21:00","23.4","","7.0","","35","","","","33","","11","","32.2","","101.19","","","","","","Clear"
"-124.90","49.72","COMOX A","1021830","2018-06-16 22:00","2018","06","16","22:00","18.9","","10.4","","58","","","","35","","15","","32.2","","101.21","","","","","","Clear"
"-124.90","49.72","COMOX A","1021830","2018-06-16 23:00","2018","06","16","23:00","18.9","","9.1","","53","","","","34","","22","","32.2","","101.23","","","","","","Clear"
"-124.90","49.72","COMOX A","1021830","2018-06-17 00:00","2018","06","17","00:00","18.0","","8.8","","55","","","","34","","20","","32.2","","101.25","","","","","","Clear"
"-124.90","49.72","COMOX A","1021830","2018-06-17 01:00","2018","06","17","01:00","17.4","","8.2","","55","","","","33","","13","","32.2","","101.28","","","","","","Clear"
"-124.90","49.72","COMOX A","1021830","2018-06-17 02:00","2018","06","17","02:00","15.7","","9.6","","67","","","","34","","17","","32.2","","101.28","","","","","","Clear"
"-124.90","49.72","COMOX A","1021830","2018-06-17 03:00","2018","06","17","03:00","15.3","","9.0","","66","","","","31","","6","","32.2","","101.28","","","","","","Mainly Clear"
"-124.90","49.72","COMOX A","1021830","2018-06-17 04:00","2018","06","17","04:00","14.7","","8.6","","67","","","","32","","7","","32.2","","101.29","","","","","","Mainly Clear"
"-124.90","49.72","COMOX A","1021830","2018-06-17 05:00","2018","06","17","05:00","14.7","","8.6","","67","","","","32","","6","","32.2","","101.31","","","","","","Clear"
"-124.90","49.72","COMOX A","1021830","2018-06-17 06:00","2018","06","17","06:00","16.7","","9.5","","62","","","","33","","11","","32.2","","101.33","","","","","","Clear"
"-124.90","49.72","COMOX A","1021830","2018-06-17 07:00","2018","06","17","07:00","17.9","","9.9","","59","","","","35","","20","","32.2","","101.30","","","","","","Mainly Clear"
"-124.90","49.72","COMOX A","1021830","2018-06-17 08:00","2018","06","17","08:00","19.1","","9.5","","54","","","","35","","15","","32.2","","101.27","","","","","","Mostly Cloudy"
"-124.90","49.72","COMOX A","1021830","2018-06-17 09:00","2018","06","17","09:00","21.1","","10.3","","50","","","","34","","17","","32.2","","101.24","","","","","","Mostly Cloudy"
"-124.90","49.72","COMOX A","1021830","2018-06-17 10:00","2018","06","17","10:00","22.4","","10.8","","48","","","","34","","13","","32.2","","101.20","","","","","","Mostly Cloudy"
"-124.90","49.72","COMOX A","1021830","2018-06-17 11:00","2018","06","17","11:00","24.0","","10.7","","43","","","","34","","13","","32.2","","101.14","","26","","","","Mostly Cloudy"
"-124.90","49.72","COMOX A","1021830","2018-06-17 12:00","2018","06","17","12:00","24.8","","10.5","","41","","","","34","","19","","32.2","","101.10","","26","","","","Cloudy"
"-124.90","49.72","COMOX A","1021830","2018-06-17 13:00","2018","06","17","13:00","26.0","","11.0","","39","","","","35","","19","","32.2","","101.05","","28","","","","Mostly Cloudy"
"-124.90","49.72","COMOX A","1021830","2018-06-17 14:00","2018","06","17","14:00","27.5","","10.5","","35","","","","34","","17","","32.2","","101.00","","29","","","","Mostly Cloudy"
"-124.90","49.72","COMOX A","1021830","2018-06-17 15:00","2018","06","17","15:00","28.8","","10.4","","32","","","","34","","17","","32.2","","100.96","","30","","","","Mainly Clear"
"-124.90","49.72","COMOX A","1021830","2018-06-17 16:00","2018","06","17","16:00","30.2","","9.8","","28","","","","34","","15","","32.2","","100.91","","31","","","","Mainly Clear"
"-124.90","49.72","COMOX A","1021830","2018-06-17 17:00","2018","06","17","17:00","30.5","","9.1","","26","","","","35","","17","","32.2","","100.85","","31","","","","Mainly Clear"
"-124.90","49.72","COMOX A","1021830","2018-06-17 18:00","2018","06","17","18:00","30.7","","7.6","","24","","","","35","","15","","32.2","","100.83","","31","","","","Mainly Clear"
"-124.90","49.72","COMOX A","1021830","2018-06-17 19:00","2018","06","17","19:00","28.8","","9.1","","29","","","","34","","17","","32.2","","100.80","","30","","","","Clear"
"-124.90","49.72","COMOX A","1021830","2018-06-17 20:00","2018","06","17","20:00","25.3","","9.6","","37","","","","34","","24","","32.2","","100.82","","26","","","","Clear"
"-124.90","49.72","COMOX A","1021830","2018-06-17 21:00","2018","06","17","21:00","22.3","","10.0","","46","","","","34","","19","","32.2","","100.88","","","","","","Clear"
"-124.90","49.72","COMOX A","1021830","2018-06-17 22:00","2018","06","17","22:00","20.5","","10.2","","52","","","","33","","20","","32.2","","100.91","","","","","","Clear"
"-124.90","49.72","COMOX A","1021830","2018-06-17 23:00","2018","06","17","23:00","19.7","","10.3","","55","","","","34","","26","","32.2","","100.94","","","","","","Clear"
"-124.90","49.72","COMOX A","1021830","2018-06-18 00:00","2018","06","18","00:00","18.3","","10.6","","61","","","","34","","15","","32.2","","101.00","","","","","","Clear"
"-124.90","49.72","COMOX A","1021830","2018-06-18 01:00","2018","06","18","01:00","17.9","","10.4","","61","","","","33","","20","","32.2","","101.02","","","","","","Clear"
"-124.90","49.72","COMOX A","1021830","2018-06-18 02:00","2018","06","18","02:00","18.2","","10.1","","59","","","","33","","13","","32.2","","101.04","","","","","","Clear"
"-124.90","49.72","COMOX A","1021830","2018-06-18 03:00","2018","06","18","03:00","17.8","","10.0","","60","","","","31","","11","","32.2","","101.05","","","","","","Clear"
"-124.90","49.72","COMOX A","1021830","2018-06-18 04:00","2018","06","18","04:00","16.1","","11.1","","72","","","","33","","9","","32.2","","101.07","","","","","","Clear"
"-124.90","49.72","COMOX A","1021830","2018-06-18 05:00","2018","06","18","05:00","15.3","","10.2","","72","","","","29","","4","","32.2","","101.10","","","","","","Clear"
"-124.90","49.72","COMOX A","1021830","2018-06-18 06:00","2018","06","18","06:00","18.1","","10.4","","61","","","","30","","4","","32.2","","101.10","","","","","","Clear"
"-124.90","49.72","COMOX A","1021830","2018-06-18 07:00","2018","06","18","07:00","19.3","","11.9","","62","","","","33","","17","","32.2","","101.13","","","","","","Mainly Clear"
"-124.90","49.72","COMOX A","1021830","2018-06-18 08:00","2018","06","18","08:00","20.9","","12.8","","60","","","","34","","13","","32.2","","101.12","","","","","","Clear"
"-124.90","49.72","COMOX A","1021830","2018-06-18 09:00","2018","06","18","09:00","23.1","","12.9","","53","","","","35","","9","","32.2","","101.13","","26","","","","Clear"
"-124.90","49.72","COMOX A","1021830","2018-06-18 10:00","2018","06","18","10:00","25.2","","13.4","","48","","","","34","","9","","32.2","","101.13","","28","","","","Clear"
"-124.90","49.72","COMOX A","1021830","2018-06-18 11:00","2018","06","18","11:00","26.6","","12.1","","41","","","","6","","6","","32.2","","101.10","","29","","","","Clear"
"-124.90","49.72","COMOX A","1021830","2018-06-18 12:00","2018","06","18","12:00","28.2","","11.0","","34","","","","36","","7","","32.2","","101.05","","30","","","","Mainly Clear"
"-124.90","49.72","COMOX A","1021830","2018-06-18 13:00","2018","06","18","13:00","29.2","","11.1","","33","","","","3","","11","","32.2","","101.01","","31","","","","Mainly Clear"
"-124.90","49.72","COMOX A","1021830","2018-06-18 14:00","2018","06","18","14:00","29.2","","14.2","","40","","","","9","","9","","32.2","","100.99","","33","","","","Mainly Clear"
"-124.90","49.72","COMOX A","1021830","2018-06-18 15:00","2018","06","18","15:00","31.9","","11.8","","29","","","","8","","6","","32.2","","100.95","","34","","","","Clear"
"-124.90","49.72","COMOX A","1021830","2018-06-18 16:00","2018","06","18","16:00","33.3","","13.6","","30","","","","13","","6","","32.2","","100.93","","36","","","","Clear"
"-124.90","49.72","COMOX A","1021830","2018-06-18 17:00","2018","06","18","17:00","33.8","","11.5","","26","","","","14","","7","","32.2","","100.89","","36","","","","Clear"
"-124.90","49.72","COMOX A","1021830","2018-06-18 18:00","2018","06","18","18:00","32.9","","10.1","","25","","","","12","","6","","32.2","","100.88","","34","","","","Clear"
"-124.90","49.72","COMOX A","1021830","2018-06-18 19:00","2018","06","18","19:00","29.9","","12.3","","34","","","","20","","6","","32.2","","100.87","","32","","","","Clear"
"-124.90","49.72","COMOX A","1021830","2018-06-18 20:00","2018","06","18","20:00","26.4","","14.5","","48","","","","20","","6","","32.2","","100.89","","30","","","","Clear"
"-124.90","49.72","COMOX A","1021830","2018-06-18 21:00","2018","06","18","21:00","22.8","","13.1","","54","","","","","","0","","32.2","","100.92","","26","","","","Clear"
"-124.90","49.72","COMOX A","1021830","2018-06-18 22:00","2018","06","18","22:00","23.5","","15.0","","59","","","","36","","20","","32.2","","100.93","","27","","","","Clear"
"-124.90","49.72","COMOX A","1021830","2018-06-18 23:00","2018","06","18","23:00","21.0","","13.1","","61","","","","32","","7","","32.2","","100.99","","","","","","Clear"
"-124.90","49.72","COMOX A","1021830","2018-06-19 00:00","2018","06","19","00:00","20.9","","12.0","","57","","","","32","","6","","32.2","","101.05","","","","","","Clear"
"-124.90","49.72","COMOX A","1021830","2018-06-19 01:00","2018","06","19","01:00","20.0","","12.3","","61","","","","27","","6","","32.2","","101.06","","","","","","Mainly Clear"
"-124.90","49.72","COMOX A","1021830","2018-06-19 02:00","2018","06","19","02:00","18.7","","12.7","","68","","","","21","","4","","32.2","","101.13","","","","","","Mainly Clear"
"-124.90","49.72","COMOX A","1021830","2018-06-19 03:00","2018","06","19","03:00","18.6","","11.6","","64","","","","29","","9","","32.2","","101.17","","","","","","Mainly Clear"
"-124.90","49.72","COMOX A","1021830","2018-06-19 04:00","2018","06","19","04:00","17.1","","12.2","","73","","","","21","","6","","32.2","","101.21","","","","","","Mainly Clear"
"-124.90","49.72","COMOX A","1021830","2018-06-19 05:00","2018","06","19","05:00","17.7","","13.9","","78","","","","17","","11","","32.2","","101.28","","","","","","Mostly Cloudy"
"-124.90","49.72","COMOX A","1021830","2018-06-19 06:00","2018","06","19","06:00","18.5","","14.5","","78","","","","16","","15","","32.2","","101.34","","","","","","Mostly Cloudy"
"-124.90","49.72","COMOX A","1021830","2018-06-19 07:00","2018","06","19","07:00","20.2","","13.5","","65","","","","14","","13","","32.2","","101.38","","","","","","Mostly Cloudy"
"-124.90","49.72","COMOX A","1021830","2018-06-19 08:00","2018","06","19","08:00","20.7","","13.0","","61","","","","16","","13","","32.2","","101.41","","","","","","Mostly Cloudy"
"-124.90","49.72","COMOX A","1021830","2018-06-19 09:00","2018","06","19","09:00","20.6","","13.4","","63","","","","15","","13","","32.2","","101.43","","","","","","Mostly Cloudy"
"-124.90","49.72","COMOX A","1021830","2018-06-19 10:00","2018","06","19","10:00","22.8","","13.8","","57","","","","16","","13","","32.2","","101.43","","26","","","","Mainly Clear"
"-124.90","49.72","COMOX A","1021830","2018-06-19 11:00","2018","06","19","11:00","24.1","","13.0","","50","","","","13","","15","","32.2","","101.43","","27","","","","Mainly Clear"
"-124.90","49.72","COMOX A","1021830","2018-06-19 12:00","2018","06","19","12:00","24.4","","12.6","","48","","","","14","","19","","32.2","","101.39","","27","","","","Mainly Clear"
"-124.90","49.72","COMOX A","1021830","2018-06-19 13:00","2018","06","19","13:00","24.1","","12.6","","49","","","","14","","17","","32.2","","101.37","","27","","","","Mainly Clear"
"-124.90","49.72","COMOX A","1021830","2018-06-19 14:00","2018","06","19","14:00","25.9","","11.9","","42","","","","14","","15","","32.2","","101.32","","28","","","","Clear"
"-124.90","49.72","COMOX A","1021830","2018-06-19 15:00","2018","06","19","15:00","26.1","","12.7","","43","","","","14","","13","","32.2","","101.29","","29","","","","Mainly Clear"
"-124.90","49.72","COMOX A","1021830","2018-06-19 16:00","2018","06","19","16:00","26.1","","12.4","","43","","","","14","","11","","32.2","","101.23","","29","","","","Mainly Clear"
"-124.90","49.72","COMOX A","1021830","2018-06-19 17:00","2018","06","19","17:00","25.8","","12.6","","44","","","","15","","9","","32.2","","101.18","","28","","","","Mainly Clear"
"-124.90","49.72","COMOX A","1021830","2018-06-19 18:00","2018","06","19","18:00","25.8","","13.8","","47","","","","10","","6","","32.2","","101.13","","29","","","","Mainly Clear"
"-124.90","49.72","COMOX A","1021830","2018-06-19 19:00","2018","06","19","19:00","24.3","","12.3","","47","","","","9","","4","","32.2","","101.15","","27","","","","Mainly Clear"
"-124.90","49.72","COMOX A","1021830","2018-06-19 20:00","2018","06","19","20:00","23.1","","12.9","","53","","","","18","","4","","32.2","","101.11","","26","","","","Mainly Clear"
"-124.90","49.72","COMOX A","1021830","2018-06-19 21:00","2018","06","19","21:00","19.4","","14.5","","73","","","","11","","9","","32.2","","101.15","","","","","","Mainly Clear"
"-124.90","49.72","COMOX A","1021830","2018-06-19 22:00","2018","06","19","22:00","18.3","","14.5","","79","","","","18","","4","","32.2","","101.20","","","","","","Mainly Clear"
"-124.90","49.72","COMOX A","1021830","2018-06-19 23:00","2018","06","19","23:00","17.6","","14.2","","80","","","","","","0","","32.2","","101.20","","","","","","Mainly Clear"
"-124.90","49.72","COMOX A","1021830","2018-06-20 00:00","2018","06","20","00:00","16.4","","13.8","","85","","","","","","0","","32.2","","101.21","","","","","","Clear"
"-124.90","49.72","COMOX A","1021830","2018-06-20 01:00","2018","06","20","01:00","16.1","","13.5","","85","","","","","","0","","32.2","","101.25","","","","","","Clear"
"-124.90","49.72","COMOX A","1021830","2018-06-20 02:00","2018","06","20","02:00","15.3","","13.2","","87","","","","","","0","","32.2","","101.25","","","","","","Mainly Clear"
"-124.90","49.72","COMOX A","1021830","2018-06-20 03:00","2018","06","20","03:00","14.8","","13.0","","89","","","","","","0","","32.2","","101.26","","","","","","Mainly Clear"
"-124.90","49.72","COMOX A","1021830","2018-06-20 04:00","2018","06","20","04:00","16.0","","13.6","","86","","","","31","","7","","32.2","","101.23","","","","","","Mostly Cloudy"
"-124.90","49.72","COMOX A","1021830","2018-06-20 05:00","2018","06","20","05:00","16.3","","14.0","","86","","","","34","","7","","32.2","","101.24","","","","","","Mostly Cloudy"
"-124.90","49.72","COMOX A","1021830","2018-06-20 06:00","2018","06","20","06:00","16.7","","13.6","","82","","","","36","","7","","32.2","","101.27","","","","","","Mainly Clear"
"-124.90","49.72","COMOX A","1021830","2018-06-20 07:00","2018","06","20","07:00","20.1","","14.4","","70","","","","33","","4","","32.2","","101.23","","","","","","Mostly Cloudy"
"-124.90","49.72","COMOX A","1021830","2018-06-20 08:00","2018","06","20","08:00","21.2","","13.9","","63","","","","36","","11","","32.2","","101.24","","25","","","","Mostly Cloudy"
"-124.90","49.72","COMOX A","1021830","2018-06-20 09:00","2018","06","20","09:00","21.1","","13.8","","63","","","","1","","9","","32.2","","101.22","","","","","","Mostly Cloudy"
"-124.90","49.72","COMOX A","1021830","2018-06-20 10:00","2018","06","20","10:00","23.2","","13.9","","56","","","","2","","7","","32.2","","101.21","","27","","","","Mostly Cloudy"
"-124.90","49.72","COMOX A","1021830","2018-06-20 11:00","2018","06","20","11:00","23.6","","13.7","","54","","","","2","","7","","32.2","","101.18","","27","","","","Mostly Cloudy"
"-124.90","49.72","COMOX A","1021830","2018-06-20 12:00","2018","06","20","12:00","24.9","","13.8","","50","","","","7","","9","","32.2","","101.14","","28","","","","Mostly Cloudy"
"-124.90","49.72","COMOX A","1021830","2018-06-20 13:00","2018","06","20","13:00","25.1","","13.9","","50","","","","7","","11","","32.2","","101.10","","28","","","","Mostly Cloudy"
"-124.90","49.72","COMOX A","1021830","2018-06-20 14:00","2018","06","20","14:00","26.8","","13.3","","43","","","","9","","7","","32.2","","101.03","","30","","","","Mostly Cloudy"
"-124.90","49.72","COMOX A","1021830","2018-06-20 15:00","2018","06","20","15:00","27.8","","13.4","","41","","","","11","","9","","32.2","","100.96","","31","","","","Mostly Cloudy"
"-124.90","49.72","COMOX A","1021830","2018-06-20 16:00","2018","06","20","16:00","28.3","","13.0","","39","","","","6","","9","","32.2","","100.90","","31","","","","Mostly Cloudy"
"-124.90","49.72","COMOX A","1021830","2018-06-20 17:00","2018","06","20","17:00","29.4","","11.9","","34","","","","8","","6","","32.2","","100.85","","32","","","","Mainly Clear"
"-124.90","49.72","COMOX A","1021830","2018-06-20 18:00","2018","06","20","18:00","31.2","","12.8","","33","","","","","","0","","32.2","","100.83","","34","","","","Mostly Cloudy"
"-124.90","49.72","COMOX A","1021830","2018-06-20 19:00","2018","06","20","19:00","25.6","","13.5","","47","","","","18","","6","","32.2","","100.85","","29","","","","Mostly Cloudy"
"-124.90","49.72","COMOX A","1021830","2018-06-20 20:00","2018","06","20","20:00","23.8","","13.3","","52","","","","20","","6","","32.2","","100.83","","27","","","","Mostly Cloudy"
"-124.90","49.72","COMOX A","1021830","2018-06-20 21:00","2018","06","20","21:00","20.8","","14.0","","65","","","","18","","4","","32.2","","100.85","","","","","","Mainly Clear"
"-124.90","49.72","COMOX A","1021830","2018-06-20 22:00","2018","06","20","22:00","20.9","","12.4","","58","","","","25","","6","","32.2","","100.87","","","","","","Mainly Clear"
"-124.90","49.72","COMOX A","1021830","2018-06-20 23:00","2018","06","20","23:00","19.6","","14.0","","70","","","","27","","4","","32.2","","100.90","","","","","","Mainly Clear"
"-124.90","49.72","COMOX A","1021830","2018-06-21 00:00","2018","06","21","00:00","18.4","","14.4","","78","","","","","","0","","32.2","","100.94","","","","","","Mostly Cloudy"
"-124.90","49.72","COMOX A","1021830","2018-06-21 01:00","2018","06","21","01:00","18.2","","14.6","","80","","","","","","0","","32.2","","100.98","","","","","","Mainly Clear"
"-124.90","49.72","COMOX A","1021830","2018-06-21 02:00","2018","06","21","02:00","17.8","","14.6","","82","","","","33","","6","","32.2","","101.03","","","","","","Mainly Clear"
"-124.90","49.72","COMOX A","1021830","2018-06-21 03:00","2018","06","21","03:00","17.0","","14.3","","84","","","","","","0","","32.2","","101.08","","","","","","Mainly Clear"
"-124.90","49.72","COMOX A","1021830","2018-06-21 04:00","2018","06","21","04:00","16.2","","14.1","","87","","","","","","0","","32.2","","101.11","","","","","","Mainly Clear"
"-124.90","49.72","COMOX A","1021830","2018-06-21 05:00","2018","06","21","05:00","16.3","","13.9","","86","","","","","","0","","32.2","","101.17","","","","","","Mainly Clear"
"-124.90","49.72","COMOX A","1021830","2018-06-21 06:00","2018","06","21","06:00","18.5","","13.9","","75","","","","23","","6","","32.2","","101.25","","","","","","Mainly Clear"
"-124.90","49.72","COMOX A","1021830","2018-06-21 07:00","2018","06","21","07:00","21.2","","14.0","","63","","","","","","0","","32.2","","101.30","","25","","","","Mainly Clear"
"-124.90","49.72","COMOX A","1021830","2018-06-21 08:00","2018","06","21","08:00","19.6","","14.8","","74","","","","14","","28","","32.2","","101.39","","","","","","Mainly Clear"
"-124.90","49.72","COMOX A","1021830","2018-06-21 09:00","2018","06","21","09:00","19.2","","13.9","","71","","","","14","","26","","32.2","","101.43","","","","","","Mainly Clear"
"-124.90","49.72","COMOX A","1021830","2018-06-21 10:00","2018","06","21","10:00","18.8","","13.8","","73","","","","14","","30","","32.2","","101.48","","","","","","Mainly Clear"
"-124.90","49.72","COMOX A","1021830","2018-06-21 11:00","2018","06","21","11:00","19.4","","13.4","","68","","","","15","","28","","32.2","","101.51","","","","","","Mainly Clear"
"-124.90","49.72","COMOX A","1021830","2018-06-21 12:00","2018","06","21","12:00","20.3","","13.3","","64","","","","14","","28","","32.2","","101.51","","","","","","Mainly Clear"
"-124.90","49.72","COMOX A","1021830","2018-06-21 13:00","2018","06","21","13:00","20.9","","12.9","","60","","","","14","","30","","32.2","","101.53","","","","","","Mainly Clear"
"-124.90","49.72","COMOX A","1021830","2018-06-21 14:00","2018","06","21","14:00","20.4","","13.5","","65","","","","14","","30","","32.2","","101.50","","","","","","Mainly Clear"
"-124.90","49.72","COMOX A","1021830","2018-06-21 15:00","2018","06","21","15:00","20.9","","12.6","","59","","","","14","","30","","32.2","","101.47","","","","","","Mostly Cloudy"
"-124.90","49.72","COMOX A","1021830","2018-06-21 16:00","2018","06","21","16:00","21.4","","12.8","","58","","","","15","","20","","32.2","","101.44","","","","","","Mostly Cloudy"
"-124.90","49.72","COMOX A","1021830","2018-06-21 17:00","2018","06","21","17:00","21.4","","13.5","","61","","","","16","","19","","32.2","","101.41","","","","","","Mainly Clear"
"-124.90","49.72","COMOX A","1021830","2018-06-21 18:00","2018","06","21","18:00","21.0","","13.6","","63","","","","15","","17","","32.2","","101.41","","","","","","Mainly Clear"
"-124.90","49.72","COMOX A","1021830","2018-06-21 19:00","2018","06","21","19:00","19.4","","13.3","","68","","","","15","","13","","32.2","","101.44","","","","","","Mainly Clear"
"-124.90","49.72","COMOX A","1021830","2018-06-21 20:00","2018","06","21","20:00","17.6","","13.4","","76","","","","16","","13","","32.2","","101.47","","","","","","Mainly Clear"
"-124.90","49.72","COMOX A","1021830","2018-06-21 21:00","2018","06","21","21:00","16.5","","13.6","","83","","","","12","","11","","32.2","","101.51","","","","","","Mainly Clear"
"-124.90","49.72","COMOX A","1021830","2018-06-21 22:00","2018","06","21","22:00","15.8","","12.7","","82","","","","36","","4","","32.2","","101.53","","","","","","Mainly Clear"
"-124.90","49.72","COMOX A","1021830","2018-06-21 23:00","2018","06","21","23:00","14.8","","12.7","","87","","","","35","","7","","32.2","","101.55","","","","","","Mostly Cloudy"
"-124.90","49.72","COMOX A","1021830","2018-06-22 00:00","2018","06","22","00:00","14.1","","12.6","","91","","","","35","","7","","32.2","","101.56","","","","","","Mainly Clear"
"-124.90","49.72","COMOX A","1021830","2018-06-22 01:00","2018","06","22","01:00","13.8","","12.7","","93","","","","35","","11","","32.2","","101.59","","","","","","Mainly Clear"
"-124.90","49.72","COMOX A","1021830","2018-06-22 02:00","2018","06","22","02:00","14.4","","13.0","","91","","","","34","","6","","32.2","","101.61","","","","","","Mostly Cloudy"
"-124.90","49.72","COMOX A","1021830","2018-06-22 03:00","2018","06","22","03:00","15.3","","13.2","","87","","","","28","","6","","32.2","","101.63","","","","","","Cloudy"
"-124.90","49.72","COMOX A","1021830","2018-06-22 04:00","2018","06","22","04:00","15.2","","13.2","","88","","","","4","","7","","32.2","","101.67","","","","","","Cloudy"
"-124.90","49.72","COMOX A","1021830","2018-06-22 05:00","2018","06","22","05:00","15.0","","11.6","","80","","","","34","","6","","32.2","","101.69","","","","","","Cloudy"
"-124.90","49.72","COMOX A","1021830","2018-06-22 06:00","2018","06","22","06:00","15.6","","11.6","","77","","","","34","","7","","32.2","","101.70","","","","","","Cloudy"
"-124.90","49.72","COMOX A","1021830","2018-06-22 07:00","2018","06","22","07:00","16.1","","11.9","","76","","","","35","","6","","32.2","","101.72","","","","","","Cloudy"
"-124.90","49.72","COMOX A","1021830","2018-06-22 08:00","2018","06","22","08:00","16.1","","11.6","","75","","","","35","","6","","32.2","","101.72","","","","","","Cloudy"
"-124.90","49.72","COMOX A","1021830","2018-06-22 09:00","2018","06","22","09:00","16.6","","12.1","","75","","","","9","","9","","32.2","","101.73","","","","","","Cloudy"
"-124.90","49.72","COMOX A","1021830","2018-06-22 10:00","2018","06","22","10:00","16.6","","13.0","","79","","","","14","","13","","32.2","","101.73","","","","","","Cloudy"
"-124.90","49.72","COMOX A","1021830","2018-06-22 11:00","2018","06","22","11:00","16.6","","13.4","","81","","","","10","","11","","32.2","","101.74","","","","","","Cloudy"
"-124.90","49.72","COMOX A","1021830","2018-06-22 12:00","2018","06","22","12:00","17.2","","13.1","","77","","","","9","","7","","32.2","","101.73","","","","","","Cloudy"
"-124.90","49.72","COMOX A","1021830","2018-06-22 13:00","2018","06","22","13:00","18.7","","14.0","","74","","","","10","","11","","32.2","","101.73","","","","","","Cloudy"
"-124.90","49.72","COMOX A","1021830","2018-06-22 14:00","2018","06","22","14:00","18.5","","13.0","","70","","","","12","","9","","32.2","","101.70","","","","","","Cloudy"
"-124.90","49.72","COMOX A","1021830","2018-06-22 15:00","2018","06","22","15:00","18.1","","12.6","","70","","","","12","","9","","32.2","","101.68","","","","","","Cloudy"
"-124.90","49.72","COMOX A","1021830","2018-06-22 16:00","2018","06","22","16:00","18.5","","12.5","","68","","","","13","","6","","32.2","","101.65","","","","","","Cloudy"
"-124.90","49.72","COMOX A","1021830","2018-06-22 17:00","2018","06","22","17:00","17.6","","13.3","","76","","","","16","","9","","32.2","","101.65","","","","","","Rain"
"-124.90","49.72","COMOX A","1021830","2018-06-22 18:00","2018","06","22","18:00","17.2","","13.0","","76","","","","17","","6","","32.2","","101.65","","","","","","Mostly Cloudy"
"-124.90","49.72","COMOX A","1021830","2018-06-22 19:00","2018","06","22","19:00","17.2","","13.1","","77","","","","9","","4","","32.2","","101.68","","","","","","Cloudy"
"-124.90","49.72","COMOX A","1021830","2018-06-22 20:00","2018","06","22","20:00","16.5","","13.4","","82","","","","","","0","","32.2","","101.67","","","","","","Mostly Cloudy"
"-124.90","49.72","COMOX A","1021830","2018-06-22 21:00","2018","06","22","21:00","16.2","","14.7","","91","","","","29","","6","","32.2","","101.70","","","","","","Mostly Cloudy"
"-124.90","49.72","COMOX A","1021830","2018-06-22 22:00","2018","06","22","22:00","15.5","","13.6","","88","","","","9","","4","","32.2","","101.70","","","","","","Mostly Cloudy"
"-124.90","49.72","COMOX A","1021830","2018-06-22 23:00","2018","06","22","23:00","15.0","","13.6","","91","","","","29","","4","","32.2","","101.69","","","","","","Cloudy"
"-124.90","49.72","COMOX A","1021830","2018-06-23 00:00","2018","06","23","00:00","14.9","","12.6","","86","","","","29","","7","","32.2","","101.70","","","","","","Cloudy"
"-124.90","49.72","COMOX A","1021830","2018-06-23 01:00","2018","06","23","01:00","13.7","","11.6","","87","","","","29","","4","","32.2","","101.71","","","","","","Mainly Clear"
"-124.90","49.72","COMOX A","1021830","2018-06-23 02:00","2018","06","23","02:00","13.1","","10.9","","86","","","","30","","9","","32.2","","101.74","","","","","","Mainly Clear"
"-124.90","49.72","COMOX A","1021830","2018-06-23 03:00","2018","06","23","03:00","12.6","","10.4","","86","","","","30","","7","","32.2","","101.74","","","","","","Mainly Clear"
"-124.90","49.72","COMOX A","1021830","2018-06-23 04:00","2018","06","23","04:00","12.5","","10.1","","85","","","","30","","7","","32.2","","101.75","","","","","","Mainly Clear"
"-124.90","49.72","COMOX A","1021830","2018-06-23 05:00","2018","06","23","05:00","12.7","","10.2","","85","","","","30","","9","","32.2","","101.76","","","","","","Mainly Clear"
"-124.90","49.72","COMOX A","1021830","2018-06-23 06:00","2018","06","23","06:00","14.6","","9.9","","73","","","","33","","17","","32.2","","101.78","","","","","","Mainly Clear"
"-124.90","49.72","COMOX A","1021830","2018-06-23 07:00","2018","06","23","07:00","16.7","","10.7","","68","","","","31","","7","","32.2","","101.81","","","","","","Mainly Clear"
"-124.90","49.72","COMOX A","1021830","2018-06-23 08:00","2018","06","23","08:00","17.8","","10.4","","62","","","","1","","15","","32.2","","101.81","","","","","","Mainly Clear"
"-124.90","49.72","COMOX A","1021830","2018-06-23 09:00","2018","06","23","09:00","18.2","","10.6","","61","","","","2","","17","","32.2","","101.83","","","","","","Mainly Clear"
"-124.90","49.72","COMOX A","1021830","2018-06-23 10:00","2018","06","23","10:00","18.6","","11.1","","62","","","","3","","15","","32.2","","101.83","","","","","","Mainly Clear"
"-124.90","49.72","COMOX A","1021830","2018-06-23 11:00","2018","06","23","11:00","20.2","","10.8","","55","","","","4","","11","","32.2","","101.81","","","","","","Mainly Clear"
"-124.90","49.72","COMOX A","1021830","2018-06-23 12:00","2018","06","23","12:00","21.1","","11.3","","54","","","","7","","11","","32.2","","101.83","","","","","","Mainly Clear"
"-124.90","49.72","COMOX A","1021830","2018-06-23 13:00","2018","06","23","13:00","21.3","","11.2","","53","","","","9","","11","","32.2","","101.82","","","","","","Mainly Clear"
"-124.90","49.72","COMOX A","1021830","2018-06-23 14:00","2018","06","23","14:00","21.8","","11.8","","53","","","","9","","13","","32.2","","101.79","","","","","","Mainly Clear"
"-124.90","49.72","COMOX A","1021830","2018-06-23 15:00","2018","06","23","15:00","23.3","","11.9","","49","","","","13","","9","","32.2","","101.77","","26","","","","Mainly Clear"
"-124.90","49.72","COMOX A","1021830","2018-06-23 16:00","2018","06","23","16:00","24.7","","11.0","","42","","","","15","","7","","32.2","","101.73","","26","","","","Mainly Clear"
"-124.90","49.72","COMOX A","1021830","2018-06-23 17:00","2018","06","23","17:00","24.2","","8.5","","37","","","","16","","11","","32.2","","101.67","","25","","","","Mainly Clear"
"-124.90","49.72","COMOX A","1021830","2018-06-23 18:00","2018","06","23","18:00","23.6","","9.5","","41","","","","17","","13","","32.2","","101.65","","25","","","","Mainly Clear"
"-124.90","49.72","COMOX A","1021830","2018-06-23 19:00","2018","06","23","19:00","20.3","","12.5","","61","","","","15","","13","","32.2","","101.63","","","","","","Mainly Clear"
"-124.90","49.72","COMOX A","1021830","2018-06-23 20:00","2018","06","23","20:00","18.4","","13.6","","74","","","","14","","15","","32.2","","101.61","","","","","","Clear"
"-124.90","49.72","COMOX A","1021830","2018-06-23 21:00","2018","06","23","21:00","16.6","","14.1","","85","","","","18","","7","","32.2","","101.64","","","","","","Clear"
"-124.90","49.72","COMOX A","1021830","2018-06-23 22:00","2018","06","23","22:00","15.7","","14.2","","91","","","","17","","7","","32.2","","101.60","","","","","","Clear"
"-124.90","49.72","COMOX A","1021830","2018-06-23 23:00","2018","06","23","23:00","15.5","","13.6","","88","","","","","","0","","32.2","","101.58","","","","","","Mainly Clear"
"-124.90","49.72","COMOX A","1021830","2018-06-24 00:00","2018","06","24","00:00","15.6","","13.6","","88","","","","15","","13","","32.2","","101.57","","","","","","Mainly Clear"
"-124.90","49.72","COMOX A","1021830","2018-06-24 01:00","2018","06","24","01:00","16.0","","13.8","","87","","","","14","","13","","32.2","","101.54","","","","","","Mostly Cloudy"
"-124.90","49.72","COMOX A","1021830","2018-06-24 02:00","2018","06","24","02:00","15.0","","13.5","","91","","","","20","","7","","32.2","","101.55","","","","","","Mostly Cloudy"
"-124.90","49.72","COMOX A","1021830","2018-06-24 03:00","2018","06","24","03:00","14.1","","13.3","","95","","","","21","","7","","32.2","","101.51","","","","","","Mostly Cloudy"
"-124.90","49.72","COMOX A","1021830","2018-06-24 04:00","2018","06","24","04:00","15.7","","13.4","","86","","","","15","","19","","32.2","","101.44","","","","","","Mostly Cloudy"
"-124.90","49.72","COMOX A","1021830","2018-06-24 05:00","2018","06","24","05:00","15.5","","13.1","","86","","","","18","","11","","32.2","","101.42","","","","","","Mostly Cloudy"
"-124.90","49.72","COMOX A","1021830","2018-06-24 06:00","2018","06","24","06:00","16.1","","12.3","","78","","","","14","","7","","32.2","","101.40","","","","","","Cloudy"
"-124.90","49.72","COMOX A","1021830","2018-06-24 07:00","2018","06","24","07:00","16.2","","12.5","","79","","","","13","","11","","32.2","","101.37","","","","","","Mostly Cloudy"
"-124.90","49.72","COMOX A","1021830","2018-06-24 08:00","2018","06","24","08:00","17.2","","12.8","","75","","","","16","","7","","32.2","","101.34","","","","","","Mostly Cloudy"
"-124.90","49.72","COMOX A","1021830","2018-06-24 09:00","2018","06","24","09:00","16.7","","13.5","","81","","","","12","","15","","32.2","","101.33","","","","","","Rain Showers"
"-124.90","49.72","COMOX A","1021830","2018-06-24 10:00","2018","06","24","10:00","17.3","","13.1","","76","","","","","","0","","32.2","","101.33","","","","","","Rain Showers"
"-124.90","49.72","COMOX A","1021830","2018-06-24 11:00","2018","06","24","11:00","16.3","","13.8","","85","","","","33","","15","","32.2","","101.28","","","","","","Rain Showers"
"-124.90","49.72","COMOX A","1021830","2018-06-24 12:00","2018","06","24","12:00","15.5","","12.7","","83","","","","30","","9","","24.1","","101.31","","","","","","Rain Showers"
"-124.90","49.72","COMOX A","1021830","2018-06-24 13:00","2018","06","24","13:00","14.7","","13.5","","93","","","","31","","11","","24.1","","101.26","","","","","","Rain Showers"
"-124.90","49.72","COMOX A","1021830","2018-06-24 14:00","2018","06","24","14:00","15.0","","13.3","","90","","","","30","","6","","24.1","","101.19","","","","","","Rain Showers"
"-124.90","49.72","COMOX A","1021830","2018-06-24 15:00","2018","06","24","15:00","14.6","","13.1","","91","","","","29","","6","","24.1","","101.16","","","","","","Rain Showers"
"-124.90","49.72","COMOX A","1021830","2018-06-24 16:00","2018","06","24","16:00","13.8","","13.3","","97","","","","35","","7","","9.7","","101.13","","","","","","Rain Showers,Fog"
"-124.90","49.72","COMOX A","1021830","2018-06-24 17:00","2018","06","24","17:00","13.9","","13.5","","97","","","","32","","7","","9.7","","101.04","","","","","","Rain Showers,Fog"
"-124.90","49.72","COMOX A","1021830","2018-06-24 18:00","2018","06","24","18:00","14.0","","13.8","","99","","","","31","","6","","9.7","","101.01","","","","","","Moderate Rain Showers,Fog"
"-124.90","49.72","COMOX A","1021830","2018-06-24 19:00","2018","06","24","19:00","13.8","","13.6","","99","","","","","","0","","9.7","","100.90","","","","","","Rain Showers,Fog"
"-124.90","49.72","COMOX A","1021830","2018-06-24 20:00","2018","06","24","20:00","13.7","","13.5","","99","","","","28","","4","","19.3","","100.90","","","","","","Rain Showers"
"-124.90","49.72","COMOX A","1021830","2018-06-24 21:00","2018","06","24","21:00","13.6","","13.4","","99","","","","20","","6","","32.2","","100.87","","","","","","Cloudy"
"-124.90","49.72","COMOX A","1021830","2018-06-24 22:00","2018","06","24","22:00","13.2","","13.1","","99","","","","","","0","","32.2","","100.84","","","","","","Cloudy"
"-124.90","49.72","COMOX A","1021830","2018-06-24 23:00","2018","06","24","23:00","12.4","","12.3","","99","","","","23","","4","","1.6","","100.81","","","","","","Fog"
"-124.90","49.72","COMOX A","1021830","2018-06-25 00:00","2018","06","25","00:00","11.7","","11.7","","100","","","","21","","4","","0.8","","100.82","","","","","","Fog"
"-124.90","49.72","COMOX A","1021830","2018-06-25 01:00","2018","06","25","01:00","12.2","","12.2","","100","","","","20","","4","","32.2","","100.86","","","","","","Mainly Clear"
"-124.90","49.72","COMOX A","1021830","2018-06-25 02:00","2018","06","25","02:00","11.0","","11.0","","100","","","","29","","4","","19.3","","100.89","","","","","","Mainly Clear"
"-124.90","49.72","COMOX A","1021830","2018-06-25 03:00","2018","06","25","03:00","10.9","","10.9","","100","","","","","","0","","32.2","","100.89","","","","","","Mostly Cloudy"
"-124.90","49.72","COMOX A","1021830","2018-06-25 04:00","2018","06","25","04:00","11.0","","11.0","","100","","","","28","","6","","32.2","","100.90","","","","","","Mostly Cloudy"
"-124.90","49.72","COMOX A","1021830","2018-06-25 05:00","2018","06","25","05:00","11.1","","11.1","","100","","","","","","0","","32.2","","100.94","","","","","","Thunderstorms"
"-124.90","49.72","COMOX A","1021830","2018-06-25 06:00","2018","06","25","06:00","12.3","","12.3","","100","","","","33","","4","","32.2","","101.00","","","","","","Mostly Cloudy"
"-124.90","49.72","COMOX A","1021830","2018-06-25 07:00","2018","06","25","07:00","12.7","","12.6","","99","","","","32","","7","","24.1","","101.09","","","","","","Moderate Rain Showers"
"-124.90","49.72","COMOX A","1021830","2018-06-25 08:00","2018","06","25","08:00","12.4","","11.8","","96","","","","34","","13","","24.1","","101.15","","","","","","Rain Showers"
"-124.90","49.72","COMOX A","1021830","2018-06-25 09:00","2018","06","25","09:00","15.1","","11.9","","81","","","","36","","13","","32.2","","101.20","","","","","","Mostly Cloudy"
"-124.90","49.72","COMOX A","1021830","2018-06-25 10:00","2018","06","25","10:00","16.8","","10.4","","66","","","","3","","13","","32.2","","101.27","","","","","","Mostly Cloudy"
"-124.90","49.72","COMOX A","1021830","2018-06-25 11:00","2018","06","25","11:00","13.0","","11.5","","91","","","","1","","4","","24.1","","101.34","","","","","","Thunderstorms,Rain Showers"
"-124.90","49.72","COMOX A","1021830","2018-06-25 12:00","2018","06","25","12:00","18.6","","9.5","","55","","","","11","","9","","32.2","","101.38","","","","","","Mostly Cloudy"
"-124.90","49.72","COMOX A","1021830","2018-06-25 13:00","2018","06","25","13:00","18.3","","9.6","","57","","","","11","","13","","32.2","","101.41","","","","","","Mostly Cloudy"
"-124.90","49.72","COMOX A","1021830","2018-06-25 14:00","2018","06","25","14:00","18.7","","10.8","","60","","","","11","","17","","32.2","","101.42","","","","","","Mostly Cloudy"
"-124.90","49.72","COMOX A","1021830","2018-06-25 15:00","2018","06","25","15:00","16.4","","10.8","","69","","","","9","","15","","32.2","","101.45","","","","","","Rain Showers"
"-124.90","49.72","COMOX A","1021830","2018-06-25 16:00","2018","06","25","16:00","19.5","","11.3","","59","","","","5","","17","","32.2","","101.47","","","","","","Mostly Cloudy"
"-124.90","49.72","COMOX A","1021830","2018-06-25 17:00","2018","06","25","17:00","15.2","","11.5","","79","","","","36","","22","","32.2","","101.53","","","","","","Rain Showers"
"-124.90","49.72","COMOX A","1021830","2018-06-25 18:00","2018","06","25","18:00","13.8","","13.1","","96","","","","29","","11","","24.1","","101.63","","","","","","Rain Showers"
"-124.90","49.72","COMOX A","1021830","2018-06-25 19:00","2018","06","25","19:00","14.2","","12.5","","90","","","","30","","13","","32.2","","101.65","","","","","","Mostly Cloudy"
"-124.90","49.72","COMOX A","1021830","2018-06-25 20:00","2018","06","25","20:00","13.9","","12.0","","88","","","","25","","4","","32.2","","101.66","","","","","","Mostly Cloudy"
"-124.90","49.72","COMOX A","1021830","2018-06-25 21:00","2018","06","25","21:00","13.6","","12.4","","92","","","","25","","6","","32.2","","101.70","","","","","","Cloudy"
"-124.90","49.72","COMOX A","1021830","2018-06-25 22:00","2018","06","25","22:00","13.3","","11.6","","89","","","","28","","4","","32.2","","101.73","","","","","","Cloudy"
"-124.90","49.72","COMOX A","1021830","2018-06-25 23:00","2018","06","25","23:00","12.9","","11.7","","92","","","","28","","7","","32.2","","101.78","","","","","","Mostly Cloudy"
"-124.90","49.72","COMOX A","1021830","2018-06-26 00:00","2018","06","26","00:00","12.6","","10.9","","89","","","","30","","7","","32.2","","101.78","","","","","","Mostly Cloudy"
"-124.90","49.72","COMOX A","1021830","2018-06-26 01:00","2018","06","26","01:00","12.7","","10.6","","87","","","","31","","7","","32.2","","101.79","","","","","","Cloudy"
"-124.90","49.72","COMOX A","1021830","2018-06-26 02:00","2018","06","26","02:00","12.4","","11.0","","91","","","","32","","9","","32.2","","101.84","","","","","","Cloudy"
"-124.90","49.72","COMOX A","1021830","2018-06-26 03:00","2018","06","26","03:00","12.2","","10.6","","90","","","","31","","4","","32.2","","101.86","","","","","","Mostly Cloudy"
"-124.90","49.72","COMOX A","1021830","2018-06-26 04:00","2018","06","26","04:00","11.8","","10.2","","90","","","","30","","7","","32.2","","101.87","","","","","","Mostly Cloudy"
"-124.90","49.72","COMOX A","1021830","2018-06-26 05:00","2018","06","26","05:00","11.6","","9.8","","89","","","","30","","7","","32.2","","101.90","","","","","","Mainly Clear"
"-124.90","49.72","COMOX A","1021830","2018-06-26 06:00","2018","06","26","06:00","13.5","","9.4","","76","","","","28","","6","","32.2","","101.92","","","","","","Mainly Clear"
"-124.90","49.72","COMOX A","1021830","2018-06-26 07:00","2018","06","26","07:00","14.9","","8.9","","67","","","","35","","6","","32.2","","101.96","","","","","","Mainly Clear"
"-124.90","49.72","COMOX A","1021830","2018-06-26 08:00","2018","06","26","08:00","15.5","","9.1","","66","","","","31","","9","","32.2","","101.98","","","","","","Mainly Clear"
"-124.90","49.72","COMOX A","1021830","2018-06-26 09:00","2018","06","26","09:00","16.5","","9.7","","64","","","","3","","13","","32.2","","101.99","","","","","","Mainly Clear"
"-124.90","49.72","COMOX A","1021830","2018-06-26 10:00","2018","06","26","10:00","17.4","","9.4","","59","","","","2","","9","","32.2","","101.99","","","","","","Mainly Clear"
"-124.90","49.72","COMOX A","1021830","2018-06-26 11:00","2018","06","26","11:00","18.0","","9.3","","57","","","","7","","11","","32.2","","101.98","","","","","","Mainly Clear"
"-124.90","49.72","COMOX A","1021830","2018-06-26 12:00","2018","06","26","12:00","19.4","","6.8","","44","","","","7","","7","","32.2","","101.97","","","","","","Mainly Clear"
"-124.90","49.72","COMOX A","1021830","2018-06-26 13:00","2018","06","26","13:00","19.8","","6.8","","43","","","","4","","7","","32.2","","101.96","","","","","","Mainly Clear"
"-124.90","49.72","COMOX A","1021830","2018-06-26 14:00","2018","06","26","14:00","21.3","","7.0","","40","","","","4","","15","","32.2","","101.95","","","","","","Mainly Clear"
"-124.90","49.72","COMOX A","1021830","2018-06-26 15:00","2018","06","26","15:00","19.0","","6.1","","43","","","","34","","9","","32.2","","101.94","","","","","","Mostly Cloudy"
"-124.90","49.72","COMOX A","1021830","2018-06-26 16:00","2018","06","26","16:00","19.3","","7.0","","45","","","","33","","7","","32.2","","101.89","","","","","","Mostly Cloudy"
"-124.90","49.72","COMOX A","1021830","2018-06-26 17:00","2018","06","26","17:00","19.3","","6.2","","42","","","","32","","7","","32.2","","101.86","","","","","","Mostly Cloudy"
"-124.90","49.72","COMOX A","1021830","2018-06-26 18:00","2018","06","26","18:00","19.1","","7.1","","46","","","","34","","11","","32.2","","101.83","","","","","","Mostly Cloudy"
"-124.90","49.72","COMOX A","1021830","2018-06-26 19:00","2018","06","26","19:00","18.6","","9.8","","57","","","","35","","17","","32.2","","101.80","","","","","","Mostly Cloudy"
"-124.90","49.72","COMOX A","1021830","2018-06-26 20:00","2018","06","26","20:00","17.2","","10.1","","63","","","","34","","15","","32.2","","101.77","","","","","","Mostly Cloudy"
"-124.90","49.72","COMOX A","1021830","2018-06-26 21:00","2018","06","26","21:00","16.2","","10.0","","67","","","","32","","13","","32.2","","101.78","","","","","","Mostly Cloudy"
"-124.90","49.72","COMOX A","1021830","2018-06-26 22:00","2018","06","26","22:00","15.9","","8.1","","60","","","","32","","13","","32.2","","101.77","","","","","","Mostly Cloudy"
"-124.90","49.72","COMOX A","1021830","2018-06-26 23:00","2018","06","26","23:00","15.5","","7.8","","60","","","","32","","13","","32.2","","101.75","","","","","","Mostly Cloudy"
"-124.90","49.72","COMOX A","1021830","2018-06-27 00:00","2018","06","27","00:00","14.7","","6.9","","59","","","","33","","19","","32.2","","101.72","","","","","","Mostly Cloudy"
"-124.90","49.72","COMOX A","1021830","2018-06-27 01:00","2018","06","27","01:00","14.0","","6.9","","62","","","","33","","13","","32.2","","101.70","","","","","","Mostly Cloudy"
"-124.90","49.72","COMOX A","1021830","2018-06-27 02:00","2018","06","27","02:00","13.6","","5.9","","60","","","","32","","19","","32.2","","101.65","","","","","","Mostly Cloudy"
"-124.90","49.72","COMOX A","1021830","2018-06-27 03:00","2018","06","27","03:00","13.4","","5.6","","59","","","","33","","20","","32.2","","101.60","","","","","","Mostly Cloudy"
"-124.90","49.72","COMOX A","1021830","2018-06-27 04:00","2018","06","27","04:00","13.1","","6.2","","63","","","","33","","19","","32.2","","101.57","","","","","","Mostly Cloudy"
"-124.90","49.72","COMOX A","1021830","2018-06-27 05:00","2018","06","27","05:00","12.9","","6.7","","66","","","","34","","13","","32.2","","101.54","","","","","","Mostly Cloudy"
"-124.90","49.72","COMOX A","1021830","2018-06-27 06:00","2018","06","27","06:00","13.2","","7.1","","66","","","","33","","19","","32.2","","101.54","","","","","","Mostly Cloudy"
"-124.90","49.72","COMOX A","1021830","2018-06-27 07:00","2018","06","27","07:00","13.8","","7.7","","67","","","","34","","20","","32.2","","101.56","","","","","","Cloudy"
"-124.90","49.72","COMOX A","1021830","2018-06-27 08:00","2018","06","27","08:00","14.7","","8.5","","66","","","","34","","22","","32.2","","101.54","","","","","","Mostly Cloudy"
"-124.90","49.72","COMOX A","1021830","2018-06-27 09:00","2018","06","27","09:00","16.1","","8.9","","62","","","","34","","24","","32.2","","101.52","","","","","","Mostly Cloudy"
"-124.90","49.72","COMOX A","1021830","2018-06-27 10:00","2018","06","27","10:00","17.1","","9.2","","60","","","","2","","20","","32.2","","101.45","","","","","","Mostly Cloudy"
"-124.90","49.72","COMOX A","1021830","2018-06-27 11:00","2018","06","27","11:00","17.3","","9.8","","61","","","","2","","19","","32.2","","101.45","","","","","","Mainly Clear"
"-124.90","49.72","COMOX A","1021830","2018-06-27 12:00","2018","06","27","12:00","18.5","","10.0","","58","","","","36","","17","","32.2","","101.42","","","","","","Mainly Clear"
"-124.90","49.72","COMOX A","1021830","2018-06-27 13:00","2018","06","27","13:00","17.7","","8.9","","56","","","","36","","15","","32.2","","101.40","","","","","","Mostly Cloudy"
"-124.90","49.72","COMOX A","1021830","2018-06-27 14:00","2018","06","27","14:00","18.0","","9.2","","56","","","","34","","9","","32.2","","101.39","","","","","","Rain"
"-124.90","49.72","COMOX A","1021830","2018-06-27 15:00","2018","06","27","15:00","18.5","","10.4","","59","","","","31","","11","","32.2","","101.37","","","","","","Rain Showers"
"-124.90","49.72","COMOX A","1021830","2018-06-27 16:00","2018","06","27","16:00","18.0","","10.3","","61","","","","29","","13","","32.2","","101.35","","","","","","Mostly Cloudy"
"-124.90","49.72","COMOX A","1021830","2018-06-27 17:00","2018","06","27","17:00","16.5","","11.4","","72","","","","30","","13","","32.2","","101.35","","","","","","Rain Showers"
"-124.90","49.72","COMOX A","1021830","2018-06-27 18:00","2018","06","27","18:00","18.1","","11.7","","66","","","","33","","6","","32.2","","101.35","","","","","","Rain Showers"
"-124.90","49.72","COMOX A","1021830","2018-06-27 19:00","2018","06","27","19:00","17.5","","10.9","","65","","","","35","","7","","32.2","","101.36","","","","","","Rain Showers"
"-124.90","49.72","COMOX A","1021830","2018-06-27 20:00","2018","06","27","20:00","18.5","","9.7","","57","","","","32","","9","","32.2","","101.37","","","","","","Mostly Cloudy"
"-124.90","49.72","COMOX A","1021830","2018-06-27 21:00","2018","06","27","21:00","15.7","","7.6","","59","","","","32","","9","","32.2","","101.38","","","","","","Mostly Cloudy"
"-124.90","49.72","COMOX A","1021830","2018-06-27 22:00","2018","06","27","22:00","15.5","","6.8","","56","","","","32","","9","","32.2","","101.38","","","","","","Mostly Cloudy"
"-124.90","49.72","COMOX A","1021830","2018-06-27 23:00","2018","06","27","23:00","14.9","","8.1","","64","","","","28","","7","","32.2","","101.38","","","","","","Cloudy"
"-124.90","49.72","COMOX A","1021830","2018-06-28 00:00","2018","06","28","00:00","15.1","","7.0","","58","","","","32","","13","","32.2","","101.38","","","","","","Cloudy"
"-124.90","49.72","COMOX A","1021830","2018-06-28 01:00","2018","06","28","01:00","14.6","","7.2","","61","","","","31","","9","","32.2","","101.37","","","","","","Cloudy"
"-124.90","49.72","COMOX A","1021830","2018-06-28 02:00","2018","06","28","02:00","14.4","","6.6","","59","","","","32","","11","","32.2","","101.37","","","","","","Cloudy"
"-124.90","49.72","COMOX A","1021830","2018-06-28 03:00","2018","06","28","03:00","13.3","","7.0","","66","","","","34","","11","","32.2","","101.36","","","","","","Mainly Clear"
"-124.90","49.72","COMOX A","1021830","2018-06-28 04:00","2018","06","28","04:00","13.3","","7.8","","69","","","","32","","9","","32.2","","101.37","","","","","","Mostly Cloudy"
"-124.90","49.72","COMOX A","1021830","2018-06-28 05:00","2018","06","28","05:00","13.4","","7.3","","67","","","","28","","6","","32.2","","101.36","","","","","","Mostly Cloudy"
"-124.90","49.72","COMOX A","1021830","2018-06-28 06:00","2018","06","28","06:00","13.3","","7.8","","69","","","","29","","7","","32.2","","101.37","","","","","","Mostly Cloudy"
"-124.90","49.72","COMOX A","1021830","2018-06-28 07:00","2018","06","28","07:00","14.3","","7.5","","64","","","","34","","11","","32.2","","101.40","","","","","","Cloudy"
"-124.90","49.72","COMOX A","1021830","2018-06-28 08:00","2018","06","28","08:00","14.9","","8.0","","63","","","","34","","11","","32.2","","101.43","","","","","","Cloudy"
"-124.90","49.72","COMOX A","1021830","2018-06-28 09:00","2018","06","28","09:00","15.7","","8.7","","63","","","","34","","7","","32.2","","101.45","","","","","","Rain Showers"
"-124.90","49.72","COMOX A","1021830","2018-06-28 10:00","2018","06","28","10:00","15.5","","8.3","","62","","","","1","","9","","32.2","","101.47","","","","","","Rain Showers"
"-124.90","49.72","COMOX A","1021830","2018-06-28 11:00","2018","06","28","11:00","17.4","","8.5","","56","","","","8","","6","","32.2","","101.47","","","","","","Cloudy"
"-124.90","49.72","COMOX A","1021830","2018-06-28 12:00","2018","06","28","12:00","17.0","","9.2","","60","","","","14","","9","","32.2","","101.48","","","","","","Cloudy"
"-124.90","49.72","COMOX A","1021830","2018-06-28 13:00","2018","06","28","13:00","18.1","","10.0","","59","","","","11","","11","","32.2","","101.48","","","","","","Cloudy"
"-124.90","49.72","COMOX A","1021830","2018-06-28 14:00","2018","06","28","14:00","15.8","","10.3","","70","","","","11","","7","","32.2","","101.50","","","","","","Cloudy"
"-124.90","49.72","COMOX A","1021830","2018-06-28 15:00","2018","06","28","15:00","14.8","","11.0","","78","","","","4","","4","","24.1","","101.54","","","","","","Rain Showers"
"-124.90","49.72","COMOX A","1021830","2018-06-28 16:00","2018","06","28","16:00","15.1","","10.9","","76","","","","36","","4","","32.2","","101.57","","","","","","Rain Showers"
"-124.90","49.72","COMOX A","1021830","2018-06-28 17:00","2018","06","28","17:00","15.0","","11.7","","81","","","","32","","4","","32.2","","101.56","","","","","","Cloudy"
"-124.90","49.72","COMOX A","1021830","2018-06-28 18:00","2018","06","28","18:00","14.8","","11.1","","78","","","","","","0","","32.2","","101.56","","","","","","Rain Showers"
"-124.90","49.72","COMOX A","1021830","2018-06-28 19:00","2018","06","28","19:00","14.5","","11.0","","79","","","","28","","4","","32.2","","101.56","","","","","","Rain Showers"
"-124.90","49.72","COMOX A","1021830","2018-06-28 20:00","2018","06","28","20:00","14.3","","12.1","","87","","","","","","0","","32.2","","101.54","","","","","","Cloudy"
"-124.90","49.72","COMOX A","1021830","2018-06-28 21:00","2018","06","28","21:00","13.9","","12.7","","92","","","","27","","4","","32.2","","101.57","","","","","","Cloudy"
"-124.90","49.72","COMOX A","1021830","2018-06-28 22:00","2018","06","28","22:00","13.8","","12.8","","94","","","","20","","4","","32.2","","101.56","","","","","","Cloudy"
"-124.90","49.72","COMOX A","1021830","2018-06-28 23:00","2018","06","28","23:00","13.5","","12.6","","94","","","","","","0","","32.2","","101.56","","","","","","Cloudy"
"-124.90","49.72","COMOX A","1021830","2018-06-29 00:00","2018","06","29","00:00","13.8","","12.5","","92","","","","","","0","","32.2","","101.54","","","","","","Cloudy"
"-124.90","49.72","COMOX A","1021830","2018-06-29 01:00","2018","06","29","01:00","13.6","","12.5","","93","","","","","","0","","32.2","","101.51","","","","","","Cloudy"
"-124.90","49.72","COMOX A","1021830","2018-06-29 02:00","2018","06","29","02:00","13.6","","12.3","","92","","","","30","","7","","32.2","","101.53","","","","","","Cloudy"
"-124.90","49.72","COMOX A","1021830","2018-06-29 03:00","2018","06","29","03:00","13.0","","12.5","","97","","","","31","","6","","19.3","","101.52","","","","","","Rain Showers"
"-124.90","49.72","COMOX A","1021830","2018-06-29 04:00","2018","06","29","04:00","12.7","","12.5","","99","","","","33","","6","","19.3","","101.52","","","","","","Rain Showers"
"-124.90","49.72","COMOX A","1021830","2018-06-29 05:00","2018","06","29","05:00","12.7","","12.5","","99","","","","28","","6","","24.1","","101.53","","","","","","Rain Showers"
"-124.90","49.72","COMOX A","1021830","2018-06-29 06:00","2018","06","29","06:00","12.6","","12.5","","99","","","","28","","6","","32.2","","101.55","","","","","","Rain Showers"
"-124.90","49.72","COMOX A","1021830","2018-06-29 07:00","2018","06","29","07:00","13.3","","13.1","","99","","","","","","0","","19.3","","101.57","","","","","","Rain Showers"
"-124.90","49.72","COMOX A","1021830","2018-06-29 08:00","2018","06","29","08:00","14.0","","13.6","","97","","","","","","0","","16.1","","101.59","","","","","","Rain Showers"
"-124.90","49.72","COMOX A","1021830","2018-06-29 09:00","2018","06","29","09:00","14.5","","13.6","","94","","","","","","0","","9.7","","101.61","","","","","","Rain Showers,Fog"
"-124.90","49.72","COMOX A","1021830","2018-06-29 10:00","2018","06","29","10:00","14.6","","13.8","","95","","","","16","","7","","19.3","","101.62","","","","","","Drizzle"
"-124.90","49.72","COMOX A","1021830","2018-06-29 11:00","2018","06","29","11:00","16.7","","14.2","","85","","","","16","","7","","19.3","","101.65","","","","","","Cloudy"
"-124.90","49.72","COMOX A","1021830","2018-06-29 12:00","2018","06","29","12:00","17.8","","14.2","","79","","","","16","","15","","32.2","","101.68","","","","","","Mostly Cloudy"
"-124.90","49.72","COMOX A","1021830","2018-06-29 13:00","2018","06","29","13:00","16.8","","14.3","","85","","","","14","","20","","32.2","","101.70","","","","","","Cloudy"
"-124.90","49.72","COMOX A","1021830","2018-06-29 14:00","2018","06","29","14:00","16.3","","14.3","","88","","","","15","","20","","32.2","","101.72","","","","","","Rain Showers"
"-124.90","49.72","COMOX A","1021830","2018-06-29 15:00","2018","06","29","15:00","17.1","","14.0","","82","","","","13","","17","","32.2","","101.71","","","","","","Rain Showers"
"-124.90","49.72","COMOX A","1021830","2018-06-29 16:00","2018","06","29","16:00","17.8","","13.8","","77","","","","14","","9","","32.2","","101.74","","","","","","Rain Showers"
"-124.90","49.72","COMOX A","1021830","2018-06-29 17:00","2018","06","29","17:00","17.9","","13.7","","76","","","","18","","11","","32.2","","101.72","","","","","","Mostly Cloudy"
"-124.90","49.72","COMOX A","1021830","2018-06-29 18:00","2018","06","29","18:00","18.0","","14.3","","79","","","","18","","7","","32.2","","101.73","","","","","","Mostly Cloudy"
"-124.90","49.72","COMOX A","1021830","2018-06-29 19:00","2018","06","29","19:00","17.3","","14.1","","81","","","","19","","9","","32.2","","101.74","","","","","","Mostly Cloudy"
"-124.90","49.72","COMOX A","1021830","2018-06-29 20:00","2018","06","29","20:00","16.1","","14.3","","89","","","","18","","7","","32.2","","101.75","","","","","","Mostly Cloudy"
"-124.90","49.72","COMOX A","1021830","2018-06-29 21:00","2018","06","29","21:00","15.5","","14.5","","94","","","","16","","4","","32.2","","101.81","","","","","","Mostly Cloudy"
"-124.90","49.72","COMOX A","1021830","2018-06-29 22:00","2018","06","29","22:00","15.0","","14.4","","96","","","","16","","4","","32.2","","101.81","","","","","","Mostly Cloudy"
"-124.90","49.72","COMOX A","1021830","2018-06-29 23:00","2018","06","29","23:00","15.2","","14.7","","97","","","","18","","6","","32.2","","101.82","","","","","","Cloudy"
"-124.90","49.72","COMOX A","1021830","2018-06-30 00:00","2018","06","30","00:00","15.0","","14.5","","97","","","","17","","4","","32.2","","101.78","","","","","","Cloudy"
"-124.90","49.72","COMOX A","1021830","2018-06-30 01:00","2018","06","30","01:00","14.9","","14.5","","97","","","","19","","6","","32.2","","101.75","","","","","","Cloudy"
"-124.90","49.72","COMOX A","1021830","2018-06-30 02:00","2018","06","30","02:00","14.8","","14.4","","97","","","","16","","4","","24.1","","101.74","","","","","","Rain"
"-124.90","49.72","COMOX A","1021830","2018-06-30 03:00","2018","06","30","03:00","15.3","","14.9","","97","","","","13","","11","","32.2","","101.73","","","","","","Cloudy"
"-124.90","49.72","COMOX A","1021830","2018-06-30 04:00","2018","06","30","04:00","15.0","","13.6","","91","","","","8","","4","","32.2","","101.65","","","","","","Rain"
"-124.90","49.72","COMOX A","1021830","2018-06-30 05:00","2018","06","30","05:00","14.7","","14.3","","97","","","","20","","7","","32.2","","101.64","","","","","","Rain"
"-124.90","49.72","COMOX A","1021830","2018-06-30 06:00","2018","06","30","06:00","14.5","","14.3","","99","","","","16","","13","","32.2","","101.61","","","","","","Cloudy"
"-124.90","49.72","COMOX A","1021830","2018-06-30 07:00","2018","06","30","07:00","14.8","","14.2","","96","","","","16","","6","","32.2","","101.60","","","","","","Rain"
"-124.90","49.72","COMOX A","1021830","2018-06-30 08:00","2018","06","30","08:00","16.0","","14.0","","88","","","","16","","13","","32.2","","101.58","","","","","","Rain"
"-124.90","49.72","COMOX A","1021830","2018-06-30 09:00","2018","06","30","09:00","18.3","","14.3","","77","","","","19","","6","","32.2","","101.61","","","","","","Cloudy"
"-124.90","49.72","COMOX A","1021830","2018-06-30 10:00","2018","06","30","10:00","20.0","","13.4","","66","","","","17","","9","","32.2","","101.58","","","","","","Cloudy"
"-124.90","49.72","COMOX A","1021830","2018-06-30 11:00","2018","06","30","11:00","19.4","","13.5","","69","","","","16","","9","","32.2","","101.57","","","","","","Mostly Cloudy"
"-124.90","49.72","COMOX A","1021830","2018-06-30 12:00","2018","06","30","12:00","19.9","","13.2","","65","","","","6","","7","","32.2","","101.58","","","","","","Mostly Cloudy"
"-124.90","49.72","COMOX A","1021830","2018-06-30 13:00","2018","06","30","13:00","20.6","","12.6","","60","","","","10","","4","","32.2","","101.57","","","","","","Mostly Cloudy"
"-124.90","49.72","COMOX A","1021830","2018-06-30 14:00","2018","06","30","14:00","19.8","","13.7","","68","","","","11","","19","","32.2","","101.58","","","","","","Mostly Cloudy"
"-124.90","49.72","COMOX A","1021830","2018-06-30 15:00","2018","06","30","15:00","18.8","","14.0","","74","","","","11","","22","","32.2","","101.60","","","","","","Mostly Cloudy"
"-124.90","49.72","COMOX A","1021830","2018-06-30 16:00","2018","06","30","16:00","17.7","","13.8","","78","","","","11","","19","","32.2","","101.59","","","","","","Mostly Cloudy"
"-124.90","49.72","COMOX A","1021830","2018-06-30 17:00","2018","06","30","17:00","18.2","","13.7","","75","","","","11","","24","","32.2","","101.58","","","","","","Mostly Cloudy"
"-124.90","49.72","COMOX A","1021830","2018-06-30 18:00","2018","06","30","18:00","18.3","","13.8","","75","","","","7","","11","","32.2","","101.57","","","","","","Mostly Cloudy"
"-124.90","49.72","COMOX A","1021830","2018-06-30 19:00","2018","06","30","19:00","17.5","","14.2","","81","","","","10","","7","","32.2","","101.56","","","","","","Mostly Cloudy"
"-124.90","49.72","COMOX A","1021830","2018-06-30 20:00","2018","06","30","20:00","16.7","","14.0","","84","","","","32","","7","","32.2","","101.57","","","","","","Mostly Cloudy"
"-124.90","49.72","COMOX A","1021830","2018-06-30 21:00","2018","06","30","21:00","15.1","","13.7","","91","","","","33","","6","","32.2","","101.59","","","","","","Mainly Clear"
"-124.90","49.72","COMOX A","1021830","2018-06-30 22:00","2018","06","30","22:00","15.1","","13.8","","92","","","","32","","6","","32.2","","101.63","","","","","","Mostly Cloudy"
"-124.90","49.72","COMOX A","1021830","2018-06-30 23:00","2018","06","30","23:00","15.0","","13.6","","91","","","","31","","11","","32.2","","101.66","","","","","","Mostly Cloudy"
