"Longitude (x)","Latitude (y)","Station Name","Climate ID","Date/Time (LST)","Year","Month","Day","Time (LST)","Temp (°C)","Temp Flag","Dew Point Temp (°C)","Dew Point Temp Flag","Rel Hum (%)","Rel Hum Flag","Precip. Amount (mm)","Precip. Amount Flag","Wind Dir (10s deg)","Wind Dir Flag","Wind Spd (km/h)","Wind Spd Flag","Visibility (km)","Visibility Flag","Stn Press (kPa)","Stn Press Flag","Hmdx","Hmdx Flag","Wind Chill","Wind Chill Flag","Weather"
"-113.82","49.62","BROCKET AGDM","3030830","2021-07-01 00:00","2021","07","01","00:00","15.7","","9.2","","65","","0.0","","1","","3","","","","","M","","","","","NA"
"-113.82","49.62","BROCKET AGDM","3030830","2021-07-01 01:00","2021","07","01","01:00","14.0","","8.9","","71","","0.0","","30","","4","","","","","M","","","","","NA"
"-113.82","49.62","BROCKET AGDM","3030830","2021-07-01 02:00","2021","07","01","02:00","12.5","","8.8","","78","","0.0","","28","","3","","","","","M","","","","","NA"
"-113.82","49.62","BROCKET AGDM","3030830","2021-07-01 03:00","2021","07","01","03:00","12.8","","8.2","","74","","0.0","","32","","11","","","","","M","","","","","NA"
"-113.82","49.62","BROCKET AGDM","3030830","2021-07-01 04:00","2021","07","01","04:00","10.2","","9.6","","96","","0.0","","23","","13","","","","","M","","","","","NA"
"-113.82","49.62","BROCKET AGDM","3030830","2021-07-01 05:00","2021","07","01","05:00","10.2","","9.0","","92","","0.0","","24","","7","","","","","M","","","","","NA"
"-113.82","49.62","BROCKET AGDM","3030830","2021-07-01 06:00","2021","07","01","06:00","16.0","","9.2","","64","","0.0","","30","","12","","","","","M","","","","","NA"
"-113.82","49.62","BROCKET AGDM","3030830","2021-07-01 07:00","2021","07","01","07:00","20.2","","13.6","","66","","0.0","","6","","4","","","","","M","","","","","NA"
"-113.82","49.62","BROCKET AGDM","3030830","2021-07-01 08:00","2021","07","01","08:00","22.8","","12.2","","51","","0.0","","15","","3","","","","","M","25","","","","NA"
"-113.82","49.62","BROCKET AGDM","3030830","2021-07-01 09:00","2021","07","01","09:00","24.2","","13.8","","52","","0.0","","17","","10","","","","","M","27","","","","NA"
"-113.82","49.62","BROCKET AGDM","3030830","2021-07-01 10:00","2021","07","01","10:00","28.0","","12.8","","39","","0.0","","16","","5","","","","","M","31","","","","NA"
"-113.82","49.62","BROCKET AGDM","3030830","2021-07-01 11:00","2021","07","01","11:00","30.2","","12.6","","34","","0.0","","13","","9","","","","","M","33","","","","NA"
"-113.82","49.62","BROCKET AGDM","3030830","2021-07-01 12:00","2021","07","01","12:00","32.1","","11.9","","29","","0.0","","15","","13","","","","","M","34","","","","NA"
"-113.82","49.62","BROCKET AGDM","3030830","2021-07-01 13:00","2021","07","01","13:00","33.2","","10.3","","25","","0.0","","17","","11","","","","","M","35","","","","NA"
"-113.82","49.62","BROCKET AGDM","3030830","2021-07-01 14:00","2021","07","01","14:00","33.9","","9.0","","22","","0.0","","17","","13","","","","","M","35","","","","NA"
"-113.82","49.62","BROCKET AGDM","3030830","2021-07-01 15:00","2021","07","01","15:00","34.9","","11.8","","25","","0.0","","17","","14","","","","","M","37","","","","NA"
"-113.82","49.62","BROCKET AGDM","3030830","2021-07-01 16:00","2021","07","01","16:00","34.3","","9.6","","22","","0.0","","17","","18","","","","","M","35","","","","NA"
"-113.82","49.62","BROCKET AGDM","3030830","2021-07-01 17:00","2021","07","01","17:00","33.6","","12.4","","28","","0.0","","16","","20","","","","","M","36","","","","NA"
"-113.82","49.62","BROCKET AGDM","3030830","2021-07-01 18:00","2021","07","01","18:00","30.3","","13.5","","36","","0.0","","16","","14","","","","","M","33","","","","NA"
"-113.82","49.62","BROCKET AGDM","3030830","2021-07-01 19:00","2021","07","01","19:00","27.2","","14.2","","45","","0.0","","22","","12","","","","","M","31","","","","NA"
"-113.82","49.62","BROCKET AGDM","3030830","2021-07-01 20:00","2021","07","01","20:00","27.1","","12.4","","40","","0.0","","22","","14","","","","","M","30","","","","NA"
"-113.82","49.62","BROCKET AGDM","3030830","2021-07-01 21:00","2021","07","01","21:00","26.9","","10.1","","35","","0.0","","25","","17","","","","","M","28","","","","NA"
"-113.82","49.62","BROCKET AGDM","3030830","2021-07-01 22:00","2021","07","01","22:00","23.8","","10.2","","42","","0.0","","24","","15","","","","","M","25","","","","NA"
"-113.82","49.62","BROCKET AGDM","3030830","2021-07-01 23:00","2021","07","01","23:00","23.9","","9.6","","40","","0.0","","25","","17","","","","","M","25","","","","NA"
"-113.82","49.62","BROCKET AGDM","3030830","2021-07-02 00:00","2021","07","02","00:00","25.6","","10.1","","38","","0.0","","24","","31","","","","","M","27","","","","NA"
"-113.82","49.62","BROCKET AGDM","3030830","2021-07-02 01:00","2021","07","02","01:00","23.7","","9.0","","39","","0.0","","25","","26","","","","","M","25","","","","NA"
"-113.82","49.62","BROCKET AGDM","3030830","2021-07-02 02:00","2021","07","02","02:00","23.9","","8.0","","36","","0.0","","27","","30","","","","","M","","","","","NA"
"-113.82","49.62","BROCKET AGDM","3030830","2021-07-02 03:00","2021","07","02","03:00","23.3","","9.1","","41","","0.0","","26","","28","","","","","M","","","","","NA"
"-113.82","49.62","BROCKET AGDM","3030830","2021-07-02 04:00","2021","07","02","04:00","22.8","","9.3","","42","","0.0","","25","","30","","","","","M","","","","","NA"
"-113.82","49.62","BROCKET AGDM","3030830","2021-07-02 05:00","2021","07","02","05:00","21.8","","9.7","","46","","0.0","","27","","18","","","","","M","","","","","NA"
"-113.82","49.62","BROCKET AGDM","3030830","2021-07-02 06:00","2021","07","02","06:00","21.8","","11.1","","50","","0.0","","25","","18","","","","","M","","","","","NA"
"-113.82","49.62","BROCKET AGDM","3030830","2021-07-02 07:00","2021","07","02","07:00","23.8","","10.6","","43","","0.0","","25","","26","","","","","M","25","","","","NA"
"-113.82","49.62","BROCKET AGDM","3030830","2021-07-02 08:00","2021","07","02","08:00","25.3","","10.1","","38","","0.0","","24","","30","","","","","M","27","","","","NA"
"-113.82","49.62","BROCKET AGDM","3030830","2021-07-02 09:00","2021","07","02","09:00","27.1","","10.2","","35","","0.0","","24","","29","","","","","M","28","","","","NA"
"-113.82","49.62","BROCKET AGDM","3030830","2021-07-02 10:00","2021","07","02","10:00","28.7","","10.6","","33","","0.0","","25","","23","","","","","M","30","","","","NA"
"-113.82","49.62","BROCKET AGDM","3030830","2021-07-02 11:00","2021","07","02","11:00","30.2","","8.7","","26","","0.0","","23","","22","","","","","M","31","","","","NA"
"-113.82","49.62","BROCKET AGDM","3030830","2021-07-02 12:00","2021","07","02","12:00","30.9","","7.4","","23","","0.0","","24","","22","","","","","M","31","","","","NA"
"-113.82","49.62","BROCKET AGDM","3030830","2021-07-02 13:00","2021","07","02","13:00","31.8","","2.8","","16","","0.0","","25","","23","","","","","M","30","","","","NA"
"-113.82","49.62","BROCKET AGDM","3030830","2021-07-02 14:00","2021","07","02","14:00","32.2","","3.4","","16","","0.0","","26","","26","","","","","M","31","","","","NA"
"-113.82","49.62","BROCKET AGDM","3030830","2021-07-02 15:00","2021","07","02","15:00","32.4","","5.0","","18","","0.0","","27","","28","","","","","M","32","","","","NA"
"-113.82","49.62","BROCKET AGDM","3030830","2021-07-02 16:00","2021","07","02","16:00","32.2","","5.3","","18","","0.0","","26","","26","","","","","M","32","","","","NA"
"-113.82","49.62","BROCKET AGDM","3030830","2021-07-02 17:00","2021","07","02","17:00","31.8","","4.1","","17","","0.0","","26","","28","","","","","M","31","","","","NA"
"-113.82","49.62","BROCKET AGDM","3030830","2021-07-02 18:00","2021","07","02","18:00","30.9","","1.8","","16","","0.0","","26","","26","","","","","M","29","","","","NA"
"-113.82","49.62","BROCKET AGDM","3030830","2021-07-02 19:00","2021","07","02","19:00","29.5","","2.6","","18","","0.0","","27","","24","","","","","M","28","","","","NA"
"-113.82","49.62","BROCKET AGDM","3030830","2021-07-02 20:00","2021","07","02","20:00","25.9","","5.1","","26","","0.0","","26","","15","","","","","M","25","","","","NA"
"-113.82","49.62","BROCKET AGDM","3030830","2021-07-02 21:00","2021","07","02","21:00","21.0","","11.4","","54","","0.0","","7","","10","","","","","M","","","","","NA"
"-113.82","49.62","BROCKET AGDM","3030830","2021-07-02 22:00","2021","07","02","22:00","17.4","","12.7","","74","","0.0","","8","","10","","","","","M","","","","","NA"
"-113.82","49.62","BROCKET AGDM","3030830","2021-07-02 23:00","2021","07","02","23:00","13.0","","11.1","","88","","0.0","","18","","4","","","","","M","","","","","NA"
"-113.82","49.62","BROCKET AGDM","3030830","2021-07-03 00:00","2021","07","03","00:00","11.7","","11.0","","95","","0.0","","18","","9","","","","","M","","","","","NA"
"-113.82","49.62","BROCKET AGDM","3030830","2021-07-03 01:00","2021","07","03","01:00","11.1","","10.8","","98","","0.0","","28","","5","","","","","M","","","","","NA"
"-113.82","49.62","BROCKET AGDM","3030830","2021-07-03 02:00","2021","07","03","02:00","12.1","","11.7","","97","","0.0","","31","","13","","","","","M","","","","","NA"
"-113.82","49.62","BROCKET AGDM","3030830","2021-07-03 03:00","2021","07","03","03:00","12.7","","11.6","","93","","0.0","","31","","14","","","","","M","","","","","NA"
"-113.82","49.62","BROCKET AGDM","3030830","2021-07-03 04:00","2021","07","03","04:00","12.3","","10.7","","90","","0.0","","32","","14","","","","","M","","","","","NA"
"-113.82","49.62","BROCKET AGDM","3030830","2021-07-03 05:00","2021","07","03","05:00","11.8","","10.2","","90","","0.0","","32","","13","","","","","M","","","","","NA"
"-113.82","49.62","BROCKET AGDM","3030830","2021-07-03 06:00","2021","07","03","06:00","12.7","","10.8","","88","","0.0","","30","","6","","","","","M","","","","","NA"
"-113.82","49.62","BROCKET AGDM","3030830","2021-07-03 07:00","2021","07","03","07:00","18.8","","13.5","","71","","0.0","","13","","1","","","","","M","","","","","NA"
"-113.82","49.62","BROCKET AGDM","3030830","2021-07-03 08:00","2021","07","03","08:00","20.1","","13.2","","65","","0.0","","16","","4","","","","","M","","","","","NA"
"-113.82","49.62","BROCKET AGDM","3030830","2021-07-03 09:00","2021","07","03","09:00","23.0","","12.3","","51","","0.0","","6","","9","","","","","M","25","","","","NA"
"-113.82","49.62","BROCKET AGDM","3030830","2021-07-03 10:00","2021","07","03","10:00","24.1","","12.9","","50","","0.0","","9","","10","","","","","M","27","","","","NA"
"-113.82","49.62","BROCKET AGDM","3030830","2021-07-03 11:00","2021","07","03","11:00","24.8","","13.1","","48","","0.0","","8","","8","","","","","M","28","","","","NA"
"-113.82","49.62","BROCKET AGDM","3030830","2021-07-03 12:00","2021","07","03","12:00","25.9","","11.7","","41","","0.0","","8","","8","","","","","M","28","","","","NA"
"-113.82","49.62","BROCKET AGDM","3030830","2021-07-03 13:00","2021","07","03","13:00","27.5","","11.5","","37","","0.0","","10","","7","","","","","M","30","","","","NA"
"-113.82","49.62","BROCKET AGDM","3030830","2021-07-03 14:00","2021","07","03","14:00","27.7","","12.3","","38","","0.0","","13","","7","","","","","M","30","","","","NA"
"-113.82","49.62","BROCKET AGDM","3030830","2021-07-03 15:00","2021","07","03","15:00","28.7","","13.3","","39","","0.0","","13","","6","","","","","M","32","","","","NA"
"-113.82","49.62","BROCKET AGDM","3030830","2021-07-03 16:00","2021","07","03","16:00","28.6","","12.7","","38","","0.0","","15","","10","","","","","M","31","","","","NA"
"-113.82","49.62","BROCKET AGDM","3030830","2021-07-03 17:00","2021","07","03","17:00","28.4","","13.4","","40","","0.0","","14","","13","","","","","M","31","","","","NA"
"-113.82","49.62","BROCKET AGDM","3030830","2021-07-03 18:00","2021","07","03","18:00","27.9","","13.1","","40","","0.0","","15","","10","","","","","M","31","","","","NA"
"-113.82","49.62","BROCKET AGDM","3030830","2021-07-03 19:00","2021","07","03","19:00","26.7","","12.3","","41","","0.0","","10","","13","","","","","M","29","","","","NA"
"-113.82","49.62","BROCKET AGDM","3030830","2021-07-03 20:00","2021","07","03","20:00","24.0","","13.1","","51","","0.0","","9","","9","","","","","M","27","","","","NA"
"-113.82","49.62","BROCKET AGDM","3030830","2021-07-03 21:00","2021","07","03","21:00","21.1","","13.3","","61","","0.0","","4","","6","","","","","M","","","","","NA"
"-113.82","49.62","BROCKET AGDM","3030830","2021-07-03 22:00","2021","07","03","22:00","18.2","","12.4","","69","","0.0","","6","","5","","","","","M","","","","","NA"
"-113.82","49.62","BROCKET AGDM","3030830","2021-07-03 23:00","2021","07","03","23:00","21.0","","12.3","","58","","0.0","","3","","16","","","","","M","","","","","NA"
"-113.82","49.62","BROCKET AGDM","3030830","2021-07-04 00:00","2021","07","04","00:00","19.6","","11.0","","58","","0.0","","4","","19","","","","","M","","","","","NA"
"-113.82","49.62","BROCKET AGDM","3030830","2021-07-04 01:00","2021","07","04","01:00","18.4","","11.3","","63","","0.0","","4","","13","","","","","M","","","","","NA"
"-113.82","49.62","BROCKET AGDM","3030830","2021-07-04 02:00","2021","07","04","02:00","16.8","","11.4","","71","","0.0","","33","","15","","","","","M","","","","","NA"
"-113.82","49.62","BROCKET AGDM","3030830","2021-07-04 03:00","2021","07","04","03:00","16.5","","13.3","","81","","0.0","","34","","15","","","","","M","","","","","NA"
"-113.82","49.62","BROCKET AGDM","3030830","2021-07-04 04:00","2021","07","04","04:00","13.9","","12.6","","92","","0.0","","21","","9","","","","","M","","","","","NA"
"-113.82","49.62","BROCKET AGDM","3030830","2021-07-04 05:00","2021","07","04","05:00","10.9","","10.7","","99","","0.0","","22","","9","","","","","M","","","","","NA"
"-113.82","49.62","BROCKET AGDM","3030830","2021-07-04 06:00","2021","07","04","06:00","13.7","","12.5","","93","","0.0","","29","","3","","","","","M","","","","","NA"
"-113.82","49.62","BROCKET AGDM","3030830","2021-07-04 07:00","2021","07","04","07:00","18.1","","13.0","","72","","0.0","","29","","2","","","","","M","","","","","NA"
"-113.82","49.62","BROCKET AGDM","3030830","2021-07-04 08:00","2021","07","04","08:00","19.8","","13.3","","66","","0.0","","21","","4","","","","","M","","","","","NA"
"-113.82","49.62","BROCKET AGDM","3030830","2021-07-04 09:00","2021","07","04","09:00","22.0","","13.7","","60","","0.0","","6","","6","","","","","M","25","","","","NA"
"-113.82","49.62","BROCKET AGDM","3030830","2021-07-04 10:00","2021","07","04","10:00","22.4","","14.0","","59","","0.0","","3","","24","","","","","M","26","","","","NA"
"-113.82","49.62","BROCKET AGDM","3030830","2021-07-04 11:00","2021","07","04","11:00","23.7","","14.5","","56","","0.0","","3","","20","","","","","M","27","","","","NA"
"-113.82","49.62","BROCKET AGDM","3030830","2021-07-04 12:00","2021","07","04","12:00","24.4","","14.3","","53","","0.0","","3","","25","","","","","M","28","","","","NA"
"-113.82","49.62","BROCKET AGDM","3030830","2021-07-04 13:00","2021","07","04","13:00","24.6","","14.3","","53","","0.0","","2","","21","","","","","M","28","","","","NA"
"-113.82","49.62","BROCKET AGDM","3030830","2021-07-04 14:00","2021","07","04","14:00","24.6","","13.5","","50","","0.0","","4","","22","","","","","M","28","","","","NA"
"-113.82","49.62","BROCKET AGDM","3030830","2021-07-04 15:00","2021","07","04","15:00","25.2","","13.1","","47","","0.0","","6","","18","","","","","M","28","","","","NA"
"-113.82","49.62","BROCKET AGDM","3030830","2021-07-04 16:00","2021","07","04","16:00","24.9","","13.3","","49","","0.0","","4","","15","","","","","M","28","","","","NA"
"-113.82","49.62","BROCKET AGDM","3030830","2021-07-04 17:00","2021","07","04","17:00","25.3","","12.8","","46","","0.0","","2","","14","","","","","M","28","","","","NA"
"-113.82","49.62","BROCKET AGDM","3030830","2021-07-04 18:00","2021","07","04","18:00","23.8","","13.0","","51","","0.0","","3","","29","","","","","M","27","","","","NA"
"-113.82","49.62","BROCKET AGDM","3030830","2021-07-04 19:00","2021","07","04","19:00","18.9","","13.1","","69","","0.0","","2","","34","","","","","M","","","","","NA"
"-113.82","49.62","BROCKET AGDM","3030830","2021-07-04 20:00","2021","07","04","20:00","17.1","","12.5","","74","","0.0","","2","","23","","","","","M","","","","","NA"
"-113.82","49.62","BROCKET AGDM","3030830","2021-07-04 21:00","2021","07","04","21:00","16.2","","13.5","","84","","0.0","","5","","14","","","","","M","","","","","NA"
"-113.82","49.62","BROCKET AGDM","3030830","2021-07-04 22:00","2021","07","04","22:00","16.2","","14.0","","87","","0.0","","8","","4","","","","","M","","","","","NA"
"-113.82","49.62","BROCKET AGDM","3030830","2021-07-04 23:00","2021","07","04","23:00","16.1","","13.8","","86","","0.0","","2","","12","","","","","M","","","","","NA"
"-113.82","49.62","BROCKET AGDM","3030830","2021-07-05 00:00","2021","07","05","00:00","16.0","","14.2","","89","","0.0","","3","","10","","","","","M","","","","","NA"
"-113.82","49.62","BROCKET AGDM","3030830","2021-07-05 01:00","2021","07","05","01:00","15.7","","14.7","","94","","0.0","","5","","10","","","","","M","","","","","NA"
"-113.82","49.62","BROCKET AGDM","3030830","2021-07-05 02:00","2021","07","05","02:00","15.6","","14.6","","94","","0.0","","6","","8","","","","","M","","","","","NA"
"-113.82","49.62","BROCKET AGDM","3030830","2021-07-05 03:00","2021","07","05","03:00","15.3","","14.2","","93","","0.0","","10","","10","","","","","M","","","","","NA"
"-113.82","49.62","BROCKET AGDM","3030830","2021-07-05 04:00","2021","07","05","04:00","15.1","","14.1","","94","","0.0","","10","","7","","","","","M","","","","","NA"
"-113.82","49.62","BROCKET AGDM","3030830","2021-07-05 05:00","2021","07","05","05:00","15.0","","13.9","","93","","0.0","","7","","10","","","","","M","","","","","NA"
"-113.82","49.62","BROCKET AGDM","3030830","2021-07-05 06:00","2021","07","05","06:00","13.3","","13.2","","100","","0.0","","5","","14","","","","","M","","","","","NA"
"-113.82","49.62","BROCKET AGDM","3030830","2021-07-05 07:00","2021","07","05","07:00","13.1","","13.1","","100","","0.0","","5","","15","","","","","M","","","","","NA"
"-113.82","49.62","BROCKET AGDM","3030830","2021-07-05 08:00","2021","07","05","08:00","13.4","","13.3","","99","","0.0","","5","","12","","","","","M","","","","","NA"
"-113.82","49.62","BROCKET AGDM","3030830","2021-07-05 09:00","2021","07","05","09:00","13.7","","13.7","","100","","0.0","","5","","14","","","","","M","","","","","NA"
"-113.82","49.62","BROCKET AGDM","3030830","2021-07-05 10:00","2021","07","05","10:00","14.0","","13.8","","99","","0.0","","5","","14","","","","","M","","","","","NA"
"-113.82","49.62","BROCKET AGDM","3030830","2021-07-05 11:00","2021","07","05","11:00","14.9","","13.9","","94","","0.0","","6","","8","","","","","M","","","","","NA"
"-113.82","49.62","BROCKET AGDM","3030830","2021-07-05 12:00","2021","07","05","12:00","16.1","","14.2","","89","","0.0","","4","","10","","","","","M","","","","","NA"
"-113.82","49.62","BROCKET AGDM","3030830","2021-07-05 13:00","2021","07","05","13:00","17.8","","14.4","","81","","0.0","","6","","10","","","","","M","","","","","NA"
"-113.82","49.62","BROCKET AGDM","3030830","2021-07-05 14:00","2021","07","05","14:00","19.7","","14.3","","71","","0.0","","7","","15","","","","","M","","","","","NA"
"-113.82","49.62","BROCKET AGDM","3030830","2021-07-05 15:00","2021","07","05","15:00","21.8","","14.2","","62","","0.0","","7","","17","","","","","M","25","","","","NA"
"-113.82","49.62","BROCKET AGDM","3030830","2021-07-05 16:00","2021","07","05","16:00","20.5","","13.8","","66","","0.0","","7","","14","","","","","M","","","","","NA"
"-113.82","49.62","BROCKET AGDM","3030830","2021-07-05 17:00","2021","07","05","17:00","20.1","","13.9","","67","","0.0","","3","","25","","","","","M","","","","","NA"
"-113.82","49.62","BROCKET AGDM","3030830","2021-07-05 18:00","2021","07","05","18:00","19.1","","13.3","","69","","0.0","","5","","28","","","","","M","","","","","NA"
"-113.82","49.62","BROCKET AGDM","3030830","2021-07-05 19:00","2021","07","05","19:00","15.6","","14.3","","92","","0.8","","36","","30","","","","","M","","","","","NA"
"-113.82","49.62","BROCKET AGDM","3030830","2021-07-05 20:00","2021","07","05","20:00","14.3","","14.0","","98","","25.4","","3","","33","","","","","M","","","","","NA"
"-113.82","49.62","BROCKET AGDM","3030830","2021-07-05 21:00","2021","07","05","21:00","14.3","","13.7","","96","","0.0","","2","","16","","","","","M","","","","","NA"
"-113.82","49.62","BROCKET AGDM","3030830","2021-07-05 22:00","2021","07","05","22:00","14.7","","14.1","","96","","0.0","","35","","8","","","","","M","","","","","NA"
"-113.82","49.62","BROCKET AGDM","3030830","2021-07-05 23:00","2021","07","05","23:00","14.7","","13.9","","96","","0.0","","3","","4","","","","","M","","","","","NA"
"-113.82","49.62","BROCKET AGDM","3030830","2021-07-06 00:00","2021","07","06","00:00","14.0","","13.9","","99","","0.0","","24","","4","","","","","M","","","","","NA"
"-113.82","49.62","BROCKET AGDM","3030830","2021-07-06 01:00","2021","07","06","01:00","13.6","","13.6","","100","","0.0","","28","","7","","","","","M","","","","","NA"
"-113.82","49.62","BROCKET AGDM","3030830","2021-07-06 02:00","2021","07","06","02:00","12.9","","12.9","","100","","0.0","","31","","11","","","","","M","","","","","NA"
"-113.82","49.62","BROCKET AGDM","3030830","2021-07-06 03:00","2021","07","06","03:00","13.3","","13.3","","100","","0.0","","27","","4","","","","","M","","","","","NA"
"-113.82","49.62","BROCKET AGDM","3030830","2021-07-06 04:00","2021","07","06","04:00","13.1","","13.1","","100","","0.0","","22","","5","","","","","M","","","","","NA"
"-113.82","49.62","BROCKET AGDM","3030830","2021-07-06 05:00","2021","07","06","05:00","11.0","","11.0","","100","","0.0","","30","","3","","","","","M","","","","","NA"
"-113.82","49.62","BROCKET AGDM","3030830","2021-07-06 06:00","2021","07","06","06:00","12.7","","12.7","","100","","0.0","","32","","2","","","","","M","","","","","NA"
"-113.82","49.62","BROCKET AGDM","3030830","2021-07-06 07:00","2021","07","06","07:00","15.5","","14.6","","95","","0.0","","2","","2","","","","","M","","","","","NA"
"-113.82","49.62","BROCKET AGDM","3030830","2021-07-06 08:00","2021","07","06","08:00","17.1","","14.8","","86","","0.0","","9","","4","","","","","M","","","","","NA"
"-113.82","49.62","BROCKET AGDM","3030830","2021-07-06 09:00","2021","07","06","09:00","17.2","","15.0","","87","","0.0","","7","","8","","","","","M","","","","","NA"
"-113.82","49.62","BROCKET AGDM","3030830","2021-07-06 10:00","2021","07","06","10:00","19.3","","15.0","","76","","0.0","","16","","6","","","","","M","","","","","NA"
"-113.82","49.62","BROCKET AGDM","3030830","2021-07-06 11:00","2021","07","06","11:00","20.7","","15.3","","71","","0.0","","12","","4","","","","","M","25","","","","NA"
"-113.82","49.62","BROCKET AGDM","3030830","2021-07-06 12:00","2021","07","06","12:00","22.0","","16.7","","72","","0.0","","9","","7","","","","","M","27","","","","NA"
"-113.82","49.62","BROCKET AGDM","3030830","2021-07-06 13:00","2021","07","06","13:00","23.3","","16.0","","63","","0.0","","10","","9","","","","","M","28","","","","NA"
"-113.82","49.62","BROCKET AGDM","3030830","2021-07-06 14:00","2021","07","06","14:00","24.2","","17.3","","66","","0.0","","6","","12","","","","","M","30","","","","NA"
"-113.82","49.62","BROCKET AGDM","3030830","2021-07-06 15:00","2021","07","06","15:00","24.6","","17.8","","66","","0.0","","7","","12","","","","","M","30","","","","NA"
"-113.82","49.62","BROCKET AGDM","3030830","2021-07-06 16:00","2021","07","06","16:00","24.3","","16.8","","63","","0.0","","6","","17","","","","","M","29","","","","NA"
"-113.82","49.62","BROCKET AGDM","3030830","2021-07-06 17:00","2021","07","06","17:00","23.6","","17.0","","66","","0.0","","5","","18","","","","","M","29","","","","NA"
"-113.82","49.62","BROCKET AGDM","3030830","2021-07-06 18:00","2021","07","06","18:00","21.9","","16.7","","72","","0.0","","6","","15","","","","","M","27","","","","NA"
"-113.82","49.62","BROCKET AGDM","3030830","2021-07-06 19:00","2021","07","06","19:00","21.8","","15.9","","69","","0.0","","7","","11","","","","","M","26","","","","NA"
"-113.82","49.62","BROCKET AGDM","3030830","2021-07-06 20:00","2021","07","06","20:00","21.0","","15.6","","71","","0.0","","4","","11","","","","","M","25","","","","NA"
"-113.82","49.62","BROCKET AGDM","3030830","2021-07-06 21:00","2021","07","06","21:00","19.0","","16.1","","84","","0.0","","3","","9","","","","","M","","","","","NA"
"-113.82","49.62","BROCKET AGDM","3030830","2021-07-06 22:00","2021","07","06","22:00","16.7","","15.5","","93","","0.0","","35","","7","","","","","M","","","","","NA"
"-113.82","49.62","BROCKET AGDM","3030830","2021-07-06 23:00","2021","07","06","23:00","15.8","","15.3","","97","","0.0","","31","","10","","","","","M","","","","","NA"
"-113.82","49.62","BROCKET AGDM","3030830","2021-07-07 00:00","2021","07","07","00:00","15.2","","14.8","","98","","0.0","","32","","9","","","","","M","","","","","NA"
"-113.82","49.62","BROCKET AGDM","3030830","2021-07-07 01:00","2021","07","07","01:00","15.0","","14.7","","98","","0.0","","31","","12","","","","","M","","","","","NA"
"-113.82","49.62","BROCKET AGDM","3030830","2021-07-07 02:00","2021","07","07","02:00","15.5","","14.7","","95","","0.0","","32","","15","","","","","M","","","","","NA"
"-113.82","49.62","BROCKET AGDM","3030830","2021-07-07 03:00","2021","07","07","03:00","14.3","","13.9","","98","","0.0","","32","","11","","","","","M","","","","","NA"
"-113.82","49.62","BROCKET AGDM","3030830","2021-07-07 04:00","2021","07","07","04:00","13.3","","13.0","","98","","0.0","","32","","12","","","","","M","","","","","NA"
"-113.82","49.62","BROCKET AGDM","3030830","2021-07-07 05:00","2021","07","07","05:00","13.5","","13.0","","97","","0.0","","32","","13","","","","","M","","","","","NA"
"-113.82","49.62","BROCKET AGDM","3030830","2021-07-07 06:00","2021","07","07","06:00","14.8","","13.3","","91","","0.0","","31","","15","","","","","M","","","","","NA"
"-113.82","49.62","BROCKET AGDM","3030830","2021-07-07 07:00","2021","07","07","07:00","17.4","","14.6","","83","","0.0","","28","","8","","","","","M","","","","","NA"
"-113.82","49.62","BROCKET AGDM","3030830","2021-07-07 08:00","2021","07","07","08:00","19.3","","16.9","","86","","0.0","","21","","5","","","","","M","","","","","NA"
"-113.82","49.62","BROCKET AGDM","3030830","2021-07-07 09:00","2021","07","07","09:00","21.2","","16.4","","74","","0.0","","22","","9","","","","","M","26","","","","NA"
"-113.82","49.62","BROCKET AGDM","3030830","2021-07-07 10:00","2021","07","07","10:00","22.5","","17.3","","72","","0.0","","17","","6","","","","","M","28","","","","NA"
"-113.82","49.62","BROCKET AGDM","3030830","2021-07-07 11:00","2021","07","07","11:00","22.9","","18.2","","75","","0.0","","22","","8","","","","","M","29","","","","NA"
"-113.82","49.62","BROCKET AGDM","3030830","2021-07-07 12:00","2021","07","07","12:00","23.3","","17.9","","72","","0.0","","12","","5","","","","","M","29","","","","NA"
"-113.82","49.62","BROCKET AGDM","3030830","2021-07-07 13:00","2021","07","07","13:00","24.0","","19.4","","76","","0.0","","14","","6","","","","","M","31","","","","NA"
"-113.82","49.62","BROCKET AGDM","3030830","2021-07-07 14:00","2021","07","07","14:00","25.3","","17.3","","61","","0.0","","6","","5","","","","","M","31","","","","NA"
"-113.82","49.62","BROCKET AGDM","3030830","2021-07-07 15:00","2021","07","07","15:00","26.4","","16.0","","53","","0.0","","17","","6","","","","","M","31","","","","NA"
"-113.82","49.62","BROCKET AGDM","3030830","2021-07-07 16:00","2021","07","07","16:00","27.0","","17.0","","54","","0.0","","16","","10","","","","","M","32","","","","NA"
"-113.82","49.62","BROCKET AGDM","3030830","2021-07-07 17:00","2021","07","07","17:00","26.0","","16.6","","56","","0.0","","","","0","","","","","M","31","","","","NA"
"-113.82","49.62","BROCKET AGDM","3030830","2021-07-07 18:00","2021","07","07","18:00","25.7","","16.4","","56","","0.0","","0","","1","","","","","M","31","","","","NA"
"-113.82","49.62","BROCKET AGDM","3030830","2021-07-07 19:00","2021","07","07","19:00","22.3","","13.4","","57","","0.0","","11","","12","","","","","M","25","","","","NA"
"-113.82","49.62","BROCKET AGDM","3030830","2021-07-07 20:00","2021","07","07","20:00","20.4","","14.8","","70","","0.0","","25","","9","","","","","M","","","","","NA"
"-113.82","49.62","BROCKET AGDM","3030830","2021-07-07 21:00","2021","07","07","21:00","15.3","","13.2","","87","","0.9","","32","","28","","","","","M","","","","","NA"
"-113.82","49.62","BROCKET AGDM","3030830","2021-07-07 22:00","2021","07","07","22:00","14.6","","11.9","","84","","2.6","","3","","11","","","","","M","","","","","NA"
"-113.82","49.62","BROCKET AGDM","3030830","2021-07-07 23:00","2021","07","07","23:00","12.0","","11.8","","99","","0.0","","22","","6","","","","","M","","","","","NA"
"-113.82","49.62","BROCKET AGDM","3030830","2021-07-08 00:00","2021","07","08","00:00","11.0","","10.9","","100","","0.0","","31","","8","","","","","M","","","","","NA"
"-113.82","49.62","BROCKET AGDM","3030830","2021-07-08 01:00","2021","07","08","01:00","10.5","","10.3","","99","","0.0","","5","","4","","","","","M","","","","","NA"
"-113.82","49.62","BROCKET AGDM","3030830","2021-07-08 02:00","2021","07","08","02:00","9.6","","9.6","","100","","0.0","","33","","11","","","","","M","","","","","NA"
"-113.82","49.62","BROCKET AGDM","3030830","2021-07-08 03:00","2021","07","08","03:00","9.8","","9.8","","100","","0.0","","31","","11","","","","","M","","","","","NA"
"-113.82","49.62","BROCKET AGDM","3030830","2021-07-08 04:00","2021","07","08","04:00","10.6","","10.3","","98","","0.0","","32","","14","","","","","M","","","","","NA"
"-113.82","49.62","BROCKET AGDM","3030830","2021-07-08 05:00","2021","07","08","05:00","12.0","","11.1","","94","","0.0","","33","","15","","","","","M","","","","","NA"
"-113.82","49.62","BROCKET AGDM","3030830","2021-07-08 06:00","2021","07","08","06:00","13.4","","11.7","","90","","0.0","","32","","10","","","","","M","","","","","NA"
"-113.82","49.62","BROCKET AGDM","3030830","2021-07-08 07:00","2021","07","08","07:00","13.5","","13.3","","99","","1.4","","12","","5","","","","","M","","","","","NA"
"-113.82","49.62","BROCKET AGDM","3030830","2021-07-08 08:00","2021","07","08","08:00","13.7","","13.6","","100","","0.0","","31","","4","","","","","M","","","","","NA"
"-113.82","49.62","BROCKET AGDM","3030830","2021-07-08 09:00","2021","07","08","09:00","14.4","","13.4","","94","","0.0","","28","","1","","","","","M","","","","","NA"
"-113.82","49.62","BROCKET AGDM","3030830","2021-07-08 10:00","2021","07","08","10:00","16.4","","12.8","","79","","0.0","","33","","12","","","","","M","","","","","NA"
"-113.82","49.62","BROCKET AGDM","3030830","2021-07-08 11:00","2021","07","08","11:00","19.7","","13.1","","66","","0.0","","36","","14","","","","","M","","","","","NA"
"-113.82","49.62","BROCKET AGDM","3030830","2021-07-08 12:00","2021","07","08","12:00","21.0","","12.4","","58","","0.0","","2","","9","","","","","M","","","","","NA"
"-113.82","49.62","BROCKET AGDM","3030830","2021-07-08 13:00","2021","07","08","13:00","22.4","","13.0","","55","","0.0","","2","","12","","","","","M","25","","","","NA"
"-113.82","49.62","BROCKET AGDM","3030830","2021-07-08 14:00","2021","07","08","14:00","23.8","","11.1","","45","","0.0","","5","","10","","","","","M","26","","","","NA"
"-113.82","49.62","BROCKET AGDM","3030830","2021-07-08 15:00","2021","07","08","15:00","23.1","","13.1","","53","","0.0","","12","","6","","","","","M","26","","","","NA"
"-113.82","49.62","BROCKET AGDM","3030830","2021-07-08 16:00","2021","07","08","16:00","23.8","","10.8","","44","","0.0","","16","","2","","","","","M","25","","","","NA"
"-113.82","49.62","BROCKET AGDM","3030830","2021-07-08 17:00","2021","07","08","17:00","24.2","","12.1","","47","","0.0","","10","","6","","","","","M","27","","","","NA"
"-113.82","49.62","BROCKET AGDM","3030830","2021-07-08 18:00","2021","07","08","18:00","23.8","","12.5","","49","","0.0","","7","","8","","","","","M","26","","","","NA"
"-113.82","49.62","BROCKET AGDM","3030830","2021-07-08 19:00","2021","07","08","19:00","22.8","","13.3","","55","","0.0","","7","","7","","","","","M","26","","","","NA"
"-113.82","49.62","BROCKET AGDM","3030830","2021-07-08 20:00","2021","07","08","20:00","20.4","","13.1","","63","","0.0","","7","","5","","","","","M","","","","","NA"
"-113.82","49.62","BROCKET AGDM","3030830","2021-07-08 21:00","2021","07","08","21:00","14.7","","13.2","","91","","0.0","","27","","7","","","","","M","","","","","NA"
"-113.82","49.62","BROCKET AGDM","3030830","2021-07-08 22:00","2021","07","08","22:00","14.6","","13.1","","90","","0.0","","32","","12","","","","","M","","","","","NA"
"-113.82","49.62","BROCKET AGDM","3030830","2021-07-08 23:00","2021","07","08","23:00","14.2","","12.5","","90","","0.0","","31","","17","","","","","M","","","","","NA"
"-113.82","49.62","BROCKET AGDM","3030830","2021-07-09 00:00","2021","07","09","00:00","15.3","","12.6","","84","","0.0","","32","","8","","","","","M","","","","","NA"
"-113.82","49.62","BROCKET AGDM","3030830","2021-07-09 01:00","2021","07","09","01:00","18.0","","11.6","","66","","0.0","","25","","20","","","","","M","","","","","NA"
"-113.82","49.62","BROCKET AGDM","3030830","2021-07-09 02:00","2021","07","09","02:00","17.8","","10.6","","63","","0.0","","26","","19","","","","","M","","","","","NA"
"-113.82","49.62","BROCKET AGDM","3030830","2021-07-09 03:00","2021","07","09","03:00","13.5","","11.8","","90","","0.0","","28","","5","","","","","M","","","","","NA"
"-113.82","49.62","BROCKET AGDM","3030830","2021-07-09 04:00","2021","07","09","04:00","12.3","","12.0","","98","","0.0","","23","","14","","","","","M","","","","","NA"
"-113.82","49.62","BROCKET AGDM","3030830","2021-07-09 05:00","2021","07","09","05:00","11.9","","11.0","","94","","0.0","","30","","12","","","","","M","","","","","NA"
"-113.82","49.62","BROCKET AGDM","3030830","2021-07-09 06:00","2021","07","09","06:00","14.3","","11.1","","81","","0.0","","29","","15","","","","","M","","","","","NA"
"-113.82","49.62","BROCKET AGDM","3030830","2021-07-09 07:00","2021","07","09","07:00","17.3","","13.5","","79","","0.0","","24","","5","","","","","M","","","","","NA"
"-113.82","49.62","BROCKET AGDM","3030830","2021-07-09 08:00","2021","07","09","08:00","20.0","","14.8","","72","","0.0","","22","","9","","","","","M","","","","","NA"
"-113.82","49.62","BROCKET AGDM","3030830","2021-07-09 09:00","2021","07","09","09:00","20.5","","14.8","","70","","0.0","","21","","6","","","","","M","","","","","NA"
"-113.82","49.62","BROCKET AGDM","3030830","2021-07-09 10:00","2021","07","09","10:00","23.5","","16.0","","63","","0.0","","8","","8","","","","","M","28","","","","NA"
"-113.82","49.62","BROCKET AGDM","3030830","2021-07-09 11:00","2021","07","09","11:00","24.7","","13.4","","49","","0.0","","8","","10","","","","","M","28","","","","NA"
"-113.82","49.62","BROCKET AGDM","3030830","2021-07-09 12:00","2021","07","09","12:00","26.0","","13.7","","47","","0.0","","8","","10","","","","","M","29","","","","NA"
"-113.82","49.62","BROCKET AGDM","3030830","2021-07-09 13:00","2021","07","09","13:00","26.5","","11.2","","39","","0.0","","2","","9","","","","","M","28","","","","NA"
"-113.82","49.62","BROCKET AGDM","3030830","2021-07-09 14:00","2021","07","09","14:00","25.3","","14.1","","50","","0.0","","24","","17","","","","","M","29","","","","NA"
"-113.82","49.62","BROCKET AGDM","3030830","2021-07-09 15:00","2021","07","09","15:00","26.7","","13.4","","44","","0.0","","28","","9","","","","","M","30","","","","NA"
"-113.82","49.62","BROCKET AGDM","3030830","2021-07-09 16:00","2021","07","09","16:00","26.1","","11.0","","39","","0.0","","25","","14","","","","","M","28","","","","NA"
"-113.82","49.62","BROCKET AGDM","3030830","2021-07-09 17:00","2021","07","09","17:00","27.5","","13.4","","42","","0.0","","21","","3","","","","","M","31","","","","NA"
"-113.82","49.62","BROCKET AGDM","3030830","2021-07-09 18:00","2021","07","09","18:00","27.1","","13.8","","44","","0.0","","10","","3","","","","","M","30","","","","NA"
"-113.82","49.62","BROCKET AGDM","3030830","2021-07-09 19:00","2021","07","09","19:00","27.5","","15.5","","48","","0.0","","","","0","","","","","M","32","","","","NA"
"-113.82","49.62","BROCKET AGDM","3030830","2021-07-09 20:00","2021","07","09","20:00","24.4","","13.5","","51","","0.0","","7","","4","","","","","M","27","","","","NA"
"-113.82","49.62","BROCKET AGDM","3030830","2021-07-09 21:00","2021","07","09","21:00","16.1","","14.1","","88","","0.0","","","","0","","","","","M","","","","","NA"
"-113.82","49.62","BROCKET AGDM","3030830","2021-07-09 22:00","2021","07","09","22:00","15.0","","12.8","","87","","0.0","","32","","14","","","","","M","","","","","NA"
"-113.82","49.62","BROCKET AGDM","3030830","2021-07-09 23:00","2021","07","09","23:00","15.6","","11.2","","75","","0.0","","31","","18","","","","","M","","","","","NA"
"-113.82","49.62","BROCKET AGDM","3030830","2021-07-10 00:00","2021","07","10","00:00","14.8","","10.4","","75","","0.0","","31","","19","","","","","M","","","","","NA"
"-113.82","49.62","BROCKET AGDM","3030830","2021-07-10 01:00","2021","07","10","01:00","14.1","","10.2","","77","","0.0","","31","","16","","","","","M","","","","","NA"
"-113.82","49.62","BROCKET AGDM","3030830","2021-07-10 02:00","2021","07","10","02:00","12.8","","10.1","","84","","0.0","","29","","15","","","","","M","","","","","NA"
"-113.82","49.62","BROCKET AGDM","3030830","2021-07-10 03:00","2021","07","10","03:00","13.2","","9.7","","79","","0.0","","29","","18","","","","","M","","","","","NA"
"-113.82","49.62","BROCKET AGDM","3030830","2021-07-10 04:00","2021","07","10","04:00","12.6","","9.6","","82","","0.0","","30","","15","","","","","M","","","","","NA"
"-113.82","49.62","BROCKET AGDM","3030830","2021-07-10 05:00","2021","07","10","05:00","11.8","","9.5","","86","","0.0","","30","","14","","","","","M","","","","","NA"
"-113.82","49.62","BROCKET AGDM","3030830","2021-07-10 06:00","2021","07","10","06:00","13.4","","11.1","","86","","0.0","","25","","9","","","","","M","","","","","NA"
"-113.82","49.62","BROCKET AGDM","3030830","2021-07-10 07:00","2021","07","10","07:00","16.5","","13.6","","83","","0.0","","21","","7","","","","","M","","","","","NA"
"-113.82","49.62","BROCKET AGDM","3030830","2021-07-10 08:00","2021","07","10","08:00","19.9","","14.4","","71","","0.0","","20","","11","","","","","M","","","","","NA"
"-113.82","49.62","BROCKET AGDM","3030830","2021-07-10 09:00","2021","07","10","09:00","23.1","","12.8","","52","","0.0","","21","","12","","","","","M","26","","","","NA"
"-113.82","49.62","BROCKET AGDM","3030830","2021-07-10 10:00","2021","07","10","10:00","25.0","","14.9","","54","","0.0","","19","","11","","","","","M","29","","","","NA"
"-113.82","49.62","BROCKET AGDM","3030830","2021-07-10 11:00","2021","07","10","11:00","28.1","","13.6","","41","","0.0","","14","","7","","","","","M","31","","","","NA"
"-113.82","49.62","BROCKET AGDM","3030830","2021-07-10 12:00","2021","07","10","12:00","28.8","","10.2","","31","","0.0","","19","","11","","","","","M","30","","","","NA"
"-113.82","49.62","BROCKET AGDM","3030830","2021-07-10 13:00","2021","07","10","13:00","28.7","","6.1","","24","","0.0","","24","","20","","","","","M","28","","","","NA"
"-113.82","49.62","BROCKET AGDM","3030830","2021-07-10 14:00","2021","07","10","14:00","29.5","","10.3","","30","","0.0","","25","","16","","","","","M","31","","","","NA"
"-113.82","49.62","BROCKET AGDM","3030830","2021-07-10 15:00","2021","07","10","15:00","29.5","","8.6","","27","","0.0","","25","","19","","","","","M","30","","","","NA"
"-113.82","49.62","BROCKET AGDM","3030830","2021-07-10 16:00","2021","07","10","16:00","29.5","","4.7","","21","","0.0","","27","","23","","","","","M","29","","","","NA"
"-113.82","49.62","BROCKET AGDM","3030830","2021-07-10 17:00","2021","07","10","17:00","29.3","","5.7","","22","","0.0","","26","","17","","","","","M","29","","","","NA"
"-113.82","49.62","BROCKET AGDM","3030830","2021-07-10 18:00","2021","07","10","18:00","28.4","","6.1","","24","","0.0","","24","","13","","","","","M","28","","","","NA"
"-113.82","49.62","BROCKET AGDM","3030830","2021-07-10 19:00","2021","07","10","19:00","26.6","","6.4","","28","","0.0","","25","","14","","","","","M","26","","","","NA"
"-113.82","49.62","BROCKET AGDM","3030830","2021-07-10 20:00","2021","07","10","20:00","21.1","","11.9","","55","","0.0","","28","","12","","","","","M","","","","","NA"
"-113.82","49.62","BROCKET AGDM","3030830","2021-07-10 21:00","2021","07","10","21:00","18.0","","7.0","","49","","0.0","","25","","8","","","","","M","","","","","NA"
"-113.82","49.62","BROCKET AGDM","3030830","2021-07-10 22:00","2021","07","10","22:00","18.5","","5.8","","43","","0.0","","27","","15","","","","","M","","","","","NA"
"-113.82","49.62","BROCKET AGDM","3030830","2021-07-10 23:00","2021","07","10","23:00","19.0","","4.9","","39","","0.0","","27","","15","","","","","M","","","","","NA"
"-113.82","49.62","BROCKET AGDM","3030830","2021-07-11 00:00","2021","07","11","00:00","18.0","","5.2","","43","","0.0","","28","","15","","","","","M","","","","","NA"
"-113.82","49.62","BROCKET AGDM","3030830","2021-07-11 01:00","2021","07","11","01:00","17.1","","5.8","","47","","0.0","","31","","14","","","","","M","","","","","NA"
"-113.82","49.62","BROCKET AGDM","3030830","2021-07-11 02:00","2021","07","11","02:00","19.3","","11.0","","59","","0.0","","34","","26","","","","","M","","","","","NA"
"-113.82","49.62","BROCKET AGDM","3030830","2021-07-11 03:00","2021","07","11","03:00","18.3","","11.6","","65","","0.0","","34","","23","","","","","M","","","","","NA"
"-113.82","49.62","BROCKET AGDM","3030830","2021-07-11 04:00","2021","07","11","04:00","16.9","","11.9","","72","","0.0","","33","","14","","","","","M","","","","","NA"
"-113.82","49.62","BROCKET AGDM","3030830","2021-07-11 05:00","2021","07","11","05:00","12.8","","11.2","","90","","0.0","","31","","10","","","","","M","","","","","NA"
"-113.82","49.62","BROCKET AGDM","3030830","2021-07-11 06:00","2021","07","11","06:00","14.1","","12.2","","89","","0.0","","30","","9","","","","","M","","","","","NA"
"-113.82","49.62","BROCKET AGDM","3030830","2021-07-11 07:00","2021","07","11","07:00","17.5","","14.5","","83","","0.0","","22","","7","","","","","M","","","","","NA"
"-113.82","49.62","BROCKET AGDM","3030830","2021-07-11 08:00","2021","07","11","08:00","20.6","","12.2","","59","","0.0","","24","","5","","","","","M","","","","","NA"
"-113.82","49.62","BROCKET AGDM","3030830","2021-07-11 09:00","2021","07","11","09:00","22.8","","9.2","","42","","0.0","","1","","8","","","","","M","","","","","NA"
"-113.82","49.62","BROCKET AGDM","3030830","2021-07-11 10:00","2021","07","11","10:00","23.3","","10.7","","45","","0.0","","5","","3","","","","","M","25","","","","NA"
"-113.82","49.62","BROCKET AGDM","3030830","2021-07-11 11:00","2021","07","11","11:00","23.8","","9.8","","41","","0.0","","3","","25","","","","","M","25","","","","NA"
"-113.82","49.62","BROCKET AGDM","3030830","2021-07-11 12:00","2021","07","11","12:00","20.9","","11.8","","56","","0.0","","1","","35","","","","","M","","","","","NA"
"-113.82","49.62","BROCKET AGDM","3030830","2021-07-11 13:00","2021","07","11","13:00","14.2","","11.6","","85","","0.8","","1","","13","","","","","M","","","","","NA"
"-113.82","49.62","BROCKET AGDM","3030830","2021-07-11 14:00","2021","07","11","14:00","18.8","","12.1","","65","","0.0","","21","","17","","","","","M","","","","","NA"
"-113.82","49.62","BROCKET AGDM","3030830","2021-07-11 15:00","2021","07","11","15:00","20.8","","12.2","","58","","0.0","","23","","15","","","","","M","","","","","NA"
"-113.82","49.62","BROCKET AGDM","3030830","2021-07-11 16:00","2021","07","11","16:00","22.0","","12.4","","54","","0.0","","18","","11","","","","","M","","","","","NA"
"-113.82","49.62","BROCKET AGDM","3030830","2021-07-11 17:00","2021","07","11","17:00","22.3","","11.5","","51","","0.0","","16","","10","","","","","M","","","","","NA"
"-113.82","49.62","BROCKET AGDM","3030830","2021-07-11 18:00","2021","07","11","18:00","22.4","","10.6","","47","","0.0","","15","","9","","","","","M","","","","","NA"
"-113.82","49.62","BROCKET AGDM","3030830","2021-07-11 19:00","2021","07","11","19:00","21.6","","13.2","","59","","0.0","","15","","8","","","","","M","25","","","","NA"
"-113.82","49.62","BROCKET AGDM","3030830","2021-07-11 20:00","2021","07","11","20:00","20.4","","12.8","","62","","0.0","","12","","7","","","","","M","","","","","NA"
"-113.82","49.62","BROCKET AGDM","3030830","2021-07-11 21:00","2021","07","11","21:00","14.4","","11.6","","83","","0.0","","4","","5","","","","","M","","","","","NA"
"-113.82","49.62","BROCKET AGDM","3030830","2021-07-11 22:00","2021","07","11","22:00","13.5","","11.7","","89","","0.0","","32","","12","","","","","M","","","","","NA"
"-113.82","49.62","BROCKET AGDM","3030830","2021-07-11 23:00","2021","07","11","23:00","13.1","","10.9","","87","","0.0","","32","","13","","","","","M","","","","","NA"
"-113.82","49.62","BROCKET AGDM","3030830","2021-07-12 00:00","2021","07","12","00:00","11.4","","10.3","","93","","0.0","","32","","8","","","","","M","","","","","NA"
"-113.82","49.62","BROCKET AGDM","3030830","2021-07-12 01:00","2021","07","12","01:00","11.6","","10.1","","91","","0.0","","32","","13","","","","","M","","","","","NA"
"-113.82","49.62","BROCKET AGDM","3030830","2021-07-12 02:00","2021","07","12","02:00","10.8","","9.7","","93","","0.0","","32","","11","","","","","M","","","","","NA"
"-113.82","49.62","BROCKET AGDM","3030830","2021-07-12 03:00","2021","07","12","03:00","10.8","","9.5","","91","","0.0","","32","","11","","","","","M","","","","","NA"
"-113.82","49.62","BROCKET AGDM","3030830","2021-07-12 04:00","2021","07","12","04:00","9.6","","9.1","","97","","0.0","","31","","10","","","","","M","","","","","NA"
"-113.82","49.62","BROCKET AGDM","3030830","2021-07-12 05:00","2021","07","12","05:00","8.1","","8.0","","99","","0.0","","33","","2","","","","","M","","","","","NA"
"-113.82","49.62","BROCKET AGDM","3030830","2021-07-12 06:00","2021","07","12","06:00","10.1","","10.1","","100","","0.0","","31","","4","","","","","M","","","","","NA"
"-113.82","49.62","BROCKET AGDM","3030830","2021-07-12 07:00","2021","07","12","07:00","12.9","","12.0","","95","","0.0","","25","","3","","","","","M","","","","","NA"
"-113.82","49.62","BROCKET AGDM","3030830","2021-07-12 08:00","2021","07","12","08:00","16.7","","12.3","","75","","0.0","","15","","5","","","","","M","","","","","NA"
"-113.82","49.62","BROCKET AGDM","3030830","2021-07-12 09:00","2021","07","12","09:00","19.0","","12.3","","65","","0.0","","8","","8","","","","","M","","","","","NA"
"-113.82","49.62","BROCKET AGDM","3030830","2021-07-12 10:00","2021","07","12","10:00","20.9","","11.4","","55","","0.0","","7","","11","","","","","M","","","","","NA"
"-113.82","49.62","BROCKET AGDM","3030830","2021-07-12 11:00","2021","07","12","11:00","22.8","","13.0","","54","","0.0","","6","","15","","","","","M","26","","","","NA"
"-113.82","49.62","BROCKET AGDM","3030830","2021-07-12 12:00","2021","07","12","12:00","23.7","","12.0","","48","","0.0","","13","","12","","","","","M","26","","","","NA"
"-113.82","49.62","BROCKET AGDM","3030830","2021-07-12 13:00","2021","07","12","13:00","24.4","","12.9","","49","","0.0","","16","","10","","","","","M","27","","","","NA"
"-113.82","49.62","BROCKET AGDM","3030830","2021-07-12 14:00","2021","07","12","14:00","25.9","","10.7","","39","","0.0","","18","","8","","","","","M","28","","","","NA"
"-113.82","49.62","BROCKET AGDM","3030830","2021-07-12 15:00","2021","07","12","15:00","27.0","","12.4","","40","","0.0","","12","","9","","","","","M","29","","","","NA"
"-113.82","49.62","BROCKET AGDM","3030830","2021-07-12 16:00","2021","07","12","16:00","27.5","","10.1","","34","","0.0","","11","","10","","","","","M","29","","","","NA"
"-113.82","49.62","BROCKET AGDM","3030830","2021-07-12 17:00","2021","07","12","17:00","27.3","","11.4","","37","","0.0","","11","","10","","","","","M","29","","","","NA"
"-113.82","49.62","BROCKET AGDM","3030830","2021-07-12 18:00","2021","07","12","18:00","26.2","","11.1","","39","","0.0","","2","","25","","","","","M","28","","","","NA"
"-113.82","49.62","BROCKET AGDM","3030830","2021-07-12 19:00","2021","07","12","19:00","24.0","","10.1","","41","","0.0","","3","","26","","","","","M","25","","","","NA"
"-113.82","49.62","BROCKET AGDM","3030830","2021-07-12 20:00","2021","07","12","20:00","22.4","","9.4","","44","","0.0","","2","","20","","","","","M","","","","","NA"
"-113.82","49.62","BROCKET AGDM","3030830","2021-07-12 21:00","2021","07","12","21:00","20.7","","10.1","","51","","0.0","","3","","19","","","","","M","","","","","NA"
"-113.82","49.62","BROCKET AGDM","3030830","2021-07-12 22:00","2021","07","12","22:00","21.4","","8.5","","44","","0.0","","3","","22","","","","","M","","","","","NA"
"-113.82","49.62","BROCKET AGDM","3030830","2021-07-12 23:00","2021","07","12","23:00","20.8","","8.2","","44","","0.0","","2","","22","","","","","M","","","","","NA"
"-113.82","49.62","BROCKET AGDM","3030830","2021-07-13 00:00","2021","07","13","00:00","19.7","","8.8","","49","","0.0","","3","","21","","","","","M","","","","","NA"
"-113.82","49.62","BROCKET AGDM","3030830","2021-07-13 01:00","2021","07","13","01:00","18.0","","9.6","","58","","0.0","","34","","11","","","","","M","","","","","NA"
"-113.82","49.62","BROCKET AGDM","3030830","2021-07-13 02:00","2021","07","13","02:00","17.6","","9.8","","60","","0.0","","33","","14","","","","","M","","","","","NA"
"-113.82","49.62","BROCKET AGDM","3030830","2021-07-13 03:00","2021","07","13","03:00","16.7","","10.5","","67","","0.0","","28","","3","","","","","M","","","","","NA"
"-113.82","49.62","BROCKET AGDM","3030830","2021-07-13 04:00","2021","07","13","04:00","12.5","","10.5","","88","","0.0","","28","","11","","","","","M","","","","","NA"
"-113.82","49.62","BROCKET AGDM","3030830","2021-07-13 05:00","2021","07","13","05:00","12.5","","10.0","","85","","0.0","","30","","14","","","","","M","","","","","NA"
"-113.82","49.62","BROCKET AGDM","3030830","2021-07-13 06:00","2021","07","13","06:00","14.7","","10.1","","74","","0.0","","30","","14","","","","","M","","","","","NA"
"-113.82","49.62","BROCKET AGDM","3030830","2021-07-13 07:00","2021","07","13","07:00","15.3","","11.3","","77","","0.0","","31","","9","","","","","M","","","","","NA"
"-113.82","49.62","BROCKET AGDM","3030830","2021-07-13 08:00","2021","07","13","08:00","15.8","","14.1","","90","","0.0","","24","","1","","","","","M","","","","","NA"
"-113.82","49.62","BROCKET AGDM","3030830","2021-07-13 09:00","2021","07","13","09:00","20.7","","11.5","","56","","0.0","","9","","5","","","","","M","","","","","NA"
"-113.82","49.62","BROCKET AGDM","3030830","2021-07-13 10:00","2021","07","13","10:00","22.0","","12.6","","55","","0.0","","10","","5","","","","","M","25","","","","NA"
"-113.82","49.62","BROCKET AGDM","3030830","2021-07-13 11:00","2021","07","13","11:00","23.6","","11.3","","46","","0.0","","12","","8","","","","","M","26","","","","NA"
"-113.82","49.62","BROCKET AGDM","3030830","2021-07-13 12:00","2021","07","13","12:00","24.9","","9.6","","38","","0.0","","31","","3","","","","","M","26","","","","NA"
"-113.82","49.62","BROCKET AGDM","3030830","2021-07-13 13:00","2021","07","13","13:00","26.7","","10.6","","37","","0.0","","15","","6","","","","","M","28","","","","NA"
"-113.82","49.62","BROCKET AGDM","3030830","2021-07-13 14:00","2021","07","13","14:00","27.0","","9.1","","32","","0.0","","20","","6","","","","","M","28","","","","NA"
"-113.82","49.62","BROCKET AGDM","3030830","2021-07-13 15:00","2021","07","13","15:00","28.4","","6.4","","25","","0.0","","10","","6","","","","","M","28","","","","NA"
"-113.82","49.62","BROCKET AGDM","3030830","2021-07-13 16:00","2021","07","13","16:00","26.7","","11.7","","39","","0.0","","17","","12","","","","","M","29","","","","NA"
"-113.82","49.62","BROCKET AGDM","3030830","2021-07-13 17:00","2021","07","13","17:00","24.9","","10.8","","41","","0.0","","18","","11","","","","","M","27","","","","NA"
"-113.82","49.62","BROCKET AGDM","3030830","2021-07-13 18:00","2021","07","13","18:00","23.8","","13.6","","53","","0.0","","17","","7","","","","","M","27","","","","NA"
"-113.82","49.62","BROCKET AGDM","3030830","2021-07-13 19:00","2021","07","13","19:00","22.6","","12.6","","53","","0.0","","15","","11","","","","","M","25","","","","NA"
"-113.82","49.62","BROCKET AGDM","3030830","2021-07-13 20:00","2021","07","13","20:00","21.4","","12.5","","57","","0.0","","16","","8","","","","","M","","","","","NA"
"-113.82","49.62","BROCKET AGDM","3030830","2021-07-13 21:00","2021","07","13","21:00","17.4","","12.3","","72","","0.0","","16","","4","","","","","M","","","","","NA"
"-113.82","49.62","BROCKET AGDM","3030830","2021-07-13 22:00","2021","07","13","22:00","13.9","","11.3","","84","","0.0","","24","","1","","","","","M","","","","","NA"
"-113.82","49.62","BROCKET AGDM","3030830","2021-07-13 23:00","2021","07","13","23:00","13.0","","10.3","","84","","0.0","","15","","3","","","","","M","","","","","NA"
"-113.82","49.62","BROCKET AGDM","3030830","2021-07-14 00:00","2021","07","14","00:00","10.6","","10.2","","97","","0.0","","31","","6","","","","","M","","","","","NA"
"-113.82","49.62","BROCKET AGDM","3030830","2021-07-14 01:00","2021","07","14","01:00","10.8","","10.7","","99","","0.0","","32","","12","","","","","M","","","","","NA"
"-113.82","49.62","BROCKET AGDM","3030830","2021-07-14 02:00","2021","07","14","02:00","11.1","","10.3","","95","","0.0","","30","","12","","","","","M","","","","","NA"
"-113.82","49.62","BROCKET AGDM","3030830","2021-07-14 03:00","2021","07","14","03:00","9.0","","9.0","","100","","0.0","","26","","7","","","","","M","","","","","NA"
"-113.82","49.62","BROCKET AGDM","3030830","2021-07-14 04:00","2021","07","14","04:00","10.2","","8.9","","92","","0.0","","29","","11","","","","","M","","","","","NA"
"-113.82","49.62","BROCKET AGDM","3030830","2021-07-14 05:00","2021","07","14","05:00","9.2","","8.6","","96","","0.0","","25","","8","","","","","M","","","","","NA"
"-113.82","49.62","BROCKET AGDM","3030830","2021-07-14 06:00","2021","07","14","06:00","10.8","","9.9","","94","","0.0","","20","","3","","","","","M","","","","","NA"
"-113.82","49.62","BROCKET AGDM","3030830","2021-07-14 07:00","2021","07","14","07:00","14.6","","12.4","","87","","0.0","","22","","9","","","","","M","","","","","NA"
"-113.82","49.62","BROCKET AGDM","3030830","2021-07-14 08:00","2021","07","14","08:00","18.0","","13.1","","73","","0.0","","21","","9","","","","","M","","","","","NA"
"-113.82","49.62","BROCKET AGDM","3030830","2021-07-14 09:00","2021","07","14","09:00","22.1","","12.9","","56","","0.0","","22","","16","","","","","M","25","","","","NA"
"-113.82","49.62","BROCKET AGDM","3030830","2021-07-14 10:00","2021","07","14","10:00","24.9","","13.1","","48","","0.0","","23","","15","","","","","M","28","","","","NA"
"-113.82","49.62","BROCKET AGDM","3030830","2021-07-14 11:00","2021","07","14","11:00","27.6","","13.2","","41","","0.0","","17","","11","","","","","M","31","","","","NA"
"-113.82","49.62","BROCKET AGDM","3030830","2021-07-14 12:00","2021","07","14","12:00","30.3","","11.4","","31","","0.0","","24","","14","","","","","M","32","","","","NA"
"-113.82","49.62","BROCKET AGDM","3030830","2021-07-14 13:00","2021","07","14","13:00","30.8","","7.1","","23","","0.0","","25","","24","","","","","M","31","","","","NA"
"-113.82","49.62","BROCKET AGDM","3030830","2021-07-14 14:00","2021","07","14","14:00","29.9","","7.1","","24","","0.0","","24","","22","","","","","M","30","","","","NA"
"-113.82","49.62","BROCKET AGDM","3030830","2021-07-14 15:00","2021","07","14","15:00","30.4","","6.6","","22","","0.0","","23","","20","","","","","M","30","","","","NA"
"-113.82","49.62","BROCKET AGDM","3030830","2021-07-14 16:00","2021","07","14","16:00","30.4","","4.3","","19","","0.0","","23","","20","","","","","M","29","","","","NA"
"-113.82","49.62","BROCKET AGDM","3030830","2021-07-14 17:00","2021","07","14","17:00","29.4","","6.1","","23","","0.0","","26","","15","","","","","M","29","","","","NA"
"-113.82","49.62","BROCKET AGDM","3030830","2021-07-14 18:00","2021","07","14","18:00","28.9","","8.2","","27","","0.0","","26","","15","","","","","M","29","","","","NA"
"-113.82","49.62","BROCKET AGDM","3030830","2021-07-14 19:00","2021","07","14","19:00","26.9","","9.6","","34","","0.0","","24","","13","","","","","M","28","","","","NA"
"-113.82","49.62","BROCKET AGDM","3030830","2021-07-14 20:00","2021","07","14","20:00","23.1","","6.9","","35","","0.0","","26","","13","","","","","M","","","","","NA"
"-113.82","49.62","BROCKET AGDM","3030830","2021-07-14 21:00","2021","07","14","21:00","20.3","","7.6","","44","","0.0","","27","","14","","","","","M","","","","","NA"
"-113.82","49.62","BROCKET AGDM","3030830","2021-07-14 22:00","2021","07","14","22:00","16.7","","8.0","","57","","0.0","","24","","8","","","","","M","","","","","NA"
"-113.82","49.62","BROCKET AGDM","3030830","2021-07-14 23:00","2021","07","14","23:00","14.1","","8.7","","70","","0.0","","21","","14","","","","","M","","","","","NA"
"-113.82","49.62","BROCKET AGDM","3030830","2021-07-15 00:00","2021","07","15","00:00","12.7","","8.4","","75","","0.0","","24","","6","","","","","M","","","","","NA"
"-113.82","49.62","BROCKET AGDM","3030830","2021-07-15 01:00","2021","07","15","01:00","17.8","","5.1","","43","","0.0","","26","","19","","","","","M","","","","","NA"
"-113.82","49.62","BROCKET AGDM","3030830","2021-07-15 02:00","2021","07","15","02:00","17.2","","6.1","","48","","0.0","","24","","11","","","","","M","","","","","NA"
"-113.82","49.62","BROCKET AGDM","3030830","2021-07-15 03:00","2021","07","15","03:00","12.8","","7.7","","71","","0.0","","26","","5","","","","","M","","","","","NA"
"-113.82","49.62","BROCKET AGDM","3030830","2021-07-15 04:00","2021","07","15","04:00","12.2","","7.4","","73","","0.0","","20","","5","","","","","M","","","","","NA"
"-113.82","49.62","BROCKET AGDM","3030830","2021-07-15 05:00","2021","07","15","05:00","11.7","","7.1","","74","","0.0","","29","","6","","","","","M","","","","","NA"
"-113.82","49.62","BROCKET AGDM","3030830","2021-07-15 06:00","2021","07","15","06:00","18.4","","6.3","","45","","0.0","","31","","9","","","","","M","","","","","NA"
"-113.82","49.62","BROCKET AGDM","3030830","2021-07-15 07:00","2021","07","15","07:00","18.7","","7.9","","49","","0.0","","25","","3","","","","","M","","","","","NA"
"-113.82","49.62","BROCKET AGDM","3030830","2021-07-15 08:00","2021","07","15","08:00","21.3","","7.5","","41","","0.0","","26","","16","","","","","M","","","","","NA"
"-113.82","49.62","BROCKET AGDM","3030830","2021-07-15 09:00","2021","07","15","09:00","25.3","","6.9","","31","","0.0","","23","","16","","","","","M","25","","","","NA"
"-113.82","49.62","BROCKET AGDM","3030830","2021-07-15 10:00","2021","07","15","10:00","26.5","","9.2","","34","","0.0","","25","","14","","","","","M","27","","","","NA"
"-113.82","49.62","BROCKET AGDM","3030830","2021-07-15 11:00","2021","07","15","11:00","27.5","","3.5","","21","","0.0","","25","","26","","","","","M","26","","","","NA"
"-113.82","49.62","BROCKET AGDM","3030830","2021-07-15 12:00","2021","07","15","12:00","29.0","","4.1","","20","","0.0","","25","","24","","","","","M","28","","","","NA"
"-113.82","49.62","BROCKET AGDM","3030830","2021-07-15 13:00","2021","07","15","13:00","29.9","","2.2","","17","","0.0","","26","","22","","","","","M","28","","","","NA"
"-113.82","49.62","BROCKET AGDM","3030830","2021-07-15 14:00","2021","07","15","14:00","31.7","","0.9","","14","","0.0","","26","","15","","","","","M","30","","","","NA"
"-113.82","49.62","BROCKET AGDM","3030830","2021-07-15 15:00","2021","07","15","15:00","32.2","","0.2","","13","","0.0","","27","","21","","","","","M","30","","","","NA"
"-113.82","49.62","BROCKET AGDM","3030830","2021-07-15 16:00","2021","07","15","16:00","32.1","","0.2","","13","","0.0","","27","","21","","","","","M","30","","","","NA"
"-113.82","49.62","BROCKET AGDM","3030830","2021-07-15 17:00","2021","07","15","17:00","31.3","","0.7","","14","","0.0","","25","","15","","","","","M","29","","","","NA"
"-113.82","49.62","BROCKET AGDM","3030830","2021-07-15 18:00","2021","07","15","18:00","30.6","","0.0","","14","","0.0","","27","","19","","","","","M","28","","","","NA"
"-113.82","49.62","BROCKET AGDM","3030830","2021-07-15 19:00","2021","07","15","19:00","28.5","","1.3","","17","","0.0","","26","","15","","","","","M","27","","","","NA"
"-113.82","49.62","BROCKET AGDM","3030830","2021-07-15 20:00","2021","07","15","20:00","22.2","","5.4","","34","","0.0","","27","","15","","","","","M","","","","","NA"
"-113.82","49.62","BROCKET AGDM","3030830","2021-07-15 21:00","2021","07","15","21:00","20.1","","-0.9","","24","","0.0","","27","","16","","","","","M","","","","","NA"
"-113.82","49.62","BROCKET AGDM","3030830","2021-07-15 22:00","2021","07","15","22:00","20.1","","-1.0","","24","","0.0","","28","","22","","","","","M","","","","","NA"
"-113.82","49.62","BROCKET AGDM","3030830","2021-07-15 23:00","2021","07","15","23:00","17.4","","0.8","","33","","0.0","","26","","12","","","","","M","","","","","NA"
"-113.82","49.62","BROCKET AGDM","3030830","2021-07-16 00:00","2021","07","16","00:00","15.8","","2.3","","40","","0.0","","27","","14","","","","","M","","","","","NA"
"-113.82","49.62","BROCKET AGDM","3030830","2021-07-16 01:00","2021","07","16","01:00","17.7","","1.5","","34","","0.0","","32","","18","","","","","M","","","","","NA"
"-113.82","49.62","BROCKET AGDM","3030830","2021-07-16 02:00","2021","07","16","02:00","14.2","","2.6","","46","","0.0","","30","","14","","","","","M","","","","","NA"
"-113.82","49.62","BROCKET AGDM","3030830","2021-07-16 03:00","2021","07","16","03:00","14.2","","10.9","","81","","0.0","","21","","5","","","","","M","","","","","NA"
"-113.82","49.62","BROCKET AGDM","3030830","2021-07-16 04:00","2021","07","16","04:00","14.9","","9.6","","71","","0.0","","17","","9","","","","","M","","","","","NA"
"-113.82","49.62","BROCKET AGDM","3030830","2021-07-16 05:00","2021","07","16","05:00","17.0","","10.7","","66","","0.0","","1","","7","","","","","M","","","","","NA"
"-113.82","49.62","BROCKET AGDM","3030830","2021-07-16 06:00","2021","07","16","06:00","17.3","","9.0","","58","","0.0","","33","","12","","","","","M","","","","","NA"
"-113.82","49.62","BROCKET AGDM","3030830","2021-07-16 07:00","2021","07","16","07:00","18.6","","8.1","","50","","0.0","","33","","10","","","","","M","","","","","NA"
"-113.82","49.62","BROCKET AGDM","3030830","2021-07-16 08:00","2021","07","16","08:00","20.9","","7.2","","41","","0.0","","32","","12","","","","","M","","","","","NA"
"-113.82","49.62","BROCKET AGDM","3030830","2021-07-16 09:00","2021","07","16","09:00","22.0","","7.3","","39","","0.0","","35","","15","","","","","M","","","","","NA"
"-113.82","49.62","BROCKET AGDM","3030830","2021-07-16 10:00","2021","07","16","10:00","23.1","","7.3","","36","","0.0","","34","","8","","","","","M","","","","","NA"
"-113.82","49.62","BROCKET AGDM","3030830","2021-07-16 11:00","2021","07","16","11:00","24.5","","7.7","","34","","0.0","","14","","5","","","","","M","25","","","","NA"
"-113.82","49.62","BROCKET AGDM","3030830","2021-07-16 12:00","2021","07","16","12:00","26.4","","8.6","","32","","0.0","","6","","11","","","","","M","27","","","","NA"
"-113.82","49.62","BROCKET AGDM","3030830","2021-07-16 13:00","2021","07","16","13:00","27.0","","11.5","","38","","0.0","","7","","20","","","","","M","29","","","","NA"
"-113.82","49.62","BROCKET AGDM","3030830","2021-07-16 14:00","2021","07","16","14:00","27.0","","11.1","","37","","0.0","","8","","14","","","","","M","29","","","","NA"
"-113.82","49.62","BROCKET AGDM","3030830","2021-07-16 15:00","2021","07","16","15:00","27.6","","10.8","","35","","0.0","","6","","9","","","","","M","29","","","","NA"
"-113.82","49.62","BROCKET AGDM","3030830","2021-07-16 16:00","2021","07","16","16:00","27.9","","11.2","","35","","0.0","","6","","10","","","","","M","30","","","","NA"
"-113.82","49.62","BROCKET AGDM","3030830","2021-07-16 17:00","2021","07","16","17:00","27.9","","10.9","","35","","0.0","","5","","9","","","","","M","30","","","","NA"
"-113.82","49.62","BROCKET AGDM","3030830","2021-07-16 18:00","2021","07","16","18:00","26.4","","10.8","","38","","0.0","","5","","12","","","","","M","28","","","","NA"
"-113.82","49.62","BROCKET AGDM","3030830","2021-07-16 19:00","2021","07","16","19:00","25.0","","11.6","","43","","0.0","","9","","8","","","","","M","27","","","","NA"
"-113.82","49.62","BROCKET AGDM","3030830","2021-07-16 20:00","2021","07","16","20:00","22.7","","12.1","","51","","0.0","","7","","9","","","","","M","25","","","","NA"
"-113.82","49.62","BROCKET AGDM","3030830","2021-07-16 21:00","2021","07","16","21:00","18.7","","12.2","","66","","0.0","","7","","8","","","","","M","","","","","NA"
"-113.82","49.62","BROCKET AGDM","3030830","2021-07-16 22:00","2021","07","16","22:00","14.9","","11.9","","82","","0.0","","32","","11","","","","","M","","","","","NA"
"-113.82","49.62","BROCKET AGDM","3030830","2021-07-16 23:00","2021","07","16","23:00","15.0","","11.4","","79","","0.0","","30","","16","","","","","M","","","","","NA"
"-113.82","49.62","BROCKET AGDM","3030830","2021-07-17 00:00","2021","07","17","00:00","13.3","","10.5","","83","","0.0","","27","","2","","","","","M","","","","","NA"
"-113.82","49.62","BROCKET AGDM","3030830","2021-07-17 01:00","2021","07","17","01:00","17.1","","9.5","","61","","0.0","","24","","16","","","","","M","","","","","NA"
"-113.82","49.62","BROCKET AGDM","3030830","2021-07-17 02:00","2021","07","17","02:00","14.5","","9.7","","73","","0.0","","25","","10","","","","","M","","","","","NA"
"-113.82","49.62","BROCKET AGDM","3030830","2021-07-17 03:00","2021","07","17","03:00","12.8","","5.1","","60","","0.0","","25","","11","","","","","M","","","","","NA"
"-113.82","49.62","BROCKET AGDM","3030830","2021-07-17 04:00","2021","07","17","04:00","12.8","","7.0","","68","","0.0","","23","","7","","","","","M","","","","","NA"
"-113.82","49.62","BROCKET AGDM","3030830","2021-07-17 05:00","2021","07","17","05:00","15.2","","4.9","","50","","0.0","","24","","12","","","","","M","","","","","NA"
"-113.82","49.62","BROCKET AGDM","3030830","2021-07-17 06:00","2021","07","17","06:00","18.6","","4.1","","38","","0.0","","25","","17","","","","","M","","","","","NA"
"-113.82","49.62","BROCKET AGDM","3030830","2021-07-17 07:00","2021","07","17","07:00","20.1","","4.3","","35","","0.0","","24","","21","","","","","M","","","","","NA"
"-113.82","49.62","BROCKET AGDM","3030830","2021-07-17 08:00","2021","07","17","08:00","22.4","","6.0","","34","","0.0","","22","","11","","","","","M","","","","","NA"
"-113.82","49.62","BROCKET AGDM","3030830","2021-07-17 09:00","2021","07","17","09:00","23.5","","5.6","","31","","0.0","","24","","24","","","","","M","","","","","NA"
"-113.82","49.62","BROCKET AGDM","3030830","2021-07-17 10:00","2021","07","17","10:00","25.1","","4.7","","27","","0.0","","23","","21","","","","","M","","","","","NA"
"-113.82","49.62","BROCKET AGDM","3030830","2021-07-17 11:00","2021","07","17","11:00","26.8","","5.4","","26","","0.0","","23","","13","","","","","M","26","","","","NA"
"-113.82","49.62","BROCKET AGDM","3030830","2021-07-17 12:00","2021","07","17","12:00","28.2","","3.9","","21","","0.0","","25","","15","","","","","M","27","","","","NA"
"-113.82","49.62","BROCKET AGDM","3030830","2021-07-17 13:00","2021","07","17","13:00","29.0","","4.3","","21","","0.0","","22","","7","","","","","M","28","","","","NA"
"-113.82","49.62","BROCKET AGDM","3030830","2021-07-17 14:00","2021","07","17","14:00","29.9","","3.5","","19","","0.0","","24","","15","","","","","M","29","","","","NA"
"-113.82","49.62","BROCKET AGDM","3030830","2021-07-17 15:00","2021","07","17","15:00","30.3","","3.3","","18","","0.0","","25","","19","","","","","M","29","","","","NA"
"-113.82","49.62","BROCKET AGDM","3030830","2021-07-17 16:00","2021","07","17","16:00","30.3","","4.5","","20","","0.0","","25","","19","","","","","M","29","","","","NA"
"-113.82","49.62","BROCKET AGDM","3030830","2021-07-17 17:00","2021","07","17","17:00","30.1","","3.7","","19","","0.0","","26","","16","","","","","M","29","","","","NA"
"-113.82","49.62","BROCKET AGDM","3030830","2021-07-17 18:00","2021","07","17","18:00","29.6","","5.3","","21","","0.0","","27","","13","","","","","M","29","","","","NA"
"-113.82","49.62","BROCKET AGDM","3030830","2021-07-17 19:00","2021","07","17","19:00","28.0","","6.2","","25","","0.0","","29","","8","","","","","M","28","","","","NA"
"-113.82","49.62","BROCKET AGDM","3030830","2021-07-17 20:00","2021","07","17","20:00","21.9","","10.5","","48","","0.0","","30","","10","","","","","M","","","","","NA"
"-113.82","49.62","BROCKET AGDM","3030830","2021-07-17 21:00","2021","07","17","21:00","19.2","","6.1","","42","","0.0","","32","","17","","","","","M","","","","","NA"
"-113.82","49.62","BROCKET AGDM","3030830","2021-07-17 22:00","2021","07","17","22:00","21.7","","10.2","","48","","0.0","","2","","21","","","","","M","","","","","NA"
"-113.82","49.62","BROCKET AGDM","3030830","2021-07-17 23:00","2021","07","17","23:00","18.6","","11.8","","65","","0.0","","34","","14","","","","","M","","","","","NA"
"-113.82","49.62","BROCKET AGDM","3030830","2021-07-18 00:00","2021","07","18","00:00","17.3","","12.6","","74","","0.0","","35","","21","","","","","M","","","","","NA"
"-113.82","49.62","BROCKET AGDM","3030830","2021-07-18 01:00","2021","07","18","01:00","16.0","","12.7","","81","","0.0","","35","","20","","","","","M","","","","","NA"
"-113.82","49.62","BROCKET AGDM","3030830","2021-07-18 02:00","2021","07","18","02:00","14.5","","12.6","","88","","0.0","","34","","6","","","","","M","","","","","NA"
"-113.82","49.62","BROCKET AGDM","3030830","2021-07-18 03:00","2021","07","18","03:00","13.3","","12.5","","95","","0.0","","11","","2","","","","","M","","","","","NA"
"-113.82","49.62","BROCKET AGDM","3030830","2021-07-18 04:00","2021","07","18","04:00","13.5","","12.9","","96","","0.0","","7","","8","","","","","M","","","","","NA"
"-113.82","49.62","BROCKET AGDM","3030830","2021-07-18 05:00","2021","07","18","05:00","14.6","","13.0","","91","","0.0","","4","","11","","","","","M","","","","","NA"
"-113.82","49.62","BROCKET AGDM","3030830","2021-07-18 06:00","2021","07","18","06:00","15.0","","13.3","","90","","0.0","","5","","9","","","","","M","","","","","NA"
"-113.82","49.62","BROCKET AGDM","3030830","2021-07-18 07:00","2021","07","18","07:00","15.1","","13.4","","90","","0.0","","6","","11","","","","","M","","","","","NA"
"-113.82","49.62","BROCKET AGDM","3030830","2021-07-18 08:00","2021","07","18","08:00","15.2","","13.9","","92","","0.0","","7","","11","","","","","M","","","","","NA"
"-113.82","49.62","BROCKET AGDM","3030830","2021-07-18 09:00","2021","07","18","09:00","15.4","","14.2","","92","","0.0","","7","","11","","","","","M","","","","","NA"
"-113.82","49.62","BROCKET AGDM","3030830","2021-07-18 10:00","2021","07","18","10:00","15.2","","14.1","","93","","0.0","","12","","6","","","","","M","","","","","NA"
"-113.82","49.62","BROCKET AGDM","3030830","2021-07-18 11:00","2021","07","18","11:00","16.3","","14.1","","87","","0.0","","14","","6","","","","","M","","","","","NA"
"-113.82","49.62","BROCKET AGDM","3030830","2021-07-18 12:00","2021","07","18","12:00","17.7","","13.7","","78","","0.0","","17","","4","","","","","M","","","","","NA"
"-113.82","49.62","BROCKET AGDM","3030830","2021-07-18 13:00","2021","07","18","13:00","19.1","","14.3","","73","","0.0","","16","","6","","","","","M","","","","","NA"
"-113.82","49.62","BROCKET AGDM","3030830","2021-07-18 14:00","2021","07","18","14:00","20.9","","13.8","","64","","0.0","","14","","8","","","","","M","","","","","NA"
"-113.82","49.62","BROCKET AGDM","3030830","2021-07-18 15:00","2021","07","18","15:00","22.4","","14.4","","60","","0.0","","15","","10","","","","","M","26","","","","NA"
"-113.82","49.62","BROCKET AGDM","3030830","2021-07-18 16:00","2021","07","18","16:00","23.1","","14.3","","58","","0.0","","14","","11","","","","","M","27","","","","NA"
"-113.82","49.62","BROCKET AGDM","3030830","2021-07-18 17:00","2021","07","18","17:00","24.1","","14.7","","56","","0.0","","14","","8","","","","","M","28","","","","NA"
"-113.82","49.62","BROCKET AGDM","3030830","2021-07-18 18:00","2021","07","18","18:00","24.3","","16.1","","60","","0.0","","18","","5","","","","","M","29","","","","NA"
"-113.82","49.62","BROCKET AGDM","3030830","2021-07-18 19:00","2021","07","18","19:00","23.2","","16.4","","66","","0.0","","9","","5","","","","","M","28","","","","NA"
"-113.82","49.62","BROCKET AGDM","3030830","2021-07-18 20:00","2021","07","18","20:00","19.5","","15.2","","76","","0.0","","4","","13","","","","","M","","","","","NA"
"-113.82","49.62","BROCKET AGDM","3030830","2021-07-18 21:00","2021","07","18","21:00","16.3","","14.9","","92","","0.0","","5","","16","","","","","M","","","","","NA"
"-113.82","49.62","BROCKET AGDM","3030830","2021-07-18 22:00","2021","07","18","22:00","14.7","","14.4","","98","","0.0","","6","","13","","","","","M","","","","","NA"
"-113.82","49.62","BROCKET AGDM","3030830","2021-07-18 23:00","2021","07","18","23:00","13.9","","13.4","","97","","0.0","","35","","7","","","","","M","","","","","NA"
"-113.82","49.62","BROCKET AGDM","3030830","2021-07-19 00:00","2021","07","19","00:00","11.3","","11.3","","100","","0.0","","26","","6","","","","","M","","","","","NA"
"-113.82","49.62","BROCKET AGDM","3030830","2021-07-19 01:00","2021","07","19","01:00","12.2","","12.2","","100","","0.0","","30","","11","","","","","M","","","","","NA"
"-113.82","49.62","BROCKET AGDM","3030830","2021-07-19 02:00","2021","07","19","02:00","12.7","","12.7","","100","","0.0","","29","","15","","","","","M","","","","","NA"
"-113.82","49.62","BROCKET AGDM","3030830","2021-07-19 03:00","2021","07","19","03:00","10.9","","10.9","","100","","0.0","","30","","9","","","","","M","","","","","NA"
"-113.82","49.62","BROCKET AGDM","3030830","2021-07-19 04:00","2021","07","19","04:00","11.0","","11.0","","100","","0.0","","31","","12","","","","","M","","","","","NA"
"-113.82","49.62","BROCKET AGDM","3030830","2021-07-19 05:00","2021","07","19","05:00","11.1","","11.1","","100","","0.0","","10","","2","","","","","M","","","","","NA"
"-113.82","49.62","BROCKET AGDM","3030830","2021-07-19 06:00","2021","07","19","06:00","11.1","","11.1","","100","","0.0","","27","","2","","","","","M","","","","","NA"
"-113.82","49.62","BROCKET AGDM","3030830","2021-07-19 07:00","2021","07","19","07:00","12.2","","12.2","","100","","0.0","","11","","2","","","","","M","","","","","NA"
"-113.82","49.62","BROCKET AGDM","3030830","2021-07-19 08:00","2021","07","19","08:00","13.1","","13.1","","100","","0.0","","","","0","","","","","M","","","","","NA"
"-113.82","49.62","BROCKET AGDM","3030830","2021-07-19 09:00","2021","07","19","09:00","13.8","","13.8","","100","","0.0","","21","","1","","","","","M","","","","","NA"
"-113.82","49.62","BROCKET AGDM","3030830","2021-07-19 10:00","2021","07","19","10:00","14.5","","14.5","","100","","0.0","","22","","2","","","","","M","","","","","NA"
"-113.82","49.62","BROCKET AGDM","3030830","2021-07-19 11:00","2021","07","19","11:00","16.8","","16.1","","96","","0.0","","26","","12","","","","","M","","","","","NA"
"-113.82","49.62","BROCKET AGDM","3030830","2021-07-19 12:00","2021","07","19","12:00","20.8","","15.8","","73","","0.0","","27","","8","","","","","M","25","","","","NA"
"-113.82","49.62","BROCKET AGDM","3030830","2021-07-19 13:00","2021","07","19","13:00","22.5","","15.5","","65","","0.0","","17","","7","","","","","M","27","","","","NA"
"-113.82","49.62","BROCKET AGDM","3030830","2021-07-19 14:00","2021","07","19","14:00","22.3","","15.7","","66","","0.0","","19","","9","","","","","M","27","","","","NA"
"-113.82","49.62","BROCKET AGDM","3030830","2021-07-19 15:00","2021","07","19","15:00","22.1","","15.8","","68","","0.0","","16","","7","","","","","M","27","","","","NA"
"-113.82","49.62","BROCKET AGDM","3030830","2021-07-19 16:00","2021","07","19","16:00","23.4","","15.8","","62","","0.0","","19","","6","","","","","M","28","","","","NA"
"-113.82","49.62","BROCKET AGDM","3030830","2021-07-19 17:00","2021","07","19","17:00","23.4","","15.9","","63","","0.0","","18","","4","","","","","M","28","","","","NA"
"-113.82","49.62","BROCKET AGDM","3030830","2021-07-19 18:00","2021","07","19","18:00","22.5","","17.0","","71","","0.0","","19","","8","","","","","M","28","","","","NA"
"-113.82","49.62","BROCKET AGDM","3030830","2021-07-19 19:00","2021","07","19","19:00","21.0","","17.7","","82","","0.0","","20","","6","","","","","M","27","","","","NA"
"-113.82","49.62","BROCKET AGDM","3030830","2021-07-19 20:00","2021","07","19","20:00","19.4","","16.8","","85","","0.0","","16","","5","","","","","M","","","","","NA"
"-113.82","49.62","BROCKET AGDM","3030830","2021-07-19 21:00","2021","07","19","21:00","17.3","","15.9","","91","","0.0","","5","","11","","","","","M","","","","","NA"
"-113.82","49.62","BROCKET AGDM","3030830","2021-07-19 22:00","2021","07","19","22:00","15.6","","15.3","","98","","0.0","","6","","9","","","","","M","","","","","NA"
"-113.82","49.62","BROCKET AGDM","3030830","2021-07-19 23:00","2021","07","19","23:00","15.1","","15.1","","100","","0.0","","4","","10","","","","","M","","","","","NA"
"-113.82","49.62","BROCKET AGDM","3030830","2021-07-20 00:00","2021","07","20","00:00","14.4","","14.4","","100","","0.0","","5","","8","","","","","M","","","","","NA"
"-113.82","49.62","BROCKET AGDM","3030830","2021-07-20 01:00","2021","07","20","01:00","15.0","","15.0","","100","","0.0","","4","","10","","","","","M","","","","","NA"
"-113.82","49.62","BROCKET AGDM","3030830","2021-07-20 02:00","2021","07","20","02:00","15.0","","15.0","","100","","0.0","","3","","9","","","","","M","","","","","NA"
"-113.82","49.62","BROCKET AGDM","3030830","2021-07-20 03:00","2021","07","20","03:00","15.1","","15.1","","100","","0.0","","5","","11","","","","","M","","","","","NA"
"-113.82","49.62","BROCKET AGDM","3030830","2021-07-20 04:00","2021","07","20","04:00","15.1","","15.1","","100","","0.0","","5","","11","","","","","M","","","","","NA"
"-113.82","49.62","BROCKET AGDM","3030830","2021-07-20 05:00","2021","07","20","05:00","15.0","","15.0","","100","","0.0","","5","","7","","","","","M","","","","","NA"
"-113.82","49.62","BROCKET AGDM","3030830","2021-07-20 06:00","2021","07","20","06:00","15.2","","15.2","","100","","0.0","","8","","3","","","","","M","","","","","NA"
"-113.82","49.62","BROCKET AGDM","3030830","2021-07-20 07:00","2021","07","20","07:00","15.3","","15.3","","100","","0.0","","0","","1","","","","","M","","","","","NA"
"-113.82","49.62","BROCKET AGDM","3030830","2021-07-20 08:00","2021","07","20","08:00","15.5","","15.5","","100","","0.0","","18","","2","","","","","M","","","","","NA"
"-113.82","49.62","BROCKET AGDM","3030830","2021-07-20 09:00","2021","07","20","09:00","16.2","","15.9","","98","","0.0","","21","","4","","","","","M","","","","","NA"
"-113.82","49.62","BROCKET AGDM","3030830","2021-07-20 10:00","2021","07","20","10:00","18.0","","16.2","","89","","0.0","","19","","6","","","","","M","","","","","NA"
"-113.82","49.62","BROCKET AGDM","3030830","2021-07-20 11:00","2021","07","20","11:00","19.4","","16.8","","85","","0.0","","16","","7","","","","","M","","","","","NA"
"-113.82","49.62","BROCKET AGDM","3030830","2021-07-20 12:00","2021","07","20","12:00","19.7","","17.4","","87","","0.0","","16","","5","","","","","M","","","","","NA"
"-113.82","49.62","BROCKET AGDM","3030830","2021-07-20 13:00","2021","07","20","13:00","25.4","","15.6","","55","","0.0","","14","","7","","","","","M","30","","","","NA"
"-113.82","49.62","BROCKET AGDM","3030830","2021-07-20 14:00","2021","07","20","14:00","30.9","","6.9","","22","","0.0","","26","","21","","","","","M","31","","","","NA"
"-113.82","49.62","BROCKET AGDM","3030830","2021-07-20 15:00","2021","07","20","15:00","30.6","","6.2","","22","","0.0","","22","","22","","","","","M","30","","","","NA"
"-113.82","49.62","BROCKET AGDM","3030830","2021-07-20 16:00","2021","07","20","16:00","29.5","","6.4","","23","","0.0","","25","","23","","","","","M","29","","","","NA"
"-113.82","49.62","BROCKET AGDM","3030830","2021-07-20 17:00","2021","07","20","17:00","28.1","","7.8","","28","","0.0","","20","","16","","","","","M","28","","","","NA"
"-113.82","49.62","BROCKET AGDM","3030830","2021-07-20 18:00","2021","07","20","18:00","27.0","","7.4","","29","","0.0","","23","","16","","","","","M","27","","","","NA"
"-113.82","49.62","BROCKET AGDM","3030830","2021-07-20 19:00","2021","07","20","19:00","27.2","","8.0","","30","","0.0","","23","","18","","","","","M","28","","","","NA"
"-113.82","49.62","BROCKET AGDM","3030830","2021-07-20 20:00","2021","07","20","20:00","24.3","","9.2","","38","","0.0","","21","","6","","","","","M","25","","","","NA"
"-113.82","49.62","BROCKET AGDM","3030830","2021-07-20 21:00","2021","07","20","21:00","18.5","","9.4","","55","","0.0","","22","","17","","","","","M","","","","","NA"
"-113.82","49.62","BROCKET AGDM","3030830","2021-07-20 22:00","2021","07","20","22:00","18.3","","8.0","","51","","0.0","","24","","23","","","","","M","","","","","NA"
"-113.82","49.62","BROCKET AGDM","3030830","2021-07-20 23:00","2021","07","20","23:00","19.3","","8.3","","49","","0.0","","25","","21","","","","","M","","","","","NA"
"-113.82","49.62","BROCKET AGDM","3030830","2021-07-21 00:00","2021","07","21","00:00","21.1","","8.2","","44","","0.0","","24","","23","","","","","M","","","","","NA"
"-113.82","49.62","BROCKET AGDM","3030830","2021-07-21 01:00","2021","07","21","01:00","15.1","","13.2","","88","","0.0","","11","","4","","","","","M","","","","","NA"
"-113.82","49.62","BROCKET AGDM","3030830","2021-07-21 02:00","2021","07","21","02:00","11.6","","10.6","","94","","0.0","","33","","5","","","","","M","","","","","NA"
"-113.82","49.62","BROCKET AGDM","3030830","2021-07-21 03:00","2021","07","21","03:00","9.8","","9.8","","100","","0.0","","27","","3","","","","","M","","","","","NA"
"-113.82","49.62","BROCKET AGDM","3030830","2021-07-21 04:00","2021","07","21","04:00","12.8","","12.8","","100","","0.0","","0","","1","","","","","M","","","","","NA"
"-113.82","49.62","BROCKET AGDM","3030830","2021-07-21 05:00","2021","07","21","05:00","11.9","","11.9","","100","","0.0","","30","","10","","","","","M","","","","","NA"
"-113.82","49.62","BROCKET AGDM","3030830","2021-07-21 06:00","2021","07","21","06:00","13.7","","13.2","","96","","0.0","","33","","8","","","","","M","","","","","NA"
"-113.82","49.62","BROCKET AGDM","3030830","2021-07-21 07:00","2021","07","21","07:00","15.4","","14.4","","94","","0.0","","28","","5","","","","","M","","","","","NA"
"-113.82","49.62","BROCKET AGDM","3030830","2021-07-21 08:00","2021","07","21","08:00","16.3","","14.5","","89","","0.0","","18","","9","","","","","M","","","","","NA"
"-113.82","49.62","BROCKET AGDM","3030830","2021-07-21 09:00","2021","07","21","09:00","18.6","","14.9","","79","","0.0","","23","","8","","","","","M","","","","","NA"
"-113.82","49.62","BROCKET AGDM","3030830","2021-07-21 10:00","2021","07","21","10:00","18.6","","14.6","","78","","0.0","","14","","4","","","","","M","","","","","NA"
"-113.82","49.62","BROCKET AGDM","3030830","2021-07-21 11:00","2021","07","21","11:00","24.4","","12.5","","48","","0.0","","19","","6","","","","","M","27","","","","NA"
"-113.82","49.62","BROCKET AGDM","3030830","2021-07-21 12:00","2021","07","21","12:00","26.0","","8.0","","32","","0.0","","25","","15","","","","","M","26","","","","NA"
"-113.82","49.62","BROCKET AGDM","3030830","2021-07-21 13:00","2021","07","21","13:00","16.9","","12.9","","77","","0.5","","27","","32","","","","","M","","","","","NA"
"-113.82","49.62","BROCKET AGDM","3030830","2021-07-21 14:00","2021","07","21","14:00","22.4","","12.5","","54","","0.0","","26","","3","","","","","M","25","","","","NA"
"-113.82","49.62","BROCKET AGDM","3030830","2021-07-21 15:00","2021","07","21","15:00","24.6","","11.9","","45","","0.0","","26","","2","","","","","M","27","","","","NA"
"-113.82","49.62","BROCKET AGDM","3030830","2021-07-21 16:00","2021","07","21","16:00","26.2","","8.9","","34","","0.0","","25","","17","","","","","M","27","","","","NA"
"-113.82","49.62","BROCKET AGDM","3030830","2021-07-21 17:00","2021","07","21","17:00","26.1","","7.3","","30","","0.0","","25","","16","","","","","M","26","","","","NA"
"-113.82","49.62","BROCKET AGDM","3030830","2021-07-21 18:00","2021","07","21","18:00","24.9","","8.2","","35","","0.0","","24","","19","","","","","M","25","","","","NA"
"-113.82","49.62","BROCKET AGDM","3030830","2021-07-21 19:00","2021","07","21","19:00","24.0","","8.4","","37","","0.0","","23","","4","","","","","M","25","","","","NA"
"-113.82","49.62","BROCKET AGDM","3030830","2021-07-21 20:00","2021","07","21","20:00","20.6","","9.5","","49","","0.0","","","","0","","","","","M","","","","","NA"
"-113.82","49.62","BROCKET AGDM","3030830","2021-07-21 21:00","2021","07","21","21:00","16.8","","9.9","","64","","0.0","","","","0","","","","","M","","","","","NA"
"-113.82","49.62","BROCKET AGDM","3030830","2021-07-21 22:00","2021","07","21","22:00","12.0","","9.3","","84","","0.0","","","","0","","","","","M","","","","","NA"
"-113.82","49.62","BROCKET AGDM","3030830","2021-07-21 23:00","2021","07","21","23:00","10.4","","8.0","","85","","0.0","","","","0","","","","","M","","","","","NA"
"-113.82","49.62","BROCKET AGDM","3030830","2021-07-22 00:00","2021","07","22","00:00","14.5","","8.2","","66","","0.0","","0","","1","","","","","M","","","","","NA"
"-113.82","49.62","BROCKET AGDM","3030830","2021-07-22 01:00","2021","07","22","01:00","16.4","","5.6","","49","","0.0","","27","","11","","","","","M","","","","","NA"
"-113.82","49.62","BROCKET AGDM","3030830","2021-07-22 02:00","2021","07","22","02:00","17.8","","3.1","","37","","0.0","","26","","23","","","","","M","","","","","NA"
"-113.82","49.62","BROCKET AGDM","3030830","2021-07-22 03:00","2021","07","22","03:00","16.1","","2.7","","41","","0.0","","26","","7","","","","","M","","","","","NA"
"-113.82","49.62","BROCKET AGDM","3030830","2021-07-22 04:00","2021","07","22","04:00","16.1","","1.5","","37","","0.0","","26","","8","","","","","M","","","","","NA"
"-113.82","49.62","BROCKET AGDM","3030830","2021-07-22 05:00","2021","07","22","05:00","16.5","","0.4","","34","","0.0","","25","","15","","","","","M","","","","","NA"
"-113.82","49.62","BROCKET AGDM","3030830","2021-07-22 06:00","2021","07","22","06:00","17.3","","-0.9","","29","","0.0","","25","","20","","","","","M","","","","","NA"
"-113.82","49.62","BROCKET AGDM","3030830","2021-07-22 07:00","2021","07","22","07:00","18.5","","-0.2","","28","","0.0","","25","","19","","","","","M","","","","","NA"
"-113.82","49.62","BROCKET AGDM","3030830","2021-07-22 08:00","2021","07","22","08:00","19.8","","-0.7","","25","","0.0","","24","","26","","","","","M","","","","","NA"
"-113.82","49.62","BROCKET AGDM","3030830","2021-07-22 09:00","2021","07","22","09:00","21.4","","-2.1","","21","","0.0","","26","","34","","","","","M","","","","","NA"
"-113.82","49.62","BROCKET AGDM","3030830","2021-07-22 10:00","2021","07","22","10:00","22.4","","-2.4","","19","","0.0","","23","","31","","","","","M","","","","","NA"
"-113.82","49.62","BROCKET AGDM","3030830","2021-07-22 11:00","2021","07","22","11:00","23.9","","-3.0","","16","","0.0","","23","","31","","","","","M","","","","","NA"
"-113.82","49.62","BROCKET AGDM","3030830","2021-07-22 12:00","2021","07","22","12:00","25.3","","-5.3","","13","","0.0","","25","","31","","","","","M","","","","","NA"
"-113.82","49.62","BROCKET AGDM","3030830","2021-07-22 13:00","2021","07","22","13:00","25.7","","-7.2","","11","","0.0","","26","","45","","","","","M","","","","","NA"
"-113.82","49.62","BROCKET AGDM","3030830","2021-07-22 14:00","2021","07","22","14:00","26.3","","-6.2","","11","","0.0","","25","","40","","","","","M","","","","","NA"
"-113.82","49.62","BROCKET AGDM","3030830","2021-07-22 15:00","2021","07","22","15:00","26.5","","-5.7","","12","","0.0","","26","","39","","","","","M","","","","","NA"
"-113.82","49.62","BROCKET AGDM","3030830","2021-07-22 16:00","2021","07","22","16:00","26.5","","-6.0","","11","","0.0","","26","","32","","","","","M","","","","","NA"
"-113.82","49.62","BROCKET AGDM","3030830","2021-07-22 17:00","2021","07","22","17:00","26.3","","-6.9","","11","","0.0","","26","","30","","","","","M","","","","","NA"
"-113.82","49.62","BROCKET AGDM","3030830","2021-07-22 18:00","2021","07","22","18:00","25.2","","-6.9","","11","","0.0","","26","","27","","","","","M","","","","","NA"
"-113.82","49.62","BROCKET AGDM","3030830","2021-07-22 19:00","2021","07","22","19:00","23.7","","-4.5","","15","","0.0","","26","","25","","","","","M","","","","","NA"
"-113.82","49.62","BROCKET AGDM","3030830","2021-07-22 20:00","2021","07","22","20:00","21.2","","-2.4","","20","","0.0","","26","","18","","","","","M","","","","","NA"
"-113.82","49.62","BROCKET AGDM","3030830","2021-07-22 21:00","2021","07","22","21:00","20.7","","-2.3","","21","","0.0","","25","","29","","","","","M","","","","","NA"
"-113.82","49.62","BROCKET AGDM","3030830","2021-07-22 22:00","2021","07","22","22:00","19.7","","-2.3","","22","","0.0","","25","","22","","","","","M","","","","","NA"
"-113.82","49.62","BROCKET AGDM","3030830","2021-07-22 23:00","2021","07","22","23:00","18.5","","-1.5","","26","","0.0","","25","","19","","","","","M","","","","","NA"
"-113.82","49.62","BROCKET AGDM","3030830","2021-07-23 00:00","2021","07","23","00:00","16.9","","-1.6","","28","","0.0","","25","","5","","","","","M","","","","","NA"
"-113.82","49.62","BROCKET AGDM","3030830","2021-07-23 01:00","2021","07","23","01:00","9.9","","-0.9","","47","","0.0","","25","","2","","","","","M","","","","","NA"
"-113.82","49.62","BROCKET AGDM","3030830","2021-07-23 02:00","2021","07","23","02:00","12.3","","-2.1","","37","","0.0","","","","0","","","","","M","","","","","NA"
"-113.82","49.62","BROCKET AGDM","3030830","2021-07-23 03:00","2021","07","23","03:00","12.4","","-1.2","","39","","0.0","","","","0","","","","","M","","","","","NA"
"-113.82","49.62","BROCKET AGDM","3030830","2021-07-23 04:00","2021","07","23","04:00","11.5","","-0.6","","43","","0.0","","","","0","","","","","M","","","","","NA"
"-113.82","49.62","BROCKET AGDM","3030830","2021-07-23 05:00","2021","07","23","05:00","8.7","","-0.7","","52","","0.0","","","","0","","","","","M","","","","","NA"
"-113.82","49.62","BROCKET AGDM","3030830","2021-07-23 06:00","2021","07","23","06:00","8.2","","-0.3","","55","","0.0","","","","0","","","","","M","","","","","NA"
"-113.82","49.62","BROCKET AGDM","3030830","2021-07-23 07:00","2021","07","23","07:00","11.1","","2.7","","56","","0.0","","","","0","","","","","M","","","","","NA"
"-113.82","49.62","BROCKET AGDM","3030830","2021-07-23 08:00","2021","07","23","08:00","16.2","","0.3","","34","","0.0","","0","","1","","","","","M","","","","","NA"
"-113.82","49.62","BROCKET AGDM","3030830","2021-07-23 09:00","2021","07","23","09:00","17.8","","-0.9","","28","","0.0","","24","","14","","","","","M","","","","","NA"
"-113.82","49.62","BROCKET AGDM","3030830","2021-07-23 10:00","2021","07","23","10:00","18.9","","0.8","","30","","0.0","","24","","5","","","","","M","","","","","NA"
"-113.82","49.62","BROCKET AGDM","3030830","2021-07-23 11:00","2021","07","23","11:00","21.7","","-1.2","","22","","0.0","","23","","20","","","","","M","","","","","NA"
"-113.82","49.62","BROCKET AGDM","3030830","2021-07-23 12:00","2021","07","23","12:00","22.5","","-1.9","","20","","0.0","","25","","26","","","","","M","","","","","NA"
"-113.82","49.62","BROCKET AGDM","3030830","2021-07-23 13:00","2021","07","23","13:00","23.4","","-2.0","","18","","0.0","","25","","30","","","","","M","","","","","NA"
"-113.82","49.62","BROCKET AGDM","3030830","2021-07-23 14:00","2021","07","23","14:00","24.6","","-1.2","","18","","0.0","","25","","20","","","","","M","","","","","NA"
"-113.82","49.62","BROCKET AGDM","3030830","2021-07-23 15:00","2021","07","23","15:00","26.6","","-0.5","","17","","0.0","","26","","30","","","","","M","","","","","NA"
"-113.82","49.62","BROCKET AGDM","3030830","2021-07-23 16:00","2021","07","23","16:00","26.8","","-1.7","","15","","0.0","","25","","30","","","","","M","","","","","NA"
"-113.82","49.62","BROCKET AGDM","3030830","2021-07-23 17:00","2021","07","23","17:00","26.5","","-0.4","","17","","0.0","","25","","27","","","","","M","","","","","NA"
"-113.82","49.62","BROCKET AGDM","3030830","2021-07-23 18:00","2021","07","23","18:00","25.6","","-1.3","","17","","0.0","","27","","19","","","","","M","","","","","NA"
"-113.82","49.62","BROCKET AGDM","3030830","2021-07-23 19:00","2021","07","23","19:00","24.1","","-1.5","","18","","0.0","","27","","13","","","","","M","","","","","NA"
"-113.82","49.62","BROCKET AGDM","3030830","2021-07-23 20:00","2021","07","23","20:00","21.0","","0.7","","26","","0.0","","25","","4","","","","","M","","","","","NA"
"-113.82","49.62","BROCKET AGDM","3030830","2021-07-23 21:00","2021","07","23","21:00","16.0","","1.5","","38","","0.0","","27","","2","","","","","M","","","","","NA"
"-113.82","49.62","BROCKET AGDM","3030830","2021-07-23 22:00","2021","07","23","22:00","17.2","","0.5","","32","","0.0","","27","","7","","","","","M","","","","","NA"
"-113.82","49.62","BROCKET AGDM","3030830","2021-07-23 23:00","2021","07","23","23:00","16.5","","0.2","","33","","0.0","","27","","4","","","","","M","","","","","NA"
"-113.82","49.62","BROCKET AGDM","3030830","2021-07-24 00:00","2021","07","24","00:00","14.5","","0.3","","38","","0.0","","","","0","","","","","M","","","","","NA"
"-113.82","49.62","BROCKET AGDM","3030830","2021-07-24 01:00","2021","07","24","01:00","13.0","","0.5","","42","","0.0","","31","","5","","","","","M","","","","","NA"
"-113.82","49.62","BROCKET AGDM","3030830","2021-07-24 02:00","2021","07","24","02:00","12.9","","0.6","","43","","0.0","","32","","6","","","","","M","","","","","NA"
"-113.82","49.62","BROCKET AGDM","3030830","2021-07-24 03:00","2021","07","24","03:00","11.6","","0.7","","47","","0.0","","32","","2","","","","","M","","","","","NA"
"-113.82","49.62","BROCKET AGDM","3030830","2021-07-24 04:00","2021","07","24","04:00","10.4","","1.1","","52","","0.0","","30","","1","","","","","M","","","","","NA"
"-113.82","49.62","BROCKET AGDM","3030830","2021-07-24 05:00","2021","07","24","05:00","8.8","","1.4","","60","","0.0","","30","","1","","","","","M","","","","","NA"
"-113.82","49.62","BROCKET AGDM","3030830","2021-07-24 06:00","2021","07","24","06:00","10.9","","1.1","","51","","0.0","","30","","5","","","","","M","","","","","NA"
"-113.82","49.62","BROCKET AGDM","3030830","2021-07-24 07:00","2021","07","24","07:00","11.5","","4.1","","60","","0.0","","","","0","","","","","M","","","","","NA"
"-113.82","49.62","BROCKET AGDM","3030830","2021-07-24 08:00","2021","07","24","08:00","17.2","","3.1","","39","","0.0","","","","0","","","","","M","","","","","NA"
"-113.82","49.62","BROCKET AGDM","3030830","2021-07-24 09:00","2021","07","24","09:00","20.2","","1.2","","28","","0.0","","","","0","","","","","M","","","","","NA"
"-113.82","49.62","BROCKET AGDM","3030830","2021-07-24 10:00","2021","07","24","10:00","22.1","","3.9","","30","","0.0","","","","0","","","","","M","","","","","NA"
"-113.82","49.62","BROCKET AGDM","3030830","2021-07-24 11:00","2021","07","24","11:00","25.6","","3.9","","25","","0.0","","22","","3","","","","","M","25","","","","NA"
"-113.82","49.62","BROCKET AGDM","3030830","2021-07-24 12:00","2021","07","24","12:00","27.4","","1.7","","19","","0.0","","25","","9","","","","","M","26","","","","NA"
"-113.82","49.62","BROCKET AGDM","3030830","2021-07-24 13:00","2021","07","24","13:00","29.3","","2.0","","17","","0.0","","26","","3","","","","","M","28","","","","NA"
"-113.82","49.62","BROCKET AGDM","3030830","2021-07-24 14:00","2021","07","24","14:00","29.5","","1.4","","16","","0.0","","24","","9","","","","","M","28","","","","NA"
"-113.82","49.62","BROCKET AGDM","3030830","2021-07-24 15:00","2021","07","24","15:00","30.0","","1.9","","17","","0.0","","22","","13","","","","","M","28","","","","NA"
"-113.82","49.62","BROCKET AGDM","3030830","2021-07-24 16:00","2021","07","24","16:00","29.4","","1.8","","17","","0.0","","24","","15","","","","","M","28","","","","NA"
"-113.82","49.62","BROCKET AGDM","3030830","2021-07-24 17:00","2021","07","24","17:00","29.1","","2.9","","19","","0.0","","24","","10","","","","","M","28","","","","NA"
"-113.82","49.62","BROCKET AGDM","3030830","2021-07-24 18:00","2021","07","24","18:00","28.4","","3.6","","20","","0.0","","25","","3","","","","","M","27","","","","NA"
"-113.82","49.62","BROCKET AGDM","3030830","2021-07-24 19:00","2021","07","24","19:00","26.2","","4.7","","25","","0.0","","","","0","","","","","M","25","","","","NA"
"-113.82","49.62","BROCKET AGDM","3030830","2021-07-24 20:00","2021","07","24","20:00","21.3","","4.7","","34","","0.0","","","","0","","","","","M","","","","","NA"
"-113.82","49.62","BROCKET AGDM","3030830","2021-07-24 21:00","2021","07","24","21:00","20.5","","3.1","","32","","0.0","","28","","1","","","","","M","","","","","NA"
"-113.82","49.62","BROCKET AGDM","3030830","2021-07-24 22:00","2021","07","24","22:00","17.3","","3.4","","40","","0.0","","","","0","","","","","M","","","","","NA"
"-113.82","49.62","BROCKET AGDM","3030830","2021-07-24 23:00","2021","07","24","23:00","19.6","","3.1","","34","","0.0","","0","","1","","","","","M","","","","","NA"
"-113.82","49.62","BROCKET AGDM","3030830","2021-07-25 00:00","2021","07","25","00:00","19.4","","3.2","","34","","0.0","","0","","1","","","","","M","","","","","NA"
"-113.82","49.62","BROCKET AGDM","3030830","2021-07-25 01:00","2021","07","25","01:00","15.5","","3.6","","45","","0.0","","","","0","","","","","M","","","","","NA"
"-113.82","49.62","BROCKET AGDM","3030830","2021-07-25 02:00","2021","07","25","02:00","12.8","","4.0","","55","","0.0","","","","0","","","","","M","","","","","NA"
"-113.82","49.62","BROCKET AGDM","3030830","2021-07-25 03:00","2021","07","25","03:00","9.9","","5.1","","72","","0.0","","","","0","","","","","M","","","","","NA"
"-113.82","49.62","BROCKET AGDM","3030830","2021-07-25 04:00","2021","07","25","04:00","8.1","","5.1","","82","","0.0","","","","0","","","","","M","","","","","NA"
"-113.82","49.62","BROCKET AGDM","3030830","2021-07-25 05:00","2021","07","25","05:00","9.6","","5.4","","75","","0.0","","","","0","","","","","M","","","","","NA"
"-113.82","49.62","BROCKET AGDM","3030830","2021-07-25 06:00","2021","07","25","06:00","10.0","","6.2","","78","","0.0","","","","0","","","","","M","","","","","NA"
"-113.82","49.62","BROCKET AGDM","3030830","2021-07-25 07:00","2021","07","25","07:00","13.3","","8.4","","72","","0.0","","","","0","","","","","M","","","","","NA"
"-113.82","49.62","BROCKET AGDM","3030830","2021-07-25 08:00","2021","07","25","08:00","17.1","","6.7","","51","","0.0","","","","0","","","","","M","","","","","NA"
"-113.82","49.62","BROCKET AGDM","3030830","2021-07-25 09:00","2021","07","25","09:00","20.7","","8.2","","45","","0.0","","","","0","","","","","M","","","","","NA"
"-113.82","49.62","BROCKET AGDM","3030830","2021-07-25 10:00","2021","07","25","10:00","21.5","","7.7","","41","","0.0","","6","","2","","","","","M","","","","","NA"
"-113.82","49.62","BROCKET AGDM","3030830","2021-07-25 11:00","2021","07","25","11:00","23.8","","7.8","","36","","0.0","","8","","3","","","","","M","","","","","NA"
"-113.82","49.62","BROCKET AGDM","3030830","2021-07-25 12:00","2021","07","25","12:00","25.9","","7.2","","30","","0.0","","9","","8","","","","","M","26","","","","NA"
"-113.82","49.62","BROCKET AGDM","3030830","2021-07-25 13:00","2021","07","25","13:00","27.5","","6.4","","26","","0.0","","7","","5","","","","","M","27","","","","NA"
"-113.82","49.62","BROCKET AGDM","3030830","2021-07-25 14:00","2021","07","25","14:00","28.5","","6.6","","25","","0.0","","7","","1","","","","","M","28","","","","NA"
"-113.82","49.62","BROCKET AGDM","3030830","2021-07-25 15:00","2021","07","25","15:00","29.5","","6.8","","24","","0.0","","8","","1","","","","","M","29","","","","NA"
"-113.82","49.62","BROCKET AGDM","3030830","2021-07-25 16:00","2021","07","25","16:00","31.5","","3.0","","16","","0.0","","27","","7","","","","","M","30","","","","NA"
"-113.82","49.62","BROCKET AGDM","3030830","2021-07-25 17:00","2021","07","25","17:00","30.9","","3.2","","17","","0.0","","27","","8","","","","","M","30","","","","NA"
"-113.82","49.62","BROCKET AGDM","3030830","2021-07-25 18:00","2021","07","25","18:00","30.2","","2.7","","17","","0.0","","26","","3","","","","","M","29","","","","NA"
"-113.82","49.62","BROCKET AGDM","3030830","2021-07-25 19:00","2021","07","25","19:00","27.9","","5.0","","23","","0.0","","","","0","","","","","M","27","","","","NA"
"-113.82","49.62","BROCKET AGDM","3030830","2021-07-25 20:00","2021","07","25","20:00","21.4","","9.7","","47","","0.0","","","","0","","","","","M","","","","","NA"
"-113.82","49.62","BROCKET AGDM","3030830","2021-07-25 21:00","2021","07","25","21:00","14.4","","6.6","","60","","0.0","","","","0","","","","","M","","","","","NA"
"-113.82","49.62","BROCKET AGDM","3030830","2021-07-25 22:00","2021","07","25","22:00","14.0","","4.4","","52","","0.0","","","","0","","","","","M","","","","","NA"
"-113.82","49.62","BROCKET AGDM","3030830","2021-07-25 23:00","2021","07","25","23:00","17.3","","3.6","","40","","0.0","","0","","1","","","","","M","","","","","NA"
"-113.82","49.62","BROCKET AGDM","3030830","2021-07-26 00:00","2021","07","26","00:00","14.7","","3.6","","48","","0.0","","","","0","","","","","M","","","","","NA"
"-113.82","49.62","BROCKET AGDM","3030830","2021-07-26 01:00","2021","07","26","01:00","16.1","","3.4","","43","","0.0","","31","","1","","","","","M","","","","","NA"
"-113.82","49.62","BROCKET AGDM","3030830","2021-07-26 02:00","2021","07","26","02:00","15.8","","6.8","","55","","0.0","","7","","11","","","","","M","","","","","NA"
"-113.82","49.62","BROCKET AGDM","3030830","2021-07-26 03:00","2021","07","26","03:00","15.9","","10.1","","68","","0.0","","34","","29","","","","","M","","","","","NA"
"-113.82","49.62","BROCKET AGDM","3030830","2021-07-26 04:00","2021","07","26","04:00","14.3","","9.7","","74","","0.0","","34","","16","","","","","M","","","","","NA"
"-113.82","49.62","BROCKET AGDM","3030830","2021-07-26 05:00","2021","07","26","05:00","13.6","","9.6","","76","","0.0","","33","","6","","","","","M","","","","","NA"
"-113.82","49.62","BROCKET AGDM","3030830","2021-07-26 06:00","2021","07","26","06:00","13.6","","9.7","","77","","0.0","","1","","3","","","","","M","","","","","NA"
"-113.82","49.62","BROCKET AGDM","3030830","2021-07-26 07:00","2021","07","26","07:00","15.2","","10.0","","71","","0.0","","0","","1","","","","","M","","","","","NA"
"-113.82","49.62","BROCKET AGDM","3030830","2021-07-26 08:00","2021","07","26","08:00","15.9","","10.8","","72","","0.0","","","","0","","","","","M","","","","","NA"
"-113.82","49.62","BROCKET AGDM","3030830","2021-07-26 09:00","2021","07","26","09:00","17.2","","10.4","","64","","0.0","","","","0","","","","","M","","","","","NA"
"-113.82","49.62","BROCKET AGDM","3030830","2021-07-26 10:00","2021","07","26","10:00","19.0","","10.0","","56","","0.0","","","","0","","","","","M","","","","","NA"
"-113.82","49.62","BROCKET AGDM","3030830","2021-07-26 11:00","2021","07","26","11:00","20.7","","10.3","","51","","0.0","","","","0","","","","","M","","","","","NA"
"-113.82","49.62","BROCKET AGDM","3030830","2021-07-26 12:00","2021","07","26","12:00","23.7","","10.4","","43","","0.0","","","","0","","","","","M","25","","","","NA"
"-113.82","49.62","BROCKET AGDM","3030830","2021-07-26 13:00","2021","07","26","13:00","26.8","","9.4","","34","","0.0","","","","0","","","","","M","28","","","","NA"
"-113.82","49.62","BROCKET AGDM","3030830","2021-07-26 14:00","2021","07","26","14:00","29.0","","8.4","","28","","0.0","","15","","2","","","","","M","30","","","","NA"
"-113.82","49.62","BROCKET AGDM","3030830","2021-07-26 15:00","2021","07","26","15:00","30.9","","7.1","","23","","0.0","","14","","1","","","","","M","31","","","","NA"
"-113.82","49.62","BROCKET AGDM","3030830","2021-07-26 16:00","2021","07","26","16:00","31.8","","6.5","","21","","0.0","","13","","1","","","","","M","32","","","","NA"
"-113.82","49.62","BROCKET AGDM","3030830","2021-07-26 17:00","2021","07","26","17:00","32.3","","6.6","","20","","0.0","","","","0","","","","","M","32","","","","NA"
"-113.82","49.62","BROCKET AGDM","3030830","2021-07-26 18:00","2021","07","26","18:00","31.2","","7.4","","23","","0.0","","","","0","","","","","M","31","","","","NA"
"-113.82","49.62","BROCKET AGDM","3030830","2021-07-26 19:00","2021","07","26","19:00","29.5","","6.7","","24","","0.0","","","","0","","","","","M","29","","","","NA"
"-113.82","49.62","BROCKET AGDM","3030830","2021-07-26 20:00","2021","07","26","20:00","26.2","","-0.4","","17","","0.0","","24","","1","","","","","M","","","","","NA"
"-113.82","49.62","BROCKET AGDM","3030830","2021-07-26 21:00","2021","07","26","21:00","23.5","","-0.1","","21","","0.0","","","","0","","","","","M","","","","","NA"
"-113.82","49.62","BROCKET AGDM","3030830","2021-07-26 22:00","2021","07","26","22:00","16.1","","1.9","","38","","0.0","","","","0","","","","","M","","","","","NA"
"-113.82","49.62","BROCKET AGDM","3030830","2021-07-26 23:00","2021","07","26","23:00","14.0","","2.4","","46","","0.0","","","","0","","","","","M","","","","","NA"
"-113.82","49.62","BROCKET AGDM","3030830","2021-07-27 00:00","2021","07","27","00:00","13.5","","1.8","","45","","0.0","","","","0","","","","","M","","","","","NA"
"-113.82","49.62","BROCKET AGDM","3030830","2021-07-27 01:00","2021","07","27","01:00","12.9","","2.3","","49","","0.0","","","","0","","","","","M","","","","","NA"
"-113.82","49.62","BROCKET AGDM","3030830","2021-07-27 02:00","2021","07","27","02:00","17.5","","1.6","","34","","0.0","","27","","3","","","","","M","","","","","NA"
"-113.82","49.62","BROCKET AGDM","3030830","2021-07-27 03:00","2021","07","27","03:00","13.9","","2.8","","47","","0.0","","","","0","","","","","M","","","","","NA"
"-113.82","49.62","BROCKET AGDM","3030830","2021-07-27 04:00","2021","07","27","04:00","13.3","","2.7","","48","","0.0","","","","0","","","","","M","","","","","NA"
"-113.82","49.62","BROCKET AGDM","3030830","2021-07-27 05:00","2021","07","27","05:00","15.1","","2.3","","42","","0.0","","","","0","","","","","M","","","","","NA"
"-113.82","49.62","BROCKET AGDM","3030830","2021-07-27 06:00","2021","07","27","06:00","13.2","","3.5","","52","","0.0","","0","","1","","","","","M","","","","","NA"
"-113.82","49.62","BROCKET AGDM","3030830","2021-07-27 07:00","2021","07","27","07:00","19.0","","5.1","","40","","0.0","","","","0","","","","","M","","","","","NA"
"-113.82","49.62","BROCKET AGDM","3030830","2021-07-27 08:00","2021","07","27","08:00","23.4","","4.1","","28","","0.0","","0","","1","","","","","M","","","","","NA"
"-113.82","49.62","BROCKET AGDM","3030830","2021-07-27 09:00","2021","07","27","09:00","25.7","","4.4","","25","","0.0","","26","","4","","","","","M","25","","","","NA"
"-113.82","49.62","BROCKET AGDM","3030830","2021-07-27 10:00","2021","07","27","10:00","24.6","","9.9","","39","","0.0","","6","","22","","","","","M","26","","","","NA"
"-113.82","49.62","BROCKET AGDM","3030830","2021-07-27 11:00","2021","07","27","11:00","25.6","","9.9","","37","","0.0","","5","","18","","","","","M","27","","","","NA"
"-113.82","49.62","BROCKET AGDM","3030830","2021-07-27 12:00","2021","07","27","12:00","27.2","","10.7","","36","","0.0","","4","","15","","","","","M","29","","","","NA"
"-113.82","49.62","BROCKET AGDM","3030830","2021-07-27 13:00","2021","07","27","13:00","27.0","","10.6","","36","","0.0","","4","","20","","","","","M","29","","","","NA"
"-113.82","49.62","BROCKET AGDM","3030830","2021-07-27 14:00","2021","07","27","14:00","27.4","","10.5","","35","","0.0","","5","","11","","","","","M","29","","","","NA"
"-113.82","49.62","BROCKET AGDM","3030830","2021-07-27 15:00","2021","07","27","15:00","26.8","","10.9","","37","","0.0","","8","","10","","","","","M","29","","","","NA"
"-113.82","49.62","BROCKET AGDM","3030830","2021-07-27 16:00","2021","07","27","16:00","27.2","","11.0","","36","","0.0","","5","","9","","","","","M","29","","","","NA"
"-113.82","49.62","BROCKET AGDM","3030830","2021-07-27 17:00","2021","07","27","17:00","26.4","","11.1","","38","","0.0","","8","","3","","","","","M","28","","","","NA"
"-113.82","49.62","BROCKET AGDM","3030830","2021-07-27 18:00","2021","07","27","18:00","25.8","","10.8","","39","","0.0","","0","","1","","","","","M","27","","","","NA"
"-113.82","49.62","BROCKET AGDM","3030830","2021-07-27 19:00","2021","07","27","19:00","23.6","","11.0","","45","","0.0","","","","0","","","","","M","25","","","","NA"
"-113.82","49.62","BROCKET AGDM","3030830","2021-07-27 20:00","2021","07","27","20:00","21.6","","11.8","","54","","0.0","","","","0","","","","","M","","","","","NA"
"-113.82","49.62","BROCKET AGDM","3030830","2021-07-27 21:00","2021","07","27","21:00","20.1","","11.4","","58","","0.0","","","","0","","","","","M","","","","","NA"
"-113.82","49.62","BROCKET AGDM","3030830","2021-07-27 22:00","2021","07","27","22:00","17.5","","11.9","","70","","0.0","","","","0","","","","","M","","","","","NA"
"-113.82","49.62","BROCKET AGDM","3030830","2021-07-27 23:00","2021","07","27","23:00","17.6","","11.9","","69","","0.0","","","","0","","","","","M","","","","","NA"
"-113.82","49.62","BROCKET AGDM","3030830","2021-07-28 00:00","2021","07","28","00:00","16.9","","11.8","","72","","0.0","","","","0","","","","","M","","","","","NA"
"-113.82","49.62","BROCKET AGDM","3030830","2021-07-28 01:00","2021","07","28","01:00","17.5","","12.1","","71","","0.0","","","","0","","","","","M","","","","","NA"
"-113.82","49.62","BROCKET AGDM","3030830","2021-07-28 02:00","2021","07","28","02:00","18.2","","12.8","","71","","0.0","","","","0","","","","","M","","","","","NA"
"-113.82","49.62","BROCKET AGDM","3030830","2021-07-28 03:00","2021","07","28","03:00","18.2","","13.1","","72","","0.0","","","","0","","","","","M","","","","","NA"
"-113.82","49.62","BROCKET AGDM","3030830","2021-07-28 04:00","2021","07","28","04:00","17.3","","13.1","","76","","0.0","","","","0","","","","","M","","","","","NA"
"-113.82","49.62","BROCKET AGDM","3030830","2021-07-28 05:00","2021","07","28","05:00","15.7","","13.2","","85","","0.0","","","","0","","","","","M","","","","","NA"
"-113.82","49.62","BROCKET AGDM","3030830","2021-07-28 06:00","2021","07","28","06:00","15.4","","13.2","","87","","0.0","","","","0","","","","","M","","","","","NA"
"-113.82","49.62","BROCKET AGDM","3030830","2021-07-28 07:00","2021","07","28","07:00","15.8","","13.7","","88","","0.0","","","","0","","","","","M","","","","","NA"
"-113.82","49.62","BROCKET AGDM","3030830","2021-07-28 08:00","2021","07","28","08:00","18.9","","13.5","","71","","0.0","","","","0","","","","","M","","","","","NA"
"-113.82","49.62","BROCKET AGDM","3030830","2021-07-28 09:00","2021","07","28","09:00","19.7","","13.9","","69","","0.0","","","","0","","","","","M","","","","","NA"
"-113.82","49.62","BROCKET AGDM","3030830","2021-07-28 10:00","2021","07","28","10:00","21.7","","13.7","","61","","0.0","","","","0","","","","","M","25","","","","NA"
"-113.82","49.62","BROCKET AGDM","3030830","2021-07-28 11:00","2021","07","28","11:00","24.4","","13.3","","50","","0.0","","","","0","","","","","M","27","","","","NA"
"-113.82","49.62","BROCKET AGDM","3030830","2021-07-28 12:00","2021","07","28","12:00","26.7","","12.3","","41","","0.0","","","","0","","","","","M","29","","","","NA"
"-113.82","49.62","BROCKET AGDM","3030830","2021-07-28 13:00","2021","07","28","13:00","28.6","","9.6","","31","","0.0","","","","0","","","","","M","30","","","","NA"
"-113.82","49.62","BROCKET AGDM","3030830","2021-07-28 14:00","2021","07","28","14:00","29.4","","8.5","","27","","0.0","","11","","2","","","","","M","30","","","","NA"
"-113.82","49.62","BROCKET AGDM","3030830","2021-07-28 15:00","2021","07","28","15:00","30.9","","8.4","","25","","0.0","","0","","1","","","","","M","31","","","","NA"
"-113.82","49.62","BROCKET AGDM","3030830","2021-07-28 16:00","2021","07","28","16:00","30.9","","8.1","","24","","0.0","","0","","1","","","","","M","31","","","","NA"
"-113.82","49.62","BROCKET AGDM","3030830","2021-07-28 17:00","2021","07","28","17:00","30.7","","8.5","","25","","0.0","","","","0","","","","","M","31","","","","NA"
"-113.82","49.62","BROCKET AGDM","3030830","2021-07-28 18:00","2021","07","28","18:00","29.8","","8.5","","26","","0.0","","","","0","","","","","M","30","","","","NA"
"-113.82","49.62","BROCKET AGDM","3030830","2021-07-28 19:00","2021","07","28","19:00","28.0","","10.4","","33","","0.0","","13","","9","","","","","M","29","","","","NA"
"-113.82","49.62","BROCKET AGDM","3030830","2021-07-28 20:00","2021","07","28","20:00","24.1","","10.6","","43","","0.0","","","","0","","","","","M","26","","","","NA"
"-113.82","49.62","BROCKET AGDM","3030830","2021-07-28 21:00","2021","07","28","21:00","21.8","","10.7","","49","","0.0","","","","0","","","","","M","","","","","NA"
"-113.82","49.62","BROCKET AGDM","3030830","2021-07-28 22:00","2021","07","28","22:00","18.7","","11.1","","61","","0.0","","","","0","","","","","M","","","","","NA"
"-113.82","49.62","BROCKET AGDM","3030830","2021-07-28 23:00","2021","07","28","23:00","17.2","","10.9","","67","","0.0","","","","0","","","","","M","","","","","NA"
"-113.82","49.62","BROCKET AGDM","3030830","2021-07-29 00:00","2021","07","29","00:00","13.9","","11.5","","86","","0.0","","","","0","","","","","M","","","","","NA"
"-113.82","49.62","BROCKET AGDM","3030830","2021-07-29 01:00","2021","07","29","01:00","14.3","","11.1","","81","","0.0","","","","0","","","","","M","","","","","NA"
"-113.82","49.62","BROCKET AGDM","3030830","2021-07-29 02:00","2021","07","29","02:00","16.5","","11.2","","71","","0.0","","0","","1","","","","","M","","","","","NA"
"-113.82","49.62","BROCKET AGDM","3030830","2021-07-29 03:00","2021","07","29","03:00","15.9","","11.0","","73","","0.0","","0","","1","","","","","M","","","","","NA"
"-113.82","49.62","BROCKET AGDM","3030830","2021-07-29 04:00","2021","07","29","04:00","16.9","","11.2","","69","","0.0","","29","","5","","","","","M","","","","","NA"
"-113.82","49.62","BROCKET AGDM","3030830","2021-07-29 05:00","2021","07","29","05:00","17.7","","11.4","","67","","0.0","","0","","1","","","","","M","","","","","NA"
"-113.82","49.62","BROCKET AGDM","3030830","2021-07-29 06:00","2021","07","29","06:00","18.4","","11.4","","64","","0.0","","","","0","","","","","M","","","","","NA"
"-113.82","49.62","BROCKET AGDM","3030830","2021-07-29 07:00","2021","07","29","07:00","20.6","","12.3","","59","","0.0","","","","0","","","","","M","","","","","NA"
"-113.82","49.62","BROCKET AGDM","3030830","2021-07-29 08:00","2021","07","29","08:00","23.9","","11.4","","45","","0.0","","0","","1","","","","","M","26","","","","NA"
"-113.82","49.62","BROCKET AGDM","3030830","2021-07-29 09:00","2021","07","29","09:00","24.9","","11.2","","42","","0.0","","26","","2","","","","","M","27","","","","NA"
"-113.82","49.62","BROCKET AGDM","3030830","2021-07-29 10:00","2021","07","29","10:00","27.3","","11.3","","37","","0.0","","24","","3","","","","","M","29","","","","NA"
"-113.82","49.62","BROCKET AGDM","3030830","2021-07-29 11:00","2021","07","29","11:00","29.2","","10.1","","30","","0.0","","24","","4","","","","","M","31","","","","NA"
"-113.82","49.62","BROCKET AGDM","3030830","2021-07-29 12:00","2021","07","29","12:00","31.3","","8.4","","24","","0.0","","29","","1","","","","","M","32","","","","NA"
"-113.82","49.62","BROCKET AGDM","3030830","2021-07-29 13:00","2021","07","29","13:00","32.4","","6.5","","20","","0.0","","25","","3","","","","","M","32","","","","NA"
"-113.82","49.62","BROCKET AGDM","3030830","2021-07-29 14:00","2021","07","29","14:00","33.2","","6.4","","19","","0.0","","","","0","","","","","M","33","","","","NA"
"-113.82","49.62","BROCKET AGDM","3030830","2021-07-29 15:00","2021","07","29","15:00","33.6","","7.7","","20","","0.0","","4","","7","","","","","M","34","","","","NA"
"-113.82","49.62","BROCKET AGDM","3030830","2021-07-29 16:00","2021","07","29","16:00","32.5","","9.2","","24","","0.0","","4","","11","","","","","M","33","","","","NA"
"-113.82","49.62","BROCKET AGDM","3030830","2021-07-29 17:00","2021","07","29","17:00","31.5","","8.2","","23","","0.0","","1","","10","","","","","M","32","","","","NA"
"-113.82","49.62","BROCKET AGDM","3030830","2021-07-29 18:00","2021","07","29","18:00","29.6","","8.7","","27","","0.0","","1","","20","","","","","M","30","","","","NA"
"-113.82","49.62","BROCKET AGDM","3030830","2021-07-29 19:00","2021","07","29","19:00","27.8","","9.7","","32","","0.0","","1","","18","","","","","M","29","","","","NA"
"-113.82","49.62","BROCKET AGDM","3030830","2021-07-29 20:00","2021","07","29","20:00","26.5","","9.1","","33","","0.0","","1","","13","","","","","M","27","","","","NA"
"-113.82","49.62","BROCKET AGDM","3030830","2021-07-29 21:00","2021","07","29","21:00","22.6","","7.7","","38","","0.0","","","","0","","","","","M","","","","","NA"
"-113.82","49.62","BROCKET AGDM","3030830","2021-07-29 22:00","2021","07","29","22:00","23.1","","10.2","","44","","0.0","","33","","6","","","","","M","","","","","NA"
"-113.82","49.62","BROCKET AGDM","3030830","2021-07-29 23:00","2021","07","29","23:00","22.4","","11.7","","51","","0.0","","33","","3","","","","","M","25","","","","NA"
"-113.82","49.62","BROCKET AGDM","3030830","2021-07-30 00:00","2021","07","30","00:00","20.9","","12.8","","60","","0.0","","","","0","","","","","M","","","","","NA"
"-113.82","49.62","BROCKET AGDM","3030830","2021-07-30 01:00","2021","07","30","01:00","16.7","","12.3","","75","","0.0","","","","0","","","","","M","","","","","NA"
"-113.82","49.62","BROCKET AGDM","3030830","2021-07-30 02:00","2021","07","30","02:00","13.7","","11.8","","89","","0.0","","","","0","","","","","M","","","","","NA"
"-113.82","49.62","BROCKET AGDM","3030830","2021-07-30 03:00","2021","07","30","03:00","12.4","","11.2","","93","","0.0","","","","0","","","","","M","","","","","NA"
"-113.82","49.62","BROCKET AGDM","3030830","2021-07-30 04:00","2021","07","30","04:00","11.2","","10.9","","98","","0.0","","","","0","","","","","M","","","","","NA"
"-113.82","49.62","BROCKET AGDM","3030830","2021-07-30 05:00","2021","07","30","05:00","11.8","","11.4","","98","","0.0","","31","","9","","","","","M","","","","","NA"
"-113.82","49.62","BROCKET AGDM","3030830","2021-07-30 06:00","2021","07","30","06:00","12.8","","12.1","","96","","0.0","","28","","7","","","","","M","","","","","NA"
"-113.82","49.62","BROCKET AGDM","3030830","2021-07-30 07:00","2021","07","30","07:00","16.8","","13.0","","78","","0.0","","30","","6","","","","","M","","","","","NA"
"-113.82","49.62","BROCKET AGDM","3030830","2021-07-30 08:00","2021","07","30","08:00","19.0","","13.7","","72","","0.0","","18","","4","","","","","M","","","","","NA"
"-113.82","49.62","BROCKET AGDM","3030830","2021-07-30 09:00","2021","07","30","09:00","21.5","","13.8","","61","","0.0","","17","","5","","","","","M","25","","","","NA"
"-113.82","49.62","BROCKET AGDM","3030830","2021-07-30 10:00","2021","07","30","10:00","24.1","","14.0","","53","","0.0","","9","","4","","","","","M","27","","","","NA"
"-113.82","49.62","BROCKET AGDM","3030830","2021-07-30 11:00","2021","07","30","11:00","26.1","","11.6","","40","","0.0","","7","","8","","","","","M","28","","","","NA"
"-113.82","49.62","BROCKET AGDM","3030830","2021-07-30 12:00","2021","07","30","12:00","27.2","","11.0","","36","","0.0","","7","","12","","","","","M","29","","","","NA"
"-113.82","49.62","BROCKET AGDM","3030830","2021-07-30 13:00","2021","07","30","13:00","27.7","","11.0","","35","","0.0","","4","","15","","","","","M","29","","","","NA"
"-113.82","49.62","BROCKET AGDM","3030830","2021-07-30 14:00","2021","07","30","14:00","29.5","","10.2","","30","","0.0","","11","","12","","","","","M","31","","","","NA"
"-113.82","49.62","BROCKET AGDM","3030830","2021-07-30 15:00","2021","07","30","15:00","30.4","","9.9","","28","","0.0","","11","","6","","","","","M","32","","","","NA"
"-113.82","49.62","BROCKET AGDM","3030830","2021-07-30 16:00","2021","07","30","16:00","31.3","","9.9","","27","","0.0","","10","","12","","","","","M","33","","","","NA"
"-113.82","49.62","BROCKET AGDM","3030830","2021-07-30 17:00","2021","07","30","17:00","30.7","","10.3","","28","","0.0","","7","","15","","","","","M","32","","","","NA"
"-113.82","49.62","BROCKET AGDM","3030830","2021-07-30 18:00","2021","07","30","18:00","29.8","","10.7","","31","","0.0","","6","","17","","","","","M","31","","","","NA"
"-113.82","49.62","BROCKET AGDM","3030830","2021-07-30 19:00","2021","07","30","19:00","28.1","","12.2","","37","","0.0","","4","","21","","","","","M","30","","","","NA"
"-113.82","49.62","BROCKET AGDM","3030830","2021-07-30 20:00","2021","07","30","20:00","24.7","","12.9","","48","","0.0","","7","","9","","","","","M","27","","","","NA"
"-113.82","49.62","BROCKET AGDM","3030830","2021-07-30 21:00","2021","07","30","21:00","20.0","","12.2","","61","","0.0","","36","","7","","","","","M","","","","","NA"
"-113.82","49.62","BROCKET AGDM","3030830","2021-07-30 22:00","2021","07","30","22:00","19.3","","12.1","","63","","0.0","","31","","13","","","","","M","","","","","NA"
"-113.82","49.62","BROCKET AGDM","3030830","2021-07-30 23:00","2021","07","30","23:00","18.4","","11.7","","65","","0.0","","32","","13","","","","","M","","","","","NA"
"-113.82","49.62","BROCKET AGDM","3030830","2021-07-31 00:00","2021","07","31","00:00","18.9","","11.5","","62","","0.0","","33","","16","","","","","M","","","","","NA"
"-113.82","49.62","BROCKET AGDM","3030830","2021-07-31 01:00","2021","07","31","01:00","18.0","","10.9","","63","","0.0","","32","","16","","","","","M","","","","","NA"
"-113.82","49.62","BROCKET AGDM","3030830","2021-07-31 02:00","2021","07","31","02:00","17.5","","10.0","","61","","0.0","","33","","13","","","","","M","","","","","NA"
"-113.82","49.62","BROCKET AGDM","3030830","2021-07-31 03:00","2021","07","31","03:00","14.2","","9.5","","73","","0.0","","31","","7","","","","","M","","","","","NA"
"-113.82","49.62","BROCKET AGDM","3030830","2021-07-31 04:00","2021","07","31","04:00","11.1","","8.4","","83","","0.0","","30","","7","","","","","M","","","","","NA"
"-113.82","49.62","BROCKET AGDM","3030830","2021-07-31 05:00","2021","07","31","05:00","12.0","","8.3","","78","","0.0","","29","","10","","","","","M","","","","","NA"
"-113.82","49.62","BROCKET AGDM","3030830","2021-07-31 06:00","2021","07","31","06:00","15.8","","8.1","","60","","0.0","","31","","14","","","","","M","","","","","NA"
"-113.82","49.62","BROCKET AGDM","3030830","2021-07-31 07:00","2021","07","31","07:00","17.5","","9.7","","60","","0.0","","26","","8","","","","","M","","","","","NA"
"-113.82","49.62","BROCKET AGDM","3030830","2021-07-31 08:00","2021","07","31","08:00","19.9","","11.7","","59","","0.0","","18","","5","","","","","M","","","","","NA"
"-113.82","49.62","BROCKET AGDM","3030830","2021-07-31 09:00","2021","07","31","09:00","22.9","","11.3","","48","","0.0","","13","","6","","","","","M","25","","","","NA"
"-113.82","49.62","BROCKET AGDM","3030830","2021-07-31 10:00","2021","07","31","10:00","25.2","","10.2","","39","","0.0","","11","","6","","","","","M","27","","","","NA"
"-113.82","49.62","BROCKET AGDM","3030830","2021-07-31 11:00","2021","07","31","11:00","27.9","","10.6","","34","","0.0","","10","","8","","","","","M","29","","","","NA"
"-113.82","49.62","BROCKET AGDM","3030830","2021-07-31 12:00","2021","07","31","12:00","30.4","","10.3","","29","","0.0","","14","","13","","","","","M","32","","","","NA"
"-113.82","49.62","BROCKET AGDM","3030830","2021-07-31 13:00","2021","07","31","13:00","31.0","","11.2","","30","","0.0","","11","","16","","","","","M","33","","","","NA"
"-113.82","49.62","BROCKET AGDM","3030830","2021-07-31 14:00","2021","07","31","14:00","32.5","","10.1","","25","","0.0","","11","","13","","","","","M","34","","","","NA"
"-113.82","49.62","BROCKET AGDM","3030830","2021-07-31 15:00","2021","07","31","15:00","32.7","","7.8","","21","","0.0","","13","","17","","","","","M","33","","","","NA"
"-113.82","49.62","BROCKET AGDM","3030830","2021-07-31 16:00","2021","07","31","16:00","32.6","","7.0","","20","","0.0","","12","","19","","","","","M","33","","","","NA"
"-113.82","49.62","BROCKET AGDM","3030830","2021-07-31 17:00","2021","07","31","17:00","32.3","","6.9","","21","","0.0","","11","","14","","","","","M","32","","","","NA"
"-113.82","49.62","BROCKET AGDM","3030830","2021-07-31 18:00","2021","07","31","18:00","31.1","","6.8","","22","","0.0","","12","","14","","","","","M","31","","","","NA"
"-113.82","49.62","BROCKET AGDM","3030830","2021-07-31 19:00","2021","07","31","19:00","29.0","","6.7","","25","","0.0","","9","","8","","","","","M","29","","","","NA"
"-113.82","49.62","BROCKET AGDM","3030830","2021-07-31 20:00","2021","07","31","20:00","24.2","","5.9","","31","","0.0","","4","","7","","","","","M","","","","","NA"
"-113.82","49.62","BROCKET AGDM","3030830","2021-07-31 21:00","2021","07","31","21:00","22.9","","9.2","","42","","0.0","","3","","11","","","","","M","","","","","NA"
"-113.82","49.62","BROCKET AGDM","3030830","2021-07-31 22:00","2021","07","31","22:00","21.7","","8.7","","43","","0.0","","34","","8","","","","","M","","","","","NA"
"-113.82","49.62","BROCKET AGDM","3030830","2021-07-31 23:00","2021","07","31","23:00","17.4","","8.7","","57","","0.0","","32","","10","","","","","M","","","","","NA"
