"Longitude (x)","Latitude (y)","Station Name","Climate ID","Date/Time (LST)","Year","Month","Day","Time (LST)","Temp (°C)","Temp Flag","Dew Point Temp (°C)","Dew Point Temp Flag","Rel Hum (%)","Rel Hum Flag","Precip. Amount (mm)","Precip. Amount Flag","Wind Dir (10s deg)","Wind Dir Flag","Wind Spd (km/h)","Wind Spd Flag","Visibility (km)","Visibility Flag","Stn Press (kPa)","Stn Press Flag","Hmdx","Hmdx Flag","Wind Chill","Wind Chill Flag","Weather"
"-101.10","53.97","THE PAS CLIMATE","5052890","2022-04-01 00:00","2022","04","01","00:00","-0.7","","-5.8","","68","","0.0","","14","","16","","","","96.66","","","","-5","","NA"
"-101.10","53.97","THE PAS CLIMATE","5052890","2022-04-01 01:00","2022","04","01","01:00","-0.9","","-5.3","","72","","0.0","","14","","16","","","","96.57","","","","-6","","NA"
"-101.10","53.97","THE PAS CLIMATE","5052890","2022-04-01 02:00","2022","04","01","02:00","-0.9","","-4.9","","74","","0.0","","14","","16","","","","96.51","","","","-6","","NA"
"-101.10","53.97","THE PAS CLIMATE","5052890","2022-04-01 03:00","2022","04","01","03:00","-0.8","","-4.6","","76","","0.0","","13","","15","","","","96.45","","","","-5","","NA"
"-101.10","53.97","THE PAS CLIMATE","5052890","2022-04-01 04:00","2022","04","01","04:00","-0.7","","-3.7","","80","","0.0","","13","","13","","","","96.38","","","","-5","","NA"
"-101.10","53.97","THE PAS CLIMATE","5052890","2022-04-01 05:00","2022","04","01","05:00","-0.6","","-3.0","","84","","0.1","","12","","12","","","","96.34","","","","-5","","NA"
"-101.10","53.97","THE PAS CLIMATE","5052890","2022-04-01 06:00","2022","04","01","06:00","-0.7","","-2.3","","89","","0.4","","12","","9","","","","96.35","","","","-4","","NA"
"-101.10","53.97","THE PAS CLIMATE","5052890","2022-04-01 07:00","2022","04","01","07:00","-0.8","","-2.1","","91","","0.5","","9","","7","","","","96.35","","","","-3","","NA"
"-101.10","53.97","THE PAS CLIMATE","5052890","2022-04-01 08:00","2022","04","01","08:00","-0.8","","-2.1","","91","","0.3","","3","","8","","","","96.39","","","","-4","","NA"
"-101.10","53.97","THE PAS CLIMATE","5052890","2022-04-01 09:00","2022","04","01","09:00","-1.8","","-3.3","","90","","0.4","","36","","12","","","","96.48","","","","-6","","NA"
"-101.10","53.97","THE PAS CLIMATE","5052890","2022-04-01 10:00","2022","04","01","10:00","-1.4","","-3.6","","85","","0.3","","33","","13","","","","96.57","","","","-6","","NA"
"-101.10","53.97","THE PAS CLIMATE","5052890","2022-04-01 11:00","2022","04","01","11:00","-1.6","","-3.9","","84","","0.0","","33","","14","","","","96.65","","","","-6","","NA"
"-101.10","53.97","THE PAS CLIMATE","5052890","2022-04-01 12:00","2022","04","01","12:00","-0.6","","-4.0","","77","","0.2","","33","","16","","","","96.72","","","","-5","","NA"
"-101.10","53.97","THE PAS CLIMATE","5052890","2022-04-01 13:00","2022","04","01","13:00","-0.3","","-3.8","","77","","0.0","","33","","15","","","","96.80","","","","-5","","NA"
"-101.10","53.97","THE PAS CLIMATE","5052890","2022-04-01 14:00","2022","04","01","14:00","-0.4","","-3.8","","78","","0.0","","33","","18","","","","96.91","","","","-5","","NA"
"-101.10","53.97","THE PAS CLIMATE","5052890","2022-04-01 15:00","2022","04","01","15:00","-0.2","","-3.8","","77","","0.0","","32","","20","","","","97.01","","","","-5","","NA"
"-101.10","53.97","THE PAS CLIMATE","5052890","2022-04-01 16:00","2022","04","01","16:00","-0.7","","-3.4","","82","","0.0","","32","","18","","","","97.13","","","","-6","","NA"
"-101.10","53.97","THE PAS CLIMATE","5052890","2022-04-01 17:00","2022","04","01","17:00","-1.6","","-4.8","","79","","0.0","","32","","23","","","","97.27","","","","-8","","NA"
"-101.10","53.97","THE PAS CLIMATE","5052890","2022-04-01 18:00","2022","04","01","18:00","-2.3","","-4.9","","83","","0.0","","32","","18","","","","97.38","","","","-8","","NA"
"-101.10","53.97","THE PAS CLIMATE","5052890","2022-04-01 19:00","2022","04","01","19:00","-2.6","","-5.7","","79","","0.0","","33","","18","","","","97.50","","","","-8","","NA"
"-101.10","53.97","THE PAS CLIMATE","5052890","2022-04-01 20:00","2022","04","01","20:00","-3.2","","-6.4","","79","","0.0","","33","","21","","","","97.61","","","","-9","","NA"
"-101.10","53.97","THE PAS CLIMATE","5052890","2022-04-01 21:00","2022","04","01","21:00","-3.3","","-6.3","","80","","0.0","","32","","18","","","","97.71","","","","-9","","NA"
"-101.10","53.97","THE PAS CLIMATE","5052890","2022-04-01 22:00","2022","04","01","22:00","-3.4","","-6.0","","82","","0.0","","33","","20","","","","97.79","","","","-10","","NA"
"-101.10","53.97","THE PAS CLIMATE","5052890","2022-04-01 23:00","2022","04","01","23:00","-3.8","","-5.8","","85","","0.0","","35","","16","","","","97.87","","","","-9","","NA"
"-101.10","53.97","THE PAS CLIMATE","5052890","2022-04-02 00:00","2022","04","02","00:00","-5.3","","-7.6","","84","","0.0","","33","","15","","","","97.93","","","","-11","","NA"
"-101.10","53.97","THE PAS CLIMATE","5052890","2022-04-02 01:00","2022","04","02","01:00","-4.9","","-8.0","","79","","0.0","","35","","22","","","","97.99","","","","-12","","NA"
"-101.10","53.97","THE PAS CLIMATE","5052890","2022-04-02 02:00","2022","04","02","02:00","-5.2","","-8.0","","81","","0.0","","33","","16","","","","98.08","","","","-11","","NA"
"-101.10","53.97","THE PAS CLIMATE","5052890","2022-04-02 03:00","2022","04","02","03:00","-5.5","","-8.5","","80","","0.0","","33","","17","","","","98.14","","","","-12","","NA"
"-101.10","53.97","THE PAS CLIMATE","5052890","2022-04-02 04:00","2022","04","02","04:00","-6.9","","-9.8","","80","","0.0","","32","","14","","","","98.23","","","","-13","","NA"
"-101.10","53.97","THE PAS CLIMATE","5052890","2022-04-02 05:00","2022","04","02","05:00","-8.1","","-10.7","","82","","0.0","","33","","12","","","","98.29","","","","-14","","NA"
"-101.10","53.97","THE PAS CLIMATE","5052890","2022-04-02 06:00","2022","04","02","06:00","-10.1","","-11.9","","87","","0.0","","30","","11","","","","98.37","","","","-16","","NA"
"-101.10","53.97","THE PAS CLIMATE","5052890","2022-04-02 07:00","2022","04","02","07:00","-9.2","","-11.4","","84","","0.0","","32","","10","","","","98.39","","","","-14","","NA"
"-101.10","53.97","THE PAS CLIMATE","5052890","2022-04-02 08:00","2022","04","02","08:00","-8.4","","-11.4","","79","","0.0","","33","","12","","","","98.44","","","","-14","","NA"
"-101.10","53.97","THE PAS CLIMATE","5052890","2022-04-02 09:00","2022","04","02","09:00","-7.1","","-10.6","","76","","0.0","","30","","6","","","","98.48","","","","-10","","NA"
"-101.10","53.97","THE PAS CLIMATE","5052890","2022-04-02 10:00","2022","04","02","10:00","-5.8","","-10.4","","70","","0.0","","34","","9","","","","98.48","","","","-10","","NA"
"-101.10","53.97","THE PAS CLIMATE","5052890","2022-04-02 11:00","2022","04","02","11:00","-4.9","","-11.3","","61","","0.0","","36","","7","","","","98.49","","","","-8","","NA"
"-101.10","53.97","THE PAS CLIMATE","5052890","2022-04-02 12:00","2022","04","02","12:00","-3.6","","-11.8","","53","","0.0","","33","","5","","","","98.50","","","","-6","","NA"
"-101.10","53.97","THE PAS CLIMATE","5052890","2022-04-02 13:00","2022","04","02","13:00","-3.1","","-10.6","","56","","0.0","","30","","7","","","","98.49","","","","-6","","NA"
"-101.10","53.97","THE PAS CLIMATE","5052890","2022-04-02 14:00","2022","04","02","14:00","-2.1","","-12.7","","44","","0.0","","32","","5","","","","98.46","","","","-4","","NA"
"-101.10","53.97","THE PAS CLIMATE","5052890","2022-04-02 15:00","2022","04","02","15:00","-1.6","","-11.8","","46","","0.0","","34","","5","","","","98.40","","","","-3","","NA"
"-101.10","53.97","THE PAS CLIMATE","5052890","2022-04-02 16:00","2022","04","02","16:00","-1.5","","-10.9","","49","","0.0","","36","","7","","","","98.40","","","","-4","","NA"
"-101.10","53.97","THE PAS CLIMATE","5052890","2022-04-02 17:00","2022","04","02","17:00","-1.3","","-9.9","","52","","0.0","","15","","10","","","","98.41","","","","-5","","NA"
"-101.10","53.97","THE PAS CLIMATE","5052890","2022-04-02 18:00","2022","04","02","18:00","-2.4","","-9.3","","59","","0.0","","16","","9","","","","98.39","","","","-6","","NA"
"-101.10","53.97","THE PAS CLIMATE","5052890","2022-04-02 19:00","2022","04","02","19:00","-2.8","","-8.4","","65","","0.0","","15","","4","","","","98.40","","","","-4","","NA"
"-101.10","53.97","THE PAS CLIMATE","5052890","2022-04-02 20:00","2022","04","02","20:00","-3.9","","-8.6","","70","","0.0","","15","","4","","","","98.42","","","","-6","","NA"
"-101.10","53.97","THE PAS CLIMATE","5052890","2022-04-02 21:00","2022","04","02","21:00","-4.1","","-8.8","","70","","0.0","","14","","6","","","","98.42","","","","-7","","NA"
"-101.10","53.97","THE PAS CLIMATE","5052890","2022-04-02 22:00","2022","04","02","22:00","-3.7","","-8.4","","69","","0.0","","15","","10","","","","98.42","","","","-8","","NA"
"-101.10","53.97","THE PAS CLIMATE","5052890","2022-04-02 23:00","2022","04","02","23:00","-4.5","","-8.5","","73","","0.0","","15","","11","","","","98.40","","","","-9","","NA"
"-101.10","53.97","THE PAS CLIMATE","5052890","2022-04-03 00:00","2022","04","03","00:00","-4.7","","-8.4","","75","","0.0","","15","","8","","","","98.41","","","","-8","","NA"
"-101.10","53.97","THE PAS CLIMATE","5052890","2022-04-03 01:00","2022","04","03","01:00","-4.4","","-8.3","","74","","0.0","","15","","10","","","","98.38","","","","-9","","NA"
"-101.10","53.97","THE PAS CLIMATE","5052890","2022-04-03 02:00","2022","04","03","02:00","-4.8","","-8.4","","76","","0.0","","15","","13","","","","98.38","","","","-10","","NA"
"-101.10","53.97","THE PAS CLIMATE","5052890","2022-04-03 03:00","2022","04","03","03:00","-5.4","","-8.9","","76","","0.0","","15","","12","","","","98.37","","","","-10","","NA"
"-101.10","53.97","THE PAS CLIMATE","5052890","2022-04-03 04:00","2022","04","03","04:00","-5.8","","-8.8","","79","","0.0","","15","","10","","","","98.39","","","","-10","","NA"
"-101.10","53.97","THE PAS CLIMATE","5052890","2022-04-03 05:00","2022","04","03","05:00","-6.1","","-9.1","","80","","0.0","","15","","10","","","","98.38","","","","-11","","NA"
"-101.10","53.97","THE PAS CLIMATE","5052890","2022-04-03 06:00","2022","04","03","06:00","-7.2","","-9.6","","83","","0.0","","15","","10","","","","98.35","","","","-12","","NA"
"-101.10","53.97","THE PAS CLIMATE","5052890","2022-04-03 07:00","2022","04","03","07:00","-6.7","","-9.5","","81","","0.0","","15","","11","","","","98.33","","","","-12","","NA"
"-101.10","53.97","THE PAS CLIMATE","5052890","2022-04-03 08:00","2022","04","03","08:00","-6.2","","-9.4","","78","","0.0","","16","","13","","","","98.33","","","","-12","","NA"
"-101.10","53.97","THE PAS CLIMATE","5052890","2022-04-03 09:00","2022","04","03","09:00","-3.1","","-8.8","","65","","0.0","","16","","11","","","","98.31","","","","-7","","NA"
"-101.10","53.97","THE PAS CLIMATE","5052890","2022-04-03 10:00","2022","04","03","10:00","-1.5","","-8.0","","61","","0.0","","15","","12","","","","98.28","","","","-6","","NA"
"-101.10","53.97","THE PAS CLIMATE","5052890","2022-04-03 11:00","2022","04","03","11:00","1.4","","-7.8","","50","","0.0","","15","","12","","","","98.25","","","","","","NA"
"-101.10","53.97","THE PAS CLIMATE","5052890","2022-04-03 12:00","2022","04","03","12:00","2.0","","-7.5","","49","","0.0","","15","","15","","","","98.22","","","","","","NA"
"-101.10","53.97","THE PAS CLIMATE","5052890","2022-04-03 13:00","2022","04","03","13:00","2.9","","-7.4","","47","","0.0","","14","","16","","","","98.19","","","","","","NA"
"-101.10","53.97","THE PAS CLIMATE","5052890","2022-04-03 14:00","2022","04","03","14:00","3.3","","-7.2","","46","","0.0","","14","","14","","","","98.15","","","","","","NA"
"-101.10","53.97","THE PAS CLIMATE","5052890","2022-04-03 15:00","2022","04","03","15:00","4.1","","-7.5","","42","","0.0","","15","","17","","","","98.10","","","","","","NA"
"-101.10","53.97","THE PAS CLIMATE","5052890","2022-04-03 16:00","2022","04","03","16:00","3.6","","-5.9","","50","","0.0","","15","","19","","","","98.06","","","","","","NA"
"-101.10","53.97","THE PAS CLIMATE","5052890","2022-04-03 17:00","2022","04","03","17:00","3.6","","-5.3","","52","","0.0","","14","","15","","","","98.01","","","","","","NA"
"-101.10","53.97","THE PAS CLIMATE","5052890","2022-04-03 18:00","2022","04","03","18:00","3.0","","-5.0","","56","","0.0","","15","","15","","","","97.97","","","","","","NA"
"-101.10","53.97","THE PAS CLIMATE","5052890","2022-04-03 19:00","2022","04","03","19:00","2.0","","-3.9","","65","","0.0","","15","","12","","","","97.96","","","","","","NA"
"-101.10","53.97","THE PAS CLIMATE","5052890","2022-04-03 20:00","2022","04","03","20:00","1.0","","-4.2","","68","","0.0","","17","","11","","","","97.97","","","","","","NA"
"-101.10","53.97","THE PAS CLIMATE","5052890","2022-04-03 21:00","2022","04","03","21:00","-0.8","","-4.9","","74","","0.0","","15","","6","","","","97.96","","","","-3","","NA"
"-101.10","53.97","THE PAS CLIMATE","5052890","2022-04-03 22:00","2022","04","03","22:00","-1.8","","-5.1","","78","","0.0","","15","","7","","","","97.93","","","","-4","","NA"
"-101.10","53.97","THE PAS CLIMATE","5052890","2022-04-03 23:00","2022","04","03","23:00","-1.9","","-4.4","","83","","0.0","","18","","7","","","","97.91","","","","-5","","NA"
"-101.10","53.97","THE PAS CLIMATE","5052890","2022-04-04 00:00","2022","04","04","00:00","-2.8","","-4.2","","90","","0.0","","16","","7","","","","97.86","","","","-6","","NA"
"-101.10","53.97","THE PAS CLIMATE","5052890","2022-04-04 01:00","2022","04","04","01:00","-4.5","","-5.8","","91","","0.0","","14","","9","","","","97.81","","","","-8","","NA"
"-101.10","53.97","THE PAS CLIMATE","5052890","2022-04-04 02:00","2022","04","04","02:00","-4.7","","-5.8","","92","","0.0","","15","","12","","","","97.77","","","","-9","","NA"
"-101.10","53.97","THE PAS CLIMATE","5052890","2022-04-04 03:00","2022","04","04","03:00","-3.9","","-4.7","","94","","0.0","","16","","13","","","","97.71","","","","-9","","NA"
"-101.10","53.97","THE PAS CLIMATE","5052890","2022-04-04 04:00","2022","04","04","04:00","-3.1","","-3.9","","94","","0.0","","14","","10","","","","97.67","","","","-7","","NA"
"-101.10","53.97","THE PAS CLIMATE","5052890","2022-04-04 05:00","2022","04","04","05:00","-2.4","","-3.2","","94","","0.0","","14","","9","","","","97.62","","","","-6","","NA"
"-101.10","53.97","THE PAS CLIMATE","5052890","2022-04-04 06:00","2022","04","04","06:00","-2.1","","-3.0","","94","","0.0","","14","","8","","","","97.60","","","","-5","","NA"
"-101.10","53.97","THE PAS CLIMATE","5052890","2022-04-04 07:00","2022","04","04","07:00","-1.4","","-2.2","","94","","0.0","","10","","6","","","","97.54","","","","-4","","NA"
"-101.10","53.97","THE PAS CLIMATE","5052890","2022-04-04 08:00","2022","04","04","08:00","-1.2","","-2.1","","93","","0.0","","15","","14","","","","97.49","","","","-6","","NA"
"-101.10","53.97","THE PAS CLIMATE","5052890","2022-04-04 09:00","2022","04","04","09:00","-0.8","","-3.7","","80","","0.0","","14","","12","","","","97.44","","","","-5","","NA"
"-101.10","53.97","THE PAS CLIMATE","5052890","2022-04-04 10:00","2022","04","04","10:00","0.0","","-4.9","","70","","0.0","","14","","17","","","","97.37","","","","-5","","NA"
"-101.10","53.97","THE PAS CLIMATE","5052890","2022-04-04 11:00","2022","04","04","11:00","2.3","","-3.8","","64","","0.0","","14","","19","","","","97.30","","","","","","NA"
"-101.10","53.97","THE PAS CLIMATE","5052890","2022-04-04 12:00","2022","04","04","12:00","3.0","","-3.8","","61","","0.0","","13","","21","","","","97.22","","","","","","NA"
"-101.10","53.97","THE PAS CLIMATE","5052890","2022-04-04 13:00","2022","04","04","13:00","3.4","","-3.4","","61","","0.0","","15","","22","","","","97.15","","","","","","NA"
"-101.10","53.97","THE PAS CLIMATE","5052890","2022-04-04 14:00","2022","04","04","14:00","3.9","","-3.6","","58","","0.0","","15","","27","","","","97.08","","","","","","NA"
"-101.10","53.97","THE PAS CLIMATE","5052890","2022-04-04 15:00","2022","04","04","15:00","4.6","","-3.6","","55","","0.0","","14","","23","","","","97.01","","","","","","NA"
"-101.10","53.97","THE PAS CLIMATE","5052890","2022-04-04 16:00","2022","04","04","16:00","5.2","","-3.7","","52","","0.0","","14","","22","","","","96.95","","","","","","NA"
"-101.10","53.97","THE PAS CLIMATE","5052890","2022-04-04 17:00","2022","04","04","17:00","5.6","","-4.0","","50","","0.0","","14","","19","","","","96.92","","","","","","NA"
"-101.10","53.97","THE PAS CLIMATE","5052890","2022-04-04 18:00","2022","04","04","18:00","5.1","","-3.9","","52","","0.0","","12","","20","","","","96.88","","","","","","NA"
"-101.10","53.97","THE PAS CLIMATE","5052890","2022-04-04 19:00","2022","04","04","19:00","3.5","","-3.3","","61","","0.0","","12","","15","","","","96.84","","","","","","NA"
"-101.10","53.97","THE PAS CLIMATE","5052890","2022-04-04 20:00","2022","04","04","20:00","2.2","","-3.2","","68","","0.0","","11","","17","","","","96.85","","","","","","NA"
"-101.10","53.97","THE PAS CLIMATE","5052890","2022-04-04 21:00","2022","04","04","21:00","1.1","","-3.4","","72","","0.0","","11","","17","","","","96.84","","","","","","NA"
"-101.10","53.97","THE PAS CLIMATE","5052890","2022-04-04 22:00","2022","04","04","22:00","0.6","","-3.6","","73","","0.0","","12","","19","","","","96.82","","","","","","NA"
"-101.10","53.97","THE PAS CLIMATE","5052890","2022-04-04 23:00","2022","04","04","23:00","0.5","","-3.6","","74","","0.0","","12","","20","","","","96.79","","","","","","NA"
"-101.10","53.97","THE PAS CLIMATE","5052890","2022-04-05 00:00","2022","04","05","00:00","-0.1","","-3.8","","76","","0.0","","11","","17","","","","96.77","","","","-5","","NA"
"-101.10","53.97","THE PAS CLIMATE","5052890","2022-04-05 01:00","2022","04","05","01:00","0.1","","-3.6","","76","","0.0","","12","","17","","","","96.75","","","","","","NA"
"-101.10","53.97","THE PAS CLIMATE","5052890","2022-04-05 02:00","2022","04","05","02:00","0.1","","-3.1","","79","","0.0","","10","","15","","","","96.73","","","","","","NA"
"-101.10","53.97","THE PAS CLIMATE","5052890","2022-04-05 03:00","2022","04","05","03:00","0.6","","-2.6","","79","","0.0","","11","","17","","","","96.72","","","","","","NA"
"-101.10","53.97","THE PAS CLIMATE","5052890","2022-04-05 04:00","2022","04","05","04:00","0.7","","-2.8","","77","","0.0","","11","","16","","","","96.72","","","","","","NA"
"-101.10","53.97","THE PAS CLIMATE","5052890","2022-04-05 05:00","2022","04","05","05:00","-0.1","","-5.1","","69","","0.0","","10","","19","","","","96.72","","","","-5","","NA"
"-101.10","53.97","THE PAS CLIMATE","5052890","2022-04-05 06:00","2022","04","05","06:00","-0.9","","-5.1","","74","","0.0","","9","","18","","","","96.76","","","","-6","","NA"
"-101.10","53.97","THE PAS CLIMATE","5052890","2022-04-05 07:00","2022","04","05","07:00","-0.6","","-4.7","","74","","0.0","","10","","19","","","","96.82","","","","-6","","NA"
"-101.10","53.97","THE PAS CLIMATE","5052890","2022-04-05 08:00","2022","04","05","08:00","-0.1","","-5.2","","68","","0.0","","9","","17","","","","96.90","","","","-5","","NA"
"-101.10","53.97","THE PAS CLIMATE","5052890","2022-04-05 09:00","2022","04","05","09:00","1.4","","-4.8","","63","","0.0","","10","","19","","","","96.96","","","","","","NA"
"-101.10","53.97","THE PAS CLIMATE","5052890","2022-04-05 10:00","2022","04","05","10:00","3.5","","-4.4","","56","","0.0","","10","","16","","","","97.01","","","","","","NA"
"-101.10","53.97","THE PAS CLIMATE","5052890","2022-04-05 11:00","2022","04","05","11:00","4.4","","-4.6","","52","","0.0","","9","","20","","","","97.04","","","","","","NA"
"-101.10","53.97","THE PAS CLIMATE","5052890","2022-04-05 12:00","2022","04","05","12:00","4.7","","-4.7","","51","","0.0","","8","","23","","","","97.12","","","","","","NA"
"-101.10","53.97","THE PAS CLIMATE","5052890","2022-04-05 13:00","2022","04","05","13:00","5.2","","-4.3","","50","","0.0","","6","","21","","","","97.16","","","","","","NA"
"-101.10","53.97","THE PAS CLIMATE","5052890","2022-04-05 14:00","2022","04","05","14:00","5.3","","-3.8","","52","","0.0","","6","","26","","","","97.24","","","","","","NA"
"-101.10","53.97","THE PAS CLIMATE","5052890","2022-04-05 15:00","2022","04","05","15:00","5.3","","-2.8","","56","","0.0","","6","","26","","","","97.33","","","","","","NA"
"-101.10","53.97","THE PAS CLIMATE","5052890","2022-04-05 16:00","2022","04","05","16:00","5.2","","-2.9","","56","","0.0","","7","","26","","","","97.43","","","","","","NA"
"-101.10","53.97","THE PAS CLIMATE","5052890","2022-04-05 17:00","2022","04","05","17:00","5.2","","-2.9","","56","","0.0","","7","","22","","","","97.52","","","","","","NA"
"-101.10","53.97","THE PAS CLIMATE","5052890","2022-04-05 18:00","2022","04","05","18:00","4.9","","-2.9","","57","","0.0","","7","","20","","","","97.61","","","","","","NA"
"-101.10","53.97","THE PAS CLIMATE","5052890","2022-04-05 19:00","2022","04","05","19:00","4.6","","-3.3","","57","","0.0","","9","","11","","","","97.69","","","","","","NA"
"-101.10","53.97","THE PAS CLIMATE","5052890","2022-04-05 20:00","2022","04","05","20:00","2.9","","-2.9","","65","","0.0","","6","","10","","","","97.78","","","","","","NA"
"-101.10","53.97","THE PAS CLIMATE","5052890","2022-04-05 21:00","2022","04","05","21:00","2.2","","-3.8","","64","","0.0","","5","","10","","","","97.86","","","","","","NA"
"-101.10","53.97","THE PAS CLIMATE","5052890","2022-04-05 22:00","2022","04","05","22:00","1.1","","-4.1","","68","","0.0","","5","","9","","","","97.94","","","","","","NA"
"-101.10","53.97","THE PAS CLIMATE","5052890","2022-04-05 23:00","2022","04","05","23:00","0.1","","-3.6","","77","","0.0","","3","","11","","","","97.99","","","","","","NA"
"-101.10","53.97","THE PAS CLIMATE","5052890","2022-04-06 00:00","2022","04","06","00:00","-0.4","","-3.6","","79","","0.0","","3","","12","","","","98.04","","","","-4","","NA"
"-101.10","53.97","THE PAS CLIMATE","5052890","2022-04-06 01:00","2022","04","06","01:00","-0.7","","-3.5","","81","","0.0","","2","","13","","","","98.10","","","","-5","","NA"
"-101.10","53.97","THE PAS CLIMATE","5052890","2022-04-06 02:00","2022","04","06","02:00","-0.7","","-3.1","","83","","0.0","","1","","13","","","","98.17","","","","-5","","NA"
"-101.10","53.97","THE PAS CLIMATE","5052890","2022-04-06 03:00","2022","04","06","03:00","-0.7","","-3.2","","83","","0.0","","1","","13","","","","98.23","","","","-5","","NA"
"-101.10","53.97","THE PAS CLIMATE","5052890","2022-04-06 04:00","2022","04","06","04:00","-1.2","","-3.8","","83","","0.0","","1","","12","","","","98.31","","","","-5","","NA"
"-101.10","53.97","THE PAS CLIMATE","5052890","2022-04-06 05:00","2022","04","06","05:00","-2.9","","-5.5","","82","","0.0","","1","","12","","","","98.38","","","","-7","","NA"
"-101.10","53.97","THE PAS CLIMATE","5052890","2022-04-06 06:00","2022","04","06","06:00","-2.8","","-5.8","","80","","0.0","","2","","13","","","","98.45","","","","-7","","NA"
"-101.10","53.97","THE PAS CLIMATE","5052890","2022-04-06 07:00","2022","04","06","07:00","-4.2","","-6.8","","82","","0.0","","36","","12","","","","98.52","","","","-9","","NA"
"-101.10","53.97","THE PAS CLIMATE","5052890","2022-04-06 08:00","2022","04","06","08:00","-3.4","","-7.0","","76","","0.0","","36","","9","","","","98.58","","","","-7","","NA"
"-101.10","53.97","THE PAS CLIMATE","5052890","2022-04-06 09:00","2022","04","06","09:00","-1.8","","-6.3","","71","","0.0","","36","","8","","","","98.63","","","","-5","","NA"
"-101.10","53.97","THE PAS CLIMATE","5052890","2022-04-06 10:00","2022","04","06","10:00","0.4","","-5.3","","66","","0.0","","36","","10","","","","98.67","","","","","","NA"
"-101.10","53.97","THE PAS CLIMATE","5052890","2022-04-06 11:00","2022","04","06","11:00","2.3","","-5.4","","57","","0.0","","1","","17","","","","98.70","","","","","","NA"
"-101.10","53.97","THE PAS CLIMATE","5052890","2022-04-06 12:00","2022","04","06","12:00","2.3","","-4.4","","61","","0.0","","1","","13","","","","98.74","","","","","","NA"
"-101.10","53.97","THE PAS CLIMATE","5052890","2022-04-06 13:00","2022","04","06","13:00","2.6","","-5.1","","57","","0.0","","1","","13","","","","98.76","","","","","","NA"
"-101.10","53.97","THE PAS CLIMATE","5052890","2022-04-06 14:00","2022","04","06","14:00","3.0","","-5.4","","54","","0.0","","1","","18","","","","98.76","","","","","","NA"
"-101.10","53.97","THE PAS CLIMATE","5052890","2022-04-06 15:00","2022","04","06","15:00","3.7","","-5.4","","51","","0.0","","1","","16","","","","98.77","","","","","","NA"
"-101.10","53.97","THE PAS CLIMATE","5052890","2022-04-06 16:00","2022","04","06","16:00","3.7","","-5.1","","53","","0.0","","1","","16","","","","98.82","","","","","","NA"
"-101.10","53.97","THE PAS CLIMATE","5052890","2022-04-06 17:00","2022","04","06","17:00","2.8","","-4.1","","60","","0.0","","1","","16","","","","98.89","","","","","","NA"
"-101.10","53.97","THE PAS CLIMATE","5052890","2022-04-06 18:00","2022","04","06","18:00","2.5","","-3.3","","66","","0.0","","1","","13","","","","98.97","","","","","","NA"
"-101.10","53.97","THE PAS CLIMATE","5052890","2022-04-06 19:00","2022","04","06","19:00","2.6","","-3.2","","66","","0.0","","2","","14","","","","99.04","","","","","","NA"
"-101.10","53.97","THE PAS CLIMATE","5052890","2022-04-06 20:00","2022","04","06","20:00","2.4","","-3.0","","68","","0.0","","3","","12","","","","99.11","","","","","","NA"
"-101.10","53.97","THE PAS CLIMATE","5052890","2022-04-06 21:00","2022","04","06","21:00","2.0","","-2.5","","72","","0.0","","4","","11","","","","99.18","","","","","","NA"
"-101.10","53.97","THE PAS CLIMATE","5052890","2022-04-06 22:00","2022","04","06","22:00","1.1","","-2.2","","79","","0.0","","3","","13","","","","99.26","","","","","","NA"
"-101.10","53.97","THE PAS CLIMATE","5052890","2022-04-06 23:00","2022","04","06","23:00","0.3","","-1.8","","86","","0.0","","3","","12","","","","99.30","","","","","","NA"
"-101.10","53.97","THE PAS CLIMATE","5052890","2022-04-07 00:00","2022","04","07","00:00","-0.2","","-1.5","","91","","0.0","","2","","9","","","","99.35","","","","-3","","NA"
"-101.10","53.97","THE PAS CLIMATE","5052890","2022-04-07 01:00","2022","04","07","01:00","-0.1","","-1.3","","92","","0.0","","1","","11","","","","99.39","","","","-4","","NA"
"-101.10","53.97","THE PAS CLIMATE","5052890","2022-04-07 02:00","2022","04","07","02:00","0.0","","-1.6","","89","","0.0","","1","","14","","","","99.43","","","","-4","","NA"
"-101.10","53.97","THE PAS CLIMATE","5052890","2022-04-07 03:00","2022","04","07","03:00","-0.1","","-2.0","","87","","0.0","","2","","13","","","","99.48","","","","-4","","NA"
"-101.10","53.97","THE PAS CLIMATE","5052890","2022-04-07 04:00","2022","04","07","04:00","-0.9","","-2.5","","89","","0.0","","1","","11","","","","99.53","","","","-5","","NA"
"-101.10","53.97","THE PAS CLIMATE","5052890","2022-04-07 05:00","2022","04","07","05:00","-1.6","","-3.3","","88","","0.0","","2","","13","","","","99.57","","","","-6","","NA"
"-101.10","53.97","THE PAS CLIMATE","5052890","2022-04-07 06:00","2022","04","07","06:00","-2.3","","-3.8","","89","","0.0","","1","","13","","","","99.63","","","","-7","","NA"
"-101.10","53.97","THE PAS CLIMATE","5052890","2022-04-07 07:00","2022","04","07","07:00","-3.3","","-5.3","","86","","0.0","","36","","9","","","","99.72","","","","-7","","NA"
"-101.10","53.97","THE PAS CLIMATE","5052890","2022-04-07 08:00","2022","04","07","08:00","-2.1","","-4.5","","84","","0.0","","1","","12","","","","99.78","","","","-6","","NA"
"-101.10","53.97","THE PAS CLIMATE","5052890","2022-04-07 09:00","2022","04","07","09:00","-1.3","","-4.6","","78","","0.0","","36","","11","","","","99.83","","","","-5","","NA"
"-101.10","53.97","THE PAS CLIMATE","5052890","2022-04-07 10:00","2022","04","07","10:00","0.2","","-5.1","","67","","0.0","","36","","10","","","","99.86","","","","","","NA"
"-101.10","53.97","THE PAS CLIMATE","5052890","2022-04-07 11:00","2022","04","07","11:00","2.1","","-6.0","","55","","0.0","","1","","11","","","","99.89","","","","","","NA"
"-101.10","53.97","THE PAS CLIMATE","5052890","2022-04-07 12:00","2022","04","07","12:00","2.7","","-7.2","","48","","0.0","","35","","9","","","","99.90","","","","","","NA"
"-101.10","53.97","THE PAS CLIMATE","5052890","2022-04-07 13:00","2022","04","07","13:00","3.7","","-9.4","","38","","0.0","","35","","9","","","","99.90","","","","","","NA"
"-101.10","53.97","THE PAS CLIMATE","5052890","2022-04-07 14:00","2022","04","07","14:00","5.4","","-12.5","","26","","0.0","","1","","8","","","","99.86","","","","","","NA"
"-101.10","53.97","THE PAS CLIMATE","5052890","2022-04-07 15:00","2022","04","07","15:00","5.7","","-13.0","","25","","0.0","","1","","8","","","","99.82","","","","","","NA"
"-101.10","53.97","THE PAS CLIMATE","5052890","2022-04-07 16:00","2022","04","07","16:00","6.2","","-13.8","","22","","0.0","","35","","6","","","","99.82","","","","","","NA"
"-101.10","53.97","THE PAS CLIMATE","5052890","2022-04-07 17:00","2022","04","07","17:00","5.5","","-10.2","","31","","0.0","","16","","8","","","","99.78","","","","","","NA"
"-101.10","53.97","THE PAS CLIMATE","5052890","2022-04-07 18:00","2022","04","07","18:00","5.0","","-8.4","","37","","0.0","","17","","11","","","","99.77","","","","","","NA"
"-101.10","53.97","THE PAS CLIMATE","5052890","2022-04-07 19:00","2022","04","07","19:00","4.4","","-9.4","","36","","0.0","","16","","8","","","","99.75","","","","","","NA"
"-101.10","53.97","THE PAS CLIMATE","5052890","2022-04-07 20:00","2022","04","07","20:00","1.8","","-8.3","","47","","0.0","","18","","4","","","","99.73","","","","","","NA"
"-101.10","53.97","THE PAS CLIMATE","5052890","2022-04-07 21:00","2022","04","07","21:00","-1.3","","-7.8","","61","","0.0","","20","","3","","","","99.72","","","","-2","","NA"
"-101.10","53.97","THE PAS CLIMATE","5052890","2022-04-07 22:00","2022","04","07","22:00","-2.7","","-6.8","","73","","0.0","","15","","5","","","","99.68","","","","-5","","NA"
"-101.10","53.97","THE PAS CLIMATE","5052890","2022-04-07 23:00","2022","04","07","23:00","-3.2","","-6.5","","78","","0.0","","15","","4","","","","99.62","","","","-5","","NA"
"-101.10","53.97","THE PAS CLIMATE","5052890","2022-04-08 00:00","2022","04","08","00:00","-3.8","","-7.0","","78","","0.0","","16","","5","","","","99.60","","","","-6","","NA"
"-101.10","53.97","THE PAS CLIMATE","5052890","2022-04-08 01:00","2022","04","08","01:00","-4.8","","-7.4","","82","","0.0","","16","","5","","","","99.54","","","","-7","","NA"
"-101.10","53.97","THE PAS CLIMATE","5052890","2022-04-08 02:00","2022","04","08","02:00","-4.9","","-7.3","","83","","0.0","","16","","4","","","","99.50","","","","-7","","NA"
"-101.10","53.97","THE PAS CLIMATE","5052890","2022-04-08 03:00","2022","04","08","03:00","-5.3","","-7.9","","81","","0.0","","17","","5","","","","99.45","","","","-8","","NA"
"-101.10","53.97","THE PAS CLIMATE","5052890","2022-04-08 04:00","2022","04","08","04:00","-5.1","","-8.5","","77","","0.0","","14","","5","","","","99.40","","","","-7","","NA"
"-101.10","53.97","THE PAS CLIMATE","5052890","2022-04-08 05:00","2022","04","08","05:00","-3.9","","-9.7","","64","","0.0","","14","","9","","","","99.36","","","","-8","","NA"
"-101.10","53.97","THE PAS CLIMATE","5052890","2022-04-08 06:00","2022","04","08","06:00","-4.2","","-10.2","","63","","0.0","","15","","7","","","","99.31","","","","-7","","NA"
"-101.10","53.97","THE PAS CLIMATE","5052890","2022-04-08 07:00","2022","04","08","07:00","-3.7","","-10.7","","58","","0.0","","15","","10","","","","99.27","","","","-8","","NA"
"-101.10","53.97","THE PAS CLIMATE","5052890","2022-04-08 08:00","2022","04","08","08:00","-1.6","","-10.0","","53","","0.0","","15","","12","","","","99.20","","","","-6","","NA"
"-101.10","53.97","THE PAS CLIMATE","5052890","2022-04-08 09:00","2022","04","08","09:00","0.1","","-8.4","","53","","0.0","","15","","15","","","","99.08","","","","","","NA"
"-101.10","53.97","THE PAS CLIMATE","5052890","2022-04-08 10:00","2022","04","08","10:00","2.8","","-7.9","","45","","0.0","","16","","15","","","","99.01","","","","","","NA"
"-101.10","53.97","THE PAS CLIMATE","5052890","2022-04-08 11:00","2022","04","08","11:00","3.2","","-7.1","","47","","0.0","","15","","16","","","","98.91","","","","","","NA"
"-101.10","53.97","THE PAS CLIMATE","5052890","2022-04-08 12:00","2022","04","08","12:00","4.1","","-7.6","","42","","0.0","","15","","20","","","","98.79","","","","","","NA"
"-101.10","53.97","THE PAS CLIMATE","5052890","2022-04-08 13:00","2022","04","08","13:00","4.5","","-8.2","","39","","0.0","","14","","20","","","","98.67","","","","","","NA"
"-101.10","53.97","THE PAS CLIMATE","5052890","2022-04-08 14:00","2022","04","08","14:00","4.7","","-7.9","","40","","0.0","","15","","23","","","","98.51","","","","","","NA"
"-101.10","53.97","THE PAS CLIMATE","5052890","2022-04-08 15:00","2022","04","08","15:00","4.7","","-8.0","","39","","0.0","","15","","24","","","","98.41","","","","","","NA"
"-101.10","53.97","THE PAS CLIMATE","5052890","2022-04-08 16:00","2022","04","08","16:00","4.6","","-7.9","","40","","0.0","","15","","25","","","","98.25","","","","","","NA"
"-101.10","53.97","THE PAS CLIMATE","5052890","2022-04-08 17:00","2022","04","08","17:00","3.9","","-6.8","","45","","0.0","","15","","20","","","","98.15","","","","","","NA"
"-101.10","53.97","THE PAS CLIMATE","5052890","2022-04-08 18:00","2022","04","08","18:00","3.5","","-6.7","","47","","0.0","","14","","18","","","","98.02","","","","","","NA"
"-101.10","53.97","THE PAS CLIMATE","5052890","2022-04-08 19:00","2022","04","08","19:00","2.7","","-6.2","","52","","0.0","","14","","22","","","","97.87","","","","","","NA"
"-101.10","53.97","THE PAS CLIMATE","5052890","2022-04-08 20:00","2022","04","08","20:00","2.1","","-6.1","","55","","0.0","","14","","23","","","","97.76","","","","","","NA"
"-101.10","53.97","THE PAS CLIMATE","5052890","2022-04-08 21:00","2022","04","08","21:00","2.0","","-6.0","","55","","0.0","","15","","25","","","","97.65","","","","","","NA"
"-101.10","53.97","THE PAS CLIMATE","5052890","2022-04-08 22:00","2022","04","08","22:00","1.8","","-5.7","","58","","0.0","","15","","24","","","","97.55","","","","","","NA"
"-101.10","53.97","THE PAS CLIMATE","5052890","2022-04-08 23:00","2022","04","08","23:00","1.4","","-5.1","","61","","0.0","","15","","23","","","","97.42","","","","","","NA"
"-101.10","53.97","THE PAS CLIMATE","5052890","2022-04-09 00:00","2022","04","09","00:00","1.1","","-4.6","","66","","0.0","","15","","26","","","","97.29","","","","","","NA"
"-101.10","53.97","THE PAS CLIMATE","5052890","2022-04-09 01:00","2022","04","09","01:00","1.0","","-4.7","","66","","0.0","","15","","32","","","","97.11","","","","","","NA"
"-101.10","53.97","THE PAS CLIMATE","5052890","2022-04-09 02:00","2022","04","09","02:00","1.1","","-4.1","","68","","0.0","","15","","32","","","","96.96","","","","","","NA"
"-101.10","53.97","THE PAS CLIMATE","5052890","2022-04-09 03:00","2022","04","09","03:00","0.7","","-4.2","","70","","0.0","","15","","35","","","","96.76","","","","","","NA"
"-101.10","53.97","THE PAS CLIMATE","5052890","2022-04-09 04:00","2022","04","09","04:00","0.8","","-4.0","","70","","0.0","","15","","35","","","","96.65","","","","","","NA"
"-101.10","53.97","THE PAS CLIMATE","5052890","2022-04-09 05:00","2022","04","09","05:00","0.9","","-3.6","","72","","0.0","","15","","30","","","","96.59","","","","","","NA"
"-101.10","53.97","THE PAS CLIMATE","5052890","2022-04-09 06:00","2022","04","09","06:00","1.1","","-3.6","","71","","0.0","","15","","30","","","","96.46","","","","","","NA"
"-101.10","53.97","THE PAS CLIMATE","5052890","2022-04-09 07:00","2022","04","09","07:00","1.1","","-3.4","","72","","0.0","","15","","29","","","","96.45","","","","","","NA"
"-101.10","53.97","THE PAS CLIMATE","5052890","2022-04-09 08:00","2022","04","09","08:00","2.0","","-4.0","","65","","0.0","","15","","29","","","","96.37","","","","","","NA"
"-101.10","53.97","THE PAS CLIMATE","5052890","2022-04-09 09:00","2022","04","09","09:00","1.1","","-2.4","","78","","0.3","","15","","31","","","","96.34","","","","","","NA"
"-101.10","53.97","THE PAS CLIMATE","5052890","2022-04-09 10:00","2022","04","09","10:00","1.5","","-1.8","","79","","0.2","","16","","28","","","","96.31","","","","","","NA"
"-101.10","53.97","THE PAS CLIMATE","5052890","2022-04-09 11:00","2022","04","09","11:00","1.8","","-1.0","","81","","0.0","","16","","23","","","","96.32","","","","","","NA"
"-101.10","53.97","THE PAS CLIMATE","5052890","2022-04-09 12:00","2022","04","09","12:00","2.5","","-1.1","","77","","0.0","","16","","22","","","","96.31","","","","","","NA"
"-101.10","53.97","THE PAS CLIMATE","5052890","2022-04-09 13:00","2022","04","09","13:00","3.5","","-1.0","","72","","0.0","","17","","19","","","","96.29","","","","","","NA"
"-101.10","53.97","THE PAS CLIMATE","5052890","2022-04-09 14:00","2022","04","09","14:00","3.6","","-0.5","","75","","0.0","","16","","19","","","","96.29","","","","","","NA"
"-101.10","53.97","THE PAS CLIMATE","5052890","2022-04-09 15:00","2022","04","09","15:00","3.8","","0.3","","78","","0.0","","14","","16","","","","96.25","","","","","","NA"
"-101.10","53.97","THE PAS CLIMATE","5052890","2022-04-09 16:00","2022","04","09","16:00","3.7","","0.1","","78","","0.0","","15","","15","","","","96.28","","","","","","NA"
"-101.10","53.97","THE PAS CLIMATE","5052890","2022-04-09 17:00","2022","04","09","17:00","3.4","","0.5","","81","","0.0","","14","","15","","","","96.25","","","","","","NA"
"-101.10","53.97","THE PAS CLIMATE","5052890","2022-04-09 18:00","2022","04","09","18:00","3.2","","0.8","","84","","0.0","","14","","13","","","","96.24","","","","","","NA"
"-101.10","53.97","THE PAS CLIMATE","5052890","2022-04-09 19:00","2022","04","09","19:00","2.5","","0.7","","88","","0.0","","15","","14","","","","96.23","","","","","","NA"
"-101.10","53.97","THE PAS CLIMATE","5052890","2022-04-09 20:00","2022","04","09","20:00","1.6","","0.3","","91","","0.0","","15","","12","","","","96.24","","","","","","NA"
"-101.10","53.97","THE PAS CLIMATE","5052890","2022-04-09 21:00","2022","04","09","21:00","1.2","","0.1","","92","","0.0","","17","","11","","","","96.25","","","","","","NA"
"-101.10","53.97","THE PAS CLIMATE","5052890","2022-04-09 22:00","2022","04","09","22:00","1.5","","-0.4","","87","","0.0","","22","","10","","","","96.24","","","","","","NA"
"-101.10","53.97","THE PAS CLIMATE","5052890","2022-04-09 23:00","2022","04","09","23:00","2.9","","-1.2","","74","","0.0","","24","","14","","","","96.24","","","","","","NA"
"-101.10","53.97","THE PAS CLIMATE","5052890","2022-04-10 00:00","2022","04","10","00:00","3.0","","-1.7","","71","","0.0","","24","","15","","","","96.24","","","","","","NA"
"-101.10","53.97","THE PAS CLIMATE","5052890","2022-04-10 01:00","2022","04","10","01:00","2.6","","-2.2","","71","","0.0","","24","","17","","","","96.26","","","","","","NA"
"-101.10","53.97","THE PAS CLIMATE","5052890","2022-04-10 02:00","2022","04","10","02:00","2.2","","-2.4","","71","","0.0","","22","","11","","","","96.28","","","","","","NA"
"-101.10","53.97","THE PAS CLIMATE","5052890","2022-04-10 03:00","2022","04","10","03:00","1.0","","-2.7","","77","","0.0","","23","","13","","","","96.27","","","","","","NA"
"-101.10","53.97","THE PAS CLIMATE","5052890","2022-04-10 04:00","2022","04","10","04:00","1.0","","-2.7","","77","","0.0","","24","","16","","","","96.28","","","","","","NA"
"-101.10","53.97","THE PAS CLIMATE","5052890","2022-04-10 05:00","2022","04","10","05:00","0.4","","-2.7","","80","","0.0","","21","","11","","","","96.31","","","","","","NA"
"-101.10","53.97","THE PAS CLIMATE","5052890","2022-04-10 06:00","2022","04","10","06:00","1.5","","-2.2","","77","","0.0","","22","","12","","","","96.31","","","","","","NA"
"-101.10","53.97","THE PAS CLIMATE","5052890","2022-04-10 07:00","2022","04","10","07:00","1.6","","-2.5","","74","","0.0","","24","","18","","","","96.33","","","","","","NA"
"-101.10","53.97","THE PAS CLIMATE","5052890","2022-04-10 08:00","2022","04","10","08:00","1.5","","-3.0","","72","","0.0","","25","","24","","","","96.34","","","","","","NA"
"-101.10","53.97","THE PAS CLIMATE","5052890","2022-04-10 09:00","2022","04","10","09:00","1.4","","-3.8","","68","","0.0","","25","","24","","","","96.38","","","","","","NA"
"-101.10","53.97","THE PAS CLIMATE","5052890","2022-04-10 10:00","2022","04","10","10:00","0.4","","-3.4","","76","","0.0","","26","","26","","","","96.43","","","","","","NA"
"-101.10","53.97","THE PAS CLIMATE","5052890","2022-04-10 11:00","2022","04","10","11:00","1.3","","-7.5","","52","","0.0","","26","","30","","","","96.50","","","","","","NA"
"-101.10","53.97","THE PAS CLIMATE","5052890","2022-04-10 12:00","2022","04","10","12:00","1.5","","-9.2","","45","","0.0","","25","","30","","","","96.55","","","","","","NA"
"-101.10","53.97","THE PAS CLIMATE","5052890","2022-04-10 13:00","2022","04","10","13:00","1.4","","-8.1","","49","","0.0","","24","","28","","","","96.56","","","","","","NA"
"-101.10","53.97","THE PAS CLIMATE","5052890","2022-04-10 14:00","2022","04","10","14:00","2.4","","-7.8","","47","","0.0","","25","","24","","","","96.56","","","","","","NA"
"-101.10","53.97","THE PAS CLIMATE","5052890","2022-04-10 15:00","2022","04","10","15:00","2.1","","-7.7","","48","","0.0","","24","","26","","","","96.56","","","","","","NA"
"-101.10","53.97","THE PAS CLIMATE","5052890","2022-04-10 16:00","2022","04","10","16:00","1.7","","-7.4","","51","","0.0","","26","","21","","","","96.59","","","","","","NA"
"-101.10","53.97","THE PAS CLIMATE","5052890","2022-04-10 17:00","2022","04","10","17:00","1.6","","-6.5","","55","","0.0","","25","","27","","","","96.63","","","","","","NA"
"-101.10","53.97","THE PAS CLIMATE","5052890","2022-04-10 18:00","2022","04","10","18:00","1.1","","-6.6","","56","","0.0","","26","","21","","","","96.64","","","","","","NA"
"-101.10","53.97","THE PAS CLIMATE","5052890","2022-04-10 19:00","2022","04","10","19:00","0.9","","-5.8","","61","","0.0","","24","","13","","","","96.66","","","","","","NA"
"-101.10","53.97","THE PAS CLIMATE","5052890","2022-04-10 20:00","2022","04","10","20:00","0.4","","-5.5","","64","","0.0","","25","","13","","","","96.72","","","","","","NA"
"-101.10","53.97","THE PAS CLIMATE","5052890","2022-04-10 21:00","2022","04","10","21:00","-1.2","","-3.9","","81","","0.0","","27","","15","","","","96.75","","","","-6","","NA"
"-101.10","53.97","THE PAS CLIMATE","5052890","2022-04-10 22:00","2022","04","10","22:00","-2.7","","-5.4","","81","","0.1","","29","","15","","","","96.77","","","","-8","","NA"
"-101.10","53.97","THE PAS CLIMATE","5052890","2022-04-10 23:00","2022","04","10","23:00","-2.9","","-5.3","","83","","0.0","","26","","8","","","","96.75","","","","-6","","NA"
"-101.10","53.97","THE PAS CLIMATE","5052890","2022-04-11 00:00","2022","04","11","00:00","-3.2","","-7.1","","74","","0.0","","29","","16","","","","96.76","","","","-9","","NA"
"-101.10","53.97","THE PAS CLIMATE","5052890","2022-04-11 01:00","2022","04","11","01:00","-3.8","","-7.9","","73","","0.0","","31","","15","","","","96.76","","","","-9","","NA"
"-101.10","53.97","THE PAS CLIMATE","5052890","2022-04-11 02:00","2022","04","11","02:00","-4.4","","-7.6","","78","","0.0","","29","","13","","","","96.74","","","","-9","","NA"
"-101.10","53.97","THE PAS CLIMATE","5052890","2022-04-11 03:00","2022","04","11","03:00","-5.0","","-8.9","","74","","0.0","","29","","17","","","","96.73","","","","-11","","NA"
"-101.10","53.97","THE PAS CLIMATE","5052890","2022-04-11 04:00","2022","04","11","04:00","-5.3","","-10.2","","68","","0.0","","27","","19","","","","96.74","","","","-12","","NA"
"-101.10","53.97","THE PAS CLIMATE","5052890","2022-04-11 05:00","2022","04","11","05:00","-6.2","","-10.5","","71","","0.0","","28","","17","","","","96.78","","","","-12","","NA"
"-101.10","53.97","THE PAS CLIMATE","5052890","2022-04-11 06:00","2022","04","11","06:00","-6.6","","-9.0","","83","","0.0","","26","","16","","","","96.82","","","","-13","","NA"
"-101.10","53.97","THE PAS CLIMATE","5052890","2022-04-11 07:00","2022","04","11","07:00","-7.0","","-9.2","","85","","0.0","","26","","18","","","","96.83","","","","-14","","NA"
"-101.10","53.97","THE PAS CLIMATE","5052890","2022-04-11 08:00","2022","04","11","08:00","-6.8","","-9.3","","82","","0.1","","27","","16","","","","96.83","","","","-13","","NA"
"-101.10","53.97","THE PAS CLIMATE","5052890","2022-04-11 09:00","2022","04","11","09:00","-6.3","","-10.7","","71","","0.0","","28","","22","","","","96.84","","","","-14","","NA"
"-101.10","53.97","THE PAS CLIMATE","5052890","2022-04-11 10:00","2022","04","11","10:00","-6.3","","-11.2","","68","","0.0","","28","","23","","","","96.87","","","","-14","","NA"
"-101.10","53.97","THE PAS CLIMATE","5052890","2022-04-11 11:00","2022","04","11","11:00","-5.6","","-12.3","","59","","0.0","","29","","18","","","","96.91","","","","-12","","NA"
"-101.10","53.97","THE PAS CLIMATE","5052890","2022-04-11 12:00","2022","04","11","12:00","-5.3","","-11.9","","60","","0.0","","29","","19","","","","96.96","","","","-12","","NA"
"-101.10","53.97","THE PAS CLIMATE","5052890","2022-04-11 13:00","2022","04","11","13:00","-4.9","","-11.7","","59","","0.0","","29","","23","","","","97.02","","","","-12","","NA"
"-101.10","53.97","THE PAS CLIMATE","5052890","2022-04-11 14:00","2022","04","11","14:00","-5.2","","-11.4","","62","","0.0","","29","","24","","","","97.09","","","","-12","","NA"
"-101.10","53.97","THE PAS CLIMATE","5052890","2022-04-11 15:00","2022","04","11","15:00","-4.7","","-10.5","","63","","0.0","","30","","26","","","","97.13","","","","-12","","NA"
"-101.10","53.97","THE PAS CLIMATE","5052890","2022-04-11 16:00","2022","04","11","16:00","-4.7","","-10.1","","66","","0.0","","30","","20","","","","97.21","","","","-11","","NA"
"-101.10","53.97","THE PAS CLIMATE","5052890","2022-04-11 17:00","2022","04","11","17:00","-4.7","","-11.2","","61","","0.0","","30","","21","","","","97.28","","","","-11","","NA"
"-101.10","53.97","THE PAS CLIMATE","5052890","2022-04-11 18:00","2022","04","11","18:00","-5.0","","-10.1","","67","","0.0","","29","","20","","","","97.35","","","","-12","","NA"
"-101.10","53.97","THE PAS CLIMATE","5052890","2022-04-11 19:00","2022","04","11","19:00","-5.1","","-9.7","","70","","0.0","","29","","18","","","","97.43","","","","-11","","NA"
"-101.10","53.97","THE PAS CLIMATE","5052890","2022-04-11 20:00","2022","04","11","20:00","-5.4","","-10.1","","69","","0.0","","28","","18","","","","97.50","","","","-12","","NA"
"-101.10","53.97","THE PAS CLIMATE","5052890","2022-04-11 21:00","2022","04","11","21:00","-5.3","","-10.1","","69","","0.0","","28","","16","","","","97.56","","","","-11","","NA"
"-101.10","53.97","THE PAS CLIMATE","5052890","2022-04-11 22:00","2022","04","11","22:00","-5.7","","-10.3","","70","","0.0","","28","","17","","","","97.61","","","","-12","","NA"
"-101.10","53.97","THE PAS CLIMATE","5052890","2022-04-11 23:00","2022","04","11","23:00","-6.5","","-10.1","","76","","0.0","","28","","18","","","","97.68","","","","-13","","NA"
"-101.10","53.97","THE PAS CLIMATE","5052890","2022-04-12 00:00","2022","04","12","00:00","-7.4","","-10.3","","80","","0.0","","28","","18","","","","97.74","","","","-14","","NA"
"-101.10","53.97","THE PAS CLIMATE","5052890","2022-04-12 01:00","2022","04","12","01:00","-7.3","","-10.0","","81","","0.0","","28","","18","","","","97.82","","","","-14","","NA"
"-101.10","53.97","THE PAS CLIMATE","5052890","2022-04-12 02:00","2022","04","12","02:00","-7.2","","-10.6","","77","","0.0","","30","","21","","","","97.90","","","","-15","","NA"
"-101.10","53.97","THE PAS CLIMATE","5052890","2022-04-12 03:00","2022","04","12","03:00","-8.4","","-11.9","","76","","0.0","","30","","16","","","","98.01","","","","-15","","NA"
"-101.10","53.97","THE PAS CLIMATE","5052890","2022-04-12 04:00","2022","04","12","04:00","-9.0","","-12.1","","78","","0.0","","30","","16","","","","98.09","","","","-16","","NA"
"-101.10","53.97","THE PAS CLIMATE","5052890","2022-04-12 05:00","2022","04","12","05:00","-9.4","","-12.5","","78","","0.0","","30","","14","","","","98.19","","","","-16","","NA"
"-101.10","53.97","THE PAS CLIMATE","5052890","2022-04-12 06:00","2022","04","12","06:00","-9.0","","-11.7","","81","","0.0","","31","","10","","","","98.23","","","","-14","","NA"
"-101.10","53.97","THE PAS CLIMATE","5052890","2022-04-12 07:00","2022","04","12","07:00","-10.0","","-14.6","","69","","0.0","","33","","18","","","","98.30","","","","-17","","NA"
"-101.10","53.97","THE PAS CLIMATE","5052890","2022-04-12 08:00","2022","04","12","08:00","-9.9","","-14.7","","68","","0.0","","33","","18","","","","98.37","","","","-17","","NA"
"-101.10","53.97","THE PAS CLIMATE","5052890","2022-04-12 09:00","2022","04","12","09:00","-9.0","","-14.2","","66","","0.0","","30","","17","","","","98.44","","","","-16","","NA"
"-101.10","53.97","THE PAS CLIMATE","5052890","2022-04-12 10:00","2022","04","12","10:00","-8.3","","-15.0","","58","","0.0","","30","","19","","","","98.49","","","","-16","","NA"
"-101.10","53.97","THE PAS CLIMATE","5052890","2022-04-12 11:00","2022","04","12","11:00","-7.2","","-14.6","","56","","0.0","","31","","15","","","","98.59","","","","-13","","NA"
"-101.10","53.97","THE PAS CLIMATE","5052890","2022-04-12 12:00","2022","04","12","12:00","-6.6","","-14.1","","55","","0.0","","35","","18","","","","98.60","","","","-13","","NA"
"-101.10","53.97","THE PAS CLIMATE","5052890","2022-04-12 13:00","2022","04","12","13:00","-5.5","","-12.6","","57","","0.0","","35","","16","","","","98.68","","","","-11","","NA"
"-101.10","53.97","THE PAS CLIMATE","5052890","2022-04-12 14:00","2022","04","12","14:00","-5.1","","-12.4","","56","","0.0","","34","","14","","","","98.79","","","","-10","","NA"
"-101.10","53.97","THE PAS CLIMATE","5052890","2022-04-12 15:00","2022","04","12","15:00","-5.0","","-12.0","","58","","0.0","","34","","18","","","","98.79","","","","-11","","NA"
"-101.10","53.97","THE PAS CLIMATE","5052890","2022-04-12 16:00","2022","04","12","16:00","-5.5","","-12.4","","58","","0.0","","32","","17","","","","98.84","","","","-12","","NA"
"-101.10","53.97","THE PAS CLIMATE","5052890","2022-04-12 17:00","2022","04","12","17:00","-5.4","","-12.3","","58","","0.0","","33","","17","","","","98.85","","","","-11","","NA"
"-101.10","53.97","THE PAS CLIMATE","5052890","2022-04-12 18:00","2022","04","12","18:00","-5.2","","-11.6","","60","","0.0","","33","","18","","","","98.87","","","","-11","","NA"
"-101.10","53.97","THE PAS CLIMATE","5052890","2022-04-12 19:00","2022","04","12","19:00","-5.1","","-11.0","","63","","0.0","","33","","15","","","","98.89","","","","-11","","NA"
"-101.10","53.97","THE PAS CLIMATE","5052890","2022-04-12 20:00","2022","04","12","20:00","-5.4","","-10.5","","67","","0.0","","1","","23","","","","98.99","","","","-13","","NA"
"-101.10","53.97","THE PAS CLIMATE","5052890","2022-04-12 21:00","2022","04","12","21:00","-6.1","","-11.1","","68","","0.0","","35","","17","","","","99.06","","","","-12","","NA"
"-101.10","53.97","THE PAS CLIMATE","5052890","2022-04-12 22:00","2022","04","12","22:00","-6.9","","-11.8","","68","","0.0","","35","","21","","","","99.11","","","","-14","","NA"
"-101.10","53.97","THE PAS CLIMATE","5052890","2022-04-12 23:00","2022","04","12","23:00","-7.2","","-12.2","","68","","0.0","","35","","13","","","","99.12","","","","-13","","NA"
"-101.10","53.97","THE PAS CLIMATE","5052890","2022-04-13 00:00","2022","04","13","00:00","-7.7","","-12.1","","70","","0.0","","36","","18","","","","99.09","","","","-15","","NA"
"-101.10","53.97","THE PAS CLIMATE","5052890","2022-04-13 01:00","2022","04","13","01:00","-8.3","","-12.6","","71","","0.0","","35","","18","","","","99.05","","","","-15","","NA"
"-101.10","53.97","THE PAS CLIMATE","5052890","2022-04-13 02:00","2022","04","13","02:00","-9.4","","-13.2","","74","","0.0","","35","","17","","","","99.02","","","","-16","","NA"
"-101.10","53.97","THE PAS CLIMATE","5052890","2022-04-13 03:00","2022","04","13","03:00","-9.4","","-12.6","","78","","0.0","","35","","17","","","","99.01","","","","-16","","NA"
"-101.10","53.97","THE PAS CLIMATE","5052890","2022-04-13 04:00","2022","04","13","04:00","-8.9","","-11.6","","81","","0.0","","35","","11","","","","99.10","","","","-14","","NA"
"-101.10","53.97","THE PAS CLIMATE","5052890","2022-04-13 05:00","2022","04","13","05:00","-8.7","","-11.0","","84","","0.0","","35","","18","","","","99.06","","","","-16","","NA"
"-101.10","53.97","THE PAS CLIMATE","5052890","2022-04-13 06:00","2022","04","13","06:00","-8.5","","-9.9","","90","","0.1","","35","","17","","","","98.99","","","","-15","","NA"
"-101.10","53.97","THE PAS CLIMATE","5052890","2022-04-13 07:00","2022","04","13","07:00","-7.9","","-9.2","","90","","0.0","","34","","15","","","","98.97","","","","-14","","NA"
"-101.10","53.97","THE PAS CLIMATE","5052890","2022-04-13 08:00","2022","04","13","08:00","-6.9","","-8.5","","88","","0.0","","35","","14","","","","98.98","","","","-13","","NA"
"-101.10","53.97","THE PAS CLIMATE","5052890","2022-04-13 09:00","2022","04","13","09:00","-4.9","","-6.9","","86","","0.0","","2","","17","","","","98.92","","","","-11","","NA"
"-101.10","53.97","THE PAS CLIMATE","5052890","2022-04-13 10:00","2022","04","13","10:00","-4.2","","-6.9","","81","","0.0","","4","","19","","","","98.96","","","","-10","","NA"
"-101.10","53.97","THE PAS CLIMATE","5052890","2022-04-13 11:00","2022","04","13","11:00","-4.2","","-7.1","","80","","0.0","","3","","22","","","","98.92","","","","-11","","NA"
"-101.10","53.97","THE PAS CLIMATE","5052890","2022-04-13 12:00","2022","04","13","12:00","-4.0","","-7.3","","77","","0.0","","3","","23","","","","98.86","","","","-11","","NA"
"-101.10","53.97","THE PAS CLIMATE","5052890","2022-04-13 13:00","2022","04","13","13:00","-3.5","","-7.1","","76","","0.0","","3","","22","","","","98.85","","","","-10","","NA"
"-101.10","53.97","THE PAS CLIMATE","5052890","2022-04-13 14:00","2022","04","13","14:00","-3.3","","-7.6","","72","","0.0","","3","","25","","","","98.84","","","","-10","","NA"
"-101.10","53.97","THE PAS CLIMATE","5052890","2022-04-13 15:00","2022","04","13","15:00","-2.7","","-7.8","","68","","0.0","","3","","25","","","","98.79","","","","-9","","NA"
"-101.10","53.97","THE PAS CLIMATE","5052890","2022-04-13 16:00","2022","04","13","16:00","-2.0","","-7.7","","65","","0.0","","3","","21","","","","98.70","","","","-8","","NA"
"-101.10","53.97","THE PAS CLIMATE","5052890","2022-04-13 17:00","2022","04","13","17:00","-1.7","","-7.5","","65","","0.0","","2","","24","","","","98.65","","","","-8","","NA"
"-101.10","53.97","THE PAS CLIMATE","5052890","2022-04-13 18:00","2022","04","13","18:00","-1.4","","-10.0","","52","","0.0","","3","","22","","","","98.63","","","","-7","","NA"
"-101.10","53.97","THE PAS CLIMATE","5052890","2022-04-13 19:00","2022","04","13","19:00","-1.4","","-10.4","","50","","0.0","","4","","22","","","","98.66","","","","-7","","NA"
"-101.10","53.97","THE PAS CLIMATE","5052890","2022-04-13 20:00","2022","04","13","20:00","-2.0","","-9.6","","56","","0.0","","4","","22","","","","98.65","","","","-8","","NA"
"-101.10","53.97","THE PAS CLIMATE","5052890","2022-04-13 21:00","2022","04","13","21:00","-2.8","","-8.9","","63","","0.0","","3","","16","","","","98.63","","","","-8","","NA"
"-101.10","53.97","THE PAS CLIMATE","5052890","2022-04-13 22:00","2022","04","13","22:00","-3.5","","-9.2","","64","","0.0","","3","","25","","","","98.61","","","","-10","","NA"
"-101.10","53.97","THE PAS CLIMATE","5052890","2022-04-13 23:00","2022","04","13","23:00","-4.1","","-10.5","","61","","0.0","","4","","29","","","","98.55","","","","-12","","NA"
"-101.10","53.97","THE PAS CLIMATE","5052890","2022-04-14 00:00","2022","04","14","00:00","-5.2","","-10.6","","66","","0.0","","4","","27","","","","98.50","","","","-13","","NA"
"-101.10","53.97","THE PAS CLIMATE","5052890","2022-04-14 01:00","2022","04","14","01:00","-6.2","","-11.0","","69","","0.0","","3","","27","","","","98.42","","","","-14","","NA"
"-101.10","53.97","THE PAS CLIMATE","5052890","2022-04-14 02:00","2022","04","14","02:00","-7.1","","-12.0","","68","","0.0","","3","","28","","","","98.39","","","","-15","","NA"
"-101.10","53.97","THE PAS CLIMATE","5052890","2022-04-14 03:00","2022","04","14","03:00","-8.0","","-13.4","","65","","0.0","","3","","22","","","","98.38","","","","-16","","NA"
"-101.10","53.97","THE PAS CLIMATE","5052890","2022-04-14 04:00","2022","04","14","04:00","-9.0","","-15.2","","61","","0.0","","3","","25","","","","98.32","","","","-17","","NA"
"-101.10","53.97","THE PAS CLIMATE","5052890","2022-04-14 05:00","2022","04","14","05:00","-9.9","","-16.4","","59","","0.0","","3","","27","","","","98.34","","","","-19","","NA"
"-101.10","53.97","THE PAS CLIMATE","5052890","2022-04-14 06:00","2022","04","14","06:00","-10.5","","-16.4","","62","","0.0","","2","","24","","","","98.35","","","","-19","","NA"
"-101.10","53.97","THE PAS CLIMATE","5052890","2022-04-14 07:00","2022","04","14","07:00","-11.0","","-17.0","","61","","0.0","","2","","30","","","","98.33","","","","-21","","NA"
"-101.10","53.97","THE PAS CLIMATE","5052890","2022-04-14 08:00","2022","04","14","08:00","-10.9","","-17.2","","60","","0.0","","2","","25","","","","98.31","","","","-20","","NA"
"-101.10","53.97","THE PAS CLIMATE","5052890","2022-04-14 09:00","2022","04","14","09:00","-10.7","","-16.9","","60","","0.0","","1","","28","","","","98.28","","","","-20","","NA"
"-101.10","53.97","THE PAS CLIMATE","5052890","2022-04-14 10:00","2022","04","14","10:00","-10.5","","-17.7","","56","","0.0","","2","","24","","","","98.28","","","","-19","","NA"
"-101.10","53.97","THE PAS CLIMATE","5052890","2022-04-14 11:00","2022","04","14","11:00","-9.7","","-17.2","","54","","0.0","","1","","30","","","","98.21","","","","-19","","NA"
"-101.10","53.97","THE PAS CLIMATE","5052890","2022-04-14 12:00","2022","04","14","12:00","-9.2","","-17.0","","53","","0.0","","1","","32","","","","98.16","","","","-19","","NA"
"-101.10","53.97","THE PAS CLIMATE","5052890","2022-04-14 13:00","2022","04","14","13:00","-8.6","","-17.2","","50","","0.0","","1","","35","","","","98.12","","","","-18","","NA"
"-101.10","53.97","THE PAS CLIMATE","5052890","2022-04-14 14:00","2022","04","14","14:00","-7.8","","-16.8","","48","","0.0","","1","","29","","","","98.14","","","","-17","","NA"
"-101.10","53.97","THE PAS CLIMATE","5052890","2022-04-14 15:00","2022","04","14","15:00","-7.0","","-16.5","","47","","0.0","","1","","29","","","","98.16","","","","-15","","NA"
"-101.10","53.97","THE PAS CLIMATE","5052890","2022-04-14 16:00","2022","04","14","16:00","-6.9","","-16.4","","46","","0.0","","1","","34","","","","98.18","","","","-16","","NA"
"-101.10","53.97","THE PAS CLIMATE","5052890","2022-04-14 17:00","2022","04","14","17:00","-6.9","","-16.0","","48","","0.0","","1","","30","","","","98.18","","","","-15","","NA"
"-101.10","53.97","THE PAS CLIMATE","5052890","2022-04-14 18:00","2022","04","14","18:00","-7.1","","-16.4","","47","","0.0","","1","","30","","","","98.21","","","","-16","","NA"
"-101.10","53.97","THE PAS CLIMATE","5052890","2022-04-14 19:00","2022","04","14","19:00","-7.4","","-15.9","","51","","0.0","","1","","31","","","","98.23","","","","-16","","NA"
"-101.10","53.97","THE PAS CLIMATE","5052890","2022-04-14 20:00","2022","04","14","20:00","-7.7","","-15.7","","53","","0.0","","1","","26","","","","98.26","","","","-16","","NA"
"-101.10","53.97","THE PAS CLIMATE","5052890","2022-04-14 21:00","2022","04","14","21:00","-7.8","","-15.6","","54","","0.0","","1","","24","","","","98.30","","","","-16","","NA"
"-101.10","53.97","THE PAS CLIMATE","5052890","2022-04-14 22:00","2022","04","14","22:00","-8.1","","-15.4","","56","","0.0","","1","","25","","","","98.28","","","","-16","","NA"
"-101.10","53.97","THE PAS CLIMATE","5052890","2022-04-14 23:00","2022","04","14","23:00","-8.3","","-15.6","","55","","0.0","","1","","23","","","","98.31","","","","-16","","NA"
"-101.10","53.97","THE PAS CLIMATE","5052890","2022-04-15 00:00","2022","04","15","00:00","-8.5","","-15.7","","56","","0.0","","2","","23","","","","98.31","","","","-17","","NA"
"-101.10","53.97","THE PAS CLIMATE","5052890","2022-04-15 01:00","2022","04","15","01:00","-8.7","","-15.6","","58","","0.0","","1","","23","","","","98.34","","","","-17","","NA"
"-101.10","53.97","THE PAS CLIMATE","5052890","2022-04-15 02:00","2022","04","15","02:00","-9.0","","-15.7","","58","","0.0","","1","","22","","","","98.36","","","","-17","","NA"
"-101.10","53.97","THE PAS CLIMATE","5052890","2022-04-15 03:00","2022","04","15","03:00","-9.5","","-16.0","","59","","0.0","","1","","24","","","","98.39","","","","-18","","NA"
"-101.10","53.97","THE PAS CLIMATE","5052890","2022-04-15 04:00","2022","04","15","04:00","-9.9","","-16.8","","57","","0.0","","1","","23","","","","98.44","","","","-18","","NA"
"-101.10","53.97","THE PAS CLIMATE","5052890","2022-04-15 05:00","2022","04","15","05:00","-10.6","","-16.6","","61","","0.0","","1","","16","","","","98.50","","","","-18","","NA"
"-101.10","53.97","THE PAS CLIMATE","5052890","2022-04-15 06:00","2022","04","15","06:00","-10.5","","-16.4","","62","","0.0","","35","","17","","","","98.51","","","","-18","","NA"
"-101.10","53.97","THE PAS CLIMATE","5052890","2022-04-15 07:00","2022","04","15","07:00","-10.6","","-16.8","","60","","0.0","","1","","20","","","","98.57","","","","-19","","NA"
"-101.10","53.97","THE PAS CLIMATE","5052890","2022-04-15 08:00","2022","04","15","08:00","-10.5","","-16.8","","60","","0.0","","35","","18","","","","98.63","","","","-18","","NA"
"-101.10","53.97","THE PAS CLIMATE","5052890","2022-04-15 09:00","2022","04","15","09:00","-9.5","","-17.3","","53","","0.0","","35","","16","","","","98.66","","","","-16","","NA"
"-101.10","53.97","THE PAS CLIMATE","5052890","2022-04-15 10:00","2022","04","15","10:00","-7.8","","-16.5","","50","","0.0","","1","","18","","","","98.67","","","","-15","","NA"
"-101.10","53.97","THE PAS CLIMATE","5052890","2022-04-15 11:00","2022","04","15","11:00","-6.5","","-16.5","","45","","0.0","","1","","17","","","","98.67","","","","-13","","NA"
"-101.10","53.97","THE PAS CLIMATE","5052890","2022-04-15 12:00","2022","04","15","12:00","-5.1","","-16.3","","41","","0.0","","36","","18","","","","98.71","","","","-11","","NA"
"-101.10","53.97","THE PAS CLIMATE","5052890","2022-04-15 13:00","2022","04","15","13:00","-3.7","","-16.0","","38","","0.0","","35","","18","","","","98.72","","","","-10","","NA"
"-101.10","53.97","THE PAS CLIMATE","5052890","2022-04-15 14:00","2022","04","15","14:00","-3.0","","-15.7","","37","","0.0","","35","","16","","","","98.72","","","","-8","","NA"
"-101.10","53.97","THE PAS CLIMATE","5052890","2022-04-15 15:00","2022","04","15","15:00","-2.5","","-15.6","","36","","0.0","","35","","15","","","","98.74","","","","-7","","NA"
"-101.10","53.97","THE PAS CLIMATE","5052890","2022-04-15 16:00","2022","04","15","16:00","-2.3","","-14.4","","39","","0.0","","1","","17","","","","98.75","","","","-8","","NA"
"-101.10","53.97","THE PAS CLIMATE","5052890","2022-04-15 17:00","2022","04","15","17:00","-2.1","","-13.5","","41","","0.0","","34","","14","","","","98.82","","","","-7","","NA"
"-101.10","53.97","THE PAS CLIMATE","5052890","2022-04-15 18:00","2022","04","15","18:00","-2.7","","-12.6","","47","","0.0","","36","","15","","","","98.86","","","","-8","","NA"
"-101.10","53.97","THE PAS CLIMATE","5052890","2022-04-15 19:00","2022","04","15","19:00","-3.4","","-11.2","","55","","0.0","","36","","10","","","","98.88","","","","-7","","NA"
"-101.10","53.97","THE PAS CLIMATE","5052890","2022-04-15 20:00","2022","04","15","20:00","-4.6","","-11.3","","60","","0.0","","1","","9","","","","98.91","","","","-8","","NA"
"-101.10","53.97","THE PAS CLIMATE","5052890","2022-04-15 21:00","2022","04","15","21:00","-4.7","","-13.1","","52","","0.0","","1","","9","","","","98.95","","","","-9","","NA"
"-101.10","53.97","THE PAS CLIMATE","5052890","2022-04-15 22:00","2022","04","15","22:00","-5.6","","-13.2","","55","","0.0","","35","","6","","","","99.00","","","","-8","","NA"
"-101.10","53.97","THE PAS CLIMATE","5052890","2022-04-15 23:00","2022","04","15","23:00","-5.4","","-15.0","","47","","0.0","","1","","8","","","","99.04","","","","-9","","NA"
"-101.10","53.97","THE PAS CLIMATE","5052890","2022-04-16 00:00","2022","04","16","00:00","-6.4","","-15.2","","50","","0.0","","2","","8","","","","99.07","","","","-10","","NA"
"-101.10","53.97","THE PAS CLIMATE","5052890","2022-04-16 01:00","2022","04","16","01:00","-7.3","","-15.5","","52","","0.0","","4","","5","","","","99.10","","","","-10","","NA"
"-101.10","53.97","THE PAS CLIMATE","5052890","2022-04-16 02:00","2022","04","16","02:00","-8.9","","-14.4","","64","","0.0","","1","","3","","","","99.14","","","","-11","","NA"
"-101.10","53.97","THE PAS CLIMATE","5052890","2022-04-16 03:00","2022","04","16","03:00","-10.8","","-15.2","","70","","0.0","","1","","3","","","","99.19","","","","-13","","NA"
"-101.10","53.97","THE PAS CLIMATE","5052890","2022-04-16 04:00","2022","04","16","04:00","-11.7","","-15.2","","75","","0.0","","36","","5","","","","99.25","","","","-15","","NA"
"-101.10","53.97","THE PAS CLIMATE","5052890","2022-04-16 05:00","2022","04","16","05:00","-12.6","","-15.8","","77","","0.0","","2","","4","","","","99.29","","","","-15","","NA"
"-101.10","53.97","THE PAS CLIMATE","5052890","2022-04-16 06:00","2022","04","16","06:00","-11.6","","-15.6","","72","","0.0","","3","","5","","","","99.33","","","","-15","","NA"
"-101.10","53.97","THE PAS CLIMATE","5052890","2022-04-16 07:00","2022","04","16","07:00","-9.8","","-15.5","","63","","0.0","","2","","6","","","","99.35","","","","-13","","NA"
"-101.10","53.97","THE PAS CLIMATE","5052890","2022-04-16 08:00","2022","04","16","08:00","-9.0","","-15.9","","57","","0.0","","2","","6","","","","99.42","","","","-12","","NA"
"-101.10","53.97","THE PAS CLIMATE","5052890","2022-04-16 09:00","2022","04","16","09:00","-7.6","","-14.8","","56","","0.0","","36","","8","","","","99.41","","","","-12","","NA"
"-101.10","53.97","THE PAS CLIMATE","5052890","2022-04-16 10:00","2022","04","16","10:00","-5.8","","-16.6","","42","","0.0","","2","","7","","","","99.40","","","","-9","","NA"
"-101.10","53.97","THE PAS CLIMATE","5052890","2022-04-16 11:00","2022","04","16","11:00","-5.2","","-16.4","","41","","0.0","","36","","9","","","","99.41","","","","-9","","NA"
"-101.10","53.97","THE PAS CLIMATE","5052890","2022-04-16 12:00","2022","04","16","12:00","-3.9","","-17.3","","35","","0.0","","3","","10","","","","99.41","","","","-8","","NA"
"-101.10","53.97","THE PAS CLIMATE","5052890","2022-04-16 13:00","2022","04","16","13:00","-2.7","","-17.3","","31","","0.0","","4","","10","","","","99.35","","","","-7","","NA"
"-101.10","53.97","THE PAS CLIMATE","5052890","2022-04-16 14:00","2022","04","16","14:00","-2.2","","-21.5","","21","","0.0","","8","","10","","","","99.33","","","","-6","","NA"
"-101.10","53.97","THE PAS CLIMATE","5052890","2022-04-16 15:00","2022","04","16","15:00","-1.9","","-16.3","","32","","0.0","","16","","14","","","","99.29","","","","-7","","NA"
"-101.10","53.97","THE PAS CLIMATE","5052890","2022-04-16 16:00","2022","04","16","16:00","-1.8","","-17.1","","30","","0.0","","16","","15","","","","99.26","","","","-7","","NA"
"-101.10","53.97","THE PAS CLIMATE","5052890","2022-04-16 17:00","2022","04","16","17:00","-2.1","","-15.4","","35","","0.0","","16","","12","","","","99.23","","","","-6","","NA"
"-101.10","53.97","THE PAS CLIMATE","5052890","2022-04-16 18:00","2022","04","16","18:00","-2.2","","-17.0","","31","","0.0","","15","","9","","","","99.18","","","","-6","","NA"
"-101.10","53.97","THE PAS CLIMATE","5052890","2022-04-16 19:00","2022","04","16","19:00","-2.6","","-17.6","","31","","0.0","","14","","5","","","","99.15","","","","-5","","NA"
"-101.10","53.97","THE PAS CLIMATE","5052890","2022-04-16 20:00","2022","04","16","20:00","-3.0","","-16.5","","35","","0.0","","13","","3","","","","99.18","","","","-4","","NA"
"-101.10","53.97","THE PAS CLIMATE","5052890","2022-04-16 21:00","2022","04","16","21:00","-3.9","","-14.6","","43","","0.0","","12","","4","","","","99.21","","","","-6","","NA"
"-101.10","53.97","THE PAS CLIMATE","5052890","2022-04-16 22:00","2022","04","16","22:00","-4.6","","-14.3","","46","","0.0","","13","","4","","","","99.23","","","","-6","","NA"
"-101.10","53.97","THE PAS CLIMATE","5052890","2022-04-16 23:00","2022","04","16","23:00","-4.8","","-13.1","","52","","0.0","","15","","8","","","","99.23","","","","-8","","NA"
"-101.10","53.97","THE PAS CLIMATE","5052890","2022-04-17 00:00","2022","04","17","00:00","-5.6","","-13.1","","55","","0.0","","14","","9","","","","99.20","","","","-10","","NA"
"-101.10","53.97","THE PAS CLIMATE","5052890","2022-04-17 01:00","2022","04","17","01:00","-6.3","","-13.4","","57","","0.0","","13","","8","","","","99.21","","","","-10","","NA"
"-101.10","53.97","THE PAS CLIMATE","5052890","2022-04-17 02:00","2022","04","17","02:00","-7.0","","-14.8","","54","","0.0","","14","","7","","","","99.21","","","","-11","","NA"
"-101.10","53.97","THE PAS CLIMATE","5052890","2022-04-17 03:00","2022","04","17","03:00","-7.5","","-16.0","","50","","0.0","","13","","5","","","","99.17","","","","-10","","NA"
"-101.10","53.97","THE PAS CLIMATE","5052890","2022-04-17 04:00","2022","04","17","04:00","-8.0","","-16.7","","49","","0.0","","13","","7","","","","99.16","","","","-12","","NA"
"-101.10","53.97","THE PAS CLIMATE","5052890","2022-04-17 05:00","2022","04","17","05:00","-9.0","","-16.9","","53","","0.0","","12","","9","","","","99.16","","","","-14","","NA"
"-101.10","53.97","THE PAS CLIMATE","5052890","2022-04-17 06:00","2022","04","17","06:00","-9.3","","-17.3","","52","","0.0","","12","","7","","","","99.17","","","","-13","","NA"
"-101.10","53.97","THE PAS CLIMATE","5052890","2022-04-17 07:00","2022","04","17","07:00","-8.5","","-17.7","","47","","0.0","","13","","6","","","","99.18","","","","-12","","NA"
"-101.10","53.97","THE PAS CLIMATE","5052890","2022-04-17 08:00","2022","04","17","08:00","-6.6","","-18.2","","40","","0.0","","14","","4","","","","99.21","","","","-9","","NA"
"-101.10","53.97","THE PAS CLIMATE","5052890","2022-04-17 09:00","2022","04","17","09:00","-4.4","","-17.7","","35","","0.0","","16","","9","","","","99.17","","","","-8","","NA"
"-101.10","53.97","THE PAS CLIMATE","5052890","2022-04-17 10:00","2022","04","17","10:00","-4.2","","-15.2","","42","","0.0","","1","","6","","","","99.18","","","","-7","","NA"
"-101.10","53.97","THE PAS CLIMATE","5052890","2022-04-17 11:00","2022","04","17","11:00","-2.7","","-13.1","","44","","0.0","","2","","10","","","","99.18","","","","-7","","NA"
"-101.10","53.97","THE PAS CLIMATE","5052890","2022-04-17 12:00","2022","04","17","12:00","-1.4","","-18.4","","26","","0.0","","12","","10","","","","99.17","","","","-5","","NA"
"-101.10","53.97","THE PAS CLIMATE","5052890","2022-04-17 13:00","2022","04","17","13:00","-0.7","","-19.2","","23","","0.0","","5","","6","","","","99.13","","","","-3","","NA"
"-101.10","53.97","THE PAS CLIMATE","5052890","2022-04-17 14:00","2022","04","17","14:00","0.3","","-18.7","","22","","0.0","","21","","3","","","","99.14","","","","","","NA"
"-101.10","53.97","THE PAS CLIMATE","5052890","2022-04-17 15:00","2022","04","17","15:00","-0.1","","-14.5","","33","","0.0","","33","","9","","","","99.11","","","","-3","","NA"
"-101.10","53.97","THE PAS CLIMATE","5052890","2022-04-17 16:00","2022","04","17","16:00","-0.4","","-16.3","","29","","0.0","","31","","6","","","","99.12","","","","-2","","NA"
"-101.10","53.97","THE PAS CLIMATE","5052890","2022-04-17 17:00","2022","04","17","17:00","0.1","","-15.1","","31","","0.0","","32","","5","","","","99.12","","","","","","NA"
"-101.10","53.97","THE PAS CLIMATE","5052890","2022-04-17 18:00","2022","04","17","18:00","0.4","","-15.2","","30","","0.0","","18","","7","","","","99.10","","","","","","NA"
"-101.10","53.97","THE PAS CLIMATE","5052890","2022-04-17 19:00","2022","04","17","19:00","-0.1","","-15.6","","30","","0.0","","20","","7","","","","99.10","","","","-3","","NA"
"-101.10","53.97","THE PAS CLIMATE","5052890","2022-04-17 20:00","2022","04","17","20:00","-1.9","","-13.3","","42","","0.0","","21","","3","","","","99.11","","","","-3","","NA"
"-101.10","53.97","THE PAS CLIMATE","5052890","2022-04-17 21:00","2022","04","17","21:00","-4.2","","-13.2","","50","","0.0","","17","","2","","","","99.15","","","","-5","","NA"
"-101.10","53.97","THE PAS CLIMATE","5052890","2022-04-17 22:00","2022","04","17","22:00","-5.2","","-12.9","","55","","0.0","","22","","2","","","","99.17","","","","-6","","NA"
"-101.10","53.97","THE PAS CLIMATE","5052890","2022-04-17 23:00","2022","04","17","23:00","-3.6","","-13.9","","45","","0.0","","24","","7","","","","99.20","","","","-7","","NA"
"-101.10","53.97","THE PAS CLIMATE","5052890","2022-04-18 00:00","2022","04","18","00:00","-6.2","","-13.3","","57","","0.0","","21","","3","","","","99.21","","","","-8","","NA"
"-101.10","53.97","THE PAS CLIMATE","5052890","2022-04-18 01:00","2022","04","18","01:00","-6.7","","-14.0","","56","","0.0","","21","","3","","","","99.21","","","","-8","","NA"
"-101.10","53.97","THE PAS CLIMATE","5052890","2022-04-18 02:00","2022","04","18","02:00","-5.8","","-14.0","","52","","0.0","","22","","4","","","","99.21","","","","-8","","NA"
"-101.10","53.97","THE PAS CLIMATE","5052890","2022-04-18 03:00","2022","04","18","03:00","-7.2","","-13.9","","58","","0.0","","19","","4","","","","99.20","","","","-9","","NA"
"-101.10","53.97","THE PAS CLIMATE","5052890","2022-04-18 04:00","2022","04","18","04:00","-6.5","","-13.0","","60","","0.0","","21","","3","","","","99.21","","","","-8","","NA"
"-101.10","53.97","THE PAS CLIMATE","5052890","2022-04-18 05:00","2022","04","18","05:00","-6.5","","-11.6","","67","","0.0","","20","","2","","","","99.22","","","","-7","","NA"
"-101.10","53.97","THE PAS CLIMATE","5052890","2022-04-18 06:00","2022","04","18","06:00","-6.0","","-11.3","","66","","0.0","","24","","5","","","","99.27","","","","-8","","NA"
"-101.10","53.97","THE PAS CLIMATE","5052890","2022-04-18 07:00","2022","04","18","07:00","-5.4","","-11.1","","64","","0.0","","24","","5","","","","99.28","","","","-8","","NA"
"-101.10","53.97","THE PAS CLIMATE","5052890","2022-04-18 08:00","2022","04","18","08:00","-2.3","","-9.8","","56","","0.0","","24","","9","","","","99.28","","","","-6","","NA"
"-101.10","53.97","THE PAS CLIMATE","5052890","2022-04-18 09:00","2022","04","18","09:00","0.1","","-9.5","","48","","0.0","","24","","8","","","","99.26","","","","","","NA"
"-101.10","53.97","THE PAS CLIMATE","5052890","2022-04-18 10:00","2022","04","18","10:00","1.5","","-10.4","","41","","0.0","","14","","9","","","","99.26","","","","","","NA"
"-101.10","53.97","THE PAS CLIMATE","5052890","2022-04-18 11:00","2022","04","18","11:00","2.2","","-9.5","","41","","0.0","","16","","15","","","","99.24","","","","","","NA"
"-101.10","53.97","THE PAS CLIMATE","5052890","2022-04-18 12:00","2022","04","18","12:00","3.6","","-10.1","","36","","0.0","","18","","16","","","","99.18","","","","","","NA"
"-101.10","53.97","THE PAS CLIMATE","5052890","2022-04-18 13:00","2022","04","18","13:00","3.8","","-10.7","","34","","0.0","","20","","12","","","","99.14","","","","","","NA"
"-101.10","53.97","THE PAS CLIMATE","5052890","2022-04-18 14:00","2022","04","18","14:00","3.9","","-9.6","","37","","0.0","","22","","8","","","","99.10","","","","","","NA"
"-101.10","53.97","THE PAS CLIMATE","5052890","2022-04-18 15:00","2022","04","18","15:00","4.5","","-10.8","","32","","0.0","","23","","13","","","","99.05","","","","","","NA"
"-101.10","53.97","THE PAS CLIMATE","5052890","2022-04-18 16:00","2022","04","18","16:00","5.3","","-11.7","","28","","0.0","","26","","12","","","","98.98","","","","","","NA"
"-101.10","53.97","THE PAS CLIMATE","5052890","2022-04-18 17:00","2022","04","18","17:00","5.5","","-11.0","","29","","0.0","","25","","18","","","","98.92","","","","","","NA"
"-101.10","53.97","THE PAS CLIMATE","5052890","2022-04-18 18:00","2022","04","18","18:00","5.2","","-11.6","","28","","0.0","","20","","15","","","","98.88","","","","","","NA"
"-101.10","53.97","THE PAS CLIMATE","5052890","2022-04-18 19:00","2022","04","18","19:00","3.9","","-9.5","","37","","0.0","","20","","11","","","","98.84","","","","","","NA"
"-101.10","53.97","THE PAS CLIMATE","5052890","2022-04-18 20:00","2022","04","18","20:00","0.5","","-6.2","","61","","0.0","","16","","8","","","","98.82","","","","","","NA"
"-101.10","53.97","THE PAS CLIMATE","5052890","2022-04-18 21:00","2022","04","18","21:00","-1.0","","-6.9","","64","","0.0","","16","","11","","","","98.82","","","","-5","","NA"
"-101.10","53.97","THE PAS CLIMATE","5052890","2022-04-18 22:00","2022","04","18","22:00","-1.1","","-7.5","","62","","0.0","","19","","9","","","","98.79","","","","-4","","NA"
"-101.10","53.97","THE PAS CLIMATE","5052890","2022-04-18 23:00","2022","04","18","23:00","-2.9","","-8.2","","66","","0.0","","16","","5","","","","98.76","","","","-5","","NA"
"-101.10","53.97","THE PAS CLIMATE","5052890","2022-04-19 00:00","2022","04","19","00:00","-2.6","","-8.3","","65","","0.0","","16","","6","","","","98.72","","","","-5","","NA"
"-101.10","53.97","THE PAS CLIMATE","5052890","2022-04-19 01:00","2022","04","19","01:00","-1.5","","-8.7","","58","","0.0","","20","","9","","","","98.71","","","","-5","","NA"
"-101.10","53.97","THE PAS CLIMATE","5052890","2022-04-19 02:00","2022","04","19","02:00","-3.5","","-9.7","","62","","0.0","","18","","8","","","","98.65","","","","-7","","NA"
"-101.10","53.97","THE PAS CLIMATE","5052890","2022-04-19 03:00","2022","04","19","03:00","-4.0","","-8.6","","71","","0.0","","18","","9","","","","98.61","","","","-8","","NA"
"-101.10","53.97","THE PAS CLIMATE","5052890","2022-04-19 04:00","2022","04","19","04:00","-4.6","","-8.9","","72","","0.0","","15","","8","","","","98.58","","","","-8","","NA"
"-101.10","53.97","THE PAS CLIMATE","5052890","2022-04-19 05:00","2022","04","19","05:00","-5.4","","-9.0","","76","","0.0","","15","","9","","","","98.56","","","","-9","","NA"
"-101.10","53.97","THE PAS CLIMATE","5052890","2022-04-19 06:00","2022","04","19","06:00","-5.7","","-9.2","","76","","0.0","","15","","8","","","","98.51","","","","-9","","NA"
"-101.10","53.97","THE PAS CLIMATE","5052890","2022-04-19 07:00","2022","04","19","07:00","-4.3","","-9.1","","69","","0.0","","15","","10","","","","98.48","","","","-8","","NA"
"-101.10","53.97","THE PAS CLIMATE","5052890","2022-04-19 08:00","2022","04","19","08:00","-1.7","","-8.2","","61","","0.0","","20","","8","","","","98.44","","","","-5","","NA"
"-101.10","53.97","THE PAS CLIMATE","5052890","2022-04-19 09:00","2022","04","19","09:00","-0.6","","-7.4","","60","","0.0","","16","","11","","","","98.41","","","","-4","","NA"
"-101.10","53.97","THE PAS CLIMATE","5052890","2022-04-19 10:00","2022","04","19","10:00","1.8","","-7.5","","50","","0.0","","15","","9","","","","98.39","","","","","","NA"
"-101.10","53.97","THE PAS CLIMATE","5052890","2022-04-19 11:00","2022","04","19","11:00","3.0","","-8.7","","42","","0.0","","17","","10","","","","98.37","","","","","","NA"
"-101.10","53.97","THE PAS CLIMATE","5052890","2022-04-19 12:00","2022","04","19","12:00","2.7","","-7.0","","49","","0.0","","14","","13","","","","98.31","","","","","","NA"
"-101.10","53.97","THE PAS CLIMATE","5052890","2022-04-19 13:00","2022","04","19","13:00","3.1","","-7.9","","44","","0.0","","15","","14","","","","98.26","","","","","","NA"
"-101.10","53.97","THE PAS CLIMATE","5052890","2022-04-19 14:00","2022","04","19","14:00","3.3","","-9.9","","37","","0.0","","14","","14","","","","98.20","","","","","","NA"
"-101.10","53.97","THE PAS CLIMATE","5052890","2022-04-19 15:00","2022","04","19","15:00","3.0","","-9.8","","38","","0.0","","15","","23","","","","98.13","","","","","","NA"
"-101.10","53.97","THE PAS CLIMATE","5052890","2022-04-19 16:00","2022","04","19","16:00","3.2","","-10.0","","37","","0.0","","14","","20","","","","98.08","","","","","","NA"
"-101.10","53.97","THE PAS CLIMATE","5052890","2022-04-19 17:00","2022","04","19","17:00","2.6","","-9.5","","41","","0.0","","15","","18","","","","98.07","","","","","","NA"
"-101.10","53.97","THE PAS CLIMATE","5052890","2022-04-19 18:00","2022","04","19","18:00","2.6","","-8.8","","43","","0.0","","15","","17","","","","98.03","","","","","","NA"
"-101.10","53.97","THE PAS CLIMATE","5052890","2022-04-19 19:00","2022","04","19","19:00","1.4","","-9.0","","46","","0.0","","14","","13","","","","97.99","","","","","","NA"
"-101.10","53.97","THE PAS CLIMATE","5052890","2022-04-19 20:00","2022","04","19","20:00","0.4","","-8.5","","51","","0.0","","13","","10","","","","97.98","","","","","","NA"
"-101.10","53.97","THE PAS CLIMATE","5052890","2022-04-19 21:00","2022","04","19","21:00","0.0","","-8.3","","54","","0.0","","12","","11","","","","98.02","","","","-4","","NA"
"-101.10","53.97","THE PAS CLIMATE","5052890","2022-04-19 22:00","2022","04","19","22:00","-0.4","","-7.5","","59","","0.0","","14","","12","","","","98.00","","","","-4","","NA"
"-101.10","53.97","THE PAS CLIMATE","5052890","2022-04-19 23:00","2022","04","19","23:00","-1.7","","-3.4","","88","","0.0","","15","","23","","","","97.97","","","","-8","","NA"
"-101.10","53.97","THE PAS CLIMATE","5052890","2022-04-20 00:00","2022","04","20","00:00","-1.7","","-3.3","","89","","0.1","","14","","16","","","","97.94","","","","-7","","NA"
"-101.10","53.97","THE PAS CLIMATE","5052890","2022-04-20 01:00","2022","04","20","01:00","-1.8","","-3.1","","91","","0.4","","12","","12","","","","97.87","","","","-6","","NA"
"-101.10","53.97","THE PAS CLIMATE","5052890","2022-04-20 02:00","2022","04","20","02:00","-1.7","","-2.8","","92","","0.7","","10","","12","","","","97.79","","","","-6","","NA"
"-101.10","53.97","THE PAS CLIMATE","5052890","2022-04-20 03:00","2022","04","20","03:00","-1.7","","-2.7","","93","","0.8","","9","","14","","","","97.68","","","","-6","","NA"
"-101.10","53.97","THE PAS CLIMATE","5052890","2022-04-20 04:00","2022","04","20","04:00","-1.6","","-2.5","","93","","0.5","","8","","16","","","","97.62","","","","-7","","NA"
"-101.10","53.97","THE PAS CLIMATE","5052890","2022-04-20 05:00","2022","04","20","05:00","-1.5","","-2.6","","93","","0.5","","8","","17","","","","97.57","","","","-7","","NA"
"-101.10","53.97","THE PAS CLIMATE","5052890","2022-04-20 06:00","2022","04","20","06:00","-1.6","","-2.7","","92","","0.4","","8","","17","","","","97.56","","","","-7","","NA"
"-101.10","53.97","THE PAS CLIMATE","5052890","2022-04-20 07:00","2022","04","20","07:00","-1.5","","-2.7","","92","","0.5","","7","","18","","","","97.52","","","","-7","","NA"
"-101.10","53.97","THE PAS CLIMATE","5052890","2022-04-20 08:00","2022","04","20","08:00","-1.4","","-3.1","","88","","0.4","","7","","22","","","","97.48","","","","-7","","NA"
"-101.10","53.97","THE PAS CLIMATE","5052890","2022-04-20 09:00","2022","04","20","09:00","-1.5","","-3.4","","87","","0.2","","7","","22","","","","97.47","","","","-7","","NA"
"-101.10","53.97","THE PAS CLIMATE","5052890","2022-04-20 10:00","2022","04","20","10:00","-1.1","","-3.8","","82","","0.2","","7","","21","","","","97.48","","","","-7","","NA"
"-101.10","53.97","THE PAS CLIMATE","5052890","2022-04-20 11:00","2022","04","20","11:00","-0.3","","-3.6","","79","","0.0","","6","","20","","","","97.44","","","","-6","","NA"
"-101.10","53.97","THE PAS CLIMATE","5052890","2022-04-20 12:00","2022","04","20","12:00","0.3","","-2.8","","80","","0.0","","5","","16","","","","97.46","","","","","","NA"
"-101.10","53.97","THE PAS CLIMATE","5052890","2022-04-20 13:00","2022","04","20","13:00","0.2","","-2.4","","82","","0.0","","4","","17","","","","97.48","","","","","","NA"
"-101.10","53.97","THE PAS CLIMATE","5052890","2022-04-20 14:00","2022","04","20","14:00","0.3","","-2.4","","82","","0.0","","3","","17","","","","97.48","","","","","","NA"
"-101.10","53.97","THE PAS CLIMATE","5052890","2022-04-20 15:00","2022","04","20","15:00","0.1","","-2.4","","83","","0.1","","3","","19","","","","97.51","","","","","","NA"
"-101.10","53.97","THE PAS CLIMATE","5052890","2022-04-20 16:00","2022","04","20","16:00","0.3","","-2.6","","81","","0.0","","3","","19","","","","97.57","","","","","","NA"
"-101.10","53.97","THE PAS CLIMATE","5052890","2022-04-20 17:00","2022","04","20","17:00","-0.1","","-2.1","","86","","0.0","","2","","17","","","","97.64","","","","-5","","NA"
"-101.10","53.97","THE PAS CLIMATE","5052890","2022-04-20 18:00","2022","04","20","18:00","-0.3","","-2.2","","87","","0.0","","2","","17","","","","97.72","","","","-5","","NA"
"-101.10","53.97","THE PAS CLIMATE","5052890","2022-04-20 19:00","2022","04","20","19:00","-0.6","","-2.1","","89","","0.0","","1","","23","","","","97.78","","","","-6","","NA"
"-101.10","53.97","THE PAS CLIMATE","5052890","2022-04-20 20:00","2022","04","20","20:00","-0.8","","-2.2","","90","","0.0","","36","","11","","","","97.86","","","","-5","","NA"
"-101.10","53.97","THE PAS CLIMATE","5052890","2022-04-20 21:00","2022","04","20","21:00","-2.0","","-3.9","","87","","0.0","","1","","8","","","","97.94","","","","-5","","NA"
"-101.10","53.97","THE PAS CLIMATE","5052890","2022-04-20 22:00","2022","04","20","22:00","-3.1","","-4.9","","87","","0.0","","31","","7","","","","98.02","","","","-6","","NA"
"-101.10","53.97","THE PAS CLIMATE","5052890","2022-04-20 23:00","2022","04","20","23:00","-3.4","","-5.0","","89","","0.0","","30","","11","","","","98.09","","","","-8","","NA"
"-101.10","53.97","THE PAS CLIMATE","5052890","2022-04-21 00:00","2022","04","21","00:00","-4.6","","-6.1","","89","","0.0","","30","","7","","","","98.16","","","","-8","","NA"
"-101.10","53.97","THE PAS CLIMATE","5052890","2022-04-21 01:00","2022","04","21","01:00","-4.7","","-7.7","","80","","0.0","","1","","10","","","","98.25","","","","-9","","NA"
"-101.10","53.97","THE PAS CLIMATE","5052890","2022-04-21 02:00","2022","04","21","02:00","-4.9","","-7.9","","80","","0.0","","35","","10","","","","98.32","","","","-9","","NA"
"-101.10","53.97","THE PAS CLIMATE","5052890","2022-04-21 03:00","2022","04","21","03:00","-5.3","","-8.7","","77","","0.0","","36","","9","","","","98.39","","","","-9","","NA"
"-101.10","53.97","THE PAS CLIMATE","5052890","2022-04-21 04:00","2022","04","21","04:00","-6.9","","-9.6","","81","","0.0","","33","","7","","","","98.50","","","","-10","","NA"
"-101.10","53.97","THE PAS CLIMATE","5052890","2022-04-21 05:00","2022","04","21","05:00","-9.3","","-11.0","","87","","0.0","","36","","5","","","","98.57","","","","-12","","NA"
"-101.10","53.97","THE PAS CLIMATE","5052890","2022-04-21 06:00","2022","04","21","06:00","-9.3","","-10.7","","90","","0.0","","3","","2","","","","98.66","","","","-10","","NA"
"-101.10","53.97","THE PAS CLIMATE","5052890","2022-04-21 07:00","2022","04","21","07:00","-6.4","","-10.4","","73","","0.0","","2","","5","","","","98.75","","","","-9","","NA"
"-101.10","53.97","THE PAS CLIMATE","5052890","2022-04-21 08:00","2022","04","21","08:00","-3.7","","-10.3","","60","","0.0","","4","","5","","","","98.80","","","","-6","","NA"
"-101.10","53.97","THE PAS CLIMATE","5052890","2022-04-21 09:00","2022","04","21","09:00","-2.7","","-11.1","","52","","0.0","","29","","2","","","","98.86","","","","-3","","NA"
"-101.10","53.97","THE PAS CLIMATE","5052890","2022-04-21 10:00","2022","04","21","10:00","-0.1","","-11.1","","43","","0.0","","18","","9","","","","98.92","","","","-3","","NA"
"-101.10","53.97","THE PAS CLIMATE","5052890","2022-04-21 11:00","2022","04","21","11:00","1.1","","-12.1","","37","","0.0","","17","","11","","","","98.96","","","","","","NA"
"-101.10","53.97","THE PAS CLIMATE","5052890","2022-04-21 12:00","2022","04","21","12:00","2.1","","-13.5","","30","","0.0","","15","","7","","","","98.97","","","","","","NA"
"-101.10","53.97","THE PAS CLIMATE","5052890","2022-04-21 13:00","2022","04","21","13:00","2.5","","-13.3","","30","","0.0","","16","","10","","","","99.00","","","","","","NA"
"-101.10","53.97","THE PAS CLIMATE","5052890","2022-04-21 14:00","2022","04","21","14:00","2.7","","-10.5","","37","","0.0","","16","","19","","","","99.03","","","","","","NA"
"-101.10","53.97","THE PAS CLIMATE","5052890","2022-04-21 15:00","2022","04","21","15:00","3.2","","-11.9","","32","","0.0","","15","","16","","","","99.02","","","","","","NA"
"-101.10","53.97","THE PAS CLIMATE","5052890","2022-04-21 16:00","2022","04","21","16:00","3.7","","-12.0","","31","","0.0","","13","","13","","","","99.00","","","","","","NA"
"-101.10","53.97","THE PAS CLIMATE","5052890","2022-04-21 17:00","2022","04","21","17:00","3.3","","-10.7","","35","","0.0","","15","","18","","","","98.98","","","","","","NA"
"-101.10","53.97","THE PAS CLIMATE","5052890","2022-04-21 18:00","2022","04","21","18:00","2.7","","-8.8","","42","","0.0","","15","","15","","","","98.96","","","","","","NA"
"-101.10","53.97","THE PAS CLIMATE","5052890","2022-04-21 19:00","2022","04","21","19:00","1.8","","-9.0","","45","","0.0","","15","","16","","","","98.94","","","","","","NA"
"-101.10","53.97","THE PAS CLIMATE","5052890","2022-04-21 20:00","2022","04","21","20:00","0.4","","-8.8","","50","","0.0","","15","","13","","","","98.97","","","","","","NA"
"-101.10","53.97","THE PAS CLIMATE","5052890","2022-04-21 21:00","2022","04","21","21:00","-1.6","","-8.8","","58","","0.0","","15","","13","","","","99.01","","","","-6","","NA"
"-101.10","53.97","THE PAS CLIMATE","5052890","2022-04-21 22:00","2022","04","21","22:00","-2.0","","-8.6","","60","","0.0","","15","","16","","","","99.05","","","","-7","","NA"
"-101.10","53.97","THE PAS CLIMATE","5052890","2022-04-21 23:00","2022","04","21","23:00","-2.1","","-8.4","","62","","0.0","","15","","15","","","","99.07","","","","-7","","NA"
"-101.10","53.97","THE PAS CLIMATE","5052890","2022-04-22 00:00","2022","04","22","00:00","-2.2","","-8.3","","63","","0.0","","15","","16","","","","99.08","","","","-7","","NA"
"-101.10","53.97","THE PAS CLIMATE","5052890","2022-04-22 01:00","2022","04","22","01:00","-2.3","","-8.2","","64","","0.0","","15","","19","","","","99.07","","","","-8","","NA"
"-101.10","53.97","THE PAS CLIMATE","5052890","2022-04-22 02:00","2022","04","22","02:00","-2.4","","-8.1","","65","","0.0","","14","","14","","","","99.08","","","","-7","","NA"
"-101.10","53.97","THE PAS CLIMATE","5052890","2022-04-22 03:00","2022","04","22","03:00","-2.6","","-8.8","","63","","0.0","","14","","11","","","","99.05","","","","-7","","NA"
"-101.10","53.97","THE PAS CLIMATE","5052890","2022-04-22 04:00","2022","04","22","04:00","-2.6","","-8.3","","65","","0.0","","14","","11","","","","99.01","","","","-7","","NA"
"-101.10","53.97","THE PAS CLIMATE","5052890","2022-04-22 05:00","2022","04","22","05:00","-2.8","","-7.7","","69","","0.0","","14","","5","","","","99.01","","","","-5","","NA"
"-101.10","53.97","THE PAS CLIMATE","5052890","2022-04-22 06:00","2022","04","22","06:00","-2.4","","-7.5","","68","","0.0","","14","","11","","","","99.00","","","","-6","","NA"
"-101.10","53.97","THE PAS CLIMATE","5052890","2022-04-22 07:00","2022","04","22","07:00","-1.7","","-7.0","","67","","0.0","","15","","11","","","","99.02","","","","-6","","NA"
"-101.10","53.97","THE PAS CLIMATE","5052890","2022-04-22 08:00","2022","04","22","08:00","-1.3","","-7.1","","65","","0.0","","14","","17","","","","98.99","","","","-6","","NA"
"-101.10","53.97","THE PAS CLIMATE","5052890","2022-04-22 09:00","2022","04","22","09:00","0.1","","-7.0","","59","","0.0","","15","","16","","","","99.00","","","","","","NA"
"-101.10","53.97","THE PAS CLIMATE","5052890","2022-04-22 10:00","2022","04","22","10:00","1.3","","-7.4","","52","","0.0","","17","","4","","","","99.00","","","","","","NA"
"-101.10","53.97","THE PAS CLIMATE","5052890","2022-04-22 11:00","2022","04","22","11:00","2.3","","-6.6","","52","","0.0","","14","","15","","","","98.98","","","","","","NA"
"-101.10","53.97","THE PAS CLIMATE","5052890","2022-04-22 12:00","2022","04","22","12:00","2.9","","-7.0","","48","","0.0","","14","","14","","","","98.93","","","","","","NA"
"-101.10","53.97","THE PAS CLIMATE","5052890","2022-04-22 13:00","2022","04","22","13:00","4.5","","-7.3","","42","","0.0","","12","","12","","","","98.87","","","","","","NA"
"-101.10","53.97","THE PAS CLIMATE","5052890","2022-04-22 14:00","2022","04","22","14:00","4.1","","-5.9","","48","","0.0","","15","","18","","","","98.85","","","","","","NA"
"-101.10","53.97","THE PAS CLIMATE","5052890","2022-04-22 15:00","2022","04","22","15:00","4.4","","-4.9","","51","","0.0","","15","","19","","","","98.81","","","","","","NA"
"-101.10","53.97","THE PAS CLIMATE","5052890","2022-04-22 16:00","2022","04","22","16:00","4.7","","-4.5","","51","","0.0","","14","","13","","","","98.78","","","","","","NA"
"-101.10","53.97","THE PAS CLIMATE","5052890","2022-04-22 17:00","2022","04","22","17:00","5.4","","-4.0","","51","","0.0","","15","","15","","","","98.77","","","","","","NA"
"-101.10","53.97","THE PAS CLIMATE","5052890","2022-04-22 18:00","2022","04","22","18:00","5.5","","-3.8","","51","","0.0","","14","","13","","","","98.75","","","","","","NA"
"-101.10","53.97","THE PAS CLIMATE","5052890","2022-04-22 19:00","2022","04","22","19:00","5.3","","-4.5","","49","","0.0","","11","","9","","","","98.75","","","","","","NA"
"-101.10","53.97","THE PAS CLIMATE","5052890","2022-04-22 20:00","2022","04","22","20:00","4.4","","-3.3","","57","","0.0","","9","","7","","","","98.81","","","","","","NA"
"-101.10","53.97","THE PAS CLIMATE","5052890","2022-04-22 21:00","2022","04","22","21:00","3.2","","-2.9","","65","","0.0","","9","","9","","","","98.85","","","","","","NA"
"-101.10","53.97","THE PAS CLIMATE","5052890","2022-04-22 22:00","2022","04","22","22:00","2.1","","-2.9","","69","","0.0","","10","","6","","","","98.85","","","","","","NA"
"-101.10","53.97","THE PAS CLIMATE","5052890","2022-04-22 23:00","2022","04","22","23:00","1.7","","-2.7","","73","","0.0","","10","","7","","","","98.83","","","","","","NA"
"-101.10","53.97","THE PAS CLIMATE","5052890","2022-04-23 00:00","2022","04","23","00:00","2.0","","-3.2","","69","","0.0","","8","","10","","","","98.73","","","","","","NA"
"-101.10","53.97","THE PAS CLIMATE","5052890","2022-04-23 01:00","2022","04","23","01:00","1.6","","-3.1","","71","","0.0","","9","","9","","","","98.80","","","","","","NA"
"-101.10","53.97","THE PAS CLIMATE","5052890","2022-04-23 02:00","2022","04","23","02:00","1.7","","-3.3","","70","","0.0","","6","","6","","","","98.72","","","","","","NA"
"-101.10","53.97","THE PAS CLIMATE","5052890","2022-04-23 03:00","2022","04","23","03:00","1.4","","-3.0","","72","","0.0","","2","","7","","","","98.70","","","","","","NA"
"-101.10","53.97","THE PAS CLIMATE","5052890","2022-04-23 04:00","2022","04","23","04:00","0.7","","-3.4","","74","","0.0","","6","","7","","","","98.73","","","","","","NA"
"-101.10","53.97","THE PAS CLIMATE","5052890","2022-04-23 05:00","2022","04","23","05:00","-1.1","","-3.4","","85","","0.0","","1","","11","","","","98.68","","","","-5","","NA"
"-101.10","53.97","THE PAS CLIMATE","5052890","2022-04-23 06:00","2022","04","23","06:00","0.8","","-3.5","","73","","0.0","","5","","10","","","","98.68","","","","","","NA"
"-101.10","53.97","THE PAS CLIMATE","5052890","2022-04-23 07:00","2022","04","23","07:00","0.0","","-3.1","","80","","0.0","","35","","7","","","","98.74","","","","-2","","NA"
"-101.10","53.97","THE PAS CLIMATE","5052890","2022-04-23 08:00","2022","04","23","08:00","1.3","","-3.8","","69","","0.0","","1","","12","","","","98.71","","","","","","NA"
"-101.10","53.97","THE PAS CLIMATE","5052890","2022-04-23 09:00","2022","04","23","09:00","3.5","","-5.0","","54","","0.0","","2","","12","","","","98.72","","","","","","NA"
"-101.10","53.97","THE PAS CLIMATE","5052890","2022-04-23 10:00","2022","04","23","10:00","5.2","","-5.4","","46","","0.0","","2","","12","","","","98.66","","","","","","NA"
"-101.10","53.97","THE PAS CLIMATE","5052890","2022-04-23 11:00","2022","04","23","11:00","5.9","","-5.7","","43","","0.0","","2","","16","","","","98.63","","","","","","NA"
"-101.10","53.97","THE PAS CLIMATE","5052890","2022-04-23 12:00","2022","04","23","12:00","6.3","","-6.0","","41","","0.0","","2","","17","","","","98.56","","","","","","NA"
"-101.10","53.97","THE PAS CLIMATE","5052890","2022-04-23 13:00","2022","04","23","13:00","7.3","","-6.5","","37","","0.0","","3","","16","","","","98.54","","","","","","NA"
"-101.10","53.97","THE PAS CLIMATE","5052890","2022-04-23 14:00","2022","04","23","14:00","6.9","","-6.1","","39","","0.0","","3","","17","","","","98.54","","","","","","NA"
"-101.10","53.97","THE PAS CLIMATE","5052890","2022-04-23 15:00","2022","04","23","15:00","7.5","","-6.8","","36","","0.0","","2","","18","","","","98.50","","","","","","NA"
"-101.10","53.97","THE PAS CLIMATE","5052890","2022-04-23 16:00","2022","04","23","16:00","7.2","","-6.6","","37","","0.0","","3","","15","","","","98.48","","","","","","NA"
"-101.10","53.97","THE PAS CLIMATE","5052890","2022-04-23 17:00","2022","04","23","17:00","5.9","","-5.0","","45","","0.0","","2","","17","","","","98.42","","","","","","NA"
"-101.10","53.97","THE PAS CLIMATE","5052890","2022-04-23 18:00","2022","04","23","18:00","5.8","","-4.6","","47","","0.0","","2","","16","","","","98.42","","","","","","NA"
"-101.10","53.97","THE PAS CLIMATE","5052890","2022-04-23 19:00","2022","04","23","19:00","5.5","","-4.2","","50","","0.0","","3","","17","","","","98.46","","","","","","NA"
"-101.10","53.97","THE PAS CLIMATE","5052890","2022-04-23 20:00","2022","04","23","20:00","4.3","","-3.6","","57","","0.0","","2","","15","","","","98.49","","","","","","NA"
"-101.10","53.97","THE PAS CLIMATE","5052890","2022-04-23 21:00","2022","04","23","21:00","3.5","","-3.8","","59","","0.0","","2","","14","","","","98.53","","","","","","NA"
"-101.10","53.97","THE PAS CLIMATE","5052890","2022-04-23 22:00","2022","04","23","22:00","2.8","","-3.9","","61","","0.0","","2","","14","","","","98.54","","","","","","NA"
"-101.10","53.97","THE PAS CLIMATE","5052890","2022-04-23 23:00","2022","04","23","23:00","2.1","","-4.3","","63","","0.0","","2","","13","","","","98.56","","","","","","NA"
"-101.10","53.97","THE PAS CLIMATE","5052890","2022-04-24 00:00","2022","04","24","00:00","2.1","","-4.7","","61","","0.0","","2","","15","","","","98.59","","","","","","NA"
"-101.10","53.97","THE PAS CLIMATE","5052890","2022-04-24 01:00","2022","04","24","01:00","1.7","","-4.7","","62","","0.0","","2","","16","","","","98.57","","","","","","NA"
"-101.10","53.97","THE PAS CLIMATE","5052890","2022-04-24 02:00","2022","04","24","02:00","0.7","","-4.8","","67","","0.0","","2","","16","","","","98.59","","","","","","NA"
"-101.10","53.97","THE PAS CLIMATE","5052890","2022-04-24 03:00","2022","04","24","03:00","0.3","","-4.7","","69","","0.0","","2","","18","","","","98.63","","","","","","NA"
"-101.10","53.97","THE PAS CLIMATE","5052890","2022-04-24 04:00","2022","04","24","04:00","-0.4","","-5.8","","67","","0.0","","4","","23","","","","98.68","","","","-6","","NA"
"-101.10","53.97","THE PAS CLIMATE","5052890","2022-04-24 05:00","2022","04","24","05:00","-1.8","","-6.2","","72","","0.0","","2","","21","","","","98.72","","","","-8","","NA"
"-101.10","53.97","THE PAS CLIMATE","5052890","2022-04-24 06:00","2022","04","24","06:00","-2.8","","-7.2","","72","","0.0","","2","","23","","","","98.80","","","","-9","","NA"
"-101.10","53.97","THE PAS CLIMATE","5052890","2022-04-24 07:00","2022","04","24","07:00","-3.8","","-8.2","","71","","0.0","","2","","26","","","","98.88","","","","-11","","NA"
"-101.10","53.97","THE PAS CLIMATE","5052890","2022-04-24 08:00","2022","04","24","08:00","-4.5","","-8.8","","72","","0.0","","2","","23","","","","98.94","","","","-11","","NA"
"-101.10","53.97","THE PAS CLIMATE","5052890","2022-04-24 09:00","2022","04","24","09:00","-3.6","","-9.1","","66","","0.0","","2","","21","","","","99.00","","","","-10","","NA"
"-101.10","53.97","THE PAS CLIMATE","5052890","2022-04-24 10:00","2022","04","24","10:00","-2.4","","-8.8","","61","","0.0","","1","","25","","","","99.04","","","","-9","","NA"
"-101.10","53.97","THE PAS CLIMATE","5052890","2022-04-24 11:00","2022","04","24","11:00","-1.4","","-7.8","","62","","0.0","","1","","28","","","","99.09","","","","-8","","NA"
"-101.10","53.97","THE PAS CLIMATE","5052890","2022-04-24 12:00","2022","04","24","12:00","-0.8","","-9.0","","53","","0.0","","1","","27","","","","99.13","","","","-7","","NA"
"-101.10","53.97","THE PAS CLIMATE","5052890","2022-04-24 13:00","2022","04","24","13:00","0.2","","-7.5","","56","","0.0","","1","","27","","","","99.16","","","","","","NA"
"-101.10","53.97","THE PAS CLIMATE","5052890","2022-04-24 14:00","2022","04","24","14:00","0.5","","-7.6","","55","","0.0","","1","","28","","","","99.21","","","","","","NA"
"-101.10","53.97","THE PAS CLIMATE","5052890","2022-04-24 15:00","2022","04","24","15:00","0.9","","-7.3","","54","","0.0","","1","","26","","","","99.23","","","","","","NA"
"-101.10","53.97","THE PAS CLIMATE","5052890","2022-04-24 16:00","2022","04","24","16:00","1.1","","-7.5","","52","","0.0","","1","","25","","","","99.28","","","","","","NA"
"-101.10","53.97","THE PAS CLIMATE","5052890","2022-04-24 17:00","2022","04","24","17:00","1.0","","-8.7","","49","","0.0","","2","","20","","","","99.36","","","","","","NA"
"-101.10","53.97","THE PAS CLIMATE","5052890","2022-04-24 18:00","2022","04","24","18:00","0.2","","-8.3","","53","","0.0","","2","","18","","","","99.40","","","","","","NA"
"-101.10","53.97","THE PAS CLIMATE","5052890","2022-04-24 19:00","2022","04","24","19:00","-0.7","","-10.6","","47","","0.0","","3","","15","","","","99.49","","","","-5","","NA"
"-101.10","53.97","THE PAS CLIMATE","5052890","2022-04-24 20:00","2022","04","24","20:00","-2.3","","-11.3","","50","","0.0","","3","","17","","","","99.56","","","","-8","","NA"
"-101.10","53.97","THE PAS CLIMATE","5052890","2022-04-24 21:00","2022","04","24","21:00","-3.3","","-12.8","","48","","0.0","","3","","19","","","","99.63","","","","-9","","NA"
"-101.10","53.97","THE PAS CLIMATE","5052890","2022-04-24 22:00","2022","04","24","22:00","-4.4","","-12.0","","55","","0.0","","3","","13","","","","99.69","","","","-9","","NA"
"-101.10","53.97","THE PAS CLIMATE","5052890","2022-04-24 23:00","2022","04","24","23:00","-5.1","","-15.4","","44","","0.0","","4","","17","","","","99.73","","","","-11","","NA"
"-101.10","53.97","THE PAS CLIMATE","5052890","2022-04-25 00:00","2022","04","25","00:00","-6.1","","-16.1","","45","","0.0","","4","","16","","","","99.78","","","","-12","","NA"
"-101.10","53.97","THE PAS CLIMATE","5052890","2022-04-25 01:00","2022","04","25","01:00","-7.3","","-15.9","","50","","0.0","","4","","12","","","","99.82","","","","-13","","NA"
"-101.10","53.97","THE PAS CLIMATE","5052890","2022-04-25 02:00","2022","04","25","02:00","-8.5","","-16.0","","55","","0.0","","4","","12","","","","99.85","","","","-14","","NA"
"-101.10","53.97","THE PAS CLIMATE","5052890","2022-04-25 03:00","2022","04","25","03:00","-9.5","","-16.5","","57","","0.0","","5","","9","","","","99.92","","","","-14","","NA"
"-101.10","53.97","THE PAS CLIMATE","5052890","2022-04-25 04:00","2022","04","25","04:00","-10.6","","-17.9","","55","","0.0","","5","","11","","","","99.98","","","","-16","","NA"
"-101.10","53.97","THE PAS CLIMATE","5052890","2022-04-25 05:00","2022","04","25","05:00","-11.5","","-18.1","","58","","0.0","","5","","11","","","","100.03","","","","-17","","NA"
"-101.10","53.97","THE PAS CLIMATE","5052890","2022-04-25 06:00","2022","04","25","06:00","-12.0","","-18.5","","59","","0.0","","5","","11","","","","100.08","","","","-18","","NA"
"-101.10","53.97","THE PAS CLIMATE","5052890","2022-04-25 07:00","2022","04","25","07:00","-12.1","","-19.1","","56","","0.0","","6","","14","","","","100.13","","","","-19","","NA"
"-101.10","53.97","THE PAS CLIMATE","5052890","2022-04-25 08:00","2022","04","25","08:00","-11.5","","-19.3","","52","","0.0","","6","","12","","","","100.16","","","","-18","","NA"
"-101.10","53.97","THE PAS CLIMATE","5052890","2022-04-25 09:00","2022","04","25","09:00","-9.9","","-17.5","","54","","0.0","","3","","11","","","","100.17","","","","-15","","NA"
"-101.10","53.97","THE PAS CLIMATE","5052890","2022-04-25 10:00","2022","04","25","10:00","-9.2","","-16.9","","54","","0.0","","36","","14","","","","100.15","","","","-16","","NA"
"-101.10","53.97","THE PAS CLIMATE","5052890","2022-04-25 11:00","2022","04","25","11:00","-7.6","","-17.1","","47","","0.0","","36","","16","","","","100.11","","","","-14","","NA"
"-101.10","53.97","THE PAS CLIMATE","5052890","2022-04-25 12:00","2022","04","25","12:00","-5.8","","-14.7","","49","","0.0","","36","","14","","","","100.09","","","","-11","","NA"
"-101.10","53.97","THE PAS CLIMATE","5052890","2022-04-25 13:00","2022","04","25","13:00","-3.9","","-18.8","","30","","0.0","","5","","13","","","","100.06","","","","-9","","NA"
"-101.10","53.97","THE PAS CLIMATE","5052890","2022-04-25 14:00","2022","04","25","14:00","-3.0","","-20.1","","26","","0.0","","9","","12","","","","100.04","","","","-7","","NA"
"-101.10","53.97","THE PAS CLIMATE","5052890","2022-04-25 15:00","2022","04","25","15:00","-2.5","","-22.0","","21","","0.0","","5","","10","","","","99.97","","","","-6","","NA"
"-101.10","53.97","THE PAS CLIMATE","5052890","2022-04-25 16:00","2022","04","25","16:00","-1.8","","-17.5","","29","","0.0","","7","","11","","","","99.93","","","","-6","","NA"
"-101.10","53.97","THE PAS CLIMATE","5052890","2022-04-25 17:00","2022","04","25","17:00","-1.4","","-18.9","","25","","0.0","","11","","9","","","","99.90","","","","-5","","NA"
"-101.10","53.97","THE PAS CLIMATE","5052890","2022-04-25 18:00","2022","04","25","18:00","-1.4","","-17.4","","28","","0.0","","12","","10","","","","99.89","","","","-5","","NA"
"-101.10","53.97","THE PAS CLIMATE","5052890","2022-04-25 19:00","2022","04","25","19:00","-1.8","","-17.5","","29","","0.0","","11","","8","","","","99.86","","","","-5","","NA"
"-101.10","53.97","THE PAS CLIMATE","5052890","2022-04-25 20:00","2022","04","25","20:00","-3.3","","-14.9","","40","","0.0","","7","","5","","","","99.82","","","","-5","","NA"
"-101.10","53.97","THE PAS CLIMATE","5052890","2022-04-25 21:00","2022","04","25","21:00","-4.9","","-14.7","","46","","0.0","","9","","6","","","","99.82","","","","-8","","NA"
"-101.10","53.97","THE PAS CLIMATE","5052890","2022-04-25 22:00","2022","04","25","22:00","-6.1","","-14.4","","52","","0.0","","11","","5","","","","99.81","","","","-9","","NA"
"-101.10","53.97","THE PAS CLIMATE","5052890","2022-04-25 23:00","2022","04","25","23:00","-5.9","","-15.1","","48","","0.0","","12","","6","","","","99.78","","","","-9","","NA"
"-101.10","53.97","THE PAS CLIMATE","5052890","2022-04-26 00:00","2022","04","26","00:00","-7.3","","-13.4","","62","","0.0","","15","","9","","","","99.79","","","","-12","","NA"
"-101.10","53.97","THE PAS CLIMATE","5052890","2022-04-26 01:00","2022","04","26","01:00","-7.9","","-12.7","","69","","0.0","","15","","12","","","","99.81","","","","-13","","NA"
"-101.10","53.97","THE PAS CLIMATE","5052890","2022-04-26 02:00","2022","04","26","02:00","-8.2","","-12.8","","70","","0.0","","14","","10","","","","99.79","","","","-13","","NA"
"-101.10","53.97","THE PAS CLIMATE","5052890","2022-04-26 03:00","2022","04","26","03:00","-9.0","","-13.3","","71","","0.0","","15","","9","","","","99.78","","","","-14","","NA"
"-101.10","53.97","THE PAS CLIMATE","5052890","2022-04-26 04:00","2022","04","26","04:00","-9.6","","-14.3","","68","","0.0","","15","","11","","","","99.77","","","","-15","","NA"
"-101.10","53.97","THE PAS CLIMATE","5052890","2022-04-26 05:00","2022","04","26","05:00","-10.5","","-14.7","","71","","0.0","","16","","9","","","","99.78","","","","-15","","NA"
"-101.10","53.97","THE PAS CLIMATE","5052890","2022-04-26 06:00","2022","04","26","06:00","-9.5","","-14.3","","68","","0.0","","14","","8","","","","99.78","","","","-14","","NA"
"-101.10","53.97","THE PAS CLIMATE","5052890","2022-04-26 07:00","2022","04","26","07:00","-8.1","","-13.6","","65","","0.0","","15","","14","","","","99.80","","","","-14","","NA"
"-101.10","53.97","THE PAS CLIMATE","5052890","2022-04-26 08:00","2022","04","26","08:00","-5.6","","-12.2","","60","","0.0","","15","","15","","","","99.78","","","","-11","","NA"
"-101.10","53.97","THE PAS CLIMATE","5052890","2022-04-26 09:00","2022","04","26","09:00","-3.2","","-13.9","","43","","0.0","","16","","22","","","","99.76","","","","-10","","NA"
"-101.10","53.97","THE PAS CLIMATE","5052890","2022-04-26 10:00","2022","04","26","10:00","-2.3","","-14.2","","40","","0.0","","14","","19","","","","99.73","","","","-8","","NA"
"-101.10","53.97","THE PAS CLIMATE","5052890","2022-04-26 11:00","2022","04","26","11:00","-1.2","","-13.8","","38","","0.0","","15","","20","","","","99.70","","","","-7","","NA"
"-101.10","53.97","THE PAS CLIMATE","5052890","2022-04-26 12:00","2022","04","26","12:00","-0.7","","-13.2","","38","","0.0","","14","","19","","","","99.67","","","","-6","","NA"
"-101.10","53.97","THE PAS CLIMATE","5052890","2022-04-26 13:00","2022","04","26","13:00","-0.1","","-12.6","","38","","0.0","","15","","25","","","","99.63","","","","-6","","NA"
"-101.10","53.97","THE PAS CLIMATE","5052890","2022-04-26 14:00","2022","04","26","14:00","0.4","","-14.0","","33","","0.0","","14","","22","","","","99.56","","","","","","NA"
"-101.10","53.97","THE PAS CLIMATE","5052890","2022-04-26 15:00","2022","04","26","15:00","1.0","","-13.2","","34","","0.0","","15","","26","","","","99.53","","","","","","NA"
"-101.10","53.97","THE PAS CLIMATE","5052890","2022-04-26 16:00","2022","04","26","16:00","1.4","","-12.0","","36","","0.0","","15","","24","","","","99.47","","","","","","NA"
"-101.10","53.97","THE PAS CLIMATE","5052890","2022-04-26 17:00","2022","04","26","17:00","1.5","","-13.3","","32","","0.0","","15","","24","","","","99.42","","","","","","NA"
"-101.10","53.97","THE PAS CLIMATE","5052890","2022-04-26 18:00","2022","04","26","18:00","1.3","","-10.8","","40","","0.0","","15","","21","","","","99.38","","","","","","NA"
"-101.10","53.97","THE PAS CLIMATE","5052890","2022-04-26 19:00","2022","04","26","19:00","0.7","","-10.9","","42","","0.0","","14","","17","","","","99.35","","","","","","NA"
"-101.10","53.97","THE PAS CLIMATE","5052890","2022-04-26 20:00","2022","04","26","20:00","-0.5","","-9.9","","49","","0.0","","14","","18","","","","99.31","","","","-6","","NA"
"-101.10","53.97","THE PAS CLIMATE","5052890","2022-04-26 21:00","2022","04","26","21:00","-1.2","","-9.4","","54","","0.0","","14","","19","","","","99.32","","","","-7","","NA"
"-101.10","53.97","THE PAS CLIMATE","5052890","2022-04-26 22:00","2022","04","26","22:00","-2.0","","-10.0","","54","","0.0","","14","","18","","","","99.31","","","","-7","","NA"
"-101.10","53.97","THE PAS CLIMATE","5052890","2022-04-26 23:00","2022","04","26","23:00","-3.0","","-9.1","","63","","0.0","","15","","20","","","","99.29","","","","-9","","NA"
"-101.10","53.97","THE PAS CLIMATE","5052890","2022-04-27 00:00","2022","04","27","00:00","-4.1","","-9.0","","69","","0.0","","15","","22","","","","99.28","","","","-11","","NA"
"-101.10","53.97","THE PAS CLIMATE","5052890","2022-04-27 01:00","2022","04","27","01:00","-4.6","","-9.2","","70","","0.0","","15","","18","","","","99.25","","","","-11","","NA"
"-101.10","53.97","THE PAS CLIMATE","5052890","2022-04-27 02:00","2022","04","27","02:00","-5.1","","-9.2","","73","","0.0","","15","","16","","","","99.24","","","","-11","","NA"
"-101.10","53.97","THE PAS CLIMATE","5052890","2022-04-27 03:00","2022","04","27","03:00","-5.4","","-9.1","","75","","0.0","","15","","16","","","","99.21","","","","-11","","NA"
"-101.10","53.97","THE PAS CLIMATE","5052890","2022-04-27 04:00","2022","04","27","04:00","-5.4","","-8.8","","77","","0.0","","14","","15","","","","99.20","","","","-11","","NA"
"-101.10","53.97","THE PAS CLIMATE","5052890","2022-04-27 05:00","2022","04","27","05:00","-5.8","","-8.9","","79","","0.0","","15","","18","","","","99.19","","","","-12","","NA"
"-101.10","53.97","THE PAS CLIMATE","5052890","2022-04-27 06:00","2022","04","27","06:00","-5.5","","-8.9","","77","","0.0","","14","","16","","","","99.19","","","","-11","","NA"
"-101.10","53.97","THE PAS CLIMATE","5052890","2022-04-27 07:00","2022","04","27","07:00","-4.4","","-8.3","","74","","0.0","","14","","18","","","","99.20","","","","-10","","NA"
"-101.10","53.97","THE PAS CLIMATE","5052890","2022-04-27 08:00","2022","04","27","08:00","-2.6","","-7.8","","68","","0.0","","14","","17","","","","99.14","","","","-8","","NA"
"-101.10","53.97","THE PAS CLIMATE","5052890","2022-04-27 09:00","2022","04","27","09:00","0.1","","-6.8","","60","","0.0","","15","","19","","","","99.08","","","","","","NA"
"-101.10","53.97","THE PAS CLIMATE","5052890","2022-04-27 10:00","2022","04","27","10:00","1.4","","-7.3","","52","","0.0","","14","","20","","","","99.03","","","","","","NA"
"-101.10","53.97","THE PAS CLIMATE","5052890","2022-04-27 11:00","2022","04","27","11:00","3.0","","-6.4","","50","","0.0","","14","","22","","","","98.95","","","","","","NA"
"-101.10","53.97","THE PAS CLIMATE","5052890","2022-04-27 12:00","2022","04","27","12:00","3.5","","-6.3","","49","","0.0","","14","","26","","","","98.91","","","","","","NA"
"-101.10","53.97","THE PAS CLIMATE","5052890","2022-04-27 13:00","2022","04","27","13:00","4.1","","-6.3","","47","","0.0","","15","","29","","","","98.88","","","","","","NA"
"-101.10","53.97","THE PAS CLIMATE","5052890","2022-04-27 14:00","2022","04","27","14:00","5.0","","-6.5","","43","","0.0","","14","","26","","","","98.82","","","","","","NA"
"-101.10","53.97","THE PAS CLIMATE","5052890","2022-04-27 15:00","2022","04","27","15:00","5.0","","-7.8","","39","","0.0","","15","","26","","","","98.77","","","","","","NA"
"-101.10","53.97","THE PAS CLIMATE","5052890","2022-04-27 16:00","2022","04","27","16:00","5.0","","-8.0","","38","","0.0","","15","","26","","","","98.72","","","","","","NA"
"-101.10","53.97","THE PAS CLIMATE","5052890","2022-04-27 17:00","2022","04","27","17:00","4.6","","-6.7","","43","","0.0","","15","","32","","","","98.68","","","","","","NA"
"-101.10","53.97","THE PAS CLIMATE","5052890","2022-04-27 18:00","2022","04","27","18:00","4.2","","-6.1","","47","","0.0","","14","","24","","","","98.64","","","","","","NA"
"-101.10","53.97","THE PAS CLIMATE","5052890","2022-04-27 19:00","2022","04","27","19:00","3.4","","-5.4","","53","","0.0","","15","","23","","","","98.60","","","","","","NA"
"-101.10","53.97","THE PAS CLIMATE","5052890","2022-04-27 20:00","2022","04","27","20:00","2.9","","-5.1","","56","","0.0","","15","","22","","","","98.60","","","","","","NA"
"-101.10","53.97","THE PAS CLIMATE","5052890","2022-04-27 21:00","2022","04","27","21:00","2.1","","-4.4","","62","","0.0","","15","","19","","","","98.60","","","","","","NA"
"-101.10","53.97","THE PAS CLIMATE","5052890","2022-04-27 22:00","2022","04","27","22:00","1.5","","-4.3","","65","","0.0","","16","","20","","","","98.58","","","","","","NA"
"-101.10","53.97","THE PAS CLIMATE","5052890","2022-04-27 23:00","2022","04","27","23:00","0.7","","-4.4","","69","","0.0","","16","","17","","","","98.56","","","","","","NA"
"-101.10","53.97","THE PAS CLIMATE","5052890","2022-04-28 00:00","2022","04","28","00:00","0.0","","-4.0","","74","","0.0","","15","","14","","","","98.55","","","","-4","","NA"
"-101.10","53.97","THE PAS CLIMATE","5052890","2022-04-28 01:00","2022","04","28","01:00","0.0","","-4.1","","74","","0.0","","14","","13","","","","98.52","","","","-4","","NA"
"-101.10","53.97","THE PAS CLIMATE","5052890","2022-04-28 02:00","2022","04","28","02:00","-0.8","","-3.9","","79","","0.0","","15","","13","","","","98.49","","","","-5","","NA"
"-101.10","53.97","THE PAS CLIMATE","5052890","2022-04-28 03:00","2022","04","28","03:00","-0.7","","-3.7","","81","","0.0","","15","","16","","","","98.44","","","","-5","","NA"
"-101.10","53.97","THE PAS CLIMATE","5052890","2022-04-28 04:00","2022","04","28","04:00","-1.1","","-3.8","","82","","0.0","","15","","14","","","","98.43","","","","-6","","NA"
"-101.10","53.97","THE PAS CLIMATE","5052890","2022-04-28 05:00","2022","04","28","05:00","-1.0","","-3.4","","84","","0.0","","15","","17","","","","98.41","","","","-6","","NA"
"-101.10","53.97","THE PAS CLIMATE","5052890","2022-04-28 06:00","2022","04","28","06:00","-1.4","","-3.7","","84","","0.0","","15","","15","","","","98.37","","","","-6","","NA"
"-101.10","53.97","THE PAS CLIMATE","5052890","2022-04-28 07:00","2022","04","28","07:00","-0.2","","-3.3","","79","","0.0","","15","","14","","","","98.35","","","","-4","","NA"
"-101.10","53.97","THE PAS CLIMATE","5052890","2022-04-28 08:00","2022","04","28","08:00","1.6","","-2.6","","73","","0.0","","16","","15","","","","98.34","","","","","","NA"
"-101.10","53.97","THE PAS CLIMATE","5052890","2022-04-28 09:00","2022","04","28","09:00","2.6","","-2.4","","69","","0.0","","14","","15","","","","98.27","","","","","","NA"
"-101.10","53.97","THE PAS CLIMATE","5052890","2022-04-28 10:00","2022","04","28","10:00","3.8","","-2.4","","64","","0.0","","14","","15","","","","98.24","","","","","","NA"
"-101.10","53.97","THE PAS CLIMATE","5052890","2022-04-28 11:00","2022","04","28","11:00","4.9","","-1.9","","61","","0.0","","16","","16","","","","98.22","","","","","","NA"
"-101.10","53.97","THE PAS CLIMATE","5052890","2022-04-28 12:00","2022","04","28","12:00","6.2","","-1.6","","57","","0.0","","14","","13","","","","98.21","","","","","","NA"
"-101.10","53.97","THE PAS CLIMATE","5052890","2022-04-28 13:00","2022","04","28","13:00","7.1","","-1.9","","53","","0.0","","14","","19","","","","98.15","","","","","","NA"
"-101.10","53.97","THE PAS CLIMATE","5052890","2022-04-28 14:00","2022","04","28","14:00","8.3","","-1.8","","49","","0.0","","14","","20","","","","98.11","","","","","","NA"
"-101.10","53.97","THE PAS CLIMATE","5052890","2022-04-28 15:00","2022","04","28","15:00","9.1","","-2.2","","45","","0.0","","13","","14","","","","98.08","","","","","","NA"
"-101.10","53.97","THE PAS CLIMATE","5052890","2022-04-28 16:00","2022","04","28","16:00","9.1","","-2.0","","46","","0.0","","15","","19","","","","98.06","","","","","","NA"
"-101.10","53.97","THE PAS CLIMATE","5052890","2022-04-28 17:00","2022","04","28","17:00","8.5","","-2.3","","47","","0.0","","14","","18","","","","98.03","","","","","","NA"
"-101.10","53.97","THE PAS CLIMATE","5052890","2022-04-28 18:00","2022","04","28","18:00","7.7","","-1.9","","50","","0.0","","14","","16","","","","98.01","","","","","","NA"
"-101.10","53.97","THE PAS CLIMATE","5052890","2022-04-28 19:00","2022","04","28","19:00","5.6","","-0.6","","64","","0.0","","14","","17","","","","98.04","","","","","","NA"
"-101.10","53.97","THE PAS CLIMATE","5052890","2022-04-28 20:00","2022","04","28","20:00","3.8","","-0.4","","74","","0.0","","14","","18","","","","98.06","","","","","","NA"
"-101.10","53.97","THE PAS CLIMATE","5052890","2022-04-28 21:00","2022","04","28","21:00","2.7","","-0.7","","78","","0.0","","14","","20","","","","98.09","","","","","","NA"
"-101.10","53.97","THE PAS CLIMATE","5052890","2022-04-28 22:00","2022","04","28","22:00","2.2","","-0.8","","81","","0.0","","14","","15","","","","98.10","","","","","","NA"
"-101.10","53.97","THE PAS CLIMATE","5052890","2022-04-28 23:00","2022","04","28","23:00","1.4","","-1.2","","83","","0.0","","14","","16","","","","98.13","","","","","","NA"
"-101.10","53.97","THE PAS CLIMATE","5052890","2022-04-29 00:00","2022","04","29","00:00","1.3","","-1.1","","84","","0.0","","14","","16","","","","98.11","","","","","","NA"
"-101.10","53.97","THE PAS CLIMATE","5052890","2022-04-29 01:00","2022","04","29","01:00","0.6","","-1.4","","87","","0.0","","14","","11","","","","98.14","","","","","","NA"
"-101.10","53.97","THE PAS CLIMATE","5052890","2022-04-29 02:00","2022","04","29","02:00","-0.1","","-1.7","","89","","0.0","","13","","10","","","","98.16","","","","-3","","NA"
"-101.10","53.97","THE PAS CLIMATE","5052890","2022-04-29 03:00","2022","04","29","03:00","-0.5","","-1.8","","91","","0.0","","13","","8","","","","98.20","","","","-3","","NA"
"-101.10","53.97","THE PAS CLIMATE","5052890","2022-04-29 04:00","2022","04","29","04:00","-1.0","","-2.2","","92","","0.0","","10","","9","","","","98.18","","","","-4","","NA"
"-101.10","53.97","THE PAS CLIMATE","5052890","2022-04-29 05:00","2022","04","29","05:00","-1.3","","-2.4","","92","","0.0","","13","","8","","","","98.24","","","","-4","","NA"
"-101.10","53.97","THE PAS CLIMATE","5052890","2022-04-29 06:00","2022","04","29","06:00","-1.0","","-2.2","","91","","0.0","","12","","8","","","","98.25","","","","-4","","NA"
"-101.10","53.97","THE PAS CLIMATE","5052890","2022-04-29 07:00","2022","04","29","07:00","-0.9","","-2.4","","89","","0.0","","12","","10","","","","98.30","","","","-4","","NA"
"-101.10","53.97","THE PAS CLIMATE","5052890","2022-04-29 08:00","2022","04","29","08:00","0.0","","-1.7","","88","","0.0","","12","","8","","","","98.34","","","","-3","","NA"
"-101.10","53.97","THE PAS CLIMATE","5052890","2022-04-29 09:00","2022","04","29","09:00","1.8","","-1.3","","80","","0.0","","14","","10","","","","98.37","","","","","","NA"
"-101.10","53.97","THE PAS CLIMATE","5052890","2022-04-29 10:00","2022","04","29","10:00","2.1","","-1.1","","79","","0.0","","15","","10","","","","98.45","","","","","","NA"
"-101.10","53.97","THE PAS CLIMATE","5052890","2022-04-29 11:00","2022","04","29","11:00","3.9","","-0.3","","74","","0.0","","4","","11","","","","98.44","","","","","","NA"
"-101.10","53.97","THE PAS CLIMATE","5052890","2022-04-29 12:00","2022","04","29","12:00","5.9","","0.0","","66","","0.0","","5","","9","","","","98.43","","","","","","NA"
"-101.10","53.97","THE PAS CLIMATE","5052890","2022-04-29 13:00","2022","04","29","13:00","6.4","","-0.2","","63","","0.0","","6","","8","","","","98.48","","","","","","NA"
"-101.10","53.97","THE PAS CLIMATE","5052890","2022-04-29 14:00","2022","04","29","14:00","9.1","","0.4","","54","","0.0","","36","","3","","","","98.50","","","","","","NA"
"-101.10","53.97","THE PAS CLIMATE","5052890","2022-04-29 15:00","2022","04","29","15:00","8.4","","1.2","","61","","0.0","","1","","12","","","","98.50","","","","","","NA"
"-101.10","53.97","THE PAS CLIMATE","5052890","2022-04-29 16:00","2022","04","29","16:00","8.7","","1.3","","60","","0.0","","36","","11","","","","98.50","","","","","","NA"
"-101.10","53.97","THE PAS CLIMATE","5052890","2022-04-29 17:00","2022","04","29","17:00","9.5","","1.5","","57","","0.0","","2","","9","","","","98.54","","","","","","NA"
"-101.10","53.97","THE PAS CLIMATE","5052890","2022-04-29 18:00","2022","04","29","18:00","11.0","","1.1","","51","","0.0","","7","","7","","","","98.56","","","","","","NA"
"-101.10","53.97","THE PAS CLIMATE","5052890","2022-04-29 19:00","2022","04","29","19:00","4.9","","-0.6","","68","","0.0","","36","","8","","","","98.57","","","","","","NA"
"-101.10","53.97","THE PAS CLIMATE","5052890","2022-04-29 20:00","2022","04","29","20:00","4.1","","-0.4","","72","","0.0","","6","","5","","","","98.60","","","","","","NA"
"-101.10","53.97","THE PAS CLIMATE","5052890","2022-04-29 21:00","2022","04","29","21:00","2.7","","-0.8","","77","","0.0","","8","","3","","","","98.65","","","","","","NA"
"-101.10","53.97","THE PAS CLIMATE","5052890","2022-04-29 22:00","2022","04","29","22:00","1.7","","-1.2","","81","","0.0","","0","","1","","","","98.70","","","","","","NA"
"-101.10","53.97","THE PAS CLIMATE","5052890","2022-04-29 23:00","2022","04","29","23:00","0.5","","-1.9","","84","","0.0","","12","","5","","","","98.72","","","","","","NA"
"-101.10","53.97","THE PAS CLIMATE","5052890","2022-04-30 00:00","2022","04","30","00:00","1.0","","-1.6","","83","","0.0","","13","","6","","","","98.73","","","","","","NA"
"-101.10","53.97","THE PAS CLIMATE","5052890","2022-04-30 01:00","2022","04","30","01:00","-0.3","","-2.1","","88","","0.0","","35","","6","","","","98.76","","","","-2","","NA"
"-101.10","53.97","THE PAS CLIMATE","5052890","2022-04-30 02:00","2022","04","30","02:00","-1.4","","-2.9","","90","","0.0","","5","","2","","","","98.78","","","","-2","","NA"
"-101.10","53.97","THE PAS CLIMATE","5052890","2022-04-30 03:00","2022","04","30","03:00","-1.3","","-2.6","","91","","0.0","","1","","2","","","","98.80","","","","-2","","NA"
"-101.10","53.97","THE PAS CLIMATE","5052890","2022-04-30 04:00","2022","04","30","04:00","-1.6","","-3.0","","90","","0.0","","15","","4","","","","98.83","","","","-3","","NA"
"-101.10","53.97","THE PAS CLIMATE","5052890","2022-04-30 05:00","2022","04","30","05:00","-1.2","","-2.4","","91","","0.0","","17","","2","","","","98.84","","","","-2","","NA"
"-101.10","53.97","THE PAS CLIMATE","5052890","2022-04-30 06:00","2022","04","30","06:00","-0.5","","-2.0","","89","","0.0","","30","","1","","","","98.85","","","","-1","","NA"
"-101.10","53.97","THE PAS CLIMATE","5052890","2022-04-30 07:00","2022","04","30","07:00","0.7","","-1.5","","85","","0.0","","36","","4","","","","98.86","","","","","","NA"
"-101.10","53.97","THE PAS CLIMATE","5052890","2022-04-30 08:00","2022","04","30","08:00","3.5","","0.0","","78","","0.0","","2","","2","","","","98.85","","","","","","NA"
"-101.10","53.97","THE PAS CLIMATE","5052890","2022-04-30 09:00","2022","04","30","09:00","4.2","","-0.3","","73","","0.0","","36","","7","","","","98.85","","","","","","NA"
"-101.10","53.97","THE PAS CLIMATE","5052890","2022-04-30 10:00","2022","04","30","10:00","4.1","","-1.1","","69","","0.0","","34","","6","","","","98.85","","","","","","NA"
"-101.10","53.97","THE PAS CLIMATE","5052890","2022-04-30 11:00","2022","04","30","11:00","7.1","","0.8","","64","","0.0","","35","","9","","","","98.87","","","","","","NA"
"-101.10","53.97","THE PAS CLIMATE","5052890","2022-04-30 12:00","2022","04","30","12:00","10.5","","-0.3","","47","","0.0","","35","","6","","","","98.85","","","","","","NA"
"-101.10","53.97","THE PAS CLIMATE","5052890","2022-04-30 13:00","2022","04","30","13:00","11.1","","-1.0","","43","","0.0","","36","","9","","","","98.81","","","","","","NA"
"-101.10","53.97","THE PAS CLIMATE","5052890","2022-04-30 14:00","2022","04","30","14:00","12.3","","-1.7","","38","","0.0","","32","","6","","","","98.77","","","","","","NA"
"-101.10","53.97","THE PAS CLIMATE","5052890","2022-04-30 15:00","2022","04","30","15:00","12.6","","-1.3","","38","","0.0","","32","","5","","","","98.73","","","","","","NA"
"-101.10","53.97","THE PAS CLIMATE","5052890","2022-04-30 16:00","2022","04","30","16:00","12.9","","-2.0","","36","","0.0","","34","","5","","","","98.70","","","","","","NA"
"-101.10","53.97","THE PAS CLIMATE","5052890","2022-04-30 17:00","2022","04","30","17:00","13.2","","-0.5","","39","","0.0","","2","","8","","","","98.69","","","","","","NA"
"-101.10","53.97","THE PAS CLIMATE","5052890","2022-04-30 18:00","2022","04","30","18:00","13.0","","-1.5","","36","","0.0","","7","","9","","","","98.68","","","","","","NA"
"-101.10","53.97","THE PAS CLIMATE","5052890","2022-04-30 19:00","2022","04","30","19:00","11.9","","-1.5","","39","","0.0","","9","","10","","","","98.70","","","","","","NA"
"-101.10","53.97","THE PAS CLIMATE","5052890","2022-04-30 20:00","2022","04","30","20:00","7.8","","1.4","","64","","0.0","","2","","10","","","","98.76","","","","","","NA"
"-101.10","53.97","THE PAS CLIMATE","5052890","2022-04-30 21:00","2022","04","30","21:00","8.1","","1.4","","63","","0.0","","3","","13","","","","98.79","","","","","","NA"
"-101.10","53.97","THE PAS CLIMATE","5052890","2022-04-30 22:00","2022","04","30","22:00","6.7","","1.0","","67","","0.0","","6","","10","","","","98.78","","","","","","NA"
"-101.10","53.97","THE PAS CLIMATE","5052890","2022-04-30 23:00","2022","04","30","23:00","6.8","","-1.6","","55","","0.0","","7","","10","","","","98.78","","","","","","NA"
