"Longitude (x)","Latitude (y)","Station Name","Climate ID","Date/Time","Year","Month","Day","Data Quality","Max Temp (°C)","Max Temp Flag","Min Temp (°C)","Min Temp Flag","Mean Temp (°C)","Mean Temp Flag","Heat Deg Days (°C)","Heat Deg Days Flag","Cool Deg Days (°C)","Cool Deg Days Flag","Total Rain (mm)","Total Rain Flag","Total Snow (cm)","Total Snow Flag","Total Precip (mm)","Total Precip Flag","Snow on Grnd (cm)","Snow on Grnd Flag","Dir of Max Gust (10s deg)","Dir of Max Gust Flag","Spd of Max Gust (km/h)","Spd of Max Gust Flag"
"-111.78","52.32","ALLIANCE AGCM","3010162","2019-01-01","2019","01","01","","3.1","","-15.9","","-6.4","","24.4","","0.0","","","","","","0.0","","","","30","","50",""
"-111.78","52.32","ALLIANCE AGCM","3010162","2019-01-02","2019","01","02","","7.0","","-0.3","","3.3","","14.7","","0.0","","","","","","0.0","","","","23","","36",""
"-111.78","52.32","ALLIANCE AGCM","3010162","2019-01-03","2019","01","03","","2.7","","-7.8","","-2.5","","20.5","","0.0","","","","","","0.0","","","","","","",""
"-111.78","52.32","ALLIANCE AGCM","3010162","2019-01-04","2019","01","04","","-0.6","","-8.8","","-4.7","","22.7","","0.0","","","","","","0.0","","","","","","",""
"-111.78","52.32","ALLIANCE AGCM","3010162","2019-01-05","2019","01","05","","-3.5","","-5.6","","-4.6","","22.6","","0.0","","","","","","0.0","","","","13","","41",""
"-111.78","52.32","ALLIANCE AGCM","3010162","2019-01-06","2019","01","06","","-0.3","","-5.6","","-2.9","","20.9","","0.0","","","","","","0.0","","","","32","","40",""
"-111.78","52.32","ALLIANCE AGCM","3010162","2019-01-07","2019","01","07","","-5.5","","-16.8","","-11.2","","29.2","","0.0","","","","","","0.7","","","","30","","49",""
"-111.78","52.32","ALLIANCE AGCM","3010162","2019-01-08","2019","01","08","","-11.6","","-24.3","","-17.9","","35.9","","0.0","","","","","","0.4","","","","29","","41",""
"-111.78","52.32","ALLIANCE AGCM","3010162","2019-01-09","2019","01","09","","-8.7","","-13.9","","-11.3","","29.3","","0.0","","","","","","0.0","","","","13","","38",""
"-111.78","52.32","ALLIANCE AGCM","3010162","2019-01-10","2019","01","10","","-11.4","","-19.1","","-15.2","","33.2","","0.0","","","","","","0.0","","","","","","",""
"-111.78","52.32","ALLIANCE AGCM","3010162","2019-01-11","2019","01","11","","-4.7","","-19.2","","-11.9","","29.9","","0.0","","","","","","0.0","","","","16","","34",""
"-111.78","52.32","ALLIANCE AGCM","3010162","2019-01-12","2019","01","12","","4.6","","-10.3","","-2.9","","20.9","","0.0","","","","","","0.0","","","","","","",""
"-111.78","52.32","ALLIANCE AGCM","3010162","2019-01-13","2019","01","13","","-1.7","","-12.5","","-7.1","","25.1","","0.0","","","","","","0.0","","","","","","",""
"-111.78","52.32","ALLIANCE AGCM","3010162","2019-01-14","2019","01","14","","2.5","","-12.3","","-4.9","","22.9","","0.0","","","","","","0.0","","","","","","",""
"-111.78","52.32","ALLIANCE AGCM","3010162","2019-01-15","2019","01","15","","-2.2","","-10.1","","-6.2","","24.2","","0.0","","","","","","0.0","","","","","","",""
"-111.78","52.32","ALLIANCE AGCM","3010162","2019-01-16","2019","01","16","","-9.9","","-14.7","","-12.3","","30.3","","0.0","","","","","","0.4","","","","","","",""
"-111.78","52.32","ALLIANCE AGCM","3010162","2019-01-17","2019","01","17","","-14.7","","-17.5","","-16.1","","34.1","","0.0","","","","","","0.4","","","","13","","32",""
"-111.78","52.32","ALLIANCE AGCM","3010162","2019-01-18","2019","01","18","","-15.7","","-17.9","","-16.8","","34.8","","0.0","","","","","","0.0","","","","12","","33",""
"-111.78","52.32","ALLIANCE AGCM","3010162","2019-01-19","2019","01","19","","-12.7","","-16.5","","-14.6","","32.6","","0.0","","","","","","0.0","","","","11","","46",""
"-111.78","52.32","ALLIANCE AGCM","3010162","2019-01-20","2019","01","20","","-2.8","","-16.5","","-9.6","","27.6","","0.0","","","","","","0.0","","","","","","",""
"-111.78","52.32","ALLIANCE AGCM","3010162","2019-01-21","2019","01","21","","-1.6","","-16.0","","-8.8","","26.8","","0.0","","","","","","0.0","","","","29","","32",""
"-111.78","52.32","ALLIANCE AGCM","3010162","2019-01-22","2019","01","22","","-0.2","","-10.2","","-5.2","","23.2","","0.0","","","","","","0.0","","","","22","","36",""
"-111.78","52.32","ALLIANCE AGCM","3010162","2019-01-23","2019","01","23","","-1.0","","-25.6","","-13.3","","31.3","","0.0","","","","","","0.4","","","","35","","50",""
"-111.78","52.32","ALLIANCE AGCM","3010162","2019-01-24","2019","01","24","","0.5","","-22.1","","-10.8","","28.8","","0.0","","","","","","0.0","","","","31","","49",""
"-111.78","52.32","ALLIANCE AGCM","3010162","2019-01-25","2019","01","25","","2.7","","-10.9","","-4.1","","22.1","","0.0","","","","","","0.0","","","","29","","49",""
"-111.78","52.32","ALLIANCE AGCM","3010162","2019-01-26","2019","01","26","","4.9","","0.0","","2.4","","15.6","","0.0","","","","","","1.3","","","","29","","37",""
"-111.78","52.32","ALLIANCE AGCM","3010162","2019-01-27","2019","01","27","","7.9","","-4.9","","1.5","","16.5","","0.0","","","","","","0.4","","","","32","","72",""
"-111.78","52.32","ALLIANCE AGCM","3010162","2019-01-28","2019","01","28","","-4.9","","-18.0","","-11.5","","29.5","","0.0","","","","","","0.4","","","","34","","50",""
"-111.78","52.32","ALLIANCE AGCM","3010162","2019-01-29","2019","01","29","","-11.5","","-22.0","","-16.8","","34.8","","0.0","","","","","","0.0","","","","15","","33",""
"-111.78","52.32","ALLIANCE AGCM","3010162","2019-01-30","2019","01","30","","2.0","","-15.5","","-6.8","","24.8","","0.0","","","","","","1.3","","","","24","","34",""
"-111.78","52.32","ALLIANCE AGCM","3010162","2019-01-31","2019","01","31","","3.5","","-7.0","","-1.8","","19.8","","0.0","","","","","","0.0","","","","","","",""
"-111.78","52.32","ALLIANCE AGCM","3010162","2019-02-01","2019","02","01","","-7.0","","-19.9","","-13.5","","31.5","","0.0","","","","","","1.1","","","","3","","39",""
"-111.78","52.32","ALLIANCE AGCM","3010162","2019-02-02","2019","02","02","","-19.7","","-24.2","","-22.0","","40.0","","0.0","","","","","","0.4","","","","32","","41",""
"-111.78","52.32","ALLIANCE AGCM","3010162","2019-02-03","2019","02","03","","-24.1","","-28.7","","-26.4","","44.4","","0.0","","","","","","0.4","","","","34","","42",""
"-111.78","52.32","ALLIANCE AGCM","3010162","2019-02-04","2019","02","04","","-23.5","","-30.0","","-26.7","","44.7","","0.0","","","","","","0.4","","","","","","",""
"-111.78","52.32","ALLIANCE AGCM","3010162","2019-02-05","2019","02","05","","-23.4","","-37.3","","-30.3","","48.3","","0.0","","","","","","0.4","","","","","","",""
"-111.78","52.32","ALLIANCE AGCM","3010162","2019-02-06","2019","02","06","","-21.6","","-31.6","","-26.6","","44.6","","0.0","","","","","","0.0","","","","","","",""
"-111.78","52.32","ALLIANCE AGCM","3010162","2019-02-07","2019","02","07","","-18.7","","-31.4","","-25.0","","43.0","","0.0","","","","","","0.0","","","","","","",""
"-111.78","52.32","ALLIANCE AGCM","3010162","2019-02-08","2019","02","08","","-20.1","","-27.7","","-23.9","","41.9","","0.0","","","","","","0.0","","","","32","","36",""
"-111.78","52.32","ALLIANCE AGCM","3010162","2019-02-09","2019","02","09","","-25.0","","-31.8","","-28.4","","46.4","","0.0","","","","","","0.0","","","","","","",""
"-111.78","52.32","ALLIANCE AGCM","3010162","2019-02-10","2019","02","10","","-20.8","","-30.0","","-25.4","","43.4","","0.0","","","","","","1.3","","","","","","",""
"-111.78","52.32","ALLIANCE AGCM","3010162","2019-02-11","2019","02","11","","-20.8","","-30.4","","-25.6","","43.6","","0.0","","","","","","1.1","","","","","","",""
"-111.78","52.32","ALLIANCE AGCM","3010162","2019-02-12","2019","02","12","","-18.4","","-32.2","","-25.3","","43.3","","0.0","","","","","","0.0","","","","","","",""
"-111.78","52.32","ALLIANCE AGCM","3010162","2019-02-13","2019","02","13","","-14.6","","-33.9","","-24.3","","42.3","","0.0","","","","","","0.0","","","","","","",""
"-111.78","52.32","ALLIANCE AGCM","3010162","2019-02-14","2019","02","14","","-17.0","","-31.0","","-24.0","","42.0","","0.0","","","","","","0.0","","","","","","",""
"-111.78","52.32","ALLIANCE AGCM","3010162","2019-02-15","2019","02","15","","-17.7","","-31.9","","-24.8","","42.8","","0.0","","","","","","2.2","","","","","","",""
"-111.78","52.32","ALLIANCE AGCM","3010162","2019-02-16","2019","02","16","","-15.9","","-21.3","","-18.6","","36.6","","0.0","","","","","","4.7","","","","36","","33",""
"-111.78","52.32","ALLIANCE AGCM","3010162","2019-02-17","2019","02","17","","-15.9","","-20.3","","-18.1","","36.1","","0.0","","","","","","1.3","","","","34","","32",""
"-111.78","52.32","ALLIANCE AGCM","3010162","2019-02-18","2019","02","18","","-17.3","","-30.1","","-23.7","","41.7","","0.0","","","","","","0.0","","","","18","","42",""
"-111.78","52.32","ALLIANCE AGCM","3010162","2019-02-19","2019","02","19","","-3.7","","-23.6","","-13.6","","31.6","","0.0","","","","","","0.0","","","","21","","39",""
"-111.78","52.32","ALLIANCE AGCM","3010162","2019-02-20","2019","02","20","","-4.7","","-12.6","","-8.7","","26.7","","0.0","","","","","","0.4","","","","32","","41",""
"-111.78","52.32","ALLIANCE AGCM","3010162","2019-02-21","2019","02","21","","-10.9","","-19.1","","-15.0","","33.0","","0.0","","","","","","0.4","","","","20","","40",""
"-111.78","52.32","ALLIANCE AGCM","3010162","2019-02-22","2019","02","22","","-4.9","","-21.3","","-13.1","","31.1","","0.0","","","","","","0.0","","","","18","","44",""
"-111.78","52.32","ALLIANCE AGCM","3010162","2019-02-23","2019","02","23","","-13.3","","-22.0","","-17.7","","35.7","","0.0","","","","","","0.0","","","","34","","54",""
"-111.78","52.32","ALLIANCE AGCM","3010162","2019-02-24","2019","02","24","","-12.7","","-28.5","","-20.6","","38.6","","0.0","","","","","","0.0","","","","","","",""
"-111.78","52.32","ALLIANCE AGCM","3010162","2019-02-25","2019","02","25","","-16.4","","-30.3","","-23.4","","41.4","","0.0","","","","","","0.0","","","","","","",""
"-111.78","52.32","ALLIANCE AGCM","3010162","2019-02-26","2019","02","26","","-14.2","","-32.1","","-23.2","","41.2","","0.0","","","","","","0.0","","","","","","",""
"-111.78","52.32","ALLIANCE AGCM","3010162","2019-02-27","2019","02","27","","-4.1","","-18.6","","-11.3","","29.3","","0.0","","","","","","0.0","","","","","","",""
"-111.78","52.32","ALLIANCE AGCM","3010162","2019-02-28","2019","02","28","","-6.3","","-17.9","","-12.1","","30.1","","0.0","","","","","","0.0","","","","4","","32",""
"-111.78","52.32","ALLIANCE AGCM","3010162","2019-03-01","2019","03","01","","-14.3","","-33.1","","-23.7","","41.7","","0.0","","","","","","0.0","","","","33","","43",""
"-111.78","52.32","ALLIANCE AGCM","3010162","2019-03-02","2019","03","02","","-21.1","","-34.3","","-27.7","","45.7","","0.0","","","","","","0.0","","","","32","","36",""
"-111.78","52.32","ALLIANCE AGCM","3010162","2019-03-03","2019","03","03","","-15.8","","-27.7","","-21.7","","39.7","","0.0","","","","","","0.0","","","","29","","35",""
"-111.78","52.32","ALLIANCE AGCM","3010162","2019-03-04","2019","03","04","","-9.5","","-22.8","","-16.1","","34.1","","0.0","","","","","","0.0","","","","31","","42",""
"-111.78","52.32","ALLIANCE AGCM","3010162","2019-03-05","2019","03","05","","-9.2","","-21.3","","-15.2","","33.2","","0.0","","","","","","0.0","","","","","","",""
"-111.78","52.32","ALLIANCE AGCM","3010162","2019-03-06","2019","03","06","","-13.3","","-27.2","","-20.3","","38.3","","0.0","","","","","","0.0","","","","13","","38",""
"-111.78","52.32","ALLIANCE AGCM","3010162","2019-03-07","2019","03","07","","-7.6","","-20.4","","-14.0","","32.0","","0.0","","","","","","0.0","","","","","","",""
"-111.78","52.32","ALLIANCE AGCM","3010162","2019-03-08","2019","03","08","","-8.3","","-14.4","","-11.4","","29.4","","0.0","","","","","","0.0","","","","31","","41",""
"-111.78","52.32","ALLIANCE AGCM","3010162","2019-03-09","2019","03","09","","-5.2","","-17.8","","-11.5","","29.5","","0.0","","","","","","0.0","","","","","","",""
"-111.78","52.32","ALLIANCE AGCM","3010162","2019-03-10","2019","03","10","","-2.6","","-20.6","","-11.6","","29.6","","0.0","","","","","","0.0","","","","22","","37",""
"-111.78","52.32","ALLIANCE AGCM","3010162","2019-03-11","2019","03","11","","3.3","","-10.5","","-3.6","","21.6","","0.0","","","","","","0.0","","","","","","",""
"-111.78","52.32","ALLIANCE AGCM","3010162","2019-03-12","2019","03","12","","2.9","","-6.0","","-1.5","","19.5","","0.0","","","","","","0.0","","","","32","","37",""
"-111.78","52.32","ALLIANCE AGCM","3010162","2019-03-13","2019","03","13","","2.4","","-8.8","","-3.2","","21.2","","0.0","","","","","","0.0","","","","","","",""
"-111.78","52.32","ALLIANCE AGCM","3010162","2019-03-14","2019","03","14","","3.0","","-11.2","","-4.1","","22.1","","0.0","","","","","","0.0","","","","","","",""
"-111.78","52.32","ALLIANCE AGCM","3010162","2019-03-15","2019","03","15","","4.2","","-9.2","","-2.5","","20.5","","0.0","","","","","","0.0","","","","30","","35",""
"-111.78","52.32","ALLIANCE AGCM","3010162","2019-03-16","2019","03","16","","4.0","","-8.8","","-2.4","","20.4","","0.0","","","","","","0.0","","","","","","",""
"-111.78","52.32","ALLIANCE AGCM","3010162","2019-03-17","2019","03","17","","5.9","","-6.1","","-0.1","","18.1","","0.0","","","","","","0.0","","","","","","",""
"-111.78","52.32","ALLIANCE AGCM","3010162","2019-03-18","2019","03","18","","8.2","","-2.6","","2.8","","15.2","","0.0","","","","","","0.0","","","","","","",""
"-111.78","52.32","ALLIANCE AGCM","3010162","2019-03-19","2019","03","19","","11.3","","-0.7","","5.3","","12.7","","0.0","","","","","","0.0","","","","","","",""
"-111.78","52.32","ALLIANCE AGCM","3010162","2019-03-20","2019","03","20","","14.0","","-1.8","","6.1","","11.9","","0.0","","","","","","0.0","","","","","","",""
"-111.78","52.32","ALLIANCE AGCM","3010162","2019-03-21","2019","03","21","","12.8","","-3.3","","4.7","","13.3","","0.0","","","","","","0.0","","","","","","",""
"-111.78","52.32","ALLIANCE AGCM","3010162","2019-03-22","2019","03","22","","15.1","","0.3","","7.7","","10.3","","0.0","","","","","","0.0","","","","","","",""
"-111.78","52.32","ALLIANCE AGCM","3010162","2019-03-23","2019","03","23","","10.1","","-3.6","","3.2","","14.8","","0.0","","","","","","0.0","","","","5","","31",""
"-111.78","52.32","ALLIANCE AGCM","3010162","2019-03-24","2019","03","24","","2.2","","-1.5","","0.3","","17.7","","0.0","","","","","","0.0","","","","","","",""
"-111.78","52.32","ALLIANCE AGCM","3010162","2019-03-25","2019","03","25","","3.3","","-2.6","","0.4","","17.6","","0.0","","","","","","0.0","","","","16","","33",""
"-111.78","52.32","ALLIANCE AGCM","3010162","2019-03-26","2019","03","26","","2.8","","-4.0","","-0.6","","18.6","","0.0","","","","","","1.5","","","","","","",""
"-111.78","52.32","ALLIANCE AGCM","3010162","2019-03-27","2019","03","27","","4.4","","-3.0","","0.7","","17.3","","0.0","","","","","","0.5","","","","33","","36",""
"-111.78","52.32","ALLIANCE AGCM","3010162","2019-03-28","2019","03","28","","7.2","","-4.8","","1.2","","16.8","","0.0","","","","","","0.0","","","","","","",""
"-111.78","52.32","ALLIANCE AGCM","3010162","2019-03-29","2019","03","29","","7.3","","-2.9","","2.2","","15.8","","0.0","","","","","","0.0","","","","","","",""
"-111.78","52.32","ALLIANCE AGCM","3010162","2019-03-30","2019","03","30","","9.9","","-1.5","","4.2","","13.8","","0.0","","","","","","0.0","","","","34","","46",""
"-111.78","52.32","ALLIANCE AGCM","3010162","2019-03-31","2019","03","31","","6.3","","-4.6","","0.8","","17.2","","0.0","","","","","","0.0","","","","","","",""
"-111.78","52.32","ALLIANCE AGCM","3010162","2019-04-01","2019","04","01","","9.1","","-1.3","","3.9","","14.1","","0.0","","","","","","0.5","","","","32","","43",""
"-111.78","52.32","ALLIANCE AGCM","3010162","2019-04-02","2019","04","02","","7.5","","-5.1","","1.2","","16.8","","0.0","","","","","","0.0","","","","33","","46",""
"-111.78","52.32","ALLIANCE AGCM","3010162","2019-04-03","2019","04","03","","13.6","","-1.0","","6.3","","11.7","","0.0","","","","","","0.0","","","","14","","44",""
"-111.78","52.32","ALLIANCE AGCM","3010162","2019-04-04","2019","04","04","","7.9","","-1.6","","3.1","","14.9","","0.0","","","","","","0.0","","","","35","","32",""
"-111.78","52.32","ALLIANCE AGCM","3010162","2019-04-05","2019","04","05","","10.2","","-2.9","","3.6","","14.4","","0.0","","","","","","0.0","","","","14","","42",""
"-111.78","52.32","ALLIANCE AGCM","3010162","2019-04-06","2019","04","06","","13.7","","0.2","","6.9","","11.1","","0.0","","","","","","0.0","","","","30","","47",""
"-111.78","52.32","ALLIANCE AGCM","3010162","2019-04-07","2019","04","07","","14.5","","-1.6","","6.5","","11.5","","0.0","","","","","","0.0","","","","30","","34",""
"-111.78","52.32","ALLIANCE AGCM","3010162","2019-04-08","2019","04","08","","14.8","","-1.7","","6.5","","11.5","","0.0","","","","","","0.0","","","","29","","40",""
"-111.78","52.32","ALLIANCE AGCM","3010162","2019-04-09","2019","04","09","","15.9","","-3.0","","6.4","","11.6","","0.0","","","","","","0.0","","","","12","","34",""
"-111.78","52.32","ALLIANCE AGCM","3010162","2019-04-10","2019","04","10","","14.4","","0.0","","7.2","","10.8","","0.0","","","","","","0.0","","","","23","","51",""
"-111.78","52.32","ALLIANCE AGCM","3010162","2019-04-11","2019","04","11","","11.2","","-1.4","","4.9","","13.1","","0.0","","","","","","0.0","","","","13","","43",""
"-111.78","52.32","ALLIANCE AGCM","3010162","2019-04-12","2019","04","12","","10.8","","-6.3","","2.2","","15.8","","0.0","","","","","","0.0","","","","19","","34",""
"-111.78","52.32","ALLIANCE AGCM","3010162","2019-04-13","2019","04","13","","14.0","","-2.7","","5.7","","12.3","","0.0","","","","","","0.0","","","","23","","35",""
"-111.78","52.32","ALLIANCE AGCM","3010162","2019-04-14","2019","04","14","","10.8","","-0.7","","5.1","","12.9","","0.0","","","","","","0.9","","","","29","","53",""
"-111.78","52.32","ALLIANCE AGCM","3010162","2019-04-15","2019","04","15","","11.9","","-3.2","","4.4","","13.6","","0.0","","","","","","0.0","","","","32","","48",""
"-111.78","52.32","ALLIANCE AGCM","3010162","2019-04-16","2019","04","16","","13.7","","-7.0","","3.4","","14.6","","0.0","","","","","","0.0","","","","16","","48",""
"-111.78","52.32","ALLIANCE AGCM","3010162","2019-04-17","2019","04","17","","15.8","","-1.3","","7.3","","10.7","","0.0","","","","","","0.0","","","","30","","83",""
"-111.78","52.32","ALLIANCE AGCM","3010162","2019-04-18","2019","04","18","","19.1","","-1.6","","8.8","","9.2","","0.0","","","","","","0.0","","","","17","","45",""
"-111.78","52.32","ALLIANCE AGCM","3010162","2019-04-19","2019","04","19","","12.2","","4.7","","8.5","","9.5","","0.0","","","","","","0.0","","","","31","","43",""
"-111.78","52.32","ALLIANCE AGCM","3010162","2019-04-20","2019","04","20","","13.1","","-2.8","","5.1","","12.9","","0.0","","","","","","0.0","","","","30","","51",""
"-111.78","52.32","ALLIANCE AGCM","3010162","2019-04-21","2019","04","21","","17.0","","-4.7","","6.2","","11.8","","0.0","","","","","","0.0","","","","21","","36",""
"-111.78","52.32","ALLIANCE AGCM","3010162","2019-04-22","2019","04","22","","22.2","","0.7","","11.5","","6.5","","0.0","","","","","","0.0","","","","17","","50",""
"-111.78","52.32","ALLIANCE AGCM","3010162","2019-04-23","2019","04","23","","15.2","","2.0","","8.6","","9.4","","0.0","","","","","","1.6","","","","27","","72",""
"-111.78","52.32","ALLIANCE AGCM","3010162","2019-04-24","2019","04","24","","11.6","","-3.6","","4.0","","14.0","","0.0","","","","","","0.0","","","","32","","77",""
"-111.78","52.32","ALLIANCE AGCM","3010162","2019-04-25","2019","04","25","","12.0","","-4.0","","4.0","","14.0","","0.0","","","","","","0.0","","","","30","","51",""
"-111.78","52.32","ALLIANCE AGCM","3010162","2019-04-26","2019","04","26","","11.0","","-0.8","","5.1","","12.9","","0.0","","","","","","0.0","","","","4","","34",""
"-111.78","52.32","ALLIANCE AGCM","3010162","2019-04-27","2019","04","27","","6.2","","-0.8","","2.7","","15.3","","0.0","","","","","","0.0","","","","5","","71",""
"-111.78","52.32","ALLIANCE AGCM","3010162","2019-04-28","2019","04","28","","7.7","","-7.3","","0.2","","17.8","","0.0","","","","","","0.4","","","","29","","49",""
"-111.78","52.32","ALLIANCE AGCM","3010162","2019-04-29","2019","04","29","","7.9","","-8.0","","0.0","","18.0","","0.0","","","","","","0.4","","","","34","","38",""
"-111.78","52.32","ALLIANCE AGCM","3010162","2019-04-30","2019","04","30","","3.3","","-5.7","","-1.2","","19.2","","0.0","","","","","","1.3","","","","","M","45",""
"-111.78","52.32","ALLIANCE AGCM","3010162","2019-05-01","2019","05","01","","7.3","","-3.7","","1.8","","16.2","","0.0","","","","","","0.6","","","","","","",""
"-111.78","52.32","ALLIANCE AGCM","3010162","2019-05-02","2019","05","02","","9.7","","-1.4","","4.2","","13.8","","0.0","","","","","","2.2","","","","24","","32",""
"-111.78","52.32","ALLIANCE AGCM","3010162","2019-05-03","2019","05","03","","6.3","","-1.0","","2.6","","15.4","","0.0","","","","","","0.5","","","","32","","50",""
"-111.78","52.32","ALLIANCE AGCM","3010162","2019-05-04","2019","05","04","","6.2","","-5.3","","0.5","","17.5","","0.0","","","","","","0.5","","","","32","","44",""
"-111.78","52.32","ALLIANCE AGCM","3010162","2019-05-05","2019","05","05","","9.5","","-8.9","","0.3","","17.7","","0.0","","","","","","0.4","","","","","","",""
"-111.78","52.32","ALLIANCE AGCM","3010162","2019-05-06","2019","05","06","","","M","","M","","M","","M","","M","","","","","","M","","","","M","","M"
"-111.78","52.32","ALLIANCE AGCM","3010162","2019-05-07","2019","05","07","","13.1","","-0.3","","6.4","","11.6","","0.0","","","","","","0.0","","","","","","",""
"-111.78","52.32","ALLIANCE AGCM","3010162","2019-05-08","2019","05","08","","16.1","","-3.7","","6.2","","11.8","","0.0","","","","","","0.0","","","","33","","48",""
"-111.78","52.32","ALLIANCE AGCM","3010162","2019-05-09","2019","05","09","","18.9","","-3.3","","7.8","","10.2","","0.0","","","","","","0.0","","","","","","",""
"-111.78","52.32","ALLIANCE AGCM","3010162","2019-05-10","2019","05","10","","19.6","","2.9","","11.3","","6.7","","0.0","","","","","","0.0","","","","31","","60",""
"-111.78","52.32","ALLIANCE AGCM","3010162","2019-05-11","2019","05","11","","22.2","","-0.4","","10.9","","7.1","","0.0","","","","","","0.0","","","","","","",""
"-111.78","52.32","ALLIANCE AGCM","3010162","2019-05-12","2019","05","12","","24.2","","5.9","","15.1","","2.9","","0.0","","","","","","0.0","","","","36","","60",""
"-111.78","52.32","ALLIANCE AGCM","3010162","2019-05-13","2019","05","13","","20.8","","3.5","","12.1","","5.9","","0.0","","","","","","0.0","","","","","","",""
"-111.78","52.32","ALLIANCE AGCM","3010162","2019-05-14","2019","05","14","","20.3","","3.8","","12.1","","5.9","","0.0","","","","","","8.9","","","","7","","33",""
"-111.78","52.32","ALLIANCE AGCM","3010162","2019-05-15","2019","05","15","","10.8","","6.3","","8.6","","9.4","","0.0","","","","","","10.9","","","","","","",""
"-111.78","52.32","ALLIANCE AGCM","3010162","2019-05-16","2019","05","16","","15.7","","3.2","","9.4","","8.6","","0.0","","","","","","0.4","","","","10","","45",""
"-111.78","52.32","ALLIANCE AGCM","3010162","2019-05-17","2019","05","17","","16.8","","1.9","","9.4","","8.6","","0.0","","","","","","0.0","","","","13","","48",""
"-111.78","52.32","ALLIANCE AGCM","3010162","2019-05-18","2019","05","18","","16.4","","0.0","","8.2","","9.8","","0.0","","","","","","0.0","","","","13","","46",""
"-111.78","52.32","ALLIANCE AGCM","3010162","2019-05-19","2019","05","19","","17.1","","-2.9","","7.1","","10.9","","0.0","","","","","","0.0","","","","14","","45",""
"-111.78","52.32","ALLIANCE AGCM","3010162","2019-05-20","2019","05","20","","18.1","","-0.6","","8.8","","9.2","","0.0","","","","","","0.0","","","","15","","47",""
"-111.78","52.32","ALLIANCE AGCM","3010162","2019-05-21","2019","05","21","","19.7","","0.7","","10.2","","7.8","","0.0","","","","","","0.0","","","","14","","52",""
"-111.78","52.32","ALLIANCE AGCM","3010162","2019-05-22","2019","05","22","","22.2","","0.6","","11.4","","6.6","","0.0","","","","","","0.0","","","","4","","38",""
"-111.78","52.32","ALLIANCE AGCM","3010162","2019-05-23","2019","05","23","","23.7","","7.9","","15.8","","2.2","","0.0","","","","","","0.0","","","","19","","36",""
"-111.78","52.32","ALLIANCE AGCM","3010162","2019-05-24","2019","05","24","","22.4","","6.1","","14.3","","3.7","","0.0","","","","","","1.6","","","","30","","53",""
"-111.78","52.32","ALLIANCE AGCM","3010162","2019-05-25","2019","05","25","","17.2","","5.3","","11.3","","6.7","","0.0","","","","","","0.9","","","","","","",""
"-111.78","52.32","ALLIANCE AGCM","3010162","2019-05-26","2019","05","26","","20.7","","3.9","","12.3","","5.7","","0.0","","","","","","0.0","","","","","","",""
"-111.78","52.32","ALLIANCE AGCM","3010162","2019-05-27","2019","05","27","","23.2","","3.5","","13.4","","4.6","","0.0","","","","","","0.0","","","","22","","36",""
"-111.78","52.32","ALLIANCE AGCM","3010162","2019-05-28","2019","05","28","","25.5","","9.0","","17.2","","0.8","","0.0","","","","","","0.0","","","","24","","34",""
"-111.78","52.32","ALLIANCE AGCM","3010162","2019-05-29","2019","05","29","","29.0","","9.1","","19.0","","0.0","","1.0","","","","","","0.0","","","","22","","38",""
"-111.78","52.32","ALLIANCE AGCM","3010162","2019-05-30","2019","05","30","","21.0","","9.5","","15.2","","2.8","","0.0","","","","","","0.0","","","","34","","39",""
"-111.78","52.32","ALLIANCE AGCM","3010162","2019-05-31","2019","05","31","","22.9","","5.7","","14.3","","3.7","","0.0","","","","","","0.0","","","","","","",""
"-111.78","52.32","ALLIANCE AGCM","3010162","2019-06-01","2019","06","01","","28.2","","6.2","","17.2","","0.8","","0.0","","","","","","0.5","","","","29","","70",""
"-111.78","52.32","ALLIANCE AGCM","3010162","2019-06-02","2019","06","02","","24.8","","11.3","","18.0","","0.0","","0.0","","","","","","0.0","","","","33","","43",""
"-111.78","52.32","ALLIANCE AGCM","3010162","2019-06-03","2019","06","03","","25.2","","6.5","","15.8","","2.2","","0.0","","","","","","0.0","","","","32","","64",""
"-111.78","52.32","ALLIANCE AGCM","3010162","2019-06-04","2019","06","04","","23.0","","3.7","","13.4","","4.6","","0.0","","","","","","0.6","","","","35","","53",""
"-111.78","52.32","ALLIANCE AGCM","3010162","2019-06-05","2019","06","05","","23.4","","2.5","","13.0","","5.0","","0.0","","","","","","0.0","","","","29","","40",""
"-111.78","52.32","ALLIANCE AGCM","3010162","2019-06-06","2019","06","06","","22.2","","5.5","","13.9","","4.1","","0.0","","","","","","0.0","","","","34","","47",""
"-111.78","52.32","ALLIANCE AGCM","3010162","2019-06-07","2019","06","07","","9.7","","1.9","","5.8","","12.2","","0.0","","","","","","13.9","","","","32","","54",""
"-111.78","52.32","ALLIANCE AGCM","3010162","2019-06-08","2019","06","08","","16.7","","2.2","","9.5","","8.5","","0.0","","","","","","4.0","","","","34","","45",""
"-111.78","52.32","ALLIANCE AGCM","3010162","2019-06-09","2019","06","09","","17.9","","2.5","","10.2","","7.8","","0.0","","","","","","0.0","","","","32","","48",""
"-111.78","52.32","ALLIANCE AGCM","3010162","2019-06-10","2019","06","10","","21.3","","3.5","","12.4","","5.6","","0.0","","","","","","0.4","","","","30","","43",""
"-111.78","52.32","ALLIANCE AGCM","3010162","2019-06-11","2019","06","11","","22.7","","5.9","","14.3","","3.7","","0.0","","","","","","0.0","","","","31","","36",""
"-111.78","52.32","ALLIANCE AGCM","3010162","2019-06-12","2019","06","12","","27.0","","12.1","","19.6","","0.0","","1.6","","","","","","1.9","","","","27","","39",""
"-111.78","52.32","ALLIANCE AGCM","3010162","2019-06-13","2019","06","13","","26.9","","13.8","","20.4","","0.0","","2.4","","","","","","0.0","","","","31","","61",""
"-111.78","52.32","ALLIANCE AGCM","3010162","2019-06-14","2019","06","14","","22.7","","12.0","","17.4","","0.6","","0.0","","","","","","5.9","","","","34","","56",""
"-111.78","52.32","ALLIANCE AGCM","3010162","2019-06-15","2019","06","15","","22.9","","8.6","","15.7","","2.3","","0.0","","","","","","0.0","","","","32","","42",""
"-111.78","52.32","ALLIANCE AGCM","3010162","2019-06-16","2019","06","16","","22.2","","6.3","","14.3","","3.7","","0.0","","","","","","0.0","","","","9","","31",""
"-111.78","52.32","ALLIANCE AGCM","3010162","2019-06-17","2019","06","17","","25.5","","6.4","","15.9","","2.1","","0.0","","","","","","0.0","","","","13","","35",""
"-111.78","52.32","ALLIANCE AGCM","3010162","2019-06-18","2019","06","18","","22.3","","8.9","","15.6","","2.4","","0.0","","","","","","0.0","","","","28","","35",""
"-111.78","52.32","ALLIANCE AGCM","3010162","2019-06-19","2019","06","19","","14.7","","7.4","","11.1","","6.9","","0.0","","","","","","13.2","","","","30","","50",""
"-111.78","52.32","ALLIANCE AGCM","3010162","2019-06-20","2019","06","20","","13.0","","6.9","","9.9","","8.1","","0.0","","","","","","11.5","","","","30","","35",""
"-111.78","52.32","ALLIANCE AGCM","3010162","2019-06-21","2019","06","21","","19.4","","8.3","","13.9","","4.1","","0.0","","","","","","10.5","","","","33","","37",""
"-111.78","52.32","ALLIANCE AGCM","3010162","2019-06-22","2019","06","22","","20.0","","9.0","","14.5","","3.5","","0.0","","","","","","6.0","","","","32","","48",""
"-111.78","52.32","ALLIANCE AGCM","3010162","2019-06-23","2019","06","23","","22.2","","8.0","","15.1","","2.9","","0.0","","","","","","1.8","","","","33","","55",""
"-111.78","52.32","ALLIANCE AGCM","3010162","2019-06-24","2019","06","24","","18.6","","9.5","","14.0","","4.0","","0.0","","","","","","0.0","","","","29","","45",""
"-111.78","52.32","ALLIANCE AGCM","3010162","2019-06-25","2019","06","25","","18.1","","8.3","","13.2","","4.8","","0.0","","","","","","3.5","","","","32","","34",""
"-111.78","52.32","ALLIANCE AGCM","3010162","2019-06-26","2019","06","26","","22.3","","6.6","","14.4","","3.6","","0.0","","","","","","0.0","","","","","","",""
"-111.78","52.32","ALLIANCE AGCM","3010162","2019-06-27","2019","06","27","","17.6","","8.3","","12.9","","5.1","","0.0","","","","","","10.7","","","","7","","49",""
"-111.78","52.32","ALLIANCE AGCM","3010162","2019-06-28","2019","06","28","","23.7","","10.8","","17.2","","0.8","","0.0","","","","","","0.8","","","","18","","40",""
"-111.78","52.32","ALLIANCE AGCM","3010162","2019-06-29","2019","06","29","","22.2","","9.2","","15.7","","2.3","","0.0","","","","","","0.0","","","","29","","65",""
"-111.78","52.32","ALLIANCE AGCM","3010162","2019-06-30","2019","06","30","","22.2","","9.5","","15.8","","2.2","","0.0","","","","","","0.0","","","","28","","38",""
"-111.78","52.32","ALLIANCE AGCM","3010162","2019-07-01","2019","07","01","","24.2","","7.4","","15.8","","2.2","","0.0","","","","","","0.5","","","","33","","70",""
"-111.78","52.32","ALLIANCE AGCM","3010162","2019-07-02","2019","07","02","","20.2","","5.5","","12.8","","5.2","","0.0","","","","","","0.0","","","","30","","51",""
"-111.78","52.32","ALLIANCE AGCM","3010162","2019-07-03","2019","07","03","","18.3","","9.3","","13.8","","4.2","","0.0","","","","","","0.0","","","","","","",""
"-111.78","52.32","ALLIANCE AGCM","3010162","2019-07-04","2019","07","04","","17.4","","8.7","","13.0","","5.0","","0.0","","","","","","0.0","","","","","","",""
"-111.78","52.32","ALLIANCE AGCM","3010162","2019-07-05","2019","07","05","","17.6","","7.4","","12.5","","5.5","","0.0","","","","","","0.6","","","","","","",""
"-111.78","52.32","ALLIANCE AGCM","3010162","2019-07-06","2019","07","06","","24.0","","8.5","","16.2","","1.8","","0.0","","","","","","13.5","","","","25","","48",""
"-111.78","52.32","ALLIANCE AGCM","3010162","2019-07-07","2019","07","07","","22.7","","10.4","","16.6","","1.4","","0.0","","","","","","0.0","","","","32","","49",""
"-111.78","52.32","ALLIANCE AGCM","3010162","2019-07-08","2019","07","08","","19.4","","10.2","","14.8","","3.2","","0.0","","","","","","17.3","","","","36","","33",""
"-111.78","52.32","ALLIANCE AGCM","3010162","2019-07-09","2019","07","09","","16.7","","7.6","","12.2","","5.8","","0.0","","","","","","0.0","","","","","","",""
"-111.78","52.32","ALLIANCE AGCM","3010162","2019-07-10","2019","07","10","","26.3","","8.3","","17.3","","0.7","","0.0","","","","","","1.7","","","","12","","36",""
"-111.78","52.32","ALLIANCE AGCM","3010162","2019-07-11","2019","07","11","","21.8","","10.8","","16.3","","1.7","","0.0","","","","","","0.0","","","","31","","39",""
"-111.78","52.32","ALLIANCE AGCM","3010162","2019-07-12","2019","07","12","","26.0","","10.6","","18.3","","0.0","","0.3","","","","","","1.6","","","","","","",""
"-111.78","52.32","ALLIANCE AGCM","3010162","2019-07-13","2019","07","13","","25.2","","12.5","","18.8","","0.0","","0.8","","","","","","37.0","","","","26","","48",""
"-111.78","52.32","ALLIANCE AGCM","3010162","2019-07-14","2019","07","14","","25.4","","9.1","","17.2","","0.8","","0.0","","","","","","0.0","","","","24","","34",""
"-111.78","52.32","ALLIANCE AGCM","3010162","2019-07-15","2019","07","15","","23.4","","10.9","","17.2","","0.8","","0.0","","","","","","0.0","","","","","","",""
"-111.78","52.32","ALLIANCE AGCM","3010162","2019-07-16","2019","07","16","","15.8","","10.7","","13.3","","4.7","","0.0","","","","","","3.9","","","","21","","34",""
"-111.78","52.32","ALLIANCE AGCM","3010162","2019-07-17","2019","07","17","","24.4","","6.6","","15.5","","2.5","","0.0","","","","","","0.0","","","","","","",""
"-111.78","52.32","ALLIANCE AGCM","3010162","2019-07-18","2019","07","18","","19.4","","8.7","","14.1","","3.9","","0.0","","","","","","6.8","","","","29","","57",""
"-111.78","52.32","ALLIANCE AGCM","3010162","2019-07-19","2019","07","19","","18.0","","10.5","","14.2","","3.8","","0.0","","","","","","8.7","","","","29","","45",""
"-111.78","52.32","ALLIANCE AGCM","3010162","2019-07-20","2019","07","20","","21.8","","10.7","","16.2","","1.8","","0.0","","","","","","2.7","","","","32","","33",""
"-111.78","52.32","ALLIANCE AGCM","3010162","2019-07-21","2019","07","21","","25.4","","7.7","","16.6","","1.4","","0.0","","","","","","0.0","","","","","","",""
"-111.78","52.32","ALLIANCE AGCM","3010162","2019-07-22","2019","07","22","","28.5","","11.0","","19.7","","0.0","","1.7","","","","","","0.0","","","","14","","31",""
"-111.78","52.32","ALLIANCE AGCM","3010162","2019-07-23","2019","07","23","","32.1","","12.9","","22.5","","0.0","","4.5","","","","","","0.0","","","","","","",""
"-111.78","52.32","ALLIANCE AGCM","3010162","2019-07-24","2019","07","24","","26.8","","12.5","","19.6","","0.0","","1.6","","","","","","2.7","","","","30","","76",""
"-111.78","52.32","ALLIANCE AGCM","3010162","2019-07-25","2019","07","25","","22.2","","11.0","","16.6","","1.4","","0.0","","","","","","3.5","","","","30","","78",""
"-111.78","52.32","ALLIANCE AGCM","3010162","2019-07-26","2019","07","26","","27.2","","9.7","","18.5","","0.0","","0.5","","","","","","0.0","","","","20","","35",""
"-111.78","52.32","ALLIANCE AGCM","3010162","2019-07-27","2019","07","27","","28.9","","11.2","","20.1","","0.0","","2.1","","","","","","1.9","","","","29","","94",""
"-111.78","52.32","ALLIANCE AGCM","3010162","2019-07-28","2019","07","28","","21.1","","10.6","","15.8","","2.2","","0.0","","","","","","0.9","","","","28","","54",""
"-111.78","52.32","ALLIANCE AGCM","3010162","2019-07-29","2019","07","29","","26.4","","10.4","","18.4","","0.0","","0.4","","","","","","0.0","","","","","","",""
"-111.78","52.32","ALLIANCE AGCM","3010162","2019-07-30","2019","07","30","","26.5","","8.4","","17.5","","0.5","","0.0","","","","","","1.5","","","","33","","40",""
"-111.78","52.32","ALLIANCE AGCM","3010162","2019-07-31","2019","07","31","","24.9","","8.6","","16.8","","1.2","","0.0","","","","","","0.0","","","","8","","35",""
"-111.78","52.32","ALLIANCE AGCM","3010162","2019-08-01","2019","08","01","","24.8","","14.4","","19.6","","0.0","","1.6","","","","","","1.0","","","","8","","38",""
"-111.78","52.32","ALLIANCE AGCM","3010162","2019-08-02","2019","08","02","","32.4","","10.6","","21.5","","0.0","","3.5","","","","","","0.0","","","","22","","35",""
"-111.78","52.32","ALLIANCE AGCM","3010162","2019-08-03","2019","08","03","","22.7","","9.2","","15.9","","2.1","","0.0","","","","","","0.0","","","","29","","40",""
"-111.78","52.32","ALLIANCE AGCM","3010162","2019-08-04","2019","08","04","","24.2","","8.3","","16.3","","1.7","","0.0","","","","","","0.0","","","","27","","39",""
"-111.78","52.32","ALLIANCE AGCM","3010162","2019-08-05","2019","08","05","","27.2","","11.1","","19.1","","0.0","","1.1","","","","","","0.0","","","","32","","55",""
"-111.78","52.32","ALLIANCE AGCM","3010162","2019-08-06","2019","08","06","","17.0","","8.6","","12.8","","5.2","","0.0","","","","","","1.0","","","","35","","32",""
"-111.78","52.32","ALLIANCE AGCM","3010162","2019-08-07","2019","08","07","","23.9","","6.5","","15.2","","2.8","","0.0","","","","","","0.0","","","","","","",""
"-111.78","52.32","ALLIANCE AGCM","3010162","2019-08-08","2019","08","08","","28.4","","10.7","","19.5","","0.0","","1.5","","","","","","0.0","","","","","","",""
"-111.78","52.32","ALLIANCE AGCM","3010162","2019-08-09","2019","08","09","","17.7","","9.8","","13.8","","4.2","","0.0","","","","","","0.0","","","","33","","46",""
"-111.78","52.32","ALLIANCE AGCM","3010162","2019-08-10","2019","08","10","","19.2","","9.4","","14.3","","3.7","","0.0","","","","","","0.6","","","","","","",""
"-111.78","52.32","ALLIANCE AGCM","3010162","2019-08-11","2019","08","11","","14.6","","7.6","","11.1","","6.9","","0.0","","","","","","14.6","","","","16","","34",""
"-111.78","52.32","ALLIANCE AGCM","3010162","2019-08-12","2019","08","12","","18.3","","11.3","","14.8","","3.2","","0.0","","","","","","0.0","","","","","","",""
"-111.78","52.32","ALLIANCE AGCM","3010162","2019-08-13","2019","08","13","","21.2","","9.4","","15.3","","2.7","","0.0","","","","","","0.0","","","","30","","35",""
"-111.78","52.32","ALLIANCE AGCM","3010162","2019-08-14","2019","08","14","","24.2","","7.6","","15.9","","2.1","","0.0","","","","","","0.0","","","","","","",""
"-111.78","52.32","ALLIANCE AGCM","3010162","2019-08-15","2019","08","15","","25.5","","10.5","","18.0","","0.0","","0.0","","","","","","0.0","","","","35","","51",""
"-111.78","52.32","ALLIANCE AGCM","3010162","2019-08-16","2019","08","16","","17.5","","5.1","","11.3","","6.7","","0.0","","","","","","1.5","","","","31","","68",""
"-111.78","52.32","ALLIANCE AGCM","3010162","2019-08-17","2019","08","17","","17.8","","2.9","","10.3","","7.7","","0.0","","","","","","0.0","","","","29","","45",""
"-111.78","52.32","ALLIANCE AGCM","3010162","2019-08-18","2019","08","18","","19.6","","7.2","","13.4","","4.6","","0.0","","","","","","0.4","","","","","","",""
"-111.78","52.32","ALLIANCE AGCM","3010162","2019-08-19","2019","08","19","","18.2","","5.8","","12.0","","6.0","","0.0","","","","","","0.0","","","","","","",""
"-111.78","52.32","ALLIANCE AGCM","3010162","2019-08-20","2019","08","20","","25.9","","4.1","","15.0","","3.0","","0.0","","","","","","0.0","","","","14","","35",""
"-111.78","52.32","ALLIANCE AGCM","3010162","2019-08-21","2019","08","21","","31.7","","10.5","","21.1","","0.0","","3.1","","","","","","0.0","","","","14","","58",""
"-111.78","52.32","ALLIANCE AGCM","3010162","2019-08-22","2019","08","22","","22.0","","6.8","","14.4","","3.6","","0.0","","","","","","3.3","","","","33","","49",""
"-111.78","52.32","ALLIANCE AGCM","3010162","2019-08-23","2019","08","23","","23.0","","3.4","","13.2","","4.8","","0.0","","","","","","0.0","","","","15","","46",""
"-111.78","52.32","ALLIANCE AGCM","3010162","2019-08-24","2019","08","24","","23.9","","10.0","","16.9","","1.1","","0.0","","","","","","0.0","","","","30","","50",""
"-111.78","52.32","ALLIANCE AGCM","3010162","2019-08-25","2019","08","25","","21.5","","7.0","","14.2","","3.8","","0.0","","","","","","0.0","","","","31","","45",""
"-111.78","52.32","ALLIANCE AGCM","3010162","2019-08-26","2019","08","26","","18.4","","6.9","","12.7","","5.3","","0.0","","","","","","0.4","","","","31","","64",""
"-111.78","52.32","ALLIANCE AGCM","3010162","2019-08-27","2019","08","27","","22.9","","3.4","","13.2","","4.8","","0.0","","","","","","0.0","","","","25","","31",""
"-111.78","52.32","ALLIANCE AGCM","3010162","2019-08-28","2019","08","28","","20.0","","5.6","","12.8","","5.2","","0.0","","","","","","0.0","","","","31","","64",""
"-111.78","52.32","ALLIANCE AGCM","3010162","2019-08-29","2019","08","29","","17.4","","3.6","","10.5","","7.5","","0.0","","","","","","0.0","","","","","","",""
"-111.78","52.32","ALLIANCE AGCM","3010162","2019-08-30","2019","08","30","","19.0","","9.2","","14.1","","3.9","","0.0","","","","","","1.7","","","","5","","36",""
"-111.78","52.32","ALLIANCE AGCM","3010162","2019-08-31","2019","08","31","","14.5","","4.6","","9.5","","8.5","","0.0","","","","","","9.2","","","","","","",""
"-111.78","52.32","ALLIANCE AGCM","3010162","2019-09-01","2019","09","01","","18.4","","9.0","","13.7","","4.3","","0.0","","","","","","3.8","","","","13","","32",""
"-111.78","52.32","ALLIANCE AGCM","3010162","2019-09-02","2019","09","02","","20.3","","7.1","","13.7","","4.3","","0.0","","","","","","0.0","","","","30","","57",""
"-111.78","52.32","ALLIANCE AGCM","3010162","2019-09-03","2019","09","03","","25.8","","8.1","","16.9","","1.1","","0.0","","","","","","0.0","","","","23","","40",""
"-111.78","52.32","ALLIANCE AGCM","3010162","2019-09-04","2019","09","04","","25.6","","7.3","","16.4","","1.6","","0.0","","","","","","1.4","","","","3","","37",""
"-111.78","52.32","ALLIANCE AGCM","3010162","2019-09-05","2019","09","05","","21.8","","7.3","","14.5","","3.5","","0.0","","","","","","5.5","","","","30","","44",""
"-111.78","52.32","ALLIANCE AGCM","3010162","2019-09-06","2019","09","06","","22.0","","7.1","","14.6","","3.4","","0.0","","","","","","0.0","","","","12","","41",""
"-111.78","52.32","ALLIANCE AGCM","3010162","2019-09-07","2019","09","07","","24.9","","9.2","","17.1","","0.9","","0.0","","","","","","0.0","","","","17","","40",""
"-111.78","52.32","ALLIANCE AGCM","3010162","2019-09-08","2019","09","08","","21.3","","7.9","","14.6","","3.4","","0.0","","","","","","0.0","","","","20","","38",""
"-111.78","52.32","ALLIANCE AGCM","3010162","2019-09-09","2019","09","09","","15.0","","9.7","","12.3","","5.7","","0.0","","","","","","6.0","","","","8","","33",""
"-111.78","52.32","ALLIANCE AGCM","3010162","2019-09-10","2019","09","10","","11.3","","8.2","","9.7","","8.3","","0.0","","","","","","11.6","","","","","","",""
"-111.78","52.32","ALLIANCE AGCM","3010162","2019-09-11","2019","09","11","","14.3","","5.3","","9.8","","8.2","","0.0","","","","","","0.0","","","","","","",""
"-111.78","52.32","ALLIANCE AGCM","3010162","2019-09-12","2019","09","12","","20.6","","3.2","","11.9","","6.1","","0.0","","","","","","0.0","","","","19","","36",""
"-111.78","52.32","ALLIANCE AGCM","3010162","2019-09-13","2019","09","13","","19.7","","7.5","","13.6","","4.4","","0.0","","","","","","0.0","","","","32","","33",""
"-111.78","52.32","ALLIANCE AGCM","3010162","2019-09-14","2019","09","14","","23.2","","5.3","","14.3","","3.7","","0.0","","","","","","0.0","","","","","","",""
"-111.78","52.32","ALLIANCE AGCM","3010162","2019-09-15","2019","09","15","","25.4","","5.8","","15.6","","2.4","","0.0","","","","","","0.0","","","","","","",""
"-111.78","52.32","ALLIANCE AGCM","3010162","2019-09-16","2019","09","16","","22.4","","5.9","","14.2","","3.8","","0.0","","","","","","0.0","","","","14","","33",""
"-111.78","52.32","ALLIANCE AGCM","3010162","2019-09-17","2019","09","17","","14.8","","5.4","","10.1","","7.9","","0.0","","","","","","1.1","","","","","","",""
"-111.78","52.32","ALLIANCE AGCM","3010162","2019-09-18","2019","09","18","","19.1","","1.2","","10.2","","7.8","","0.0","","","","","","0.4","","","","","","",""
"-111.78","52.32","ALLIANCE AGCM","3010162","2019-09-19","2019","09","19","","14.0","","4.1","","9.0","","9.0","","0.0","","","","","","0.0","","","","","","",""
"-111.78","52.32","ALLIANCE AGCM","3010162","2019-09-20","2019","09","20","","18.2","","3.3","","10.8","","7.2","","0.0","","","","","","0.0","","","","31","","45",""
"-111.78","52.32","ALLIANCE AGCM","3010162","2019-09-21","2019","09","21","","19.3","","1.6","","10.4","","7.6","","0.0","","","","","","0.0","","","","23","","35",""
"-111.78","52.32","ALLIANCE AGCM","3010162","2019-09-22","2019","09","22","","25.0","","7.0","","16.0","","2.0","","0.0","","","","","","0.0","","","","23","","35",""
"-111.78","52.32","ALLIANCE AGCM","3010162","2019-09-23","2019","09","23","","17.3","","8.2","","12.7","","5.3","","0.0","","","","","","0.0","","","","30","","43",""
"-111.78","52.32","ALLIANCE AGCM","3010162","2019-09-24","2019","09","24","","17.1","","3.4","","10.3","","7.7","","0.0","","","","","","0.0","","","","31","","65",""
"-111.78","52.32","ALLIANCE AGCM","3010162","2019-09-25","2019","09","25","","16.4","","4.0","","10.2","","7.8","","0.0","","","","","","0.4","","","","30","","55",""
"-111.78","52.32","ALLIANCE AGCM","3010162","2019-09-26","2019","09","26","","9.4","","4.9","","7.2","","10.8","","0.0","","","","","","3.4","","","","29","","40",""
"-111.78","52.32","ALLIANCE AGCM","3010162","2019-09-27","2019","09","27","","4.9","","-0.2","","2.4","","15.6","","0.0","","","","","","1.4","","","","36","","37",""
"-111.78","52.32","ALLIANCE AGCM","3010162","2019-09-28","2019","09","28","","3.5","","-1.4","","1.1","","16.9","","0.0","","","","","","0.0","","","","","","",""
"-111.78","52.32","ALLIANCE AGCM","3010162","2019-09-29","2019","09","29","","2.4","","-1.2","","0.6","","17.4","","0.0","","","","","","3.2","","","","7","","39",""
"-111.78","52.32","ALLIANCE AGCM","3010162","2019-09-30","2019","09","30","","2.5","","-3.0","","-0.2","","18.2","","0.0","","","","","","4.7","","","","","","",""
"-111.78","52.32","ALLIANCE AGCM","3010162","2019-10-01","2019","10","01","","4.6","","-6.4","","-0.9","","18.9","","0.0","","","","","","0.4","","","","16","","37",""
"-111.78","52.32","ALLIANCE AGCM","3010162","2019-10-02","2019","10","02","","9.1","","-3.2","","2.9","","15.1","","0.0","","","","","","0.0","","","","16","","33",""
"-111.78","52.32","ALLIANCE AGCM","3010162","2019-10-03","2019","10","03","","12.5","","-4.8","","3.9","","14.1","","0.0","","","","","","0.0","","","","12","","42",""
"-111.78","52.32","ALLIANCE AGCM","3010162","2019-10-04","2019","10","04","","14.4","","-1.8","","6.3","","11.7","","0.0","","","","","","0.0","","","","31","","44",""
"-111.78","52.32","ALLIANCE AGCM","3010162","2019-10-05","2019","10","05","","13.9","","1.7","","7.8","","10.2","","0.0","","","","","","0.0","","","","30","","61",""
"-111.78","52.32","ALLIANCE AGCM","3010162","2019-10-06","2019","10","06","","17.3","","2.7","","10.0","","8.0","","0.0","","","","","","0.0","","","","28","","42",""
"-111.78","52.32","ALLIANCE AGCM","3010162","2019-10-07","2019","10","07","","20.1","","0.8","","10.5","","7.5","","0.0","","","","","","0.5","","","","33","","65",""
"-111.78","52.32","ALLIANCE AGCM","3010162","2019-10-08","2019","10","08","","1.3","","-6.3","","-2.5","","20.5","","0.0","","","","","","0.4","","","","33","","56",""
"-111.78","52.32","ALLIANCE AGCM","3010162","2019-10-09","2019","10","09","","0.1","","-9.1","","-4.5","","22.5","","0.0","","","","","","0.0","","","","","","",""
"-111.78","52.32","ALLIANCE AGCM","3010162","2019-10-10","2019","10","10","","4.9","","-11.5","","-3.3","","21.3","","0.0","","","","","","0.0","","","","21","","31",""
"-111.78","52.32","ALLIANCE AGCM","3010162","2019-10-11","2019","10","11","","10.3","","-8.8","","0.7","","17.3","","0.0","","","","","","0.0","","","","","","",""
"-111.78","52.32","ALLIANCE AGCM","3010162","2019-10-12","2019","10","12","","12.0","","-8.0","","2.0","","16.0","","0.0","","","","","","0.0","","","","16","","33",""
"-111.78","52.32","ALLIANCE AGCM","3010162","2019-10-13","2019","10","13","","11.8","","-5.1","","3.4","","14.6","","0.0","","","","","","0.0","","","","","","",""
"-111.78","52.32","ALLIANCE AGCM","3010162","2019-10-14","2019","10","14","","5.1","","0.1","","2.6","","15.4","","0.0","","","","","","2.0","","","","31","","38",""
"-111.78","52.32","ALLIANCE AGCM","3010162","2019-10-15","2019","10","15","","5.9","","0.3","","3.1","","14.9","","0.0","","","","","","0.4","","","","14","","49",""
"-111.78","52.32","ALLIANCE AGCM","3010162","2019-10-16","2019","10","16","","17.6","","-1.0","","8.3","","9.7","","0.0","","","","","","0.0","","","","13","","36",""
"-111.78","52.32","ALLIANCE AGCM","3010162","2019-10-17","2019","10","17","","14.7","","2.0","","8.4","","9.6","","0.0","","","","","","0.0","","","","26","","38",""
"-111.78","52.32","ALLIANCE AGCM","3010162","2019-10-18","2019","10","18","","15.8","","-0.9","","7.5","","10.5","","0.0","","","","","","0.0","","","","29","","33",""
"-111.78","52.32","ALLIANCE AGCM","3010162","2019-10-19","2019","10","19","","10.7","","-5.6","","2.5","","15.5","","0.0","","","","","","0.0","","","","","","",""
"-111.78","52.32","ALLIANCE AGCM","3010162","2019-10-20","2019","10","20","","9.0","","-5.1","","2.0","","16.0","","0.0","","","","","","0.0","","","","27","","36",""
"-111.78","52.32","ALLIANCE AGCM","3010162","2019-10-21","2019","10","21","","12.4","","-9.5","","1.5","","16.5","","0.0","","","","","","0.0","","","","19","","35",""
"-111.78","52.32","ALLIANCE AGCM","3010162","2019-10-22","2019","10","22","","4.3","","-7.0","","-1.3","","19.3","","0.0","","","","","","1.5","","","","32","","53",""
"-111.78","52.32","ALLIANCE AGCM","3010162","2019-10-23","2019","10","23","","4.0","","-5.3","","-0.7","","18.7","","0.0","","","","","","0.0","","","","32","","61",""
"-111.78","52.32","ALLIANCE AGCM","3010162","2019-10-24","2019","10","24","","14.8","","-1.8","","6.5","","11.5","","0.0","","","","","","0.0","","","","19","","38",""
"-111.78","52.32","ALLIANCE AGCM","3010162","2019-10-25","2019","10","25","","22.6","","-0.2","","11.2","","6.8","","0.0","","","","","","0.0","","","","32","","106",""
"-111.78","52.32","ALLIANCE AGCM","3010162","2019-10-26","2019","10","26","","1.4","","-8.1","","-3.4","","21.4","","0.0","","","","","","0.4","","","","32","","58",""
"-111.78","52.32","ALLIANCE AGCM","3010162","2019-10-27","2019","10","27","","4.0","","-14.4","","-5.2","","23.2","","0.0","","","","","","0.5","","","","31","","66",""
"-111.78","52.32","ALLIANCE AGCM","3010162","2019-10-28","2019","10","28","","-5.2","","-11.8","","-8.5","","26.5","","0.0","","","","","","0.0","","","","33","","67",""
"-111.78","52.32","ALLIANCE AGCM","3010162","2019-10-29","2019","10","29","","-4.3","","-16.9","","-10.6","","28.6","","0.0","","","","","","0.4","","","","32","","44",""
"-111.78","52.32","ALLIANCE AGCM","3010162","2019-10-30","2019","10","30","","7.2","","-13.9","","-3.3","","21.3","","0.0","","","","","","0.0","","","","","","",""
"-111.78","52.32","ALLIANCE AGCM","3010162","2019-10-31","2019","10","31","","7.2","","0.2","","3.7","","14.3","","0.0","","","","","","0.0","","","","33","","62",""
"-111.78","52.32","ALLIANCE AGCM","3010162","2019-11-01","2019","11","01","","6.9","","-5.8","","0.6","","17.4","","0.0","","","","","","0.0","","","","28","","39",""
"-111.78","52.32","ALLIANCE AGCM","3010162","2019-11-02","2019","11","02","","8.0","","-2.4","","2.8","","15.2","","0.0","","","","","","0.0","","","","29","","35",""
"-111.78","52.32","ALLIANCE AGCM","3010162","2019-11-03","2019","11","03","","3.7","","-4.1","","-0.2","","18.2","","0.0","","","","","","0.0","","","","33","","40",""
"-111.78","52.32","ALLIANCE AGCM","3010162","2019-11-04","2019","11","04","","-1.6","","-8.5","","-5.1","","23.1","","0.0","","","","","","0.0","","","","","","",""
"-111.78","52.32","ALLIANCE AGCM","3010162","2019-11-05","2019","11","05","","-1.1","","-19.4","","-10.2","","28.2","","0.0","","","","","","3.7","","","","1","","42",""
"-111.78","52.32","ALLIANCE AGCM","3010162","2019-11-06","2019","11","06","","-7.2","","-22.0","","-14.6","","32.6","","0.0","","","","","","0.0","","","","20","","44",""
"-111.78","52.32","ALLIANCE AGCM","3010162","2019-11-07","2019","11","07","","-0.2","","-20.9","","-10.5","","28.5","","0.0","","","","","","0.0","","","","18","","32",""
"-111.78","52.32","ALLIANCE AGCM","3010162","2019-11-08","2019","11","08","","9.6","","-2.4","","3.6","","14.4","","0.0","","","","","","1.5","","","","","","",""
"-111.78","52.32","ALLIANCE AGCM","3010162","2019-11-09","2019","11","09","","0.6","","-10.8","","-5.1","","23.1","","0.0","","","","","","8.3","","","","1","","38",""
"-111.78","52.32","ALLIANCE AGCM","3010162","2019-11-10","2019","11","10","","-10.8","","-25.2","","-18.0","","36.0","","0.0","","","","","","0.0","","","","","","",""
"-111.78","52.32","ALLIANCE AGCM","3010162","2019-11-11","2019","11","11","","-8.3","","-21.3","","-14.8","","32.8","","0.0","","","","","","0.0","","","","20","","32",""
"-111.78","52.32","ALLIANCE AGCM","3010162","2019-11-12","2019","11","12","","2.2","","-15.7","","-6.8","","24.8","","0.0","","","","","","0.4","","","","","","",""
"-111.78","52.32","ALLIANCE AGCM","3010162","2019-11-13","2019","11","13","","6.2","","-2.4","","1.9","","16.1","","0.0","","","","","","0.4","","","","","","",""
"-111.78","52.32","ALLIANCE AGCM","3010162","2019-11-14","2019","11","14","","-0.1","","-6.3","","-3.2","","21.2","","0.0","","","","","","0.0","","","","","","",""
"-111.78","52.32","ALLIANCE AGCM","3010162","2019-11-15","2019","11","15","","2.0","","-4.8","","-1.4","","19.4","","0.0","","","","","","1.3","","","","28","","38",""
"-111.78","52.32","ALLIANCE AGCM","3010162","2019-11-16","2019","11","16","","5.3","","0.2","","2.7","","15.3","","0.0","","","","","","0.7","","","","28","","39",""
"-111.78","52.32","ALLIANCE AGCM","3010162","2019-11-17","2019","11","17","","11.2","","-0.4","","5.4","","12.6","","0.0","","","","","","0.0","","","","29","","39",""
"-111.78","52.32","ALLIANCE AGCM","3010162","2019-11-18","2019","11","18","","7.0","","-3.7","","1.7","","16.3","","0.0","","","","","","0.4","","","","32","","57",""
"-111.78","52.32","ALLIANCE AGCM","3010162","2019-11-19","2019","11","19","","1.3","","-4.6","","-1.7","","19.7","","0.0","","","","","","0.0","","","","","","",""
"-111.78","52.32","ALLIANCE AGCM","3010162","2019-11-20","2019","11","20","","1.5","","-6.3","","-2.4","","20.4","","0.0","","","","","","0.9","","","","","","",""
"-111.78","52.32","ALLIANCE AGCM","3010162","2019-11-21","2019","11","21","","5.3","","-5.4","","0.0","","18.0","","0.0","","","","","","0.0","","","","","","",""
"-111.78","52.32","ALLIANCE AGCM","3010162","2019-11-22","2019","11","22","","8.4","","-2.6","","2.9","","15.1","","0.0","","","","","","0.0","","","","33","","49",""
"-111.78","52.32","ALLIANCE AGCM","3010162","2019-11-23","2019","11","23","","11.4","","1.3","","6.3","","11.7","","0.0","","","","","","0.0","","","","30","","43",""
"-111.78","52.32","ALLIANCE AGCM","3010162","2019-11-24","2019","11","24","","6.7","","-1.1","","2.8","","15.2","","0.0","","","","","","0.4","","","","31","","69",""
"-111.78","52.32","ALLIANCE AGCM","3010162","2019-11-25","2019","11","25","","1.1","","-7.6","","-3.2","","21.2","","0.0","","","","","","0.0","","","","31","","42",""
"-111.78","52.32","ALLIANCE AGCM","3010162","2019-11-26","2019","11","26","","-4.2","","-13.8","","-9.0","","27.0","","0.0","","","","","","0.0","","","","","","",""
"-111.78","52.32","ALLIANCE AGCM","3010162","2019-11-27","2019","11","27","","-11.2","","-16.2","","-13.7","","31.7","","0.0","","","","","","0.0","","","","","","",""
"-111.78","52.32","ALLIANCE AGCM","3010162","2019-11-28","2019","11","28","","-6.4","","-13.3","","-9.8","","27.8","","0.0","","","","","","1.4","","","","","","",""
"-111.78","52.32","ALLIANCE AGCM","3010162","2019-11-29","2019","11","29","","-8.0","","-19.7","","-13.9","","31.9","","0.0","","","","","","0.5","","","","","","",""
"-111.78","52.32","ALLIANCE AGCM","3010162","2019-11-30","2019","11","30","","-12.2","","-19.0","","-15.6","","33.6","","0.0","","","","","","0.0","","","","","","",""
"-111.78","52.32","ALLIANCE AGCM","3010162","2019-12-01","2019","12","01","","-3.7","","-16.7","","-10.2","","28.2","","0.0","","","","","","0.0","","","","","","",""
"-111.78","52.32","ALLIANCE AGCM","3010162","2019-12-02","2019","12","02","","1.5","","-11.8","","-5.1","","23.1","","0.0","","","","","","0.0","","","","","","",""
"-111.78","52.32","ALLIANCE AGCM","3010162","2019-12-03","2019","12","03","","5.3","","-7.2","","-1.0","","19.0","","0.0","","","","","","0.0","","","","","","",""
"-111.78","52.32","ALLIANCE AGCM","3010162","2019-12-04","2019","12","04","","-1.0","","-12.8","","-6.9","","24.9","","0.0","","","","","","0.6","","","","","","",""
"-111.78","52.32","ALLIANCE AGCM","3010162","2019-12-05","2019","12","05","","-3.5","","-9.1","","-6.3","","24.3","","0.0","","","","","","0.0","","","","21","","32",""
"-111.78","52.32","ALLIANCE AGCM","3010162","2019-12-06","2019","12","06","","-0.7","","-12.8","","-6.8","","24.8","","0.0","","","","","","0.0","","","","","","",""
"-111.78","52.32","ALLIANCE AGCM","3010162","2019-12-07","2019","12","07","","-6.2","","-12.2","","-9.2","","27.2","","0.0","","","","","","0.5","","","","36","","32",""
"-111.78","52.32","ALLIANCE AGCM","3010162","2019-12-08","2019","12","08","","-5.7","","-16.9","","-11.3","","29.3","","0.0","","","","","","0.4","","","","21","","40",""
"-111.78","52.32","ALLIANCE AGCM","3010162","2019-12-09","2019","12","09","","-4.3","","-19.1","","-11.7","","29.7","","0.0","","","","","","0.0","","","","34","","45",""
"-111.78","52.32","ALLIANCE AGCM","3010162","2019-12-10","2019","12","10","","-7.3","","-14.2","","-10.8","","28.8","","0.0","","","","","","0.0","","","","","","",""
"-111.78","52.32","ALLIANCE AGCM","3010162","2019-12-11","2019","12","11","","-14.2","","-16.4","","-15.3","","33.3","","0.0","","","","","","0.4","","","","","","",""
"-111.78","52.32","ALLIANCE AGCM","3010162","2019-12-12","2019","12","12","","-13.1","","-17.0","","-15.0","","33.0","","0.0","","","","","","0.4","","","","","","",""
"-111.78","52.32","ALLIANCE AGCM","3010162","2019-12-13","2019","12","13","","-15.4","","-20.8","","-18.1","","36.1","","0.0","","","","","","0.8","","","","","","",""
"-111.78","52.32","ALLIANCE AGCM","3010162","2019-12-14","2019","12","14","","-5.0","","-17.5","","-11.2","","29.2","","0.0","","","","","","0.0","","","","","","",""
"-111.78","52.32","ALLIANCE AGCM","3010162","2019-12-15","2019","12","15","","-4.4","","-13.6","","-9.0","","27.0","","0.0","","","","","","0.4","","","","28","","32",""
"-111.78","52.32","ALLIANCE AGCM","3010162","2019-12-16","2019","12","16","","-4.1","","-11.2","","-7.7","","25.7","","0.0","","","","","","0.0","","","","26","","38",""
"-111.78","52.32","ALLIANCE AGCM","3010162","2019-12-17","2019","12","17","","2.9","","-11.2","","-4.2","","22.2","","0.0","","","","","","0.0","","","","22","","40",""
"-111.78","52.32","ALLIANCE AGCM","3010162","2019-12-18","2019","12","18","","4.2","","-8.5","","-2.2","","20.2","","0.0","","","","","","0.0","","","","26","","35",""
"-111.78","52.32","ALLIANCE AGCM","3010162","2019-12-19","2019","12","19","","-5.3","","-14.6","","-9.9","","27.9","","0.0","","","","","","0.0","","","","12","","34",""
"-111.78","52.32","ALLIANCE AGCM","3010162","2019-12-20","2019","12","20","","2.3","","-14.8","","-6.3","","24.3","","0.0","","","","","","0.0","","","","22","","43",""
"-111.78","52.32","ALLIANCE AGCM","3010162","2019-12-21","2019","12","21","","-2.0","","-6.4","","-4.2","","22.2","","0.0","","","","","","0.0","","","","12","","33",""
"-111.78","52.32","ALLIANCE AGCM","3010162","2019-12-22","2019","12","22","","-2.7","","-9.9","","-6.3","","24.3","","0.0","","","","","","0.0","","","","31","","31",""
"-111.78","52.32","ALLIANCE AGCM","3010162","2019-12-23","2019","12","23","","-2.7","","-8.9","","-5.8","","23.8","","0.0","","","","","","1.1","","","","","","",""
"-111.78","52.32","ALLIANCE AGCM","3010162","2019-12-24","2019","12","24","","-4.2","","-7.5","","-5.9","","23.9","","0.0","","","","","","4.2","","","","","","",""
"-111.78","52.32","ALLIANCE AGCM","3010162","2019-12-25","2019","12","25","","-4.8","","-12.3","","-8.5","","26.5","","0.0","","","","","","0.0","","","","","","",""
"-111.78","52.32","ALLIANCE AGCM","3010162","2019-12-26","2019","12","26","","-6.5","","-13.0","","-9.7","","27.7","","0.0","","","","","","0.0","","","","23","","32",""
"-111.78","52.32","ALLIANCE AGCM","3010162","2019-12-27","2019","12","27","","-0.9","","-16.2","","-8.5","","26.5","","0.0","","","","","","0.0","","","","","","",""
"-111.78","52.32","ALLIANCE AGCM","3010162","2019-12-28","2019","12","28","","-3.6","","-12.2","","-7.9","","25.9","","0.0","","","","","","0.0","","","","17","","39",""
"-111.78","52.32","ALLIANCE AGCM","3010162","2019-12-29","2019","12","29","","-2.0","","-14.2","","-8.1","","26.1","","0.0","","","","","","0.0","","","","19","","37",""
"-111.78","52.32","ALLIANCE AGCM","3010162","2019-12-30","2019","12","30","","-0.6","","-15.7","","-8.1","","26.1","","0.0","","","","","","0.0","","","","","","",""
"-111.78","52.32","ALLIANCE AGCM","3010162","2019-12-31","2019","12","31","","3.0","","-9.2","","-3.1","","21.1","","0.0","","","","","","0.0","","","","","","",""
