"Longitude (x)","Latitude (y)","Station Name","Climate ID","Date/Time (LST)","Year","Month","Day","Time (LST)","Temp (°C)","Temp Flag","Dew Point Temp (°C)","Dew Point Temp Flag","Rel Hum (%)","Rel Hum Flag","Precip. Amount (mm)","Precip. Amount Flag","Wind Dir (10s deg)","Wind Dir Flag","Wind Spd (km/h)","Wind Spd Flag","Visibility (km)","Visibility Flag","Stn Press (kPa)","Stn Press Flag","Hmdx","Hmdx Flag","Wind Chill","Wind Chill Flag","Weather"
"-100.06","51.10","DAUPHIN CS","5040681","2021-08-01 00:00","2021","08","01","00:00","11.0","","9.0","","87","","0.0","","24","","8","","","","98.81","","","","","","NA"
"-100.06","51.10","DAUPHIN CS","5040681","2021-08-01 01:00","2021","08","01","01:00","10.5","","8.7","","89","","0.0","","25","","11","","","","98.84","","","","","","NA"
"-100.06","51.10","DAUPHIN CS","5040681","2021-08-01 02:00","2021","08","01","02:00","10.4","","8.3","","87","","0.0","","24","","11","","","","98.85","","","","","","NA"
"-100.06","51.10","DAUPHIN CS","5040681","2021-08-01 03:00","2021","08","01","03:00","9.7","","7.8","","88","","0.0","","25","","13","","","","98.85","","","","","","NA"
"-100.06","51.10","DAUPHIN CS","5040681","2021-08-01 04:00","2021","08","01","04:00","10.1","","7.9","","86","","0.0","","25","","14","","","","98.86","","","","","","NA"
"-100.06","51.10","DAUPHIN CS","5040681","2021-08-01 05:00","2021","08","01","05:00","10.1","","8.1","","87","","0.0","","25","","12","","","","98.87","","","","","","NA"
"-100.06","51.10","DAUPHIN CS","5040681","2021-08-01 06:00","2021","08","01","06:00","10.6","","8.6","","87","","0.0","","25","","11","","","","98.87","","","","","","NA"
"-100.06","51.10","DAUPHIN CS","5040681","2021-08-01 07:00","2021","08","01","07:00","14.2","","10.6","","79","","0.0","","24","","10","","","","98.88","","","","","","NA"
"-100.06","51.10","DAUPHIN CS","5040681","2021-08-01 08:00","2021","08","01","08:00","17.8","","11.2","","65","","0.0","","26","","11","","","","98.88","","","","","","NA"
"-100.06","51.10","DAUPHIN CS","5040681","2021-08-01 09:00","2021","08","01","09:00","20.5","","10.5","","53","","0.0","","24","","11","","","","98.84","","","","","","NA"
"-100.06","51.10","DAUPHIN CS","5040681","2021-08-01 10:00","2021","08","01","10:00","21.9","","11.1","","50","","0.0","","25","","10","","","","98.82","","","","","","NA"
"-100.06","51.10","DAUPHIN CS","5040681","2021-08-01 11:00","2021","08","01","11:00","23.6","","10.7","","44","","0.0","","21","","5","","","","98.78","","25","","","","NA"
"-100.06","51.10","DAUPHIN CS","5040681","2021-08-01 12:00","2021","08","01","12:00","24.7","","8.8","","36","","0.0","","18","","6","","","","98.71","","25","","","","NA"
"-100.06","51.10","DAUPHIN CS","5040681","2021-08-01 13:00","2021","08","01","13:00","25.6","","10.3","","38","","0.0","","24","","8","","","","98.66","","27","","","","NA"
"-100.06","51.10","DAUPHIN CS","5040681","2021-08-01 14:00","2021","08","01","14:00","26.0","","10.8","","39","","0.0","","16","","10","","","","98.59","","28","","","","NA"
"-100.06","51.10","DAUPHIN CS","5040681","2021-08-01 15:00","2021","08","01","15:00","27.0","","9.9","","34","","0.0","","25","","7","","","","98.54","","28","","","","NA"
"-100.06","51.10","DAUPHIN CS","5040681","2021-08-01 16:00","2021","08","01","16:00","26.9","","11.3","","38","","0.0","","4","","9","","","","98.45","","29","","","","NA"
"-100.06","51.10","DAUPHIN CS","5040681","2021-08-01 17:00","2021","08","01","17:00","27.5","","12.9","","41","","0.0","","14","","2","","","","98.40","","30","","","","NA"
"-100.06","51.10","DAUPHIN CS","5040681","2021-08-01 18:00","2021","08","01","18:00","25.5","","14.3","","50","","0.0","","10","","10","","","","98.34","","29","","","","NA"
"-100.06","51.10","DAUPHIN CS","5040681","2021-08-01 19:00","2021","08","01","19:00","23.3","","15.6","","62","","0.0","","11","","9","","","","98.30","","28","","","","NA"
"-100.06","51.10","DAUPHIN CS","5040681","2021-08-01 20:00","2021","08","01","20:00","20.1","","15.6","","75","","0.0","","14","","7","","","","98.27","","","","","","NA"
"-100.06","51.10","DAUPHIN CS","5040681","2021-08-01 21:00","2021","08","01","21:00","18.3","","14.0","","76","","0.0","","21","","6","","","","98.27","","","","","","NA"
"-100.06","51.10","DAUPHIN CS","5040681","2021-08-01 22:00","2021","08","01","22:00","18.0","","13.4","","75","","0.0","","24","","10","","","","98.26","","","","","","NA"
"-100.06","51.10","DAUPHIN CS","5040681","2021-08-01 23:00","2021","08","01","23:00","15.3","","12.1","","82","","0.0","","24","","9","","","","98.24","","","","","","NA"
"-100.06","51.10","DAUPHIN CS","5040681","2021-08-02 00:00","2021","08","02","00:00","14.1","","11.9","","87","","0.0","","26","","9","","","","98.26","","","","","","NA"
"-100.06","51.10","DAUPHIN CS","5040681","2021-08-02 01:00","2021","08","02","01:00","14.2","","11.9","","86","","0.0","","27","","13","","","","98.27","","","","","","NA"
"-100.06","51.10","DAUPHIN CS","5040681","2021-08-02 02:00","2021","08","02","02:00","14.3","","11.7","","84","","0.0","","26","","14","","","","98.26","","","","","","NA"
"-100.06","51.10","DAUPHIN CS","5040681","2021-08-02 03:00","2021","08","02","03:00","13.8","","11.8","","88","","0.0","","26","","15","","","","98.25","","","","","","NA"
"-100.06","51.10","DAUPHIN CS","5040681","2021-08-02 04:00","2021","08","02","04:00","13.5","","11.6","","88","","0.0","","27","","13","","","","98.25","","","","","","NA"
"-100.06","51.10","DAUPHIN CS","5040681","2021-08-02 05:00","2021","08","02","05:00","14.6","","12.0","","84","","0.0","","24","","15","","","","98.26","","","","","","NA"
"-100.06","51.10","DAUPHIN CS","5040681","2021-08-02 06:00","2021","08","02","06:00","14.9","","12.1","","83","","0.0","","24","","14","","","","98.26","","","","","","NA"
"-100.06","51.10","DAUPHIN CS","5040681","2021-08-02 07:00","2021","08","02","07:00","16.9","","12.7","","76","","0.0","","24","","13","","","","98.26","","","","","","NA"
"-100.06","51.10","DAUPHIN CS","5040681","2021-08-02 08:00","2021","08","02","08:00","20.3","","13.0","","63","","0.0","","25","","11","","","","98.24","","","","","","NA"
"-100.06","51.10","DAUPHIN CS","5040681","2021-08-02 09:00","2021","08","02","09:00","22.8","","13.0","","54","","0.0","","25","","17","","","","98.25","","26","","","","NA"
"-100.06","51.10","DAUPHIN CS","5040681","2021-08-02 10:00","2021","08","02","10:00","25.0","","12.7","","46","","0.0","","25","","19","","","","98.20","","28","","","","NA"
"-100.06","51.10","DAUPHIN CS","5040681","2021-08-02 11:00","2021","08","02","11:00","27.7","","12.4","","39","","0.0","","26","","17","","","","98.15","","30","","","","NA"
"-100.06","51.10","DAUPHIN CS","5040681","2021-08-02 12:00","2021","08","02","12:00","29.4","","12.2","","35","","0.0","","27","","18","","","","98.10","","32","","","","NA"
"-100.06","51.10","DAUPHIN CS","5040681","2021-08-02 13:00","2021","08","02","13:00","30.8","","12.5","","33","","0.0","","26","","21","","","","98.05","","33","","","","NA"
"-100.06","51.10","DAUPHIN CS","5040681","2021-08-02 14:00","2021","08","02","14:00","31.7","","11.3","","29","","0.0","","25","","20","","","","98.03","","34","","","","NA"
"-100.06","51.10","DAUPHIN CS","5040681","2021-08-02 15:00","2021","08","02","15:00","31.1","","11.4","","30","","0.0","","25","","21","","","","97.99","","33","","","","NA"
"-100.06","51.10","DAUPHIN CS","5040681","2021-08-02 16:00","2021","08","02","16:00","31.3","","11.1","","29","","0.0","","25","","20","","","","97.96","","33","","","","NA"
"-100.06","51.10","DAUPHIN CS","5040681","2021-08-02 17:00","2021","08","02","17:00","30.3","","12.9","","34","","0.0","","25","","15","","","","97.94","","33","","","","NA"
"-100.06","51.10","DAUPHIN CS","5040681","2021-08-02 18:00","2021","08","02","18:00","29.3","","13.0","","37","","0.0","","25","","10","","","","97.92","","32","","","","NA"
"-100.06","51.10","DAUPHIN CS","5040681","2021-08-02 19:00","2021","08","02","19:00","26.9","","18.1","","59","","0.0","","22","","10","","","","97.91","","33","","","","NA"
"-100.06","51.10","DAUPHIN CS","5040681","2021-08-02 20:00","2021","08","02","20:00","23.7","","17.7","","69","","0.0","","22","","8","","","","97.89","","29","","","","NA"
"-100.06","51.10","DAUPHIN CS","5040681","2021-08-02 21:00","2021","08","02","21:00","22.1","","15.9","","68","","0.0","","21","","13","","","","97.91","","27","","","","NA"
"-100.06","51.10","DAUPHIN CS","5040681","2021-08-02 22:00","2021","08","02","22:00","21.9","","15.0","","65","","0.0","","22","","12","","","","97.91","","26","","","","NA"
"-100.06","51.10","DAUPHIN CS","5040681","2021-08-02 23:00","2021","08","02","23:00","21.9","","14.2","","62","","0.0","","21","","13","","","","97.90","","25","","","","NA"
"-100.06","51.10","DAUPHIN CS","5040681","2021-08-03 00:00","2021","08","03","00:00","18.1","","13.2","","73","","0.0","","22","","7","","","","97.86","","","","","","NA"
"-100.06","51.10","DAUPHIN CS","5040681","2021-08-03 01:00","2021","08","03","01:00","17.4","","12.9","","75","","0.0","","25","","7","","","","97.86","","","","","","NA"
"-100.06","51.10","DAUPHIN CS","5040681","2021-08-03 02:00","2021","08","03","02:00","18.1","","12.9","","72","","0.0","","24","","11","","","","97.83","","","","","","NA"
"-100.06","51.10","DAUPHIN CS","5040681","2021-08-03 03:00","2021","08","03","03:00","18.4","","12.5","","69","","0.0","","25","","10","","","","97.83","","","","","","NA"
"-100.06","51.10","DAUPHIN CS","5040681","2021-08-03 04:00","2021","08","03","04:00","17.7","","12.6","","72","","0.0","","28","","11","","","","97.81","","","","","","NA"
"-100.06","51.10","DAUPHIN CS","5040681","2021-08-03 05:00","2021","08","03","05:00","17.4","","12.0","","71","","0.0","","25","","11","","","","97.81","","","","","","NA"
"-100.06","51.10","DAUPHIN CS","5040681","2021-08-03 06:00","2021","08","03","06:00","19.0","","12.1","","64","","0.0","","24","","13","","","","97.82","","","","","","NA"
"-100.06","51.10","DAUPHIN CS","5040681","2021-08-03 07:00","2021","08","03","07:00","21.5","","13.0","","59","","0.0","","23","","15","","","","97.83","","","","","","NA"
"-100.06","51.10","DAUPHIN CS","5040681","2021-08-03 08:00","2021","08","03","08:00","23.9","","13.5","","52","","0.0","","23","","13","","","","97.78","","27","","","","NA"
"-100.06","51.10","DAUPHIN CS","5040681","2021-08-03 09:00","2021","08","03","09:00","26.0","","13.7","","47","","0.0","","23","","16","","","","97.76","","29","","","","NA"
"-100.06","51.10","DAUPHIN CS","5040681","2021-08-03 10:00","2021","08","03","10:00","28.3","","12.4","","38","","0.0","","26","","18","","","","97.72","","31","","","","NA"
"-100.06","51.10","DAUPHIN CS","5040681","2021-08-03 11:00","2021","08","03","11:00","30.4","","13.4","","36","","0.0","","25","","16","","","","97.67","","33","","","","NA"
"-100.06","51.10","DAUPHIN CS","5040681","2021-08-03 12:00","2021","08","03","12:00","30.4","","11.9","","32","","0.0","","28","","22","","","","97.64","","33","","","","NA"
"-100.06","51.10","DAUPHIN CS","5040681","2021-08-03 13:00","2021","08","03","13:00","31.0","","12.1","","31","","0.0","","28","","21","","","","97.63","","33","","","","NA"
"-100.06","51.10","DAUPHIN CS","5040681","2021-08-03 14:00","2021","08","03","14:00","30.9","","12.7","","33","","0.0","","28","","21","","","","97.62","","34","","","","NA"
"-100.06","51.10","DAUPHIN CS","5040681","2021-08-03 15:00","2021","08","03","15:00","31.4","","11.9","","30","","0.0","","27","","22","","","","97.59","","34","","","","NA"
"-100.06","51.10","DAUPHIN CS","5040681","2021-08-03 16:00","2021","08","03","16:00","32.3","","12.4","","30","","0.0","","25","","23","","","","97.56","","35","","","","NA"
"-100.06","51.10","DAUPHIN CS","5040681","2021-08-03 17:00","2021","08","03","17:00","31.0","","13.3","","34","","0.0","","26","","15","","","","97.55","","34","","","","NA"
"-100.06","51.10","DAUPHIN CS","5040681","2021-08-03 18:00","2021","08","03","18:00","28.5","","15.6","","45","","0.0","","25","","8","","","","97.54","","33","","","","NA"
"-100.06","51.10","DAUPHIN CS","5040681","2021-08-03 19:00","2021","08","03","19:00","26.5","","17.1","","56","","0.0","","23","","9","","","","97.51","","32","","","","NA"
"-100.06","51.10","DAUPHIN CS","5040681","2021-08-03 20:00","2021","08","03","20:00","24.5","","15.4","","57","","0.0","","24","","9","","","","97.52","","29","","","","NA"
"-100.06","51.10","DAUPHIN CS","5040681","2021-08-03 21:00","2021","08","03","21:00","23.1","","15.2","","61","","0.0","","24","","11","","","","97.54","","27","","","","NA"
"-100.06","51.10","DAUPHIN CS","5040681","2021-08-03 22:00","2021","08","03","22:00","21.6","","14.8","","65","","0.0","","24","","11","","","","97.52","","25","","","","NA"
"-100.06","51.10","DAUPHIN CS","5040681","2021-08-03 23:00","2021","08","03","23:00","22.4","","14.6","","61","","0.0","","22","","5","","","","97.44","","26","","","","NA"
"-100.06","51.10","DAUPHIN CS","5040681","2021-08-04 00:00","2021","08","04","00:00","20.7","","15.4","","72","","0.0","","26","","9","","","","97.42","","25","","","","NA"
"-100.06","51.10","DAUPHIN CS","5040681","2021-08-04 01:00","2021","08","04","01:00","20.2","","15.7","","75","","0.0","","25","","9","","","","97.39","","25","","","","NA"
"-100.06","51.10","DAUPHIN CS","5040681","2021-08-04 02:00","2021","08","04","02:00","20.5","","15.5","","73","","0.0","","25","","8","","","","97.34","","25","","","","NA"
"-100.06","51.10","DAUPHIN CS","5040681","2021-08-04 03:00","2021","08","04","03:00","20.4","","15.3","","72","","0.0","","25","","12","","","","97.32","","25","","","","NA"
"-100.06","51.10","DAUPHIN CS","5040681","2021-08-04 04:00","2021","08","04","04:00","20.4","","15.0","","71","","0.0","","24","","10","","","","97.26","","","","","","NA"
"-100.06","51.10","DAUPHIN CS","5040681","2021-08-04 05:00","2021","08","04","05:00","19.7","","15.2","","75","","0.0","","26","","8","","","","97.29","","","","","","NA"
"-100.06","51.10","DAUPHIN CS","5040681","2021-08-04 06:00","2021","08","04","06:00","19.7","","15.6","","77","","0.0","","23","","9","","","","97.33","","","","","","NA"
"-100.06","51.10","DAUPHIN CS","5040681","2021-08-04 07:00","2021","08","04","07:00","21.0","","15.7","","72","","0.0","","25","","3","","","","97.31","","25","","","","NA"
"-100.06","51.10","DAUPHIN CS","5040681","2021-08-04 08:00","2021","08","04","08:00","20.8","","17.5","","82","","0.0","","22","","4","","","","97.27","","26","","","","NA"
"-100.06","51.10","DAUPHIN CS","5040681","2021-08-04 09:00","2021","08","04","09:00","22.2","","17.3","","74","","0.0","","16","","3","","","","97.24","","28","","","","NA"
"-100.06","51.10","DAUPHIN CS","5040681","2021-08-04 10:00","2021","08","04","10:00","23.6","","18.6","","73","","0.0","","12","","6","","","","97.23","","30","","","","NA"
"-100.06","51.10","DAUPHIN CS","5040681","2021-08-04 11:00","2021","08","04","11:00","24.8","","19.5","","72","","0.0","","9","","9","","","","97.18","","32","","","","NA"
"-100.06","51.10","DAUPHIN CS","5040681","2021-08-04 12:00","2021","08","04","12:00","26.3","","18.6","","63","","0.0","","9","","3","","","","97.19","","33","","","","NA"
"-100.06","51.10","DAUPHIN CS","5040681","2021-08-04 13:00","2021","08","04","13:00","26.1","","19.3","","66","","0.0","","4","","8","","","","97.17","","33","","","","NA"
"-100.06","51.10","DAUPHIN CS","5040681","2021-08-04 14:00","2021","08","04","14:00","25.1","","19.4","","71","","0.0","","33","","9","","","","97.20","","32","","","","NA"
"-100.06","51.10","DAUPHIN CS","5040681","2021-08-04 15:00","2021","08","04","15:00","23.4","","19.1","","77","","0.0","","2","","18","","","","97.22","","30","","","","NA"
"-100.06","51.10","DAUPHIN CS","5040681","2021-08-04 16:00","2021","08","04","16:00","22.1","","18.8","","82","","0.0","","35","","15","","","","97.28","","29","","","","NA"
"-100.06","51.10","DAUPHIN CS","5040681","2021-08-04 17:00","2021","08","04","17:00","20.8","","18.4","","86","","0.0","","32","","13","","","","97.32","","27","","","","NA"
"-100.06","51.10","DAUPHIN CS","5040681","2021-08-04 18:00","2021","08","04","18:00","19.5","","18.0","","91","","1.0","","34","","18","","","","97.38","","","","","","NA"
"-100.06","51.10","DAUPHIN CS","5040681","2021-08-04 19:00","2021","08","04","19:00","18.8","","17.4","","91","","0.2","","1","","26","","","","97.42","","","","","","NA"
"-100.06","51.10","DAUPHIN CS","5040681","2021-08-04 20:00","2021","08","04","20:00","18.6","","17.3","","92","","0.0","","1","","18","","","","97.49","","","","","","NA"
"-100.06","51.10","DAUPHIN CS","5040681","2021-08-04 21:00","2021","08","04","21:00","18.2","","16.8","","92","","0.1","","34","","20","","","","97.58","","","","","","NA"
"-100.06","51.10","DAUPHIN CS","5040681","2021-08-04 22:00","2021","08","04","22:00","18.2","","17.0","","93","","0.0","","35","","15","","","","97.61","","","","","","NA"
"-100.06","51.10","DAUPHIN CS","5040681","2021-08-04 23:00","2021","08","04","23:00","18.1","","17.0","","93","","0.0","","34","","15","","","","97.60","","","","","","NA"
"-100.06","51.10","DAUPHIN CS","5040681","2021-08-05 00:00","2021","08","05","00:00","18.1","","16.9","","93","","0.5","","34","","12","","","","97.62","","","","","","NA"
"-100.06","51.10","DAUPHIN CS","5040681","2021-08-05 01:00","2021","08","05","01:00","17.5","","16.6","","94","","0.0","","33","","11","","","","97.65","","","","","","NA"
"-100.06","51.10","DAUPHIN CS","5040681","2021-08-05 02:00","2021","08","05","02:00","17.5","","16.6","","94","","0.0","","29","","5","","","","97.63","","","","","","NA"
"-100.06","51.10","DAUPHIN CS","5040681","2021-08-05 03:00","2021","08","05","03:00","17.9","","16.9","","94","","0.0","","33","","12","","","","97.67","","","","","","NA"
"-100.06","51.10","DAUPHIN CS","5040681","2021-08-05 04:00","2021","08","05","04:00","16.8","","15.7","","93","","0.1","","36","","24","","","","97.70","","","","","","NA"
"-100.06","51.10","DAUPHIN CS","5040681","2021-08-05 05:00","2021","08","05","05:00","16.3","","15.1","","93","","0.0","","36","","19","","","","97.77","","","","","","NA"
"-100.06","51.10","DAUPHIN CS","5040681","2021-08-05 06:00","2021","08","05","06:00","15.9","","15.0","","94","","0.1","","35","","12","","","","97.83","","","","","","NA"
"-100.06","51.10","DAUPHIN CS","5040681","2021-08-05 07:00","2021","08","05","07:00","15.3","","14.1","","93","","0.1","","34","","19","","","","97.88","","","","","","NA"
"-100.06","51.10","DAUPHIN CS","5040681","2021-08-05 08:00","2021","08","05","08:00","15.3","","14.3","","94","","0.2","","34","","15","","","","97.92","","","","","","NA"
"-100.06","51.10","DAUPHIN CS","5040681","2021-08-05 09:00","2021","08","05","09:00","15.5","","14.0","","90","","0.0","","33","","13","","","","97.95","","","","","","NA"
"-100.06","51.10","DAUPHIN CS","5040681","2021-08-05 10:00","2021","08","05","10:00","16.9","","13.5","","80","","0.0","","35","","12","","","","97.93","","","","","","NA"
"-100.06","51.10","DAUPHIN CS","5040681","2021-08-05 11:00","2021","08","05","11:00","18.7","","12.2","","66","","0.0","","35","","15","","","","97.92","","","","","","NA"
"-100.06","51.10","DAUPHIN CS","5040681","2021-08-05 12:00","2021","08","05","12:00","20.2","","11.5","","57","","0.0","","34","","13","","","","97.88","","","","","","NA"
"-100.06","51.10","DAUPHIN CS","5040681","2021-08-05 13:00","2021","08","05","13:00","21.0","","7.7","","42","","0.0","","1","","15","","","","97.84","","","","","","NA"
"-100.06","51.10","DAUPHIN CS","5040681","2021-08-05 14:00","2021","08","05","14:00","21.5","","6.5","","38","","0.0","","34","","14","","","","97.84","","","","","","NA"
"-100.06","51.10","DAUPHIN CS","5040681","2021-08-05 15:00","2021","08","05","15:00","22.5","","6.1","","35","","0.0","","1","","12","","","","97.80","","","","","","NA"
"-100.06","51.10","DAUPHIN CS","5040681","2021-08-05 16:00","2021","08","05","16:00","22.1","","7.1","","38","","0.0","","5","","9","","","","97.79","","","","","","NA"
"-100.06","51.10","DAUPHIN CS","5040681","2021-08-05 17:00","2021","08","05","17:00","22.0","","8.6","","42","","0.0","","5","","12","","","","97.75","","","","","","NA"
"-100.06","51.10","DAUPHIN CS","5040681","2021-08-05 18:00","2021","08","05","18:00","21.0","","10.1","","50","","0.0","","6","","11","","","","97.73","","","","","","NA"
"-100.06","51.10","DAUPHIN CS","5040681","2021-08-05 19:00","2021","08","05","19:00","19.2","","11.5","","61","","0.0","","8","","10","","","","97.71","","","","","","NA"
"-100.06","51.10","DAUPHIN CS","5040681","2021-08-05 20:00","2021","08","05","20:00","16.5","","12.2","","76","","0.0","","13","","8","","","","97.71","","","","","","NA"
"-100.06","51.10","DAUPHIN CS","5040681","2021-08-05 21:00","2021","08","05","21:00","14.4","","11.5","","83","","0.0","","18","","10","","","","97.73","","","","","","NA"
"-100.06","51.10","DAUPHIN CS","5040681","2021-08-05 22:00","2021","08","05","22:00","13.0","","10.5","","85","","0.0","","17","","3","","","","97.72","","","","","","NA"
"-100.06","51.10","DAUPHIN CS","5040681","2021-08-05 23:00","2021","08","05","23:00","11.5","","9.4","","87","","0.0","","22","","6","","","","97.74","","","","","","NA"
"-100.06","51.10","DAUPHIN CS","5040681","2021-08-06 00:00","2021","08","06","00:00","11.7","","10.0","","90","","0.0","","18","","2","","","","97.77","","","","","","NA"
"-100.06","51.10","DAUPHIN CS","5040681","2021-08-06 01:00","2021","08","06","01:00","11.4","","9.5","","88","","0.0","","25","","4","","","","97.71","","","","","","NA"
"-100.06","51.10","DAUPHIN CS","5040681","2021-08-06 02:00","2021","08","06","02:00","11.0","","9.2","","89","","0.0","","5","","3","","","","97.67","","","","","","NA"
"-100.06","51.10","DAUPHIN CS","5040681","2021-08-06 03:00","2021","08","06","03:00","10.4","","8.8","","90","","0.0","","","","0","","","","97.67","","","","","","NA"
"-100.06","51.10","DAUPHIN CS","5040681","2021-08-06 04:00","2021","08","06","04:00","10.0","","9.1","","94","","0.0","","22","","4","","","","97.64","","","","","","NA"
"-100.06","51.10","DAUPHIN CS","5040681","2021-08-06 05:00","2021","08","06","05:00","9.4","","8.0","","91","","0.0","","30","","2","","","","97.61","","","","","","NA"
"-100.06","51.10","DAUPHIN CS","5040681","2021-08-06 06:00","2021","08","06","06:00","11.7","","9.6","","87","","0.0","","35","","3","","","","97.63","","","","","","NA"
"-100.06","51.10","DAUPHIN CS","5040681","2021-08-06 07:00","2021","08","06","07:00","13.0","","11.1","","88","","0.0","","9","","4","","","","97.63","","","","","","NA"
"-100.06","51.10","DAUPHIN CS","5040681","2021-08-06 08:00","2021","08","06","08:00","16.2","","12.7","","80","","0.0","","8","","6","","","","97.65","","","","","","NA"
"-100.06","51.10","DAUPHIN CS","5040681","2021-08-06 09:00","2021","08","06","09:00","20.5","","12.6","","60","","0.0","","9","","3","","","","97.63","","","","","","NA"
"-100.06","51.10","DAUPHIN CS","5040681","2021-08-06 10:00","2021","08","06","10:00","22.5","","13.4","","56","","0.0","","21","","8","","","","97.60","","26","","","","NA"
"-100.06","51.10","DAUPHIN CS","5040681","2021-08-06 11:00","2021","08","06","11:00","24.3","","15.1","","56","","0.0","","19","","10","","","","97.58","","28","","","","NA"
"-100.06","51.10","DAUPHIN CS","5040681","2021-08-06 12:00","2021","08","06","12:00","25.8","","14.2","","49","","0.0","","19","","7","","","","97.59","","29","","","","NA"
"-100.06","51.10","DAUPHIN CS","5040681","2021-08-06 13:00","2021","08","06","13:00","25.7","","15.4","","53","","0.0","","14","","6","","","","97.52","","30","","","","NA"
"-100.06","51.10","DAUPHIN CS","5040681","2021-08-06 14:00","2021","08","06","14:00","27.3","","14.4","","45","","0.0","","21","","3","","","","97.49","","31","","","","NA"
"-100.06","51.10","DAUPHIN CS","5040681","2021-08-06 15:00","2021","08","06","15:00","26.3","","16.1","","54","","0.0","","13","","12","","","","97.45","","31","","","","NA"
"-100.06","51.10","DAUPHIN CS","5040681","2021-08-06 16:00","2021","08","06","16:00","27.1","","16.0","","51","","0.0","","18","","8","","","","97.40","","32","","","","NA"
"-100.06","51.10","DAUPHIN CS","5040681","2021-08-06 17:00","2021","08","06","17:00","26.6","","16.1","","52","","0.0","","20","","13","","","","97.39","","31","","","","NA"
"-100.06","51.10","DAUPHIN CS","5040681","2021-08-06 18:00","2021","08","06","18:00","26.0","","15.4","","52","","0.0","","19","","14","","","","97.37","","30","","","","NA"
"-100.06","51.10","DAUPHIN CS","5040681","2021-08-06 19:00","2021","08","06","19:00","23.4","","16.4","","65","","0.0","","15","","8","","","","97.36","","28","","","","NA"
"-100.06","51.10","DAUPHIN CS","5040681","2021-08-06 20:00","2021","08","06","20:00","21.1","","16.1","","73","","0.0","","15","","11","","","","97.38","","26","","","","NA"
"-100.06","51.10","DAUPHIN CS","5040681","2021-08-06 21:00","2021","08","06","21:00","18.6","","15.5","","82","","0.0","","12","","11","","","","97.37","","","","","","NA"
"-100.06","51.10","DAUPHIN CS","5040681","2021-08-06 22:00","2021","08","06","22:00","19.4","","14.4","","73","","0.0","","14","","13","","","","97.41","","","","","","NA"
"-100.06","51.10","DAUPHIN CS","5040681","2021-08-06 23:00","2021","08","06","23:00","18.1","","13.7","","75","","0.0","","12","","11","","","","97.39","","","","","","NA"
"-100.06","51.10","DAUPHIN CS","5040681","2021-08-07 00:00","2021","08","07","00:00","18.7","","13.0","","69","","0.0","","17","","9","","","","97.39","","","","","","NA"
"-100.06","51.10","DAUPHIN CS","5040681","2021-08-07 01:00","2021","08","07","01:00","19.4","","13.3","","68","","0.0","","18","","10","","","","97.33","","","","","","NA"
"-100.06","51.10","DAUPHIN CS","5040681","2021-08-07 02:00","2021","08","07","02:00","19.8","","12.9","","65","","0.0","","17","","10","","","","97.33","","","","","","NA"
"-100.06","51.10","DAUPHIN CS","5040681","2021-08-07 03:00","2021","08","07","03:00","19.1","","12.6","","66","","0.0","","18","","11","","","","97.28","","","","","","NA"
"-100.06","51.10","DAUPHIN CS","5040681","2021-08-07 04:00","2021","08","07","04:00","19.1","","12.6","","66","","0.0","","18","","12","","","","97.29","","","","","","NA"
"-100.06","51.10","DAUPHIN CS","5040681","2021-08-07 05:00","2021","08","07","05:00","13.6","","10.8","","83","","0.0","","5","","6","","","","97.30","","","","","","NA"
"-100.06","51.10","DAUPHIN CS","5040681","2021-08-07 06:00","2021","08","07","06:00","13.4","","11.2","","87","","0.0","","1","","4","","","","97.26","","","","","","NA"
"-100.06","51.10","DAUPHIN CS","5040681","2021-08-07 07:00","2021","08","07","07:00","15.4","","12.7","","84","","0.0","","6","","2","","","","97.24","","","","","","NA"
"-100.06","51.10","DAUPHIN CS","5040681","2021-08-07 08:00","2021","08","07","08:00","18.6","","14.4","","77","","0.0","","9","","7","","","","97.22","","","","","","NA"
"-100.06","51.10","DAUPHIN CS","5040681","2021-08-07 09:00","2021","08","07","09:00","22.8","","15.4","","63","","0.0","","13","","6","","","","97.20","","27","","","","NA"
"-100.06","51.10","DAUPHIN CS","5040681","2021-08-07 10:00","2021","08","07","10:00","25.1","","14.9","","53","","0.0","","16","","16","","","","97.16","","29","","","","NA"
"-100.06","51.10","DAUPHIN CS","5040681","2021-08-07 11:00","2021","08","07","11:00","26.2","","13.3","","45","","0.0","","17","","23","","","","97.13","","29","","","","NA"
"-100.06","51.10","DAUPHIN CS","5040681","2021-08-07 12:00","2021","08","07","12:00","27.3","","14.1","","44","","0.0","","18","","16","","","","97.07","","31","","","","NA"
"-100.06","51.10","DAUPHIN CS","5040681","2021-08-07 13:00","2021","08","07","13:00","28.0","","13.0","","40","","0.0","","18","","15","","","","97.01","","31","","","","NA"
"-100.06","51.10","DAUPHIN CS","5040681","2021-08-07 14:00","2021","08","07","14:00","28.6","","12.6","","37","","0.0","","18","","18","","","","96.96","","31","","","","NA"
"-100.06","51.10","DAUPHIN CS","5040681","2021-08-07 15:00","2021","08","07","15:00","28.8","","12.4","","36","","0.0","","18","","15","","","","96.89","","31","","","","NA"
"-100.06","51.10","DAUPHIN CS","5040681","2021-08-07 16:00","2021","08","07","16:00","28.5","","11.7","","35","","0.0","","16","","20","","","","96.84","","31","","","","NA"
"-100.06","51.10","DAUPHIN CS","5040681","2021-08-07 17:00","2021","08","07","17:00","28.1","","12.8","","39","","0.0","","17","","17","","","","96.82","","31","","","","NA"
"-100.06","51.10","DAUPHIN CS","5040681","2021-08-07 18:00","2021","08","07","18:00","26.9","","13.6","","44","","0.0","","16","","12","","","","96.78","","30","","","","NA"
"-100.06","51.10","DAUPHIN CS","5040681","2021-08-07 19:00","2021","08","07","19:00","24.3","","15.0","","56","","0.0","","12","","10","","","","96.73","","28","","","","NA"
"-100.06","51.10","DAUPHIN CS","5040681","2021-08-07 20:00","2021","08","07","20:00","22.0","","14.0","","61","","0.0","","12","","8","","","","96.68","","25","","","","NA"
"-100.06","51.10","DAUPHIN CS","5040681","2021-08-07 21:00","2021","08","07","21:00","21.4","","13.1","","59","","0.0","","13","","14","","","","96.64","","","","","","NA"
"-100.06","51.10","DAUPHIN CS","5040681","2021-08-07 22:00","2021","08","07","22:00","22.3","","12.8","","55","","0.0","","12","","15","","","","96.60","","25","","","","NA"
"-100.06","51.10","DAUPHIN CS","5040681","2021-08-07 23:00","2021","08","07","23:00","23.6","","13.9","","54","","0.0","","15","","8","","","","96.57","","27","","","","NA"
"-100.06","51.10","DAUPHIN CS","5040681","2021-08-08 00:00","2021","08","08","00:00","25.7","","13.6","","47","","0.0","","20","","24","","","","96.49","","29","","","","NA"
"-100.06","51.10","DAUPHIN CS","5040681","2021-08-08 01:00","2021","08","08","01:00","25.4","","14.2","","50","","0.0","","20","","28","","","","96.45","","29","","","","NA"
"-100.06","51.10","DAUPHIN CS","5040681","2021-08-08 02:00","2021","08","08","02:00","24.4","","15.0","","56","","0.0","","21","","21","","","","96.42","","28","","","","NA"
"-100.06","51.10","DAUPHIN CS","5040681","2021-08-08 03:00","2021","08","08","03:00","24.0","","15.1","","57","","0.0","","21","","21","","","","96.40","","28","","","","NA"
"-100.06","51.10","DAUPHIN CS","5040681","2021-08-08 04:00","2021","08","08","04:00","23.8","","15.3","","59","","0.0","","20","","23","","","","96.36","","28","","","","NA"
"-100.06","51.10","DAUPHIN CS","5040681","2021-08-08 05:00","2021","08","08","05:00","23.2","","15.2","","61","","0.0","","21","","27","","","","96.35","","27","","","","NA"
"-100.06","51.10","DAUPHIN CS","5040681","2021-08-08 06:00","2021","08","08","06:00","23.0","","15.0","","61","","0.0","","21","","25","","","","96.32","","27","","","","NA"
"-100.06","51.10","DAUPHIN CS","5040681","2021-08-08 07:00","2021","08","08","07:00","22.9","","15.1","","62","","0.0","","21","","23","","","","96.28","","27","","","","NA"
"-100.06","51.10","DAUPHIN CS","5040681","2021-08-08 08:00","2021","08","08","08:00","24.1","","15.0","","57","","0.0","","21","","23","","","","96.28","","28","","","","NA"
"-100.06","51.10","DAUPHIN CS","5040681","2021-08-08 09:00","2021","08","08","09:00","27.1","","14.0","","45","","0.0","","24","","21","","","","96.29","","30","","","","NA"
"-100.06","51.10","DAUPHIN CS","5040681","2021-08-08 10:00","2021","08","08","10:00","28.5","","13.3","","39","","0.0","","24","","22","","","","96.30","","31","","","","NA"
"-100.06","51.10","DAUPHIN CS","5040681","2021-08-08 11:00","2021","08","08","11:00","31.1","","10.9","","29","","0.0","","24","","30","","","","96.29","","33","","","","NA"
"-100.06","51.10","DAUPHIN CS","5040681","2021-08-08 12:00","2021","08","08","12:00","32.4","","10.2","","26","","0.0","","25","","32","","","","96.28","","34","","","","NA"
"-100.06","51.10","DAUPHIN CS","5040681","2021-08-08 13:00","2021","08","08","13:00","33.6","","9.0","","22","","0.0","","25","","28","","","","96.31","","34","","","","NA"
"-100.06","51.10","DAUPHIN CS","5040681","2021-08-08 14:00","2021","08","08","14:00","33.3","","10.7","","25","","0.0","","28","","30","","","","96.37","","35","","","","NA"
"-100.06","51.10","DAUPHIN CS","5040681","2021-08-08 15:00","2021","08","08","15:00","32.8","","10.6","","26","","0.0","","28","","23","","","","96.43","","34","","","","NA"
"-100.06","51.10","DAUPHIN CS","5040681","2021-08-08 16:00","2021","08","08","16:00","31.0","","12.8","","33","","0.0","","29","","26","","","","96.53","","34","","","","NA"
"-100.06","51.10","DAUPHIN CS","5040681","2021-08-08 17:00","2021","08","08","17:00","27.1","","18.1","","58","","0.0","","1","","25","","","","96.61","","33","","","","NA"
"-100.06","51.10","DAUPHIN CS","5040681","2021-08-08 18:00","2021","08","08","18:00","26.3","","18.1","","61","","0.0","","1","","14","","","","96.68","","32","","","","NA"
"-100.06","51.10","DAUPHIN CS","5040681","2021-08-08 19:00","2021","08","08","19:00","24.6","","17.5","","65","","0.0","","5","","10","","","","96.80","","30","","","","NA"
"-100.06","51.10","DAUPHIN CS","5040681","2021-08-08 20:00","2021","08","08","20:00","22.1","","18.0","","78","","0.0","","5","","7","","","","96.86","","28","","","","NA"
"-100.06","51.10","DAUPHIN CS","5040681","2021-08-08 21:00","2021","08","08","21:00","20.4","","17.2","","82","","0.0","","3","","4","","","","96.97","","26","","","","NA"
"-100.06","51.10","DAUPHIN CS","5040681","2021-08-08 22:00","2021","08","08","22:00","21.2","","14.9","","67","","0.0","","1","","27","","","","97.05","","25","","","","NA"
"-100.06","51.10","DAUPHIN CS","5040681","2021-08-08 23:00","2021","08","08","23:00","19.4","","14.1","","72","","0.0","","36","","16","","","","97.12","","","","","","NA"
"-100.06","51.10","DAUPHIN CS","5040681","2021-08-09 00:00","2021","08","09","00:00","17.3","","13.7","","79","","0.0","","28","","5","","","","97.22","","","","","","NA"
"-100.06","51.10","DAUPHIN CS","5040681","2021-08-09 01:00","2021","08","09","01:00","16.4","","13.3","","82","","0.0","","26","","6","","","","97.30","","","","","","NA"
"-100.06","51.10","DAUPHIN CS","5040681","2021-08-09 02:00","2021","08","09","02:00","16.6","","13.9","","84","","0.0","","28","","10","","","","97.36","","","","","","NA"
"-100.06","51.10","DAUPHIN CS","5040681","2021-08-09 03:00","2021","08","09","03:00","16.5","","13.8","","84","","0.0","","33","","3","","","","97.36","","","","","","NA"
"-100.06","51.10","DAUPHIN CS","5040681","2021-08-09 04:00","2021","08","09","04:00","15.7","","14.0","","90","","0.0","","27","","10","","","","97.47","","","","","","NA"
"-100.06","51.10","DAUPHIN CS","5040681","2021-08-09 05:00","2021","08","09","05:00","15.7","","13.8","","88","","0.0","","15","","4","","","","97.37","","","","","","NA"
"-100.06","51.10","DAUPHIN CS","5040681","2021-08-09 06:00","2021","08","09","06:00","15.8","","14.4","","91","","0.0","","35","","6","","","","97.28","","","","","","NA"
"-100.06","51.10","DAUPHIN CS","5040681","2021-08-09 07:00","2021","08","09","07:00","15.7","","14.2","","91","","0.0","","33","","7","","","","97.37","","","","","","NA"
"-100.06","51.10","DAUPHIN CS","5040681","2021-08-09 08:00","2021","08","09","08:00","15.8","","14.5","","92","","0.1","","25","","7","","","","97.49","","","","","","NA"
"-100.06","51.10","DAUPHIN CS","5040681","2021-08-09 09:00","2021","08","09","09:00","16.3","","15.0","","92","","0.0","","1","","10","","","","97.37","","","","","","NA"
"-100.06","51.10","DAUPHIN CS","5040681","2021-08-09 10:00","2021","08","09","10:00","17.9","","15.4","","85","","0.0","","2","","8","","","","97.43","","","","","","NA"
"-100.06","51.10","DAUPHIN CS","5040681","2021-08-09 11:00","2021","08","09","11:00","17.5","","15.4","","88","","0.0","","17","","9","","","","97.35","","","","","","NA"
"-100.06","51.10","DAUPHIN CS","5040681","2021-08-09 12:00","2021","08","09","12:00","18.5","","16.1","","86","","1.9","","35","","8","","","","97.43","","","","","","NA"
"-100.06","51.10","DAUPHIN CS","5040681","2021-08-09 13:00","2021","08","09","13:00","19.1","","15.5","","80","","0.0","","7","","9","","","","97.40","","","","","","NA"
"-100.06","51.10","DAUPHIN CS","5040681","2021-08-09 14:00","2021","08","09","14:00","19.4","","15.2","","77","","0.0","","11","","11","","","","97.42","","","","","","NA"
"-100.06","51.10","DAUPHIN CS","5040681","2021-08-09 15:00","2021","08","09","15:00","18.7","","14.7","","77","","0.0","","9","","8","","","","97.36","","","","","","NA"
"-100.06","51.10","DAUPHIN CS","5040681","2021-08-09 16:00","2021","08","09","16:00","17.8","","15.5","","86","","0.2","","22","","5","","","","97.37","","","","","","NA"
"-100.06","51.10","DAUPHIN CS","5040681","2021-08-09 17:00","2021","08","09","17:00","16.9","","15.7","","93","","1.8","","5","","16","","","","97.21","","","","","","NA"
"-100.06","51.10","DAUPHIN CS","5040681","2021-08-09 18:00","2021","08","09","18:00","16.8","","15.1","","90","","0.3","","13","","17","","","","97.18","","","","","","NA"
"-100.06","51.10","DAUPHIN CS","5040681","2021-08-09 19:00","2021","08","09","19:00","17.0","","14.9","","88","","0.0","","36","","6","","","","97.24","","","","","","NA"
"-100.06","51.10","DAUPHIN CS","5040681","2021-08-09 20:00","2021","08","09","20:00","17.0","","15.5","","91","","0.0","","36","","4","","","","97.23","","","","","","NA"
"-100.06","51.10","DAUPHIN CS","5040681","2021-08-09 21:00","2021","08","09","21:00","16.6","","15.5","","93","","0.0","","8","","6","","","","97.08","","","","","","NA"
"-100.06","51.10","DAUPHIN CS","5040681","2021-08-09 22:00","2021","08","09","22:00","16.6","","15.5","","93","","0.0","","","","0","","","","97.08","","","","","","NA"
"-100.06","51.10","DAUPHIN CS","5040681","2021-08-09 23:00","2021","08","09","23:00","16.4","","15.4","","94","","0.0","","25","","5","","","","97.05","","","","","","NA"
"-100.06","51.10","DAUPHIN CS","5040681","2021-08-10 00:00","2021","08","10","00:00","16.2","","15.3","","94","","0.0","","12","","5","","","","96.92","","","","","","NA"
"-100.06","51.10","DAUPHIN CS","5040681","2021-08-10 01:00","2021","08","10","01:00","16.2","","15.4","","95","","0.0","","16","","7","","","","96.87","","","","","","NA"
"-100.06","51.10","DAUPHIN CS","5040681","2021-08-10 02:00","2021","08","10","02:00","15.7","","14.9","","95","","0.0","","12","","5","","","","96.77","","","","","","NA"
"-100.06","51.10","DAUPHIN CS","5040681","2021-08-10 03:00","2021","08","10","03:00","14.5","","13.8","","95","","0.0","","21","","4","","","","96.72","","","","","","NA"
"-100.06","51.10","DAUPHIN CS","5040681","2021-08-10 04:00","2021","08","10","04:00","14.6","","14.0","","96","","0.0","","26","","11","","","","96.66","","","","","","NA"
"-100.06","51.10","DAUPHIN CS","5040681","2021-08-10 05:00","2021","08","10","05:00","14.7","","13.5","","93","","0.0","","25","","14","","","","96.59","","","","","","NA"
"-100.06","51.10","DAUPHIN CS","5040681","2021-08-10 06:00","2021","08","10","06:00","14.7","","13.2","","90","","0.0","","25","","20","","","","96.55","","","","","","NA"
"-100.06","51.10","DAUPHIN CS","5040681","2021-08-10 07:00","2021","08","10","07:00","15.2","","13.5","","90","","0.0","","24","","19","","","","96.54","","","","","","NA"
"-100.06","51.10","DAUPHIN CS","5040681","2021-08-10 08:00","2021","08","10","08:00","16.3","","13.7","","84","","0.0","","26","","18","","","","96.51","","","","","","NA"
"-100.06","51.10","DAUPHIN CS","5040681","2021-08-10 09:00","2021","08","10","09:00","18.4","","14.1","","76","","0.0","","27","","24","","","","96.45","","","","","","NA"
"-100.06","51.10","DAUPHIN CS","5040681","2021-08-10 10:00","2021","08","10","10:00","19.9","","13.9","","68","","0.0","","26","","28","","","","96.42","","","","","","NA"
"-100.06","51.10","DAUPHIN CS","5040681","2021-08-10 11:00","2021","08","10","11:00","21.3","","13.2","","60","","0.0","","27","","28","","","","96.39","","","","","","NA"
"-100.06","51.10","DAUPHIN CS","5040681","2021-08-10 12:00","2021","08","10","12:00","23.7","","12.3","","49","","0.0","","25","","30","","","","96.32","","26","","","","NA"
"-100.06","51.10","DAUPHIN CS","5040681","2021-08-10 13:00","2021","08","10","13:00","24.7","","10.5","","41","","0.0","","26","","30","","","","96.27","","26","","","","NA"
"-100.06","51.10","DAUPHIN CS","5040681","2021-08-10 14:00","2021","08","10","14:00","23.6","","10.0","","42","","0.0","","25","","28","","","","96.27","","25","","","","NA"
"-100.06","51.10","DAUPHIN CS","5040681","2021-08-10 15:00","2021","08","10","15:00","22.3","","10.6","","48","","0.0","","25","","28","","","","96.26","","","","","","NA"
"-100.06","51.10","DAUPHIN CS","5040681","2021-08-10 16:00","2021","08","10","16:00","18.7","","13.0","","69","","0.0","","25","","26","","","","96.33","","","","","","NA"
"-100.06","51.10","DAUPHIN CS","5040681","2021-08-10 17:00","2021","08","10","17:00","18.0","","14.4","","80","","0.0","","25","","23","","","","96.32","","","","","","NA"
"-100.06","51.10","DAUPHIN CS","5040681","2021-08-10 18:00","2021","08","10","18:00","18.6","","13.8","","74","","0.0","","25","","23","","","","96.27","","","","","","NA"
"-100.06","51.10","DAUPHIN CS","5040681","2021-08-10 19:00","2021","08","10","19:00","18.8","","12.4","","66","","0.0","","25","","29","","","","96.27","","","","","","NA"
"-100.06","51.10","DAUPHIN CS","5040681","2021-08-10 20:00","2021","08","10","20:00","17.9","","11.9","","68","","0.0","","25","","17","","","","96.29","","","","","","NA"
"-100.06","51.10","DAUPHIN CS","5040681","2021-08-10 21:00","2021","08","10","21:00","15.4","","12.1","","81","","0.0","","22","","13","","","","96.29","","","","","","NA"
"-100.06","51.10","DAUPHIN CS","5040681","2021-08-10 22:00","2021","08","10","22:00","15.3","","10.5","","73","","0.0","","27","","16","","","","96.38","","","","","","NA"
"-100.06","51.10","DAUPHIN CS","5040681","2021-08-10 23:00","2021","08","10","23:00","15.2","","9.2","","67","","0.0","","27","","22","","","","96.40","","","","","","NA"
"-100.06","51.10","DAUPHIN CS","5040681","2021-08-11 00:00","2021","08","11","00:00","13.0","","8.8","","76","","0.0","","25","","18","","","","96.40","","","","","","NA"
"-100.06","51.10","DAUPHIN CS","5040681","2021-08-11 01:00","2021","08","11","01:00","12.8","","8.3","","74","","0.0","","26","","21","","","","96.44","","","","","","NA"
"-100.06","51.10","DAUPHIN CS","5040681","2021-08-11 02:00","2021","08","11","02:00","12.8","","8.2","","73","","0.0","","26","","22","","","","96.44","","","","","","NA"
"-100.06","51.10","DAUPHIN CS","5040681","2021-08-11 03:00","2021","08","11","03:00","11.7","","7.9","","77","","0.0","","24","","18","","","","96.42","","","","","","NA"
"-100.06","51.10","DAUPHIN CS","5040681","2021-08-11 04:00","2021","08","11","04:00","11.0","","8.0","","81","","0.0","","24","","17","","","","96.41","","","","","","NA"
"-100.06","51.10","DAUPHIN CS","5040681","2021-08-11 05:00","2021","08","11","05:00","11.2","","8.0","","81","","0.0","","24","","14","","","","96.37","","","","","","NA"
"-100.06","51.10","DAUPHIN CS","5040681","2021-08-11 06:00","2021","08","11","06:00","11.8","","8.3","","79","","0.0","","25","","13","","","","96.41","","","","","","NA"
"-100.06","51.10","DAUPHIN CS","5040681","2021-08-11 07:00","2021","08","11","07:00","14.7","","9.4","","71","","0.0","","26","","20","","","","96.38","","","","","","NA"
"-100.06","51.10","DAUPHIN CS","5040681","2021-08-11 08:00","2021","08","11","08:00","16.9","","7.9","","55","","0.0","","27","","29","","","","96.38","","","","","","NA"
"-100.06","51.10","DAUPHIN CS","5040681","2021-08-11 09:00","2021","08","11","09:00","18.6","","7.4","","48","","0.0","","27","","30","","","","96.31","","","","","","NA"
"-100.06","51.10","DAUPHIN CS","5040681","2021-08-11 10:00","2021","08","11","10:00","18.8","","8.0","","49","","0.0","","27","","30","","","","96.30","","","","","","NA"
"-100.06","51.10","DAUPHIN CS","5040681","2021-08-11 11:00","2021","08","11","11:00","20.8","","8.3","","45","","0.0","","27","","35","","","","96.28","","","","","","NA"
"-100.06","51.10","DAUPHIN CS","5040681","2021-08-11 12:00","2021","08","11","12:00","20.5","","7.7","","44","","0.0","","26","","34","","","","96.26","","","","","","NA"
"-100.06","51.10","DAUPHIN CS","5040681","2021-08-11 13:00","2021","08","11","13:00","20.8","","6.4","","39","","0.0","","29","","31","","","","96.27","","","","","","NA"
"-100.06","51.10","DAUPHIN CS","5040681","2021-08-11 14:00","2021","08","11","14:00","20.7","","8.2","","45","","0.0","","29","","20","","","","96.29","","","","","","NA"
"-100.06","51.10","DAUPHIN CS","5040681","2021-08-11 15:00","2021","08","11","15:00","22.1","","6.3","","36","","0.0","","28","","32","","","","96.27","","","","","","NA"
"-100.06","51.10","DAUPHIN CS","5040681","2021-08-11 16:00","2021","08","11","16:00","22.4","","6.1","","35","","0.0","","27","","35","","","","96.27","","","","","","NA"
"-100.06","51.10","DAUPHIN CS","5040681","2021-08-11 17:00","2021","08","11","17:00","22.4","","6.3","","35","","0.0","","27","","34","","","","96.25","","","","","","NA"
"-100.06","51.10","DAUPHIN CS","5040681","2021-08-11 18:00","2021","08","11","18:00","14.5","","11.3","","81","","0.8","","33","","15","","","","96.47","","","","","","NA"
"-100.06","51.10","DAUPHIN CS","5040681","2021-08-11 19:00","2021","08","11","19:00","16.0","","11.3","","74","","0.0","","25","","18","","","","96.52","","","","","","NA"
"-100.06","51.10","DAUPHIN CS","5040681","2021-08-11 20:00","2021","08","11","20:00","15.2","","11.1","","76","","0.0","","25","","19","","","","96.57","","","","","","NA"
"-100.06","51.10","DAUPHIN CS","5040681","2021-08-11 21:00","2021","08","11","21:00","14.0","","10.4","","79","","0.0","","26","","14","","","","96.68","","","","","","NA"
"-100.06","51.10","DAUPHIN CS","5040681","2021-08-11 22:00","2021","08","11","22:00","13.1","","9.5","","79","","0.0","","27","","17","","","","96.79","","","","","","NA"
"-100.06","51.10","DAUPHIN CS","5040681","2021-08-11 23:00","2021","08","11","23:00","12.7","","9.1","","79","","0.0","","26","","14","","","","96.86","","","","","","NA"
"-100.06","51.10","DAUPHIN CS","5040681","2021-08-12 00:00","2021","08","12","00:00","13.5","","9.5","","77","","0.0","","27","","21","","","","96.91","","","","","","NA"
"-100.06","51.10","DAUPHIN CS","5040681","2021-08-12 01:00","2021","08","12","01:00","13.1","","7.4","","68","","0.0","","29","","22","","","","97.01","","","","","","NA"
"-100.06","51.10","DAUPHIN CS","5040681","2021-08-12 02:00","2021","08","12","02:00","11.6","","6.3","","70","","0.0","","27","","17","","","","97.06","","","","","","NA"
"-100.06","51.10","DAUPHIN CS","5040681","2021-08-12 03:00","2021","08","12","03:00","10.5","","6.5","","76","","0.0","","26","","18","","","","97.11","","","","","","NA"
"-100.06","51.10","DAUPHIN CS","5040681","2021-08-12 04:00","2021","08","12","04:00","10.6","","6.2","","74","","0.0","","27","","22","","","","97.19","","","","","","NA"
"-100.06","51.10","DAUPHIN CS","5040681","2021-08-12 05:00","2021","08","12","05:00","9.8","","5.7","","75","","0.0","","27","","20","","","","97.27","","","","","","NA"
"-100.06","51.10","DAUPHIN CS","5040681","2021-08-12 06:00","2021","08","12","06:00","10.1","","5.5","","73","","0.0","","27","","23","","","","97.33","","","","","","NA"
"-100.06","51.10","DAUPHIN CS","5040681","2021-08-12 07:00","2021","08","12","07:00","11.6","","5.3","","65","","0.0","","28","","25","","","","97.43","","","","","","NA"
"-100.06","51.10","DAUPHIN CS","5040681","2021-08-12 08:00","2021","08","12","08:00","13.3","","4.4","","55","","0.0","","29","","27","","","","97.49","","","","","","NA"
"-100.06","51.10","DAUPHIN CS","5040681","2021-08-12 09:00","2021","08","12","09:00","13.9","","3.6","","50","","0.0","","30","","30","","","","97.57","","","","","","NA"
"-100.06","51.10","DAUPHIN CS","5040681","2021-08-12 10:00","2021","08","12","10:00","14.8","","3.4","","46","","0.0","","31","","30","","","","97.61","","","","","","NA"
"-100.06","51.10","DAUPHIN CS","5040681","2021-08-12 11:00","2021","08","12","11:00","15.8","","3.6","","44","","0.0","","30","","26","","","","97.66","","","","","","NA"
"-100.06","51.10","DAUPHIN CS","5040681","2021-08-12 12:00","2021","08","12","12:00","17.0","","2.8","","38","","0.0","","30","","27","","","","97.70","","","","","","NA"
"-100.06","51.10","DAUPHIN CS","5040681","2021-08-12 13:00","2021","08","12","13:00","17.8","","2.7","","36","","0.0","","30","","22","","","","97.70","","","","","","NA"
"-100.06","51.10","DAUPHIN CS","5040681","2021-08-12 14:00","2021","08","12","14:00","18.3","","1.9","","33","","0.0","","31","","27","","","","97.72","","","","","","NA"
"-100.06","51.10","DAUPHIN CS","5040681","2021-08-12 15:00","2021","08","12","15:00","19.6","","2.5","","32","","0.0","","31","","24","","","","97.72","","","","","","NA"
"-100.06","51.10","DAUPHIN CS","5040681","2021-08-12 16:00","2021","08","12","16:00","19.9","","2.1","","31","","0.0","","30","","23","","","","97.72","","","","","","NA"
"-100.06","51.10","DAUPHIN CS","5040681","2021-08-12 17:00","2021","08","12","17:00","19.5","","2.6","","33","","0.0","","31","","26","","","","97.75","","","","","","NA"
"-100.06","51.10","DAUPHIN CS","5040681","2021-08-12 18:00","2021","08","12","18:00","19.1","","2.8","","34","","0.0","","31","","18","","","","97.79","","","","","","NA"
"-100.06","51.10","DAUPHIN CS","5040681","2021-08-12 19:00","2021","08","12","19:00","17.8","","4.0","","40","","0.0","","32","","13","","","","97.84","","","","","","NA"
"-100.06","51.10","DAUPHIN CS","5040681","2021-08-12 20:00","2021","08","12","20:00","15.6","","4.3","","47","","0.0","","31","","9","","","","97.87","","","","","","NA"
"-100.06","51.10","DAUPHIN CS","5040681","2021-08-12 21:00","2021","08","12","21:00","10.8","","4.7","","66","","0.0","","25","","10","","","","97.93","","","","","","NA"
"-100.06","51.10","DAUPHIN CS","5040681","2021-08-12 22:00","2021","08","12","22:00","9.2","","4.9","","74","","0.0","","25","","9","","","","97.96","","","","","","NA"
"-100.06","51.10","DAUPHIN CS","5040681","2021-08-12 23:00","2021","08","12","23:00","6.6","","3.9","","83","","0.0","","27","","6","","","","97.98","","","","","","NA"
"-100.06","51.10","DAUPHIN CS","5040681","2021-08-13 00:00","2021","08","13","00:00","9.6","","5.1","","73","","0.0","","27","","11","","","","98.02","","","","","","NA"
"-100.06","51.10","DAUPHIN CS","5040681","2021-08-13 01:00","2021","08","13","01:00","7.2","","4.1","","81","","0.0","","26","","10","","","","98.08","","","","","","NA"
"-100.06","51.10","DAUPHIN CS","5040681","2021-08-13 02:00","2021","08","13","02:00","6.5","","3.5","","81","","0.0","","25","","10","","","","98.12","","","","","","NA"
"-100.06","51.10","DAUPHIN CS","5040681","2021-08-13 03:00","2021","08","13","03:00","5.7","","4.0","","89","","0.0","","24","","12","","","","98.14","","","","","","NA"
"-100.06","51.10","DAUPHIN CS","5040681","2021-08-13 04:00","2021","08","13","04:00","6.4","","4.4","","87","","0.0","","24","","12","","","","98.19","","","","","","NA"
"-100.06","51.10","DAUPHIN CS","5040681","2021-08-13 05:00","2021","08","13","05:00","6.3","","4.2","","86","","0.0","","24","","12","","","","98.25","","","","","","NA"
"-100.06","51.10","DAUPHIN CS","5040681","2021-08-13 06:00","2021","08","13","06:00","6.9","","4.6","","85","","0.0","","25","","13","","","","98.30","","","","","","NA"
"-100.06","51.10","DAUPHIN CS","5040681","2021-08-13 07:00","2021","08","13","07:00","9.9","","5.9","","76","","0.0","","25","","15","","","","98.37","","","","","","NA"
"-100.06","51.10","DAUPHIN CS","5040681","2021-08-13 08:00","2021","08","13","08:00","13.2","","6.0","","62","","0.0","","26","","17","","","","98.41","","","","","","NA"
"-100.06","51.10","DAUPHIN CS","5040681","2021-08-13 09:00","2021","08","13","09:00","16.5","","5.1","","47","","0.0","","28","","15","","","","98.39","","","","","","NA"
"-100.06","51.10","DAUPHIN CS","5040681","2021-08-13 10:00","2021","08","13","10:00","18.6","","2.7","","35","","0.0","","26","","13","","","","98.40","","","","","","NA"
"-100.06","51.10","DAUPHIN CS","5040681","2021-08-13 11:00","2021","08","13","11:00","19.5","","2.4","","32","","0.0","","28","","15","","","","98.36","","","","","","NA"
"-100.06","51.10","DAUPHIN CS","5040681","2021-08-13 12:00","2021","08","13","12:00","20.4","","2.6","","31","","0.0","","27","","13","","","","98.32","","","","","","NA"
"-100.06","51.10","DAUPHIN CS","5040681","2021-08-13 13:00","2021","08","13","13:00","22.5","","5.4","","33","","0.0","","30","","15","","","","98.26","","","","","","NA"
"-100.06","51.10","DAUPHIN CS","5040681","2021-08-13 14:00","2021","08","13","14:00","24.3","","6.2","","31","","0.0","","26","","18","","","","98.20","","","","","","NA"
"-100.06","51.10","DAUPHIN CS","5040681","2021-08-13 15:00","2021","08","13","15:00","24.6","","5.7","","30","","0.0","","29","","18","","","","98.17","","","","","","NA"
"-100.06","51.10","DAUPHIN CS","5040681","2021-08-13 16:00","2021","08","13","16:00","25.3","","5.0","","27","","0.0","","29","","17","","","","98.11","","25","","","","NA"
"-100.06","51.10","DAUPHIN CS","5040681","2021-08-13 17:00","2021","08","13","17:00","25.4","","6.2","","29","","0.0","","28","","16","","","","98.05","","25","","","","NA"
"-100.06","51.10","DAUPHIN CS","5040681","2021-08-13 18:00","2021","08","13","18:00","25.6","","6.5","","30","","0.0","","28","","15","","","","98.02","","25","","","","NA"
"-100.06","51.10","DAUPHIN CS","5040681","2021-08-13 19:00","2021","08","13","19:00","24.2","","7.8","","35","","0.0","","34","","6","","","","97.98","","25","","","","NA"
"-100.06","51.10","DAUPHIN CS","5040681","2021-08-13 20:00","2021","08","13","20:00","18.0","","11.0","","63","","0.0","","18","","8","","","","97.97","","","","","","NA"
"-100.06","51.10","DAUPHIN CS","5040681","2021-08-13 21:00","2021","08","13","21:00","14.6","","10.8","","78","","0.0","","15","","9","","","","97.99","","","","","","NA"
"-100.06","51.10","DAUPHIN CS","5040681","2021-08-13 22:00","2021","08","13","22:00","14.6","","11.5","","82","","0.0","","19","","8","","","","97.98","","","","","","NA"
"-100.06","51.10","DAUPHIN CS","5040681","2021-08-13 23:00","2021","08","13","23:00","12.3","","9.2","","81","","0.0","","23","","10","","","","97.99","","","","","","NA"
"-100.06","51.10","DAUPHIN CS","5040681","2021-08-14 00:00","2021","08","14","00:00","10.6","","8.4","","86","","0.0","","22","","6","","","","98.00","","","","","","NA"
"-100.06","51.10","DAUPHIN CS","5040681","2021-08-14 01:00","2021","08","14","01:00","13.4","","8.7","","73","","0.0","","24","","13","","","","97.96","","","","","","NA"
"-100.06","51.10","DAUPHIN CS","5040681","2021-08-14 02:00","2021","08","14","02:00","15.0","","9.6","","70","","0.0","","22","","11","","","","97.90","","","","","","NA"
"-100.06","51.10","DAUPHIN CS","5040681","2021-08-14 03:00","2021","08","14","03:00","16.2","","9.7","","66","","0.0","","21","","13","","","","97.86","","","","","","NA"
"-100.06","51.10","DAUPHIN CS","5040681","2021-08-14 04:00","2021","08","14","04:00","15.6","","8.9","","64","","0.0","","23","","14","","","","97.84","","","","","","NA"
"-100.06","51.10","DAUPHIN CS","5040681","2021-08-14 05:00","2021","08","14","05:00","14.8","","9.4","","70","","0.0","","23","","14","","","","97.83","","","","","","NA"
"-100.06","51.10","DAUPHIN CS","5040681","2021-08-14 06:00","2021","08","14","06:00","15.3","","9.3","","67","","0.0","","25","","16","","","","97.86","","","","","","NA"
"-100.06","51.10","DAUPHIN CS","5040681","2021-08-14 07:00","2021","08","14","07:00","17.3","","10.3","","64","","0.0","","24","","12","","","","97.87","","","","","","NA"
"-100.06","51.10","DAUPHIN CS","5040681","2021-08-14 08:00","2021","08","14","08:00","21.9","","10.3","","47","","0.0","","23","","16","","","","97.84","","","","","","NA"
"-100.06","51.10","DAUPHIN CS","5040681","2021-08-14 09:00","2021","08","14","09:00","25.8","","8.8","","34","","0.0","","23","","22","","","","97.80","","27","","","","NA"
"-100.06","51.10","DAUPHIN CS","5040681","2021-08-14 10:00","2021","08","14","10:00","28.6","","10.3","","32","","0.0","","23","","20","","","","97.75","","30","","","","NA"
"-100.06","51.10","DAUPHIN CS","5040681","2021-08-14 11:00","2021","08","14","11:00","30.9","","8.6","","25","","0.0","","24","","29","","","","97.74","","32","","","","NA"
"-100.06","51.10","DAUPHIN CS","5040681","2021-08-14 12:00","2021","08","14","12:00","31.9","","9.2","","25","","0.0","","25","","28","","","","97.68","","33","","","","NA"
"-100.06","51.10","DAUPHIN CS","5040681","2021-08-14 13:00","2021","08","14","13:00","33.1","","9.2","","23","","0.0","","24","","30","","","","97.61","","34","","","","NA"
"-100.06","51.10","DAUPHIN CS","5040681","2021-08-14 14:00","2021","08","14","14:00","33.9","","8.9","","21","","0.0","","24","","28","","","","97.56","","35","","","","NA"
"-100.06","51.10","DAUPHIN CS","5040681","2021-08-14 15:00","2021","08","14","15:00","34.4","","8.2","","20","","0.0","","23","","28","","","","97.52","","35","","","","NA"
"-100.06","51.10","DAUPHIN CS","5040681","2021-08-14 16:00","2021","08","14","16:00","34.8","","8.1","","19","","0.0","","24","","25","","","","97.46","","35","","","","NA"
"-100.06","51.10","DAUPHIN CS","5040681","2021-08-14 17:00","2021","08","14","17:00","34.1","","8.3","","20","","0.0","","23","","22","","","","97.42","","35","","","","NA"
"-100.06","51.10","DAUPHIN CS","5040681","2021-08-14 18:00","2021","08","14","18:00","33.2","","9.0","","23","","0.0","","23","","19","","","","97.38","","34","","","","NA"
"-100.06","51.10","DAUPHIN CS","5040681","2021-08-14 19:00","2021","08","14","19:00","30.2","","10.0","","28","","0.0","","21","","17","","","","97.35","","31","","","","NA"
"-100.06","51.10","DAUPHIN CS","5040681","2021-08-14 20:00","2021","08","14","20:00","28.1","","9.7","","32","","0.0","","20","","16","","","","97.34","","29","","","","NA"
"-100.06","51.10","DAUPHIN CS","5040681","2021-08-14 21:00","2021","08","14","21:00","27.2","","9.8","","34","","0.0","","20","","18","","","","97.35","","28","","","","NA"
"-100.06","51.10","DAUPHIN CS","5040681","2021-08-14 22:00","2021","08","14","22:00","27.2","","9.6","","33","","0.0","","21","","21","","","","97.32","","28","","","","NA"
"-100.06","51.10","DAUPHIN CS","5040681","2021-08-14 23:00","2021","08","14","23:00","26.2","","8.8","","33","","0.0","","21","","20","","","","97.30","","27","","","","NA"
"-100.06","51.10","DAUPHIN CS","5040681","2021-08-15 00:00","2021","08","15","00:00","26.6","","7.6","","30","","0.0","","21","","22","","","","97.28","","27","","","","NA"
"-100.06","51.10","DAUPHIN CS","5040681","2021-08-15 01:00","2021","08","15","01:00","26.1","","7.3","","30","","0.0","","21","","23","","","","97.24","","26","","","","NA"
"-100.06","51.10","DAUPHIN CS","5040681","2021-08-15 02:00","2021","08","15","02:00","25.8","","7.1","","30","","0.0","","21","","20","","","","97.19","","26","","","","NA"
"-100.06","51.10","DAUPHIN CS","5040681","2021-08-15 03:00","2021","08","15","03:00","25.4","","7.0","","31","","0.0","","21","","21","","","","97.19","","25","","","","NA"
"-100.06","51.10","DAUPHIN CS","5040681","2021-08-15 04:00","2021","08","15","04:00","24.8","","7.7","","33","","0.0","","21","","25","","","","97.16","","25","","","","NA"
"-100.06","51.10","DAUPHIN CS","5040681","2021-08-15 05:00","2021","08","15","05:00","24.3","","7.5","","34","","0.0","","21","","22","","","","97.11","","25","","","","NA"
"-100.06","51.10","DAUPHIN CS","5040681","2021-08-15 06:00","2021","08","15","06:00","24.9","","6.7","","31","","0.0","","21","","25","","","","97.08","","25","","","","NA"
"-100.06","51.10","DAUPHIN CS","5040681","2021-08-15 07:00","2021","08","15","07:00","26.0","","6.9","","30","","0.0","","21","","26","","","","97.07","","26","","","","NA"
"-100.06","51.10","DAUPHIN CS","5040681","2021-08-15 08:00","2021","08","15","08:00","25.5","","8.3","","34","","0.0","","28","","22","","","","97.17","","26","","","","NA"
"-100.06","51.10","DAUPHIN CS","5040681","2021-08-15 09:00","2021","08","15","09:00","24.4","","9.3","","38","","0.0","","23","","17","","","","97.13","","25","","","","NA"
"-100.06","51.10","DAUPHIN CS","5040681","2021-08-15 10:00","2021","08","15","10:00","25.5","","10.8","","40","","0.0","","29","","9","","","","97.16","","27","","","","NA"
"-100.06","51.10","DAUPHIN CS","5040681","2021-08-15 11:00","2021","08","15","11:00","27.6","","10.0","","33","","0.0","","26","","16","","","","97.12","","29","","","","NA"
"-100.06","51.10","DAUPHIN CS","5040681","2021-08-15 12:00","2021","08","15","12:00","28.5","","9.5","","31","","0.0","","24","","13","","","","97.07","","30","","","","NA"
"-100.06","51.10","DAUPHIN CS","5040681","2021-08-15 13:00","2021","08","15","13:00","29.5","","8.1","","26","","0.0","","25","","8","","","","97.04","","30","","","","NA"
"-100.06","51.10","DAUPHIN CS","5040681","2021-08-15 14:00","2021","08","15","14:00","30.6","","9.7","","27","","0.0","","25","","8","","","","97.00","","32","","","","NA"
"-100.06","51.10","DAUPHIN CS","5040681","2021-08-15 15:00","2021","08","15","15:00","31.8","","11.0","","28","","0.0","","25","","8","","","","96.97","","34","","","","NA"
"-100.06","51.10","DAUPHIN CS","5040681","2021-08-15 16:00","2021","08","15","16:00","32.6","","11.5","","28","","0.0","","32","","7","","","","96.95","","35","","","","NA"
"-100.06","51.10","DAUPHIN CS","5040681","2021-08-15 17:00","2021","08","15","17:00","31.1","","12.0","","31","","0.0","","1","","14","","","","96.94","","33","","","","NA"
"-100.06","51.10","DAUPHIN CS","5040681","2021-08-15 18:00","2021","08","15","18:00","26.9","","14.9","","48","","0.0","","7","","11","","","","96.95","","31","","","","NA"
"-100.06","51.10","DAUPHIN CS","5040681","2021-08-15 19:00","2021","08","15","19:00","25.3","","15.4","","54","","0.0","","4","","10","","","","96.97","","30","","","","NA"
"-100.06","51.10","DAUPHIN CS","5040681","2021-08-15 20:00","2021","08","15","20:00","21.8","","15.9","","69","","0.0","","","","0","","","","96.99","","26","","","","NA"
"-100.06","51.10","DAUPHIN CS","5040681","2021-08-15 21:00","2021","08","15","21:00","17.4","","13.4","","78","","0.0","","26","","4","","","","97.01","","","","","","NA"
"-100.06","51.10","DAUPHIN CS","5040681","2021-08-15 22:00","2021","08","15","22:00","17.6","","14.4","","81","","0.0","","36","","3","","","","97.00","","","","","","NA"
"-100.06","51.10","DAUPHIN CS","5040681","2021-08-15 23:00","2021","08","15","23:00","17.0","","13.2","","78","","0.0","","6","","2","","","","96.98","","","","","","NA"
"-100.06","51.10","DAUPHIN CS","5040681","2021-08-16 00:00","2021","08","16","00:00","16.3","","12.7","","79","","0.0","","35","","5","","","","96.98","","","","","","NA"
"-100.06","51.10","DAUPHIN CS","5040681","2021-08-16 01:00","2021","08","16","01:00","14.1","","11.8","","86","","0.0","","28","","6","","","","96.97","","","","","","NA"
"-100.06","51.10","DAUPHIN CS","5040681","2021-08-16 02:00","2021","08","16","02:00","12.9","","11.3","","90","","0.0","","28","","3","","","","96.96","","","","","","NA"
"-100.06","51.10","DAUPHIN CS","5040681","2021-08-16 03:00","2021","08","16","03:00","12.3","","11.1","","92","","0.0","","22","","6","","","","96.91","","","","","","NA"
"-100.06","51.10","DAUPHIN CS","5040681","2021-08-16 04:00","2021","08","16","04:00","13.8","","12.2","","90","","0.0","","30","","7","","","","96.90","","","","","","NA"
"-100.06","51.10","DAUPHIN CS","5040681","2021-08-16 05:00","2021","08","16","05:00","11.8","","10.5","","92","","0.0","","25","","5","","","","96.89","","","","","","NA"
"-100.06","51.10","DAUPHIN CS","5040681","2021-08-16 06:00","2021","08","16","06:00","13.2","","12.0","","92","","0.0","","24","","6","","","","96.86","","","","","","NA"
"-100.06","51.10","DAUPHIN CS","5040681","2021-08-16 07:00","2021","08","16","07:00","14.6","","13.1","","91","","0.0","","23","","4","","","","96.80","","","","","","NA"
"-100.06","51.10","DAUPHIN CS","5040681","2021-08-16 08:00","2021","08","16","08:00","17.6","","14.1","","80","","0.0","","28","","1","","","","96.73","","","","","","NA"
"-100.06","51.10","DAUPHIN CS","5040681","2021-08-16 09:00","2021","08","16","09:00","20.2","","15.3","","73","","0.0","","1","","6","","","","96.67","","","","","","NA"
"-100.06","51.10","DAUPHIN CS","5040681","2021-08-16 10:00","2021","08","16","10:00","23.0","","14.9","","60","","0.0","","2","","5","","","","96.64","","27","","","","NA"
"-100.06","51.10","DAUPHIN CS","5040681","2021-08-16 11:00","2021","08","16","11:00","25.5","","14.1","","49","","0.0","","7","","4","","","","96.56","","29","","","","NA"
"-100.06","51.10","DAUPHIN CS","5040681","2021-08-16 12:00","2021","08","16","12:00","27.0","","14.8","","47","","0.0","","7","","6","","","","96.43","","31","","","","NA"
"-100.06","51.10","DAUPHIN CS","5040681","2021-08-16 13:00","2021","08","16","13:00","28.5","","15.2","","44","","0.0","","8","","4","","","","96.34","","33","","","","NA"
"-100.06","51.10","DAUPHIN CS","5040681","2021-08-16 14:00","2021","08","16","14:00","30.6","","17.1","","44","","0.0","","8","","5","","","","96.26","","36","","","","NA"
"-100.06","51.10","DAUPHIN CS","5040681","2021-08-16 15:00","2021","08","16","15:00","30.0","","16.8","","45","","0.0","","4","","7","","","","96.24","","35","","","","NA"
"-100.06","51.10","DAUPHIN CS","5040681","2021-08-16 16:00","2021","08","16","16:00","31.4","","19.3","","49","","0.0","","14","","8","","","","96.17","","38","","","","NA"
"-100.06","51.10","DAUPHIN CS","5040681","2021-08-16 17:00","2021","08","16","17:00","31.3","","16.2","","40","","0.0","","19","","10","","","","96.14","","36","","","","NA"
"-100.06","51.10","DAUPHIN CS","5040681","2021-08-16 18:00","2021","08","16","18:00","29.2","","16.4","","46","","0.0","","23","","11","","","","96.11","","34","","","","NA"
"-100.06","51.10","DAUPHIN CS","5040681","2021-08-16 19:00","2021","08","16","19:00","29.1","","15.6","","44","","0.0","","22","","16","","","","96.12","","33","","","","NA"
"-100.06","51.10","DAUPHIN CS","5040681","2021-08-16 20:00","2021","08","16","20:00","26.3","","14.5","","48","","0.0","","23","","16","","","","96.16","","30","","","","NA"
"-100.06","51.10","DAUPHIN CS","5040681","2021-08-16 21:00","2021","08","16","21:00","24.2","","12.8","","49","","0.0","","24","","17","","","","96.26","","27","","","","NA"
"-100.06","51.10","DAUPHIN CS","5040681","2021-08-16 22:00","2021","08","16","22:00","22.6","","11.1","","48","","0.0","","24","","16","","","","96.34","","","","","","NA"
"-100.06","51.10","DAUPHIN CS","5040681","2021-08-16 23:00","2021","08","16","23:00","23.3","","12.3","","50","","0.0","","26","","19","","","","96.47","","26","","","","NA"
"-100.06","51.10","DAUPHIN CS","5040681","2021-08-17 00:00","2021","08","17","00:00","21.2","","13.5","","61","","0.0","","27","","12","","","","96.61","","","","","","NA"
"-100.06","51.10","DAUPHIN CS","5040681","2021-08-17 01:00","2021","08","17","01:00","20.8","","15.1","","70","","0.0","","29","","7","","","","96.73","","25","","","","NA"
"-100.06","51.10","DAUPHIN CS","5040681","2021-08-17 02:00","2021","08","17","02:00","20.0","","14.5","","70","","0.0","","34","","5","","","","96.85","","","","","","NA"
"-100.06","51.10","DAUPHIN CS","5040681","2021-08-17 03:00","2021","08","17","03:00","19.4","","12.7","","65","","0.0","","34","","9","","","","96.89","","","","","","NA"
"-100.06","51.10","DAUPHIN CS","5040681","2021-08-17 04:00","2021","08","17","04:00","17.3","","12.4","","73","","0.0","","25","","8","","","","96.94","","","","","","NA"
"-100.06","51.10","DAUPHIN CS","5040681","2021-08-17 05:00","2021","08","17","05:00","17.6","","12.9","","74","","0.0","","28","","10","","","","96.97","","","","","","NA"
"-100.06","51.10","DAUPHIN CS","5040681","2021-08-17 06:00","2021","08","17","06:00","16.2","","12.2","","77","","0.0","","26","","6","","","","97.01","","","","","","NA"
"-100.06","51.10","DAUPHIN CS","5040681","2021-08-17 07:00","2021","08","17","07:00","16.7","","12.1","","74","","0.0","","25","","5","","","","97.09","","","","","","NA"
"-100.06","51.10","DAUPHIN CS","5040681","2021-08-17 08:00","2021","08","17","08:00","18.3","","12.8","","70","","0.0","","25","","7","","","","97.15","","","","","","NA"
"-100.06","51.10","DAUPHIN CS","5040681","2021-08-17 09:00","2021","08","17","09:00","20.2","","11.8","","59","","0.0","","1","","14","","","","97.16","","","","","","NA"
"-100.06","51.10","DAUPHIN CS","5040681","2021-08-17 10:00","2021","08","17","10:00","20.4","","11.3","","56","","0.0","","3","","17","","","","97.18","","","","","","NA"
"-100.06","51.10","DAUPHIN CS","5040681","2021-08-17 11:00","2021","08","17","11:00","22.3","","11.5","","50","","0.0","","4","","13","","","","97.25","","","","","","NA"
"-100.06","51.10","DAUPHIN CS","5040681","2021-08-17 12:00","2021","08","17","12:00","23.4","","10.2","","43","","0.0","","2","","12","","","","97.31","","25","","","","NA"
"-100.06","51.10","DAUPHIN CS","5040681","2021-08-17 13:00","2021","08","17","13:00","23.9","","10.8","","44","","0.0","","3","","14","","","","97.29","","26","","","","NA"
"-100.06","51.10","DAUPHIN CS","5040681","2021-08-17 14:00","2021","08","17","14:00","23.1","","10.1","","44","","0.0","","5","","15","","","","97.27","","","","","","NA"
"-100.06","51.10","DAUPHIN CS","5040681","2021-08-17 15:00","2021","08","17","15:00","23.8","","9.6","","40","","0.0","","5","","15","","","","97.29","","25","","","","NA"
"-100.06","51.10","DAUPHIN CS","5040681","2021-08-17 16:00","2021","08","17","16:00","23.1","","9.9","","43","","0.0","","4","","13","","","","97.31","","","","","","NA"
"-100.06","51.10","DAUPHIN CS","5040681","2021-08-17 17:00","2021","08","17","17:00","22.0","","10.2","","47","","0.0","","6","","14","","","","97.27","","","","","","NA"
"-100.06","51.10","DAUPHIN CS","5040681","2021-08-17 18:00","2021","08","17","18:00","21.6","","9.9","","47","","0.0","","5","","14","","","","97.29","","","","","","NA"
"-100.06","51.10","DAUPHIN CS","5040681","2021-08-17 19:00","2021","08","17","19:00","19.9","","10.9","","56","","0.0","","7","","9","","","","97.33","","","","","","NA"
"-100.06","51.10","DAUPHIN CS","5040681","2021-08-17 20:00","2021","08","17","20:00","18.1","","10.9","","63","","0.0","","4","","7","","","","97.37","","","","","","NA"
"-100.06","51.10","DAUPHIN CS","5040681","2021-08-17 21:00","2021","08","17","21:00","15.4","","10.5","","72","","0.0","","3","","13","","","","97.43","","","","","","NA"
"-100.06","51.10","DAUPHIN CS","5040681","2021-08-17 22:00","2021","08","17","22:00","16.3","","11.4","","73","","0.0","","","","0","","","","97.53","","","","","","NA"
"-100.06","51.10","DAUPHIN CS","5040681","2021-08-17 23:00","2021","08","17","23:00","17.2","","11.8","","71","","0.0","","1","","13","","","","97.62","","","","","","NA"
"-100.06","51.10","DAUPHIN CS","5040681","2021-08-18 00:00","2021","08","18","00:00","16.1","","10.6","","70","","0.0","","4","","12","","","","97.55","","","","","","NA"
"-100.06","51.10","DAUPHIN CS","5040681","2021-08-18 01:00","2021","08","18","01:00","16.2","","11.3","","73","","0.0","","7","","13","","","","97.57","","","","","","NA"
"-100.06","51.10","DAUPHIN CS","5040681","2021-08-18 02:00","2021","08","18","02:00","16.4","","10.3","","67","","0.0","","4","","9","","","","97.74","","","","","","NA"
"-100.06","51.10","DAUPHIN CS","5040681","2021-08-18 03:00","2021","08","18","03:00","15.2","","10.7","","75","","0.0","","5","","16","","","","97.53","","","","","","NA"
"-100.06","51.10","DAUPHIN CS","5040681","2021-08-18 04:00","2021","08","18","04:00","15.3","","11.7","","79","","0.2","","34","","6","","","","97.77","","","","","","NA"
"-100.06","51.10","DAUPHIN CS","5040681","2021-08-18 05:00","2021","08","18","05:00","15.2","","11.1","","76","","0.0","","1","","17","","","","97.66","","","","","","NA"
"-100.06","51.10","DAUPHIN CS","5040681","2021-08-18 06:00","2021","08","18","06:00","15.1","","10.3","","73","","0.0","","31","","11","","","","97.98","","","","","","NA"
"-100.06","51.10","DAUPHIN CS","5040681","2021-08-18 07:00","2021","08","18","07:00","14.5","","11.3","","81","","0.0","","36","","17","","","","97.89","","","","","","NA"
"-100.06","51.10","DAUPHIN CS","5040681","2021-08-18 08:00","2021","08","18","08:00","14.3","","11.6","","84","","0.0","","4","","16","","","","97.78","","","","","","NA"
"-100.06","51.10","DAUPHIN CS","5040681","2021-08-18 09:00","2021","08","18","09:00","13.8","","12.3","","91","","0.0","","1","","9","","","","97.98","","","","","","NA"
"-100.06","51.10","DAUPHIN CS","5040681","2021-08-18 10:00","2021","08","18","10:00","15.3","","13.2","","87","","0.0","","1","","16","","","","97.93","","","","","","NA"
"-100.06","51.10","DAUPHIN CS","5040681","2021-08-18 11:00","2021","08","18","11:00","16.4","","12.1","","76","","0.0","","3","","25","","","","97.93","","","","","","NA"
"-100.06","51.10","DAUPHIN CS","5040681","2021-08-18 12:00","2021","08","18","12:00","17.5","","12.4","","72","","0.0","","3","","26","","","","97.97","","","","","","NA"
"-100.06","51.10","DAUPHIN CS","5040681","2021-08-18 13:00","2021","08","18","13:00","17.1","","11.9","","71","","0.0","","2","","27","","","","97.98","","","","","","NA"
"-100.06","51.10","DAUPHIN CS","5040681","2021-08-18 14:00","2021","08","18","14:00","16.7","","11.9","","73","","0.0","","2","","26","","","","97.97","","","","","","NA"
"-100.06","51.10","DAUPHIN CS","5040681","2021-08-18 15:00","2021","08","18","15:00","16.7","","12.2","","75","","0.0","","3","","22","","","","97.97","","","","","","NA"
"-100.06","51.10","DAUPHIN CS","5040681","2021-08-18 16:00","2021","08","18","16:00","16.4","","11.5","","73","","0.0","","1","","26","","","","97.97","","","","","","NA"
"-100.06","51.10","DAUPHIN CS","5040681","2021-08-18 17:00","2021","08","18","17:00","16.3","","11.4","","73","","0.0","","2","","24","","","","97.98","","","","","","NA"
"-100.06","51.10","DAUPHIN CS","5040681","2021-08-18 18:00","2021","08","18","18:00","16.1","","11.4","","74","","0.0","","3","","20","","","","98.04","","","","","","NA"
"-100.06","51.10","DAUPHIN CS","5040681","2021-08-18 19:00","2021","08","18","19:00","15.9","","11.2","","74","","0.0","","3","","16","","","","98.00","","","","","","NA"
"-100.06","51.10","DAUPHIN CS","5040681","2021-08-18 20:00","2021","08","18","20:00","15.7","","11.0","","74","","0.0","","2","","14","","","","98.03","","","","","","NA"
"-100.06","51.10","DAUPHIN CS","5040681","2021-08-18 21:00","2021","08","18","21:00","15.4","","11.1","","76","","0.0","","3","","18","","","","98.01","","","","","","NA"
"-100.06","51.10","DAUPHIN CS","5040681","2021-08-18 22:00","2021","08","18","22:00","15.2","","11.9","","81","","0.0","","3","","17","","","","97.99","","","","","","NA"
"-100.06","51.10","DAUPHIN CS","5040681","2021-08-18 23:00","2021","08","18","23:00","14.3","","12.5","","89","","2.0","","5","","13","","","","97.92","","","","","","NA"
"-100.06","51.10","DAUPHIN CS","5040681","2021-08-19 00:00","2021","08","19","00:00","13.7","","12.4","","92","","4.6","","1","","16","","","","97.88","","","","","","NA"
"-100.06","51.10","DAUPHIN CS","5040681","2021-08-19 01:00","2021","08","19","01:00","13.5","","12.1","","91","","0.0","","3","","16","","","","97.89","","","","","","NA"
"-100.06","51.10","DAUPHIN CS","5040681","2021-08-19 02:00","2021","08","19","02:00","13.4","","12.3","","93","","0.7","","2","","16","","","","97.82","","","","","","NA"
"-100.06","51.10","DAUPHIN CS","5040681","2021-08-19 03:00","2021","08","19","03:00","13.4","","12.4","","93","","0.0","","3","","8","","","","97.77","","","","","","NA"
"-100.06","51.10","DAUPHIN CS","5040681","2021-08-19 04:00","2021","08","19","04:00","13.5","","12.5","","93","","0.0","","36","","8","","","","97.79","","","","","","NA"
"-100.06","51.10","DAUPHIN CS","5040681","2021-08-19 05:00","2021","08","19","05:00","13.4","","12.2","","92","","0.0","","34","","8","","","","97.79","","","","","","NA"
"-100.06","51.10","DAUPHIN CS","5040681","2021-08-19 06:00","2021","08","19","06:00","13.2","","12.1","","93","","0.0","","36","","15","","","","97.80","","","","","","NA"
"-100.06","51.10","DAUPHIN CS","5040681","2021-08-19 07:00","2021","08","19","07:00","13.2","","12.0","","92","","0.0","","1","","17","","","","97.81","","","","","","NA"
"-100.06","51.10","DAUPHIN CS","5040681","2021-08-19 08:00","2021","08","19","08:00","13.4","","12.5","","94","","0.2","","33","","11","","","","97.83","","","","","","NA"
"-100.06","51.10","DAUPHIN CS","5040681","2021-08-19 09:00","2021","08","19","09:00","13.6","","12.6","","94","","0.2","","36","","18","","","","97.82","","","","","","NA"
"-100.06","51.10","DAUPHIN CS","5040681","2021-08-19 10:00","2021","08","19","10:00","13.9","","12.7","","93","","0.0","","1","","16","","","","97.81","","","","","","NA"
"-100.06","51.10","DAUPHIN CS","5040681","2021-08-19 11:00","2021","08","19","11:00","14.4","","13.1","","92","","0.0","","1","","15","","","","97.79","","","","","","NA"
"-100.06","51.10","DAUPHIN CS","5040681","2021-08-19 12:00","2021","08","19","12:00","14.6","","12.8","","89","","0.0","","36","","14","","","","97.78","","","","","","NA"
"-100.06","51.10","DAUPHIN CS","5040681","2021-08-19 13:00","2021","08","19","13:00","14.7","","12.7","","88","","0.0","","34","","12","","","","97.78","","","","","","NA"
"-100.06","51.10","DAUPHIN CS","5040681","2021-08-19 14:00","2021","08","19","14:00","14.6","","12.9","","89","","0.0","","1","","13","","","","97.78","","","","","","NA"
"-100.06","51.10","DAUPHIN CS","5040681","2021-08-19 15:00","2021","08","19","15:00","15.1","","12.5","","84","","0.0","","36","","16","","","","97.77","","","","","","NA"
"-100.06","51.10","DAUPHIN CS","5040681","2021-08-19 16:00","2021","08","19","16:00","15.2","","12.4","","83","","0.0","","36","","14","","","","97.81","","","","","","NA"
"-100.06","51.10","DAUPHIN CS","5040681","2021-08-19 17:00","2021","08","19","17:00","14.9","","12.4","","85","","0.0","","36","","16","","","","97.73","","","","","","NA"
"-100.06","51.10","DAUPHIN CS","5040681","2021-08-19 18:00","2021","08","19","18:00","14.6","","12.5","","87","","0.0","","35","","9","","","","97.73","","","","","","NA"
"-100.06","51.10","DAUPHIN CS","5040681","2021-08-19 19:00","2021","08","19","19:00","14.2","","12.4","","89","","0.0","","30","","8","","","","97.77","","","","","","NA"
"-100.06","51.10","DAUPHIN CS","5040681","2021-08-19 20:00","2021","08","19","20:00","13.5","","12.2","","92","","0.5","","29","","3","","","","97.76","","","","","","NA"
"-100.06","51.10","DAUPHIN CS","5040681","2021-08-19 21:00","2021","08","19","21:00","13.6","","12.5","","93","","0.2","","32","","6","","","","97.76","","","","","","NA"
"-100.06","51.10","DAUPHIN CS","5040681","2021-08-19 22:00","2021","08","19","22:00","13.4","","12.3","","93","","0.0","","34","","8","","","","97.71","","","","","","NA"
"-100.06","51.10","DAUPHIN CS","5040681","2021-08-19 23:00","2021","08","19","23:00","13.1","","12.1","","94","","0.0","","36","","10","","","","97.63","","","","","","NA"
"-100.06","51.10","DAUPHIN CS","5040681","2021-08-20 00:00","2021","08","20","00:00","13.0","","12.1","","94","","0.0","","35","","10","","","","97.57","","","","","","NA"
"-100.06","51.10","DAUPHIN CS","5040681","2021-08-20 01:00","2021","08","20","01:00","12.9","","12.0","","94","","0.0","","34","","7","","","","97.53","","","","","","NA"
"-100.06","51.10","DAUPHIN CS","5040681","2021-08-20 02:00","2021","08","20","02:00","12.9","","12.0","","95","","0.0","","36","","8","","","","97.49","","","","","","NA"
"-100.06","51.10","DAUPHIN CS","5040681","2021-08-20 03:00","2021","08","20","03:00","12.8","","12.0","","95","","0.3","","35","","9","","","","97.44","","","","","","NA"
"-100.06","51.10","DAUPHIN CS","5040681","2021-08-20 04:00","2021","08","20","04:00","12.9","","12.2","","95","","0.5","","35","","9","","","","97.42","","","","","","NA"
"-100.06","51.10","DAUPHIN CS","5040681","2021-08-20 05:00","2021","08","20","05:00","12.8","","12.1","","96","","1.0","","1","","10","","","","97.39","","","","","","NA"
"-100.06","51.10","DAUPHIN CS","5040681","2021-08-20 06:00","2021","08","20","06:00","12.9","","12.1","","95","","0.1","","2","","13","","","","97.39","","","","","","NA"
"-100.06","51.10","DAUPHIN CS","5040681","2021-08-20 07:00","2021","08","20","07:00","12.6","","11.5","","93","","0.3","","2","","19","","","","97.36","","","","","","NA"
"-100.06","51.10","DAUPHIN CS","5040681","2021-08-20 08:00","2021","08","20","08:00","12.6","","11.5","","93","","0.2","","2","","14","","","","97.34","","","","","","NA"
"-100.06","51.10","DAUPHIN CS","5040681","2021-08-20 09:00","2021","08","20","09:00","12.8","","11.5","","92","","0.0","","2","","17","","","","97.28","","","","","","NA"
"-100.06","51.10","DAUPHIN CS","5040681","2021-08-20 10:00","2021","08","20","10:00","12.8","","11.5","","92","","0.0","","2","","13","","","","97.31","","","","","","NA"
"-100.06","51.10","DAUPHIN CS","5040681","2021-08-20 11:00","2021","08","20","11:00","13.1","","11.8","","92","","0.0","","2","","17","","","","97.24","","","","","","NA"
"-100.06","51.10","DAUPHIN CS","5040681","2021-08-20 12:00","2021","08","20","12:00","13.0","","11.6","","91","","0.0","","1","","17","","","","97.24","","","","","","NA"
"-100.06","51.10","DAUPHIN CS","5040681","2021-08-20 13:00","2021","08","20","13:00","12.3","","11.5","","94","","0.6","","36","","17","","","","97.18","","","","","","NA"
"-100.06","51.10","DAUPHIN CS","5040681","2021-08-20 14:00","2021","08","20","14:00","12.6","","11.3","","92","","0.6","","1","","18","","","","97.12","","","","","","NA"
"-100.06","51.10","DAUPHIN CS","5040681","2021-08-20 15:00","2021","08","20","15:00","12.9","","11.5","","91","","0.7","","36","","16","","","","97.08","","","","","","NA"
"-100.06","51.10","DAUPHIN CS","5040681","2021-08-20 16:00","2021","08","20","16:00","12.4","","11.2","","92","","0.1","","35","","16","","","","97.04","","","","","","NA"
"-100.06","51.10","DAUPHIN CS","5040681","2021-08-20 17:00","2021","08","20","17:00","12.1","","11.2","","94","","2.4","","35","","18","","","","96.98","","","","","","NA"
"-100.06","51.10","DAUPHIN CS","5040681","2021-08-20 18:00","2021","08","20","18:00","11.7","","10.8","","94","","1.9","","35","","22","","","","96.95","","","","","","NA"
"-100.06","51.10","DAUPHIN CS","5040681","2021-08-20 19:00","2021","08","20","19:00","11.4","","10.4","","94","","2.2","","34","","18","","","","96.93","","","","","","NA"
"-100.06","51.10","DAUPHIN CS","5040681","2021-08-20 20:00","2021","08","20","20:00","11.2","","10.3","","94","","4.3","","35","","21","","","","96.82","","","","","","NA"
"-100.06","51.10","DAUPHIN CS","5040681","2021-08-20 21:00","2021","08","20","21:00","11.3","","10.3","","94","","3.4","","35","","21","","","","96.80","","","","","","NA"
"-100.06","51.10","DAUPHIN CS","5040681","2021-08-20 22:00","2021","08","20","22:00","10.9","","9.8","","93","","1.9","","34","","19","","","","96.75","","","","","","NA"
"-100.06","51.10","DAUPHIN CS","5040681","2021-08-20 23:00","2021","08","20","23:00","11.0","","9.6","","91","","1.1","","33","","21","","","","96.72","","","","","","NA"
"-100.06","51.10","DAUPHIN CS","5040681","2021-08-21 00:00","2021","08","21","00:00","11.2","","9.3","","88","","2.2","","33","","27","","","","96.67","","","","","","NA"
"-100.06","51.10","DAUPHIN CS","5040681","2021-08-21 01:00","2021","08","21","01:00","11.2","","9.6","","90","","2.0","","32","","24","","","","96.64","","","","","","NA"
"-100.06","51.10","DAUPHIN CS","5040681","2021-08-21 02:00","2021","08","21","02:00","11.1","","9.7","","91","","0.6","","31","","16","","","","96.65","","","","","","NA"
"-100.06","51.10","DAUPHIN CS","5040681","2021-08-21 03:00","2021","08","21","03:00","11.8","","10.5","","91","","0.5","","30","","20","","","","96.67","","","","","","NA"
"-100.06","51.10","DAUPHIN CS","5040681","2021-08-21 04:00","2021","08","21","04:00","11.6","","9.7","","88","","0.1","","30","","22","","","","96.77","","","","","","NA"
"-100.06","51.10","DAUPHIN CS","5040681","2021-08-21 05:00","2021","08","21","05:00","11.2","","9.8","","91","","1.4","","29","","18","","","","96.83","","","","","","NA"
"-100.06","51.10","DAUPHIN CS","5040681","2021-08-21 06:00","2021","08","21","06:00","11.2","","9.9","","91","","0.2","","27","","15","","","","96.86","","","","","","NA"
"-100.06","51.10","DAUPHIN CS","5040681","2021-08-21 07:00","2021","08","21","07:00","11.9","","10.6","","91","","0.8","","27","","17","","","","96.90","","","","","","NA"
"-100.06","51.10","DAUPHIN CS","5040681","2021-08-21 08:00","2021","08","21","08:00","12.4","","11.3","","93","","0.6","","28","","15","","","","96.97","","","","","","NA"
"-100.06","51.10","DAUPHIN CS","5040681","2021-08-21 09:00","2021","08","21","09:00","15.1","","12.7","","86","","0.3","","27","","21","","","","97.03","","","","","","NA"
"-100.06","51.10","DAUPHIN CS","5040681","2021-08-21 10:00","2021","08","21","10:00","15.9","","11.6","","75","","0.0","","29","","21","","","","97.13","","","","","","NA"
"-100.06","51.10","DAUPHIN CS","5040681","2021-08-21 11:00","2021","08","21","11:00","17.8","","11.7","","67","","0.0","","30","","24","","","","97.21","","","","","","NA"
"-100.06","51.10","DAUPHIN CS","5040681","2021-08-21 12:00","2021","08","21","12:00","17.7","","10.9","","65","","0.0","","30","","18","","","","97.31","","","","","","NA"
"-100.06","51.10","DAUPHIN CS","5040681","2021-08-21 13:00","2021","08","21","13:00","17.8","","9.0","","56","","0.0","","30","","18","","","","97.36","","","","","","NA"
"-100.06","51.10","DAUPHIN CS","5040681","2021-08-21 14:00","2021","08","21","14:00","19.4","","9.7","","53","","0.0","","29","","16","","","","97.39","","","","","","NA"
"-100.06","51.10","DAUPHIN CS","5040681","2021-08-21 15:00","2021","08","21","15:00","19.9","","8.1","","47","","0.0","","29","","16","","","","97.40","","","","","","NA"
"-100.06","51.10","DAUPHIN CS","5040681","2021-08-21 16:00","2021","08","21","16:00","20.6","","7.7","","43","","0.0","","28","","20","","","","97.41","","","","","","NA"
"-100.06","51.10","DAUPHIN CS","5040681","2021-08-21 17:00","2021","08","21","17:00","20.2","","7.3","","43","","0.0","","30","","16","","","","97.44","","","","","","NA"
"-100.06","51.10","DAUPHIN CS","5040681","2021-08-21 18:00","2021","08","21","18:00","19.6","","6.8","","43","","0.0","","28","","17","","","","97.46","","","","","","NA"
"-100.06","51.10","DAUPHIN CS","5040681","2021-08-21 19:00","2021","08","21","19:00","17.7","","8.6","","55","","0.0","","25","","10","","","","97.50","","","","","","NA"
"-100.06","51.10","DAUPHIN CS","5040681","2021-08-21 20:00","2021","08","21","20:00","13.6","","9.2","","75","","0.0","","22","","6","","","","97.55","","","","","","NA"
"-100.06","51.10","DAUPHIN CS","5040681","2021-08-21 21:00","2021","08","21","21:00","12.5","","9.3","","81","","0.0","","24","","6","","","","97.60","","","","","","NA"
"-100.06","51.10","DAUPHIN CS","5040681","2021-08-21 22:00","2021","08","21","22:00","10.7","","8.1","","84","","0.0","","23","","8","","","","97.61","","","","","","NA"
"-100.06","51.10","DAUPHIN CS","5040681","2021-08-21 23:00","2021","08","21","23:00","9.6","","7.5","","86","","0.0","","23","","8","","","","97.63","","","","","","NA"
"-100.06","51.10","DAUPHIN CS","5040681","2021-08-22 00:00","2021","08","22","00:00","9.0","","6.8","","86","","0.0","","23","","3","","","","97.65","","","","","","NA"
"-100.06","51.10","DAUPHIN CS","5040681","2021-08-22 01:00","2021","08","22","01:00","9.5","","7.1","","85","","0.0","","23","","9","","","","97.66","","","","","","NA"
"-100.06","51.10","DAUPHIN CS","5040681","2021-08-22 02:00","2021","08","22","02:00","7.8","","6.2","","90","","0.0","","27","","6","","","","97.66","","","","","","NA"
"-100.06","51.10","DAUPHIN CS","5040681","2021-08-22 03:00","2021","08","22","03:00","7.1","","5.8","","92","","0.0","","26","","5","","","","97.65","","","","","","NA"
"-100.06","51.10","DAUPHIN CS","5040681","2021-08-22 04:00","2021","08","22","04:00","7.1","","6.0","","93","","0.0","","27","","5","","","","97.62","","","","","","NA"
"-100.06","51.10","DAUPHIN CS","5040681","2021-08-22 05:00","2021","08","22","05:00","6.5","","5.8","","95","","0.0","","","","0","","","","97.65","","","","","","NA"
"-100.06","51.10","DAUPHIN CS","5040681","2021-08-22 06:00","2021","08","22","06:00","6.3","","5.5","","95","","0.0","","0","","1","","","","97.62","","","","","","NA"
"-100.06","51.10","DAUPHIN CS","5040681","2021-08-22 07:00","2021","08","22","07:00","8.2","","7.4","","94","","0.0","","","","0","","","","97.58","","","","","","NA"
"-100.06","51.10","DAUPHIN CS","5040681","2021-08-22 08:00","2021","08","22","08:00","10.3","","8.8","","90","","0.0","","4","","4","","","","97.52","","","","","","NA"
"-100.06","51.10","DAUPHIN CS","5040681","2021-08-22 09:00","2021","08","22","09:00","11.7","","9.8","","88","","0.0","","6","","5","","","","97.43","","","","","","NA"
"-100.06","51.10","DAUPHIN CS","5040681","2021-08-22 10:00","2021","08","22","10:00","14.2","","10.7","","80","","0.0","","5","","11","","","","97.39","","","","","","NA"
"-100.06","51.10","DAUPHIN CS","5040681","2021-08-22 11:00","2021","08","22","11:00","15.0","","11.2","","78","","0.0","","6","","15","","","","97.28","","","","","","NA"
"-100.06","51.10","DAUPHIN CS","5040681","2021-08-22 12:00","2021","08","22","12:00","15.3","","11.5","","78","","0.0","","8","","14","","","","97.20","","","","","","NA"
"-100.06","51.10","DAUPHIN CS","5040681","2021-08-22 13:00","2021","08","22","13:00","13.8","","12.4","","92","","2.2","","9","","13","","","","97.16","","","","","","NA"
"-100.06","51.10","DAUPHIN CS","5040681","2021-08-22 14:00","2021","08","22","14:00","14.1","","13.2","","95","","3.5","","6","","9","","","","97.07","","","","","","NA"
"-100.06","51.10","DAUPHIN CS","5040681","2021-08-22 15:00","2021","08","22","15:00","14.8","","13.8","","94","","4.3","","9","","28","","","","96.88","","","","","","NA"
"-100.06","51.10","DAUPHIN CS","5040681","2021-08-22 16:00","2021","08","22","16:00","14.3","","13.3","","94","","1.8","","8","","28","","","","96.70","","","","","","NA"
"-100.06","51.10","DAUPHIN CS","5040681","2021-08-22 17:00","2021","08","22","17:00","14.3","","13.3","","94","","0.5","","9","","30","","","","96.58","","","","","","NA"
"-100.06","51.10","DAUPHIN CS","5040681","2021-08-22 18:00","2021","08","22","18:00","14.4","","13.4","","94","","6.7","","8","","33","","","","96.45","","","","","","NA"
"-100.06","51.10","DAUPHIN CS","5040681","2021-08-22 19:00","2021","08","22","19:00","14.6","","13.7","","94","","2.3","","8","","24","","","","96.35","","","","","","NA"
"-100.06","51.10","DAUPHIN CS","5040681","2021-08-22 20:00","2021","08","22","20:00","14.6","","13.7","","94","","0.2","","7","","21","","","","96.29","","","","","","NA"
"-100.06","51.10","DAUPHIN CS","5040681","2021-08-22 21:00","2021","08","22","21:00","14.8","","14.0","","95","","1.0","","5","","19","","","","96.26","","","","","","NA"
"-100.06","51.10","DAUPHIN CS","5040681","2021-08-22 22:00","2021","08","22","22:00","15.0","","14.2","","95","","0.0","","4","","16","","","","96.24","","","","","","NA"
"-100.06","51.10","DAUPHIN CS","5040681","2021-08-22 23:00","2021","08","22","23:00","15.0","","14.1","","95","","0.1","","36","","14","","","","96.27","","","","","","NA"
"-100.06","51.10","DAUPHIN CS","5040681","2021-08-23 00:00","2021","08","23","00:00","14.6","","13.9","","95","","0.1","","35","","17","","","","96.34","","","","","","NA"
"-100.06","51.10","DAUPHIN CS","5040681","2021-08-23 01:00","2021","08","23","01:00","14.1","","13.2","","95","","0.7","","34","","25","","","","96.44","","","","","","NA"
"-100.06","51.10","DAUPHIN CS","5040681","2021-08-23 02:00","2021","08","23","02:00","13.5","","12.6","","94","","0.2","","33","","25","","","","96.56","","","","","","NA"
"-100.06","51.10","DAUPHIN CS","5040681","2021-08-23 03:00","2021","08","23","03:00","13.4","","12.3","","93","","0.0","","34","","27","","","","96.70","","","","","","NA"
"-100.06","51.10","DAUPHIN CS","5040681","2021-08-23 04:00","2021","08","23","04:00","12.9","","12.0","","94","","0.1","","33","","20","","","","96.82","","","","","","NA"
"-100.06","51.10","DAUPHIN CS","5040681","2021-08-23 05:00","2021","08","23","05:00","12.8","","11.8","","93","","0.0","","33","","19","","","","96.95","","","","","","NA"
"-100.06","51.10","DAUPHIN CS","5040681","2021-08-23 06:00","2021","08","23","06:00","12.8","","11.7","","93","","0.0","","33","","18","","","","97.09","","","","","","NA"
"-100.06","51.10","DAUPHIN CS","5040681","2021-08-23 07:00","2021","08","23","07:00","12.8","","11.7","","93","","0.0","","29","","15","","","","97.22","","","","","","NA"
"-100.06","51.10","DAUPHIN CS","5040681","2021-08-23 08:00","2021","08","23","08:00","12.8","","11.5","","91","","0.0","","31","","16","","","","97.30","","","","","","NA"
"-100.06","51.10","DAUPHIN CS","5040681","2021-08-23 09:00","2021","08","23","09:00","13.1","","11.6","","91","","0.0","","31","","16","","","","97.37","","","","","","NA"
"-100.06","51.10","DAUPHIN CS","5040681","2021-08-23 10:00","2021","08","23","10:00","13.6","","11.7","","88","","0.0","","32","","17","","","","97.47","","","","","","NA"
"-100.06","51.10","DAUPHIN CS","5040681","2021-08-23 11:00","2021","08","23","11:00","14.1","","11.9","","87","","0.0","","31","","14","","","","97.55","","","","","","NA"
"-100.06","51.10","DAUPHIN CS","5040681","2021-08-23 12:00","2021","08","23","12:00","15.1","","11.5","","79","","0.0","","31","","17","","","","97.58","","","","","","NA"
"-100.06","51.10","DAUPHIN CS","5040681","2021-08-23 13:00","2021","08","23","13:00","15.9","","11.7","","76","","0.0","","33","","17","","","","97.64","","","","","","NA"
"-100.06","51.10","DAUPHIN CS","5040681","2021-08-23 14:00","2021","08","23","14:00","16.0","","11.7","","75","","0.0","","35","","15","","","","97.68","","","","","","NA"
"-100.06","51.10","DAUPHIN CS","5040681","2021-08-23 15:00","2021","08","23","15:00","16.9","","11.2","","69","","0.0","","1","","15","","","","97.68","","","","","","NA"
"-100.06","51.10","DAUPHIN CS","5040681","2021-08-23 16:00","2021","08","23","16:00","16.6","","10.8","","69","","0.0","","4","","14","","","","97.71","","","","","","NA"
"-100.06","51.10","DAUPHIN CS","5040681","2021-08-23 17:00","2021","08","23","17:00","15.9","","11.0","","73","","0.0","","6","","16","","","","97.74","","","","","","NA"
"-100.06","51.10","DAUPHIN CS","5040681","2021-08-23 18:00","2021","08","23","18:00","15.9","","11.4","","75","","0.0","","7","","16","","","","97.72","","","","","","NA"
"-100.06","51.10","DAUPHIN CS","5040681","2021-08-23 19:00","2021","08","23","19:00","14.2","","11.1","","82","","0.0","","7","","15","","","","97.69","","","","","","NA"
"-100.06","51.10","DAUPHIN CS","5040681","2021-08-23 20:00","2021","08","23","20:00","13.3","","11.2","","87","","0.0","","8","","11","","","","97.71","","","","","","NA"
"-100.06","51.10","DAUPHIN CS","5040681","2021-08-23 21:00","2021","08","23","21:00","12.9","","11.1","","89","","0.0","","12","","7","","","","97.83","","","","","","NA"
"-100.06","51.10","DAUPHIN CS","5040681","2021-08-23 22:00","2021","08","23","22:00","12.7","","11.1","","90","","0.0","","9","","7","","","","97.86","","","","","","NA"
"-100.06","51.10","DAUPHIN CS","5040681","2021-08-23 23:00","2021","08","23","23:00","11.2","","9.9","","92","","0.0","","7","","9","","","","97.80","","","","","","NA"
"-100.06","51.10","DAUPHIN CS","5040681","2021-08-24 00:00","2021","08","24","00:00","10.8","","10.0","","95","","0.0","","3","","7","","","","97.82","","","","","","NA"
"-100.06","51.10","DAUPHIN CS","5040681","2021-08-24 01:00","2021","08","24","01:00","12.5","","10.5","","88","","0.0","","6","","12","","","","97.84","","","","","","NA"
"-100.06","51.10","DAUPHIN CS","5040681","2021-08-24 02:00","2021","08","24","02:00","11.9","","10.8","","93","","0.7","","3","","6","","","","97.92","","","","","","NA"
"-100.06","51.10","DAUPHIN CS","5040681","2021-08-24 03:00","2021","08","24","03:00","11.5","","10.6","","94","","2.2","","4","","11","","","","97.65","","","","","","NA"
"-100.06","51.10","DAUPHIN CS","5040681","2021-08-24 04:00","2021","08","24","04:00","11.6","","10.8","","95","","1.8","","34","","4","","","","97.90","","","","","","NA"
"-100.06","51.10","DAUPHIN CS","5040681","2021-08-24 05:00","2021","08","24","05:00","11.2","","10.6","","96","","5.2","","7","","9","","","","97.79","","","","","","NA"
"-100.06","51.10","DAUPHIN CS","5040681","2021-08-24 06:00","2021","08","24","06:00","11.2","","10.5","","96","","0.8","","11","","19","","","","97.62","","","","","","NA"
"-100.06","51.10","DAUPHIN CS","5040681","2021-08-24 07:00","2021","08","24","07:00","11.2","","10.3","","94","","0.0","","11","","18","","","","97.60","","","","","","NA"
"-100.06","51.10","DAUPHIN CS","5040681","2021-08-24 08:00","2021","08","24","08:00","11.6","","10.6","","94","","0.0","","10","","14","","","","97.61","","","","","","NA"
"-100.06","51.10","DAUPHIN CS","5040681","2021-08-24 09:00","2021","08","24","09:00","12.2","","11.1","","93","","0.0","","7","","13","","","","97.60","","","","","","NA"
"-100.06","51.10","DAUPHIN CS","5040681","2021-08-24 10:00","2021","08","24","10:00","12.7","","11.2","","91","","0.0","","7","","7","","","","97.71","","","","","","NA"
"-100.06","51.10","DAUPHIN CS","5040681","2021-08-24 11:00","2021","08","24","11:00","13.5","","12.0","","90","","0.0","","5","","10","","","","97.73","","","","","","NA"
"-100.06","51.10","DAUPHIN CS","5040681","2021-08-24 12:00","2021","08","24","12:00","13.9","","11.9","","88","","0.0","","3","","10","","","","97.71","","","","","","NA"
"-100.06","51.10","DAUPHIN CS","5040681","2021-08-24 13:00","2021","08","24","13:00","13.9","","12.3","","90","","0.0","","2","","12","","","","97.71","","","","","","NA"
"-100.06","51.10","DAUPHIN CS","5040681","2021-08-24 14:00","2021","08","24","14:00","13.4","","12.2","","93","","0.0","","34","","12","","","","97.75","","","","","","NA"
"-100.06","51.10","DAUPHIN CS","5040681","2021-08-24 15:00","2021","08","24","15:00","13.4","","12.3","","94","","0.1","","36","","13","","","","97.74","","","","","","NA"
"-100.06","51.10","DAUPHIN CS","5040681","2021-08-24 16:00","2021","08","24","16:00","13.4","","11.9","","90","","0.0","","36","","11","","","","97.75","","","","","","NA"
"-100.06","51.10","DAUPHIN CS","5040681","2021-08-24 17:00","2021","08","24","17:00","13.2","","11.8","","92","","0.1","","3","","3","","","","97.74","","","","","","NA"
"-100.06","51.10","DAUPHIN CS","5040681","2021-08-24 18:00","2021","08","24","18:00","13.7","","12.2","","91","","0.0","","21","","6","","","","97.77","","","","","","NA"
"-100.06","51.10","DAUPHIN CS","5040681","2021-08-24 19:00","2021","08","24","19:00","13.4","","12.0","","91","","0.0","","28","","8","","","","97.82","","","","","","NA"
"-100.06","51.10","DAUPHIN CS","5040681","2021-08-24 20:00","2021","08","24","20:00","12.6","","11.7","","94","","0.0","","25","","6","","","","97.83","","","","","","NA"
"-100.06","51.10","DAUPHIN CS","5040681","2021-08-24 21:00","2021","08","24","21:00","10.8","","10.0","","95","","0.0","","24","","5","","","","97.92","","","","","","NA"
"-100.06","51.10","DAUPHIN CS","5040681","2021-08-24 22:00","2021","08","24","22:00","10.8","","10.2","","96","","0.0","","26","","8","","","","97.99","","","","","","NA"
"-100.06","51.10","DAUPHIN CS","5040681","2021-08-24 23:00","2021","08","24","23:00","11.1","","10.5","","96","","0.0","","33","","8","","","","98.05","","","","","","NA"
"-100.06","51.10","DAUPHIN CS","5040681","2021-08-25 00:00","2021","08","25","00:00","10.9","","10.0","","94","","0.0","","35","","15","","","","98.14","","","","","","NA"
"-100.06","51.10","DAUPHIN CS","5040681","2021-08-25 01:00","2021","08","25","01:00","10.7","","9.7","","94","","0.1","","30","","9","","","","98.18","","","","","","NA"
"-100.06","51.10","DAUPHIN CS","5040681","2021-08-25 02:00","2021","08","25","02:00","10.6","","9.2","","91","","0.0","","32","","11","","","","98.23","","","","","","NA"
"-100.06","51.10","DAUPHIN CS","5040681","2021-08-25 03:00","2021","08","25","03:00","10.4","","9.2","","92","","0.0","","29","","7","","","","98.28","","","","","","NA"
"-100.06","51.10","DAUPHIN CS","5040681","2021-08-25 04:00","2021","08","25","04:00","10.3","","8.8","","90","","0.0","","29","","7","","","","98.35","","","","","","NA"
"-100.06","51.10","DAUPHIN CS","5040681","2021-08-25 05:00","2021","08","25","05:00","10.2","","8.4","","88","","0.0","","30","","8","","","","98.40","","","","","","NA"
"-100.06","51.10","DAUPHIN CS","5040681","2021-08-25 06:00","2021","08","25","06:00","9.8","","8.0","","88","","0.0","","31","","7","","","","98.46","","","","","","NA"
"-100.06","51.10","DAUPHIN CS","5040681","2021-08-25 07:00","2021","08","25","07:00","10.0","","7.8","","86","","0.0","","28","","6","","","","98.53","","","","","","NA"
"-100.06","51.10","DAUPHIN CS","5040681","2021-08-25 08:00","2021","08","25","08:00","11.3","","7.6","","78","","0.0","","32","","13","","","","98.59","","","","","","NA"
"-100.06","51.10","DAUPHIN CS","5040681","2021-08-25 09:00","2021","08","25","09:00","13.0","","7.7","","70","","0.0","","33","","11","","","","98.64","","","","","","NA"
"-100.06","51.10","DAUPHIN CS","5040681","2021-08-25 10:00","2021","08","25","10:00","14.4","","8.1","","66","","0.0","","34","","10","","","","98.66","","","","","","NA"
"-100.06","51.10","DAUPHIN CS","5040681","2021-08-25 11:00","2021","08","25","11:00","15.5","","8.4","","62","","0.0","","33","","10","","","","98.67","","","","","","NA"
"-100.06","51.10","DAUPHIN CS","5040681","2021-08-25 12:00","2021","08","25","12:00","15.4","","7.7","","60","","0.0","","32","","13","","","","98.68","","","","","","NA"
"-100.06","51.10","DAUPHIN CS","5040681","2021-08-25 13:00","2021","08","25","13:00","15.8","","7.1","","56","","0.0","","35","","10","","","","98.67","","","","","","NA"
"-100.06","51.10","DAUPHIN CS","5040681","2021-08-25 14:00","2021","08","25","14:00","16.7","","7.9","","56","","0.0","","28","","12","","","","98.69","","","","","","NA"
"-100.06","51.10","DAUPHIN CS","5040681","2021-08-25 15:00","2021","08","25","15:00","15.7","","7.5","","58","","0.0","","7","","9","","","","98.70","","","","","","NA"
"-100.06","51.10","DAUPHIN CS","5040681","2021-08-25 16:00","2021","08","25","16:00","16.4","","8.3","","59","","0.0","","13","","5","","","","98.69","","","","","","NA"
"-100.06","51.10","DAUPHIN CS","5040681","2021-08-25 17:00","2021","08","25","17:00","15.6","","8.4","","62","","0.0","","7","","8","","","","98.69","","","","","","NA"
"-100.06","51.10","DAUPHIN CS","5040681","2021-08-25 18:00","2021","08","25","18:00","16.0","","7.7","","58","","0.0","","9","","9","","","","98.67","","","","","","NA"
"-100.06","51.10","DAUPHIN CS","5040681","2021-08-25 19:00","2021","08","25","19:00","14.6","","8.2","","65","","0.0","","9","","9","","","","98.69","","","","","","NA"
"-100.06","51.10","DAUPHIN CS","5040681","2021-08-25 20:00","2021","08","25","20:00","11.0","","8.1","","82","","0.0","","15","","6","","","","98.72","","","","","","NA"
"-100.06","51.10","DAUPHIN CS","5040681","2021-08-25 21:00","2021","08","25","21:00","9.5","","7.7","","89","","0.0","","13","","12","","","","98.78","","","","","","NA"
"-100.06","51.10","DAUPHIN CS","5040681","2021-08-25 22:00","2021","08","25","22:00","8.4","","7.2","","92","","0.0","","13","","8","","","","98.82","","","","","","NA"
"-100.06","51.10","DAUPHIN CS","5040681","2021-08-25 23:00","2021","08","25","23:00","7.0","","6.0","","93","","0.0","","18","","6","","","","98.85","","","","","","NA"
"-100.06","51.10","DAUPHIN CS","5040681","2021-08-26 00:00","2021","08","26","00:00","6.1","","4.9","","92","","0.0","","25","","7","","","","98.86","","","","","","NA"
"-100.06","51.10","DAUPHIN CS","5040681","2021-08-26 01:00","2021","08","26","01:00","6.1","","5.1","","93","","0.0","","28","","3","","","","98.84","","","","","","NA"
"-100.06","51.10","DAUPHIN CS","5040681","2021-08-26 02:00","2021","08","26","02:00","4.5","","3.9","","95","","0.0","","0","","1","","","","98.83","","","","","","NA"
"-100.06","51.10","DAUPHIN CS","5040681","2021-08-26 03:00","2021","08","26","03:00","4.6","","4.1","","96","","0.0","","25","","8","","","","98.92","","","","","","NA"
"-100.06","51.10","DAUPHIN CS","5040681","2021-08-26 04:00","2021","08","26","04:00","3.8","","3.3","","96","","0.0","","32","","3","","","","98.89","","","","","","NA"
"-100.06","51.10","DAUPHIN CS","5040681","2021-08-26 05:00","2021","08","26","05:00","2.7","","2.2","","96","","0.0","","26","","6","","","","98.86","","","","","","NA"
"-100.06","51.10","DAUPHIN CS","5040681","2021-08-26 06:00","2021","08","26","06:00","3.3","","2.9","","97","","0.0","","25","","6","","","","98.83","","","","","","NA"
"-100.06","51.10","DAUPHIN CS","5040681","2021-08-26 07:00","2021","08","26","07:00","5.4","","4.6","","94","","0.0","","25","","6","","","","98.92","","","","","","NA"
"-100.06","51.10","DAUPHIN CS","5040681","2021-08-26 08:00","2021","08","26","08:00","8.4","","7.1","","91","","0.0","","2","","5","","","","98.86","","","","","","NA"
"-100.06","51.10","DAUPHIN CS","5040681","2021-08-26 09:00","2021","08","26","09:00","12.1","","8.4","","78","","0.0","","9","","12","","","","98.87","","","","","","NA"
"-100.06","51.10","DAUPHIN CS","5040681","2021-08-26 10:00","2021","08","26","10:00","14.3","","8.2","","67","","0.0","","11","","16","","","","98.84","","","","","","NA"
"-100.06","51.10","DAUPHIN CS","5040681","2021-08-26 11:00","2021","08","26","11:00","14.8","","7.5","","62","","0.0","","11","","16","","","","98.81","","","","","","NA"
"-100.06","51.10","DAUPHIN CS","5040681","2021-08-26 12:00","2021","08","26","12:00","15.7","","7.2","","57","","0.0","","11","","14","","","","98.76","","","","","","NA"
"-100.06","51.10","DAUPHIN CS","5040681","2021-08-26 13:00","2021","08","26","13:00","16.6","","7.0","","53","","0.0","","10","","14","","","","98.72","","","","","","NA"
"-100.06","51.10","DAUPHIN CS","5040681","2021-08-26 14:00","2021","08","26","14:00","17.5","","8.1","","54","","0.0","","10","","15","","","","98.63","","","","","","NA"
"-100.06","51.10","DAUPHIN CS","5040681","2021-08-26 15:00","2021","08","26","15:00","18.2","","8.2","","52","","0.0","","9","","17","","","","98.56","","","","","","NA"
"-100.06","51.10","DAUPHIN CS","5040681","2021-08-26 16:00","2021","08","26","16:00","18.1","","8.4","","53","","0.0","","10","","19","","","","98.50","","","","","","NA"
"-100.06","51.10","DAUPHIN CS","5040681","2021-08-26 17:00","2021","08","26","17:00","17.5","","9.0","","57","","0.0","","10","","21","","","","98.43","","","","","","NA"
"-100.06","51.10","DAUPHIN CS","5040681","2021-08-26 18:00","2021","08","26","18:00","15.7","","8.1","","61","","0.0","","11","","23","","","","98.42","","","","","","NA"
"-100.06","51.10","DAUPHIN CS","5040681","2021-08-26 19:00","2021","08","26","19:00","14.6","","8.7","","68","","0.0","","11","","13","","","","98.44","","","","","","NA"
"-100.06","51.10","DAUPHIN CS","5040681","2021-08-26 20:00","2021","08","26","20:00","12.1","","8.3","","78","","0.0","","12","","8","","","","98.47","","","","","","NA"
"-100.06","51.10","DAUPHIN CS","5040681","2021-08-26 21:00","2021","08","26","21:00","10.0","","7.7","","86","","0.0","","9","","11","","","","98.43","","","","","","NA"
"-100.06","51.10","DAUPHIN CS","5040681","2021-08-26 22:00","2021","08","26","22:00","8.8","","7.2","","90","","0.0","","11","","9","","","","98.40","","","","","","NA"
"-100.06","51.10","DAUPHIN CS","5040681","2021-08-26 23:00","2021","08","26","23:00","9.7","","8.2","","90","","0.0","","10","","13","","","","98.36","","","","","","NA"
"-100.06","51.10","DAUPHIN CS","5040681","2021-08-27 00:00","2021","08","27","00:00","7.9","","6.9","","93","","0.0","","8","","4","","","","98.36","","","","","","NA"
"-100.06","51.10","DAUPHIN CS","5040681","2021-08-27 01:00","2021","08","27","01:00","7.5","","6.5","","93","","0.0","","7","","9","","","","98.29","","","","","","NA"
"-100.06","51.10","DAUPHIN CS","5040681","2021-08-27 02:00","2021","08","27","02:00","6.2","","5.3","","94","","0.0","","25","","6","","","","98.26","","","","","","NA"
"-100.06","51.10","DAUPHIN CS","5040681","2021-08-27 03:00","2021","08","27","03:00","6.0","","5.3","","95","","0.0","","0","","1","","","","98.19","","","","","","NA"
"-100.06","51.10","DAUPHIN CS","5040681","2021-08-27 04:00","2021","08","27","04:00","4.9","","4.3","","95","","0.0","","21","","4","","","","98.11","","","","","","NA"
"-100.06","51.10","DAUPHIN CS","5040681","2021-08-27 05:00","2021","08","27","05:00","5.8","","5.3","","96","","0.0","","17","","4","","","","98.10","","","","","","NA"
"-100.06","51.10","DAUPHIN CS","5040681","2021-08-27 06:00","2021","08","27","06:00","7.2","","6.7","","97","","0.0","","12","","6","","","","98.07","","","","","","NA"
"-100.06","51.10","DAUPHIN CS","5040681","2021-08-27 07:00","2021","08","27","07:00","10.2","","9.7","","97","","0.0","","9","","13","","","","98.00","","","","","","NA"
"-100.06","51.10","DAUPHIN CS","5040681","2021-08-27 08:00","2021","08","27","08:00","11.4","","10.9","","97","","0.0","","11","","17","","","","98.01","","","","","","NA"
"-100.06","51.10","DAUPHIN CS","5040681","2021-08-27 09:00","2021","08","27","09:00","12.4","","11.9","","97","","0.0","","11","","20","","","","97.90","","","","","","NA"
"-100.06","51.10","DAUPHIN CS","5040681","2021-08-27 10:00","2021","08","27","10:00","13.9","","13.2","","96","","0.0","","10","","19","","","","97.84","","","","","","NA"
"-100.06","51.10","DAUPHIN CS","5040681","2021-08-27 11:00","2021","08","27","11:00","14.0","","11.3","","83","","0.0","","12","","22","","","","97.81","","","","","","NA"
"-100.06","51.10","DAUPHIN CS","5040681","2021-08-27 12:00","2021","08","27","12:00","14.7","","11.9","","83","","0.0","","11","","14","","","","97.78","","","","","","NA"
"-100.06","51.10","DAUPHIN CS","5040681","2021-08-27 13:00","2021","08","27","13:00","16.6","","12.2","","75","","0.0","","11","","18","","","","97.69","","","","","","NA"
"-100.06","51.10","DAUPHIN CS","5040681","2021-08-27 14:00","2021","08","27","14:00","16.7","","12.6","","77","","0.0","","11","","14","","","","97.63","","","","","","NA"
"-100.06","51.10","DAUPHIN CS","5040681","2021-08-27 15:00","2021","08","27","15:00","16.6","","12.7","","78","","0.0","","12","","15","","","","97.61","","","","","","NA"
"-100.06","51.10","DAUPHIN CS","5040681","2021-08-27 16:00","2021","08","27","16:00","15.1","","13.4","","90","","2.8","","10","","13","","","","97.58","","","","","","NA"
"-100.06","51.10","DAUPHIN CS","5040681","2021-08-27 17:00","2021","08","27","17:00","14.7","","13.7","","94","","2.0","","8","","10","","","","97.54","","","","","","NA"
"-100.06","51.10","DAUPHIN CS","5040681","2021-08-27 18:00","2021","08","27","18:00","15.0","","14.1","","95","","1.8","","11","","12","","","","97.51","","","","","","NA"
"-100.06","51.10","DAUPHIN CS","5040681","2021-08-27 19:00","2021","08","27","19:00","15.0","","13.8","","93","","0.2","","11","","16","","","","97.48","","","","","","NA"
"-100.06","51.10","DAUPHIN CS","5040681","2021-08-27 20:00","2021","08","27","20:00","14.8","","13.9","","94","","0.1","","12","","12","","","","97.48","","","","","","NA"
"-100.06","51.10","DAUPHIN CS","5040681","2021-08-27 21:00","2021","08","27","21:00","14.7","","13.8","","94","","0.3","","12","","12","","","","97.49","","","","","","NA"
"-100.06","51.10","DAUPHIN CS","5040681","2021-08-27 22:00","2021","08","27","22:00","14.6","","13.6","","94","","0.0","","14","","8","","","","97.47","","","","","","NA"
"-100.06","51.10","DAUPHIN CS","5040681","2021-08-27 23:00","2021","08","27","23:00","14.4","","13.5","","95","","0.0","","11","","6","","","","97.41","","","","","","NA"
"-100.06","51.10","DAUPHIN CS","5040681","2021-08-28 00:00","2021","08","28","00:00","14.4","","13.6","","95","","0.3","","19","","2","","","","97.41","","","","","","NA"
"-100.06","51.10","DAUPHIN CS","5040681","2021-08-28 01:00","2021","08","28","01:00","14.3","","13.6","","95","","0.1","","13","","7","","","","97.40","","","","","","NA"
"-100.06","51.10","DAUPHIN CS","5040681","2021-08-28 02:00","2021","08","28","02:00","14.3","","13.5","","95","","1.4","","15","","6","","","","97.41","","","","","","NA"
"-100.06","51.10","DAUPHIN CS","5040681","2021-08-28 03:00","2021","08","28","03:00","14.2","","13.6","","96","","0.0","","18","","5","","","","97.39","","","","","","NA"
"-100.06","51.10","DAUPHIN CS","5040681","2021-08-28 04:00","2021","08","28","04:00","14.8","","13.7","","93","","0.0","","23","","9","","","","97.40","","","","","","NA"
"-100.06","51.10","DAUPHIN CS","5040681","2021-08-28 05:00","2021","08","28","05:00","14.7","","13.4","","92","","0.0","","23","","11","","","","97.38","","","","","","NA"
"-100.06","51.10","DAUPHIN CS","5040681","2021-08-28 06:00","2021","08","28","06:00","14.8","","13.3","","91","","0.0","","21","","9","","","","97.38","","","","","","NA"
"-100.06","51.10","DAUPHIN CS","5040681","2021-08-28 07:00","2021","08","28","07:00","14.5","","13.2","","91","","0.0","","21","","9","","","","97.41","","","","","","NA"
"-100.06","51.10","DAUPHIN CS","5040681","2021-08-28 08:00","2021","08","28","08:00","15.9","","13.8","","87","","0.0","","20","","9","","","","97.40","","","","","","NA"
"-100.06","51.10","DAUPHIN CS","5040681","2021-08-28 09:00","2021","08","28","09:00","17.5","","14.0","","80","","0.0","","23","","16","","","","97.41","","","","","","NA"
"-100.06","51.10","DAUPHIN CS","5040681","2021-08-28 10:00","2021","08","28","10:00","19.0","","14.3","","75","","0.0","","22","","17","","","","97.43","","","","","","NA"
"-100.06","51.10","DAUPHIN CS","5040681","2021-08-28 11:00","2021","08","28","11:00","19.9","","12.7","","63","","0.0","","26","","16","","","","97.41","","","","","","NA"
"-100.06","51.10","DAUPHIN CS","5040681","2021-08-28 12:00","2021","08","28","12:00","21.7","","13.3","","59","","0.0","","23","","17","","","","97.36","","25","","","","NA"
"-100.06","51.10","DAUPHIN CS","5040681","2021-08-28 13:00","2021","08","28","13:00","21.9","","11.3","","51","","0.0","","25","","22","","","","97.34","","","","","","NA"
"-100.06","51.10","DAUPHIN CS","5040681","2021-08-28 14:00","2021","08","28","14:00","22.5","","12.7","","54","","0.0","","25","","21","","","","97.35","","25","","","","NA"
"-100.06","51.10","DAUPHIN CS","5040681","2021-08-28 15:00","2021","08","28","15:00","23.6","","12.9","","51","","0.0","","26","","23","","","","97.32","","26","","","","NA"
"-100.06","51.10","DAUPHIN CS","5040681","2021-08-28 16:00","2021","08","28","16:00","22.8","","10.2","","45","","0.0","","27","","19","","","","97.33","","","","","","NA"
"-100.06","51.10","DAUPHIN CS","5040681","2021-08-28 17:00","2021","08","28","17:00","22.6","","11.8","","50","","0.0","","28","","25","","","","97.32","","25","","","","NA"
"-100.06","51.10","DAUPHIN CS","5040681","2021-08-28 18:00","2021","08","28","18:00","21.8","","10.0","","47","","0.0","","27","","22","","","","97.34","","","","","","NA"
"-100.06","51.10","DAUPHIN CS","5040681","2021-08-28 19:00","2021","08","28","19:00","19.5","","11.6","","60","","0.0","","28","","19","","","","97.35","","","","","","NA"
"-100.06","51.10","DAUPHIN CS","5040681","2021-08-28 20:00","2021","08","28","20:00","17.0","","11.6","","70","","0.0","","25","","13","","","","97.39","","","","","","NA"
"-100.06","51.10","DAUPHIN CS","5040681","2021-08-28 21:00","2021","08","28","21:00","15.2","","12.0","","81","","0.0","","24","","13","","","","97.41","","","","","","NA"
"-100.06","51.10","DAUPHIN CS","5040681","2021-08-28 22:00","2021","08","28","22:00","15.1","","12.7","","86","","0.0","","25","","11","","","","97.42","","","","","","NA"
"-100.06","51.10","DAUPHIN CS","5040681","2021-08-28 23:00","2021","08","28","23:00","14.5","","12.2","","86","","0.0","","25","","14","","","","97.38","","","","","","NA"
"-100.06","51.10","DAUPHIN CS","5040681","2021-08-29 00:00","2021","08","29","00:00","14.3","","12.0","","86","","0.0","","26","","9","","","","97.39","","","","","","NA"
"-100.06","51.10","DAUPHIN CS","5040681","2021-08-29 01:00","2021","08","29","01:00","15.1","","12.7","","86","","0.0","","25","","12","","","","97.37","","","","","","NA"
"-100.06","51.10","DAUPHIN CS","5040681","2021-08-29 02:00","2021","08","29","02:00","15.3","","12.7","","84","","0.0","","26","","14","","","","97.40","","","","","","NA"
"-100.06","51.10","DAUPHIN CS","5040681","2021-08-29 03:00","2021","08","29","03:00","15.1","","12.7","","85","","0.0","","27","","15","","","","97.40","","","","","","NA"
"-100.06","51.10","DAUPHIN CS","5040681","2021-08-29 04:00","2021","08","29","04:00","15.2","","12.8","","86","","0.0","","27","","18","","","","97.39","","","","","","NA"
"-100.06","51.10","DAUPHIN CS","5040681","2021-08-29 05:00","2021","08","29","05:00","14.8","","13.3","","90","","0.0","","27","","17","","","","97.44","","","","","","NA"
"-100.06","51.10","DAUPHIN CS","5040681","2021-08-29 06:00","2021","08","29","06:00","14.7","","13.1","","90","","0.0","","27","","11","","","","97.48","","","","","","NA"
"-100.06","51.10","DAUPHIN CS","5040681","2021-08-29 07:00","2021","08","29","07:00","15.2","","13.5","","89","","0.0","","30","","9","","","","97.53","","","","","","NA"
"-100.06","51.10","DAUPHIN CS","5040681","2021-08-29 08:00","2021","08","29","08:00","15.4","","12.2","","81","","0.0","","33","","17","","","","97.60","","","","","","NA"
"-100.06","51.10","DAUPHIN CS","5040681","2021-08-29 09:00","2021","08","29","09:00","15.3","","11.6","","79","","0.0","","32","","21","","","","97.64","","","","","","NA"
"-100.06","51.10","DAUPHIN CS","5040681","2021-08-29 10:00","2021","08","29","10:00","16.6","","12.1","","75","","0.0","","33","","16","","","","97.70","","","","","","NA"
"-100.06","51.10","DAUPHIN CS","5040681","2021-08-29 11:00","2021","08","29","11:00","18.6","","11.8","","65","","0.0","","34","","20","","","","97.71","","","","","","NA"
"-100.06","51.10","DAUPHIN CS","5040681","2021-08-29 12:00","2021","08","29","12:00","18.6","","11.9","","65","","0.0","","32","","13","","","","97.73","","","","","","NA"
"-100.06","51.10","DAUPHIN CS","5040681","2021-08-29 13:00","2021","08","29","13:00","18.9","","12.1","","64","","0.0","","34","","12","","","","97.74","","","","","","NA"
"-100.06","51.10","DAUPHIN CS","5040681","2021-08-29 14:00","2021","08","29","14:00","19.8","","11.8","","60","","0.0","","31","","10","","","","97.73","","","","","","NA"
"-100.06","51.10","DAUPHIN CS","5040681","2021-08-29 15:00","2021","08","29","15:00","21.2","","10.5","","51","","0.0","","27","","12","","","","97.72","","","","","","NA"
"-100.06","51.10","DAUPHIN CS","5040681","2021-08-29 16:00","2021","08","29","16:00","22.2","","10.6","","48","","0.0","","30","","11","","","","97.70","","","","","","NA"
"-100.06","51.10","DAUPHIN CS","5040681","2021-08-29 17:00","2021","08","29","17:00","22.0","","10.3","","47","","0.0","","29","","9","","","","97.70","","","","","","NA"
"-100.06","51.10","DAUPHIN CS","5040681","2021-08-29 18:00","2021","08","29","18:00","20.6","","12.3","","59","","0.0","","4","","12","","","","97.71","","","","","","NA"
"-100.06","51.10","DAUPHIN CS","5040681","2021-08-29 19:00","2021","08","29","19:00","18.0","","12.4","","69","","0.0","","9","","7","","","","97.74","","","","","","NA"
"-100.06","51.10","DAUPHIN CS","5040681","2021-08-29 20:00","2021","08","29","20:00","14.7","","10.9","","78","","0.0","","14","","6","","","","97.77","","","","","","NA"
"-100.06","51.10","DAUPHIN CS","5040681","2021-08-29 21:00","2021","08","29","21:00","13.3","","11.2","","87","","0.0","","19","","7","","","","97.82","","","","","","NA"
"-100.06","51.10","DAUPHIN CS","5040681","2021-08-29 22:00","2021","08","29","22:00","12.4","","10.8","","89","","0.0","","24","","8","","","","97.84","","","","","","NA"
"-100.06","51.10","DAUPHIN CS","5040681","2021-08-29 23:00","2021","08","29","23:00","11.4","","9.9","","90","","0.0","","24","","9","","","","97.84","","","","","","NA"
"-100.06","51.10","DAUPHIN CS","5040681","2021-08-30 00:00","2021","08","30","00:00","10.4","","9.2","","92","","0.0","","25","","8","","","","97.84","","","","","","NA"
"-100.06","51.10","DAUPHIN CS","5040681","2021-08-30 01:00","2021","08","30","01:00","10.8","","9.3","","90","","0.0","","24","","8","","","","97.84","","","","","","NA"
"-100.06","51.10","DAUPHIN CS","5040681","2021-08-30 02:00","2021","08","30","02:00","9.4","","8.1","","92","","0.0","","28","","6","","","","97.83","","","","","","NA"
"-100.06","51.10","DAUPHIN CS","5040681","2021-08-30 03:00","2021","08","30","03:00","9.3","","8.3","","93","","0.0","","32","","3","","","","97.83","","","","","","NA"
"-100.06","51.10","DAUPHIN CS","5040681","2021-08-30 04:00","2021","08","30","04:00","9.5","","8.7","","95","","0.0","","27","","7","","","","97.85","","","","","","NA"
"-100.06","51.10","DAUPHIN CS","5040681","2021-08-30 05:00","2021","08","30","05:00","9.1","","8.3","","95","","0.0","","29","","8","","","","97.87","","","","","","NA"
"-100.06","51.10","DAUPHIN CS","5040681","2021-08-30 06:00","2021","08","30","06:00","8.6","","7.7","","94","","0.0","","28","","6","","","","97.89","","","","","","NA"
"-100.06","51.10","DAUPHIN CS","5040681","2021-08-30 07:00","2021","08","30","07:00","10.2","","9.3","","94","","0.0","","27","","9","","","","97.92","","","","","","NA"
"-100.06","51.10","DAUPHIN CS","5040681","2021-08-30 08:00","2021","08","30","08:00","13.9","","11.4","","84","","0.0","","28","","5","","","","97.91","","","","","","NA"
"-100.06","51.10","DAUPHIN CS","5040681","2021-08-30 09:00","2021","08","30","09:00","16.6","","12.1","","75","","0.0","","23","","4","","","","97.91","","","","","","NA"
"-100.06","51.10","DAUPHIN CS","5040681","2021-08-30 10:00","2021","08","30","10:00","19.7","","12.8","","64","","0.0","","11","","7","","","","97.89","","","","","","NA"
"-100.06","51.10","DAUPHIN CS","5040681","2021-08-30 11:00","2021","08","30","11:00","22.0","","12.8","","56","","0.0","","9","","12","","","","97.84","","25","","","","NA"
"-100.06","51.10","DAUPHIN CS","5040681","2021-08-30 12:00","2021","08","30","12:00","22.5","","12.7","","54","","0.0","","8","","10","","","","97.80","","25","","","","NA"
"-100.06","51.10","DAUPHIN CS","5040681","2021-08-30 13:00","2021","08","30","13:00","23.8","","12.5","","49","","0.0","","9","","13","","","","97.76","","26","","","","NA"
"-100.06","51.10","DAUPHIN CS","5040681","2021-08-30 14:00","2021","08","30","14:00","24.2","","11.7","","45","","0.0","","9","","14","","","","97.72","","26","","","","NA"
"-100.06","51.10","DAUPHIN CS","5040681","2021-08-30 15:00","2021","08","30","15:00","24.9","","12.1","","45","","0.0","","11","","17","","","","97.67","","27","","","","NA"
"-100.06","51.10","DAUPHIN CS","5040681","2021-08-30 16:00","2021","08","30","16:00","24.9","","12.3","","45","","0.0","","11","","19","","","","97.65","","27","","","","NA"
"-100.06","51.10","DAUPHIN CS","5040681","2021-08-30 17:00","2021","08","30","17:00","24.3","","12.3","","47","","0.0","","11","","20","","","","97.62","","27","","","","NA"
"-100.06","51.10","DAUPHIN CS","5040681","2021-08-30 18:00","2021","08","30","18:00","23.2","","11.7","","48","","0.0","","11","","20","","","","97.62","","25","","","","NA"
"-100.06","51.10","DAUPHIN CS","5040681","2021-08-30 19:00","2021","08","30","19:00","20.8","","13.9","","65","","0.0","","11","","17","","","","97.63","","","","","","NA"
"-100.06","51.10","DAUPHIN CS","5040681","2021-08-30 20:00","2021","08","30","20:00","18.1","","13.2","","73","","0.0","","10","","17","","","","97.65","","","","","","NA"
"-100.06","51.10","DAUPHIN CS","5040681","2021-08-30 21:00","2021","08","30","21:00","16.5","","12.9","","79","","0.0","","10","","15","","","","97.67","","","","","","NA"
"-100.06","51.10","DAUPHIN CS","5040681","2021-08-30 22:00","2021","08","30","22:00","16.1","","12.2","","78","","0.0","","12","","11","","","","97.67","","","","","","NA"
"-100.06","51.10","DAUPHIN CS","5040681","2021-08-30 23:00","2021","08","30","23:00","14.5","","11.4","","82","","0.0","","12","","10","","","","97.67","","","","","","NA"
"-100.06","51.10","DAUPHIN CS","5040681","2021-08-31 00:00","2021","08","31","00:00","13.6","","10.6","","82","","0.0","","8","","3","","","","97.66","","","","","","NA"
"-100.06","51.10","DAUPHIN CS","5040681","2021-08-31 01:00","2021","08","31","01:00","10.0","","8.8","","92","","0.0","","25","","3","","","","97.65","","","","","","NA"
"-100.06","51.10","DAUPHIN CS","5040681","2021-08-31 02:00","2021","08","31","02:00","9.7","","8.6","","93","","0.0","","33","","3","","","","97.64","","","","","","NA"
"-100.06","51.10","DAUPHIN CS","5040681","2021-08-31 03:00","2021","08","31","03:00","9.0","","8.1","","94","","0.0","","26","","4","","","","97.64","","","","","","NA"
"-100.06","51.10","DAUPHIN CS","5040681","2021-08-31 04:00","2021","08","31","04:00","9.2","","8.6","","96","","0.0","","25","","6","","","","97.65","","","","","","NA"
"-100.06","51.10","DAUPHIN CS","5040681","2021-08-31 05:00","2021","08","31","05:00","8.6","","8.0","","96","","0.0","","26","","6","","","","97.66","","","","","","NA"
"-100.06","51.10","DAUPHIN CS","5040681","2021-08-31 06:00","2021","08","31","06:00","8.4","","7.8","","96","","0.0","","27","","5","","","","97.68","","","","","","NA"
"-100.06","51.10","DAUPHIN CS","5040681","2021-08-31 07:00","2021","08","31","07:00","10.0","","9.4","","96","","0.0","","29","","3","","","","97.73","","","","","","NA"
"-100.06","51.10","DAUPHIN CS","5040681","2021-08-31 08:00","2021","08","31","08:00","13.7","","12.0","","90","","0.0","","4","","7","","","","97.71","","","","","","NA"
"-100.06","51.10","DAUPHIN CS","5040681","2021-08-31 09:00","2021","08","31","09:00","19.0","","13.1","","69","","0.0","","9","","8","","","","97.70","","","","","","NA"
"-100.06","51.10","DAUPHIN CS","5040681","2021-08-31 10:00","2021","08","31","10:00","20.4","","13.4","","64","","0.0","","10","","11","","","","97.68","","","","","","NA"
"-100.06","51.10","DAUPHIN CS","5040681","2021-08-31 11:00","2021","08","31","11:00","23.9","","13.7","","53","","0.0","","10","","20","","","","97.64","","27","","","","NA"
"-100.06","51.10","DAUPHIN CS","5040681","2021-08-31 12:00","2021","08","31","12:00","24.5","","12.8","","48","","0.0","","11","","27","","","","97.58","","27","","","","NA"
"-100.06","51.10","DAUPHIN CS","5040681","2021-08-31 13:00","2021","08","31","13:00","25.0","","12.8","","47","","0.0","","12","","27","","","","97.56","","28","","","","NA"
"-100.06","51.10","DAUPHIN CS","5040681","2021-08-31 14:00","2021","08","31","14:00","24.0","","12.1","","47","","0.0","","12","","28","","","","97.52","","26","","","","NA"
"-100.06","51.10","DAUPHIN CS","5040681","2021-08-31 15:00","2021","08","31","15:00","25.4","","12.9","","46","","0.0","","11","","29","","","","97.49","","28","","","","NA"
"-100.06","51.10","DAUPHIN CS","5040681","2021-08-31 16:00","2021","08","31","16:00","24.5","","13.3","","50","","0.0","","12","","30","","","","97.45","","27","","","","NA"
"-100.06","51.10","DAUPHIN CS","5040681","2021-08-31 17:00","2021","08","31","17:00","24.1","","13.1","","50","","0.0","","11","","29","","","","97.41","","27","","","","NA"
"-100.06","51.10","DAUPHIN CS","5040681","2021-08-31 18:00","2021","08","31","18:00","22.8","","13.0","","54","","0.0","","10","","27","","","","97.42","","26","","","","NA"
"-100.06","51.10","DAUPHIN CS","5040681","2021-08-31 19:00","2021","08","31","19:00","20.3","","13.0","","63","","0.0","","10","","18","","","","97.39","","","","","","NA"
"-100.06","51.10","DAUPHIN CS","5040681","2021-08-31 20:00","2021","08","31","20:00","19.2","","12.9","","67","","0.0","","11","","20","","","","97.42","","","","","","NA"
"-100.06","51.10","DAUPHIN CS","5040681","2021-08-31 21:00","2021","08","31","21:00","18.7","","12.9","","69","","0.0","","11","","22","","","","97.43","","","","","","NA"
"-100.06","51.10","DAUPHIN CS","5040681","2021-08-31 22:00","2021","08","31","22:00","18.6","","13.0","","70","","0.0","","11","","25","","","","97.42","","","","","","NA"
"-100.06","51.10","DAUPHIN CS","5040681","2021-08-31 23:00","2021","08","31","23:00","18.4","","12.9","","70","","0.0","","12","","23","","","","97.41","","","","","","NA"
