"Longitude (x)","Latitude (y)","Station Name","Climate ID","Date/Time (LST)","Year","Month","Day","Time (LST)","Temp (°C)","Temp Flag","Dew Point Temp (°C)","Dew Point Temp Flag","Rel Hum (%)","Rel Hum Flag","Precip. Amount (mm)","Precip. Amount Flag","Wind Dir (10s deg)","Wind Dir Flag","Wind Spd (km/h)","Wind Spd Flag","Visibility (km)","Visibility Flag","Stn Press (kPa)","Stn Press Flag","Hmdx","Hmdx Flag","Wind Chill","Wind Chill Flag","Weather"
"-71.03","48.89","ONATCHIWAY","7065738","2023-05-01 00:00","2023","05","01","00:00","7.9","","3.2","","72","","0.0","","12","","16","","","","96.78","","","","","","NA"
"-71.03","48.89","ONATCHIWAY","7065738","2023-05-01 01:00","2023","05","01","01:00","7.8","","2.3","","68","","0.0","","13","","15","","","","96.69","","","","","","NA"
"-71.03","48.89","ONATCHIWAY","7065738","2023-05-01 02:00","2023","05","01","02:00","7.9","","1.7","","65","","0.0","","13","","17","","","","96.57","","","","","","NA"
"-71.03","48.89","ONATCHIWAY","7065738","2023-05-01 03:00","2023","05","01","03:00","6.9","","1.8","","70","","0.0","","13","","19","","","","96.51","","","","","","NA"
"-71.03","48.89","ONATCHIWAY","7065738","2023-05-01 04:00","2023","05","01","04:00","6.3","","1.4","","71","","0.0","","13","","9","","","","96.47","","","","","","NA"
"-71.03","48.89","ONATCHIWAY","7065738","2023-05-01 05:00","2023","05","01","05:00","6.4","","1.6","","72","","0.0","","9","","15","","","","96.36","","","","","","NA"
"-71.03","48.89","ONATCHIWAY","7065738","2023-05-01 06:00","2023","05","01","06:00","7.3","","2.2","","70","","0.0","","10","","8","","","","96.24","","","","","","NA"
"-71.03","48.89","ONATCHIWAY","7065738","2023-05-01 07:00","2023","05","01","07:00","8.3","","1.9","","64","","0.0","","10","","17","","","","96.19","","","","","","NA"
"-71.03","48.89","ONATCHIWAY","7065738","2023-05-01 08:00","2023","05","01","08:00","7.2","","-0.1","","60","","0.0","","9","","25","","","","96.02","","","","","","NA"
"-71.03","48.89","ONATCHIWAY","7065738","2023-05-01 09:00","2023","05","01","09:00","6.3","","-0.6","","61","","0.0","","8","","19","","","","95.86","","","","","","NA"
"-71.03","48.89","ONATCHIWAY","7065738","2023-05-01 10:00","2023","05","01","10:00","7.6","","-1.1","","54","","0.0","","9","","31","","","","95.65","","","","","","NA"
"-71.03","48.89","ONATCHIWAY","7065738","2023-05-01 11:00","2023","05","01","11:00","7.1","","1.4","","67","","0.0","","9","","22","","","","95.59","","","","","","NA"
"-71.03","48.89","ONATCHIWAY","7065738","2023-05-01 12:00","2023","05","01","12:00","6.1","","2.8","","79","","0.2","","9","","30","","","","95.50","","","","","","NA"
"-71.03","48.89","ONATCHIWAY","7065738","2023-05-01 13:00","2023","05","01","13:00","7.6","","1.9","","67","","0.2","","10","","35","","","","95.49","","","","","","NA"
"-71.03","48.89","ONATCHIWAY","7065738","2023-05-01 14:00","2023","05","01","14:00","8.8","","2.2","","63","","0.0","","9","","32","","","","95.43","","","","","","NA"
"-71.03","48.89","ONATCHIWAY","7065738","2023-05-01 15:00","2023","05","01","15:00","8.8","","2.1","","63","","0.0","","9","","22","","","","95.44","","","","","","NA"
"-71.03","48.89","ONATCHIWAY","7065738","2023-05-01 16:00","2023","05","01","16:00","7.6","","2.1","","68","","0.0","","10","","26","","","","95.51","","","","","","NA"
"-71.03","48.89","ONATCHIWAY","7065738","2023-05-01 17:00","2023","05","01","17:00","7.1","","2.2","","71","","0.0","","11","","21","","","","95.62","","","","","","NA"
"-71.03","48.89","ONATCHIWAY","7065738","2023-05-01 18:00","2023","05","01","18:00","6.4","","2.2","","75","","0.0","","12","","13","","","","95.79","","","","","","NA"
"-71.03","48.89","ONATCHIWAY","7065738","2023-05-01 19:00","2023","05","01","19:00","6.1","","1.9","","75","","0.0","","16","","11","","","","95.95","","","","","","NA"
"-71.03","48.89","ONATCHIWAY","7065738","2023-05-01 20:00","2023","05","01","20:00","5.7","","2.1","","78","","0.0","","24","","4","","","","96.13","","","","","","NA"
"-71.03","48.89","ONATCHIWAY","7065738","2023-05-01 21:00","2023","05","01","21:00","5.2","","2.0","","80","","0.0","","19","","6","","","","96.21","","","","","","NA"
"-71.03","48.89","ONATCHIWAY","7065738","2023-05-01 22:00","2023","05","01","22:00","5.0","","1.7","","79","","0.0","","30","","5","","","","96.24","","","","","","NA"
"-71.03","48.89","ONATCHIWAY","7065738","2023-05-01 23:00","2023","05","01","23:00","4.8","","1.2","","77","","0.0","","1","","7","","","","96.22","","","","","","NA"
"-71.03","48.89","ONATCHIWAY","7065738","2023-05-02 00:00","2023","05","02","00:00","4.4","","1.6","","82","","0.0","","3","","6","","","","96.25","","","","","","NA"
"-71.03","48.89","ONATCHIWAY","7065738","2023-05-02 01:00","2023","05","02","01:00","4.6","","1.2","","78","","0.0","","2","","10","","","","96.21","","","","","","NA"
"-71.03","48.89","ONATCHIWAY","7065738","2023-05-02 02:00","2023","05","02","02:00","4.4","","1.0","","78","","0.0","","13","","7","","","","96.26","","","","","","NA"
"-71.03","48.89","ONATCHIWAY","7065738","2023-05-02 03:00","2023","05","02","03:00","4.1","","0.8","","79","","0.0","","3","","7","","","","96.30","","","","","","NA"
"-71.03","48.89","ONATCHIWAY","7065738","2023-05-02 04:00","2023","05","02","04:00","3.9","","0.9","","81","","0.0","","34","","8","","","","96.32","","","","","","NA"
"-71.03","48.89","ONATCHIWAY","7065738","2023-05-02 05:00","2023","05","02","05:00","4.1","","0.8","","79","","0.0","","34","","10","","","","96.38","","","","","","NA"
"-71.03","48.89","ONATCHIWAY","7065738","2023-05-02 06:00","2023","05","02","06:00","5.3","","1.0","","74","","0.0","","1","","9","","","","96.45","","","","","","NA"
"-71.03","48.89","ONATCHIWAY","7065738","2023-05-02 07:00","2023","05","02","07:00","7.0","","2.5","","73","","0.0","","36","","13","","","","96.48","","","","","","NA"
"-71.03","48.89","ONATCHIWAY","7065738","2023-05-02 08:00","2023","05","02","08:00","7.7","","2.3","","68","","0.0","","5","","6","","","","96.51","","","","","","NA"
"-71.03","48.89","ONATCHIWAY","7065738","2023-05-02 09:00","2023","05","02","09:00","9.1","","2.7","","64","","0.0","","2","","9","","","","96.53","","","","","","NA"
"-71.03","48.89","ONATCHIWAY","7065738","2023-05-02 10:00","2023","05","02","10:00","8.2","","1.7","","64","","0.0","","8","","13","","","","96.53","","","","","","NA"
"-71.03","48.89","ONATCHIWAY","7065738","2023-05-02 11:00","2023","05","02","11:00","9.9","","2.6","","61","","0.0","","10","","16","","","","96.52","","","","","","NA"
"-71.03","48.89","ONATCHIWAY","7065738","2023-05-02 12:00","2023","05","02","12:00","8.7","","2.1","","63","","0.0","","9","","19","","","","96.59","","","","","","NA"
"-71.03","48.89","ONATCHIWAY","7065738","2023-05-02 13:00","2023","05","02","13:00","7.7","","2.0","","67","","0.0","","8","","10","","","","96.64","","","","","","NA"
"-71.03","48.89","ONATCHIWAY","7065738","2023-05-02 14:00","2023","05","02","14:00","7.4","","2.3","","70","","0.0","","8","","11","","","","96.64","","","","","","NA"
"-71.03","48.89","ONATCHIWAY","7065738","2023-05-02 15:00","2023","05","02","15:00","7.1","","2.3","","71","","0.0","","9","","12","","","","96.58","","","","","","NA"
"-71.03","48.89","ONATCHIWAY","7065738","2023-05-02 16:00","2023","05","02","16:00","7.0","","2.8","","75","","0.0","","5","","12","","","","96.65","","","","","","NA"
"-71.03","48.89","ONATCHIWAY","7065738","2023-05-02 17:00","2023","05","02","17:00","7.1","","2.8","","74","","0.0","","7","","10","","","","96.67","","","","","","NA"
"-71.03","48.89","ONATCHIWAY","7065738","2023-05-02 18:00","2023","05","02","18:00","6.8","","2.7","","75","","0.0","","35","","13","","","","96.75","","","","","","NA"
"-71.03","48.89","ONATCHIWAY","7065738","2023-05-02 19:00","2023","05","02","19:00","6.0","","2.2","","77","","0.0","","36","","12","","","","96.81","","","","","","NA"
"-71.03","48.89","ONATCHIWAY","7065738","2023-05-02 20:00","2023","05","02","20:00","5.4","","1.7","","77","","0.0","","36","","8","","","","96.87","","","","","","NA"
"-71.03","48.89","ONATCHIWAY","7065738","2023-05-02 21:00","2023","05","02","21:00","5.0","","1.7","","79","","0.0","","35","","12","","","","96.86","","","","","","NA"
"-71.03","48.89","ONATCHIWAY","7065738","2023-05-02 22:00","2023","05","02","22:00","4.9","","1.1","","76","","0.0","","1","","10","","","","96.85","","","","","","NA"
"-71.03","48.89","ONATCHIWAY","7065738","2023-05-02 23:00","2023","05","02","23:00","4.4","","0.9","","78","","0.0","","1","","10","","","","96.92","","","","","","NA"
"-71.03","48.89","ONATCHIWAY","7065738","2023-05-03 00:00","2023","05","03","00:00","4.1","","0.2","","76","","0.0","","4","","6","","","","96.93","","","","","","NA"
"-71.03","48.89","ONATCHIWAY","7065738","2023-05-03 01:00","2023","05","03","01:00","4.0","","0.4","","77","","0.0","","35","","11","","","","96.93","","","","","","NA"
"-71.03","48.89","ONATCHIWAY","7065738","2023-05-03 02:00","2023","05","03","02:00","3.9","","-0.3","","74","","0.0","","35","","9","","","","96.91","","","","","","NA"
"-71.03","48.89","ONATCHIWAY","7065738","2023-05-03 03:00","2023","05","03","03:00","3.6","","-0.1","","77","","0.0","","36","","7","","","","96.93","","","","","","NA"
"-71.03","48.89","ONATCHIWAY","7065738","2023-05-03 04:00","2023","05","03","04:00","3.5","","-0.8","","73","","0.0","","1","","9","","","","96.95","","","","","","NA"
"-71.03","48.89","ONATCHIWAY","7065738","2023-05-03 05:00","2023","05","03","05:00","3.6","","-0.6","","74","","0.0","","1","","9","","","","97.01","","","","","","NA"
"-71.03","48.89","ONATCHIWAY","7065738","2023-05-03 06:00","2023","05","03","06:00","3.8","","-0.8","","72","","0.0","","36","","10","","","","97.07","","","","","","NA"
"-71.03","48.89","ONATCHIWAY","7065738","2023-05-03 07:00","2023","05","03","07:00","4.0","","-1.1","","69","","0.0","","4","","7","","","","97.12","","","","","","NA"
"-71.03","48.89","ONATCHIWAY","7065738","2023-05-03 08:00","2023","05","03","08:00","5.1","","-1.3","","63","","0.0","","9","","5","","","","97.17","","","","","","NA"
"-71.03","48.89","ONATCHIWAY","7065738","2023-05-03 09:00","2023","05","03","09:00","4.7","","-0.9","","67","","0.0","","4","","6","","","","97.23","","","","","","NA"
"-71.03","48.89","ONATCHIWAY","7065738","2023-05-03 10:00","2023","05","03","10:00","3.5","","0.2","","79","","0.0","","4","","6","","","","97.28","","","","","","NA"
"-71.03","48.89","ONATCHIWAY","7065738","2023-05-03 11:00","2023","05","03","11:00","5.6","","-0.6","","64","","0.0","","5","","12","","","","97.28","","","","","","NA"
"-71.03","48.89","ONATCHIWAY","7065738","2023-05-03 12:00","2023","05","03","12:00","7.8","","0.2","","59","","0.0","","6","","8","","","","97.30","","","","","","NA"
"-71.03","48.89","ONATCHIWAY","7065738","2023-05-03 13:00","2023","05","03","13:00","7.0","","0.1","","62","","0.0","","8","","6","","","","97.32","","","","","","NA"
"-71.03","48.89","ONATCHIWAY","7065738","2023-05-03 14:00","2023","05","03","14:00","6.8","","-0.1","","61","","0.0","","6","","10","","","","97.34","","","","","","NA"
"-71.03","48.89","ONATCHIWAY","7065738","2023-05-03 15:00","2023","05","03","15:00","6.7","","-0.3","","61","","0.0","","5","","8","","","","97.39","","","","","","NA"
"-71.03","48.89","ONATCHIWAY","7065738","2023-05-03 16:00","2023","05","03","16:00","7.0","","0.0","","61","","","M","7","","7","","","","97.42","","","","","","NA"
"-71.03","48.89","ONATCHIWAY","7065738","2023-05-03 17:00","2023","05","03","17:00","6.5","","1.1","","68","","0.0","","5","","6","","","","97.47","","","","","","NA"
"-71.03","48.89","ONATCHIWAY","7065738","2023-05-03 18:00","2023","05","03","18:00","5.8","","-0.3","","65","","0.0","","8","","4","","","","97.54","","","","","","NA"
"-71.03","48.89","ONATCHIWAY","7065738","2023-05-03 19:00","2023","05","03","19:00","4.7","","0.0","","72","","0.0","","5","","7","","","","97.64","","","","","","NA"
"-71.03","48.89","ONATCHIWAY","7065738","2023-05-03 20:00","2023","05","03","20:00","4.5","","-0.1","","72","","0.0","","4","","5","","","","97.69","","","","","","NA"
"-71.03","48.89","ONATCHIWAY","7065738","2023-05-03 21:00","2023","05","03","21:00","3.8","","-0.1","","76","","0.0","","4","","5","","","","97.74","","","","","","NA"
"-71.03","48.89","ONATCHIWAY","7065738","2023-05-03 22:00","2023","05","03","22:00","3.9","","0.0","","75","","0.0","","3","","8","","","","97.72","","","","","","NA"
"-71.03","48.89","ONATCHIWAY","7065738","2023-05-03 23:00","2023","05","03","23:00","4.3","","1.0","","79","","0.0","","4","","11","","","","97.72","","","","","","NA"
"-71.03","48.89","ONATCHIWAY","7065738","2023-05-04 00:00","2023","05","04","00:00","4.3","","1.3","","81","","0.0","","36","","11","","","","97.71","","","","","","NA"
"-71.03","48.89","ONATCHIWAY","7065738","2023-05-04 01:00","2023","05","04","01:00","4.3","","1.6","","83","","0.0","","35","","12","","","","97.73","","","","","","NA"
"-71.03","48.89","ONATCHIWAY","7065738","2023-05-04 02:00","2023","05","04","02:00","4.3","","2.1","","86","","0.0","","35","","13","","","","97.75","","","","","","NA"
"-71.03","48.89","ONATCHIWAY","7065738","2023-05-04 03:00","2023","05","04","03:00","4.6","","2.5","","87","","0.0","","36","","10","","","","97.77","","","","","","NA"
"-71.03","48.89","ONATCHIWAY","7065738","2023-05-04 04:00","2023","05","04","04:00","4.6","","3.3","","91","","0.0","","35","","11","","","","97.81","","","","","","NA"
"-71.03","48.89","ONATCHIWAY","7065738","2023-05-04 05:00","2023","05","04","05:00","4.7","","3.4","","92","","0.0","","1","","9","","","","97.86","","","","","","NA"
"-71.03","48.89","ONATCHIWAY","7065738","2023-05-04 06:00","2023","05","04","06:00","5.6","","3.4","","86","","0.0","","1","","8","","","","97.94","","","","","","NA"
"-71.03","48.89","ONATCHIWAY","7065738","2023-05-04 07:00","2023","05","04","07:00","6.6","","4.3","","85","","0.0","","36","","11","","","","98.01","","","","","","NA"
"-71.03","48.89","ONATCHIWAY","7065738","2023-05-04 08:00","2023","05","04","08:00","8.3","","4.1","","75","","0.0","","3","","10","","","","98.07","","","","","","NA"
"-71.03","48.89","ONATCHIWAY","7065738","2023-05-04 09:00","2023","05","04","09:00","9.3","","3.0","","65","","0.0","","4","","9","","","","98.12","","","","","","NA"
"-71.03","48.89","ONATCHIWAY","7065738","2023-05-04 10:00","2023","05","04","10:00","10.0","","3.1","","62","","0.0","","5","","12","","","","98.15","","","","","","NA"
"-71.03","48.89","ONATCHIWAY","7065738","2023-05-04 11:00","2023","05","04","11:00","10.3","","3.8","","64","","0.0","","7","","10","","","","98.21","","","","","","NA"
"-71.03","48.89","ONATCHIWAY","7065738","2023-05-04 12:00","2023","05","04","12:00","10.7","","3.3","","60","","0.0","","6","","9","","","","98.23","","","","","","NA"
"-71.03","48.89","ONATCHIWAY","7065738","2023-05-04 13:00","2023","05","04","13:00","11.7","","3.2","","56","","0.0","","4","","11","","","","98.22","","","","","","NA"
"-71.03","48.89","ONATCHIWAY","7065738","2023-05-04 14:00","2023","05","04","14:00"
"-71.03","48.89","ONATCHIWAY","7065738","2023-05-04 15:00","2023","05","04","15:00"
"-71.03","48.89","ONATCHIWAY","7065738","2023-05-04 16:00","2023","05","04","16:00","10.3","","3.2","","62","","0.0","","5","","11","","","","98.30","","","","","","NA"
"-71.03","48.89","ONATCHIWAY","7065738","2023-05-04 17:00","2023","05","04","17:00","10.6","","2.6","","58","","0.0","","4","","8","","","","98.35","","","","","","NA"
"-71.03","48.89","ONATCHIWAY","7065738","2023-05-04 18:00","2023","05","04","18:00","10.6","","3.2","","60","","0.0","","1","","4","","","","98.37","","","","","","NA"
"-71.03","48.89","ONATCHIWAY","7065738","2023-05-04 19:00","2023","05","04","19:00","9.8","","2.8","","62","","0.0","","35","","6","","","","98.40","","","","","","NA"
"-71.03","48.89","ONATCHIWAY","7065738","2023-05-04 20:00","2023","05","04","20:00","8.1","","3.1","","70","","0.0","","1","","3","","","","98.45","","","","","","NA"
"-71.03","48.89","ONATCHIWAY","7065738","2023-05-04 21:00","2023","05","04","21:00","6.4","","3.4","","81","","0.0","","7","","2","","","","98.49","","","","","","NA"
"-71.03","48.89","ONATCHIWAY","7065738","2023-05-04 22:00","2023","05","04","22:00","5.7","","3.0","","83","","0.0","","5","","3","","","","98.53","","","","","","NA"
"-71.03","48.89","ONATCHIWAY","7065738","2023-05-04 23:00","2023","05","04","23:00","4.6","","2.8","","88","","0.0","","4","","4","","","","98.58","","","","","","NA"
"-71.03","48.89","ONATCHIWAY","7065738","2023-05-05 00:00","2023","05","05","00:00","2.8","","1.8","","93","","0.0","","8","","1","","","","98.63","","","","","","NA"
"-71.03","48.89","ONATCHIWAY","7065738","2023-05-05 01:00","2023","05","05","01:00","1.0","","0.1","","94","","0.0","","9","","2","","","","98.66","","","","","","NA"
"-71.03","48.89","ONATCHIWAY","7065738","2023-05-05 02:00","2023","05","05","02:00","-0.7","","-0.9","","98","","0.0","","3","","1","","","","98.69","","","","-1","","NA"
"-71.03","48.89","ONATCHIWAY","7065738","2023-05-05 03:00","2023","05","05","03:00","-1.9","","-2.2","","98","","0.0","","7","","3","","","","98.71","","","","-3","","NA"
"-71.03","48.89","ONATCHIWAY","7065738","2023-05-05 04:00","2023","05","05","04:00","-2.1","","-2.4","","98","","0.0","","2","","2","","","","98.73","","","","-3","","NA"
"-71.03","48.89","ONATCHIWAY","7065738","2023-05-05 05:00","2023","05","05","05:00","-2.2","","-2.6","","97","","0.0","","8","","4","","","","98.76","","","","-4","","NA"
"-71.03","48.89","ONATCHIWAY","7065738","2023-05-05 06:00","2023","05","05","06:00","1.8","","0.3","","90","","0.0","","2","","2","","","","98.80","","","","","","NA"
"-71.03","48.89","ONATCHIWAY","7065738","2023-05-05 07:00","2023","05","05","07:00","5.3","","1.5","","77","","0.0","","35","","2","","","","98.80","","","","","","NA"
"-71.03","48.89","ONATCHIWAY","7065738","2023-05-05 08:00","2023","05","05","08:00","8.4","","2.8","","68","","0.0","","30","","3","","","","98.79","","","","","","NA"
"-71.03","48.89","ONATCHIWAY","7065738","2023-05-05 09:00","2023","05","05","09:00","12.4","","3.1","","53","","0.0","","2","","9","","","","98.74","","","","","","NA"
"-71.03","48.89","ONATCHIWAY","7065738","2023-05-05 10:00","2023","05","05","10:00","14.6","","3.8","","48","","0.0","","36","","12","","","","98.68","","","","","","NA"
"-71.03","48.89","ONATCHIWAY","7065738","2023-05-05 11:00","2023","05","05","11:00","15.8","","3.7","","44","","0.0","","36","","15","","","","98.62","","","","","","NA"
"-71.03","48.89","ONATCHIWAY","7065738","2023-05-05 12:00","2023","05","05","12:00","17.0","","2.9","","39","","0.0","","36","","17","","","","98.56","","","","","","NA"
"-71.03","48.89","ONATCHIWAY","7065738","2023-05-05 13:00","2023","05","05","13:00","18.2","","1.4","","32","","0.0","","34","","13","","","","98.51","","","","","","NA"
"-71.03","48.89","ONATCHIWAY","7065738","2023-05-05 14:00","2023","05","05","14:00","18.4","","1.8","","33","","0.0","","36","","13","","","","98.45","","","","","","NA"
"-71.03","48.89","ONATCHIWAY","7065738","2023-05-05 15:00","2023","05","05","15:00","18.2","","1.1","","32","","0.0","","35","","12","","","","98.39","","","","","","NA"
"-71.03","48.89","ONATCHIWAY","7065738","2023-05-05 16:00","2023","05","05","16:00","18.9","","1.1","","30","","0.0","","36","","13","","","","98.36","","","","","","NA"
"-71.03","48.89","ONATCHIWAY","7065738","2023-05-05 17:00","2023","05","05","17:00","17.8","","-0.4","","29","","0.0","","35","","15","","","","98.33","","","","","","NA"
"-71.03","48.89","ONATCHIWAY","7065738","2023-05-05 18:00","2023","05","05","18:00","16.5","","0.3","","33","","0.0","","35","","9","","","","98.31","","","","","","NA"
"-71.03","48.89","ONATCHIWAY","7065738","2023-05-05 19:00","2023","05","05","19:00","12.6","","2.0","","48","","0.0","","0","","1","","","","98.29","","","","","","NA"
"-71.03","48.89","ONATCHIWAY","7065738","2023-05-05 20:00","2023","05","05","20:00","10.0","","1.4","","55","","0.0","","13","","5","","","","98.30","","","","","","NA"
"-71.03","48.89","ONATCHIWAY","7065738","2023-05-05 21:00","2023","05","05","21:00","6.8","","1.4","","68","","0.0","","5","","1","","","","98.30","","","","","","NA"
"-71.03","48.89","ONATCHIWAY","7065738","2023-05-05 22:00","2023","05","05","22:00","4.8","","1.0","","76","","0.0","","3","","2","","","","98.28","","","","","","NA"
"-71.03","48.89","ONATCHIWAY","7065738","2023-05-05 23:00","2023","05","05","23:00","2.9","","0.5","","84","","0.0","","3","","2","","","","98.28","","","","","","NA"
"-71.03","48.89","ONATCHIWAY","7065738","2023-05-06 00:00","2023","05","06","00:00","1.0","","-0.5","","90","","0.0","","5","","2","","","","98.30","","","","","","NA"
"-71.03","48.89","ONATCHIWAY","7065738","2023-05-06 01:00","2023","05","06","01:00","0.0","","-0.9","","93","","0.0","","5","","2","","","","98.29","","","","-1","","NA"
"-71.03","48.89","ONATCHIWAY","7065738","2023-05-06 02:00","2023","05","06","02:00","-0.5","","-1.4","","94","","0.0","","4","","3","","","","98.27","","","","-1","","NA"
"-71.03","48.89","ONATCHIWAY","7065738","2023-05-06 03:00","2023","05","06","03:00","-1.1","","-1.4","","98","","0.0","","5","","3","","","","98.29","","","","-2","","NA"
"-71.03","48.89","ONATCHIWAY","7065738","2023-05-06 04:00","2023","05","06","04:00","-2.0","","-2.5","","96","","0.0","","4","","2","","","","98.28","","","","-3","","NA"
"-71.03","48.89","ONATCHIWAY","7065738","2023-05-06 05:00","2023","05","06","05:00","-1.6","","-2.3","","95","","0.0","","7","","3","","","","98.33","","","","-3","","NA"
"-71.03","48.89","ONATCHIWAY","7065738","2023-05-06 06:00","2023","05","06","06:00","2.6","","-0.1","","82","","0.6","","5","","3","","","","98.34","","","","","","NA"
"-71.03","48.89","ONATCHIWAY","7065738","2023-05-06 07:00","2023","05","06","07:00","6.7","","2.0","","72","","0.0","","1","","3","","","","98.32","","","","","","NA"
"-71.03","48.89","ONATCHIWAY","7065738","2023-05-06 08:00","2023","05","06","08:00","12.8","","1.9","","47","","0.0","","2","","4","","","","98.27","","","","","","NA"
"-71.03","48.89","ONATCHIWAY","7065738","2023-05-06 09:00","2023","05","06","09:00","15.2","","2.1","","41","","0.0","","36","","13","","","","98.23","","","","","","NA"
"-71.03","48.89","ONATCHIWAY","7065738","2023-05-06 10:00","2023","05","06","10:00","17.2","","2.4","","37","","0.0","","35","","16","","","","98.19","","","","","","NA"
"-71.03","48.89","ONATCHIWAY","7065738","2023-05-06 11:00","2023","05","06","11:00","18.7","","0.5","","29","","0.0","","36","","16","","","","98.12","","","","","","NA"
"-71.03","48.89","ONATCHIWAY","7065738","2023-05-06 12:00","2023","05","06","12:00","19.5","","-0.2","","26","","0.0","","1","","17","","","","98.04","","","","","","NA"
"-71.03","48.89","ONATCHIWAY","7065738","2023-05-06 13:00","2023","05","06","13:00","20.0","","1.6","","29","","0.0","","35","","18","","","","97.96","","","","","","NA"
"-71.03","48.89","ONATCHIWAY","7065738","2023-05-06 14:00","2023","05","06","14:00","21.1","","0.4","","25","","0.0","","33","","16","","","","97.88","","","","","","NA"
"-71.03","48.89","ONATCHIWAY","7065738","2023-05-06 15:00","2023","05","06","15:00","21.0","","0.0","","25","","0.0","","33","","18","","","","97.84","","","","","","NA"
"-71.03","48.89","ONATCHIWAY","7065738","2023-05-06 16:00","2023","05","06","16:00","20.5","","-1.9","","22","","0.0","","32","","20","","","","97.79","","","","","","NA"
"-71.03","48.89","ONATCHIWAY","7065738","2023-05-06 17:00","2023","05","06","17:00","20.0","","-0.5","","25","","0.0","","33","","17","","","","97.74","","","","","","NA"
"-71.03","48.89","ONATCHIWAY","7065738","2023-05-06 18:00","2023","05","06","18:00","18.9","","-3.0","","22","","0.0","","32","","20","","","","97.75","","","","","","NA"
"-71.03","48.89","ONATCHIWAY","7065738","2023-05-06 19:00","2023","05","06","19:00","16.7","","-2.8","","26","","0.0","","32","","16","","","","97.78","","","","","","NA"
"-71.03","48.89","ONATCHIWAY","7065738","2023-05-06 20:00","2023","05","06","20:00","14.5","","-1.0","","34","","0.0","","34","","10","","","","97.81","","","","","","NA"
"-71.03","48.89","ONATCHIWAY","7065738","2023-05-06 21:00","2023","05","06","21:00","8.5","","-0.6","","53","","0.0","","12","","3","","","","97.81","","","","","","NA"
"-71.03","48.89","ONATCHIWAY","7065738","2023-05-06 22:00","2023","05","06","22:00","6.7","","-0.7","","59","","0.0","","14","","7","","","","97.79","","","","","","NA"
"-71.03","48.89","ONATCHIWAY","7065738","2023-05-06 23:00","2023","05","06","23:00","3.0","","-1.2","","74","","0.0","","10","","3","","","","97.77","","","","","","NA"
"-71.03","48.89","ONATCHIWAY","7065738","2023-05-07 00:00","2023","05","07","00:00","3.0","","-0.1","","80","","0.0","","8","","2","","","","97.74","","","","","","NA"
"-71.03","48.89","ONATCHIWAY","7065738","2023-05-07 01:00","2023","05","07","01:00","1.8","","-0.5","","84","","0.0","","5","","3","","","","97.70","","","","","","NA"
"-71.03","48.89","ONATCHIWAY","7065738","2023-05-07 02:00","2023","05","07","02:00","0.2","","-2.0","","85","","0.0","","0","","1","","","","97.66","","","","","","NA"
"-71.03","48.89","ONATCHIWAY","7065738","2023-05-07 03:00","2023","05","07","03:00","-1.2","","-2.4","","91","","0.0","","12","","2","","","","97.60","","","","-2","","NA"
"-71.03","48.89","ONATCHIWAY","7065738","2023-05-07 04:00","2023","05","07","04:00","-1.7","","-2.6","","94","","0.0","","5","","2","","","","97.57","","","","-2","","NA"
"-71.03","48.89","ONATCHIWAY","7065738","2023-05-07 05:00","2023","05","07","05:00","-2.0","","-3.0","","93","","0.0","","3","","3","","","","97.55","","","","-3","","NA"
"-71.03","48.89","ONATCHIWAY","7065738","2023-05-07 06:00","2023","05","07","06:00","2.9","","-0.3","","79","","0.7","","0","","1","","","","97.52","","","","","","NA"
"-71.03","48.89","ONATCHIWAY","7065738","2023-05-07 07:00","2023","05","07","07:00","6.7","","1.0","","67","","0.0","","33","","1","","","","97.46","","","","","","NA"
"-71.03","48.89","ONATCHIWAY","7065738","2023-05-07 08:00","2023","05","07","08:00","11.9","","0.5","","45","","0.0","","30","","10","","","","97.37","","","","","","NA"
"-71.03","48.89","ONATCHIWAY","7065738","2023-05-07 09:00","2023","05","07","09:00","12.7","","-1.3","","38","","0.0","","30","","14","","","","97.31","","","","","","NA"
"-71.03","48.89","ONATCHIWAY","7065738","2023-05-07 10:00","2023","05","07","10:00","13.9","","-1.0","","36","","0.0","","30","","11","","","","97.27","","","","","","NA"
"-71.03","48.89","ONATCHIWAY","7065738","2023-05-07 11:00","2023","05","07","11:00","14.1","","-1.2","","35","","0.0","","29","","11","","","","97.20","","","","","","NA"
"-71.03","48.89","ONATCHIWAY","7065738","2023-05-07 12:00","2023","05","07","12:00","15.3","","-3.7","","27","","0.0","","28","","14","","","","97.14","","","","","","NA"
"-71.03","48.89","ONATCHIWAY","7065738","2023-05-07 13:00","2023","05","07","13:00","15.2","","-5.2","","24","","0.0","","30","","20","","","","97.09","","","","","","NA"
"-71.03","48.89","ONATCHIWAY","7065738","2023-05-07 14:00","2023","05","07","14:00","15.8","","-4.8","","24","","0.0","","31","","17","","","","97.04","","","","","","NA"
"-71.03","48.89","ONATCHIWAY","7065738","2023-05-07 15:00","2023","05","07","15:00","15.7","","-2.8","","28","","0.0","","33","","14","","","","96.94","","","","","","NA"
"-71.03","48.89","ONATCHIWAY","7065738","2023-05-07 16:00","2023","05","07","16:00","15.1","","-3.1","","28","","0.0","","32","","20","","","","96.89","","","","","","NA"
"-71.03","48.89","ONATCHIWAY","7065738","2023-05-07 17:00","2023","05","07","17:00","15.5","","-1.8","","30","","0.0","","33","","18","","","","96.86","","","","","","NA"
"-71.03","48.89","ONATCHIWAY","7065738","2023-05-07 18:00","2023","05","07","18:00","13.5","","-4.6","","28","","0.0","","35","","20","","","","96.89","","","","","","NA"
"-71.03","48.89","ONATCHIWAY","7065738","2023-05-07 19:00","2023","05","07","19:00","11.7","","-4.9","","31","","0.0","","35","","14","","","","96.92","","","","","","NA"
"-71.03","48.89","ONATCHIWAY","7065738","2023-05-07 20:00","2023","05","07","20:00","8.8","","-4.4","","39","","0.0","","3","","4","","","","96.97","","","","","","NA"
"-71.03","48.89","ONATCHIWAY","7065738","2023-05-07 21:00","2023","05","07","21:00","3.8","","-4.1","","56","","0.0","","7","","3","","","","96.98","","","","","","NA"
"-71.03","48.89","ONATCHIWAY","7065738","2023-05-07 22:00","2023","05","07","22:00","1.3","","-3.9","","68","","0.0","","5","","3","","","","97.00","","","","","","NA"
"-71.03","48.89","ONATCHIWAY","7065738","2023-05-07 23:00","2023","05","07","23:00","5.2","","-4.0","","52","","0.0","","1","","10","","","","97.06","","","","","","NA"
"-71.03","48.89","ONATCHIWAY","7065738","2023-05-08 00:00","2023","05","08","00:00","3.1","","-4.5","","57","","0.0","","3","","6","","","","97.08","","","","","","NA"
"-71.03","48.89","ONATCHIWAY","7065738","2023-05-08 01:00","2023","05","08","01:00","-0.8","","-5.0","","73","","0.0","","5","","3","","","","97.07","","","","-2","","NA"
"-71.03","48.89","ONATCHIWAY","7065738","2023-05-08 02:00","2023","05","08","02:00","-2.7","","-5.2","","83","","0.0","","4","","4","","","","97.06","","","","-4","","NA"
"-71.03","48.89","ONATCHIWAY","7065738","2023-05-08 03:00","2023","05","08","03:00","-3.1","","-5.6","","83","","0.0","","8","","2","","","","97.06","","","","-4","","NA"
"-71.03","48.89","ONATCHIWAY","7065738","2023-05-08 04:00","2023","05","08","04:00","-2.3","","-4.9","","82","","0.0","","12","","3","","","","97.09","","","","-3","","NA"
"-71.03","48.89","ONATCHIWAY","7065738","2023-05-08 05:00","2023","05","08","05:00","-1.3","","-4.2","","81","","0.0","","9","","2","","","","97.11","","","","-2","","NA"
"-71.03","48.89","ONATCHIWAY","7065738","2023-05-08 06:00","2023","05","08","06:00","2.1","","-3.8","","65","","0.0","","4","","3","","","","97.13","","","","","","NA"
"-71.03","48.89","ONATCHIWAY","7065738","2023-05-08 07:00","2023","05","08","07:00","4.5","","-3.8","","55","","0.0","","2","","9","","","","97.16","","","","","","NA"
"-71.03","48.89","ONATCHIWAY","7065738","2023-05-08 08:00","2023","05","08","08:00","5.4","","-5.1","","47","","0.0","","36","","15","","","","97.17","","","","","","NA"
"-71.03","48.89","ONATCHIWAY","7065738","2023-05-08 09:00","2023","05","08","09:00","5.7","","-6.2","","42","","0.0","","35","","19","","","","97.18","","","","","","NA"
"-71.03","48.89","ONATCHIWAY","7065738","2023-05-08 10:00","2023","05","08","10:00","6.7","","-6.3","","39","","0.0","","2","","13","","","","97.17","","","","","","NA"
"-71.03","48.89","ONATCHIWAY","7065738","2023-05-08 11:00","2023","05","08","11:00","7.2","","-6.2","","38","","0.0","","35","","24","","","","97.17","","","","","","NA"
"-71.03","48.89","ONATCHIWAY","7065738","2023-05-08 12:00","2023","05","08","12:00","6.8","","-4.7","","44","","0.0","","35","","20","","","","97.18","","","","","","NA"
"-71.03","48.89","ONATCHIWAY","7065738","2023-05-08 13:00","2023","05","08","13:00","8.0","","-6.0","","36","","0.0","","35","","25","","","","97.18","","","","","","NA"
"-71.03","48.89","ONATCHIWAY","7065738","2023-05-08 14:00","2023","05","08","14:00","6.4","","-5.7","","42","","0.0","","1","","23","","","","97.24","","","","","","NA"
"-71.03","48.89","ONATCHIWAY","7065738","2023-05-08 15:00","2023","05","08","15:00","5.5","","-4.1","","50","","0.0","","35","","30","","","","97.30","","","","","","NA"
"-71.03","48.89","ONATCHIWAY","7065738","2023-05-08 16:00","2023","05","08","16:00","5.1","","-0.4","","67","","0.0","","35","","25","","","","97.37","","","","","","NA"
"-71.03","48.89","ONATCHIWAY","7065738","2023-05-08 17:00","2023","05","08","17:00","5.4","","-4.5","","49","","0.0","","34","","23","","","","97.36","","","","","","NA"
"-71.03","48.89","ONATCHIWAY","7065738","2023-05-08 18:00","2023","05","08","18:00","4.6","","-3.8","","54","","0.0","","34","","28","","","","97.38","","","","","","NA"
"-71.03","48.89","ONATCHIWAY","7065738","2023-05-08 19:00","2023","05","08","19:00","3.5","","-4.0","","58","","0.0","","36","","7","","","","97.42","","","","","","NA"
"-71.03","48.89","ONATCHIWAY","7065738","2023-05-08 20:00","2023","05","08","20:00","-0.3","","-4.8","","72","","0.0","","10","","2","","","","97.46","","","","-1","","NA"
"-71.03","48.89","ONATCHIWAY","7065738","2023-05-08 21:00","2023","05","08","21:00","-1.6","","-5.2","","76","","0.0","","32","","3","","","","97.50","","","","-3","","NA"
"-71.03","48.89","ONATCHIWAY","7065738","2023-05-08 22:00","2023","05","08","22:00","-2.7","","-5.1","","83","","0.0","","7","","2","","","","97.52","","","","-3","","NA"
"-71.03","48.89","ONATCHIWAY","7065738","2023-05-08 23:00","2023","05","08","23:00","-3.8","","-5.8","","86","","0.0","","10","","1","","","","97.55","","","","-4","","NA"
"-71.03","48.89","ONATCHIWAY","7065738","2023-05-09 00:00","2023","05","09","00:00","-4.0","","-5.2","","91","","0.0","","6","","2","","","","97.59","","","","-5","","NA"
"-71.03","48.89","ONATCHIWAY","7065738","2023-05-09 01:00","2023","05","09","01:00","-5.1","","-6.0","","93","","0.0","","7","","2","","","","97.63","","","","-6","","NA"
"-71.03","48.89","ONATCHIWAY","7065738","2023-05-09 02:00","2023","05","09","02:00","-5.7","","-6.5","","94","","0.0","","5","","3","","","","97.65","","","","-7","","NA"
"-71.03","48.89","ONATCHIWAY","7065738","2023-05-09 03:00","2023","05","09","03:00","-6.1","","-6.8","","95","","0.0","","7","","1","","","","97.70","","","","-7","","NA"
"-71.03","48.89","ONATCHIWAY","7065738","2023-05-09 04:00","2023","05","09","04:00","-6.7","","-7.5","","94","","0.0","","4","","3","","","","97.75","","","","-8","","NA"
"-71.03","48.89","ONATCHIWAY","7065738","2023-05-09 05:00","2023","05","09","05:00","-5.6","","-6.8","","91","","0.0","","3","","5","","","","97.80","","","","-8","","NA"
"-71.03","48.89","ONATCHIWAY","7065738","2023-05-09 06:00","2023","05","09","06:00","-0.6","","-3.4","","81","","0.0","","3","","5","","","","97.87","","","","-2","","NA"
"-71.03","48.89","ONATCHIWAY","7065738","2023-05-09 07:00","2023","05","09","07:00","1.8","","-2.4","","74","","0.0","","36","","13","","","","97.93","","","","","","NA"
"-71.03","48.89","ONATCHIWAY","7065738","2023-05-09 08:00","2023","05","09","08:00","4.1","","-2.5","","62","","0.0","","36","","11","","","","97.95","","","","","","NA"
"-71.03","48.89","ONATCHIWAY","7065738","2023-05-09 09:00","2023","05","09","09:00","6.4","","-5.9","","41","","0.0","","36","","15","","","","97.95","","","","","","NA"
"-71.03","48.89","ONATCHIWAY","7065738","2023-05-09 10:00","2023","05","09","10:00","8.8","","-4.6","","38","","0.0","","3","","10","","","","97.92","","","","","","NA"
"-71.03","48.89","ONATCHIWAY","7065738","2023-05-09 11:00","2023","05","09","11:00","9.1","","-4.8","","37","","0.0","","36","","17","","","","97.92","","","","","","NA"
"-71.03","48.89","ONATCHIWAY","7065738","2023-05-09 12:00","2023","05","09","12:00","8.8","","-7.6","","31","","0.0","","35","","17","","","","97.88","","","","","","NA"
"-71.03","48.89","ONATCHIWAY","7065738","2023-05-09 13:00","2023","05","09","13:00","10.8","","-7.3","","27","","0.0","","36","","14","","","","97.83","","","","","","NA"
"-71.03","48.89","ONATCHIWAY","7065738","2023-05-09 14:00","2023","05","09","14:00","11.5","","-5.5","","30","","0.0","","33","","17","","","","97.77","","","","","","NA"
"-71.03","48.89","ONATCHIWAY","7065738","2023-05-09 15:00","2023","05","09","15:00","11.5","","-8.6","","24","","0.0","","34","","22","","","","97.72","","","","","","NA"
"-71.03","48.89","ONATCHIWAY","7065738","2023-05-09 16:00","2023","05","09","16:00","11.4","","-8.2","","24","","0.0","","32","","21","","","","97.69","","","","","","NA"
"-71.03","48.89","ONATCHIWAY","7065738","2023-05-09 17:00","2023","05","09","17:00","11.5","","-10.2","","21","","0.0","","31","","15","","","","97.66","","","","","","NA"
"-71.03","48.89","ONATCHIWAY","7065738","2023-05-09 18:00","2023","05","09","18:00","11.2","","-10.1","","21","","0.0","","33","","17","","","","97.67","","","","","","NA"
"-71.03","48.89","ONATCHIWAY","7065738","2023-05-09 19:00","2023","05","09","19:00","10.0","","-9.3","","25","","0.0","","32","","12","","","","97.69","","","","","","NA"
"-71.03","48.89","ONATCHIWAY","7065738","2023-05-09 20:00","2023","05","09","20:00","7.8","","-8.1","","31","","0.0","","34","","8","","","","97.74","","","","","","NA"
"-71.03","48.89","ONATCHIWAY","7065738","2023-05-09 21:00","2023","05","09","21:00","1.3","","-7.0","","54","","0.0","","14","","5","","","","97.76","","","","","","NA"
"-71.03","48.89","ONATCHIWAY","7065738","2023-05-09 22:00","2023","05","09","22:00","0.0","","-7.5","","57","","0.0","","19","","1","","","","97.75","","","","0","","NA"
"-71.03","48.89","ONATCHIWAY","7065738","2023-05-09 23:00","2023","05","09","23:00","0.1","","-6.6","","61","","0.0","","5","","2","","","","97.75","","","","","","NA"
"-71.03","48.89","ONATCHIWAY","7065738","2023-05-10 00:00","2023","05","10","00:00","-0.7","","-5.8","","68","","0.0","","7","","2","","","","97.73","","","","-1","","NA"
"-71.03","48.89","ONATCHIWAY","7065738","2023-05-10 01:00","2023","05","10","01:00","0.2","","-4.5","","70","","0.5","","","","0","","","","97.71","","","","","","NA"
"-71.03","48.89","ONATCHIWAY","7065738","2023-05-10 02:00","2023","05","10","02:00","0.5","","-4.0","","72","","0.0","","4","","1","","","","97.68","","","","","","NA"
"-71.03","48.89","ONATCHIWAY","7065738","2023-05-10 03:00","2023","05","10","03:00","0.9","","-3.6","","72","","0.0","","12","","1","","","","97.65","","","","","","NA"
"-71.03","48.89","ONATCHIWAY","7065738","2023-05-10 04:00","2023","05","10","04:00","1.0","","-3.2","","74","","0.0","","10","","1","","","","97.64","","","","","","NA"
"-71.03","48.89","ONATCHIWAY","7065738","2023-05-10 05:00","2023","05","10","05:00","0.9","","-3.3","","73","","0.0","","10","","1","","","","97.66","","","","","","NA"
"-71.03","48.89","ONATCHIWAY","7065738","2023-05-10 06:00","2023","05","10","06:00","2.8","","-1.8","","72","","0.0","","3","","2","","","","97.69","","","","","","NA"
"-71.03","48.89","ONATCHIWAY","7065738","2023-05-10 07:00","2023","05","10","07:00","6.1","","-2.1","","56","","0.0","","34","","2","","","","97.69","","","","","","NA"
"-71.03","48.89","ONATCHIWAY","7065738","2023-05-10 08:00","2023","05","10","08:00","10.0","","-5.4","","33","","0.0","","34","","2","","","","97.70","","","","","","NA"
"-71.03","48.89","ONATCHIWAY","7065738","2023-05-10 09:00","2023","05","10","09:00","11.8","","-6.0","","28","","0.0","","33","","11","","","","97.68","","","","","","NA"
"-71.03","48.89","ONATCHIWAY","7065738","2023-05-10 10:00","2023","05","10","10:00","12.3","","-5.9","","28","","0.0","","29","","10","","","","97.61","","","","","","NA"
"-71.03","48.89","ONATCHIWAY","7065738","2023-05-10 11:00","2023","05","10","11:00","13.8","","-4.0","","29","","0.0","","32","","17","","","","97.51","","","","","","NA"
"-71.03","48.89","ONATCHIWAY","7065738","2023-05-10 12:00","2023","05","10","12:00","15.8","","-2.9","","27","","0.0","","31","","16","","","","97.43","","","","","","NA"
"-71.03","48.89","ONATCHIWAY","7065738","2023-05-10 13:00","2023","05","10","13:00","17.3","","-2.1","","27","","0.0","","27","","13","","","","97.36","","","","","","NA"
"-71.03","48.89","ONATCHIWAY","7065738","2023-05-10 14:00","2023","05","10","14:00","17.3","","-2.1","","26","","0.0","","29","","17","","","","97.31","","","","","","NA"
"-71.03","48.89","ONATCHIWAY","7065738","2023-05-10 15:00","2023","05","10","15:00","17.9","","-2.9","","24","","0.0","","30","","17","","","","97.26","","","","","","NA"
"-71.03","48.89","ONATCHIWAY","7065738","2023-05-10 16:00","2023","05","10","16:00","18.2","","-2.0","","25","","0.0","","33","","18","","","","97.25","","","","","","NA"
"-71.03","48.89","ONATCHIWAY","7065738","2023-05-10 17:00","2023","05","10","17:00","17.5","","-2.2","","26","","0.0","","32","","12","","","","97.28","","","","","","NA"
"-71.03","48.89","ONATCHIWAY","7065738","2023-05-10 18:00","2023","05","10","18:00","16.7","","-1.6","","29","","0.0","","32","","16","","","","97.32","","","","","","NA"
"-71.03","48.89","ONATCHIWAY","7065738","2023-05-10 19:00","2023","05","10","19:00","14.5","","-0.1","","37","","0.0","","35","","6","","","","97.38","","","","","","NA"
"-71.03","48.89","ONATCHIWAY","7065738","2023-05-10 20:00","2023","05","10","20:00","9.2","","0.0","","53","","0.0","","12","","5","","","","97.41","","","","","","NA"
"-71.03","48.89","ONATCHIWAY","7065738","2023-05-10 21:00","2023","05","10","21:00","6.9","","0.0","","61","","0.0","","13","","2","","","","97.46","","","","","","NA"
"-71.03","48.89","ONATCHIWAY","7065738","2023-05-10 22:00","2023","05","10","22:00","5.0","","-0.3","","69","","0.0","","5","","2","","","","97.47","","","","","","NA"
"-71.03","48.89","ONATCHIWAY","7065738","2023-05-10 23:00","2023","05","10","23:00","3.5","","0.0","","78","","0.0","","10","","2","","","","97.47","","","","","","NA"
"-71.03","48.89","ONATCHIWAY","7065738","2023-05-11 00:00","2023","05","11","00:00","2.0","","0.5","","90","","0.0","","3","","2","","","","97.45","","","","","","NA"
"-71.03","48.89","ONATCHIWAY","7065738","2023-05-11 01:00","2023","05","11","01:00","0.1","","-1.5","","89","","0.0","","4","","1","","","","97.46","","","","","","NA"
"-71.03","48.89","ONATCHIWAY","7065738","2023-05-11 02:00","2023","05","11","02:00","-0.6","","-1.8","","92","","0.0","","4","","1","","","","97.47","","","","-1","","NA"
"-71.03","48.89","ONATCHIWAY","7065738","2023-05-11 03:00","2023","05","11","03:00","-1.0","","-1.4","","97","","0.0","","3","","2","","","","97.48","","","","-2","","NA"
"-71.03","48.89","ONATCHIWAY","7065738","2023-05-11 04:00","2023","05","11","04:00","-1.6","","-2.4","","95","","0.0","","11","","3","","","","97.51","","","","-3","","NA"
"-71.03","48.89","ONATCHIWAY","7065738","2023-05-11 05:00","2023","05","11","05:00","-1.6","","-2.4","","94","","0.0","","3","","2","","","","97.57","","","","-2","","NA"
"-71.03","48.89","ONATCHIWAY","7065738","2023-05-11 06:00","2023","05","11","06:00","1.7","","-0.2","","87","","0.0","","5","","2","","","","97.63","","","","","","NA"
"-71.03","48.89","ONATCHIWAY","7065738","2023-05-11 07:00","2023","05","11","07:00","4.8","","1.1","","77","","0.0","","1","","2","","","","97.64","","","","","","NA"
"-71.03","48.89","ONATCHIWAY","7065738","2023-05-11 08:00","2023","05","11","08:00","10.2","","1.6","","55","","0.0","","24","","3","","","","97.68","","","","","","NA"
"-71.03","48.89","ONATCHIWAY","7065738","2023-05-11 09:00","2023","05","11","09:00","13.7","","1.7","","44","","0.0","","18","","8","","","","97.65","","","","","","NA"
"-71.03","48.89","ONATCHIWAY","7065738","2023-05-11 10:00","2023","05","11","10:00","15.3","","0.3","","36","","0.0","","28","","11","","","","97.67","","","","","","NA"
"-71.03","48.89","ONATCHIWAY","7065738","2023-05-11 11:00","2023","05","11","11:00","16.0","","-0.6","","32","","0.0","","29","","10","","","","97.63","","","","","","NA"
"-71.03","48.89","ONATCHIWAY","7065738","2023-05-11 12:00","2023","05","11","12:00","17.3","","-2.1","","27","","0.0","","32","","11","","","","97.62","","","","","","NA"
"-71.03","48.89","ONATCHIWAY","7065738","2023-05-11 13:00","2023","05","11","13:00","19.0","","-1.8","","24","","0.0","","31","","10","","","","97.57","","","","","","NA"
"-71.03","48.89","ONATCHIWAY","7065738","2023-05-11 14:00","2023","05","11","14:00","19.6","","-0.8","","25","","0.0","","31","","8","","","","97.53","","","","","","NA"
"-71.03","48.89","ONATCHIWAY","7065738","2023-05-11 15:00","2023","05","11","15:00","19.6","","-1.6","","24","","0.0","","31","","13","","","","97.50","","","","","","NA"
"-71.03","48.89","ONATCHIWAY","7065738","2023-05-11 16:00","2023","05","11","16:00","20.4","","-1.7","","23","","0.0","","30","","10","","","","97.51","","","","","","NA"
"-71.03","48.89","ONATCHIWAY","7065738","2023-05-11 17:00","2023","05","11","17:00","20.3","","-0.7","","24","","0.0","","31","","8","","","","97.51","","","","","","NA"
"-71.03","48.89","ONATCHIWAY","7065738","2023-05-11 18:00","2023","05","11","18:00","19.5","","-0.2","","27","","0.0","","30","","9","","","","97.52","","","","","","NA"
"-71.03","48.89","ONATCHIWAY","7065738","2023-05-11 19:00","2023","05","11","19:00","16.0","","1.4","","37","","0.0","","17","","6","","","","97.53","","","","","","NA"
"-71.03","48.89","ONATCHIWAY","7065738","2023-05-11 20:00","2023","05","11","20:00","11.9","","1.9","","50","","0.0","","16","","3","","","","97.59","","","","","","NA"
"-71.03","48.89","ONATCHIWAY","7065738","2023-05-11 21:00","2023","05","11","21:00","8.5","","3.1","","69","","0.0","","","","0","","","","97.59","","","","","","NA"
"-71.03","48.89","ONATCHIWAY","7065738","2023-05-11 22:00","2023","05","11","22:00","6.1","","1.7","","73","","0.0","","7","","2","","","","97.58","","","","","","NA"
"-71.03","48.89","ONATCHIWAY","7065738","2023-05-11 23:00","2023","05","11","23:00","4.5","","1.2","","79","","0.0","","5","","1","","","","97.56","","","","","","NA"
"-71.03","48.89","ONATCHIWAY","7065738","2023-05-12 00:00","2023","05","12","00:00","3.0","","0.5","","84","","0.0","","7","","2","","","","97.54","","","","","","NA"
"-71.03","48.89","ONATCHIWAY","7065738","2023-05-12 01:00","2023","05","12","01:00","2.1","","0.1","","87","","0.0","","5","","3","","","","97.50","","","","","","NA"
"-71.03","48.89","ONATCHIWAY","7065738","2023-05-12 02:00","2023","05","12","02:00","1.1","","-0.6","","89","","0.0","","6","","3","","","","97.45","","","","","","NA"
"-71.03","48.89","ONATCHIWAY","7065738","2023-05-12 03:00","2023","05","12","03:00","1.3","","0.1","","92","","0.0","","","","0","","","","97.43","","","","","","NA"
"-71.03","48.89","ONATCHIWAY","7065738","2023-05-12 04:00","2023","05","12","04:00","0.2","","-0.8","","93","","0.0","","0","","1","","","","97.44","","","","","","NA"
"-71.03","48.89","ONATCHIWAY","7065738","2023-05-12 05:00","2023","05","12","05:00","2.7","","1.1","","89","","0.4","","7","","1","","","","97.45","","","","","","NA"
"-71.03","48.89","ONATCHIWAY","7065738","2023-05-12 06:00","2023","05","12","06:00","5.5","","2.6","","82","","0.0","","29","","1","","","","97.45","","","","","","NA"
"-71.03","48.89","ONATCHIWAY","7065738","2023-05-12 07:00","2023","05","12","07:00","8.3","","3.4","","71","","0.0","","","","0","","","","97.42","","","","","","NA"
"-71.03","48.89","ONATCHIWAY","7065738","2023-05-12 08:00","2023","05","12","08:00","11.8","","4.4","","61","","0.0","","24","","4","","","","97.45","","","","","","NA"
"-71.03","48.89","ONATCHIWAY","7065738","2023-05-12 09:00","2023","05","12","09:00","14.6","","5.2","","53","","0.0","","2","","3","","","","97.45","","","","","","NA"
"-71.03","48.89","ONATCHIWAY","7065738","2023-05-12 10:00","2023","05","12","10:00","16.3","","4.8","","46","","0.0","","31","","3","","","","97.45","","","","","","NA"
"-71.03","48.89","ONATCHIWAY","7065738","2023-05-12 11:00","2023","05","12","11:00","15.9","","8.0","","60","","0.0","","21","","8","","","","97.47","","","","","","NA"
"-71.03","48.89","ONATCHIWAY","7065738","2023-05-12 12:00","2023","05","12","12:00","15.8","","8.8","","63","","0.0","","30","","8","","","","97.45","","","","","","NA"
"-71.03","48.89","ONATCHIWAY","7065738","2023-05-12 13:00","2023","05","12","13:00","15.5","","11.1","","75","","0.0","","31","","10","","","","97.42","","","","","","NA"
"-71.03","48.89","ONATCHIWAY","7065738","2023-05-12 14:00","2023","05","12","14:00","14.1","","11.8","","86","","0.7","","23","","10","","","","97.40","","","","","","NA"
"-71.03","48.89","ONATCHIWAY","7065738","2023-05-12 15:00","2023","05","12","15:00","13.3","","10.6","","84","","1.5","","28","","12","","","","97.43","","","","","","NA"
"-71.03","48.89","ONATCHIWAY","7065738","2023-05-12 16:00","2023","05","12","16:00","15.0","","10.0","","72","","0.0","","34","","6","","","","97.44","","","","","","NA"
"-71.03","48.89","ONATCHIWAY","7065738","2023-05-12 17:00","2023","05","12","17:00","15.0","","11.1","","78","","0.2","","0","","1","","","","97.39","","","","","","NA"
"-71.03","48.89","ONATCHIWAY","7065738","2023-05-12 18:00","2023","05","12","18:00","11.6","","8.5","","81","","1.9","","31","","9","","","","97.44","","","","","","NA"
"-71.03","48.89","ONATCHIWAY","7065738","2023-05-12 19:00","2023","05","12","19:00","10.8","","10.3","","97","","0.0","","21","","3","","","","97.43","","","","","","NA"
"-71.03","48.89","ONATCHIWAY","7065738","2023-05-12 20:00","2023","05","12","20:00","10.8","","8.7","","87","","0.0","","24","","5","","","","97.50","","","","","","NA"
"-71.03","48.89","ONATCHIWAY","7065738","2023-05-12 21:00","2023","05","12","21:00","10.0","","5.0","","71","","0.0","","34","","15","","","","97.63","","","","","","NA"
"-71.03","48.89","ONATCHIWAY","7065738","2023-05-12 22:00","2023","05","12","22:00","8.1","","3.8","","74","","0.0","","33","","14","","","","97.67","","","","","","NA"
"-71.03","48.89","ONATCHIWAY","7065738","2023-05-12 23:00","2023","05","12","23:00","7.4","","2.7","","72","","0.0","","29","","11","","","","97.65","","","","","","NA"
"-71.03","48.89","ONATCHIWAY","7065738","2023-05-13 00:00","2023","05","13","00:00","6.3","","1.5","","71","","0.0","","31","","14","","","","97.66","","","","","","NA"
"-71.03","48.89","ONATCHIWAY","7065738","2023-05-13 01:00","2023","05","13","01:00","5.7","","0.9","","71","","0.0","","31","","7","","","","97.66","","","","","","NA"
"-71.03","48.89","ONATCHIWAY","7065738","2023-05-13 02:00","2023","05","13","02:00","4.7","","1.0","","77","","0.0","","30","","7","","","","97.67","","","","","","NA"
"-71.03","48.89","ONATCHIWAY","7065738","2023-05-13 03:00","2023","05","13","03:00","4.5","","0.3","","74","","0.0","","29","","7","","","","97.66","","","","","","NA"
"-71.03","48.89","ONATCHIWAY","7065738","2023-05-13 04:00","2023","05","13","04:00","4.5","","0.0","","73","","0.0","","31","","4","","","","97.64","","","","","","NA"
"-71.03","48.89","ONATCHIWAY","7065738","2023-05-13 05:00","2023","05","13","05:00","4.4","","-0.4","","71","","0.0","","29","","10","","","","97.65","","","","","","NA"
"-71.03","48.89","ONATCHIWAY","7065738","2023-05-13 06:00","2023","05","13","06:00","4.4","","-0.7","","69","","0.0","","31","","9","","","","97.66","","","","","","NA"
"-71.03","48.89","ONATCHIWAY","7065738","2023-05-13 07:00","2023","05","13","07:00","3.7","","0.2","","77","","0.0","","29","","12","","","","97.68","","","","","","NA"
"-71.03","48.89","ONATCHIWAY","7065738","2023-05-13 08:00","2023","05","13","08:00","2.6","","0.3","","84","","0.0","","30","","15","","","","97.74","","","","","","NA"
"-71.03","48.89","ONATCHIWAY","7065738","2023-05-13 09:00","2023","05","13","09:00","3.2","","-1.8","","70","","0.0","","33","","20","","","","97.78","","","","","","NA"
"-71.03","48.89","ONATCHIWAY","7065738","2023-05-13 10:00","2023","05","13","10:00","2.9","","-1.5","","73","","0.0","","31","","13","","","","97.84","","","","","","NA"
"-71.03","48.89","ONATCHIWAY","7065738","2023-05-13 11:00","2023","05","13","11:00","1.1","","-0.5","","89","","0.0","","35","","20","","","","97.90","","","","","","NA"
"-71.03","48.89","ONATCHIWAY","7065738","2023-05-13 12:00","2023","05","13","12:00","3.0","","0.6","","84","","0.5","","35","","10","","","","97.91","","","","","","NA"
"-71.03","48.89","ONATCHIWAY","7065738","2023-05-13 13:00","2023","05","13","13:00","5.0","","1.3","","77","","0.3","","36","","14","","","","97.92","","","","","","NA"
"-71.03","48.89","ONATCHIWAY","7065738","2023-05-13 14:00","2023","05","13","14:00","6.3","","-0.7","","61","","0.0","","34","","21","","","","97.92","","","","","","NA"
"-71.03","48.89","ONATCHIWAY","7065738","2023-05-13 15:00","2023","05","13","15:00","7.7","","-2.8","","47","","0.0","","32","","22","","","","97.93","","","","","","NA"
"-71.03","48.89","ONATCHIWAY","7065738","2023-05-13 16:00","2023","05","13","16:00","8.0","","-0.7","","54","","0.0","","34","","18","","","","97.96","","","","","","NA"
"-71.03","48.89","ONATCHIWAY","7065738","2023-05-13 17:00","2023","05","13","17:00","7.7","","-2.5","","48","","0.0","","33","","21","","","","98.00","","","","","","NA"
"-71.03","48.89","ONATCHIWAY","7065738","2023-05-13 18:00","2023","05","13","18:00","7.2","","-2.2","","51","","0.0","","33","","22","","","","98.06","","","","","","NA"
"-71.03","48.89","ONATCHIWAY","7065738","2023-05-13 19:00","2023","05","13","19:00","6.7","","-2.5","","52","","0.0","","32","","22","","","","98.15","","","","","","NA"
"-71.03","48.89","ONATCHIWAY","7065738","2023-05-13 20:00","2023","05","13","20:00","5.5","","-2.1","","58","","0.0","","34","","19","","","","98.20","","","","","","NA"
"-71.03","48.89","ONATCHIWAY","7065738","2023-05-13 21:00","2023","05","13","21:00","5.7","","-2.7","","55","","0.0","","33","","19","","","","98.21","","","","","","NA"
"-71.03","48.89","ONATCHIWAY","7065738","2023-05-13 22:00","2023","05","13","22:00","5.4","","-2.0","","59","","0.0","","33","","17","","","","98.22","","","","","","NA"
"-71.03","48.89","ONATCHIWAY","7065738","2023-05-13 23:00","2023","05","13","23:00","5.2","","-1.5","","62","","0.0","","34","","19","","","","98.22","","","","","","NA"
"-71.03","48.89","ONATCHIWAY","7065738","2023-05-14 00:00","2023","05","14","00:00","5.0","","-1.4","","63","","0.0","","33","","23","","","","98.20","","","","","","NA"
"-71.03","48.89","ONATCHIWAY","7065738","2023-05-14 01:00","2023","05","14","01:00","4.6","","-0.9","","67","","0.0","","34","","21","","","","98.21","","","","","","NA"
"-71.03","48.89","ONATCHIWAY","7065738","2023-05-14 02:00","2023","05","14","02:00","3.3","","0.2","","80","","0.0","","36","","19","","","","98.22","","","","","","NA"
"-71.03","48.89","ONATCHIWAY","7065738","2023-05-14 03:00","2023","05","14","03:00","2.7","","0.1","","83","","0.0","","1","","4","","","","98.24","","","","","","NA"
"-71.03","48.89","ONATCHIWAY","7065738","2023-05-14 04:00","2023","05","14","04:00","3.0","","-0.9","","75","","0.0","","33","","14","","","","98.26","","","","","","NA"
"-71.03","48.89","ONATCHIWAY","7065738","2023-05-14 05:00","2023","05","14","05:00","2.9","","-2.1","","69","","0.0","","33","","18","","","","98.31","","","","","","NA"
"-71.03","48.89","ONATCHIWAY","7065738","2023-05-14 06:00","2023","05","14","06:00","3.4","","-2.4","","66","","0.0","","35","","24","","","","98.36","","","","","","NA"
"-71.03","48.89","ONATCHIWAY","7065738","2023-05-14 07:00","2023","05","14","07:00","4.4","","-3.1","","58","","0.0","","36","","22","","","","98.40","","","","","","NA"
"-71.03","48.89","ONATCHIWAY","7065738","2023-05-14 08:00","2023","05","14","08:00","5.7","","-4.2","","49","","0.0","","36","","20","","","","98.41","","","","","","NA"
"-71.03","48.89","ONATCHIWAY","7065738","2023-05-14 09:00","2023","05","14","09:00","7.1","","-6.9","","36","","0.0","","35","","25","","","","98.40","","","","","","NA"
"-71.03","48.89","ONATCHIWAY","7065738","2023-05-14 10:00","2023","05","14","10:00","9.3","","-5.2","","35","","0.0","","35","","25","","","","98.38","","","","","","NA"
"-71.03","48.89","ONATCHIWAY","7065738","2023-05-14 11:00","2023","05","14","11:00","10.1","","-6.0","","32","","0.0","","33","","30","","","","98.34","","","","","","NA"
"-71.03","48.89","ONATCHIWAY","7065738","2023-05-14 12:00","2023","05","14","12:00","11.3","","-5.6","","30","","0.0","","34","","28","","","","98.32","","","","","","NA"
"-71.03","48.89","ONATCHIWAY","7065738","2023-05-14 13:00","2023","05","14","13:00","13.1","","-4.4","","29","","0.0","","36","","24","","","","98.24","","","","","","NA"
"-71.03","48.89","ONATCHIWAY","7065738","2023-05-14 14:00","2023","05","14","14:00","13.5","","-6.6","","24","","0.0","","33","","23","","","","98.21","","","","","","NA"
"-71.03","48.89","ONATCHIWAY","7065738","2023-05-14 15:00","2023","05","14","15:00","14.4","","-6.2","","23","","0.0","","35","","20","","","","98.20","","","","","","NA"
"-71.03","48.89","ONATCHIWAY","7065738","2023-05-14 16:00","2023","05","14","16:00","14.1","","-4.2","","28","","0.0","","33","","23","","","","98.23","","","","","","NA"
"-71.03","48.89","ONATCHIWAY","7065738","2023-05-14 17:00","2023","05","14","17:00","13.2","","-4.3","","29","","0.0","","32","","23","","","","98.25","","","","","","NA"
"-71.03","48.89","ONATCHIWAY","7065738","2023-05-14 18:00","2023","05","14","18:00","12.8","","-3.5","","32","","0.0","","32","","17","","","","98.26","","","","","","NA"
"-71.03","48.89","ONATCHIWAY","7065738","2023-05-14 19:00","2023","05","14","19:00","11.6","","-2.3","","38","","0.0","","35","","4","","","","98.24","","","","","","NA"
"-71.03","48.89","ONATCHIWAY","7065738","2023-05-14 20:00","2023","05","14","20:00","8.7","","-1.2","","50","","0.0","","11","","5","","","","98.25","","","","","","NA"
"-71.03","48.89","ONATCHIWAY","7065738","2023-05-14 21:00","2023","05","14","21:00","5.9","","-0.1","","65","","0.0","","15","","6","","","","98.21","","","","","","NA"
"-71.03","48.89","ONATCHIWAY","7065738","2023-05-14 22:00","2023","05","14","22:00","4.5","","0.1","","73","","0.0","","14","","4","","","","98.17","","","","","","NA"
"-71.03","48.89","ONATCHIWAY","7065738","2023-05-14 23:00","2023","05","14","23:00","3.7","","0.6","","80","","0.0","","19","","3","","","","98.09","","","","","","NA"
"-71.03","48.89","ONATCHIWAY","7065738","2023-05-15 00:00","2023","05","15","00:00"
"-71.03","48.89","ONATCHIWAY","7065738","2023-05-15 01:00","2023","05","15","01:00","4.6","","0.0","","72","","0.0","","17","","7","","","","97.89","","","","","","NA"
"-71.03","48.89","ONATCHIWAY","7065738","2023-05-15 02:00","2023","05","15","02:00","7.3","","0.1","","60","","0.0","","17","","9","","","","97.78","","","","","","NA"
"-71.03","48.89","ONATCHIWAY","7065738","2023-05-15 03:00","2023","05","15","03:00","8.7","","0.3","","56","","0.0","","22","","10","","","","97.68","","","","","","NA"
"-71.03","48.89","ONATCHIWAY","7065738","2023-05-15 04:00","2023","05","15","04:00","9.0","","0.4","","55","","0.0","","22","","8","","","","97.61","","","","","","NA"
"-71.03","48.89","ONATCHIWAY","7065738","2023-05-15 05:00","2023","05","15","05:00","8.6","","1.0","","59","","0.0","","21","","6","","","","97.57","","","","","","NA"
"-71.03","48.89","ONATCHIWAY","7065738","2023-05-15 06:00","2023","05","15","06:00","8.8","","1.6","","61","","0.0","","20","","8","","","","97.41","","","","","","NA"
"-71.03","48.89","ONATCHIWAY","7065738","2023-05-15 07:00","2023","05","15","07:00","10.0","","1.4","","55","","0.0","","19","","10","","","","97.28","","","","","","NA"
"-71.03","48.89","ONATCHIWAY","7065738","2023-05-15 08:00","2023","05","15","08:00","10.1","","1.3","","54","","0.0","","20","","4","","","","97.17","","","","","","NA"
"-71.03","48.89","ONATCHIWAY","7065738","2023-05-15 09:00","2023","05","15","09:00","11.1","","1.9","","53","","0.0","","22","","9","","","","97.12","","","","","","NA"
"-71.03","48.89","ONATCHIWAY","7065738","2023-05-15 10:00","2023","05","15","10:00"
"-71.03","48.89","ONATCHIWAY","7065738","2023-05-15 11:00","2023","05","15","11:00","8.4","","6.7","","89","","0.7","","18","","11","","","","96.95","","","","","","NA"
"-71.03","48.89","ONATCHIWAY","7065738","2023-05-15 12:00","2023","05","15","12:00","8.6","","7.3","","91","","0.5","","19","","14","","","","96.84","","","","","","NA"
"-71.03","48.89","ONATCHIWAY","7065738","2023-05-15 13:00","2023","05","15","13:00","9.0","","6.6","","85","","0.8","","23","","13","","","","96.79","","","","","","NA"
"-71.03","48.89","ONATCHIWAY","7065738","2023-05-15 14:00","2023","05","15","14:00","8.7","","6.4","","85","","0.0","","25","","8","","","","96.76","","","","","","NA"
"-71.03","48.89","ONATCHIWAY","7065738","2023-05-15 15:00","2023","05","15","15:00"
"-71.03","48.89","ONATCHIWAY","7065738","2023-05-15 16:00","2023","05","15","16:00","9.7","","6.6","","81","","0.0","","26","","13","","","","96.71","","","","","","NA"
"-71.03","48.89","ONATCHIWAY","7065738","2023-05-15 17:00","2023","05","15","17:00","9.8","","6.4","","80","","0.0","","25","","15","","","","96.61","","","","","","NA"
"-71.03","48.89","ONATCHIWAY","7065738","2023-05-15 18:00","2023","05","15","18:00","10.0","","6.2","","77","","0.0","","26","","13","","","","96.62","","","","","","NA"
"-71.03","48.89","ONATCHIWAY","7065738","2023-05-15 19:00","2023","05","15","19:00","9.4","","6.9","","85","","0.0","","23","","9","","","","96.61","","","","","","NA"
"-71.03","48.89","ONATCHIWAY","7065738","2023-05-15 20:00","2023","05","15","20:00","9.5","","6.6","","82","","0.0","","25","","14","","","","96.58","","","","","","NA"
"-71.03","48.89","ONATCHIWAY","7065738","2023-05-15 21:00","2023","05","15","21:00","9.7","","6.4","","80","","0.0","","25","","9","","","","96.61","","","","","","NA"
"-71.03","48.89","ONATCHIWAY","7065738","2023-05-15 22:00","2023","05","15","22:00","9.0","","6.5","","84","","0.3","","24","","9","","","","96.55","","","","","","NA"
"-71.03","48.89","ONATCHIWAY","7065738","2023-05-15 23:00","2023","05","15","23:00","8.7","","6.0","","83","","0.0","","23","","6","","","","96.55","","","","","","NA"
"-71.03","48.89","ONATCHIWAY","7065738","2023-05-16 00:00","2023","05","16","00:00","8.1","","4.7","","79","","0.0","","30","","7","","","","96.52","","","","","","NA"
"-71.03","48.89","ONATCHIWAY","7065738","2023-05-16 01:00","2023","05","16","01:00","4.8","","2.1","","83","","0.0","","2","","2","","","","96.52","","","","","","NA"
"-71.03","48.89","ONATCHIWAY","7065738","2023-05-16 02:00","2023","05","16","02:00","1.6","","-0.1","","88","","0.0","","2","","4","","","","96.52","","","","","","NA"
"-71.03","48.89","ONATCHIWAY","7065738","2023-05-16 03:00","2023","05","16","03:00","-0.3","","-1.0","","95","","0.0","","13","","4","","","","96.52","","","","-2","","NA"
"-71.03","48.89","ONATCHIWAY","7065738","2023-05-16 04:00","2023","05","16","04:00","-1.6","","-2.0","","98","","0.0","","6","","1","","","","96.51","","","","-2","","NA"
"-71.03","48.89","ONATCHIWAY","7065738","2023-05-16 05:00","2023","05","16","05:00","-0.1","","-1.9","","88","","0.0","","8","","3","","","","96.59","","","","-1","","NA"
"-71.03","48.89","ONATCHIWAY","7065738","2023-05-16 06:00","2023","05","16","06:00","3.2","","-3.7","","61","","0.0","","2","","13","","","","96.56","","","","","","NA"
"-71.03","48.89","ONATCHIWAY","7065738","2023-05-16 07:00","2023","05","16","07:00","3.2","","-3.3","","62","","0.0","","36","","13","","","","96.57","","","","","","NA"
"-71.03","48.89","ONATCHIWAY","7065738","2023-05-16 08:00","2023","05","16","08:00","3.6","","-2.8","","63","","0.0","","35","","13","","","","96.56","","","","","","NA"
"-71.03","48.89","ONATCHIWAY","7065738","2023-05-16 09:00","2023","05","16","09:00","3.5","","-3.8","","59","","0.0","","1","","11","","","","96.56","","","","","","NA"
"-71.03","48.89","ONATCHIWAY","7065738","2023-05-16 10:00","2023","05","16","10:00","4.4","","-3.7","","56","","0.0","","1","","11","","","","96.55","","","","","","NA"
"-71.03","48.89","ONATCHIWAY","7065738","2023-05-16 11:00","2023","05","16","11:00","5.3","","-5.0","","47","","0.0","","1","","11","","","","96.48","","","","","","NA"
"-71.03","48.89","ONATCHIWAY","7065738","2023-05-16 12:00","2023","05","16","12:00","6.1","","-3.9","","48","","0.0","","36","","8","","","","96.41","","","","","","NA"
"-71.03","48.89","ONATCHIWAY","7065738","2023-05-16 13:00","2023","05","16","13:00","6.2","","-5.4","","43","","0.0","","35","","14","","","","96.36","","","","","","NA"
"-71.03","48.89","ONATCHIWAY","7065738","2023-05-16 14:00","2023","05","16","14:00","6.7","","-7.0","","37","","0.0","","30","","9","","","","96.31","","","","","","NA"
"-71.03","48.89","ONATCHIWAY","7065738","2023-05-16 15:00","2023","05","16","15:00","7.2","","-7.7","","34","","0.0","","33","","10","","","","96.27","","","","","","NA"
"-71.03","48.89","ONATCHIWAY","7065738","2023-05-16 16:00","2023","05","16","16:00","7.1","","-5.5","","40","","0.0","","34","","12","","","","96.28","","","","","","NA"
"-71.03","48.89","ONATCHIWAY","7065738","2023-05-16 17:00","2023","05","16","17:00","6.4","","-7.2","","37","","0.0","","35","","20","","","","96.31","","","","","","NA"
"-71.03","48.89","ONATCHIWAY","7065738","2023-05-16 18:00","2023","05","16","18:00","5.2","","-7.1","","41","","0.0","","34","","20","","","","96.38","","","","","","NA"
"-71.03","48.89","ONATCHIWAY","7065738","2023-05-16 19:00","2023","05","16","19:00","4.0","","-7.2","","44","","0.0","","35","","20","","","","96.45","","","","","","NA"
"-71.03","48.89","ONATCHIWAY","7065738","2023-05-16 20:00","2023","05","16","20:00","2.8","","-7.3","","47","","0.0","","34","","16","","","","96.54","","","","","","NA"
"-71.03","48.89","ONATCHIWAY","7065738","2023-05-16 21:00","2023","05","16","21:00","2.0","","-7.8","","48","","0.0","","34","","17","","","","96.60","","","","","","NA"
"-71.03","48.89","ONATCHIWAY","7065738","2023-05-16 22:00","2023","05","16","22:00","1.3","","-7.7","","51","","0.0","","35","","19","","","","96.63","","","","","","NA"
"-71.03","48.89","ONATCHIWAY","7065738","2023-05-16 23:00","2023","05","16","23:00","0.8","","-8.4","","50","","0.0","","35","","15","","","","96.66","","","","","","NA"
"-71.03","48.89","ONATCHIWAY","7065738","2023-05-17 00:00","2023","05","17","00:00","0.5","","-7.4","","55","","0.0","","35","","18","","","","96.69","","","","","","NA"
"-71.03","48.89","ONATCHIWAY","7065738","2023-05-17 01:00","2023","05","17","01:00","0.2","","-7.4","","57","","0.0","","36","","18","","","","96.71","","","","","","NA"
"-71.03","48.89","ONATCHIWAY","7065738","2023-05-17 02:00","2023","05","17","02:00","-0.2","","-8.2","","55","","0.0","","34","","12","","","","96.72","","","","-4","","NA"
"-71.03","48.89","ONATCHIWAY","7065738","2023-05-17 03:00","2023","05","17","03:00","-0.4","","-6.8","","62","","0.0","","34","","17","","","","96.77","","","","-5","","NA"
"-71.03","48.89","ONATCHIWAY","7065738","2023-05-17 04:00","2023","05","17","04:00","-0.7","","-7.4","","60","","0.0","","34","","18","","","","96.82","","","","-6","","NA"
"-71.03","48.89","ONATCHIWAY","7065738","2023-05-17 05:00","2023","05","17","05:00","-0.7","","-6.4","","65","","0.0","","34","","15","","","","96.89","","","","-5","","NA"
"-71.03","48.89","ONATCHIWAY","7065738","2023-05-17 06:00","2023","05","17","06:00","-0.5","","-6.6","","63","","0.0","","34","","17","","","","96.93","","","","-5","","NA"
"-71.03","48.89","ONATCHIWAY","7065738","2023-05-17 07:00","2023","05","17","07:00","0.2","","-7.7","","55","","0.0","","35","","21","","","","96.98","","","","","","NA"
"-71.03","48.89","ONATCHIWAY","7065738","2023-05-17 08:00","2023","05","17","08:00","0.4","","-7.7","","55","","0.0","","35","","21","","","","97.01","","","","","","NA"
"-71.03","48.89","ONATCHIWAY","7065738","2023-05-17 09:00","2023","05","17","09:00","1.3","","-8.7","","47","","0.0","","1","","14","","","","97.01","","","","","","NA"
"-71.03","48.89","ONATCHIWAY","7065738","2023-05-17 10:00","2023","05","17","10:00","3.1","","-5.7","","52","","0.0","","36","","12","","","","97.02","","","","","","NA"
"-71.03","48.89","ONATCHIWAY","7065738","2023-05-17 11:00","2023","05","17","11:00","3.2","","-7.6","","45","","0.0","","36","","19","","","","97.01","","","","","","NA"
"-71.03","48.89","ONATCHIWAY","7065738","2023-05-17 12:00","2023","05","17","12:00","1.2","","-3.5","","70","","0.0","","34","","23","","","","97.11","","","","","","NA"
"-71.03","48.89","ONATCHIWAY","7065738","2023-05-17 13:00","2023","05","17","13:00","4.1","","-1.9","","65","","0.2","","36","","14","","","","97.09","","","","","","NA"
"-71.03","48.89","ONATCHIWAY","7065738","2023-05-17 14:00","2023","05","17","14:00","0.7","","-2.2","","81","","0.0","","35","","17","","","","97.16","","","","","","NA"
"-71.03","48.89","ONATCHIWAY","7065738","2023-05-17 15:00","2023","05","17","15:00","0.8","","-2.4","","79","","1.0","","34","","20","","","","97.18","","","","","","NA"
"-71.03","48.89","ONATCHIWAY","7065738","2023-05-17 16:00","2023","05","17","16:00","2.0","","-1.1","","80","","0.2","","4","","5","","","","97.24","","","","","","NA"
"-71.03","48.89","ONATCHIWAY","7065738","2023-05-17 17:00","2023","05","17","17:00","2.1","","-0.2","","85","","0.0","","17","","3","","","","97.28","","","","","","NA"
"-71.03","48.89","ONATCHIWAY","7065738","2023-05-17 18:00","2023","05","17","18:00","2.9","","-2.5","","67","","0.4","","33","","12","","","","97.35","","","","","","NA"
"-71.03","48.89","ONATCHIWAY","7065738","2023-05-17 19:00","2023","05","17","19:00","1.5","","-2.4","","75","","0.0","","29","","13","","","","97.42","","","","","","NA"
"-71.03","48.89","ONATCHIWAY","7065738","2023-05-17 20:00","2023","05","17","20:00","1.9","","-4.6","","62","","0.0","","32","","18","","","","97.51","","","","","","NA"
"-71.03","48.89","ONATCHIWAY","7065738","2023-05-17 21:00","2023","05","17","21:00","1.5","","-5.5","","59","","0.0","","32","","18","","","","97.59","","","","","","NA"
"-71.03","48.89","ONATCHIWAY","7065738","2023-05-17 22:00","2023","05","17","22:00","0.9","","-5.8","","61","","0.0","","31","","14","","","","97.68","","","","","","NA"
"-71.03","48.89","ONATCHIWAY","7065738","2023-05-17 23:00","2023","05","17","23:00","0.5","","-6.0","","62","","0.0","","32","","15","","","","97.76","","","","","","NA"
"-71.03","48.89","ONATCHIWAY","7065738","2023-05-18 00:00","2023","05","18","00:00","0.2","","-5.7","","64","","0.0","","33","","19","","","","97.81","","","","","","NA"
"-71.03","48.89","ONATCHIWAY","7065738","2023-05-18 01:00","2023","05","18","01:00","-0.2","","-5.8","","66","","0.0","","31","","8","","","","97.85","","","","-3","","NA"
"-71.03","48.89","ONATCHIWAY","7065738","2023-05-18 02:00","2023","05","18","02:00","-0.7","","-6.1","","67","","0.0","","31","","11","","","","97.86","","","","-4","","NA"
"-71.03","48.89","ONATCHIWAY","7065738","2023-05-18 03:00","2023","05","18","03:00","-0.7","","-6.4","","65","","0.0","","31","","12","","","","97.93","","","","-5","","NA"
"-71.03","48.89","ONATCHIWAY","7065738","2023-05-18 04:00","2023","05","18","04:00","-1.2","","-6.7","","66","","0.0","","29","","7","","","","98.01","","","","-4","","NA"
"-71.03","48.89","ONATCHIWAY","7065738","2023-05-18 05:00","2023","05","18","05:00","-1.4","","-6.4","","68","","0.0","","31","","7","","","","98.07","","","","-4","","NA"
"-71.03","48.89","ONATCHIWAY","7065738","2023-05-18 06:00","2023","05","18","06:00","-0.8","","-5.9","","68","","0.0","","36","","7","","","","98.16","","","","-3","","NA"
"-71.03","48.89","ONATCHIWAY","7065738","2023-05-18 07:00","2023","05","18","07:00","1.1","","-6.3","","58","","0.0","","35","","12","","","","98.21","","","","","","NA"
"-71.03","48.89","ONATCHIWAY","7065738","2023-05-18 08:00","2023","05","18","08:00","1.5","","-7.3","","52","","0.0","","30","","7","","","","98.25","","","","","","NA"
"-71.03","48.89","ONATCHIWAY","7065738","2023-05-18 09:00","2023","05","18","09:00","3.1","","-6.8","","48","","0.0","","27","","9","","","","98.26","","","","","","NA"
"-71.03","48.89","ONATCHIWAY","7065738","2023-05-18 10:00","2023","05","18","10:00","3.9","","-6.4","","47","","0.0","","29","","12","","","","98.33","","","","","","NA"
"-71.03","48.89","ONATCHIWAY","7065738","2023-05-18 11:00","2023","05","18","11:00"
"-71.03","48.89","ONATCHIWAY","7065738","2023-05-18 12:00","2023","05","18","12:00","6.5","","-5.7","","41","","0.0","","28","","10","","","","98.24","","","","","","NA"
"-71.03","48.89","ONATCHIWAY","7065738","2023-05-18 13:00","2023","05","18","13:00","8.0","","-4.7","","40","","0.0","","20","","12","","","","98.21","","","","","","NA"
"-71.03","48.89","ONATCHIWAY","7065738","2023-05-18 14:00","2023","05","18","14:00","8.5","","-5.2","","37","","0.0","","19","","13","","","","98.18","","","","","","NA"
"-71.03","48.89","ONATCHIWAY","7065738","2023-05-18 15:00","2023","05","18","15:00","9.8","","-4.7","","36","","0.0","","20","","9","","","","98.17","","","","","","NA"
"-71.03","48.89","ONATCHIWAY","7065738","2023-05-18 16:00","2023","05","18","16:00","10.6","","-4.8","","34","","0.0","","20","","11","","","","98.12","","","","","","NA"
"-71.03","48.89","ONATCHIWAY","7065738","2023-05-18 17:00","2023","05","18","17:00","10.7","","-6.0","","31","","0.0","","19","","10","","","","98.09","","","","","","NA"
"-71.03","48.89","ONATCHIWAY","7065738","2023-05-18 18:00","2023","05","18","18:00","10.2","","-6.1","","31","","0.0","","20","","6","","","","98.10","","","","","","NA"
"-71.03","48.89","ONATCHIWAY","7065738","2023-05-18 19:00","2023","05","18","19:00","7.8","","-3.4","","45","","0.0","","16","","5","","","","98.09","","","","","","NA"
"-71.03","48.89","ONATCHIWAY","7065738","2023-05-18 20:00","2023","05","18","20:00","6.1","","-3.3","","51","","0.0","","18","","4","","","","98.15","","","","","","NA"
"-71.03","48.89","ONATCHIWAY","7065738","2023-05-18 21:00","2023","05","18","21:00","4.9","","-2.9","","57","","0.0","","15","","5","","","","98.18","","","","","","NA"
"-71.03","48.89","ONATCHIWAY","7065738","2023-05-18 22:00","2023","05","18","22:00","4.8","","-1.9","","62","","0.0","","16","","2","","","","98.20","","","","","","NA"
"-71.03","48.89","ONATCHIWAY","7065738","2023-05-18 23:00","2023","05","18","23:00","4.4","","-0.4","","71","","0.0","","","","0","","","","98.18","","","","","","NA"
"-71.03","48.89","ONATCHIWAY","7065738","2023-05-19 00:00","2023","05","19","00:00","4.2","","-1.0","","69","","0.0","","16","","2","","","","98.17","","","","","","NA"
"-71.03","48.89","ONATCHIWAY","7065738","2023-05-19 01:00","2023","05","19","01:00","5.9","","-3.0","","53","","0.0","","19","","7","","","","98.17","","","","","","NA"
"-71.03","48.89","ONATCHIWAY","7065738","2023-05-19 02:00","2023","05","19","02:00","5.0","","-3.3","","55","","0.0","","19","","7","","","","98.14","","","","","","NA"
"-71.03","48.89","ONATCHIWAY","7065738","2023-05-19 03:00","2023","05","19","03:00","3.7","","-3.2","","60","","0.0","","17","","7","","","","98.12","","","","","","NA"
"-71.03","48.89","ONATCHIWAY","7065738","2023-05-19 04:00","2023","05","19","04:00","5.3","","-3.2","","54","","0.0","","18","","11","","","","98.09","","","","","","NA"
"-71.03","48.89","ONATCHIWAY","7065738","2023-05-19 05:00","2023","05","19","05:00","5.7","","-2.6","","55","","0.0","","18","","10","","","","98.05","","","","","","NA"
"-71.03","48.89","ONATCHIWAY","7065738","2023-05-19 06:00","2023","05","19","06:00","6.7","","-1.8","","55","","0.0","","18","","10","","","","98.02","","","","","","NA"
"-71.03","48.89","ONATCHIWAY","7065738","2023-05-19 07:00","2023","05","19","07:00","10.2","","-2.5","","41","","0.0","","19","","10","","","","97.99","","","","","","NA"
"-71.03","48.89","ONATCHIWAY","7065738","2023-05-19 08:00","2023","05","19","08:00","10.7","","-2.4","","40","","0.0","","18","","14","","","","97.93","","","","","","NA"
"-71.03","48.89","ONATCHIWAY","7065738","2023-05-19 09:00","2023","05","19","09:00","9.3","","0.6","","55","","0.0","","19","","9","","","","97.94","","","","","","NA"
"-71.03","48.89","ONATCHIWAY","7065738","2023-05-19 10:00","2023","05","19","10:00","11.4","","1.1","","49","","0.0","","23","","4","","","","97.87","","","","","","NA"
"-71.03","48.89","ONATCHIWAY","7065738","2023-05-19 11:00","2023","05","19","11:00","13.8","","-2.8","","32","","0.0","","20","","14","","","","97.85","","","","","","NA"
"-71.03","48.89","ONATCHIWAY","7065738","2023-05-19 12:00","2023","05","19","12:00","16.6","","-2.9","","26","","0.0","","20","","13","","","","97.71","","","","","","NA"
"-71.03","48.89","ONATCHIWAY","7065738","2023-05-19 13:00","2023","05","19","13:00","18.3","","-3.4","","23","","0.0","","21","","13","","","","97.65","","","","","","NA"
"-71.03","48.89","ONATCHIWAY","7065738","2023-05-19 14:00","2023","05","19","14:00","17.9","","-2.9","","24","","0.0","","20","","14","","","","97.57","","","","","","NA"
"-71.03","48.89","ONATCHIWAY","7065738","2023-05-19 15:00","2023","05","19","15:00","19.4","","-1.2","","25","","0.0","","22","","11","","","","97.49","","","","","","NA"
"-71.03","48.89","ONATCHIWAY","7065738","2023-05-19 16:00","2023","05","19","16:00","19.1","","-0.6","","26","","0.0","","20","","11","","","","97.45","","","","","","NA"
"-71.03","48.89","ONATCHIWAY","7065738","2023-05-19 17:00","2023","05","19","17:00","20.0","","1.7","","30","","0.0","","19","","12","","","","97.41","","","","","","NA"
"-71.03","48.89","ONATCHIWAY","7065738","2023-05-19 18:00","2023","05","19","18:00","19.8","","4.0","","35","","0.0","","20","","12","","","","97.43","","","","","","NA"
"-71.03","48.89","ONATCHIWAY","7065738","2023-05-19 19:00","2023","05","19","19:00","18.3","","5.6","","43","","0.0","","21","","5","","","","97.48","","","","","","NA"
"-71.03","48.89","ONATCHIWAY","7065738","2023-05-19 20:00","2023","05","19","20:00","17.4","","2.1","","36","","0.0","","31","","12","","","","97.63","","","","","","NA"
"-71.03","48.89","ONATCHIWAY","7065738","2023-05-19 21:00","2023","05","19","21:00","13.7","","1.4","","43","","0.0","","1","","14","","","","97.75","","","","","","NA"
"-71.03","48.89","ONATCHIWAY","7065738","2023-05-19 22:00","2023","05","19","22:00","12.6","","2.4","","50","","0.0","","34","","12","","","","97.83","","","","","","NA"
"-71.03","48.89","ONATCHIWAY","7065738","2023-05-19 23:00","2023","05","19","23:00","11.7","","2.9","","55","","0.0","","3","","4","","","","97.92","","","","","","NA"
"-71.03","48.89","ONATCHIWAY","7065738","2023-05-20 00:00","2023","05","20","00:00","10.0","","3.5","","64","","0.0","","14","","4","","","","97.94","","","","","","NA"
"-71.03","48.89","ONATCHIWAY","7065738","2023-05-20 01:00","2023","05","20","01:00","9.6","","3.6","","66","","0.0","","12","","2","","","","97.93","","","","","","NA"
"-71.03","48.89","ONATCHIWAY","7065738","2023-05-20 02:00","2023","05","20","02:00","8.5","","4.0","","73","","0.0","","13","","3","","","","97.94","","","","","","NA"
"-71.03","48.89","ONATCHIWAY","7065738","2023-05-20 03:00","2023","05","20","03:00","9.4","","4.8","","73","","0.0","","16","","4","","","","97.99","","","","","","NA"
"-71.03","48.89","ONATCHIWAY","7065738","2023-05-20 04:00","2023","05","20","04:00","8.8","","5.3","","79","","0.0","","14","","2","","","","98.06","","","","","","NA"
"-71.03","48.89","ONATCHIWAY","7065738","2023-05-20 05:00","2023","05","20","05:00","9.0","","5.9","","81","","0.0","","22","","2","","","","98.08","","","","","","NA"
"-71.03","48.89","ONATCHIWAY","7065738","2023-05-20 06:00","2023","05","20","06:00","10.6","","5.9","","73","","0.0","","20","","5","","","","98.08","","","","","","NA"
"-71.03","48.89","ONATCHIWAY","7065738","2023-05-20 07:00","2023","05","20","07:00","10.7","","5.6","","71","","0.0","","21","","5","","","","98.11","","","","","","NA"
"-71.03","48.89","ONATCHIWAY","7065738","2023-05-20 08:00","2023","05","20","08:00","11.2","","5.7","","69","","0.0","","19","","4","","","","98.12","","","","","","NA"
"-71.03","48.89","ONATCHIWAY","7065738","2023-05-20 09:00","2023","05","20","09:00","11.4","","5.8","","69","","0.0","","21","","5","","","","98.12","","","","","","NA"
"-71.03","48.89","ONATCHIWAY","7065738","2023-05-20 10:00","2023","05","20","10:00","11.5","","7.0","","74","","0.0","","23","","2","","","","98.07","","","","","","NA"
"-71.03","48.89","ONATCHIWAY","7065738","2023-05-20 11:00","2023","05","20","11:00","12.0","","7.5","","74","","0.0","","35","","4","","","","98.01","","","","","","NA"
"-71.03","48.89","ONATCHIWAY","7065738","2023-05-20 12:00","2023","05","20","12:00","12.2","","8.3","","77","","0.0","","34","","6","","","","97.95","","","","","","NA"
"-71.03","48.89","ONATCHIWAY","7065738","2023-05-20 13:00","2023","05","20","13:00","12.2","","8.1","","76","","0.0","","33","","2","","","","97.87","","","","","","NA"
"-71.03","48.89","ONATCHIWAY","7065738","2023-05-20 14:00","2023","05","20","14:00","13.0","","9.1","","77","","0.0","","34","","2","","","","97.80","","","","","","NA"
"-71.03","48.89","ONATCHIWAY","7065738","2023-05-20 15:00","2023","05","20","15:00","13.4","","8.8","","74","","0.0","","2","","3","","","","97.73","","","","","","NA"
"-71.03","48.89","ONATCHIWAY","7065738","2023-05-20 16:00","2023","05","20","16:00","13.3","","9.6","","78","","0.0","","","","0","","","","97.68","","","","","","NA"
"-71.03","48.89","ONATCHIWAY","7065738","2023-05-20 17:00","2023","05","20","17:00","13.9","","11.9","","88","","0.0","","19","","7","","","","97.65","","","","","","NA"
"-71.03","48.89","ONATCHIWAY","7065738","2023-05-20 18:00","2023","05","20","18:00","13.3","","12.5","","95","","0.5","","19","","6","","","","97.62","","","","","","NA"
"-71.03","48.89","ONATCHIWAY","7065738","2023-05-20 19:00","2023","05","20","19:00","12.8","","12.6","","99","","2.3","","19","","6","","","","97.56","","","","","","NA"
"-71.03","48.89","ONATCHIWAY","7065738","2023-05-20 20:00","2023","05","20","20:00","12.6","","12.5","","99","","1.2","","19","","4","","","","97.48","","","","","","NA"
"-71.03","48.89","ONATCHIWAY","7065738","2023-05-20 21:00","2023","05","20","21:00","11.8","","11.7","","100","","1.0","","2","","1","","","","97.41","","","","","","NA"
"-71.03","48.89","ONATCHIWAY","7065738","2023-05-20 22:00","2023","05","20","22:00","11.7","","11.7","","100","","2.1","","","","0","","","","97.31","","","","","","NA"
"-71.03","48.89","ONATCHIWAY","7065738","2023-05-20 23:00","2023","05","20","23:00","11.3","","11.2","","100","","1.5","","0","","1","","","","97.21","","","","","","NA"
"-71.03","48.89","ONATCHIWAY","7065738","2023-05-21 00:00","2023","05","21","00:00","11.5","","11.5","","100","","1.6","","0","","1","","","","97.07","","","","","","NA"
"-71.03","48.89","ONATCHIWAY","7065738","2023-05-21 01:00","2023","05","21","01:00","11.6","","11.5","","100","","1.9","","33","","3","","","","96.91","","","","","","NA"
"-71.03","48.89","ONATCHIWAY","7065738","2023-05-21 02:00","2023","05","21","02:00","11.7","","11.7","","100","","0.7","","5","","3","","","","96.75","","","","","","NA"
"-71.03","48.89","ONATCHIWAY","7065738","2023-05-21 03:00","2023","05","21","03:00","11.6","","11.6","","100","","0.5","","4","","4","","","","96.64","","","","","","NA"
"-71.03","48.89","ONATCHIWAY","7065738","2023-05-21 04:00","2023","05","21","04:00","11.6","","11.6","","100","","3.9","","2","","3","","","","96.61","","","","","","NA"
"-71.03","48.89","ONATCHIWAY","7065738","2023-05-21 05:00","2023","05","21","05:00","11.2","","11.2","","100","","4.3","","34","","7","","","","96.51","","","","","","NA"
"-71.03","48.89","ONATCHIWAY","7065738","2023-05-21 06:00","2023","05","21","06:00","11.4","","11.4","","100","","1.3","","36","","8","","","","96.54","","","","","","NA"
"-71.03","48.89","ONATCHIWAY","7065738","2023-05-21 07:00","2023","05","21","07:00","11.8","","11.7","","99","","1.6","","1","","9","","","","96.58","","","","","","NA"
"-71.03","48.89","ONATCHIWAY","7065738","2023-05-21 08:00","2023","05","21","08:00","11.3","","11.2","","99","","0.7","","36","","10","","","","96.57","","","","","","NA"
"-71.03","48.89","ONATCHIWAY","7065738","2023-05-21 09:00","2023","05","21","09:00","12.2","","11.7","","97","","0.4","","2","","3","","","","96.66","","","","","","NA"
"-71.03","48.89","ONATCHIWAY","7065738","2023-05-21 10:00","2023","05","21","10:00","12.4","","9.4","","82","","0.0","","32","","14","","","","96.77","","","","","","NA"
"-71.03","48.89","ONATCHIWAY","7065738","2023-05-21 11:00","2023","05","21","11:00","10.9","","7.4","","79","","0.0","","33","","24","","","","96.92","","","","","","NA"
"-71.03","48.89","ONATCHIWAY","7065738","2023-05-21 12:00","2023","05","21","12:00","12.9","","6.0","","63","","0.0","","34","","19","","","","97.02","","","","","","NA"
"-71.03","48.89","ONATCHIWAY","7065738","2023-05-21 13:00","2023","05","21","13:00","12.4","","0.6","","44","","0.0","","32","","20","","","","97.13","","","","","","NA"
"-71.03","48.89","ONATCHIWAY","7065738","2023-05-21 14:00","2023","05","21","14:00","11.6","","-2.2","","38","","0.0","","32","","17","","","","97.28","","","","","","NA"
"-71.03","48.89","ONATCHIWAY","7065738","2023-05-21 15:00","2023","05","21","15:00","10.7","","-2.6","","39","","0.0","","29","","19","","","","97.46","","","","","","NA"
"-71.03","48.89","ONATCHIWAY","7065738","2023-05-21 16:00","2023","05","21","16:00","9.6","","-2.5","","43","","0.0","","32","","18","","","","97.65","","","","","","NA"
"-71.03","48.89","ONATCHIWAY","7065738","2023-05-21 17:00","2023","05","21","17:00","6.2","","-4.1","","47","","0.0","","34","","25","","","","97.85","","","","","","NA"
"-71.03","48.89","ONATCHIWAY","7065738","2023-05-21 18:00","2023","05","21","18:00","4.5","","-4.3","","53","","0.0","","34","","24","","","","98.03","","","","","","NA"
"-71.03","48.89","ONATCHIWAY","7065738","2023-05-21 19:00","2023","05","21","19:00","3.2","","-3.9","","59","","0.0","","35","","25","","","","98.18","","","","","","NA"
"-71.03","48.89","ONATCHIWAY","7065738","2023-05-21 20:00","2023","05","21","20:00","2.8","","-4.4","","59","","0.0","","33","","24","","","","98.27","","","","","","NA"
"-71.03","48.89","ONATCHIWAY","7065738","2023-05-21 21:00","2023","05","21","21:00","2.4","","-5.6","","55","","0.0","","33","","16","","","","98.37","","","","","","NA"
"-71.03","48.89","ONATCHIWAY","7065738","2023-05-21 22:00","2023","05","21","22:00","1.8","","-6.4","","54","","0.0","","36","","18","","","","98.43","","","","","","NA"
"-71.03","48.89","ONATCHIWAY","7065738","2023-05-21 23:00","2023","05","21","23:00","1.1","","-6.8","","55","","0.0","","34","","12","","","","98.46","","","","","","NA"
"-71.03","48.89","ONATCHIWAY","7065738","2023-05-22 00:00","2023","05","22","00:00","-2.1","","-6.7","","70","","0.0","","14","","4","","","","98.50","","","","-4","","NA"
"-71.03","48.89","ONATCHIWAY","7065738","2023-05-22 01:00","2023","05","22","01:00","-2.3","","-5.6","","78","","0.0","","23","","3","","","","98.54","","","","-3","","NA"
"-71.03","48.89","ONATCHIWAY","7065738","2023-05-22 02:00","2023","05","22","02:00","-3.5","","-5.8","","84","","0.0","","15","","3","","","","98.57","","","","-5","","NA"
"-71.03","48.89","ONATCHIWAY","7065738","2023-05-22 03:00","2023","05","22","03:00","-4.0","","-5.8","","87","","0.0","","15","","5","","","","98.62","","","","-6","","NA"
"-71.03","48.89","ONATCHIWAY","7065738","2023-05-22 04:00","2023","05","22","04:00","-4.4","","-5.9","","90","","0.0","","7","","2","","","","98.68","","","","-5","","NA"
"-71.03","48.89","ONATCHIWAY","7065738","2023-05-22 05:00","2023","05","22","05:00","-3.4","","-5.4","","86","","0.0","","8","","1","","","","98.74","","","","-4","","NA"
"-71.03","48.89","ONATCHIWAY","7065738","2023-05-22 06:00","2023","05","22","06:00","0.6","","-4.6","","68","","0.0","","7","","2","","","","98.79","","","","","","NA"
"-71.03","48.89","ONATCHIWAY","7065738","2023-05-22 07:00","2023","05","22","07:00","2.1","","-5.3","","58","","0.0","","1","","4","","","","98.84","","","","","","NA"
"-71.03","48.89","ONATCHIWAY","7065738","2023-05-22 08:00","2023","05","22","08:00","2.9","","-6.1","","52","","0.0","","32","","5","","","","98.87","","","","","","NA"
"-71.03","48.89","ONATCHIWAY","7065738","2023-05-22 09:00","2023","05","22","09:00","5.1","","-6.6","","43","","0.0","","29","","6","","","","98.86","","","","","","NA"
"-71.03","48.89","ONATCHIWAY","7065738","2023-05-22 10:00","2023","05","22","10:00","6.2","","-6.9","","39","","0.0","","26","","9","","","","98.83","","","","","","NA"
"-71.03","48.89","ONATCHIWAY","7065738","2023-05-22 11:00","2023","05","22","11:00","7.7","","-7.0","","34","","0.0","","21","","7","","","","98.80","","","","","","NA"
"-71.03","48.89","ONATCHIWAY","7065738","2023-05-22 12:00","2023","05","22","12:00","8.4","","-6.0","","35","","0.0","","19","","10","","","","98.76","","","","","","NA"
"-71.03","48.89","ONATCHIWAY","7065738","2023-05-22 13:00","2023","05","22","13:00","9.5","","-4.9","","36","","0.0","","24","","7","","","","98.74","","","","","","NA"
"-71.03","48.89","ONATCHIWAY","7065738","2023-05-22 14:00","2023","05","22","14:00","9.9","","-6.6","","31","","0.0","","21","","9","","","","98.71","","","","","","NA"
"-71.03","48.89","ONATCHIWAY","7065738","2023-05-22 15:00","2023","05","22","15:00","11.1","","-4.8","","32","","0.0","","19","","12","","","","98.70","","","","","","NA"
"-71.03","48.89","ONATCHIWAY","7065738","2023-05-22 16:00","2023","05","22","16:00","10.8","","-6.3","","30","","0.0","","19","","14","","","","98.70","","","","","","NA"
"-71.03","48.89","ONATCHIWAY","7065738","2023-05-22 17:00","2023","05","22","17:00","11.2","","-7.9","","25","","0.0","","20","","7","","","","98.72","","","","","","NA"
"-71.03","48.89","ONATCHIWAY","7065738","2023-05-22 18:00","2023","05","22","18:00","11.0","","-6.1","","30","","0.0","","20","","7","","","","98.72","","","","","","NA"
"-71.03","48.89","ONATCHIWAY","7065738","2023-05-22 19:00","2023","05","22","19:00","8.7","","-4.6","","39","","0.0","","22","","3","","","","98.72","","","","","","NA"
"-71.03","48.89","ONATCHIWAY","7065738","2023-05-22 20:00","2023","05","22","20:00","3.9","","-2.5","","63","","0.0","","15","","2","","","","98.76","","","","","","NA"
"-71.03","48.89","ONATCHIWAY","7065738","2023-05-22 21:00","2023","05","22","21:00","1.4","","-2.4","","76","","0.0","","15","","2","","","","98.77","","","","","","NA"
"-71.03","48.89","ONATCHIWAY","7065738","2023-05-22 22:00","2023","05","22","22:00","-0.7","","-3.3","","82","","0.0","","9","","1","","","","98.81","","","","-1","","NA"
"-71.03","48.89","ONATCHIWAY","7065738","2023-05-22 23:00","2023","05","22","23:00","-1.5","","-3.7","","85","","0.0","","9","","1","","","","98.83","","","","-2","","NA"
"-71.03","48.89","ONATCHIWAY","7065738","2023-05-23 00:00","2023","05","23","00:00","-2.2","","-3.7","","89","","0.0","","11","","2","","","","98.81","","","","-3","","NA"
"-71.03","48.89","ONATCHIWAY","7065738","2023-05-23 01:00","2023","05","23","01:00","-2.8","","-4.0","","92","","0.0","","8","","1","","","","98.80","","","","-3","","NA"
"-71.03","48.89","ONATCHIWAY","7065738","2023-05-23 02:00","2023","05","23","02:00","-3.4","","-4.3","","94","","0.0","","13","","3","","","","98.78","","","","-5","","NA"
"-71.03","48.89","ONATCHIWAY","7065738","2023-05-23 03:00","2023","05","23","03:00","-4.1","","-4.8","","95","","0.0","","14","","2","","","","98.78","","","","-5","","NA"
"-71.03","48.89","ONATCHIWAY","7065738","2023-05-23 04:00","2023","05","23","04:00","-4.5","","-5.2","","95","","0.0","","14","","3","","","","98.79","","","","-6","","NA"
"-71.03","48.89","ONATCHIWAY","7065738","2023-05-23 05:00","2023","05","23","05:00","-3.2","","-4.1","","93","","0.0","","13","","1","","","","98.77","","","","-4","","NA"
"-71.03","48.89","ONATCHIWAY","7065738","2023-05-23 06:00","2023","05","23","06:00","2.2","","-0.8","","81","","0.0","","","","0","","","","98.77","","","","","","NA"
"-71.03","48.89","ONATCHIWAY","7065738","2023-05-23 07:00","2023","05","23","07:00","9.6","","-0.6","","49","","0.0","","20","","10","","","","98.74","","","","","","NA"
"-71.03","48.89","ONATCHIWAY","7065738","2023-05-23 08:00","2023","05","23","08:00","12.4","","-1.8","","37","","0.0","","21","","7","","","","98.68","","","","","","NA"
"-71.03","48.89","ONATCHIWAY","7065738","2023-05-23 09:00","2023","05","23","09:00","13.9","","-1.8","","34","","0.0","","21","","10","","","","98.59","","","","","","NA"
"-71.03","48.89","ONATCHIWAY","7065738","2023-05-23 10:00","2023","05","23","10:00","15.6","","-2.9","","28","","0.0","","20","","11","","","","98.50","","","","","","NA"
"-71.03","48.89","ONATCHIWAY","7065738","2023-05-23 11:00","2023","05","23","11:00","17.6","","-2.0","","26","","0.0","","19","","13","","","","98.40","","","","","","NA"
"-71.03","48.89","ONATCHIWAY","7065738","2023-05-23 12:00","2023","05","23","12:00","18.5","","-1.6","","26","","0.0","","20","","14","","","","98.29","","","","","","NA"
"-71.03","48.89","ONATCHIWAY","7065738","2023-05-23 13:00","2023","05","23","13:00","19.9","","-2.5","","22","","0.0","","20","","15","","","","98.15","","","","","","NA"
"-71.03","48.89","ONATCHIWAY","7065738","2023-05-23 14:00","2023","05","23","14:00","20.3","","-3.1","","21","","0.0","","19","","18","","","","98.03","","","","","","NA"
"-71.03","48.89","ONATCHIWAY","7065738","2023-05-23 15:00","2023","05","23","15:00","19.7","","-3.0","","21","","0.0","","19","","16","","","","97.90","","","","","","NA"
"-71.03","48.89","ONATCHIWAY","7065738","2023-05-23 16:00","2023","05","23","16:00","20.1","","-2.0","","22","","0.0","","18","","22","","","","97.76","","","","","","NA"
"-71.03","48.89","ONATCHIWAY","7065738","2023-05-23 17:00","2023","05","23","17:00","19.4","","-0.7","","26","","0.0","","19","","18","","","","97.70","","","","","","NA"
"-71.03","48.89","ONATCHIWAY","7065738","2023-05-23 18:00","2023","05","23","18:00","19.2","","0.3","","28","","0.0","","19","","18","","","","97.63","","","","","","NA"
"-71.03","48.89","ONATCHIWAY","7065738","2023-05-23 19:00","2023","05","23","19:00","18.0","","0.8","","31","","0.0","","19","","12","","","","97.64","","","","","","NA"
"-71.03","48.89","ONATCHIWAY","7065738","2023-05-23 20:00","2023","05","23","20:00","16.7","","1.5","","36","","0.0","","20","","8","","","","97.63","","","","","","NA"
"-71.03","48.89","ONATCHIWAY","7065738","2023-05-23 21:00","2023","05","23","21:00","13.6","","5.3","","57","","0.0","","20","","8","","","","97.61","","","","","","NA"
"-71.03","48.89","ONATCHIWAY","7065738","2023-05-23 22:00","2023","05","23","22:00","13.7","","5.0","","56","","0.0","","28","","14","","","","97.64","","","","","","NA"
"-71.03","48.89","ONATCHIWAY","7065738","2023-05-23 23:00","2023","05","23","23:00","11.9","","9.0","","82","","0.0","","30","","9","","","","97.63","","","","","","NA"
"-71.03","48.89","ONATCHIWAY","7065738","2023-05-24 00:00","2023","05","24","00:00","10.5","","8.8","","89","","0.8","","29","","11","","","","97.64","","","","","","NA"
"-71.03","48.89","ONATCHIWAY","7065738","2023-05-24 01:00","2023","05","24","01:00","9.7","","8.2","","91","","1.8","","29","","8","","","","97.72","","","","","","NA"
"-71.03","48.89","ONATCHIWAY","7065738","2023-05-24 02:00","2023","05","24","02:00","8.6","","8.4","","99","","1.6","","17","","7","","","","97.72","","","","","","NA"
"-71.03","48.89","ONATCHIWAY","7065738","2023-05-24 03:00","2023","05","24","03:00","8.8","","7.6","","92","","0.6","","25","","7","","","","97.72","","","","","","NA"
"-71.03","48.89","ONATCHIWAY","7065738","2023-05-24 04:00","2023","05","24","04:00","7.5","","5.9","","89","","0.2","","33","","10","","","","97.78","","","","","","NA"
"-71.03","48.89","ONATCHIWAY","7065738","2023-05-24 05:00","2023","05","24","05:00","6.4","","4.5","","88","","0.0","","35","","19","","","","97.86","","","","","","NA"
"-71.03","48.89","ONATCHIWAY","7065738","2023-05-24 06:00","2023","05","24","06:00","5.5","","3.5","","87","","0.0","","34","","16","","","","97.95","","","","","","NA"
"-71.03","48.89","ONATCHIWAY","7065738","2023-05-24 07:00","2023","05","24","07:00","5.0","","2.5","","84","","0.0","","35","","20","","","","98.04","","","","","","NA"
"-71.03","48.89","ONATCHIWAY","7065738","2023-05-24 08:00","2023","05","24","08:00","5.5","","1.7","","77","","0.0","","35","","18","","","","98.09","","","","","","NA"
"-71.03","48.89","ONATCHIWAY","7065738","2023-05-24 09:00","2023","05","24","09:00","6.2","","2.0","","74","","0.0","","2","","9","","","","98.12","","","","","","NA"
"-71.03","48.89","ONATCHIWAY","7065738","2023-05-24 10:00","2023","05","24","10:00","7.6","","1.5","","65","","0.0","","36","","11","","","","98.15","","","","","","NA"
"-71.03","48.89","ONATCHIWAY","7065738","2023-05-24 11:00","2023","05","24","11:00","8.4","","1.7","","63","","0.0","","34","","12","","","","98.14","","","","","","NA"
"-71.03","48.89","ONATCHIWAY","7065738","2023-05-24 12:00","2023","05","24","12:00","9.2","","0.9","","56","","0.0","","34","","15","","","","98.11","","","","","","NA"
"-71.03","48.89","ONATCHIWAY","7065738","2023-05-24 13:00","2023","05","24","13:00","9.9","","2.4","","60","","0.0","","33","","19","","","","98.12","","","","","","NA"
"-71.03","48.89","ONATCHIWAY","7065738","2023-05-24 14:00","2023","05","24","14:00","9.8","","3.1","","63","","0.0","","36","","22","","","","98.13","","","","","","NA"
"-71.03","48.89","ONATCHIWAY","7065738","2023-05-24 15:00","2023","05","24","15:00","9.5","","2.6","","62","","0.0","","36","","18","","","","98.15","","","","","","NA"
"-71.03","48.89","ONATCHIWAY","7065738","2023-05-24 16:00","2023","05","24","16:00","10.1","","3.3","","63","","0.0","","36","","13","","","","98.17","","","","","","NA"
"-71.03","48.89","ONATCHIWAY","7065738","2023-05-24 17:00","2023","05","24","17:00","8.7","","4.2","","73","","0.0","","1","","17","","","","98.20","","","","","","NA"
"-71.03","48.89","ONATCHIWAY","7065738","2023-05-24 18:00","2023","05","24","18:00","9.4","","4.2","","70","","0.0","","35","","9","","","","98.24","","","","","","NA"
"-71.03","48.89","ONATCHIWAY","7065738","2023-05-24 19:00","2023","05","24","19:00","8.2","","4.6","","78","","0.0","","35","","7","","","","98.28","","","","","","NA"
"-71.03","48.89","ONATCHIWAY","7065738","2023-05-24 20:00","2023","05","24","20:00","7.8","","4.7","","81","","0.0","","2","","4","","","","98.30","","","","","","NA"
"-71.03","48.89","ONATCHIWAY","7065738","2023-05-24 21:00","2023","05","24","21:00","7.9","","4.4","","78","","0.0","","36","","12","","","","98.32","","","","","","NA"
"-71.03","48.89","ONATCHIWAY","7065738","2023-05-24 22:00","2023","05","24","22:00","7.4","","4.1","","80","","0.0","","35","","10","","","","98.33","","","","","","NA"
"-71.03","48.89","ONATCHIWAY","7065738","2023-05-24 23:00","2023","05","24","23:00","7.4","","3.2","","75","","0.0","","36","","10","","","","98.34","","","","","","NA"
"-71.03","48.89","ONATCHIWAY","7065738","2023-05-25 00:00","2023","05","25","00:00","7.3","","2.2","","70","","0.0","","36","","16","","","","98.39","","","","","","NA"
"-71.03","48.89","ONATCHIWAY","7065738","2023-05-25 01:00","2023","05","25","01:00","5.4","","-0.4","","66","","0.0","","1","","10","","","","98.43","","","","","","NA"
"-71.03","48.89","ONATCHIWAY","7065738","2023-05-25 02:00","2023","05","25","02:00","4.4","","-0.7","","69","","0.0","","1","","10","","","","98.45","","","","","","NA"
"-71.03","48.89","ONATCHIWAY","7065738","2023-05-25 03:00","2023","05","25","03:00","2.9","","-1.2","","75","","0.0","","1","","9","","","","98.47","","","","","","NA"
"-71.03","48.89","ONATCHIWAY","7065738","2023-05-25 04:00","2023","05","25","04:00","2.7","","-1.6","","73","","0.0","","1","","12","","","","98.50","","","","","","NA"
"-71.03","48.89","ONATCHIWAY","7065738","2023-05-25 05:00","2023","05","25","05:00","1.8","","-1.9","","77","","0.0","","3","","4","","","","98.54","","","","","","NA"
"-71.03","48.89","ONATCHIWAY","7065738","2023-05-25 06:00","2023","05","25","06:00","3.8","","-1.2","","69","","0.0","","36","","14","","","","98.57","","","","","","NA"
"-71.03","48.89","ONATCHIWAY","7065738","2023-05-25 07:00","2023","05","25","07:00","5.8","","-0.5","","64","","0.0","","36","","14","","","","98.58","","","","","","NA"
"-71.03","48.89","ONATCHIWAY","7065738","2023-05-25 08:00","2023","05","25","08:00","7.9","","-1.9","","50","","0.0","","36","","20","","","","98.56","","","","","","NA"
"-71.03","48.89","ONATCHIWAY","7065738","2023-05-25 09:00","2023","05","25","09:00","9.3","","-2.4","","44","","0.0","","36","","21","","","","98.57","","","","","","NA"
"-71.03","48.89","ONATCHIWAY","7065738","2023-05-25 10:00","2023","05","25","10:00","11.1","","-2.7","","38","","0.0","","36","","16","","","","98.52","","","","","","NA"
"-71.03","48.89","ONATCHIWAY","7065738","2023-05-25 11:00","2023","05","25","11:00","11.8","","-1.1","","41","","0.0","","35","","21","","","","98.49","","","","","","NA"
"-71.03","48.89","ONATCHIWAY","7065738","2023-05-25 12:00","2023","05","25","12:00","12.4","","-1.6","","38","","0.0","","35","","24","","","","98.45","","","","","","NA"
"-71.03","48.89","ONATCHIWAY","7065738","2023-05-25 13:00","2023","05","25","13:00","13.2","","-1.6","","36","","0.0","","36","","15","","","","98.44","","","","","","NA"
"-71.03","48.89","ONATCHIWAY","7065738","2023-05-25 14:00","2023","05","25","14:00","13.8","","-5.2","","26","","0.0","","3","","14","","","","98.42","","","","","","NA"
"-71.03","48.89","ONATCHIWAY","7065738","2023-05-25 15:00","2023","05","25","15:00","15.1","","-4.8","","25","","0.0","","2","","12","","","","98.38","","","","","","NA"
"-71.03","48.89","ONATCHIWAY","7065738","2023-05-25 16:00","2023","05","25","16:00","14.7","","-3.0","","29","","0.0","","1","","16","","","","98.38","","","","","","NA"
"-71.03","48.89","ONATCHIWAY","7065738","2023-05-25 17:00","2023","05","25","17:00","14.6","","-4.6","","26","","0.0","","4","","12","","","","98.39","","","","","","NA"
"-71.03","48.89","ONATCHIWAY","7065738","2023-05-25 18:00","2023","05","25","18:00","13.3","","-5.0","","28","","0.0","","4","","6","","","","98.43","","","","","","NA"
"-71.03","48.89","ONATCHIWAY","7065738","2023-05-25 19:00","2023","05","25","19:00","12.2","","-4.8","","30","","0.0","","4","","4","","","","98.46","","","","","","NA"
"-71.03","48.89","ONATCHIWAY","7065738","2023-05-25 20:00","2023","05","25","20:00","10.1","","-3.4","","39","","0.0","","33","","3","","","","98.50","","","","","","NA"
"-71.03","48.89","ONATCHIWAY","7065738","2023-05-25 21:00","2023","05","25","21:00","7.3","","-2.7","","49","","0.0","","7","","3","","","","98.54","","","","","","NA"
"-71.03","48.89","ONATCHIWAY","7065738","2023-05-25 22:00","2023","05","25","22:00","5.4","","-1.1","","63","","0.0","","16","","2","","","","98.57","","","","","","NA"
"-71.03","48.89","ONATCHIWAY","7065738","2023-05-25 23:00","2023","05","25","23:00","5.9","","-1.5","","59","","0.0","","9","","4","","","","98.58","","","","","","NA"
"-71.03","48.89","ONATCHIWAY","7065738","2023-05-26 00:00","2023","05","26","00:00","3.9","","0.0","","75","","0.0","","8","","2","","","","98.62","","","","","","NA"
"-71.03","48.89","ONATCHIWAY","7065738","2023-05-26 01:00","2023","05","26","01:00","1.5","","-1.0","","83","","0.0","","12","","2","","","","98.61","","","","","","NA"
"-71.03","48.89","ONATCHIWAY","7065738","2023-05-26 02:00","2023","05","26","02:00","-0.2","","-1.8","","89","","0.0","","10","","2","","","","98.61","","","","-1","","NA"
"-71.03","48.89","ONATCHIWAY","7065738","2023-05-26 03:00","2023","05","26","03:00","-0.7","","-1.5","","94","","0.0","","","","0","","","","98.64","","","","","","NA"
"-71.03","48.89","ONATCHIWAY","7065738","2023-05-26 04:00","2023","05","26","04:00","-1.8","","-2.5","","95","","0.0","","7","","2","","","","98.69","","","","-3","","NA"
"-71.03","48.89","ONATCHIWAY","7065738","2023-05-26 05:00","2023","05","26","05:00","-0.8","","-1.7","","93","","0.0","","9","","2","","","","98.71","","","","-1","","NA"
"-71.03","48.89","ONATCHIWAY","7065738","2023-05-26 06:00","2023","05","26","06:00","3.2","","0.3","","82","","0.2","","35","","2","","","","98.74","","","","","","NA"
"-71.03","48.89","ONATCHIWAY","7065738","2023-05-26 07:00","2023","05","26","07:00","6.4","","1.4","","71","","0.0","","31","","3","","","","98.72","","","","","","NA"
"-71.03","48.89","ONATCHIWAY","7065738","2023-05-26 08:00","2023","05","26","08:00","12.2","","0.9","","46","","0.0","","1","","4","","","","98.68","","","","","","NA"
"-71.03","48.89","ONATCHIWAY","7065738","2023-05-26 09:00","2023","05","26","09:00","14.4","","0.7","","39","","0.0","","1","","4","","","","98.62","","","","","","NA"
"-71.03","48.89","ONATCHIWAY","7065738","2023-05-26 10:00","2023","05","26","10:00","15.7","","0.1","","35","","0.0","","28","","8","","","","98.53","","","","","","NA"
"-71.03","48.89","ONATCHIWAY","7065738","2023-05-26 11:00","2023","05","26","11:00","17.0","","0.5","","33","","0.0","","32","","10","","","","98.47","","","","","","NA"
"-71.03","48.89","ONATCHIWAY","7065738","2023-05-26 12:00","2023","05","26","12:00","18.8","","0.4","","29","","0.0","","33","","10","","","","98.38","","","","","","NA"
"-71.03","48.89","ONATCHIWAY","7065738","2023-05-26 13:00","2023","05","26","13:00","19.0","","-1.8","","24","","0.0","","34","","15","","","","98.35","","","","","","NA"
"-71.03","48.89","ONATCHIWAY","7065738","2023-05-26 14:00","2023","05","26","14:00","19.3","","0.0","","27","","0.0","","35","","17","","","","98.31","","","","","","NA"
"-71.03","48.89","ONATCHIWAY","7065738","2023-05-26 15:00","2023","05","26","15:00","19.3","","1.0","","29","","0.0","","33","","15","","","","98.30","","","","","","NA"
"-71.03","48.89","ONATCHIWAY","7065738","2023-05-26 16:00","2023","05","26","16:00","18.3","","0.1","","29","","0.0","","33","","17","","","","98.31","","","","","","NA"
"-71.03","48.89","ONATCHIWAY","7065738","2023-05-26 17:00","2023","05","26","17:00","17.6","","0.9","","32","","0.0","","32","","23","","","","98.34","","","","","","NA"
"-71.03","48.89","ONATCHIWAY","7065738","2023-05-26 18:00","2023","05","26","18:00","16.0","","0.8","","36","","0.0","","35","","14","","","","98.37","","","","","","NA"
"-71.03","48.89","ONATCHIWAY","7065738","2023-05-26 19:00","2023","05","26","19:00","15.7","","0.3","","35","","0.0","","31","","4","","","","98.35","","","","","","NA"
"-71.03","48.89","ONATCHIWAY","7065738","2023-05-26 20:00","2023","05","26","20:00","12.5","","2.0","","49","","0.0","","14","","2","","","","98.38","","","","","","NA"
"-71.03","48.89","ONATCHIWAY","7065738","2023-05-26 21:00","2023","05","26","21:00","9.6","","2.5","","61","","0.0","","13","","3","","","","98.41","","","","","","NA"
"-71.03","48.89","ONATCHIWAY","7065738","2023-05-26 22:00","2023","05","26","22:00","7.3","","2.6","","72","","0.0","","21","","2","","","","98.41","","","","","","NA"
"-71.03","48.89","ONATCHIWAY","7065738","2023-05-26 23:00","2023","05","26","23:00","5.3","","1.7","","77","","0.0","","15","","3","","","","98.43","","","","","","NA"
"-71.03","48.89","ONATCHIWAY","7065738","2023-05-27 00:00","2023","05","27","00:00","4.4","","1.3","","80","","0.0","","9","","2","","","","98.45","","","","","","NA"
"-71.03","48.89","ONATCHIWAY","7065738","2023-05-27 01:00","2023","05","27","01:00","4.0","","1.6","","84","","0.0","","0","","1","","","","98.48","","","","","","NA"
"-71.03","48.89","ONATCHIWAY","7065738","2023-05-27 02:00","2023","05","27","02:00","3.8","","1.9","","88","","0.0","","0","","1","","","","98.50","","","","","","NA"
"-71.03","48.89","ONATCHIWAY","7065738","2023-05-27 03:00","2023","05","27","03:00","3.7","","1.9","","88","","0.0","","10","","2","","","","98.53","","","","","","NA"
"-71.03","48.89","ONATCHIWAY","7065738","2023-05-27 04:00","2023","05","27","04:00","4.1","","2.4","","89","","0.0","","4","","1","","","","98.55","","","","","","NA"
"-71.03","48.89","ONATCHIWAY","7065738","2023-05-27 05:00","2023","05","27","05:00","6.6","","3.4","","80","","0.0","","0","","1","","","","98.56","","","","","","NA"
"-71.03","48.89","ONATCHIWAY","7065738","2023-05-27 06:00","2023","05","27","06:00","9.1","","3.8","","70","","0.0","","","","0","","","","98.54","","","","","","NA"
"-71.03","48.89","ONATCHIWAY","7065738","2023-05-27 07:00","2023","05","27","07:00","10.8","","4.5","","65","","0.0","","24","","2","","","","98.49","","","","","","NA"
"-71.03","48.89","ONATCHIWAY","7065738","2023-05-27 08:00","2023","05","27","08:00","11.9","","3.4","","56","","0.0","","18","","8","","","","98.52","","","","","","NA"
"-71.03","48.89","ONATCHIWAY","7065738","2023-05-27 09:00","2023","05","27","09:00","12.5","","3.8","","55","","0.0","","20","","6","","","","98.52","","","","","","NA"
"-71.03","48.89","ONATCHIWAY","7065738","2023-05-27 10:00","2023","05","27","10:00","14.4","","2.9","","46","","0.0","","21","","7","","","","98.46","","","","","","NA"
"-71.03","48.89","ONATCHIWAY","7065738","2023-05-27 11:00","2023","05","27","11:00","14.7","","3.2","","46","","0.0","","21","","4","","","","98.38","","","","","","NA"
"-71.03","48.89","ONATCHIWAY","7065738","2023-05-27 12:00","2023","05","27","12:00","16.2","","2.5","","40","","0.0","","20","","7","","","","98.33","","","","","","NA"
"-71.03","48.89","ONATCHIWAY","7065738","2023-05-27 13:00","2023","05","27","13:00","16.0","","3.3","","43","","0.0","","18","","7","","","","98.32","","","","","","NA"
"-71.03","48.89","ONATCHIWAY","7065738","2023-05-27 14:00","2023","05","27","14:00","18.1","","3.3","","37","","0.0","","22","","5","","","","98.24","","","","","","NA"
"-71.03","48.89","ONATCHIWAY","7065738","2023-05-27 15:00","2023","05","27","15:00","19.5","","3.6","","35","","0.0","","20","","6","","","","98.14","","","","","","NA"
"-71.03","48.89","ONATCHIWAY","7065738","2023-05-27 16:00","2023","05","27","16:00","21.3","","4.9","","34","","0.0","","18","","10","","","","98.04","","","","","","NA"
"-71.03","48.89","ONATCHIWAY","7065738","2023-05-27 17:00","2023","05","27","17:00","22.2","","6.0","","35","","0.0","","22","","5","","","","97.95","","","","","","NA"
"-71.03","48.89","ONATCHIWAY","7065738","2023-05-27 18:00","2023","05","27","18:00","21.8","","6.4","","37","","0.0","","20","","5","","","","97.88","","","","","","NA"
"-71.03","48.89","ONATCHIWAY","7065738","2023-05-27 19:00","2023","05","27","19:00","19.6","","6.8","","43","","0.0","","18","","5","","","","97.83","","","","","","NA"
"-71.03","48.89","ONATCHIWAY","7065738","2023-05-27 20:00","2023","05","27","20:00","15.4","","8.4","","63","","0.0","","18","","3","","","","97.82","","","","","","NA"
"-71.03","48.89","ONATCHIWAY","7065738","2023-05-27 21:00","2023","05","27","21:00","13.0","","8.2","","72","","0.0","","0","","1","","","","97.79","","","","","","NA"
"-71.03","48.89","ONATCHIWAY","7065738","2023-05-27 22:00","2023","05","27","22:00","12.5","","8.0","","74","","0.0","","16","","4","","","","97.74","","","","","","NA"
"-71.03","48.89","ONATCHIWAY","7065738","2023-05-27 23:00","2023","05","27","23:00","11.6","","7.7","","77","","0.0","","11","","4","","","","97.70","","","","","","NA"
"-71.03","48.89","ONATCHIWAY","7065738","2023-05-28 00:00","2023","05","28","00:00","20.2","","6.4","","41","","0.0","","21","","7","","","","97.66","","","","","","NA"
"-71.03","48.89","ONATCHIWAY","7065738","2023-05-28 01:00","2023","05","28","01:00","22.5","","4.1","","30","","0.0","","23","","12","","","","97.61","","","","","","NA"
"-71.03","48.89","ONATCHIWAY","7065738","2023-05-28 02:00","2023","05","28","02:00","20.8","","3.9","","33","","0.0","","23","","7","","","","97.56","","","","","","NA"
"-71.03","48.89","ONATCHIWAY","7065738","2023-05-28 03:00","2023","05","28","03:00","21.4","","3.1","","30","","0.0","","25","","9","","","","97.54","","","","","","NA"
"-71.03","48.89","ONATCHIWAY","7065738","2023-05-28 04:00","2023","05","28","04:00","20.9","","3.1","","31","","0.0","","24","","10","","","","97.51","","","","","","NA"
"-71.03","48.89","ONATCHIWAY","7065738","2023-05-28 05:00","2023","05","28","05:00","20.1","","3.6","","34","","0.0","","25","","5","","","","97.48","","","","","","NA"
"-71.03","48.89","ONATCHIWAY","7065738","2023-05-28 06:00","2023","05","28","06:00","19.9","","5.3","","38","","0.0","","20","","9","","","","97.41","","","","","","NA"
"-71.03","48.89","ONATCHIWAY","7065738","2023-05-28 07:00","2023","05","28","07:00","20.7","","7.7","","43","","0.0","","29","","12","","","","97.41","","","","","","NA"
"-71.03","48.89","ONATCHIWAY","7065738","2023-05-28 08:00","2023","05","28","08:00","21.0","","10.1","","50","","0.0","","31","","21","","","","97.37","","","","","","NA"
"-71.03","48.89","ONATCHIWAY","7065738","2023-05-28 09:00","2023","05","28","09:00","21.4","","10.0","","48","","0.0","","33","","29","","","","97.38","","","","","","NA"
"-71.03","48.89","ONATCHIWAY","7065738","2023-05-28 10:00","2023","05","28","10:00","20.9","","7.1","","41","","0.0","","31","","32","","","","97.51","","","","","","NA"
"-71.03","48.89","ONATCHIWAY","7065738","2023-05-28 11:00","2023","05","28","11:00","19.6","","3.5","","34","","0.0","","32","","31","","","","97.59","","","","","","NA"
"-71.03","48.89","ONATCHIWAY","7065738","2023-05-28 12:00","2023","05","28","12:00","18.7","","1.0","","30","","0.0","","35","","34","","","","97.70","","","","","","NA"
"-71.03","48.89","ONATCHIWAY","7065738","2023-05-28 13:00","2023","05","28","13:00","17.9","","1.8","","34","","0.0","","35","","25","","","","97.75","","","","","","NA"
"-71.03","48.89","ONATCHIWAY","7065738","2023-05-28 14:00","2023","05","28","14:00","18.3","","1.3","","32","","0.0","","36","","22","","","","97.82","","","","","","NA"
"-71.03","48.89","ONATCHIWAY","7065738","2023-05-28 15:00","2023","05","28","15:00","17.9","","2.4","","35","","0.0","","36","","27","","","","97.82","","","","","","NA"
"-71.03","48.89","ONATCHIWAY","7065738","2023-05-28 16:00","2023","05","28","16:00","18.0","","1.4","","33","","0.0","","35","","25","","","","97.86","","","","","","NA"
"-71.03","48.89","ONATCHIWAY","7065738","2023-05-28 17:00","2023","05","28","17:00","17.3","","2.0","","36","","0.0","","34","","22","","","","97.90","","","","","","NA"
"-71.03","48.89","ONATCHIWAY","7065738","2023-05-28 18:00","2023","05","28","18:00","16.4","","0.7","","34","","0.0","","34","","21","","","","97.95","","","","","","NA"
"-71.03","48.89","ONATCHIWAY","7065738","2023-05-28 19:00","2023","05","28","19:00","14.7","","0.8","","39","","0.0","","36","","13","","","","98.02","","","","","","NA"
"-71.03","48.89","ONATCHIWAY","7065738","2023-05-28 20:00","2023","05","28","20:00","12.6","","-0.2","","41","","0.0","","1","","6","","","","98.11","","","","","","NA"
"-71.03","48.89","ONATCHIWAY","7065738","2023-05-28 21:00","2023","05","28","21:00","11.1","","1.0","","50","","0.0","","35","","9","","","","98.19","","","","","","NA"
"-71.03","48.89","ONATCHIWAY","7065738","2023-05-28 22:00","2023","05","28","22:00","9.8","","-1.0","","47","","0.0","","2","","7","","","","98.25","","","","","","NA"
"-71.03","48.89","ONATCHIWAY","7065738","2023-05-28 23:00","2023","05","28","23:00","7.3","","-0.7","","57","","0.0","","4","","4","","","","98.32","","","","","","NA"
"-71.03","48.89","ONATCHIWAY","7065738","2023-05-29 00:00","2023","05","29","00:00","8.0","","1.3","","63","","0.0","","36","","10","","","","98.38","","","","","","NA"
"-71.03","48.89","ONATCHIWAY","7065738","2023-05-29 01:00","2023","05","29","01:00","6.4","","1.9","","73","","0.0","","36","","8","","","","98.41","","","","","","NA"
"-71.03","48.89","ONATCHIWAY","7065738","2023-05-29 02:00","2023","05","29","02:00","2.2","","-0.5","","83","","0.0","","9","","3","","","","98.45","","","","","","NA"
"-71.03","48.89","ONATCHIWAY","7065738","2023-05-29 03:00","2023","05","29","03:00","0.2","","-1.5","","88","","0.0","","2","","3","","","","98.52","","","","","","NA"
"-71.03","48.89","ONATCHIWAY","7065738","2023-05-29 04:00","2023","05","29","04:00","2.4","","-0.1","","83","","0.0","","2","","6","","","","98.55","","","","","","NA"
"-71.03","48.89","ONATCHIWAY","7065738","2023-05-29 05:00","2023","05","29","05:00","2.8","","-0.3","","80","","0.0","","4","","5","","","","98.61","","","","","","NA"
"-71.03","48.89","ONATCHIWAY","7065738","2023-05-29 06:00","2023","05","29","06:00","6.0","","1.4","","72","","0.3","","2","","6","","","","98.61","","","","","","NA"
"-71.03","48.89","ONATCHIWAY","7065738","2023-05-29 07:00","2023","05","29","07:00","9.6","","0.7","","54","","0.0","","35","","13","","","","98.63","","","","","","NA"
"-71.03","48.89","ONATCHIWAY","7065738","2023-05-29 08:00","2023","05","29","08:00","11.2","","-0.2","","45","","0.0","","35","","12","","","","98.65","","","","","","NA"
"-71.03","48.89","ONATCHIWAY","7065738","2023-05-29 09:00","2023","05","29","09:00","13.6","","0.3","","40","","0.0","","36","","9","","","","98.65","","","","","","NA"
"-71.03","48.89","ONATCHIWAY","7065738","2023-05-29 10:00","2023","05","29","10:00","14.8","","-1.5","","33","","0.0","","32","","3","","","","98.61","","","","","","NA"
"-71.03","48.89","ONATCHIWAY","7065738","2023-05-29 11:00","2023","05","29","11:00","17.1","","-0.1","","31","","0.0","","36","","9","","","","98.57","","","","","","NA"
"-71.03","48.89","ONATCHIWAY","7065738","2023-05-29 12:00","2023","05","29","12:00","18.2","","0.0","","29","","0.0","","36","","11","","","","98.52","","","","","","NA"
"-71.03","48.89","ONATCHIWAY","7065738","2023-05-29 13:00","2023","05","29","13:00","19.0","","0.5","","29","","0.0","","35","","8","","","","98.48","","","","","","NA"
"-71.03","48.89","ONATCHIWAY","7065738","2023-05-29 14:00","2023","05","29","14:00","20.8","","0.3","","25","","0.0","","34","","7","","","","98.40","","","","","","NA"
"-71.03","48.89","ONATCHIWAY","7065738","2023-05-29 15:00","2023","05","29","15:00","21.4","","-1.1","","22","","0.0","","35","","6","","","","98.35","","","","","","NA"
"-71.03","48.89","ONATCHIWAY","7065738","2023-05-29 16:00","2023","05","29","16:00","22.1","","0.0","","23","","0.0","","35","","6","","","","98.28","","","","","","NA"
"-71.03","48.89","ONATCHIWAY","7065738","2023-05-29 17:00","2023","05","29","17:00","20.9","","0.6","","26","","0.0","","21","","8","","","","98.25","","","","","","NA"
"-71.03","48.89","ONATCHIWAY","7065738","2023-05-29 18:00","2023","05","29","18:00","20.4","","1.4","","28","","0.0","","20","","6","","","","98.26","","","","","","NA"
"-71.03","48.89","ONATCHIWAY","7065738","2023-05-29 19:00","2023","05","29","19:00","17.7","","2.2","","35","","0.0","","23","","2","","","","98.27","","","","","","NA"
"-71.03","48.89","ONATCHIWAY","7065738","2023-05-29 20:00","2023","05","29","20:00","12.5","","3.6","","54","","0.0","","16","","2","","","","98.32","","","","","","NA"
"-71.03","48.89","ONATCHIWAY","7065738","2023-05-29 21:00","2023","05","29","21:00","9.4","","3.4","","66","","0.0","","16","","3","","","","98.35","","","","","","NA"
"-71.03","48.89","ONATCHIWAY","7065738","2023-05-29 22:00","2023","05","29","22:00","7.8","","4.4","","79","","0.0","","","","0","","","","98.37","","","","","","NA"
"-71.03","48.89","ONATCHIWAY","7065738","2023-05-29 23:00","2023","05","29","23:00","5.4","","2.7","","83","","0.0","","7","","2","","","","98.39","","","","","","NA"
"-71.03","48.89","ONATCHIWAY","7065738","2023-05-30 00:00","2023","05","30","00:00","4.3","","1.8","","84","","0.0","","5","","1","","","","98.37","","","","","","NA"
"-71.03","48.89","ONATCHIWAY","7065738","2023-05-30 01:00","2023","05","30","01:00","2.4","","1.0","","90","","0.0","","","","0","","","","98.36","","","","","","NA"
"-71.03","48.89","ONATCHIWAY","7065738","2023-05-30 02:00","2023","05","30","02:00","1.0","","0.3","","95","","0.0","","0","","1","","","","98.35","","","","","","NA"
"-71.03","48.89","ONATCHIWAY","7065738","2023-05-30 03:00","2023","05","30","03:00","0.6","","-0.1","","95","","0.0","","0","","1","","","","98.35","","","","","","NA"
"-71.03","48.89","ONATCHIWAY","7065738","2023-05-30 04:00","2023","05","30","04:00","-0.2","","-0.5","","98","","0.0","","11","","1","","","","98.36","","","","-1","","NA"
"-71.03","48.89","ONATCHIWAY","7065738","2023-05-30 05:00","2023","05","30","05:00","1.6","","0.8","","95","","0.0","","0","","1","","","","98.37","","","","","","NA"
"-71.03","48.89","ONATCHIWAY","7065738","2023-05-30 06:00","2023","05","30","06:00","6.4","","3.5","","82","","0.0","","36","","1","","","","98.37","","","","","","NA"
"-71.03","48.89","ONATCHIWAY","7065738","2023-05-30 07:00","2023","05","30","07:00","10.7","","4.1","","64","","0.0","","31","","3","","","","98.36","","","","","","NA"
"-71.03","48.89","ONATCHIWAY","7065738","2023-05-30 08:00","2023","05","30","08:00","18.1","","3.4","","37","","0.0","","18","","9","","","","98.33","","","","","","NA"
"-71.03","48.89","ONATCHIWAY","7065738","2023-05-30 09:00","2023","05","30","09:00","20.1","","2.9","","32","","0.0","","16","","11","","","","98.27","","","","","","NA"
"-71.03","48.89","ONATCHIWAY","7065738","2023-05-30 10:00","2023","05","30","10:00","22.7","","1.8","","25","","0.0","","20","","7","","","","98.21","","","","","","NA"
"-71.03","48.89","ONATCHIWAY","7065738","2023-05-30 11:00","2023","05","30","11:00","23.6","","1.0","","23","","0.0","","18","","11","","","","98.13","","","","","","NA"
"-71.03","48.89","ONATCHIWAY","7065738","2023-05-30 12:00","2023","05","30","12:00","24.9","","1.4","","21","","0.0","","20","","13","","","","98.07","","","","","","NA"
"-71.03","48.89","ONATCHIWAY","7065738","2023-05-30 13:00","2023","05","30","13:00","26.0","","0.9","","19","","0.0","","19","","11","","","","97.99","","","","","","NA"
"-71.03","48.89","ONATCHIWAY","7065738","2023-05-30 14:00","2023","05","30","14:00","26.4","","-1.9","","15","","0.0","","26","","7","","","","97.98","","","","","","NA"
"-71.03","48.89","ONATCHIWAY","7065738","2023-05-30 15:00","2023","05","30","15:00","26.8","","0.0","","17","","0.0","","28","","9","","","","97.93","","25","","","","NA"
"-71.03","48.89","ONATCHIWAY","7065738","2023-05-30 16:00","2023","05","30","16:00","27.1","","0.1","","17","","0.0","","25","","10","","","","97.87","","25","","","","NA"
"-71.03","48.89","ONATCHIWAY","7065738","2023-05-30 17:00","2023","05","30","17:00","27.3","","0.7","","18","","0.0","","20","","7","","","","97.87","","25","","","","NA"
"-71.03","48.89","ONATCHIWAY","7065738","2023-05-30 18:00","2023","05","30","18:00","25.4","","2.5","","23","","0.0","","20","","4","","","","97.86","","","","","","NA"
"-71.03","48.89","ONATCHIWAY","7065738","2023-05-30 19:00","2023","05","30","19:00","23.0","","3.5","","28","","0.0","","19","","5","","","","97.85","","","","","","NA"
"-71.03","48.89","ONATCHIWAY","7065738","2023-05-30 20:00","2023","05","30","20:00","17.4","","5.8","","46","","0.0","","19","","2","","","","97.89","","","","","","NA"
"-71.03","48.89","ONATCHIWAY","7065738","2023-05-30 21:00","2023","05","30","21:00","14.0","","6.6","","61","","0.0","","0","","1","","","","97.91","","","","","","NA"
"-71.03","48.89","ONATCHIWAY","7065738","2023-05-30 22:00","2023","05","30","22:00","12.5","","7.6","","72","","0.0","","0","","1","","","","97.92","","","","","","NA"
"-71.03","48.89","ONATCHIWAY","7065738","2023-05-30 23:00","2023","05","30","23:00","10.9","","6.7","","75","","0.0","","","","0","","","","97.94","","","","","","NA"
"-71.03","48.89","ONATCHIWAY","7065738","2023-05-31 00:00","2023","05","31","00:00","10.0","","7.8","","86","","0.0","","0","","1","","","","97.96","","","","","","NA"
"-71.03","48.89","ONATCHIWAY","7065738","2023-05-31 01:00","2023","05","31","01:00","9.4","","6.8","","84","","0.0","","21","","1","","","","97.99","","","","","","NA"
"-71.03","48.89","ONATCHIWAY","7065738","2023-05-31 02:00","2023","05","31","02:00","9.2","","5.4","","77","","0.0","","21","","2","","","","98.00","","","","","","NA"
"-71.03","48.89","ONATCHIWAY","7065738","2023-05-31 03:00","2023","05","31","03:00","8.4","","6.4","","87","","0.0","","26","","1","","","","98.02","","","","","","NA"
"-71.03","48.89","ONATCHIWAY","7065738","2023-05-31 04:00","2023","05","31","04:00","7.6","","5.8","","88","","0.0","","15","","1","","","","98.03","","","","","","NA"
"-71.03","48.89","ONATCHIWAY","7065738","2023-05-31 05:00","2023","05","31","05:00","9.0","","7.3","","89","","0.0","","","","0","","","","98.06","","","","","","NA"
"-71.03","48.89","ONATCHIWAY","7065738","2023-05-31 06:00","2023","05","31","06:00","13.5","","8.6","","73","","0.4","","22","","2","","","","98.08","","","","","","NA"
"-71.03","48.89","ONATCHIWAY","7065738","2023-05-31 07:00","2023","05","31","07:00","20.3","","8.3","","46","","0.0","","20","","9","","","","98.07","","","","","","NA"
"-71.03","48.89","ONATCHIWAY","7065738","2023-05-31 08:00","2023","05","31","08:00","22.5","","7.4","","38","","0.0","","21","","8","","","","98.10","","","","","","NA"
"-71.03","48.89","ONATCHIWAY","7065738","2023-05-31 09:00","2023","05","31","09:00","25.4","","8.6","","35","","0.0","","20","","6","","","","98.06","","26","","","","NA"
"-71.03","48.89","ONATCHIWAY","7065738","2023-05-31 10:00","2023","05","31","10:00","27.7","","8.4","","30","","0.0","","18","","7","","","","98.02","","28","","","","NA"
"-71.03","48.89","ONATCHIWAY","7065738","2023-05-31 11:00","2023","05","31","11:00","29.2","","8.6","","28","","0.0","","19","","7","","","","97.99","","30","","","","NA"
"-71.03","48.89","ONATCHIWAY","7065738","2023-05-31 12:00","2023","05","31","12:00","29.7","","8.5","","27","","0.0","","18","","12","","","","97.94","","30","","","","NA"
"-71.03","48.89","ONATCHIWAY","7065738","2023-05-31 13:00","2023","05","31","13:00","31.7","","8.5","","24","","0.0","","22","","9","","","","97.90","","32","","","","NA"
"-71.03","48.89","ONATCHIWAY","7065738","2023-05-31 14:00","2023","05","31","14:00","31.5","","6.8","","21","","0.0","","26","","12","","","","97.85","","31","","","","NA"
"-71.03","48.89","ONATCHIWAY","7065738","2023-05-31 15:00","2023","05","31","15:00","31.7","","7.9","","23","","0.0","","29","","7","","","","97.82","","32","","","","NA"
"-71.03","48.89","ONATCHIWAY","7065738","2023-05-31 16:00","2023","05","31","16:00","31.9","","7.2","","21","","0.0","","24","","7","","","","97.78","","32","","","","NA"
"-71.03","48.89","ONATCHIWAY","7065738","2023-05-31 17:00","2023","05","31","17:00","31.8","","8.1","","23","","0.0","","20","","8","","","","97.76","","32","","","","NA"
"-71.03","48.89","ONATCHIWAY","7065738","2023-05-31 18:00","2023","05","31","18:00","31.1","","7.9","","24","","0.0","","23","","5","","","","97.77","","31","","","","NA"
"-71.03","48.89","ONATCHIWAY","7065738","2023-05-31 19:00","2023","05","31","19:00","27.7","","9.3","","32","","0.0","","21","","5","","","","97.78","","29","","","","NA"
"-71.03","48.89","ONATCHIWAY","7065738","2023-05-31 20:00","2023","05","31","20:00","21.4","","11.4","","53","","0.0","","14","","3","","","","97.83","","","","","","NA"
"-71.03","48.89","ONATCHIWAY","7065738","2023-05-31 21:00","2023","05","31","21:00","19.4","","11.1","","58","","0.0","","15","","4","","","","97.87","","","","","","NA"
"-71.03","48.89","ONATCHIWAY","7065738","2023-05-31 22:00","2023","05","31","22:00","17.5","","11.6","","68","","0.0","","5","","1","","","","97.90","","","","","","NA"
"-71.03","48.89","ONATCHIWAY","7065738","2023-05-31 23:00","2023","05","31","23:00","15.3","","10.9","","75","","0.0","","0","","1","","","","97.91","","","","","","NA"
