"Longitude (x)","Latitude (y)","Station Name","Climate ID","Date/Time (LST)","Year","Month","Day","Time (LST)","Temp (°C)","Temp Flag","Dew Point Temp (°C)","Dew Point Temp Flag","Rel Hum (%)","Rel Hum Flag","Precip. Amount (mm)","Precip. Amount Flag","Wind Dir (10s deg)","Wind Dir Flag","Wind Spd (km/h)","Wind Spd Flag","Visibility (km)","Visibility Flag","Stn Press (kPa)","Stn Press Flag","Hmdx","Hmdx Flag","Wind Chill","Wind Chill Flag","Weather"
"-117.82","50.27","NAKUSP CS","1145297","2018-10-01 00:00","2018","10","01","00:00","4.2","","3.4","","95","","0.5","","9","","2","","","","95.32","","","","","","NA"
"-117.82","50.27","NAKUSP CS","1145297","2018-10-01 01:00","2018","10","01","01:00","4.3","","3.5","","95","","0.0","","8","","2","","","","95.31","","","","","","NA"
"-117.82","50.27","NAKUSP CS","1145297","2018-10-01 02:00","2018","10","01","02:00","4.5","","3.7","","95","","0.2","","3","","2","","","","95.26","","","","","","NA"
"-117.82","50.27","NAKUSP CS","1145297","2018-10-01 03:00","2018","10","01","03:00","4.7","","3.8","","95","","0.2","","11","","4","","","","95.26","","","","","","NA"
"-117.82","50.27","NAKUSP CS","1145297","2018-10-01 04:00","2018","10","01","04:00","4.9","","4.1","","94","","0.0","","12","","3","","","","95.21","","","","","","NA"
"-117.82","50.27","NAKUSP CS","1145297","2018-10-01 05:00","2018","10","01","05:00","4.8","","4.0","","95","","0.2","","14","","4","","","","95.19","","","","","","NA"
"-117.82","50.27","NAKUSP CS","1145297","2018-10-01 06:00","2018","10","01","06:00","5.0","","4.0","","93","","0.0","","12","","6","","","","95.17","","","","","","NA"
"-117.82","50.27","NAKUSP CS","1145297","2018-10-01 07:00","2018","10","01","07:00","5.4","","4.5","","94","","0.0","","11","","4","","","","95.16","","","","","","NA"
"-117.82","50.27","NAKUSP CS","1145297","2018-10-01 08:00","2018","10","01","08:00","6.1","","5.0","","93","","0.0","","9","","5","","","","95.17","","","","","","NA"
"-117.82","50.27","NAKUSP CS","1145297","2018-10-01 09:00","2018","10","01","09:00","7.1","","5.9","","92","","0.0","","35","","2","","","","95.17","","","","","","NA"
"-117.82","50.27","NAKUSP CS","1145297","2018-10-01 10:00","2018","10","01","10:00","7.5","","6.1","","91","","0.0","","32","","2","","","","95.16","","","","","","NA"
"-117.82","50.27","NAKUSP CS","1145297","2018-10-01 11:00","2018","10","01","11:00","7.3","","5.9","","91","","0.0","","32","","3","","","","95.16","","","","","","NA"
"-117.82","50.27","NAKUSP CS","1145297","2018-10-01 12:00","2018","10","01","12:00","7.7","","6.4","","92","","0.5","","30","","1","","","","95.14","","","","","","NA"
"-117.82","50.27","NAKUSP CS","1145297","2018-10-01 13:00","2018","10","01","13:00","7.6","","6.2","","91","","0.3","","31","","2","","","","95.09","","","","","","NA"
"-117.82","50.27","NAKUSP CS","1145297","2018-10-01 14:00","2018","10","01","14:00","7.8","","6.6","","92","","0.2","","31","","2","","","","95.05","","","","","","NA"
"-117.82","50.27","NAKUSP CS","1145297","2018-10-01 15:00","2018","10","01","15:00","7.5","","6.3","","92","","0.3","","29","","3","","","","95.01","","","","","","NA"
"-117.82","50.27","NAKUSP CS","1145297","2018-10-01 16:00","2018","10","01","16:00","7.3","","6.2","","93","","0.2","","31","","4","","","","94.96","","","","","","NA"
"-117.82","50.27","NAKUSP CS","1145297","2018-10-01 17:00","2018","10","01","17:00","7.1","","6.3","","94","","0.9","","30","","4","","","","94.97","","","","","","NA"
"-117.82","50.27","NAKUSP CS","1145297","2018-10-01 18:00","2018","10","01","18:00","6.7","","5.9","","95","","1.4","","27","","6","","","","94.98","","","","","","NA"
"-117.82","50.27","NAKUSP CS","1145297","2018-10-01 19:00","2018","10","01","19:00","6.4","","5.7","","95","","3.1","","30","","5","","","","94.98","","","","","","NA"
"-117.82","50.27","NAKUSP CS","1145297","2018-10-01 20:00","2018","10","01","20:00","6.4","","5.8","","96","","1.9","","31","","5","","","","94.98","","","","","","NA"
"-117.82","50.27","NAKUSP CS","1145297","2018-10-01 21:00","2018","10","01","21:00","6.6","","6.0","","96","","4.4","","30","","1","","","","94.95","","","","","","NA"
"-117.82","50.27","NAKUSP CS","1145297","2018-10-01 22:00","2018","10","01","22:00","6.4","","5.7","","96","","4.3","","32","","4","","","","94.94","","","","","","NA"
"-117.82","50.27","NAKUSP CS","1145297","2018-10-01 23:00","2018","10","01","23:00","6.4","","5.8","","96","","2.8","","10","","2","","","","94.92","","","","","","NA"
"-117.82","50.27","NAKUSP CS","1145297","2018-10-02 00:00","2018","10","02","00:00","6.1","","5.4","","96","","2.4","","20","","2","","","","94.84","","","","","","NA"
"-117.82","50.27","NAKUSP CS","1145297","2018-10-02 01:00","2018","10","02","01:00","6.1","","5.4","","95","","0.0","","30","","1","","","","94.82","","","","","","NA"
"-117.82","50.27","NAKUSP CS","1145297","2018-10-02 02:00","2018","10","02","02:00","6.3","","5.6","","95","","0.0","","34","","4","","","","94.78","","","","","","NA"
"-117.82","50.27","NAKUSP CS","1145297","2018-10-02 03:00","2018","10","02","03:00","6.1","","5.4","","95","","0.5","","33","","2","","","","94.75","","","","","","NA"
"-117.82","50.27","NAKUSP CS","1145297","2018-10-02 04:00","2018","10","02","04:00","5.7","","4.7","","93","","0.0","","30","","7","","","","94.70","","","","","","NA"
"-117.82","50.27","NAKUSP CS","1145297","2018-10-02 05:00","2018","10","02","05:00","5.6","","4.5","","93","","0.0","","30","","8","","","","94.66","","","","","","NA"
"-117.82","50.27","NAKUSP CS","1145297","2018-10-02 06:00","2018","10","02","06:00","5.3","","4.2","","92","","0.3","","31","","7","","","","94.64","","","","","","NA"
"-117.82","50.27","NAKUSP CS","1145297","2018-10-02 07:00","2018","10","02","07:00","5.3","","4.3","","93","","0.0","","33","","5","","","","94.57","","","","","","NA"
"-117.82","50.27","NAKUSP CS","1145297","2018-10-02 08:00","2018","10","02","08:00","5.5","","4.5","","93","","0.2","","30","","5","","","","94.54","","","","","","NA"
"-117.82","50.27","NAKUSP CS","1145297","2018-10-02 09:00","2018","10","02","09:00","5.6","","4.4","","92","","0.0","","31","","5","","","","94.48","","","","","","NA"
"-117.82","50.27","NAKUSP CS","1145297","2018-10-02 10:00","2018","10","02","10:00","5.3","","3.8","","90","","0.0","","29","","9","","","","94.44","","","","","","NA"
"-117.82","50.27","NAKUSP CS","1145297","2018-10-02 11:00","2018","10","02","11:00","5.3","","4.0","","91","","0.6","","29","","7","","","","94.40","","","","","","NA"
"-117.82","50.27","NAKUSP CS","1145297","2018-10-02 12:00","2018","10","02","12:00","5.0","","3.7","","91","","0.3","","30","","8","","","","94.34","","","","","","NA"
"-117.82","50.27","NAKUSP CS","1145297","2018-10-02 13:00","2018","10","02","13:00","4.2","","3.2","","93","","2.2","","30","","14","","","","94.35","","","","","","NA"
"-117.82","50.27","NAKUSP CS","1145297","2018-10-02 14:00","2018","10","02","14:00","4.3","","3.3","","94","","3.9","","30","","15","","","","94.40","","","","","","NA"
"-117.82","50.27","NAKUSP CS","1145297","2018-10-02 15:00","2018","10","02","15:00","4.4","","3.5","","94","","1.1","","33","","7","","","","94.43","","","","","","NA"
"-117.82","50.27","NAKUSP CS","1145297","2018-10-02 16:00","2018","10","02","16:00","4.3","","3.2","","93","","0.9","","30","","10","","","","94.47","","","","","","NA"
"-117.82","50.27","NAKUSP CS","1145297","2018-10-02 17:00","2018","10","02","17:00","4.0","","3.2","","94","","1.8","","23","","2","","","","94.51","","","","","","NA"
"-117.82","50.27","NAKUSP CS","1145297","2018-10-02 18:00","2018","10","02","18:00","4.2","","3.3","","94","","0.3","","32","","2","","","","94.50","","","","","","NA"
"-117.82","50.27","NAKUSP CS","1145297","2018-10-02 19:00","2018","10","02","19:00","4.0","","3.1","","94","","1.2","","33","","4","","","","94.56","","","","","","NA"
"-117.82","50.27","NAKUSP CS","1145297","2018-10-02 20:00","2018","10","02","20:00","3.9","","2.8","","93","","0.2","","32","","3","","","","94.62","","","","","","NA"
"-117.82","50.27","NAKUSP CS","1145297","2018-10-02 21:00","2018","10","02","21:00","4.2","","2.8","","91","","0.0","","29","","7","","","","94.70","","","","","","NA"
"-117.82","50.27","NAKUSP CS","1145297","2018-10-02 22:00","2018","10","02","22:00","4.3","","3.0","","91","","0.2","","29","","10","","","","94.84","","","","","","NA"
"-117.82","50.27","NAKUSP CS","1145297","2018-10-02 23:00","2018","10","02","23:00","4.1","","2.2","","87","","0.0","","33","","9","","","","94.99","","","","","","NA"
"-117.82","50.27","NAKUSP CS","1145297","2018-10-03 00:00","2018","10","03","00:00","4.0","","2.7","","92","","0.0","","4","","3","","","","95.15","","","","","","NA"
"-117.82","50.27","NAKUSP CS","1145297","2018-10-03 01:00","2018","10","03","01:00","4.1","","1.7","","84","","0.0","","1","","5","","","","95.29","","","","","","NA"
"-117.82","50.27","NAKUSP CS","1145297","2018-10-03 02:00","2018","10","03","02:00","4.5","","0.1","","73","","0.0","","35","","9","","","","95.38","","","","","","NA"
"-117.82","50.27","NAKUSP CS","1145297","2018-10-03 03:00","2018","10","03","03:00","4.3","","0.5","","76","","0.0","","35","","5","","","","95.48","","","","","","NA"
"-117.82","50.27","NAKUSP CS","1145297","2018-10-03 04:00","2018","10","03","04:00","3.7","","1.5","","85","","0.0","","6","","4","","","","95.59","","","","","","NA"
"-117.82","50.27","NAKUSP CS","1145297","2018-10-03 05:00","2018","10","03","05:00","3.1","","2.1","","93","","0.0","","7","","3","","","","95.69","","","","","","NA"
"-117.82","50.27","NAKUSP CS","1145297","2018-10-03 06:00","2018","10","03","06:00","3.5","","2.4","","93","","0.0","","11","","4","","","","95.77","","","","","","NA"
"-117.82","50.27","NAKUSP CS","1145297","2018-10-03 07:00","2018","10","03","07:00","4.2","","3.0","","92","","0.0","","6","","2","","","","95.79","","","","","","NA"
"-117.82","50.27","NAKUSP CS","1145297","2018-10-03 08:00","2018","10","03","08:00","5.4","","2.4","","81","","0.2","","31","","2","","","","95.86","","","","","","NA"
"-117.82","50.27","NAKUSP CS","1145297","2018-10-03 09:00","2018","10","03","09:00","6.1","","2.4","","77","","0.0","","27","","1","","","","95.88","","","","","","NA"
"-117.82","50.27","NAKUSP CS","1145297","2018-10-03 10:00","2018","10","03","10:00","6.4","","1.2","","70","","0.0","","33","","4","","","","95.90","","","","","","NA"
"-117.82","50.27","NAKUSP CS","1145297","2018-10-03 11:00","2018","10","03","11:00","6.7","","2.1","","72","","0.0","","27","","3","","","","95.88","","","","","","NA"
"-117.82","50.27","NAKUSP CS","1145297","2018-10-03 12:00","2018","10","03","12:00","7.3","","1.6","","67","","0.0","","28","","3","","","","95.86","","","","","","NA"
"-117.82","50.27","NAKUSP CS","1145297","2018-10-03 13:00","2018","10","03","13:00","7.8","","1.3","","63","","0.0","","27","","4","","","","95.84","","","","","","NA"
"-117.82","50.27","NAKUSP CS","1145297","2018-10-03 14:00","2018","10","03","14:00","7.5","","1.4","","65","","0.0","","28","","4","","","","95.83","","","","","","NA"
"-117.82","50.27","NAKUSP CS","1145297","2018-10-03 15:00","2018","10","03","15:00","7.3","","0.8","","63","","0.0","","29","","4","","","","95.78","","","","","","NA"
"-117.82","50.27","NAKUSP CS","1145297","2018-10-03 16:00","2018","10","03","16:00","6.8","","1.2","","67","","0.0","","30","","2","","","","95.77","","","","","","NA"
"-117.82","50.27","NAKUSP CS","1145297","2018-10-03 17:00","2018","10","03","17:00","5.6","","2.9","","83","","0.0","","6","","1","","","","95.75","","","","","","NA"
"-117.82","50.27","NAKUSP CS","1145297","2018-10-03 18:00","2018","10","03","18:00","4.0","","2.3","","89","","0.0","","7","","4","","","","95.71","","","","","","NA"
"-117.82","50.27","NAKUSP CS","1145297","2018-10-03 19:00","2018","10","03","19:00","3.8","","2.1","","89","","0.0","","7","","4","","","","95.65","","","","","","NA"
"-117.82","50.27","NAKUSP CS","1145297","2018-10-03 20:00","2018","10","03","20:00","3.5","","2.1","","91","","0.0","","7","","3","","","","95.63","","","","","","NA"
"-117.82","50.27","NAKUSP CS","1145297","2018-10-03 21:00","2018","10","03","21:00","3.1","","1.8","","91","","0.0","","5","","3","","","","95.58","","","","","","NA"
"-117.82","50.27","NAKUSP CS","1145297","2018-10-03 22:00","2018","10","03","22:00","2.7","","1.7","","93","","0.0","","6","","5","","","","95.56","","","","","","NA"
"-117.82","50.27","NAKUSP CS","1145297","2018-10-03 23:00","2018","10","03","23:00","3.2","","2.2","","93","","0.0","","4","","3","","","","95.52","","","","","","NA"
"-117.82","50.27","NAKUSP CS","1145297","2018-10-04 00:00","2018","10","04","00:00","3.0","","1.6","","91","","0.0","","3","","2","","","","95.53","","","","","","NA"
"-117.82","50.27","NAKUSP CS","1145297","2018-10-04 01:00","2018","10","04","01:00","3.3","","1.8","","90","","0.0","","3","","3","","","","95.50","","","","","","NA"
"-117.82","50.27","NAKUSP CS","1145297","2018-10-04 02:00","2018","10","04","02:00","4.1","","2.1","","87","","0.0","","4","","3","","","","95.47","","","","","","NA"
"-117.82","50.27","NAKUSP CS","1145297","2018-10-04 03:00","2018","10","04","03:00","4.3","","1.8","","84","","0.0","","32","","4","","","","95.45","","","","","","NA"
"-117.82","50.27","NAKUSP CS","1145297","2018-10-04 04:00","2018","10","04","04:00","4.2","","1.9","","84","","0.0","","1","","2","","","","95.44","","","","","","NA"
"-117.82","50.27","NAKUSP CS","1145297","2018-10-04 05:00","2018","10","04","05:00","4.3","","1.7","","83","","0.0","","35","","5","","","","95.41","","","","","","NA"
"-117.82","50.27","NAKUSP CS","1145297","2018-10-04 06:00","2018","10","04","06:00","4.2","","1.8","","84","","0.0","","36","","4","","","","95.40","","","","","","NA"
"-117.82","50.27","NAKUSP CS","1145297","2018-10-04 07:00","2018","10","04","07:00","4.4","","1.6","","82","","0.0","","33","","5","","","","95.43","","","","","","NA"
"-117.82","50.27","NAKUSP CS","1145297","2018-10-04 08:00","2018","10","04","08:00","4.6","","1.6","","81","","0.0","","32","","6","","","","95.44","","","","","","NA"
"-117.82","50.27","NAKUSP CS","1145297","2018-10-04 09:00","2018","10","04","09:00","5.4","","1.4","","76","","0.0","","31","","5","","","","95.45","","","","","","NA"
"-117.82","50.27","NAKUSP CS","1145297","2018-10-04 10:00","2018","10","04","10:00","6.5","","1.3","","69","","0.0","","30","","2","","","","95.45","","","","","","NA"
"-117.82","50.27","NAKUSP CS","1145297","2018-10-04 11:00","2018","10","04","11:00","7.8","","1.2","","63","","0.0","","26","","4","","","","95.46","","","","","","NA"
"-117.82","50.27","NAKUSP CS","1145297","2018-10-04 12:00","2018","10","04","12:00","9.9","","1.6","","56","","0.0","","25","","4","","","","95.45","","","","","","NA"
"-117.82","50.27","NAKUSP CS","1145297","2018-10-04 13:00","2018","10","04","13:00","10.7","","1.2","","52","","0.0","","23","","5","","","","95.41","","","","","","NA"
"-117.82","50.27","NAKUSP CS","1145297","2018-10-04 14:00","2018","10","04","14:00","11.2","","0.0","","46","","0.0","","26","","4","","","","95.41","","","","","","NA"
"-117.82","50.27","NAKUSP CS","1145297","2018-10-04 15:00","2018","10","04","15:00","9.5","","-0.9","","48","","0.0","","28","","2","","","","95.42","","","","","","NA"
"-117.82","50.27","NAKUSP CS","1145297","2018-10-04 16:00","2018","10","04","16:00","8.3","","2.2","","66","","0.0","","24","","2","","","","95.44","","","","","","NA"
"-117.82","50.27","NAKUSP CS","1145297","2018-10-04 17:00","2018","10","04","17:00","6.6","","2.8","","77","","0.0","","12","","2","","","","95.49","","","","","","NA"
"-117.82","50.27","NAKUSP CS","1145297","2018-10-04 18:00","2018","10","04","18:00","4.5","","2.6","","88","","0.0","","5","","3","","","","95.54","","","","","","NA"
"-117.82","50.27","NAKUSP CS","1145297","2018-10-04 19:00","2018","10","04","19:00","3.0","","1.7","","91","","0.0","","5","","4","","","","95.59","","","","","","NA"
"-117.82","50.27","NAKUSP CS","1145297","2018-10-04 20:00","2018","10","04","20:00","2.3","","1.3","","93","","0.0","","7","","2","","","","95.62","","","","","","NA"
"-117.82","50.27","NAKUSP CS","1145297","2018-10-04 21:00","2018","10","04","21:00","1.5","","0.4","","93","","0.0","","8","","3","","","","95.67","","","","","","NA"
"-117.82","50.27","NAKUSP CS","1145297","2018-10-04 22:00","2018","10","04","22:00","1.2","","0.4","","94","","0.0","","5","","5","","","","95.71","","","","","","NA"
"-117.82","50.27","NAKUSP CS","1145297","2018-10-04 23:00","2018","10","04","23:00","1.0","","0.3","","95","","0.0","","7","","3","","","","95.76","","","","","","NA"
"-117.82","50.27","NAKUSP CS","1145297","2018-10-05 00:00","2018","10","05","00:00","0.5","","-0.1","","96","","0.0","","6","","4","","","","95.80","","","","","","NA"
"-117.82","50.27","NAKUSP CS","1145297","2018-10-05 01:00","2018","10","05","01:00","1.5","","0.9","","96","","0.0","","4","","3","","","","95.84","","","","","","NA"
"-117.82","50.27","NAKUSP CS","1145297","2018-10-05 02:00","2018","10","05","02:00","1.2","","0.3","","94","","0.0","","9","","6","","","","95.86","","","","","","NA"
"-117.82","50.27","NAKUSP CS","1145297","2018-10-05 03:00","2018","10","05","03:00","0.8","","0.1","","95","","0.0","","7","","4","","","","95.85","","","","","","NA"
"-117.82","50.27","NAKUSP CS","1145297","2018-10-05 04:00","2018","10","05","04:00","3.1","","2.0","","93","","0.0","","5","","3","","","","95.85","","","","","","NA"
"-117.82","50.27","NAKUSP CS","1145297","2018-10-05 05:00","2018","10","05","05:00","2.1","","0.9","","92","","0.0","","7","","4","","","","95.92","","","","","","NA"
"-117.82","50.27","NAKUSP CS","1145297","2018-10-05 06:00","2018","10","05","06:00","2.2","","1.1","","92","","0.0","","9","","5","","","","95.95","","","","","","NA"
"-117.82","50.27","NAKUSP CS","1145297","2018-10-05 07:00","2018","10","05","07:00","3.3","","2.0","","91","","0.0","","10","","3","","","","95.92","","","","","","NA"
"-117.82","50.27","NAKUSP CS","1145297","2018-10-05 08:00","2018","10","05","08:00","5.4","","3.0","","85","","0.0","","0","","1","","","","95.94","","","","","","NA"
"-117.82","50.27","NAKUSP CS","1145297","2018-10-05 09:00","2018","10","05","09:00","6.4","","2.2","","75","","0.0","","12","","3","","","","95.92","","","","","","NA"
"-117.82","50.27","NAKUSP CS","1145297","2018-10-05 10:00","2018","10","05","10:00","6.3","","2.7","","77","","0.0","","0","","1","","","","95.86","","","","","","NA"
"-117.82","50.27","NAKUSP CS","1145297","2018-10-05 11:00","2018","10","05","11:00","6.1","","1.6","","72","","0.0","","0","","1","","","","95.85","","","","","","NA"
"-117.82","50.27","NAKUSP CS","1145297","2018-10-05 12:00","2018","10","05","12:00","7.5","","2.8","","72","","0.0","","19","","1","","","","95.81","","","","","","NA"
"-117.82","50.27","NAKUSP CS","1145297","2018-10-05 13:00","2018","10","05","13:00","8.1","","2.9","","70","","0.0","","22","","3","","","","95.75","","","","","","NA"
"-117.82","50.27","NAKUSP CS","1145297","2018-10-05 14:00","2018","10","05","14:00","8.6","","2.5","","66","","0.0","","22","","2","","","","95.71","","","","","","NA"
"-117.82","50.27","NAKUSP CS","1145297","2018-10-05 15:00","2018","10","05","15:00","7.2","","2.2","","70","","0.0","","15","","2","","","","95.68","","","","","","NA"
"-117.82","50.27","NAKUSP CS","1145297","2018-10-05 16:00","2018","10","05","16:00","7.2","","2.2","","71","","0.0","","13","","3","","","","95.66","","","","","","NA"
"-117.82","50.27","NAKUSP CS","1145297","2018-10-05 17:00","2018","10","05","17:00","6.6","","3.3","","79","","0.0","","10","","2","","","","95.65","","","","","","NA"
"-117.82","50.27","NAKUSP CS","1145297","2018-10-05 18:00","2018","10","05","18:00","5.5","","3.9","","89","","0.0","","7","","3","","","","95.65","","","","","","NA"
"-117.82","50.27","NAKUSP CS","1145297","2018-10-05 19:00","2018","10","05","19:00","5.4","","4.1","","91","","0.0","","8","","3","","","","95.66","","","","","","NA"
"-117.82","50.27","NAKUSP CS","1145297","2018-10-05 20:00","2018","10","05","20:00","5.4","","4.4","","94","","0.0","","6","","3","","","","95.68","","","","","","NA"
"-117.82","50.27","NAKUSP CS","1145297","2018-10-05 21:00","2018","10","05","21:00","5.3","","4.5","","95","","0.0","","0","","1","","","","95.68","","","","","","NA"
"-117.82","50.27","NAKUSP CS","1145297","2018-10-05 22:00","2018","10","05","22:00","5.2","","4.5","","95","","0.0","","8","","3","","","","95.66","","","","","","NA"
"-117.82","50.27","NAKUSP CS","1145297","2018-10-05 23:00","2018","10","05","23:00","5.3","","4.5","","95","","0.0","","4","","3","","","","95.63","","","","","","NA"
"-117.82","50.27","NAKUSP CS","1145297","2018-10-06 00:00","2018","10","06","00:00","5.5","","4.6","","94","","0.0","","6","","2","","","","95.63","","","","","","NA"
"-117.82","50.27","NAKUSP CS","1145297","2018-10-06 01:00","2018","10","06","01:00","5.5","","4.5","","93","","0.0","","1","","3","","","","95.66","","","","","","NA"
"-117.82","50.27","NAKUSP CS","1145297","2018-10-06 02:00","2018","10","06","02:00","5.7","","4.4","","91","","0.3","","35","","3","","","","95.66","","","","","","NA"
"-117.82","50.27","NAKUSP CS","1145297","2018-10-06 03:00","2018","10","06","03:00","5.6","","4.2","","91","","0.0","","35","","4","","","","95.67","","","","","","NA"
"-117.82","50.27","NAKUSP CS","1145297","2018-10-06 04:00","2018","10","06","04:00","5.5","","4.0","","90","","0.0","","31","","6","","","","95.71","","","","","","NA"
"-117.82","50.27","NAKUSP CS","1145297","2018-10-06 05:00","2018","10","06","05:00","5.4","","3.6","","88","","0.0","","31","","5","","","","95.74","","","","","","NA"
"-117.82","50.27","NAKUSP CS","1145297","2018-10-06 06:00","2018","10","06","06:00","5.2","","3.2","","87","","0.0","","32","","6","","","","95.80","","","","","","NA"
"-117.82","50.27","NAKUSP CS","1145297","2018-10-06 07:00","2018","10","06","07:00","5.4","","3.0","","85","","0.0","","33","","5","","","","95.85","","","","","","NA"
"-117.82","50.27","NAKUSP CS","1145297","2018-10-06 08:00","2018","10","06","08:00","5.8","","3.2","","83","","0.0","","32","","7","","","","95.90","","","","","","NA"
"-117.82","50.27","NAKUSP CS","1145297","2018-10-06 09:00","2018","10","06","09:00","6.8","","3.4","","79","","0.0","","33","","5","","","","95.92","","","","","","NA"
"-117.82","50.27","NAKUSP CS","1145297","2018-10-06 10:00","2018","10","06","10:00","7.6","","2.7","","71","","0.0","","28","","3","","","","95.94","","","","","","NA"
"-117.82","50.27","NAKUSP CS","1145297","2018-10-06 11:00","2018","10","06","11:00","8.2","","1.5","","63","","0.0","","30","","4","","","","95.93","","","","","","NA"
"-117.82","50.27","NAKUSP CS","1145297","2018-10-06 12:00","2018","10","06","12:00","10.7","","2.5","","57","","0.0","","25","","4","","","","95.92","","","","","","NA"
"-117.82","50.27","NAKUSP CS","1145297","2018-10-06 13:00","2018","10","06","13:00","12.0","","1.7","","49","","0.0","","23","","4","","","","95.88","","","","","","NA"
"-117.82","50.27","NAKUSP CS","1145297","2018-10-06 14:00","2018","10","06","14:00","12.3","","2.2","","50","","0.0","","24","","4","","","","95.86","","","","","","NA"
"-117.82","50.27","NAKUSP CS","1145297","2018-10-06 15:00","2018","10","06","15:00","11.2","","1.3","","50","","0.0","","25","","3","","","","95.87","","","","","","NA"
"-117.82","50.27","NAKUSP CS","1145297","2018-10-06 16:00","2018","10","06","16:00","10.2","","2.3","","58","","0.0","","27","","2","","","","95.91","","","","","","NA"
"-117.82","50.27","NAKUSP CS","1145297","2018-10-06 17:00","2018","10","06","17:00","7.2","","4.1","","81","","0.0","","","","0","","","","95.93","","","","","","NA"
"-117.82","50.27","NAKUSP CS","1145297","2018-10-06 18:00","2018","10","06","18:00","4.8","","2.6","","86","","0.0","","6","","5","","","","95.97","","","","","","NA"
"-117.82","50.27","NAKUSP CS","1145297","2018-10-06 19:00","2018","10","06","19:00","5.6","","3.8","","88","","0.0","","9","","4","","","","96.03","","","","","","NA"
"-117.82","50.27","NAKUSP CS","1145297","2018-10-06 20:00","2018","10","06","20:00","3.6","","1.6","","87","","0.0","","8","","5","","","","96.04","","","","","","NA"
"-117.82","50.27","NAKUSP CS","1145297","2018-10-06 21:00","2018","10","06","21:00","2.6","","1.6","","94","","0.0","","5","","5","","","","96.07","","","","","","NA"
"-117.82","50.27","NAKUSP CS","1145297","2018-10-06 22:00","2018","10","06","22:00","2.3","","1.5","","95","","0.0","","7","","4","","","","96.10","","","","","","NA"
"-117.82","50.27","NAKUSP CS","1145297","2018-10-06 23:00","2018","10","06","23:00","1.8","","1.1","","95","","0.0","","5","","4","","","","96.09","","","","","","NA"
"-117.82","50.27","NAKUSP CS","1145297","2018-10-07 00:00","2018","10","07","00:00","1.5","","0.8","","95","","0.0","","8","","4","","","","96.13","","","","","","NA"
"-117.82","50.27","NAKUSP CS","1145297","2018-10-07 01:00","2018","10","07","01:00","0.5","","-0.3","","94","","0.0","","7","","5","","","","96.18","","","","","","NA"
"-117.82","50.27","NAKUSP CS","1145297","2018-10-07 02:00","2018","10","07","02:00","1.5","","0.8","","96","","0.0","","6","","3","","","","96.14","","","","","","NA"
"-117.82","50.27","NAKUSP CS","1145297","2018-10-07 03:00","2018","10","07","03:00","2.1","","1.5","","96","","0.0","","8","","4","","","","96.14","","","","","","NA"
"-117.82","50.27","NAKUSP CS","1145297","2018-10-07 04:00","2018","10","07","04:00","2.9","","2.2","","95","","0.0","","8","","4","","","","96.20","","","","","","NA"
"-117.82","50.27","NAKUSP CS","1145297","2018-10-07 05:00","2018","10","07","05:00","3.6","","2.7","","94","","0.0","","7","","2","","","","96.18","","","","","","NA"
"-117.82","50.27","NAKUSP CS","1145297","2018-10-07 06:00","2018","10","07","06:00","3.7","","2.4","","91","","0.0","","9","","2","","","","96.18","","","","","","NA"
"-117.82","50.27","NAKUSP CS","1145297","2018-10-07 07:00","2018","10","07","07:00","3.8","","2.4","","91","","0.0","","11","","3","","","","96.20","","","","","","NA"
"-117.82","50.27","NAKUSP CS","1145297","2018-10-07 08:00","2018","10","07","08:00","5.1","","2.3","","82","","0.0","","13","","1","","","","96.20","","","","","","NA"
"-117.82","50.27","NAKUSP CS","1145297","2018-10-07 09:00","2018","10","07","09:00","6.6","","2.6","","76","","0.0","","26","","2","","","","96.18","","","","","","NA"
"-117.82","50.27","NAKUSP CS","1145297","2018-10-07 10:00","2018","10","07","10:00","7.1","","3.6","","78","","0.0","","26","","3","","","","96.15","","","","","","NA"
"-117.82","50.27","NAKUSP CS","1145297","2018-10-07 11:00","2018","10","07","11:00","8.6","","3.2","","69","","0.0","","25","","3","","","","96.14","","","","","","NA"
"-117.82","50.27","NAKUSP CS","1145297","2018-10-07 12:00","2018","10","07","12:00","9.6","","3.4","","65","","0.0","","24","","4","","","","96.06","","","","","","NA"
"-117.82","50.27","NAKUSP CS","1145297","2018-10-07 13:00","2018","10","07","13:00","10.5","","3.1","","60","","0.0","","21","","2","","","","95.96","","","","","","NA"
"-117.82","50.27","NAKUSP CS","1145297","2018-10-07 14:00","2018","10","07","14:00","9.7","","3.0","","63","","0.0","","14","","4","","","","95.91","","","","","","NA"
"-117.82","50.27","NAKUSP CS","1145297","2018-10-07 15:00","2018","10","07","15:00","9.6","","3.2","","65","","0.0","","13","","6","","","","95.86","","","","","","NA"
"-117.82","50.27","NAKUSP CS","1145297","2018-10-07 16:00","2018","10","07","16:00","9.4","","4.3","","70","","0.0","","12","","6","","","","95.85","","","","","","NA"
"-117.82","50.27","NAKUSP CS","1145297","2018-10-07 17:00","2018","10","07","17:00","8.6","","4.8","","77","","0.0","","7","","4","","","","95.85","","","","","","NA"
"-117.82","50.27","NAKUSP CS","1145297","2018-10-07 18:00","2018","10","07","18:00","7.3","","4.9","","85","","0.0","","7","","3","","","","95.85","","","","","","NA"
"-117.82","50.27","NAKUSP CS","1145297","2018-10-07 19:00","2018","10","07","19:00","6.6","","4.6","","87","","0.0","","1","","2","","","","95.84","","","","","","NA"
"-117.82","50.27","NAKUSP CS","1145297","2018-10-07 20:00","2018","10","07","20:00","6.3","","4.4","","87","","0.0","","8","","2","","","","95.84","","","","","","NA"
"-117.82","50.27","NAKUSP CS","1145297","2018-10-07 21:00","2018","10","07","21:00","6.1","","4.4","","89","","0.0","","0","","1","","","","95.88","","","","","","NA"
"-117.82","50.27","NAKUSP CS","1145297","2018-10-07 22:00","2018","10","07","22:00","5.9","","4.4","","90","","0.0","","5","","4","","","","95.85","","","","","","NA"
"-117.82","50.27","NAKUSP CS","1145297","2018-10-07 23:00","2018","10","07","23:00","5.7","","4.3","","91","","0.0","","6","","2","","","","95.88","","","","","","NA"
"-117.82","50.27","NAKUSP CS","1145297","2018-10-08 00:00","2018","10","08","00:00","5.8","","4.5","","92","","0.0","","7","","3","","","","95.88","","","","","","NA"
"-117.82","50.27","NAKUSP CS","1145297","2018-10-08 01:00","2018","10","08","01:00","3.7","","2.7","","93","","0.0","","6","","5","","","","95.88","","","","","","NA"
"-117.82","50.27","NAKUSP CS","1145297","2018-10-08 02:00","2018","10","08","02:00","4.9","","4.1","","94","","0.0","","1","","3","","","","95.87","","","","","","NA"
"-117.82","50.27","NAKUSP CS","1145297","2018-10-08 03:00","2018","10","08","03:00","5.0","","4.1","","94","","0.0","","8","","3","","","","95.87","","","","","","NA"
"-117.82","50.27","NAKUSP CS","1145297","2018-10-08 04:00","2018","10","08","04:00","5.6","","4.6","","93","","0.0","","6","","2","","","","95.85","","","","","","NA"
"-117.82","50.27","NAKUSP CS","1145297","2018-10-08 05:00","2018","10","08","05:00","5.2","","4.2","","93","","0.0","","4","","2","","","","95.81","","","","","","NA"
"-117.82","50.27","NAKUSP CS","1145297","2018-10-08 06:00","2018","10","08","06:00","5.7","","4.7","","93","","0.0","","6","","4","","","","95.83","","","","","","NA"
"-117.82","50.27","NAKUSP CS","1145297","2018-10-08 07:00","2018","10","08","07:00","6.5","","5.2","","92","","0.0","","","","0","","","","95.85","","","","","","NA"
"-117.82","50.27","NAKUSP CS","1145297","2018-10-08 08:00","2018","10","08","08:00","7.6","","5.5","","87","","0.0","","26","","2","","","","95.84","","","","","","NA"
"-117.82","50.27","NAKUSP CS","1145297","2018-10-08 09:00","2018","10","08","09:00","8.3","","5.6","","83","","0.0","","27","","3","","","","95.79","","","","","","NA"
"-117.82","50.27","NAKUSP CS","1145297","2018-10-08 10:00","2018","10","08","10:00","9.1","","5.1","","76","","0.0","","25","","2","","","","95.75","","","","","","NA"
"-117.82","50.27","NAKUSP CS","1145297","2018-10-08 11:00","2018","10","08","11:00","9.7","","5.0","","72","","0.0","","26","","3","","","","95.71","","","","","","NA"
"-117.82","50.27","NAKUSP CS","1145297","2018-10-08 12:00","2018","10","08","12:00","10.3","","4.5","","68","","0.0","","24","","3","","","","95.64","","","","","","NA"
"-117.82","50.27","NAKUSP CS","1145297","2018-10-08 13:00","2018","10","08","13:00","11.3","","5.1","","65","","0.0","","26","","2","","","","95.55","","","","","","NA"
"-117.82","50.27","NAKUSP CS","1145297","2018-10-08 14:00","2018","10","08","14:00","9.7","","4.9","","72","","0.0","","0","","1","","","","95.50","","","","","","NA"
"-117.82","50.27","NAKUSP CS","1145297","2018-10-08 15:00","2018","10","08","15:00","11.5","","4.9","","64","","0.0","","24","","1","","","","95.42","","","","","","NA"
"-117.82","50.27","NAKUSP CS","1145297","2018-10-08 16:00","2018","10","08","16:00","9.2","","5.1","","76","","0.0","","0","","1","","","","95.37","","","","","","NA"
"-117.82","50.27","NAKUSP CS","1145297","2018-10-08 17:00","2018","10","08","17:00","8.5","","6.1","","85","","0.0","","3","","2","","","","95.33","","","","","","NA"
"-117.82","50.27","NAKUSP CS","1145297","2018-10-08 18:00","2018","10","08","18:00","8.2","","6.0","","87","","0.0","","8","","4","","","","95.30","","","","","","NA"
"-117.82","50.27","NAKUSP CS","1145297","2018-10-08 19:00","2018","10","08","19:00","7.7","","5.8","","88","","0.0","","1","","3","","","","95.24","","","","","","NA"
"-117.82","50.27","NAKUSP CS","1145297","2018-10-08 20:00","2018","10","08","20:00","7.4","","5.9","","90","","0.0","","0","","1","","","","95.21","","","","","","NA"
"-117.82","50.27","NAKUSP CS","1145297","2018-10-08 21:00","2018","10","08","21:00","7.3","","6.5","","95","","0.0","","7","","3","","","","95.19","","","","","","NA"
"-117.82","50.27","NAKUSP CS","1145297","2018-10-08 22:00","2018","10","08","22:00","7.1","","6.3","","95","","0.5","","7","","1","","","","95.18","","","","","","NA"
"-117.82","50.27","NAKUSP CS","1145297","2018-10-08 23:00","2018","10","08","23:00","7.0","","6.3","","96","","0.0","","6","","2","","","","95.17","","","","","","NA"
"-117.82","50.27","NAKUSP CS","1145297","2018-10-09 00:00","2018","10","09","00:00","7.3","","6.6","","95","","0.4","","35","","3","","","","95.16","","","","","","NA"
"-117.82","50.27","NAKUSP CS","1145297","2018-10-09 01:00","2018","10","09","01:00","7.2","","6.4","","95","","0.5","","33","","4","","","","95.17","","","","","","NA"
"-117.82","50.27","NAKUSP CS","1145297","2018-10-09 02:00","2018","10","09","02:00","7.4","","6.6","","95","","0.3","","34","","4","","","","95.17","","","","","","NA"
"-117.82","50.27","NAKUSP CS","1145297","2018-10-09 03:00","2018","10","09","03:00","7.3","","6.5","","95","","0.0","","35","","5","","","","95.18","","","","","","NA"
"-117.82","50.27","NAKUSP CS","1145297","2018-10-09 04:00","2018","10","09","04:00","7.3","","6.3","","94","","0.3","","36","","4","","","","95.22","","","","","","NA"
"-117.82","50.27","NAKUSP CS","1145297","2018-10-09 05:00","2018","10","09","05:00","7.3","","6.2","","93","","0.0","","35","","5","","","","95.26","","","","","","NA"
"-117.82","50.27","NAKUSP CS","1145297","2018-10-09 06:00","2018","10","09","06:00","7.3","","6.2","","93","","0.0","","1","","1","","","","95.31","","","","","","NA"
"-117.82","50.27","NAKUSP CS","1145297","2018-10-09 07:00","2018","10","09","07:00","7.5","","5.9","","90","","0.0","","12","","2","","","","95.37","","","","","","NA"
"-117.82","50.27","NAKUSP CS","1145297","2018-10-09 08:00","2018","10","09","08:00","7.9","","6.1","","88","","0.0","","34","","4","","","","95.42","","","","","","NA"
"-117.82","50.27","NAKUSP CS","1145297","2018-10-09 09:00","2018","10","09","09:00","8.5","","6.9","","90","","0.0","","31","","3","","","","95.49","","","","","","NA"
"-117.82","50.27","NAKUSP CS","1145297","2018-10-09 10:00","2018","10","09","10:00","9.6","","6.7","","82","","0.0","","33","","2","","","","95.54","","","","","","NA"
"-117.82","50.27","NAKUSP CS","1145297","2018-10-09 11:00","2018","10","09","11:00","10.3","","6.7","","78","","0.0","","23","","2","","","","95.56","","","","","","NA"
"-117.82","50.27","NAKUSP CS","1145297","2018-10-09 12:00","2018","10","09","12:00","10.4","","4.9","","69","","0.0","","1","","4","","","","95.56","","","","","","NA"
"-117.82","50.27","NAKUSP CS","1145297","2018-10-09 13:00","2018","10","09","13:00","11.5","","5.9","","69","","0.0","","25","","2","","","","95.56","","","","","","NA"
"-117.82","50.27","NAKUSP CS","1145297","2018-10-09 14:00","2018","10","09","14:00","11.6","","5.7","","67","","0.0","","0","","1","","","","95.55","","","","","","NA"
"-117.82","50.27","NAKUSP CS","1145297","2018-10-09 15:00","2018","10","09","15:00","13.4","","5.6","","59","","0.0","","25","","5","","","","95.54","","","","","","NA"
"-117.82","50.27","NAKUSP CS","1145297","2018-10-09 16:00","2018","10","09","16:00","11.8","","4.8","","62","","0.0","","24","","3","","","","95.53","","","","","","NA"
"-117.82","50.27","NAKUSP CS","1145297","2018-10-09 17:00","2018","10","09","17:00","9.1","","5.8","","80","","0.0","","0","","1","","","","95.55","","","","","","NA"
"-117.82","50.27","NAKUSP CS","1145297","2018-10-09 18:00","2018","10","09","18:00","6.3","","5.2","","93","","0.0","","5","","4","","","","95.57","","","","","","NA"
"-117.82","50.27","NAKUSP CS","1145297","2018-10-09 19:00","2018","10","09","19:00","4.7","","3.4","","92","","0.0","","6","","4","","","","95.60","","","","","","NA"
"-117.82","50.27","NAKUSP CS","1145297","2018-10-09 20:00","2018","10","09","20:00","4.2","","3.2","","93","","0.0","","7","","4","","","","95.63","","","","","","NA"
"-117.82","50.27","NAKUSP CS","1145297","2018-10-09 21:00","2018","10","09","21:00","4.2","","3.2","","93","","0.0","","4","","4","","","","95.65","","","","","","NA"
"-117.82","50.27","NAKUSP CS","1145297","2018-10-09 22:00","2018","10","09","22:00","3.4","","2.5","","94","","0.0","","2","","2","","","","95.70","","","","","","NA"
"-117.82","50.27","NAKUSP CS","1145297","2018-10-09 23:00","2018","10","09","23:00","3.1","","2.4","","95","","0.0","","6","","4","","","","95.72","","","","","","NA"
"-117.82","50.27","NAKUSP CS","1145297","2018-10-10 00:00","2018","10","10","00:00","3.6","","2.8","","95","","0.0","","9","","2","","","","95.72","","","","","","NA"
"-117.82","50.27","NAKUSP CS","1145297","2018-10-10 01:00","2018","10","10","01:00","3.1","","2.3","","95","","0.0","","4","","5","","","","95.74","","","","","","NA"
"-117.82","50.27","NAKUSP CS","1145297","2018-10-10 02:00","2018","10","10","02:00","3.1","","2.2","","94","","0.0","","6","","3","","","","95.75","","","","","","NA"
"-117.82","50.27","NAKUSP CS","1145297","2018-10-10 03:00","2018","10","10","03:00","3.8","","1.8","","86","","0.0","","9","","6","","","","95.74","","","","","","NA"
"-117.82","50.27","NAKUSP CS","1145297","2018-10-10 04:00","2018","10","10","04:00","3.5","","2.0","","90","","0.0","","10","","5","","","","95.74","","","","","","NA"
"-117.82","50.27","NAKUSP CS","1145297","2018-10-10 05:00","2018","10","10","05:00","3.5","","2.5","","93","","0.0","","5","","2","","","","95.75","","","","","","NA"
"-117.82","50.27","NAKUSP CS","1145297","2018-10-10 06:00","2018","10","10","06:00","3.5","","1.9","","89","","0.0","","9","","5","","","","95.77","","","","","","NA"
"-117.82","50.27","NAKUSP CS","1145297","2018-10-10 07:00","2018","10","10","07:00","4.0","","2.3","","89","","0.0","","9","","4","","","","95.77","","","","","","NA"
"-117.82","50.27","NAKUSP CS","1145297","2018-10-10 08:00","2018","10","10","08:00","6.0","","3.4","","83","","0.2","","","","0","","","","95.78","","","","","","NA"
"-117.82","50.27","NAKUSP CS","1145297","2018-10-10 09:00","2018","10","10","09:00","7.2","","3.9","","79","","0.0","","28","","1","","","","95.80","","","","","","NA"
"-117.82","50.27","NAKUSP CS","1145297","2018-10-10 10:00","2018","10","10","10:00","7.1","","3.7","","79","","0.0","","28","","2","","","","95.81","","","","","","NA"
"-117.82","50.27","NAKUSP CS","1145297","2018-10-10 11:00","2018","10","10","11:00","7.6","","5.0","","84","","0.0","","25","","2","","","","95.80","","","","","","NA"
"-117.82","50.27","NAKUSP CS","1145297","2018-10-10 12:00","2018","10","10","12:00","8.7","","5.1","","78","","0.0","","24","","2","","","","95.77","","","","","","NA"
"-117.82","50.27","NAKUSP CS","1145297","2018-10-10 13:00","2018","10","10","13:00","9.2","","4.3","","72","","0.0","","23","","2","","","","95.71","","","","","","NA"
"-117.82","50.27","NAKUSP CS","1145297","2018-10-10 14:00","2018","10","10","14:00","10.3","","5.1","","70","","0.0","","25","","3","","","","95.68","","","","","","NA"
"-117.82","50.27","NAKUSP CS","1145297","2018-10-10 15:00","2018","10","10","15:00","9.9","","4.2","","68","","0.0","","0","","1","","","","95.65","","","","","","NA"
"-117.82","50.27","NAKUSP CS","1145297","2018-10-10 16:00","2018","10","10","16:00","8.8","","4.2","","73","","0.0","","34","","1","","","","95.67","","","","","","NA"
"-117.82","50.27","NAKUSP CS","1145297","2018-10-10 17:00","2018","10","10","17:00","7.8","","4.7","","81","","0.0","","8","","2","","","","95.67","","","","","","NA"
"-117.82","50.27","NAKUSP CS","1145297","2018-10-10 18:00","2018","10","10","18:00","5.1","","3.3","","88","","0.0","","5","","4","","","","95.70","","","","","","NA"
"-117.82","50.27","NAKUSP CS","1145297","2018-10-10 19:00","2018","10","10","19:00","4.0","","2.5","","90","","0.0","","7","","3","","","","95.73","","","","","","NA"
"-117.82","50.27","NAKUSP CS","1145297","2018-10-10 20:00","2018","10","10","20:00","4.5","","3.0","","90","","0.0","","9","","4","","","","95.76","","","","","","NA"
"-117.82","50.27","NAKUSP CS","1145297","2018-10-10 21:00","2018","10","10","21:00","4.4","","2.7","","88","","0.0","","6","","1","","","","95.80","","","","","","NA"
"-117.82","50.27","NAKUSP CS","1145297","2018-10-10 22:00","2018","10","10","22:00","3.2","","1.8","","91","","0.0","","5","","4","","","","95.82","","","","","","NA"
"-117.82","50.27","NAKUSP CS","1145297","2018-10-10 23:00","2018","10","10","23:00","3.2","","2.2","","93","","0.0","","5","","3","","","","95.83","","","","","","NA"
"-117.82","50.27","NAKUSP CS","1145297","2018-10-11 00:00","2018","10","11","00:00","2.6","","1.8","","94","","0.0","","8","","4","","","","95.82","","","","","","NA"
"-117.82","50.27","NAKUSP CS","1145297","2018-10-11 01:00","2018","10","11","01:00","3.3","","2.4","","94","","0.0","","7","","3","","","","95.84","","","","","","NA"
"-117.82","50.27","NAKUSP CS","1145297","2018-10-11 02:00","2018","10","11","02:00","4.1","","2.8","","91","","0.0","","9","","5","","","","95.87","","","","","","NA"
"-117.82","50.27","NAKUSP CS","1145297","2018-10-11 03:00","2018","10","11","03:00","4.6","","3.3","","92","","0.0","","6","","3","","","","95.91","","","","","","NA"
"-117.82","50.27","NAKUSP CS","1145297","2018-10-11 04:00","2018","10","11","04:00","4.3","","3.0","","91","","0.0","","7","","2","","","","95.93","","","","","","NA"
"-117.82","50.27","NAKUSP CS","1145297","2018-10-11 05:00","2018","10","11","05:00","3.6","","2.3","","91","","0.0","","12","","3","","","","95.93","","","","","","NA"
"-117.82","50.27","NAKUSP CS","1145297","2018-10-11 06:00","2018","10","11","06:00","3.6","","2.2","","91","","0.0","","11","","3","","","","95.94","","","","","","NA"
"-117.82","50.27","NAKUSP CS","1145297","2018-10-11 07:00","2018","10","11","07:00","4.2","","3.1","","93","","0.0","","1","","1","","","","95.94","","","","","","NA"
"-117.82","50.27","NAKUSP CS","1145297","2018-10-11 08:00","2018","10","11","08:00","5.3","","3.2","","86","","0.0","","26","","1","","","","95.95","","","","","","NA"
"-117.82","50.27","NAKUSP CS","1145297","2018-10-11 09:00","2018","10","11","09:00","6.1","","3.3","","82","","0.0","","0","","1","","","","95.94","","","","","","NA"
"-117.82","50.27","NAKUSP CS","1145297","2018-10-11 10:00","2018","10","11","10:00","8.6","","3.4","","70","","0.0","","25","","3","","","","95.96","","","","","","NA"
"-117.82","50.27","NAKUSP CS","1145297","2018-10-11 11:00","2018","10","11","11:00","8.2","","2.2","","66","","0.0","","31","","3","","","","95.93","","","","","","NA"
"-117.82","50.27","NAKUSP CS","1145297","2018-10-11 12:00","2018","10","11","12:00","9.3","","3.7","","68","","0.0","","31","","3","","","","95.87","","","","","","NA"
"-117.82","50.27","NAKUSP CS","1145297","2018-10-11 13:00","2018","10","11","13:00","9.1","","3.8","","69","","0.0","","32","","4","","","","95.81","","","","","","NA"
"-117.82","50.27","NAKUSP CS","1145297","2018-10-11 14:00","2018","10","11","14:00","9.5","","3.6","","67","","0.0","","26","","2","","","","95.81","","","","","","NA"
"-117.82","50.27","NAKUSP CS","1145297","2018-10-11 15:00","2018","10","11","15:00","9.6","","3.4","","65","","0.0","","22","","2","","","","95.79","","","","","","NA"
"-117.82","50.27","NAKUSP CS","1145297","2018-10-11 16:00","2018","10","11","16:00","8.8","","3.2","","68","","0.0","","","","0","","","","95.79","","","","","","NA"
"-117.82","50.27","NAKUSP CS","1145297","2018-10-11 17:00","2018","10","11","17:00","7.6","","5.0","","83","","0.0","","7","","3","","","","95.78","","","","","","NA"
"-117.82","50.27","NAKUSP CS","1145297","2018-10-11 18:00","2018","10","11","18:00","6.6","","4.2","","85","","0.0","","6","","4","","","","95.78","","","","","","NA"
"-117.82","50.27","NAKUSP CS","1145297","2018-10-11 19:00","2018","10","11","19:00","6.3","","3.7","","84","","0.0","","2","","2","","","","95.81","","","","","","NA"
"-117.82","50.27","NAKUSP CS","1145297","2018-10-11 20:00","2018","10","11","20:00","6.5","","3.9","","83","","0.0","","0","","1","","","","95.82","","","","","","NA"
"-117.82","50.27","NAKUSP CS","1145297","2018-10-11 21:00","2018","10","11","21:00","6.4","","4.1","","85","","0.0","","","","0","","","","95.82","","","","","","NA"
"-117.82","50.27","NAKUSP CS","1145297","2018-10-11 22:00","2018","10","11","22:00","6.3","","4.1","","86","","0.0","","6","","2","","","","95.82","","","","","","NA"
"-117.82","50.27","NAKUSP CS","1145297","2018-10-11 23:00","2018","10","11","23:00","6.4","","4.2","","86","","0.0","","8","","2","","","","95.78","","","","","","NA"
"-117.82","50.27","NAKUSP CS","1145297","2018-10-12 00:00","2018","10","12","00:00","6.7","","3.7","","81","","0.0","","35","","2","","","","95.78","","","","","","NA"
"-117.82","50.27","NAKUSP CS","1145297","2018-10-12 01:00","2018","10","12","01:00","6.4","","4.4","","87","","0.0","","34","","1","","","","95.74","","","","","","NA"
"-117.82","50.27","NAKUSP CS","1145297","2018-10-12 02:00","2018","10","12","02:00","6.5","","4.4","","87","","0.0","","13","","4","","","","95.65","","","","","","NA"
"-117.82","50.27","NAKUSP CS","1145297","2018-10-12 03:00","2018","10","12","03:00","7.0","","5.0","","87","","0.0","","10","","2","","","","95.59","","","","","","NA"
"-117.82","50.27","NAKUSP CS","1145297","2018-10-12 04:00","2018","10","12","04:00","6.6","","4.7","","88","","0.0","","14","","4","","","","95.55","","","","","","NA"
"-117.82","50.27","NAKUSP CS","1145297","2018-10-12 05:00","2018","10","12","05:00","6.8","","3.5","","80","","0.0","","14","","7","","","","95.52","","","","","","NA"
"-117.82","50.27","NAKUSP CS","1145297","2018-10-12 06:00","2018","10","12","06:00","7.1","","3.9","","80","","0.0","","12","","7","","","","95.48","","","","","","NA"
"-117.82","50.27","NAKUSP CS","1145297","2018-10-12 07:00","2018","10","12","07:00","6.9","","4.0","","82","","0.0","","11","","4","","","","95.49","","","","","","NA"
"-117.82","50.27","NAKUSP CS","1145297","2018-10-12 08:00","2018","10","12","08:00","7.6","","3.5","","75","","0.0","","13","","6","","","","95.45","","","","","","NA"
"-117.82","50.27","NAKUSP CS","1145297","2018-10-12 09:00","2018","10","12","09:00","8.9","","3.8","","70","","0.0","","13","","3","","","","95.40","","","","","","NA"
"-117.82","50.27","NAKUSP CS","1145297","2018-10-12 10:00","2018","10","12","10:00","9.1","","4.5","","73","","0.0","","14","","3","","","","95.39","","","","","","NA"
"-117.82","50.27","NAKUSP CS","1145297","2018-10-12 11:00","2018","10","12","11:00","11.6","","3.1","","56","","0.0","","14","","8","","","","95.33","","","","","","NA"
"-117.82","50.27","NAKUSP CS","1145297","2018-10-12 12:00","2018","10","12","12:00","11.6","","3.3","","57","","0.0","","10","","4","","","","95.26","","","","","","NA"
"-117.82","50.27","NAKUSP CS","1145297","2018-10-12 13:00","2018","10","12","13:00","12.1","","4.6","","60","","0.0","","13","","2","","","","95.24","","","","","","NA"
"-117.82","50.27","NAKUSP CS","1145297","2018-10-12 14:00","2018","10","12","14:00","11.2","","4.8","","65","","0.0","","9","","2","","","","95.25","","","","","","NA"
"-117.82","50.27","NAKUSP CS","1145297","2018-10-12 15:00","2018","10","12","15:00","13.1","","4.1","","54","","0.0","","27","","8","","","","95.22","","","","","","NA"
"-117.82","50.27","NAKUSP CS","1145297","2018-10-12 16:00","2018","10","12","16:00","14.8","","-2.3","","31","","0.0","","30","","10","","","","95.27","","","","","","NA"
"-117.82","50.27","NAKUSP CS","1145297","2018-10-12 17:00","2018","10","12","17:00","11.6","","2.7","","55","","0.0","","27","","6","","","","95.31","","","","","","NA"
"-117.82","50.27","NAKUSP CS","1145297","2018-10-12 18:00","2018","10","12","18:00","11.7","","-0.9","","42","","0.0","","28","","4","","","","95.40","","","","","","NA"
"-117.82","50.27","NAKUSP CS","1145297","2018-10-12 19:00","2018","10","12","19:00","11.0","","2.4","","56","","0.0","","33","","4","","","","95.46","","","","","","NA"
"-117.82","50.27","NAKUSP CS","1145297","2018-10-12 20:00","2018","10","12","20:00","10.4","","2.0","","56","","0.0","","29","","7","","","","95.51","","","","","","NA"
"-117.82","50.27","NAKUSP CS","1145297","2018-10-12 21:00","2018","10","12","21:00","9.7","","2.8","","62","","0.0","","33","","5","","","","95.57","","","","","","NA"
"-117.82","50.27","NAKUSP CS","1145297","2018-10-12 22:00","2018","10","12","22:00","8.4","","2.1","","65","","0.0","","31","","3","","","","95.62","","","","","","NA"
"-117.82","50.27","NAKUSP CS","1145297","2018-10-12 23:00","2018","10","12","23:00","5.8","","1.9","","76","","0.0","","6","","4","","","","95.69","","","","","","NA"
"-117.82","50.27","NAKUSP CS","1145297","2018-10-13 00:00","2018","10","13","00:00","6.7","","2.0","","72","","0.0","","1","","4","","","","95.76","","","","","","NA"
"-117.82","50.27","NAKUSP CS","1145297","2018-10-13 01:00","2018","10","13","01:00","7.2","","1.4","","66","","0.0","","33","","5","","","","95.83","","","","","","NA"
"-117.82","50.27","NAKUSP CS","1145297","2018-10-13 02:00","2018","10","13","02:00","4.1","","0.8","","79","","0.0","","8","","5","","","","95.89","","","","","","NA"
"-117.82","50.27","NAKUSP CS","1145297","2018-10-13 03:00","2018","10","13","03:00","3.8","","0.5","","79","","0.0","","11","","6","","","","95.95","","","","","","NA"
"-117.82","50.27","NAKUSP CS","1145297","2018-10-13 04:00","2018","10","13","04:00","2.3","","0.1","","85","","0.0","","6","","4","","","","96.03","","","","","","NA"
"-117.82","50.27","NAKUSP CS","1145297","2018-10-13 05:00","2018","10","13","05:00","1.6","","-0.2","","88","","0.0","","7","","6","","","","96.09","","","","","","NA"
"-117.82","50.27","NAKUSP CS","1145297","2018-10-13 06:00","2018","10","13","06:00","1.3","","-0.3","","89","","0.0","","6","","5","","","","96.15","","","","","","NA"
"-117.82","50.27","NAKUSP CS","1145297","2018-10-13 07:00","2018","10","13","07:00","2.0","","-0.4","","84","","0.0","","5","","3","","","","96.26","","","","","","NA"
"-117.82","50.27","NAKUSP CS","1145297","2018-10-13 08:00","2018","10","13","08:00","6.6","","0.3","","64","","0.0","","9","","4","","","","96.33","","","","","","NA"
"-117.82","50.27","NAKUSP CS","1145297","2018-10-13 09:00","2018","10","13","09:00","9.0","","1.1","","58","","0.0","","23","","3","","","","96.36","","","","","","NA"
"-117.82","50.27","NAKUSP CS","1145297","2018-10-13 10:00","2018","10","13","10:00","10.2","","0.2","","50","","0.0","","27","","3","","","","96.38","","","","","","NA"
"-117.82","50.27","NAKUSP CS","1145297","2018-10-13 11:00","2018","10","13","11:00","10.8","","0.2","","48","","0.0","","30","","5","","","","96.38","","","","","","NA"
"-117.82","50.27","NAKUSP CS","1145297","2018-10-13 12:00","2018","10","13","12:00","12.5","","1.1","","46","","0.0","","26","","7","","","","96.36","","","","","","NA"
"-117.82","50.27","NAKUSP CS","1145297","2018-10-13 13:00","2018","10","13","13:00","15.0","","-0.9","","33","","0.0","","27","","7","","","","96.34","","","","","","NA"
"-117.82","50.27","NAKUSP CS","1145297","2018-10-13 14:00","2018","10","13","14:00","13.2","","-0.6","","39","","0.0","","27","","5","","","","96.34","","","","","","NA"
"-117.82","50.27","NAKUSP CS","1145297","2018-10-13 15:00","2018","10","13","15:00","12.3","","-1.4","","39","","0.0","","29","","11","","","","96.35","","","","","","NA"
"-117.82","50.27","NAKUSP CS","1145297","2018-10-13 16:00","2018","10","13","16:00","11.1","","-0.4","","45","","0.0","","29","","9","","","","96.40","","","","","","NA"
"-117.82","50.27","NAKUSP CS","1145297","2018-10-13 17:00","2018","10","13","17:00","10.1","","-0.8","","47","","0.0","","33","","6","","","","96.43","","","","","","NA"
"-117.82","50.27","NAKUSP CS","1145297","2018-10-13 18:00","2018","10","13","18:00","6.8","","-1.6","","55","","0.0","","1","","3","","","","96.51","","","","","","NA"
"-117.82","50.27","NAKUSP CS","1145297","2018-10-13 19:00","2018","10","13","19:00","4.1","","-2.0","","65","","0.0","","8","","8","","","","96.56","","","","","","NA"
"-117.82","50.27","NAKUSP CS","1145297","2018-10-13 20:00","2018","10","13","20:00","1.9","","-1.9","","76","","0.0","","9","","6","","","","96.62","","","","","","NA"
"-117.82","50.27","NAKUSP CS","1145297","2018-10-13 21:00","2018","10","13","21:00","2.0","","-1.8","","76","","0.0","","8","","6","","","","96.66","","","","","","NA"
"-117.82","50.27","NAKUSP CS","1145297","2018-10-13 22:00","2018","10","13","22:00","1.6","","-2.0","","77","","0.0","","8","","5","","","","96.73","","","","","","NA"
"-117.82","50.27","NAKUSP CS","1145297","2018-10-13 23:00","2018","10","13","23:00","3.0","","-1.9","","70","","0.0","","8","","7","","","","96.79","","","","","","NA"
"-117.82","50.27","NAKUSP CS","1145297","2018-10-14 00:00","2018","10","14","00:00","0.9","","-2.2","","80","","0.0","","9","","5","","","","96.85","","","","","","NA"
"-117.82","50.27","NAKUSP CS","1145297","2018-10-14 01:00","2018","10","14","01:00","-0.1","","-2.2","","86","","0.0","","4","","3","","","","96.89","","","","-1","","NA"
"-117.82","50.27","NAKUSP CS","1145297","2018-10-14 02:00","2018","10","14","02:00","-0.5","","-2.4","","87","","0.0","","6","","4","","","","96.94","","","","-2","","NA"
"-117.82","50.27","NAKUSP CS","1145297","2018-10-14 03:00","2018","10","14","03:00","-0.5","","-2.3","","88","","0.0","","6","","4","","","","96.96","","","","-2","","NA"
"-117.82","50.27","NAKUSP CS","1145297","2018-10-14 04:00","2018","10","14","04:00","-1.0","","-2.2","","92","","0.0","","8","","4","","","","96.99","","","","-2","","NA"
"-117.82","50.27","NAKUSP CS","1145297","2018-10-14 05:00","2018","10","14","05:00","-2.1","","-3.3","","91","","0.0","","7","","6","","","","96.98","","","","-4","","NA"
"-117.82","50.27","NAKUSP CS","1145297","2018-10-14 06:00","2018","10","14","06:00","-1.5","","-2.7","","92","","0.0","","4","","4","","","","97.02","","","","-3","","NA"
"-117.82","50.27","NAKUSP CS","1145297","2018-10-14 07:00","2018","10","14","07:00","-0.9","","-2.5","","89","","0.0","","5","","4","","","","97.05","","","","-2","","NA"
"-117.82","50.27","NAKUSP CS","1145297","2018-10-14 08:00","2018","10","14","08:00","4.1","","0.3","","76","","0.0","","33","","2","","","","97.05","","","","","","NA"
"-117.82","50.27","NAKUSP CS","1145297","2018-10-14 09:00","2018","10","14","09:00","5.7","","0.4","","69","","0.0","","25","","2","","","","97.06","","","","","","NA"
"-117.82","50.27","NAKUSP CS","1145297","2018-10-14 10:00","2018","10","14","10:00","6.9","","0.6","","64","","0.0","","26","","3","","","","97.01","","","","","","NA"
"-117.82","50.27","NAKUSP CS","1145297","2018-10-14 11:00","2018","10","14","11:00","7.8","","-0.5","","56","","0.0","","26","","6","","","","97.00","","","","","","NA"
"-117.82","50.27","NAKUSP CS","1145297","2018-10-14 12:00","2018","10","14","12:00","9.1","","-1.7","","47","","0.0","","26","","3","","","","96.93","","","","","","NA"
"-117.82","50.27","NAKUSP CS","1145297","2018-10-14 13:00","2018","10","14","13:00","10.2","","-3.1","","39","","0.0","","27","","4","","","","96.84","","","","","","NA"
"-117.82","50.27","NAKUSP CS","1145297","2018-10-14 14:00","2018","10","14","14:00","10.5","","-3.1","","38","","0.0","","26","","3","","","","96.81","","","","","","NA"
"-117.82","50.27","NAKUSP CS","1145297","2018-10-14 15:00","2018","10","14","15:00","10.6","","-2.8","","39","","0.0","","26","","3","","","","96.77","","","","","","NA"
"-117.82","50.27","NAKUSP CS","1145297","2018-10-14 16:00","2018","10","14","16:00","8.4","","-1.0","","52","","0.0","","24","","3","","","","96.73","","","","","","NA"
"-117.82","50.27","NAKUSP CS","1145297","2018-10-14 17:00","2018","10","14","17:00","4.5","","0.2","","73","","0.0","","6","","5","","","","96.72","","","","","","NA"
"-117.82","50.27","NAKUSP CS","1145297","2018-10-14 18:00","2018","10","14","18:00","3.1","","1.0","","86","","0.0","","4","","4","","","","96.76","","","","","","NA"
"-117.82","50.27","NAKUSP CS","1145297","2018-10-14 19:00","2018","10","14","19:00","2.3","","0.2","","86","","0.0","","3","","2","","","","96.78","","","","","","NA"
"-117.82","50.27","NAKUSP CS","1145297","2018-10-14 20:00","2018","10","14","20:00","2.0","","-0.3","","85","","0.0","","5","","3","","","","96.77","","","","","","NA"
"-117.82","50.27","NAKUSP CS","1145297","2018-10-14 21:00","2018","10","14","21:00","1.3","","-0.5","","88","","0.0","","6","","2","","","","96.80","","","","","","NA"
"-117.82","50.27","NAKUSP CS","1145297","2018-10-14 22:00","2018","10","14","22:00","1.2","","-0.6","","88","","0.0","","6","","3","","","","96.85","","","","","","NA"
"-117.82","50.27","NAKUSP CS","1145297","2018-10-14 23:00","2018","10","14","23:00","0.0","","-1.5","","90","","0.0","","8","","5","","","","96.87","","","","-2","","NA"
"-117.82","50.27","NAKUSP CS","1145297","2018-10-15 00:00","2018","10","15","00:00","0.1","","-1.5","","89","","0.0","","5","","3","","","","96.88","","","","","","NA"
"-117.82","50.27","NAKUSP CS","1145297","2018-10-15 01:00","2018","10","15","01:00","0.1","","-1.2","","91","","0.0","","5","","3","","","","96.91","","","","","","NA"
"-117.82","50.27","NAKUSP CS","1145297","2018-10-15 02:00","2018","10","15","02:00","0.1","","-1.0","","92","","0.0","","7","","4","","","","96.89","","","","","","NA"
"-117.82","50.27","NAKUSP CS","1145297","2018-10-15 03:00","2018","10","15","03:00","0.4","","-0.4","","94","","0.0","","36","","3","","","","96.94","","","","","","NA"
"-117.82","50.27","NAKUSP CS","1145297","2018-10-15 04:00","2018","10","15","04:00","0.1","","-0.9","","93","","0.0","","8","","3","","","","96.97","","","","","","NA"
"-117.82","50.27","NAKUSP CS","1145297","2018-10-15 05:00","2018","10","15","05:00","-0.1","","-1.0","","94","","0.0","","7","","3","","","","96.98","","","","-1","","NA"
"-117.82","50.27","NAKUSP CS","1145297","2018-10-15 06:00","2018","10","15","06:00","-0.1","","-0.9","","95","","0.0","","8","","4","","","","97.01","","","","-1","","NA"
"-117.82","50.27","NAKUSP CS","1145297","2018-10-15 07:00","2018","10","15","07:00","0.9","","-0.3","","92","","0.0","","5","","2","","","","97.05","","","","","","NA"
"-117.82","50.27","NAKUSP CS","1145297","2018-10-15 08:00","2018","10","15","08:00","5.5","","2.2","","80","","0.0","","0","","1","","","","97.07","","","","","","NA"
"-117.82","50.27","NAKUSP CS","1145297","2018-10-15 09:00","2018","10","15","09:00","6.6","","1.6","","71","","0.0","","27","","3","","","","97.07","","","","","","NA"
"-117.82","50.27","NAKUSP CS","1145297","2018-10-15 10:00","2018","10","15","10:00","7.2","","1.3","","66","","0.0","","26","","4","","","","97.04","","","","","","NA"
"-117.82","50.27","NAKUSP CS","1145297","2018-10-15 11:00","2018","10","15","11:00","8.7","","2.1","","63","","0.0","","27","","4","","","","97.00","","","","","","NA"
"-117.82","50.27","NAKUSP CS","1145297","2018-10-15 12:00","2018","10","15","12:00","9.3","","0.6","","55","","0.0","","28","","4","","","","96.92","","","","","","NA"
"-117.82","50.27","NAKUSP CS","1145297","2018-10-15 13:00","2018","10","15","13:00","11.0","","-0.1","","46","","0.0","","26","","4","","","","96.85","","","","","","NA"
"-117.82","50.27","NAKUSP CS","1145297","2018-10-15 14:00","2018","10","15","14:00","10.8","","1.3","","52","","0.0","","25","","3","","","","96.82","","","","","","NA"
"-117.82","50.27","NAKUSP CS","1145297","2018-10-15 15:00","2018","10","15","15:00","11.2","","-0.6","","44","","0.0","","25","","3","","","","96.78","","","","","","NA"
"-117.82","50.27","NAKUSP CS","1145297","2018-10-15 16:00","2018","10","15","16:00","9.1","","1.7","","60","","0.0","","28","","1","","","","96.75","","","","","","NA"
"-117.82","50.27","NAKUSP CS","1145297","2018-10-15 17:00","2018","10","15","17:00","5.9","","2.2","","77","","0.0","","0","","1","","","","96.76","","","","","","NA"
"-117.82","50.27","NAKUSP CS","1145297","2018-10-15 18:00","2018","10","15","18:00","4.3","","2.4","","87","","0.0","","8","","4","","","","96.78","","","","","","NA"
"-117.82","50.27","NAKUSP CS","1145297","2018-10-15 19:00","2018","10","15","19:00","3.5","","1.8","","89","","0.0","","4","","3","","","","96.79","","","","","","NA"
"-117.82","50.27","NAKUSP CS","1145297","2018-10-15 20:00","2018","10","15","20:00","2.9","","1.4","","90","","0.0","","9","","1","","","","96.82","","","","","","NA"
"-117.82","50.27","NAKUSP CS","1145297","2018-10-15 21:00","2018","10","15","21:00","2.1","","0.9","","92","","0.0","","7","","2","","","","96.87","","","","","","NA"
"-117.82","50.27","NAKUSP CS","1145297","2018-10-15 22:00","2018","10","15","22:00","2.5","","1.8","","95","","0.0","","0","","1","","","","96.92","","","","","","NA"
"-117.82","50.27","NAKUSP CS","1145297","2018-10-15 23:00","2018","10","15","23:00","1.6","","0.8","","94","","0.0","","5","","3","","","","96.95","","","","","","NA"
"-117.82","50.27","NAKUSP CS","1145297","2018-10-16 00:00","2018","10","16","00:00","1.2","","0.4","","95","","0.0","","7","","3","","","","97.00","","","","","","NA"
"-117.82","50.27","NAKUSP CS","1145297","2018-10-16 01:00","2018","10","16","01:00","1.2","","0.5","","95","","0.0","","7","","2","","","","97.05","","","","","","NA"
"-117.82","50.27","NAKUSP CS","1145297","2018-10-16 02:00","2018","10","16","02:00","0.7","","0.1","","95","","0.0","","6","","3","","","","97.07","","","","","","NA"
"-117.82","50.27","NAKUSP CS","1145297","2018-10-16 03:00","2018","10","16","03:00","0.5","","-0.1","","96","","0.0","","4","","3","","","","97.09","","","","","","NA"
"-117.82","50.27","NAKUSP CS","1145297","2018-10-16 04:00","2018","10","16","04:00","1.1","","0.4","","95","","0.0","","6","","3","","","","97.09","","","","","","NA"
"-117.82","50.27","NAKUSP CS","1145297","2018-10-16 05:00","2018","10","16","05:00","2.0","","1.2","","95","","0.0","","8","","3","","","","97.12","","","","","","NA"
"-117.82","50.27","NAKUSP CS","1145297","2018-10-16 06:00","2018","10","16","06:00","2.7","","2.0","","95","","0.0","","4","","3","","","","97.15","","","","","","NA"
"-117.82","50.27","NAKUSP CS","1145297","2018-10-16 07:00","2018","10","16","07:00","3.6","","2.7","","94","","0.0","","6","","2","","","","97.18","","","","","","NA"
"-117.82","50.27","NAKUSP CS","1145297","2018-10-16 08:00","2018","10","16","08:00","4.1","","2.4","","88","","0.0","","0","","1","","","","97.21","","","","","","NA"
"-117.82","50.27","NAKUSP CS","1145297","2018-10-16 09:00","2018","10","16","09:00","4.3","","2.3","","86","","0.0","","13","","2","","","","97.23","","","","","","NA"
"-117.82","50.27","NAKUSP CS","1145297","2018-10-16 10:00","2018","10","16","10:00","5.7","","2.7","","81","","0.0","","28","","2","","","","97.19","","","","","","NA"
"-117.82","50.27","NAKUSP CS","1145297","2018-10-16 11:00","2018","10","16","11:00","7.3","","2.5","","71","","0.0","","26","","4","","","","97.12","","","","","","NA"
"-117.82","50.27","NAKUSP CS","1145297","2018-10-16 12:00","2018","10","16","12:00","9.0","","3.5","","68","","0.0","","24","","4","","","","97.04","","","","","","NA"
"-117.82","50.27","NAKUSP CS","1145297","2018-10-16 13:00","2018","10","16","13:00","10.1","","2.3","","58","","0.0","","25","","4","","","","96.95","","","","","","NA"
"-117.82","50.27","NAKUSP CS","1145297","2018-10-16 14:00","2018","10","16","14:00","11.6","","2.9","","55","","0.0","","24","","4","","","","96.88","","","","","","NA"
"-117.82","50.27","NAKUSP CS","1145297","2018-10-16 15:00","2018","10","16","15:00","10.9","","1.7","","53","","0.0","","25","","2","","","","96.85","","","","","","NA"
"-117.82","50.27","NAKUSP CS","1145297","2018-10-16 16:00","2018","10","16","16:00","9.0","","2.3","","63","","0.0","","30","","2","","","","96.83","","","","","","NA"
"-117.82","50.27","NAKUSP CS","1145297","2018-10-16 17:00","2018","10","16","17:00","5.7","","3.0","","83","","0.0","","9","","2","","","","96.83","","","","","","NA"
"-117.82","50.27","NAKUSP CS","1145297","2018-10-16 18:00","2018","10","16","18:00","3.4","","1.7","","89","","0.0","","","","0","","","","96.85","","","","","","NA"
"-117.82","50.27","NAKUSP CS","1145297","2018-10-16 19:00","2018","10","16","19:00","3.4","","2.3","","93","","0.0","","6","","2","","","","96.85","","","","","","NA"
"-117.82","50.27","NAKUSP CS","1145297","2018-10-16 20:00","2018","10","16","20:00","3.2","","2.4","","94","","0.0","","35","","3","","","","96.86","","","","","","NA"
"-117.82","50.27","NAKUSP CS","1145297","2018-10-16 21:00","2018","10","16","21:00","2.2","","1.4","","94","","0.0","","34","","1","","","","96.88","","","","","","NA"
"-117.82","50.27","NAKUSP CS","1145297","2018-10-16 22:00","2018","10","16","22:00","2.0","","1.3","","95","","0.0","","1","","2","","","","96.91","","","","","","NA"
"-117.82","50.27","NAKUSP CS","1145297","2018-10-16 23:00","2018","10","16","23:00","1.1","","0.4","","95","","0.0","","6","","3","","","","96.96","","","","","","NA"
"-117.82","50.27","NAKUSP CS","1145297","2018-10-17 00:00","2018","10","17","00:00","1.2","","0.6","","96","","0.0","","5","","3","","","","96.97","","","","","","NA"
"-117.82","50.27","NAKUSP CS","1145297","2018-10-17 01:00","2018","10","17","01:00","1.5","","0.9","","96","","0.0","","4","","3","","","","96.96","","","","","","NA"
"-117.82","50.27","NAKUSP CS","1145297","2018-10-17 02:00","2018","10","17","02:00","1.0","","0.4","","96","","0.0","","4","","3","","","","96.93","","","","","","NA"
"-117.82","50.27","NAKUSP CS","1145297","2018-10-17 03:00","2018","10","17","03:00","1.5","","1.0","","96","","0.0","","5","","2","","","","96.92","","","","","","NA"
"-117.82","50.27","NAKUSP CS","1145297","2018-10-17 04:00","2018","10","17","04:00","3.2","","2.6","","96","","0.0","","0","","1","","","","96.92","","","","","","NA"
"-117.82","50.27","NAKUSP CS","1145297","2018-10-17 05:00","2018","10","17","05:00","2.4","","1.5","","94","","0.0","","9","","1","","","","96.90","","","","","","NA"
"-117.82","50.27","NAKUSP CS","1145297","2018-10-17 06:00","2018","10","17","06:00","2.4","","1.4","","93","","0.0","","10","","4","","","","96.89","","","","","","NA"
"-117.82","50.27","NAKUSP CS","1145297","2018-10-17 07:00","2018","10","17","07:00","2.3","","0.7","","89","","0.0","","11","","6","","","","96.90","","","","","","NA"
"-117.82","50.27","NAKUSP CS","1145297","2018-10-17 08:00","2018","10","17","08:00","3.3","","1.9","","91","","0.0","","13","","5","","","","96.91","","","","","","NA"
"-117.82","50.27","NAKUSP CS","1145297","2018-10-17 09:00","2018","10","17","09:00","4.1","","2.4","","89","","0.0","","13","","2","","","","96.86","","","","","","NA"
"-117.82","50.27","NAKUSP CS","1145297","2018-10-17 10:00","2018","10","17","10:00","5.2","","3.2","","87","","0.0","","25","","1","","","","96.83","","","","","","NA"
"-117.82","50.27","NAKUSP CS","1145297","2018-10-17 11:00","2018","10","17","11:00","5.7","","3.1","","83","","0.0","","24","","3","","","","96.75","","","","","","NA"
"-117.82","50.27","NAKUSP CS","1145297","2018-10-17 12:00","2018","10","17","12:00","6.1","","3.3","","82","","0.0","","26","","3","","","","96.66","","","","","","NA"
"-117.82","50.27","NAKUSP CS","1145297","2018-10-17 13:00","2018","10","17","13:00","8.3","","3.5","","72","","0.0","","25","","4","","","","96.50","","","","","","NA"
"-117.82","50.27","NAKUSP CS","1145297","2018-10-17 14:00","2018","10","17","14:00","9.3","","3.3","","67","","0.0","","26","","4","","","","96.37","","","","","","NA"
"-117.82","50.27","NAKUSP CS","1145297","2018-10-17 15:00","2018","10","17","15:00","9.6","","3.4","","65","","0.0","","23","","2","","","","96.28","","","","","","NA"
"-117.82","50.27","NAKUSP CS","1145297","2018-10-17 16:00","2018","10","17","16:00","6.8","","3.4","","79","","0.0","","30","","4","","","","96.24","","","","","","NA"
"-117.82","50.27","NAKUSP CS","1145297","2018-10-17 17:00","2018","10","17","17:00","4.5","","2.7","","88","","0.0","","8","","2","","","","96.21","","","","","","NA"
"-117.82","50.27","NAKUSP CS","1145297","2018-10-17 18:00","2018","10","17","18:00","2.7","","1.7","","93","","0.0","","35","","2","","","","96.22","","","","","","NA"
"-117.82","50.27","NAKUSP CS","1145297","2018-10-17 19:00","2018","10","17","19:00","2.5","","1.8","","95","","0.0","","5","","3","","","","96.24","","","","","","NA"
"-117.82","50.27","NAKUSP CS","1145297","2018-10-17 20:00","2018","10","17","20:00","2.1","","1.4","","96","","0.0","","35","","2","","","","96.25","","","","","","NA"
"-117.82","50.27","NAKUSP CS","1145297","2018-10-17 21:00","2018","10","17","21:00","1.7","","1.1","","96","","0.0","","4","","2","","","","96.28","","","","","","NA"
"-117.82","50.27","NAKUSP CS","1145297","2018-10-17 22:00","2018","10","17","22:00","2.3","","1.8","","96","","0.0","","6","","4","","","","96.26","","","","","","NA"
"-117.82","50.27","NAKUSP CS","1145297","2018-10-17 23:00","2018","10","17","23:00","3.6","","3.0","","96","","0.0","","2","","3","","","","96.26","","","","","","NA"
"-117.82","50.27","NAKUSP CS","1145297","2018-10-18 00:00","2018","10","18","00:00","3.9","","3.3","","96","","0.0","","4","","2","","","","96.29","","","","","","NA"
"-117.82","50.27","NAKUSP CS","1145297","2018-10-18 01:00","2018","10","18","01:00","3.7","","3.2","","96","","0.0","","8","","3","","","","96.32","","","","","","NA"
"-117.82","50.27","NAKUSP CS","1145297","2018-10-18 02:00","2018","10","18","02:00","2.8","","2.2","","96","","0.0","","12","","4","","","","96.29","","","","","","NA"
"-117.82","50.27","NAKUSP CS","1145297","2018-10-18 03:00","2018","10","18","03:00","3.0","","2.3","","95","","0.0","","0","","1","","","","96.29","","","","","","NA"
"-117.82","50.27","NAKUSP CS","1145297","2018-10-18 04:00","2018","10","18","04:00","2.8","","1.7","","93","","0.0","","12","","5","","","","96.27","","","","","","NA"
"-117.82","50.27","NAKUSP CS","1145297","2018-10-18 05:00","2018","10","18","05:00","2.2","","1.4","","94","","0.0","","9","","5","","","","96.30","","","","","","NA"
"-117.82","50.27","NAKUSP CS","1145297","2018-10-18 06:00","2018","10","18","06:00","3.2","","2.2","","93","","0.0","","11","","3","","","","96.34","","","","","","NA"
"-117.82","50.27","NAKUSP CS","1145297","2018-10-18 07:00","2018","10","18","07:00","3.6","","2.5","","92","","0.0","","33","","2","","","","96.36","","","","","","NA"
"-117.82","50.27","NAKUSP CS","1145297","2018-10-18 08:00","2018","10","18","08:00","3.7","","2.2","","90","","0.0","","12","","8","","","","96.40","","","","","","NA"
"-117.82","50.27","NAKUSP CS","1145297","2018-10-18 09:00","2018","10","18","09:00","4.5","","2.7","","89","","0.0","","32","","2","","","","96.39","","","","","","NA"
"-117.82","50.27","NAKUSP CS","1145297","2018-10-18 10:00","2018","10","18","10:00","4.6","","2.7","","88","","0.0","","15","","4","","","","96.41","","","","","","NA"
"-117.82","50.27","NAKUSP CS","1145297","2018-10-18 11:00","2018","10","18","11:00","6.1","","3.6","","84","","0.0","","25","","3","","","","96.37","","","","","","NA"
"-117.82","50.27","NAKUSP CS","1145297","2018-10-18 12:00","2018","10","18","12:00","5.8","","3.2","","84","","0.0","","6","","1","","","","96.33","","","","","","NA"
"-117.82","50.27","NAKUSP CS","1145297","2018-10-18 13:00","2018","10","18","13:00","7.5","","3.9","","78","","0.0","","28","","3","","","","96.30","","","","","","NA"
"-117.82","50.27","NAKUSP CS","1145297","2018-10-18 14:00","2018","10","18","14:00","9.3","","3.4","","67","","0.0","","26","","4","","","","96.23","","","","","","NA"
"-117.82","50.27","NAKUSP CS","1145297","2018-10-18 15:00","2018","10","18","15:00","8.0","","3.3","","72","","0.0","","27","","4","","","","96.22","","","","","","NA"
"-117.82","50.27","NAKUSP CS","1145297","2018-10-18 16:00","2018","10","18","16:00","6.8","","4.2","","83","","0.0","","26","","2","","","","96.25","","","","","","NA"
"-117.82","50.27","NAKUSP CS","1145297","2018-10-18 17:00","2018","10","18","17:00","4.5","","3.1","","90","","0.0","","1","","2","","","","96.25","","","","","","NA"
"-117.82","50.27","NAKUSP CS","1145297","2018-10-18 18:00","2018","10","18","18:00","3.3","","2.6","","95","","0.0","","10","","3","","","","96.30","","","","","","NA"
"-117.82","50.27","NAKUSP CS","1145297","2018-10-18 19:00","2018","10","18","19:00","4.5","","3.5","","94","","0.0","","2","","1","","","","96.36","","","","","","NA"
"-117.82","50.27","NAKUSP CS","1145297","2018-10-18 20:00","2018","10","18","20:00","4.9","","4.0","","94","","0.0","","4","","2","","","","96.39","","","","","","NA"
"-117.82","50.27","NAKUSP CS","1145297","2018-10-18 21:00","2018","10","18","21:00","4.8","","3.9","","94","","0.0","","13","","2","","","","96.43","","","","","","NA"
"-117.82","50.27","NAKUSP CS","1145297","2018-10-18 22:00","2018","10","18","22:00","4.5","","3.6","","94","","0.0","","7","","3","","","","96.46","","","","","","NA"
"-117.82","50.27","NAKUSP CS","1145297","2018-10-18 23:00","2018","10","18","23:00","4.5","","3.7","","95","","0.0","","10","","2","","","","96.54","","","","","","NA"
"-117.82","50.27","NAKUSP CS","1145297","2018-10-19 00:00","2018","10","19","00:00","4.4","","3.7","","95","","0.0","","8","","4","","","","96.57","","","","","","NA"
"-117.82","50.27","NAKUSP CS","1145297","2018-10-19 01:00","2018","10","19","01:00","2.2","","1.5","","95","","0.0","","5","","3","","","","96.62","","","","","","NA"
"-117.82","50.27","NAKUSP CS","1145297","2018-10-19 02:00","2018","10","19","02:00","3.0","","2.5","","96","","0.0","","5","","5","","","","96.67","","","","","","NA"
"-117.82","50.27","NAKUSP CS","1145297","2018-10-19 03:00","2018","10","19","03:00","3.1","","2.6","","96","","0.0","","2","","2","","","","96.70","","","","","","NA"
"-117.82","50.27","NAKUSP CS","1145297","2018-10-19 04:00","2018","10","19","04:00","4.5","","3.9","","96","","0.0","","11","","4","","","","96.73","","","","","","NA"
"-117.82","50.27","NAKUSP CS","1145297","2018-10-19 05:00","2018","10","19","05:00","4.0","","3.3","","96","","0.0","","12","","1","","","","96.80","","","","","","NA"
"-117.82","50.27","NAKUSP CS","1145297","2018-10-19 06:00","2018","10","19","06:00","4.1","","3.3","","95","","0.0","","11","","1","","","","96.83","","","","","","NA"
"-117.82","50.27","NAKUSP CS","1145297","2018-10-19 07:00","2018","10","19","07:00","4.7","","4.0","","95","","0.0","","","","0","","","","96.90","","","","","","NA"
"-117.82","50.27","NAKUSP CS","1145297","2018-10-19 08:00","2018","10","19","08:00","5.0","","4.0","","93","","0.0","","","","0","","","","96.93","","","","","","NA"
"-117.82","50.27","NAKUSP CS","1145297","2018-10-19 09:00","2018","10","19","09:00","5.4","","4.2","","92","","0.0","","12","","1","","","","96.91","","","","","","NA"
"-117.82","50.27","NAKUSP CS","1145297","2018-10-19 10:00","2018","10","19","10:00","6.3","","4.1","","86","","0.0","","20","","2","","","","96.90","","","","","","NA"
"-117.82","50.27","NAKUSP CS","1145297","2018-10-19 11:00","2018","10","19","11:00","6.9","","4.8","","87","","0.0","","26","","2","","","","96.86","","","","","","NA"
"-117.82","50.27","NAKUSP CS","1145297","2018-10-19 12:00","2018","10","19","12:00","8.0","","5.0","","81","","0.0","","22","","3","","","","96.80","","","","","","NA"
"-117.82","50.27","NAKUSP CS","1145297","2018-10-19 13:00","2018","10","19","13:00","8.5","","4.9","","78","","0.0","","27","","3","","","","96.76","","","","","","NA"
"-117.82","50.27","NAKUSP CS","1145297","2018-10-19 14:00","2018","10","19","14:00","9.0","","4.4","","73","","0.0","","27","","4","","","","96.68","","","","","","NA"
"-117.82","50.27","NAKUSP CS","1145297","2018-10-19 15:00","2018","10","19","15:00","9.3","","4.3","","71","","0.0","","25","","3","","","","96.61","","","","","","NA"
"-117.82","50.27","NAKUSP CS","1145297","2018-10-19 16:00","2018","10","19","16:00","7.8","","4.8","","81","","0.0","","","","0","","","","96.55","","","","","","NA"
"-117.82","50.27","NAKUSP CS","1145297","2018-10-19 17:00","2018","10","19","17:00","5.3","","3.6","","89","","0.0","","34","","1","","","","96.54","","","","","","NA"
"-117.82","50.27","NAKUSP CS","1145297","2018-10-19 18:00","2018","10","19","18:00","3.8","","2.9","","94","","0.0","","7","","2","","","","96.55","","","","","","NA"
"-117.82","50.27","NAKUSP CS","1145297","2018-10-19 19:00","2018","10","19","19:00","4.1","","3.4","","95","","0.0","","34","","1","","","","96.53","","","","","","NA"
"-117.82","50.27","NAKUSP CS","1145297","2018-10-19 20:00","2018","10","19","20:00","3.1","","2.5","","95","","0.0","","0","","1","","","","96.55","","","","","","NA"
"-117.82","50.27","NAKUSP CS","1145297","2018-10-19 21:00","2018","10","19","21:00","2.6","","2.0","","96","","0.0","","0","","1","","","","96.57","","","","","","NA"
"-117.82","50.27","NAKUSP CS","1145297","2018-10-19 22:00","2018","10","19","22:00","4.6","","4.1","","96","","0.0","","12","","2","","","","96.57","","","","","","NA"
"-117.82","50.27","NAKUSP CS","1145297","2018-10-19 23:00","2018","10","19","23:00","4.0","","3.4","","96","","0.0","","3","","2","","","","96.58","","","","","","NA"
"-117.82","50.27","NAKUSP CS","1145297","2018-10-20 00:00","2018","10","20","00:00","3.0","","2.5","","96","","0.0","","8","","3","","","","96.57","","","","","","NA"
"-117.82","50.27","NAKUSP CS","1145297","2018-10-20 01:00","2018","10","20","01:00","2.7","","2.2","","97","","0.0","","6","","3","","","","96.53","","","","","","NA"
"-117.82","50.27","NAKUSP CS","1145297","2018-10-20 02:00","2018","10","20","02:00","3.3","","2.8","","97","","0.0","","8","","4","","","","96.51","","","","","","NA"
"-117.82","50.27","NAKUSP CS","1145297","2018-10-20 03:00","2018","10","20","03:00","3.3","","2.8","","97","","0.0","","8","","3","","","","96.49","","","","","","NA"
"-117.82","50.27","NAKUSP CS","1145297","2018-10-20 04:00","2018","10","20","04:00","3.2","","2.7","","97","","0.0","","6","","3","","","","96.48","","","","","","NA"
"-117.82","50.27","NAKUSP CS","1145297","2018-10-20 05:00","2018","10","20","05:00","2.9","","2.4","","97","","0.0","","9","","4","","","","96.48","","","","","","NA"
"-117.82","50.27","NAKUSP CS","1145297","2018-10-20 06:00","2018","10","20","06:00","3.2","","2.7","","97","","0.0","","9","","3","","","","96.48","","","","","","NA"
"-117.82","50.27","NAKUSP CS","1145297","2018-10-20 07:00","2018","10","20","07:00","3.0","","2.5","","97","","0.0","","8","","4","","","","96.54","","","","","","NA"
"-117.82","50.27","NAKUSP CS","1145297","2018-10-20 08:00","2018","10","20","08:00","3.6","","3.1","","97","","0.0","","17","","1","","","","96.51","","","","","","NA"
"-117.82","50.27","NAKUSP CS","1145297","2018-10-20 09:00","2018","10","20","09:00","4.2","","3.7","","96","","0.0","","21","","1","","","","96.50","","","","","","NA"
"-117.82","50.27","NAKUSP CS","1145297","2018-10-20 10:00","2018","10","20","10:00","4.7","","4.1","","96","","0.0","","24","","2","","","","96.43","","","","","","NA"
"-117.82","50.27","NAKUSP CS","1145297","2018-10-20 11:00","2018","10","20","11:00","4.8","","4.2","","96","","0.0","","23","","3","","","","96.40","","","","","","NA"
"-117.82","50.27","NAKUSP CS","1145297","2018-10-20 12:00","2018","10","20","12:00","4.9","","4.3","","96","","0.0","","23","","1","","","","96.29","","","","","","NA"
"-117.82","50.27","NAKUSP CS","1145297","2018-10-20 13:00","2018","10","20","13:00","5.1","","4.2","","94","","0.0","","27","","3","","","","96.23","","","","","","NA"
"-117.82","50.27","NAKUSP CS","1145297","2018-10-20 14:00","2018","10","20","14:00","5.2","","4.5","","95","","0.0","","29","","4","","","","96.18","","","","","","NA"
"-117.82","50.27","NAKUSP CS","1145297","2018-10-20 15:00","2018","10","20","15:00","5.2","","4.4","","95","","0.0","","26","","1","","","","96.14","","","","","","NA"
"-117.82","50.27","NAKUSP CS","1145297","2018-10-20 16:00","2018","10","20","16:00","4.9","","4.2","","95","","0.0","","8","","2","","","","96.13","","","","","","NA"
"-117.82","50.27","NAKUSP CS","1145297","2018-10-20 17:00","2018","10","20","17:00","4.7","","4.0","","96","","0.0","","9","","3","","","","96.11","","","","","","NA"
"-117.82","50.27","NAKUSP CS","1145297","2018-10-20 18:00","2018","10","20","18:00","4.7","","4.1","","96","","0.0","","0","","1","","","","96.15","","","","","","NA"
"-117.82","50.27","NAKUSP CS","1145297","2018-10-20 19:00","2018","10","20","19:00","4.6","","4.0","","96","","0.0","","4","","2","","","","96.14","","","","","","NA"
"-117.82","50.27","NAKUSP CS","1145297","2018-10-20 20:00","2018","10","20","20:00","4.7","","4.2","","96","","0.0","","35","","2","","","","96.14","","","","","","NA"
"-117.82","50.27","NAKUSP CS","1145297","2018-10-20 21:00","2018","10","20","21:00","4.7","","4.1","","96","","0.0","","1","","2","","","","96.14","","","","","","NA"
"-117.82","50.27","NAKUSP CS","1145297","2018-10-20 22:00","2018","10","20","22:00","4.6","","4.1","","96","","0.0","","","","0","","","","96.16","","","","","","NA"
"-117.82","50.27","NAKUSP CS","1145297","2018-10-20 23:00","2018","10","20","23:00","4.4","","3.9","","96","","0.0","","9","","2","","","","96.18","","","","","","NA"
"-117.82","50.27","NAKUSP CS","1145297","2018-10-21 00:00","2018","10","21","00:00","4.2","","3.7","","96","","0.0","","33","","3","","","","96.21","","","","","","NA"
"-117.82","50.27","NAKUSP CS","1145297","2018-10-21 01:00","2018","10","21","01:00","3.8","","3.3","","97","","0.0","","34","","3","","","","96.21","","","","","","NA"
"-117.82","50.27","NAKUSP CS","1145297","2018-10-21 02:00","2018","10","21","02:00","3.7","","3.2","","97","","0.0","","6","","2","","","","96.21","","","","","","NA"
"-117.82","50.27","NAKUSP CS","1145297","2018-10-21 03:00","2018","10","21","03:00","3.1","","2.7","","97","","0.0","","12","","4","","","","96.23","","","","","","NA"
"-117.82","50.27","NAKUSP CS","1145297","2018-10-21 04:00","2018","10","21","04:00","3.8","","3.3","","97","","0.0","","36","","4","","","","96.22","","","","","","NA"
"-117.82","50.27","NAKUSP CS","1145297","2018-10-21 05:00","2018","10","21","05:00","3.3","","2.8","","97","","0.0","","12","","2","","","","96.21","","","","","","NA"
"-117.82","50.27","NAKUSP CS","1145297","2018-10-21 06:00","2018","10","21","06:00","3.2","","2.7","","97","","0.0","","10","","3","","","","96.22","","","","","","NA"
"-117.82","50.27","NAKUSP CS","1145297","2018-10-21 07:00","2018","10","21","07:00","3.3","","2.8","","97","","0.0","","11","","3","","","","96.25","","","","","","NA"
"-117.82","50.27","NAKUSP CS","1145297","2018-10-21 08:00","2018","10","21","08:00","3.5","","3.0","","97","","0.0","","14","","3","","","","96.27","","","","","","NA"
"-117.82","50.27","NAKUSP CS","1145297","2018-10-21 09:00","2018","10","21","09:00","4.3","","3.7","","96","","0.0","","","","0","","","","96.25","","","","","","NA"
"-117.82","50.27","NAKUSP CS","1145297","2018-10-21 10:00","2018","10","21","10:00","4.7","","3.8","","94","","0.0","","14","","1","","","","96.24","","","","","","NA"
"-117.82","50.27","NAKUSP CS","1145297","2018-10-21 11:00","2018","10","21","11:00","5.5","","4.1","","91","","0.0","","27","","2","","","","96.19","","","","","","NA"
"-117.82","50.27","NAKUSP CS","1145297","2018-10-21 12:00","2018","10","21","12:00","5.9","","3.5","","85","","0.0","","25","","3","","","","96.15","","","","","","NA"
"-117.82","50.27","NAKUSP CS","1145297","2018-10-21 13:00","2018","10","21","13:00","6.4","","3.9","","84","","0.0","","24","","2","","","","96.07","","","","","","NA"
"-117.82","50.27","NAKUSP CS","1145297","2018-10-21 14:00","2018","10","21","14:00","8.4","","3.6","","71","","0.0","","25","","4","","","","95.99","","","","","","NA"
"-117.82","50.27","NAKUSP CS","1145297","2018-10-21 15:00","2018","10","21","15:00","8.2","","2.8","","69","","0.0","","24","","3","","","","95.93","","","","","","NA"
"-117.82","50.27","NAKUSP CS","1145297","2018-10-21 16:00","2018","10","21","16:00","6.1","","3.1","","81","","0.0","","0","","1","","","","95.91","","","","","","NA"
"-117.82","50.27","NAKUSP CS","1145297","2018-10-21 17:00","2018","10","21","17:00","3.6","","2.5","","93","","0.0","","6","","2","","","","95.94","","","","","","NA"
"-117.82","50.27","NAKUSP CS","1145297","2018-10-21 18:00","2018","10","21","18:00","1.9","","1.2","","95","","0.0","","2","","3","","","","95.97","","","","","","NA"
"-117.82","50.27","NAKUSP CS","1145297","2018-10-21 19:00","2018","10","21","19:00","1.8","","1.2","","96","","0.0","","6","","3","","","","95.97","","","","","","NA"
"-117.82","50.27","NAKUSP CS","1145297","2018-10-21 20:00","2018","10","21","20:00","1.8","","1.3","","96","","0.0","","35","","3","","","","96.01","","","","","","NA"
"-117.82","50.27","NAKUSP CS","1145297","2018-10-21 21:00","2018","10","21","21:00","4.2","","3.6","","96","","0.0","","3","","3","","","","96.05","","","","","","NA"
"-117.82","50.27","NAKUSP CS","1145297","2018-10-21 22:00","2018","10","21","22:00","4.2","","3.6","","96","","0.0","","11","","3","","","","96.06","","","","","","NA"
"-117.82","50.27","NAKUSP CS","1145297","2018-10-21 23:00","2018","10","21","23:00","4.4","","3.8","","96","","0.0","","4","","1","","","","96.06","","","","","","NA"
"-117.82","50.27","NAKUSP CS","1145297","2018-10-22 00:00","2018","10","22","00:00","4.3","","3.7","","96","","0.0","","35","","2","","","","96.08","","","","","","NA"
"-117.82","50.27","NAKUSP CS","1145297","2018-10-22 01:00","2018","10","22","01:00","3.9","","3.3","","96","","0.0","","5","","3","","","","96.11","","","","","","NA"
"-117.82","50.27","NAKUSP CS","1145297","2018-10-22 02:00","2018","10","22","02:00","3.5","","2.9","","96","","0.0","","10","","3","","","","96.12","","","","","","NA"
"-117.82","50.27","NAKUSP CS","1145297","2018-10-22 03:00","2018","10","22","03:00","3.4","","2.7","","95","","0.0","","5","","2","","","","96.13","","","","","","NA"
"-117.82","50.27","NAKUSP CS","1145297","2018-10-22 04:00","2018","10","22","04:00","3.6","","2.9","","95","","0.0","","0","","1","","","","96.11","","","","","","NA"
"-117.82","50.27","NAKUSP CS","1145297","2018-10-22 05:00","2018","10","22","05:00","2.9","","2.0","","94","","0.0","","11","","3","","","","96.12","","","","","","NA"
"-117.82","50.27","NAKUSP CS","1145297","2018-10-22 06:00","2018","10","22","06:00","3.0","","2.1","","94","","0.0","","10","","3","","","","96.14","","","","","","NA"
"-117.82","50.27","NAKUSP CS","1145297","2018-10-22 07:00","2018","10","22","07:00","2.8","","1.5","","91","","0.0","","11","","3","","","","96.17","","","","","","NA"
"-117.82","50.27","NAKUSP CS","1145297","2018-10-22 08:00","2018","10","22","08:00","3.1","","1.4","","89","","0.0","","10","","5","","","","96.18","","","","","","NA"
"-117.82","50.27","NAKUSP CS","1145297","2018-10-22 09:00","2018","10","22","09:00","3.9","","1.6","","85","","0.0","","11","","3","","","","96.18","","","","","","NA"
"-117.82","50.27","NAKUSP CS","1145297","2018-10-22 10:00","2018","10","22","10:00","4.9","","2.8","","86","","0.0","","0","","1","","","","96.15","","","","","","NA"
"-117.82","50.27","NAKUSP CS","1145297","2018-10-22 11:00","2018","10","22","11:00","5.0","","2.6","","85","","0.0","","10","","1","","","","96.10","","","","","","NA"
"-117.82","50.27","NAKUSP CS","1145297","2018-10-22 12:00","2018","10","22","12:00","6.3","","3.3","","81","","0.0","","26","","2","","","","96.02","","","","","","NA"
"-117.82","50.27","NAKUSP CS","1145297","2018-10-22 13:00","2018","10","22","13:00","7.0","","2.7","","74","","0.0","","27","","3","","","","95.96","","","","","","NA"
"-117.82","50.27","NAKUSP CS","1145297","2018-10-22 14:00","2018","10","22","14:00","8.3","","3.0","","69","","0.0","","24","","5","","","","95.89","","","","","","NA"
"-117.82","50.27","NAKUSP CS","1145297","2018-10-22 15:00","2018","10","22","15:00","7.2","","2.7","","73","","0.0","","22","","3","","","","95.83","","","","","","NA"
"-117.82","50.27","NAKUSP CS","1145297","2018-10-22 16:00","2018","10","22","16:00","5.6","","2.6","","81","","0.0","","0","","1","","","","95.79","","","","","","NA"
"-117.82","50.27","NAKUSP CS","1145297","2018-10-22 17:00","2018","10","22","17:00","2.9","","1.3","","89","","0.0","","8","","3","","","","95.80","","","","","","NA"
"-117.82","50.27","NAKUSP CS","1145297","2018-10-22 18:00","2018","10","22","18:00","1.6","","0.7","","94","","0.0","","5","","2","","","","95.81","","","","","","NA"
"-117.82","50.27","NAKUSP CS","1145297","2018-10-22 19:00","2018","10","22","19:00","1.0","","0.4","","96","","0.0","","4","","3","","","","95.83","","","","","","NA"
"-117.82","50.27","NAKUSP CS","1145297","2018-10-22 20:00","2018","10","22","20:00","3.6","","3.0","","96","","0.0","","0","","1","","","","95.85","","","","","","NA"
"-117.82","50.27","NAKUSP CS","1145297","2018-10-22 21:00","2018","10","22","21:00","3.8","","3.1","","96","","0.0","","10","","2","","","","95.85","","","","","","NA"
"-117.82","50.27","NAKUSP CS","1145297","2018-10-22 22:00","2018","10","22","22:00","4.1","","3.5","","96","","0.0","","0","","1","","","","95.84","","","","","","NA"
"-117.82","50.27","NAKUSP CS","1145297","2018-10-22 23:00","2018","10","22","23:00","4.0","","3.3","","95","","0.0","","9","","2","","","","95.84","","","","","","NA"
"-117.82","50.27","NAKUSP CS","1145297","2018-10-23 00:00","2018","10","23","00:00","4.0","","3.3","","95","","0.0","","0","","1","","","","95.85","","","","","","NA"
"-117.82","50.27","NAKUSP CS","1145297","2018-10-23 01:00","2018","10","23","01:00","3.7","","3.1","","96","","0.0","","4","","2","","","","95.86","","","","","","NA"
"-117.82","50.27","NAKUSP CS","1145297","2018-10-23 02:00","2018","10","23","02:00","3.5","","2.9","","96","","0.0","","0","","1","","","","95.85","","","","","","NA"
"-117.82","50.27","NAKUSP CS","1145297","2018-10-23 03:00","2018","10","23","03:00","3.3","","2.6","","96","","0.0","","8","","3","","","","95.81","","","","","","NA"
"-117.82","50.27","NAKUSP CS","1145297","2018-10-23 04:00","2018","10","23","04:00","3.1","","2.4","","95","","0.0","","4","","4","","","","95.78","","","","","","NA"
"-117.82","50.27","NAKUSP CS","1145297","2018-10-23 05:00","2018","10","23","05:00","2.8","","1.8","","93","","0.0","","8","","4","","","","95.78","","","","","","NA"
"-117.82","50.27","NAKUSP CS","1145297","2018-10-23 06:00","2018","10","23","06:00","2.7","","1.6","","92","","0.0","","11","","4","","","","95.78","","","","","","NA"
"-117.82","50.27","NAKUSP CS","1145297","2018-10-23 07:00","2018","10","23","07:00","2.6","","1.4","","92","","0.0","","11","","4","","","","95.78","","","","","","NA"
"-117.82","50.27","NAKUSP CS","1145297","2018-10-23 08:00","2018","10","23","08:00","3.0","","1.5","","90","","0.0","","12","","4","","","","95.77","","","","","","NA"
"-117.82","50.27","NAKUSP CS","1145297","2018-10-23 09:00","2018","10","23","09:00","3.6","","1.8","","88","","0.0","","13","","3","","","","95.76","","","","","","NA"
"-117.82","50.27","NAKUSP CS","1145297","2018-10-23 10:00","2018","10","23","10:00","4.2","","2.1","","86","","0.0","","35","","1","","","","95.73","","","","","","NA"
"-117.82","50.27","NAKUSP CS","1145297","2018-10-23 11:00","2018","10","23","11:00","4.8","","2.6","","86","","0.0","","28","","2","","","","95.66","","","","","","NA"
"-117.82","50.27","NAKUSP CS","1145297","2018-10-23 12:00","2018","10","23","12:00","5.0","","2.2","","82","","0.0","","24","","2","","","","95.56","","","","","","NA"
"-117.82","50.27","NAKUSP CS","1145297","2018-10-23 13:00","2018","10","23","13:00","5.9","","2.8","","81","","0.0","","24","","3","","","","95.47","","","","","","NA"
"-117.82","50.27","NAKUSP CS","1145297","2018-10-23 14:00","2018","10","23","14:00","8.6","","3.0","","68","","0.0","","24","","4","","","","95.40","","","","","","NA"
"-117.82","50.27","NAKUSP CS","1145297","2018-10-23 15:00","2018","10","23","15:00","6.7","","2.6","","75","","0.0","","22","","3","","","","95.35","","","","","","NA"
"-117.82","50.27","NAKUSP CS","1145297","2018-10-23 16:00","2018","10","23","16:00","4.9","","2.7","","85","","0.0","","14","","3","","","","95.35","","","","","","NA"
"-117.82","50.27","NAKUSP CS","1145297","2018-10-23 17:00","2018","10","23","17:00","4.3","","2.8","","90","","0.0","","6","","3","","","","95.34","","","","","","NA"
"-117.82","50.27","NAKUSP CS","1145297","2018-10-23 18:00","2018","10","23","18:00","4.2","","2.9","","91","","0.0","","9","","6","","","","95.37","","","","","","NA"
"-117.82","50.27","NAKUSP CS","1145297","2018-10-23 19:00","2018","10","23","19:00","4.5","","3.3","","92","","0.0","","2","","2","","","","95.35","","","","","","NA"
"-117.82","50.27","NAKUSP CS","1145297","2018-10-23 20:00","2018","10","23","20:00","4.8","","3.6","","92","","0.0","","32","","3","","","","95.35","","","","","","NA"
"-117.82","50.27","NAKUSP CS","1145297","2018-10-23 21:00","2018","10","23","21:00","4.8","","3.8","","93","","0.0","","9","","5","","","","95.42","","","","","","NA"
"-117.82","50.27","NAKUSP CS","1145297","2018-10-23 22:00","2018","10","23","22:00","5.1","","3.9","","92","","0.2","","6","","4","","","","95.38","","","","","","NA"
"-117.82","50.27","NAKUSP CS","1145297","2018-10-23 23:00","2018","10","23","23:00","4.9","","4.0","","94","","0.3","","8","","4","","","","95.43","","","","","","NA"
"-117.82","50.27","NAKUSP CS","1145297","2018-10-24 00:00","2018","10","24","00:00","5.1","","4.3","","95","","0.0","","8","","5","","","","95.50","","","","","","NA"
"-117.82","50.27","NAKUSP CS","1145297","2018-10-24 01:00","2018","10","24","01:00","5.2","","4.5","","95","","1.4","","21","","3","","","","95.47","","","","","","NA"
"-117.82","50.27","NAKUSP CS","1145297","2018-10-24 02:00","2018","10","24","02:00","5.7","","5.0","","96","","0.2","","35","","2","","","","95.50","","","","","","NA"
"-117.82","50.27","NAKUSP CS","1145297","2018-10-24 03:00","2018","10","24","03:00","5.6","","5.0","","95","","0.3","","4","","2","","","","95.50","","","","","","NA"
"-117.82","50.27","NAKUSP CS","1145297","2018-10-24 04:00","2018","10","24","04:00","5.5","","4.9","","95","","1.0","","11","","3","","","","95.52","","","","","","NA"
"-117.82","50.27","NAKUSP CS","1145297","2018-10-24 05:00","2018","10","24","05:00","5.6","","4.9","","95","","1.0","","6","","3","","","","95.50","","","","","","NA"
"-117.82","50.27","NAKUSP CS","1145297","2018-10-24 06:00","2018","10","24","06:00","5.5","","4.9","","95","","0.2","","13","","4","","","","95.53","","","","","","NA"
"-117.82","50.27","NAKUSP CS","1145297","2018-10-24 07:00","2018","10","24","07:00","5.6","","4.9","","95","","2.0","","11","","7","","","","95.57","","","","","","NA"
"-117.82","50.27","NAKUSP CS","1145297","2018-10-24 08:00","2018","10","24","08:00","5.9","","5.3","","96","","2.5","","35","","4","","","","95.57","","","","","","NA"
"-117.82","50.27","NAKUSP CS","1145297","2018-10-24 09:00","2018","10","24","09:00","6.6","","5.5","","93","","0.2","","3","","2","","","","95.61","","","","","","NA"
"-117.82","50.27","NAKUSP CS","1145297","2018-10-24 10:00","2018","10","24","10:00","7.3","","6.0","","91","","0.0","","20","","2","","","","95.61","","","","","","NA"
"-117.82","50.27","NAKUSP CS","1145297","2018-10-24 11:00","2018","10","24","11:00","8.0","","6.4","","89","","0.0","","26","","3","","","","95.57","","","","","","NA"
"-117.82","50.27","NAKUSP CS","1145297","2018-10-24 12:00","2018","10","24","12:00","9.0","","6.7","","85","","0.0","","27","","3","","","","95.54","","","","","","NA"
"-117.82","50.27","NAKUSP CS","1145297","2018-10-24 13:00","2018","10","24","13:00","8.5","","6.5","","87","","0.0","","28","","2","","","","95.53","","","","","","NA"
"-117.82","50.27","NAKUSP CS","1145297","2018-10-24 14:00","2018","10","24","14:00","8.3","","6.9","","91","","0.0","","24","","2","","","","95.51","","","","","","NA"
"-117.82","50.27","NAKUSP CS","1145297","2018-10-24 15:00","2018","10","24","15:00","8.3","","6.8","","90","","0.0","","30","","3","","","","95.49","","","","","","NA"
"-117.82","50.27","NAKUSP CS","1145297","2018-10-24 16:00","2018","10","24","16:00","8.1","","6.2","","88","","0.0","","0","","1","","","","95.48","","","","","","NA"
"-117.82","50.27","NAKUSP CS","1145297","2018-10-24 17:00","2018","10","24","17:00","7.4","","6.2","","93","","0.0","","9","","3","","","","95.51","","","","","","NA"
"-117.82","50.27","NAKUSP CS","1145297","2018-10-24 18:00","2018","10","24","18:00","7.4","","6.6","","95","","0.0","","6","","2","","","","95.52","","","","","","NA"
"-117.82","50.27","NAKUSP CS","1145297","2018-10-24 19:00","2018","10","24","19:00","7.5","","6.4","","93","","0.0","","12","","6","","","","95.53","","","","","","NA"
"-117.82","50.27","NAKUSP CS","1145297","2018-10-24 20:00","2018","10","24","20:00","7.4","","6.4","","94","","0.0","","0","","1","","","","95.56","","","","","","NA"
"-117.82","50.27","NAKUSP CS","1145297","2018-10-24 21:00","2018","10","24","21:00","7.4","","6.5","","94","","0.0","","10","","3","","","","95.62","","","","","","NA"
"-117.82","50.27","NAKUSP CS","1145297","2018-10-24 22:00","2018","10","24","22:00","7.3","","6.4","","94","","0.0","","11","","5","","","","95.64","","","","","","NA"
"-117.82","50.27","NAKUSP CS","1145297","2018-10-24 23:00","2018","10","24","23:00","7.4","","6.4","","93","","0.0","","12","","5","","","","95.70","","","","","","NA"
"-117.82","50.27","NAKUSP CS","1145297","2018-10-25 00:00","2018","10","25","00:00","7.2","","6.2","","93","","0.0","","13","","6","","","","95.71","","","","","","NA"
"-117.82","50.27","NAKUSP CS","1145297","2018-10-25 01:00","2018","10","25","01:00","7.2","","6.2","","93","","0.0","","11","","5","","","","95.70","","","","","","NA"
"-117.82","50.27","NAKUSP CS","1145297","2018-10-25 02:00","2018","10","25","02:00","7.2","","6.2","","94","","0.0","","10","","3","","","","95.73","","","","","","NA"
"-117.82","50.27","NAKUSP CS","1145297","2018-10-25 03:00","2018","10","25","03:00","7.0","","6.2","","95","","0.0","","12","","2","","","","95.79","","","","","","NA"
"-117.82","50.27","NAKUSP CS","1145297","2018-10-25 04:00","2018","10","25","04:00","7.0","","6.2","","95","","0.0","","13","","1","","","","95.83","","","","","","NA"
"-117.82","50.27","NAKUSP CS","1145297","2018-10-25 05:00","2018","10","25","05:00","6.8","","6.1","","95","","0.0","","11","","5","","","","95.81","","","","","","NA"
"-117.82","50.27","NAKUSP CS","1145297","2018-10-25 06:00","2018","10","25","06:00","7.2","","6.5","","95","","0.0","","8","","5","","","","95.83","","","","","","NA"
"-117.82","50.27","NAKUSP CS","1145297","2018-10-25 07:00","2018","10","25","07:00","7.0","","6.3","","96","","0.0","","11","","4","","","","95.82","","","","","","NA"
"-117.82","50.27","NAKUSP CS","1145297","2018-10-25 08:00","2018","10","25","08:00","7.7","","6.7","","93","","0.2","","16","","3","","","","95.86","","","","","","NA"
"-117.82","50.27","NAKUSP CS","1145297","2018-10-25 09:00","2018","10","25","09:00","8.2","","6.9","","91","","0.0","","0","","1","","","","95.90","","","","","","NA"
"-117.82","50.27","NAKUSP CS","1145297","2018-10-25 10:00","2018","10","25","10:00","8.5","","7.0","","90","","0.0","","13","","4","","","","95.88","","","","","","NA"
"-117.82","50.27","NAKUSP CS","1145297","2018-10-25 11:00","2018","10","25","11:00","9.3","","7.3","","87","","0.0","","26","","2","","","","95.83","","","","","","NA"
"-117.82","50.27","NAKUSP CS","1145297","2018-10-25 12:00","2018","10","25","12:00","9.8","","7.5","","86","","0.0","","14","","4","","","","95.76","","","","","","NA"
"-117.82","50.27","NAKUSP CS","1145297","2018-10-25 13:00","2018","10","25","13:00","9.0","","7.2","","89","","0.0","","13","","8","","","","95.78","","","","","","NA"
"-117.82","50.27","NAKUSP CS","1145297","2018-10-25 14:00","2018","10","25","14:00","9.3","","7.5","","89","","0.0","","14","","7","","","","95.69","","","","","","NA"
"-117.82","50.27","NAKUSP CS","1145297","2018-10-25 15:00","2018","10","25","15:00","9.1","","6.7","","85","","0.0","","12","","6","","","","95.64","","","","","","NA"
"-117.82","50.27","NAKUSP CS","1145297","2018-10-25 16:00","2018","10","25","16:00","8.3","","7.1","","93","","0.2","","9","","6","","","","95.64","","","","","","NA"
"-117.82","50.27","NAKUSP CS","1145297","2018-10-25 17:00","2018","10","25","17:00","7.8","","7.0","","95","","1.5","","10","","6","","","","95.62","","","","","","NA"
"-117.82","50.27","NAKUSP CS","1145297","2018-10-25 18:00","2018","10","25","18:00","7.7","","7.0","","95","","1.8","","15","","6","","","","95.62","","","","","","NA"
"-117.82","50.27","NAKUSP CS","1145297","2018-10-25 19:00","2018","10","25","19:00","7.6","","6.8","","95","","1.1","","20","","3","","","","95.59","","","","","","NA"
"-117.82","50.27","NAKUSP CS","1145297","2018-10-25 20:00","2018","10","25","20:00","7.4","","6.4","","93","","2.2","","12","","5","","","","95.63","","","","","","NA"
"-117.82","50.27","NAKUSP CS","1145297","2018-10-25 21:00","2018","10","25","21:00","6.9","","5.5","","91","","0.8","","12","","5","","","","95.68","","","","","","NA"
"-117.82","50.27","NAKUSP CS","1145297","2018-10-25 22:00","2018","10","25","22:00","7.0","","4.9","","87","","0.0","","13","","16","","","","95.66","","","","","","NA"
"-117.82","50.27","NAKUSP CS","1145297","2018-10-25 23:00","2018","10","25","23:00","7.0","","4.7","","85","","0.0","","14","","14","","","","95.67","","","","","","NA"
"-117.82","50.27","NAKUSP CS","1145297","2018-10-26 00:00","2018","10","26","00:00","6.9","","4.8","","87","","0.0","","16","","6","","","","95.63","","","","","","NA"
"-117.82","50.27","NAKUSP CS","1145297","2018-10-26 01:00","2018","10","26","01:00","6.2","","4.6","","90","","0.0","","11","","3","","","","95.64","","","","","","NA"
"-117.82","50.27","NAKUSP CS","1145297","2018-10-26 02:00","2018","10","26","02:00","5.3","","4.5","","95","","0.0","","5","","3","","","","95.65","","","","","","NA"
"-117.82","50.27","NAKUSP CS","1145297","2018-10-26 03:00","2018","10","26","03:00","5.5","","4.8","","95","","0.0","","5","","2","","","","95.61","","","","","","NA"
"-117.82","50.27","NAKUSP CS","1145297","2018-10-26 04:00","2018","10","26","04:00","6.0","","5.3","","95","","0.0","","2","","3","","","","95.55","","","","","","NA"
"-117.82","50.27","NAKUSP CS","1145297","2018-10-26 05:00","2018","10","26","05:00","6.0","","5.3","","95","","0.0","","12","","5","","","","95.54","","","","","","NA"
"-117.82","50.27","NAKUSP CS","1145297","2018-10-26 06:00","2018","10","26","06:00","6.3","","5.7","","96","","1.2","","6","","4","","","","95.53","","","","","","NA"
"-117.82","50.27","NAKUSP CS","1145297","2018-10-26 07:00","2018","10","26","07:00","6.3","","5.7","","96","","1.0","","1","","4","","","","95.43","","","","","","NA"
"-117.82","50.27","NAKUSP CS","1145297","2018-10-26 08:00","2018","10","26","08:00","7.0","","6.1","","94","","0.8","","4","","3","","","","95.46","","","","","","NA"
"-117.82","50.27","NAKUSP CS","1145297","2018-10-26 09:00","2018","10","26","09:00","7.1","","6.4","","95","","0.2","","15","","4","","","","95.40","","","","","","NA"
"-117.82","50.27","NAKUSP CS","1145297","2018-10-26 10:00","2018","10","26","10:00","7.6","","6.6","","93","","0.0","","16","","3","","","","95.34","","","","","","NA"
"-117.82","50.27","NAKUSP CS","1145297","2018-10-26 11:00","2018","10","26","11:00","7.7","","6.8","","94","","0.0","","34","","2","","","","95.37","","","","","","NA"
"-117.82","50.27","NAKUSP CS","1145297","2018-10-26 12:00","2018","10","26","12:00","8.2","","7.4","","95","","0.0","","23","","2","","","","95.29","","","","","","NA"
"-117.82","50.27","NAKUSP CS","1145297","2018-10-26 13:00","2018","10","26","13:00","8.1","","7.2","","95","","0.6","","15","","5","","","","95.25","","","","","","NA"
"-117.82","50.27","NAKUSP CS","1145297","2018-10-26 14:00","2018","10","26","14:00","8.2","","7.2","","93","","0.6","","0","","1","","","","95.26","","","","","","NA"
"-117.82","50.27","NAKUSP CS","1145297","2018-10-26 15:00","2018","10","26","15:00","8.2","","7.5","","95","","0.5","","30","","2","","","","95.24","","","","","","NA"
"-117.82","50.27","NAKUSP CS","1145297","2018-10-26 16:00","2018","10","26","16:00","7.8","","7.2","","96","","0.6","","16","","6","","","","95.22","","","","","","NA"
"-117.82","50.27","NAKUSP CS","1145297","2018-10-26 17:00","2018","10","26","17:00","7.7","","7.0","","95","","0.0","","7","","6","","","","95.19","","","","","","NA"
"-117.82","50.27","NAKUSP CS","1145297","2018-10-26 18:00","2018","10","26","18:00"
"-117.82","50.27","NAKUSP CS","1145297","2018-10-26 19:00","2018","10","26","19:00","7.4","","6.7","","96","","0.0","","7","","5","","","","95.25","","","","","","NA"
"-117.82","50.27","NAKUSP CS","1145297","2018-10-26 20:00","2018","10","26","20:00","7.1","","6.4","","95","","0.0","","5","","4","","","","95.29","","","","","","NA"
"-117.82","50.27","NAKUSP CS","1145297","2018-10-26 21:00","2018","10","26","21:00","7.3","","6.6","","95","","0.0","","11","","6","","","","95.31","","","","","","NA"
"-117.82","50.27","NAKUSP CS","1145297","2018-10-26 22:00","2018","10","26","22:00","8.1","","7.2","","94","","0.0","","32","","5","","","","95.44","","","","","","NA"
"-117.82","50.27","NAKUSP CS","1145297","2018-10-26 23:00","2018","10","26","23:00","7.8","","6.2","","90","","0.0","","2","","4","","","","95.52","","","","","","NA"
"-117.82","50.27","NAKUSP CS","1145297","2018-10-27 00:00","2018","10","27","00:00","6.3","","5.5","","95","","0.0","","3","","6","","","","95.61","","","","","","NA"
"-117.82","50.27","NAKUSP CS","1145297","2018-10-27 01:00","2018","10","27","01:00","5.2","","4.5","","95","","0.0","","4","","5","","","","95.66","","","","","","NA"
"-117.82","50.27","NAKUSP CS","1145297","2018-10-27 02:00","2018","10","27","02:00","4.1","","3.2","","94","","0.0","","10","","4","","","","95.74","","","","","","NA"
"-117.82","50.27","NAKUSP CS","1145297","2018-10-27 03:00","2018","10","27","03:00","3.8","","3.2","","96","","0.0","","9","","7","","","","95.75","","","","","","NA"
"-117.82","50.27","NAKUSP CS","1145297","2018-10-27 04:00","2018","10","27","04:00","1.9","","1.3","","96","","0.0","","10","","6","","","","95.74","","","","","","NA"
"-117.82","50.27","NAKUSP CS","1145297","2018-10-27 05:00","2018","10","27","05:00","3.7","","3.1","","96","","0.0","","3","","3","","","","95.88","","","","","","NA"
"-117.82","50.27","NAKUSP CS","1145297","2018-10-27 06:00","2018","10","27","06:00","4.1","","3.4","","95","","0.2","","10","","5","","","","95.95","","","","","","NA"
"-117.82","50.27","NAKUSP CS","1145297","2018-10-27 07:00","2018","10","27","07:00","4.5","","3.7","","95","","0.0","","8","","4","","","","95.98","","","","","","NA"
"-117.82","50.27","NAKUSP CS","1145297","2018-10-27 08:00","2018","10","27","08:00","5.4","","4.6","","95","","0.0","","12","","3","","","","96.07","","","","","","NA"
"-117.82","50.27","NAKUSP CS","1145297","2018-10-27 09:00","2018","10","27","09:00","5.9","","4.4","","90","","0.0","","12","","3","","","","96.11","","","","","","NA"
"-117.82","50.27","NAKUSP CS","1145297","2018-10-27 10:00","2018","10","27","10:00","6.4","","5.2","","92","","0.0","","24","","4","","","","96.14","","","","","","NA"
"-117.82","50.27","NAKUSP CS","1145297","2018-10-27 11:00","2018","10","27","11:00","6.8","","5.2","","90","","0.0","","23","","1","","","","96.17","","","","","","NA"
"-117.82","50.27","NAKUSP CS","1145297","2018-10-27 12:00","2018","10","27","12:00","6.8","","4.7","","87","","0.0","","18","","1","","","","96.12","","","","","","NA"
"-117.82","50.27","NAKUSP CS","1145297","2018-10-27 13:00","2018","10","27","13:00","7.3","","5.1","","86","","0.0","","27","","3","","","","96.06","","","","","","NA"
"-117.82","50.27","NAKUSP CS","1145297","2018-10-27 14:00","2018","10","27","14:00","7.1","","5.4","","89","","0.0","","26","","2","","","","96.04","","","","","","NA"
"-117.82","50.27","NAKUSP CS","1145297","2018-10-27 15:00","2018","10","27","15:00","6.8","","4.6","","86","","0.0","","0","","1","","","","96.01","","","","","","NA"
"-117.82","50.27","NAKUSP CS","1145297","2018-10-27 16:00","2018","10","27","16:00","5.9","","4.7","","92","","0.0","","","","0","","","","95.94","","","","","","NA"
"-117.82","50.27","NAKUSP CS","1145297","2018-10-27 17:00","2018","10","27","17:00","4.1","","3.3","","95","","0.0","","10","","3","","","","95.88","","","","","","NA"
"-117.82","50.27","NAKUSP CS","1145297","2018-10-27 18:00","2018","10","27","18:00","4.1","","3.5","","96","","0.0","","6","","2","","","","95.85","","","","","","NA"
"-117.82","50.27","NAKUSP CS","1145297","2018-10-27 19:00","2018","10","27","19:00","4.2","","3.6","","96","","0.0","","8","","4","","","","95.82","","","","","","NA"
"-117.82","50.27","NAKUSP CS","1145297","2018-10-27 20:00","2018","10","27","20:00","5.2","","4.6","","96","","0.0","","35","","6","","","","95.73","","","","","","NA"
"-117.82","50.27","NAKUSP CS","1145297","2018-10-27 21:00","2018","10","27","21:00","5.4","","4.7","","95","","0.0","","34","","2","","","","95.63","","","","","","NA"
"-117.82","50.27","NAKUSP CS","1145297","2018-10-27 22:00","2018","10","27","22:00","5.2","","4.5","","95","","0.0","","11","","8","","","","95.66","","","","","","NA"
"-117.82","50.27","NAKUSP CS","1145297","2018-10-27 23:00","2018","10","27","23:00","5.3","","4.6","","95","","0.3","","29","","3","","","","95.55","","","","","","NA"
"-117.82","50.27","NAKUSP CS","1145297","2018-10-28 00:00","2018","10","28","00:00","5.8","","5.1","","96","","1.8","","4","","4","","","","95.46","","","","","","NA"
"-117.82","50.27","NAKUSP CS","1145297","2018-10-28 01:00","2018","10","28","01:00","5.8","","5.2","","96","","1.8","","31","","4","","","","95.43","","","","","","NA"
"-117.82","50.27","NAKUSP CS","1145297","2018-10-28 02:00","2018","10","28","02:00","5.7","","4.9","","94","","1.9","","34","","7","","","","95.32","","","","","","NA"
"-117.82","50.27","NAKUSP CS","1145297","2018-10-28 03:00","2018","10","28","03:00","5.4","","4.5","","94","","1.0","","33","","5","","","","95.22","","","","","","NA"
"-117.82","50.27","NAKUSP CS","1145297","2018-10-28 04:00","2018","10","28","04:00","5.0","","4.2","","95","","1.2","","2","","3","","","","95.14","","","","","","NA"
"-117.82","50.27","NAKUSP CS","1145297","2018-10-28 05:00","2018","10","28","05:00","4.8","","4.0","","95","","3.0","","4","","2","","","","95.10","","","","","","NA"
"-117.82","50.27","NAKUSP CS","1145297","2018-10-28 06:00","2018","10","28","06:00","4.3","","3.5","","95","","1.9","","8","","2","","","","95.11","","","","","","NA"
"-117.82","50.27","NAKUSP CS","1145297","2018-10-28 07:00","2018","10","28","07:00","4.3","","3.7","","96","","2.4","","9","","4","","","","95.09","","","","","","NA"
"-117.82","50.27","NAKUSP CS","1145297","2018-10-28 08:00","2018","10","28","08:00","4.3","","3.5","","94","","1.2","","5","","2","","","","95.09","","","","","","NA"
"-117.82","50.27","NAKUSP CS","1145297","2018-10-28 09:00","2018","10","28","09:00","4.6","","3.7","","94","","0.3","","11","","6","","","","95.12","","","","","","NA"
"-117.82","50.27","NAKUSP CS","1145297","2018-10-28 10:00","2018","10","28","10:00","5.1","","3.6","","90","","0.2","","13","","8","","","","95.12","","","","","","NA"
"-117.82","50.27","NAKUSP CS","1145297","2018-10-28 11:00","2018","10","28","11:00","5.5","","4.4","","93","","0.2","","16","","3","","","","95.13","","","","","","NA"
"-117.82","50.27","NAKUSP CS","1145297","2018-10-28 12:00","2018","10","28","12:00","6.1","","4.4","","89","","0.0","","13","","5","","","","95.12","","","","","","NA"
"-117.82","50.27","NAKUSP CS","1145297","2018-10-28 13:00","2018","10","28","13:00","5.7","","4.5","","92","","0.0","","10","","4","","","","95.12","","","","","","NA"
"-117.82","50.27","NAKUSP CS","1145297","2018-10-28 14:00","2018","10","28","14:00","5.7","","4.6","","92","","0.7","","9","","4","","","","95.13","","","","","","NA"
"-117.82","50.27","NAKUSP CS","1145297","2018-10-28 15:00","2018","10","28","15:00","5.9","","5.0","","94","","0.2","","35","","4","","","","95.16","","","","","","NA"
"-117.82","50.27","NAKUSP CS","1145297","2018-10-28 16:00","2018","10","28","16:00","5.8","","4.8","","93","","2.2","","9","","5","","","","95.19","","","","","","NA"
"-117.82","50.27","NAKUSP CS","1145297","2018-10-28 17:00","2018","10","28","17:00","5.3","","4.3","","93","","0.6","","7","","3","","","","95.20","","","","","","NA"
"-117.82","50.27","NAKUSP CS","1145297","2018-10-28 18:00","2018","10","28","18:00","5.7","","4.0","","89","","0.0","","11","","7","","","","95.23","","","","","","NA"
"-117.82","50.27","NAKUSP CS","1145297","2018-10-28 19:00","2018","10","28","19:00","4.8","","3.8","","93","","0.0","","15","","4","","","","95.24","","","","","","NA"
"-117.82","50.27","NAKUSP CS","1145297","2018-10-28 20:00","2018","10","28","20:00","5.6","","3.7","","88","","0.0","","13","","13","","","","95.24","","","","","","NA"
"-117.82","50.27","NAKUSP CS","1145297","2018-10-28 21:00","2018","10","28","21:00","5.4","","4.0","","90","","0.0","","10","","9","","","","95.29","","","","","","NA"
"-117.82","50.27","NAKUSP CS","1145297","2018-10-28 22:00","2018","10","28","22:00","5.4","","4.0","","91","","0.0","","12","","5","","","","95.31","","","","","","NA"
"-117.82","50.27","NAKUSP CS","1145297","2018-10-28 23:00","2018","10","28","23:00","5.6","","4.5","","92","","0.0","","7","","3","","","","95.34","","","","","","NA"
"-117.82","50.27","NAKUSP CS","1145297","2018-10-29 00:00","2018","10","29","00:00","5.4","","3.9","","90","","0.0","","11","","6","","","","95.35","","","","","","NA"
"-117.82","50.27","NAKUSP CS","1145297","2018-10-29 01:00","2018","10","29","01:00","5.2","","4.0","","92","","0.0","","11","","8","","","","95.38","","","","","","NA"
"-117.82","50.27","NAKUSP CS","1145297","2018-10-29 02:00","2018","10","29","02:00","4.9","","3.9","","94","","0.0","","9","","4","","","","95.40","","","","","","NA"
"-117.82","50.27","NAKUSP CS","1145297","2018-10-29 03:00","2018","10","29","03:00","5.1","","4.3","","95","","0.0","","10","","3","","","","95.41","","","","","","NA"
"-117.82","50.27","NAKUSP CS","1145297","2018-10-29 04:00","2018","10","29","04:00","5.2","","4.1","","92","","0.2","","12","","4","","","","95.44","","","","","","NA"
"-117.82","50.27","NAKUSP CS","1145297","2018-10-29 05:00","2018","10","29","05:00","5.3","","4.3","","93","","0.0","","8","","2","","","","95.48","","","","","","NA"
"-117.82","50.27","NAKUSP CS","1145297","2018-10-29 06:00","2018","10","29","06:00","5.5","","4.6","","94","","0.0","","0","","1","","","","95.51","","","","","","NA"
"-117.82","50.27","NAKUSP CS","1145297","2018-10-29 07:00","2018","10","29","07:00","5.6","","4.9","","95","","0.3","","9","","4","","","","95.54","","","","","","NA"
"-117.82","50.27","NAKUSP CS","1145297","2018-10-29 08:00","2018","10","29","08:00","5.6","","4.6","","93","","0.0","","11","","4","","","","95.59","","","","","","NA"
"-117.82","50.27","NAKUSP CS","1145297","2018-10-29 09:00","2018","10","29","09:00","6.7","","5.2","","90","","0.0","","15","","3","","","","95.63","","","","","","NA"
"-117.82","50.27","NAKUSP CS","1145297","2018-10-29 10:00","2018","10","29","10:00","6.9","","5.3","","89","","0.0","","9","","4","","","","95.67","","","","","","NA"
"-117.82","50.27","NAKUSP CS","1145297","2018-10-29 11:00","2018","10","29","11:00","8.6","","6.2","","85","","0.2","","23","","2","","","","95.67","","","","","","NA"
"-117.82","50.27","NAKUSP CS","1145297","2018-10-29 12:00","2018","10","29","12:00","8.9","","5.0","","76","","0.0","","16","","2","","","","95.69","","","","","","NA"
"-117.82","50.27","NAKUSP CS","1145297","2018-10-29 13:00","2018","10","29","13:00","9.4","","5.9","","79","","0.0","","18","","3","","","","95.70","","","","","","NA"
"-117.82","50.27","NAKUSP CS","1145297","2018-10-29 14:00","2018","10","29","14:00","8.4","","6.0","","85","","0.0","","12","","4","","","","95.77","","","","","","NA"
"-117.82","50.27","NAKUSP CS","1145297","2018-10-29 15:00","2018","10","29","15:00","8.2","","5.6","","84","","0.0","","13","","7","","","","95.83","","","","","","NA"
"-117.82","50.27","NAKUSP CS","1145297","2018-10-29 16:00","2018","10","29","16:00","7.3","","5.9","","90","","0.0","","14","","4","","","","95.86","","","","","","NA"
"-117.82","50.27","NAKUSP CS","1145297","2018-10-29 17:00","2018","10","29","17:00","7.3","","5.1","","86","","0.0","","12","","9","","","","95.90","","","","","","NA"
"-117.82","50.27","NAKUSP CS","1145297","2018-10-29 18:00","2018","10","29","18:00","6.8","","4.5","","85","","0.0","","12","","9","","","","95.93","","","","","","NA"
"-117.82","50.27","NAKUSP CS","1145297","2018-10-29 19:00","2018","10","29","19:00","6.7","","4.3","","84","","0.0","","13","","7","","","","95.94","","","","","","NA"
"-117.82","50.27","NAKUSP CS","1145297","2018-10-29 20:00","2018","10","29","20:00","6.3","","4.2","","87","","0.0","","12","","7","","","","95.96","","","","","","NA"
"-117.82","50.27","NAKUSP CS","1145297","2018-10-29 21:00","2018","10","29","21:00","6.4","","4.1","","85","","0.0","","12","","8","","","","95.98","","","","","","NA"
"-117.82","50.27","NAKUSP CS","1145297","2018-10-29 22:00","2018","10","29","22:00","6.4","","4.1","","85","","0.0","","12","","9","","","","96.01","","","","","","NA"
"-117.82","50.27","NAKUSP CS","1145297","2018-10-29 23:00","2018","10","29","23:00","6.3","","4.1","","86","","0.0","","11","","7","","","","96.00","","","","","","NA"
"-117.82","50.27","NAKUSP CS","1145297","2018-10-30 00:00","2018","10","30","00:00","6.0","","4.1","","88","","0.0","","12","","7","","","","96.02","","","","","","NA"
"-117.82","50.27","NAKUSP CS","1145297","2018-10-30 01:00","2018","10","30","01:00","5.7","","4.2","","90","","0.0","","10","","6","","","","96.08","","","","","","NA"
"-117.82","50.27","NAKUSP CS","1145297","2018-10-30 02:00","2018","10","30","02:00","5.4","","4.1","","91","","0.0","","13","","5","","","","96.12","","","","","","NA"
"-117.82","50.27","NAKUSP CS","1145297","2018-10-30 03:00","2018","10","30","03:00","5.4","","4.0","","90","","0.0","","11","","3","","","","96.12","","","","","","NA"
"-117.82","50.27","NAKUSP CS","1145297","2018-10-30 04:00","2018","10","30","04:00","5.2","","3.9","","92","","0.0","","9","","5","","","","96.13","","","","","","NA"
"-117.82","50.27","NAKUSP CS","1145297","2018-10-30 05:00","2018","10","30","05:00","5.4","","3.7","","89","","0.0","","11","","5","","","","96.15","","","","","","NA"
"-117.82","50.27","NAKUSP CS","1145297","2018-10-30 06:00","2018","10","30","06:00","5.4","","3.6","","89","","0.0","","10","","4","","","","96.16","","","","","","NA"
"-117.82","50.27","NAKUSP CS","1145297","2018-10-30 07:00","2018","10","30","07:00","5.2","","3.5","","89","","0.0","","10","","6","","","","96.19","","","","","","NA"
"-117.82","50.27","NAKUSP CS","1145297","2018-10-30 08:00","2018","10","30","08:00","6.0","","4.1","","87","","0.0","","10","","7","","","","96.26","","","","","","NA"
"-117.82","50.27","NAKUSP CS","1145297","2018-10-30 09:00","2018","10","30","09:00","8.2","","4.4","","77","","0.0","","14","","8","","","","96.28","","","","","","NA"
"-117.82","50.27","NAKUSP CS","1145297","2018-10-30 10:00","2018","10","30","10:00","8.0","","4.6","","79","","0.0","","18","","1","","","","96.31","","","","","","NA"
"-117.82","50.27","NAKUSP CS","1145297","2018-10-30 11:00","2018","10","30","11:00","8.5","","4.2","","75","","0.0","","13","","6","","","","96.29","","","","","","NA"
"-117.82","50.27","NAKUSP CS","1145297","2018-10-30 12:00","2018","10","30","12:00","10.2","","5.0","","70","","0.0","","21","","2","","","","96.24","","","","","","NA"
"-117.82","50.27","NAKUSP CS","1145297","2018-10-30 13:00","2018","10","30","13:00","8.8","","3.8","","71","","0.0","","14","","7","","","","96.21","","","","","","NA"
"-117.82","50.27","NAKUSP CS","1145297","2018-10-30 14:00","2018","10","30","14:00","8.8","","3.9","","71","","0.0","","15","","4","","","","96.18","","","","","","NA"
"-117.82","50.27","NAKUSP CS","1145297","2018-10-30 15:00","2018","10","30","15:00","8.7","","5.0","","77","","0.0","","9","","3","","","","96.17","","","","","","NA"
"-117.82","50.27","NAKUSP CS","1145297","2018-10-30 16:00","2018","10","30","16:00","8.0","","4.8","","80","","0.0","","13","","4","","","","96.14","","","","","","NA"
"-117.82","50.27","NAKUSP CS","1145297","2018-10-30 17:00","2018","10","30","17:00","7.5","","4.7","","82","","0.0","","12","","8","","","","96.14","","","","","","NA"
"-117.82","50.27","NAKUSP CS","1145297","2018-10-30 18:00","2018","10","30","18:00","7.1","","3.7","","79","","0.0","","15","","11","","","","96.08","","","","","","NA"
"-117.82","50.27","NAKUSP CS","1145297","2018-10-30 19:00","2018","10","30","19:00","7.1","","3.5","","78","","0.0","","13","","13","","","","96.05","","","","","","NA"
"-117.82","50.27","NAKUSP CS","1145297","2018-10-30 20:00","2018","10","30","20:00","6.9","","3.0","","76","","0.0","","13","","8","","","","96.02","","","","","","NA"
"-117.82","50.27","NAKUSP CS","1145297","2018-10-30 21:00","2018","10","30","21:00","6.7","","3.2","","78","","0.0","","13","","10","","","","95.99","","","","","","NA"
"-117.82","50.27","NAKUSP CS","1145297","2018-10-30 22:00","2018","10","30","22:00","6.4","","3.7","","83","","0.0","","16","","6","","","","95.93","","","","","","NA"
"-117.82","50.27","NAKUSP CS","1145297","2018-10-30 23:00","2018","10","30","23:00","6.6","","3.2","","79","","0.0","","15","","7","","","","95.85","","","","","","NA"
"-117.82","50.27","NAKUSP CS","1145297","2018-10-31 00:00","2018","10","31","00:00","6.2","","3.5","","83","","0.0","","9","","5","","","","95.83","","","","","","NA"
"-117.82","50.27","NAKUSP CS","1145297","2018-10-31 01:00","2018","10","31","01:00","5.6","","4.1","","90","","0.2","","14","","8","","","","95.78","","","","","","NA"
"-117.82","50.27","NAKUSP CS","1145297","2018-10-31 02:00","2018","10","31","02:00","5.5","","3.8","","89","","0.0","","12","","7","","","","95.74","","","","","","NA"
"-117.82","50.27","NAKUSP CS","1145297","2018-10-31 03:00","2018","10","31","03:00","5.4","","3.5","","88","","0.3","","12","","8","","","","95.67","","","","","","NA"
"-117.82","50.27","NAKUSP CS","1145297","2018-10-31 04:00","2018","10","31","04:00","5.1","","3.5","","89","","0.4","","13","","10","","","","95.54","","","","","","NA"
"-117.82","50.27","NAKUSP CS","1145297","2018-10-31 05:00","2018","10","31","05:00","5.0","","4.1","","93","","0.0","","14","","7","","","","95.48","","","","","","NA"
"-117.82","50.27","NAKUSP CS","1145297","2018-10-31 06:00","2018","10","31","06:00","4.8","","3.3","","90","","0.7","","12","","8","","","","95.41","","","","","","NA"
"-117.82","50.27","NAKUSP CS","1145297","2018-10-31 07:00","2018","10","31","07:00","4.7","","3.5","","92","","0.7","","11","","4","","","","95.37","","","","","","NA"
"-117.82","50.27","NAKUSP CS","1145297","2018-10-31 08:00","2018","10","31","08:00","4.6","","3.5","","92","","1.4","","12","","7","","","","95.35","","","","","","NA"
"-117.82","50.27","NAKUSP CS","1145297","2018-10-31 09:00","2018","10","31","09:00","4.7","","3.5","","92","","1.0","","11","","5","","","","95.38","","","","","","NA"
"-117.82","50.27","NAKUSP CS","1145297","2018-10-31 10:00","2018","10","31","10:00","4.8","","3.5","","91","","1.4","","12","","8","","","","95.38","","","","","","NA"
"-117.82","50.27","NAKUSP CS","1145297","2018-10-31 11:00","2018","10","31","11:00","5.2","","3.8","","91","","0.2","","13","","3","","","","95.41","","","","","","NA"
"-117.82","50.27","NAKUSP CS","1145297","2018-10-31 12:00","2018","10","31","12:00","5.7","","3.7","","87","","0.4","","11","","5","","","","95.42","","","","","","NA"
"-117.82","50.27","NAKUSP CS","1145297","2018-10-31 13:00","2018","10","31","13:00","6.0","","4.4","","89","","0.2","","14","","5","","","","95.41","","","","","","NA"
"-117.82","50.27","NAKUSP CS","1145297","2018-10-31 14:00","2018","10","31","14:00","6.1","","4.3","","88","","0.0","","13","","4","","","","95.42","","","","","","NA"
"-117.82","50.27","NAKUSP CS","1145297","2018-10-31 15:00","2018","10","31","15:00","5.9","","4.4","","90","","0.0","","12","","7","","","","95.44","","","","","","NA"
"-117.82","50.27","NAKUSP CS","1145297","2018-10-31 16:00","2018","10","31","16:00","5.4","","4.4","","93","","0.0","","14","","5","","","","95.47","","","","","","NA"
"-117.82","50.27","NAKUSP CS","1145297","2018-10-31 17:00","2018","10","31","17:00","5.4","","4.4","","93","","0.0","","12","","7","","","","95.46","","","","","","NA"
"-117.82","50.27","NAKUSP CS","1145297","2018-10-31 18:00","2018","10","31","18:00","5.4","","4.0","","91","","0.2","","13","","8","","","","95.47","","","","","","NA"
"-117.82","50.27","NAKUSP CS","1145297","2018-10-31 19:00","2018","10","31","19:00","5.4","","3.8","","89","","0.0","","11","","6","","","","95.45","","","","","","NA"
"-117.82","50.27","NAKUSP CS","1145297","2018-10-31 20:00","2018","10","31","20:00","5.1","","4.1","","94","","0.3","","9","","4","","","","95.48","","","","","","NA"
"-117.82","50.27","NAKUSP CS","1145297","2018-10-31 21:00","2018","10","31","21:00","5.3","","4.0","","91","","0.0","","11","","6","","","","95.51","","","","","","NA"
"-117.82","50.27","NAKUSP CS","1145297","2018-10-31 22:00","2018","10","31","22:00","4.9","","4.1","","95","","0.0","","12","","5","","","","95.52","","","","","","NA"
"-117.82","50.27","NAKUSP CS","1145297","2018-10-31 23:00","2018","10","31","23:00","5.0","","4.0","","93","","0.0","","12","","6","","","","95.55","","","","","","NA"
