"Longitude (x)","Latitude (y)","Station Name","Climate ID","Date/Time (LST)","Year","Month","Day","Time (LST)","Temp (°C)","Temp Flag","Dew Point Temp (°C)","Dew Point Temp Flag","Rel Hum (%)","Rel Hum Flag","Precip. Amount (mm)","Precip. Amount Flag","Wind Dir (10s deg)","Wind Dir Flag","Wind Spd (km/h)","Wind Spd Flag","Visibility (km)","Visibility Flag","Stn Press (kPa)","Stn Press Flag","Hmdx","Hmdx Flag","Wind Chill","Wind Chill Flag","Weather"
"-63.51","44.63","SHEARWATER RCS","8205092","2022-11-01 00:00","2022","11","01","00:00","10.9","","9.2","","89","","0.0","","24","","6","","","","101.48","","","","","","NA"
"-63.51","44.63","SHEARWATER RCS","8205092","2022-11-01 01:00","2022","11","01","01:00","11.1","","8.1","","82","","0.0","","26","","4","","","","101.44","","","","","","NA"
"-63.51","44.63","SHEARWATER RCS","8205092","2022-11-01 02:00","2022","11","01","02:00","10.9","","8.7","","87","","0.0","","16","","2","","","","101.45","","","","","","NA"
"-63.51","44.63","SHEARWATER RCS","8205092","2022-11-01 03:00","2022","11","01","03:00","11.6","","8.7","","82","","0.0","","21","","5","","","","101.46","","","","","","NA"
"-63.51","44.63","SHEARWATER RCS","8205092","2022-11-01 04:00","2022","11","01","04:00","11.6","","9.2","","85","","0.0","","","","0","","","","101.45","","","","","","NA"
"-63.51","44.63","SHEARWATER RCS","8205092","2022-11-01 05:00","2022","11","01","05:00","11.4","","10.2","","93","","0.0","","6","","1","","","","101.43","","","","","","NA"
"-63.51","44.63","SHEARWATER RCS","8205092","2022-11-01 06:00","2022","11","01","06:00","11.6","","10.8","","95","","0.0","","22","","6","","","","101.42","","","","","","NA"
"-63.51","44.63","SHEARWATER RCS","8205092","2022-11-01 07:00","2022","11","01","07:00","12.6","","11.8","","95","","0.0","","20","","9","","","","101.41","","","","","","NA"
"-63.51","44.63","SHEARWATER RCS","8205092","2022-11-01 08:00","2022","11","01","08:00","13.2","","12.4","","95","","0.0","","19","","8","","","","101.43","","","","","","NA"
"-63.51","44.63","SHEARWATER RCS","8205092","2022-11-01 09:00","2022","11","01","09:00","13.9","","12.5","","92","","0.0","","18","","9","","","","101.41","","","","","","NA"
"-63.51","44.63","SHEARWATER RCS","8205092","2022-11-01 10:00","2022","11","01","10:00","14.0","","13.4","","96","","0.0","","17","","10","","","","101.36","","","","","","NA"
"-63.51","44.63","SHEARWATER RCS","8205092","2022-11-01 11:00","2022","11","01","11:00","14.3","","14.1","","99","","0.0","","17","","12","","","","101.33","","","","","","NA"
"-63.51","44.63","SHEARWATER RCS","8205092","2022-11-01 12:00","2022","11","01","12:00","14.5","","14.4","","99","","1.8","","19","","13","","","","101.24","","","","","","NA"
"-63.51","44.63","SHEARWATER RCS","8205092","2022-11-01 13:00","2022","11","01","13:00","14.7","","14.6","","99","","0.5","","19","","17","","","","101.16","","","","","","NA"
"-63.51","44.63","SHEARWATER RCS","8205092","2022-11-01 14:00","2022","11","01","14:00","15.0","","14.9","","99","","0.2","","20","","14","","","","101.10","","","","","","NA"
"-63.51","44.63","SHEARWATER RCS","8205092","2022-11-01 15:00","2022","11","01","15:00","15.1","","14.9","","99","","0.2","","22","","14","","","","101.05","","","","","","NA"
"-63.51","44.63","SHEARWATER RCS","8205092","2022-11-01 16:00","2022","11","01","16:00","14.9","","14.5","","97","","0.0","","21","","7","","","","100.98","","","","","","NA"
"-63.51","44.63","SHEARWATER RCS","8205092","2022-11-01 17:00","2022","11","01","17:00","14.4","","14.2","","99","","0.0","","22","","5","","","","100.99","","","","","","NA"
"-63.51","44.63","SHEARWATER RCS","8205092","2022-11-01 18:00","2022","11","01","18:00","14.2","","14.1","","99","","0.0","","20","","7","","","","101.00","","","","","","NA"
"-63.51","44.63","SHEARWATER RCS","8205092","2022-11-01 19:00","2022","11","01","19:00","14.3","","14.0","","99","","0.0","","24","","8","","","","101.00","","","","","","NA"
"-63.51","44.63","SHEARWATER RCS","8205092","2022-11-01 20:00","2022","11","01","20:00","14.4","","14.1","","98","","0.0","","26","","6","","","","100.97","","","","","","NA"
"-63.51","44.63","SHEARWATER RCS","8205092","2022-11-01 21:00","2022","11","01","21:00","14.6","","14.1","","97","","0.0","","25","","6","","","","100.95","","","","","","NA"
"-63.51","44.63","SHEARWATER RCS","8205092","2022-11-01 22:00","2022","11","01","22:00","14.5","","14.0","","96","","0.0","","24","","8","","","","100.95","","","","","","NA"
"-63.51","44.63","SHEARWATER RCS","8205092","2022-11-01 23:00","2022","11","01","23:00","14.1","","13.7","","97","","0.0","","24","","7","","","","100.90","","","","","","NA"
"-63.51","44.63","SHEARWATER RCS","8205092","2022-11-02 00:00","2022","11","02","00:00","14.0","","13.4","","96","","0.0","","27","","6","","","","100.85","","","","","","NA"
"-63.51","44.63","SHEARWATER RCS","8205092","2022-11-02 01:00","2022","11","02","01:00","13.5","","12.5","","94","","0.0","","30","","6","","","","100.88","","","","","","NA"
"-63.51","44.63","SHEARWATER RCS","8205092","2022-11-02 02:00","2022","11","02","02:00","12.8","","11.3","","90","","0.0","","28","","8","","","","100.93","","","","","","NA"
"-63.51","44.63","SHEARWATER RCS","8205092","2022-11-02 03:00","2022","11","02","03:00","12.3","","11.1","","93","","0.0","","30","","4","","","","100.93","","","","","","NA"
"-63.51","44.63","SHEARWATER RCS","8205092","2022-11-02 04:00","2022","11","02","04:00","11.7","","11.0","","95","","0.0","","26","","6","","","","100.97","","","","","","NA"
"-63.51","44.63","SHEARWATER RCS","8205092","2022-11-02 05:00","2022","11","02","05:00","11.5","","10.7","","94","","0.0","","29","","7","","","","100.97","","","","","","NA"
"-63.51","44.63","SHEARWATER RCS","8205092","2022-11-02 06:00","2022","11","02","06:00","11.1","","10.3","","95","","0.0","","31","","9","","","","101.03","","","","","","NA"
"-63.51","44.63","SHEARWATER RCS","8205092","2022-11-02 07:00","2022","11","02","07:00","10.6","","9.7","","94","","0.0","","32","","9","","","","101.08","","","","","","NA"
"-63.51","44.63","SHEARWATER RCS","8205092","2022-11-02 08:00","2022","11","02","08:00","12.2","","9.9","","86","","0.0","","32","","17","","","","101.22","","","","","","NA"
"-63.51","44.63","SHEARWATER RCS","8205092","2022-11-02 09:00","2022","11","02","09:00","13.8","","10.4","","80","","0.0","","32","","12","","","","101.29","","","","","","NA"
"-63.51","44.63","SHEARWATER RCS","8205092","2022-11-02 10:00","2022","11","02","10:00","14.2","","7.1","","62","","0.0","","33","","22","","","","101.31","","","","","","NA"
"-63.51","44.63","SHEARWATER RCS","8205092","2022-11-02 11:00","2022","11","02","11:00","14.7","","5.5","","54","","0.0","","33","","19","","","","101.38","","","","","","NA"
"-63.51","44.63","SHEARWATER RCS","8205092","2022-11-02 12:00","2022","11","02","12:00","15.0","","5.0","","51","","0.0","","32","","20","","","","101.40","","","","","","NA"
"-63.51","44.63","SHEARWATER RCS","8205092","2022-11-02 13:00","2022","11","02","13:00","15.5","","1.0","","37","","0.0","","31","","21","","","","101.36","","","","","","NA"
"-63.51","44.63","SHEARWATER RCS","8205092","2022-11-02 14:00","2022","11","02","14:00","15.6","","-2.5","","29","","0.0","","32","","24","","","","101.37","","","","","","NA"
"-63.51","44.63","SHEARWATER RCS","8205092","2022-11-02 15:00","2022","11","02","15:00","15.4","","-3.3","","27","","0.0","","32","","22","","","","101.42","","","","","","NA"
"-63.51","44.63","SHEARWATER RCS","8205092","2022-11-02 16:00","2022","11","02","16:00","14.6","","-1.8","","32","","0.0","","32","","23","","","","101.47","","","","","","NA"
"-63.51","44.63","SHEARWATER RCS","8205092","2022-11-02 17:00","2022","11","02","17:00","13.1","","-3.3","","32","","0.0","","33","","18","","","","101.57","","","","","","NA"
"-63.51","44.63","SHEARWATER RCS","8205092","2022-11-02 18:00","2022","11","02","18:00","11.3","","-3.2","","36","","0.0","","33","","9","","","","101.69","","","","","","NA"
"-63.51","44.63","SHEARWATER RCS","8205092","2022-11-02 19:00","2022","11","02","19:00","10.3","","-2.3","","41","","0.0","","33","","12","","","","101.77","","","","","","NA"
"-63.51","44.63","SHEARWATER RCS","8205092","2022-11-02 20:00","2022","11","02","20:00","9.4","","-2.2","","44","","0.0","","34","","10","","","","101.84","","","","","","NA"
"-63.51","44.63","SHEARWATER RCS","8205092","2022-11-02 21:00","2022","11","02","21:00","9.0","","-3.3","","42","","0.0","","33","","15","","","","101.93","","","","","","NA"
"-63.51","44.63","SHEARWATER RCS","8205092","2022-11-02 22:00","2022","11","02","22:00","8.4","","-5.0","","38","","0.0","","33","","18","","","","102.02","","","","","","NA"
"-63.51","44.63","SHEARWATER RCS","8205092","2022-11-02 23:00","2022","11","02","23:00","7.4","","-6.2","","37","","0.0","","33","","17","","","","102.09","","","","","","NA"
"-63.51","44.63","SHEARWATER RCS","8205092","2022-11-03 00:00","2022","11","03","00:00","6.5","","-5.6","","42","","0.0","","34","","16","","","","102.12","","","","","","NA"
"-63.51","44.63","SHEARWATER RCS","8205092","2022-11-03 01:00","2022","11","03","01:00","5.8","","-4.6","","47","","0.0","","33","","18","","","","102.16","","","","","","NA"
"-63.51","44.63","SHEARWATER RCS","8205092","2022-11-03 02:00","2022","11","03","02:00","4.5","","-4.9","","50","","0.0","","32","","11","","","","102.21","","","","","","NA"
"-63.51","44.63","SHEARWATER RCS","8205092","2022-11-03 03:00","2022","11","03","03:00","4.0","","-4.7","","53","","0.0","","31","","11","","","","102.27","","","","","","NA"
"-63.51","44.63","SHEARWATER RCS","8205092","2022-11-03 04:00","2022","11","03","04:00","3.4","","-4.4","","56","","0.0","","32","","10","","","","102.29","","","","","","NA"
"-63.51","44.63","SHEARWATER RCS","8205092","2022-11-03 05:00","2022","11","03","05:00","3.6","","-4.7","","55","","0.0","","33","","12","","","","102.34","","","","","","NA"
"-63.51","44.63","SHEARWATER RCS","8205092","2022-11-03 06:00","2022","11","03","06:00","3.1","","-4.6","","57","","0.0","","31","","10","","","","102.40","","","","","","NA"
"-63.51","44.63","SHEARWATER RCS","8205092","2022-11-03 07:00","2022","11","03","07:00","2.9","","-4.3","","59","","0.0","","33","","11","","","","102.43","","","","","","NA"
"-63.51","44.63","SHEARWATER RCS","8205092","2022-11-03 08:00","2022","11","03","08:00","5.0","","-4.1","","52","","0.0","","32","","15","","","","102.47","","","","","","NA"
"-63.51","44.63","SHEARWATER RCS","8205092","2022-11-03 09:00","2022","11","03","09:00","6.2","","-5.0","","45","","0.0","","33","","14","","","","102.51","","","","","","NA"
"-63.51","44.63","SHEARWATER RCS","8205092","2022-11-03 10:00","2022","11","03","10:00","8.0","","-4.5","","41","","0.0","","30","","10","","","","102.49","","","","","","NA"
"-63.51","44.63","SHEARWATER RCS","8205092","2022-11-03 11:00","2022","11","03","11:00","10.0","","-4.0","","37","","0.0","","29","","11","","","","102.49","","","","","","NA"
"-63.51","44.63","SHEARWATER RCS","8205092","2022-11-03 12:00","2022","11","03","12:00","10.7","","-5.7","","31","","0.0","","30","","14","","","","102.41","","","","","","NA"
"-63.51","44.63","SHEARWATER RCS","8205092","2022-11-03 13:00","2022","11","03","13:00","12.5","","-6.3","","26","","0.0","","29","","9","","","","102.32","","","","","","NA"
"-63.51","44.63","SHEARWATER RCS","8205092","2022-11-03 14:00","2022","11","03","14:00","13.6","","-4.2","","29","","0.0","","27","","8","","","","102.27","","","","","","NA"
"-63.51","44.63","SHEARWATER RCS","8205092","2022-11-03 15:00","2022","11","03","15:00","13.5","","-2.2","","34","","0.0","","25","","13","","","","102.22","","","","","","NA"
"-63.51","44.63","SHEARWATER RCS","8205092","2022-11-03 16:00","2022","11","03","16:00","12.2","","1.3","","47","","0.0","","23","","11","","","","102.25","","","","","","NA"
"-63.51","44.63","SHEARWATER RCS","8205092","2022-11-03 17:00","2022","11","03","17:00","10.4","","2.6","","58","","0.0","","23","","10","","","","102.22","","","","","","NA"
"-63.51","44.63","SHEARWATER RCS","8205092","2022-11-03 18:00","2022","11","03","18:00","10.1","","4.3","","67","","0.0","","24","","11","","","","102.21","","","","","","NA"
"-63.51","44.63","SHEARWATER RCS","8205092","2022-11-03 19:00","2022","11","03","19:00","8.8","","3.9","","71","","0.0","","25","","8","","","","102.21","","","","","","NA"
"-63.51","44.63","SHEARWATER RCS","8205092","2022-11-03 20:00","2022","11","03","20:00","8.7","","3.6","","70","","0.0","","24","","6","","","","102.20","","","","","","NA"
"-63.51","44.63","SHEARWATER RCS","8205092","2022-11-03 21:00","2022","11","03","21:00","8.7","","-1.0","","51","","0.0","","25","","8","","","","102.22","","","","","","NA"
"-63.51","44.63","SHEARWATER RCS","8205092","2022-11-03 22:00","2022","11","03","22:00","8.4","","0.2","","56","","0.0","","25","","6","","","","102.26","","","","","","NA"
"-63.51","44.63","SHEARWATER RCS","8205092","2022-11-03 23:00","2022","11","03","23:00","7.8","","2.1","","67","","0.0","","29","","5","","","","102.26","","","","","","NA"
"-63.51","44.63","SHEARWATER RCS","8205092","2022-11-04 00:00","2022","11","04","00:00","8.4","","4.2","","75","","0.0","","26","","7","","","","102.27","","","","","","NA"
"-63.51","44.63","SHEARWATER RCS","8205092","2022-11-04 01:00","2022","11","04","01:00","8.9","","5.2","","78","","0.0","","26","","10","","","","102.25","","","","","","NA"
"-63.51","44.63","SHEARWATER RCS","8205092","2022-11-04 02:00","2022","11","04","02:00","8.6","","5.9","","83","","0.0","","24","","6","","","","102.23","","","","","","NA"
"-63.51","44.63","SHEARWATER RCS","8205092","2022-11-04 03:00","2022","11","04","03:00","8.4","","6.7","","89","","0.0","","23","","8","","","","102.21","","","","","","NA"
"-63.51","44.63","SHEARWATER RCS","8205092","2022-11-04 04:00","2022","11","04","04:00","8.8","","7.1","","89","","0.0","","23","","7","","","","102.19","","","","","","NA"
"-63.51","44.63","SHEARWATER RCS","8205092","2022-11-04 05:00","2022","11","04","05:00","8.8","","7.2","","90","","0.0","","23","","7","","","","102.19","","","","","","NA"
"-63.51","44.63","SHEARWATER RCS","8205092","2022-11-04 06:00","2022","11","04","06:00","9.3","","7.5","","88","","0.0","","24","","6","","","","102.18","","","","","","NA"
"-63.51","44.63","SHEARWATER RCS","8205092","2022-11-04 07:00","2022","11","04","07:00","9.9","","8.1","","88","","0.0","","26","","7","","","","102.16","","","","","","NA"
"-63.51","44.63","SHEARWATER RCS","8205092","2022-11-04 08:00","2022","11","04","08:00","11.1","","8.5","","84","","0.0","","27","","7","","","","102.21","","","","","","NA"
"-63.51","44.63","SHEARWATER RCS","8205092","2022-11-04 09:00","2022","11","04","09:00","12.9","","9.2","","78","","0.0","","28","","9","","","","102.24","","","","","","NA"
"-63.51","44.63","SHEARWATER RCS","8205092","2022-11-04 10:00","2022","11","04","10:00","14.6","","9.2","","70","","0.0","","27","","10","","","","102.22","","","","","","NA"
"-63.51","44.63","SHEARWATER RCS","8205092","2022-11-04 11:00","2022","11","04","11:00","16.9","","9.4","","61","","0.0","","27","","9","","","","102.20","","","","","","NA"
"-63.51","44.63","SHEARWATER RCS","8205092","2022-11-04 12:00","2022","11","04","12:00","18.0","","9.4","","57","","0.0","","24","","11","","","","102.15","","","","","","NA"
"-63.51","44.63","SHEARWATER RCS","8205092","2022-11-04 13:00","2022","11","04","13:00","18.5","","10.4","","59","","0.0","","23","","11","","","","102.11","","","","","","NA"
"-63.51","44.63","SHEARWATER RCS","8205092","2022-11-04 14:00","2022","11","04","14:00","18.5","","10.1","","58","","0.0","","22","","12","","","","102.07","","","","","","NA"
"-63.51","44.63","SHEARWATER RCS","8205092","2022-11-04 15:00","2022","11","04","15:00","18.5","","10.0","","58","","0.0","","23","","12","","","","102.08","","","","","","NA"
"-63.51","44.63","SHEARWATER RCS","8205092","2022-11-04 16:00","2022","11","04","16:00","17.4","","10.7","","64","","0.0","","22","","8","","","","102.07","","","","","","NA"
"-63.51","44.63","SHEARWATER RCS","8205092","2022-11-04 17:00","2022","11","04","17:00","15.0","","10.7","","76","","0.0","","22","","8","","","","102.09","","","","","","NA"
"-63.51","44.63","SHEARWATER RCS","8205092","2022-11-04 18:00","2022","11","04","18:00","13.9","","10.6","","80","","0.0","","21","","8","","","","102.10","","","","","","NA"
"-63.51","44.63","SHEARWATER RCS","8205092","2022-11-04 19:00","2022","11","04","19:00","13.2","","10.2","","82","","0.0","","24","","5","","","","102.13","","","","","","NA"
"-63.51","44.63","SHEARWATER RCS","8205092","2022-11-04 20:00","2022","11","04","20:00","13.8","","10.3","","79","","0.0","","25","","10","","","","102.14","","","","","","NA"
"-63.51","44.63","SHEARWATER RCS","8205092","2022-11-04 21:00","2022","11","04","21:00","13.1","","10.6","","85","","0.0","","25","","9","","","","102.12","","","","","","NA"
"-63.51","44.63","SHEARWATER RCS","8205092","2022-11-04 22:00","2022","11","04","22:00","12.6","","10.7","","89","","0.0","","24","","12","","","","102.18","","","","","","NA"
"-63.51","44.63","SHEARWATER RCS","8205092","2022-11-04 23:00","2022","11","04","23:00","13.2","","11.5","","89","","0.0","","24","","10","","","","102.16","","","","","","NA"
"-63.51","44.63","SHEARWATER RCS","8205092","2022-11-05 00:00","2022","11","05","00:00","12.5","","11.2","","92","","0.0","","24","","11","","","","102.16","","","","","","NA"
"-63.51","44.63","SHEARWATER RCS","8205092","2022-11-05 01:00","2022","11","05","01:00","12.2","","11.3","","94","","0.0","","23","","8","","","","102.14","","","","","","NA"
"-63.51","44.63","SHEARWATER RCS","8205092","2022-11-05 02:00","2022","11","05","02:00","13.1","","11.9","","93","","0.0","","22","","9","","","","102.11","","","","","","NA"
"-63.51","44.63","SHEARWATER RCS","8205092","2022-11-05 03:00","2022","11","05","03:00","13.5","","12.2","","92","","0.0","","24","","11","","","","102.12","","","","","","NA"
"-63.51","44.63","SHEARWATER RCS","8205092","2022-11-05 04:00","2022","11","05","04:00","13.5","","12.3","","93","","0.0","","24","","11","","","","102.08","","","","","","NA"
"-63.51","44.63","SHEARWATER RCS","8205092","2022-11-05 05:00","2022","11","05","05:00","13.6","","12.4","","92","","0.0","","24","","11","","","","102.11","","","","","","NA"
"-63.51","44.63","SHEARWATER RCS","8205092","2022-11-05 06:00","2022","11","05","06:00","13.3","","12.3","","94","","0.0","","24","","8","","","","102.07","","","","","","NA"
"-63.51","44.63","SHEARWATER RCS","8205092","2022-11-05 07:00","2022","11","05","07:00","13.0","","12.3","","95","","0.0","","24","","11","","","","102.08","","","","","","NA"
"-63.51","44.63","SHEARWATER RCS","8205092","2022-11-05 08:00","2022","11","05","08:00","14.2","","12.8","","91","","0.0","","24","","10","","","","102.11","","","","","","NA"
"-63.51","44.63","SHEARWATER RCS","8205092","2022-11-05 09:00","2022","11","05","09:00","15.9","","13.4","","85","","0.0","","24","","14","","","","102.12","","","","","","NA"
"-63.51","44.63","SHEARWATER RCS","8205092","2022-11-05 10:00","2022","11","05","10:00","16.3","","13.7","","85","","0.0","","24","","16","","","","102.12","","","","","","NA"
"-63.51","44.63","SHEARWATER RCS","8205092","2022-11-05 11:00","2022","11","05","11:00","18.1","","14.4","","79","","0.0","","25","","16","","","","102.09","","","","","","NA"
"-63.51","44.63","SHEARWATER RCS","8205092","2022-11-05 12:00","2022","11","05","12:00","19.1","","14.7","","75","","0.0","","24","","19","","","","102.04","","","","","","NA"
"-63.51","44.63","SHEARWATER RCS","8205092","2022-11-05 13:00","2022","11","05","13:00","19.1","","14.9","","77","","0.0","","23","","19","","","","101.99","","","","","","NA"
"-63.51","44.63","SHEARWATER RCS","8205092","2022-11-05 14:00","2022","11","05","14:00","19.7","","14.9","","74","","0.0","","22","","19","","","","101.95","","","","","","NA"
"-63.51","44.63","SHEARWATER RCS","8205092","2022-11-05 15:00","2022","11","05","15:00","20.1","","14.7","","71","","0.0","","23","","13","","","","101.94","","","","","","NA"
"-63.51","44.63","SHEARWATER RCS","8205092","2022-11-05 16:00","2022","11","05","16:00","19.1","","14.7","","75","","0.0","","22","","12","","","","101.98","","","","","","NA"
"-63.51","44.63","SHEARWATER RCS","8205092","2022-11-05 17:00","2022","11","05","17:00","17.3","","14.4","","83","","0.0","","22","","13","","","","101.99","","","","","","NA"
"-63.51","44.63","SHEARWATER RCS","8205092","2022-11-05 18:00","2022","11","05","18:00","17.0","","14.6","","86","","0.0","","24","","16","","","","102.03","","","","","","NA"
"-63.51","44.63","SHEARWATER RCS","8205092","2022-11-05 19:00","2022","11","05","19:00","17.5","","14.6","","83","","0.0","","24","","19","","","","102.08","","","","","","NA"
"-63.51","44.63","SHEARWATER RCS","8205092","2022-11-05 20:00","2022","11","05","20:00","15.8","","14.0","","89","","0.0","","22","","14","","","","102.13","","","","","","NA"
"-63.51","44.63","SHEARWATER RCS","8205092","2022-11-05 21:00","2022","11","05","21:00","16.5","","14.2","","87","","0.0","","24","","16","","","","102.18","","","","","","NA"
"-63.51","44.63","SHEARWATER RCS","8205092","2022-11-05 22:00","2022","11","05","22:00","16.4","","14.0","","86","","0.0","","24","","14","","","","102.22","","","","","","NA"
"-63.51","44.63","SHEARWATER RCS","8205092","2022-11-05 23:00","2022","11","05","23:00","15.3","","13.8","","90","","0.0","","21","","10","","","","102.25","","","","","","NA"
"-63.51","44.63","SHEARWATER RCS","8205092","2022-11-06 00:00","2022","11","06","00:00","14.7","","13.7","","94","","0.0","","22","","9","","","","102.27","","","","","","NA"
"-63.51","44.63","SHEARWATER RCS","8205092","2022-11-06 01:00","2022","11","06","01:00","14.5","","13.8","","96","","0.0","","22","","9","","","","102.27","","","","","","NA"
"-63.51","44.63","SHEARWATER RCS","8205092","2022-11-06 02:00","2022","11","06","02:00","15.4","","14.4","","94","","0.0","","24","","14","","","","102.28","","","","","","NA"
"-63.51","44.63","SHEARWATER RCS","8205092","2022-11-06 03:00","2022","11","06","03:00","14.9","","14.1","","95","","0.0","","24","","10","","","","102.27","","","","","","NA"
"-63.51","44.63","SHEARWATER RCS","8205092","2022-11-06 04:00","2022","11","06","04:00","14.4","","13.9","","97","","0.0","","22","","8","","","","102.27","","","","","","NA"
"-63.51","44.63","SHEARWATER RCS","8205092","2022-11-06 05:00","2022","11","06","05:00","14.1","","13.9","","98","","0.0","","22","","8","","","","102.28","","","","","","NA"
"-63.51","44.63","SHEARWATER RCS","8205092","2022-11-06 06:00","2022","11","06","06:00","13.6","","13.4","","98","","0.0","","20","","5","","","","102.28","","","","","","NA"
"-63.51","44.63","SHEARWATER RCS","8205092","2022-11-06 07:00","2022","11","06","07:00","13.8","","13.6","","98","","0.0","","22","","7","","","","102.30","","","","","","NA"
"-63.51","44.63","SHEARWATER RCS","8205092","2022-11-06 08:00","2022","11","06","08:00","14.7","","13.9","","95","","0.0","","18","","7","","","","102.32","","","","","","NA"
"-63.51","44.63","SHEARWATER RCS","8205092","2022-11-06 09:00","2022","11","06","09:00","17.0","","15.0","","88","","0.0","","22","","8","","","","102.35","","","","","","NA"
"-63.51","44.63","SHEARWATER RCS","8205092","2022-11-06 10:00","2022","11","06","10:00","18.5","","14.3","","77","","0.0","","21","","11","","","","102.34","","","","","","NA"
"-63.51","44.63","SHEARWATER RCS","8205092","2022-11-06 11:00","2022","11","06","11:00","19.5","","14.6","","73","","0.0","","22","","12","","","","102.32","","","","","","NA"
"-63.51","44.63","SHEARWATER RCS","8205092","2022-11-06 12:00","2022","11","06","12:00","20.4","","15.0","","71","","0.0","","22","","18","","","","102.25","","","","","","NA"
"-63.51","44.63","SHEARWATER RCS","8205092","2022-11-06 13:00","2022","11","06","13:00","20.2","","15.0","","72","","0.0","","21","","23","","","","102.17","","","","","","NA"
"-63.51","44.63","SHEARWATER RCS","8205092","2022-11-06 14:00","2022","11","06","14:00","20.6","","15.3","","72","","0.0","","22","","22","","","","102.11","","25","","","","NA"
"-63.51","44.63","SHEARWATER RCS","8205092","2022-11-06 15:00","2022","11","06","15:00","19.3","","15.1","","77","","0.0","","22","","19","","","","102.10","","","","","","NA"
"-63.51","44.63","SHEARWATER RCS","8205092","2022-11-06 16:00","2022","11","06","16:00","18.2","","14.9","","81","","0.0","","21","","17","","","","102.09","","","","","","NA"
"-63.51","44.63","SHEARWATER RCS","8205092","2022-11-06 17:00","2022","11","06","17:00","16.9","","14.8","","87","","0.0","","21","","18","","","","102.08","","","","","","NA"
"-63.51","44.63","SHEARWATER RCS","8205092","2022-11-06 18:00","2022","11","06","18:00","16.4","","14.6","","89","","0.0","","22","","15","","","","102.07","","","","","","NA"
"-63.51","44.63","SHEARWATER RCS","8205092","2022-11-06 19:00","2022","11","06","19:00","16.2","","14.5","","90","","0.0","","21","","18","","","","102.06","","","","","","NA"
"-63.51","44.63","SHEARWATER RCS","8205092","2022-11-06 20:00","2022","11","06","20:00","16.0","","14.6","","92","","0.0","","22","","16","","","","102.02","","","","","","NA"
"-63.51","44.63","SHEARWATER RCS","8205092","2022-11-06 21:00","2022","11","06","21:00","16.1","","14.7","","91","","0.0","","22","","21","","","","101.96","","","","","","NA"
"-63.51","44.63","SHEARWATER RCS","8205092","2022-11-06 22:00","2022","11","06","22:00","16.2","","14.7","","91","","0.0","","22","","22","","","","101.96","","","","","","NA"
"-63.51","44.63","SHEARWATER RCS","8205092","2022-11-06 23:00","2022","11","06","23:00","16.3","","14.8","","91","","0.0","","22","","20","","","","101.97","","","","","","NA"
"-63.51","44.63","SHEARWATER RCS","8205092","2022-11-07 00:00","2022","11","07","00:00","16.4","","14.9","","91","","0.0","","22","","16","","","","101.95","","","","","","NA"
"-63.51","44.63","SHEARWATER RCS","8205092","2022-11-07 01:00","2022","11","07","01:00","16.0","","14.8","","92","","0.0","","23","","21","","","","101.91","","","","","","NA"
"-63.51","44.63","SHEARWATER RCS","8205092","2022-11-07 02:00","2022","11","07","02:00","16.2","","15.0","","93","","0.0","","22","","18","","","","101.88","","","","","","NA"
"-63.51","44.63","SHEARWATER RCS","8205092","2022-11-07 03:00","2022","11","07","03:00","16.0","","15.0","","94","","0.0","","23","","17","","","","101.85","","","","","","NA"
"-63.51","44.63","SHEARWATER RCS","8205092","2022-11-07 04:00","2022","11","07","04:00","15.8","","14.9","","95","","0.0","","23","","16","","","","101.83","","","","","","NA"
"-63.51","44.63","SHEARWATER RCS","8205092","2022-11-07 05:00","2022","11","07","05:00","15.7","","15.0","","95","","0.0","","22","","18","","","","101.75","","","","","","NA"
"-63.51","44.63","SHEARWATER RCS","8205092","2022-11-07 06:00","2022","11","07","06:00","15.6","","14.9","","96","","0.0","","22","","16","","","","101.71","","","","","","NA"
"-63.51","44.63","SHEARWATER RCS","8205092","2022-11-07 07:00","2022","11","07","07:00","15.4","","14.6","","95","","0.0","","22","","13","","","","101.65","","","","","","NA"
"-63.51","44.63","SHEARWATER RCS","8205092","2022-11-07 08:00","2022","11","07","08:00","16.5","","14.8","","89","","0.0","","22","","18","","","","101.61","","","","","","NA"
"-63.51","44.63","SHEARWATER RCS","8205092","2022-11-07 09:00","2022","11","07","09:00","17.4","","15.0","","86","","0.0","","22","","21","","","","101.57","","","","","","NA"
"-63.51","44.63","SHEARWATER RCS","8205092","2022-11-07 10:00","2022","11","07","10:00","18.3","","15.2","","82","","0.0","","22","","27","","","","101.49","","","","","","NA"
"-63.51","44.63","SHEARWATER RCS","8205092","2022-11-07 11:00","2022","11","07","11:00","16.4","","15.4","","94","","0.0","","21","","22","","","","101.40","","","","","","NA"
"-63.51","44.63","SHEARWATER RCS","8205092","2022-11-07 12:00","2022","11","07","12:00","17.1","","15.6","","91","","0.0","","22","","23","","","","101.25","","","","","","NA"
"-63.51","44.63","SHEARWATER RCS","8205092","2022-11-07 13:00","2022","11","07","13:00","17.1","","15.5","","90","","0.0","","22","","22","","","","101.14","","","","","","NA"
"-63.51","44.63","SHEARWATER RCS","8205092","2022-11-07 14:00","2022","11","07","14:00","17.1","","15.3","","89","","0.0","","22","","26","","","","101.03","","","","","","NA"
"-63.51","44.63","SHEARWATER RCS","8205092","2022-11-07 15:00","2022","11","07","15:00","16.9","","15.3","","90","","0.0","","23","","25","","","","100.94","","","","","","NA"
"-63.51","44.63","SHEARWATER RCS","8205092","2022-11-07 16:00","2022","11","07","16:00","15.9","","15.5","","97","","1.8","","22","","20","","","","100.92","","","","","","NA"
"-63.51","44.63","SHEARWATER RCS","8205092","2022-11-07 17:00","2022","11","07","17:00","15.9","","15.4","","97","","0.0","","23","","19","","","","100.88","","","","","","NA"
"-63.51","44.63","SHEARWATER RCS","8205092","2022-11-07 18:00","2022","11","07","18:00","15.8","","15.1","","96","","0.0","","23","","12","","","","100.85","","","","","","NA"
"-63.51","44.63","SHEARWATER RCS","8205092","2022-11-07 19:00","2022","11","07","19:00","15.2","","14.5","","95","","0.0","","23","","16","","","","100.83","","","","","","NA"
"-63.51","44.63","SHEARWATER RCS","8205092","2022-11-07 20:00","2022","11","07","20:00","15.1","","14.0","","93","","0.0","","24","","16","","","","100.82","","","","","","NA"
"-63.51","44.63","SHEARWATER RCS","8205092","2022-11-07 21:00","2022","11","07","21:00","15.0","","11.8","","81","","0.0","","29","","15","","","","100.92","","","","","","NA"
"-63.51","44.63","SHEARWATER RCS","8205092","2022-11-07 22:00","2022","11","07","22:00","14.2","","6.7","","61","","0.0","","31","","18","","","","101.00","","","","","","NA"
"-63.51","44.63","SHEARWATER RCS","8205092","2022-11-07 23:00","2022","11","07","23:00","13.2","","3.1","","50","","0.0","","33","","22","","","","101.12","","","","","","NA"
"-63.51","44.63","SHEARWATER RCS","8205092","2022-11-08 00:00","2022","11","08","00:00","11.7","","3.0","","55","","0.0","","31","","10","","","","101.19","","","","","","NA"
"-63.51","44.63","SHEARWATER RCS","8205092","2022-11-08 01:00","2022","11","08","01:00","11.2","","1.6","","52","","0.0","","30","","17","","","","101.22","","","","","","NA"
"-63.51","44.63","SHEARWATER RCS","8205092","2022-11-08 02:00","2022","11","08","02:00","9.9","","1.5","","56","","0.0","","30","","15","","","","101.25","","","","","","NA"
"-63.51","44.63","SHEARWATER RCS","8205092","2022-11-08 03:00","2022","11","08","03:00","9.4","","1.1","","56","","0.0","","30","","12","","","","101.26","","","","","","NA"
"-63.51","44.63","SHEARWATER RCS","8205092","2022-11-08 04:00","2022","11","08","04:00","9.0","","0.7","","56","","0.0","","30","","18","","","","101.30","","","","","","NA"
"-63.51","44.63","SHEARWATER RCS","8205092","2022-11-08 05:00","2022","11","08","05:00","8.2","","0.6","","59","","0.0","","29","","18","","","","101.33","","","","","","NA"
"-63.51","44.63","SHEARWATER RCS","8205092","2022-11-08 06:00","2022","11","08","06:00","7.7","","0.4","","60","","0.0","","29","","14","","","","101.33","","","","","","NA"
"-63.51","44.63","SHEARWATER RCS","8205092","2022-11-08 07:00","2022","11","08","07:00","7.4","","-0.4","","58","","0.0","","29","","18","","","","101.33","","","","","","NA"
"-63.51","44.63","SHEARWATER RCS","8205092","2022-11-08 08:00","2022","11","08","08:00","7.4","","-1.0","","55","","0.0","","30","","17","","","","101.40","","","","","","NA"
"-63.51","44.63","SHEARWATER RCS","8205092","2022-11-08 09:00","2022","11","08","09:00","6.9","","-4.1","","45","","0.0","","31","","29","","","","101.50","","","","","","NA"
"-63.51","44.63","SHEARWATER RCS","8205092","2022-11-08 10:00","2022","11","08","10:00","7.0","","-3.8","","46","","0.0","","32","","32","","","","101.48","","","","","","NA"
"-63.51","44.63","SHEARWATER RCS","8205092","2022-11-08 11:00","2022","11","08","11:00","7.1","","-3.6","","47","","0.0","","31","","33","","","","101.55","","","","","","NA"
"-63.51","44.63","SHEARWATER RCS","8205092","2022-11-08 12:00","2022","11","08","12:00","8.1","","-3.7","","43","","0.0","","30","","26","","","","101.52","","","","","","NA"
"-63.51","44.63","SHEARWATER RCS","8205092","2022-11-08 13:00","2022","11","08","13:00","7.7","","-4.9","","40","","0.0","","31","","35","","","","101.49","","","","","","NA"
"-63.51","44.63","SHEARWATER RCS","8205092","2022-11-08 14:00","2022","11","08","14:00","7.8","","-4.8","","40","","0.0","","31","","32","","","","101.49","","","","","","NA"
"-63.51","44.63","SHEARWATER RCS","8205092","2022-11-08 15:00","2022","11","08","15:00","6.9","","-5.2","","41","","0.0","","31","","33","","","","101.55","","","","","","NA"
"-63.51","44.63","SHEARWATER RCS","8205092","2022-11-08 16:00","2022","11","08","16:00","6.5","","-4.8","","44","","0.0","","32","","26","","","","101.68","","","","","","NA"
"-63.51","44.63","SHEARWATER RCS","8205092","2022-11-08 17:00","2022","11","08","17:00","6.2","","-5.9","","42","","0.0","","32","","30","","","","101.75","","","","","","NA"
"-63.51","44.63","SHEARWATER RCS","8205092","2022-11-08 18:00","2022","11","08","18:00","6.1","","-5.1","","44","","0.0","","31","","23","","","","101.86","","","","","","NA"
"-63.51","44.63","SHEARWATER RCS","8205092","2022-11-08 19:00","2022","11","08","19:00","6.0","","-5.6","","43","","0.0","","33","","27","","","","101.93","","","","","","NA"
"-63.51","44.63","SHEARWATER RCS","8205092","2022-11-08 20:00","2022","11","08","20:00","5.8","","-5.9","","43","","0.0","","33","","26","","","","102.01","","","","","","NA"
"-63.51","44.63","SHEARWATER RCS","8205092","2022-11-08 21:00","2022","11","08","21:00","5.4","","-6.3","","43","","0.0","","33","","32","","","","102.09","","","","","","NA"
"-63.51","44.63","SHEARWATER RCS","8205092","2022-11-08 22:00","2022","11","08","22:00","4.8","","-6.4","","44","","0.0","","33","","32","","","","102.16","","","","","","NA"
"-63.51","44.63","SHEARWATER RCS","8205092","2022-11-08 23:00","2022","11","08","23:00","4.4","","-6.7","","44","","0.0","","33","","35","","","","102.20","","","","","","NA"
"-63.51","44.63","SHEARWATER RCS","8205092","2022-11-09 00:00","2022","11","09","00:00","4.1","","-6.5","","46","","0.0","","33","","28","","","","102.28","","","","","","NA"
"-63.51","44.63","SHEARWATER RCS","8205092","2022-11-09 01:00","2022","11","09","01:00","3.8","","-6.3","","48","","0.0","","32","","25","","","","102.33","","","","","","NA"
"-63.51","44.63","SHEARWATER RCS","8205092","2022-11-09 02:00","2022","11","09","02:00","3.3","","-6.3","","49","","0.0","","32","","22","","","","102.40","","","","","","NA"
"-63.51","44.63","SHEARWATER RCS","8205092","2022-11-09 03:00","2022","11","09","03:00","3.1","","-6.4","","50","","0.0","","33","","23","","","","102.43","","","","","","NA"
"-63.51","44.63","SHEARWATER RCS","8205092","2022-11-09 04:00","2022","11","09","04:00","3.0","","-6.3","","50","","0.0","","32","","23","","","","102.51","","","","","","NA"
"-63.51","44.63","SHEARWATER RCS","8205092","2022-11-09 05:00","2022","11","09","05:00","2.7","","-6.3","","52","","0.0","","32","","17","","","","102.60","","","","","","NA"
"-63.51","44.63","SHEARWATER RCS","8205092","2022-11-09 06:00","2022","11","09","06:00","2.4","","-6.3","","53","","0.0","","33","","19","","","","102.68","","","","","","NA"
"-63.51","44.63","SHEARWATER RCS","8205092","2022-11-09 07:00","2022","11","09","07:00","2.2","","-6.2","","54","","0.0","","33","","19","","","","102.78","","","","","","NA"
"-63.51","44.63","SHEARWATER RCS","8205092","2022-11-09 08:00","2022","11","09","08:00","2.7","","-5.8","","54","","0.0","","33","","20","","","","102.89","","","","","","NA"
"-63.51","44.63","SHEARWATER RCS","8205092","2022-11-09 09:00","2022","11","09","09:00","3.8","","-5.3","","51","","0.0","","33","","16","","","","102.97","","","","","","NA"
"-63.51","44.63","SHEARWATER RCS","8205092","2022-11-09 10:00","2022","11","09","10:00","4.9","","-4.4","","51","","0.0","","32","","18","","","","102.96","","","","","","NA"
"-63.51","44.63","SHEARWATER RCS","8205092","2022-11-09 11:00","2022","11","09","11:00","6.0","","-4.1","","48","","0.0","","33","","20","","","","102.95","","","","","","NA"
"-63.51","44.63","SHEARWATER RCS","8205092","2022-11-09 12:00","2022","11","09","12:00","6.5","","-3.9","","47","","0.0","","35","","15","","","","102.89","","","","","","NA"
"-63.51","44.63","SHEARWATER RCS","8205092","2022-11-09 13:00","2022","11","09","13:00","6.8","","-4.4","","45","","0.0","","32","","16","","","","102.85","","","","","","NA"
"-63.51","44.63","SHEARWATER RCS","8205092","2022-11-09 14:00","2022","11","09","14:00","7.4","","-4.3","","43","","0.0","","32","","17","","","","102.86","","","","","","NA"
"-63.51","44.63","SHEARWATER RCS","8205092","2022-11-09 15:00","2022","11","09","15:00","7.3","","-4.5","","43","","0.0","","33","","18","","","","102.89","","","","","","NA"
"-63.51","44.63","SHEARWATER RCS","8205092","2022-11-09 16:00","2022","11","09","16:00","6.6","","-4.4","","45","","0.0","","32","","15","","","","102.91","","","","","","NA"
"-63.51","44.63","SHEARWATER RCS","8205092","2022-11-09 17:00","2022","11","09","17:00","4.7","","-3.9","","53","","0.0","","32","","10","","","","102.92","","","","","","NA"
"-63.51","44.63","SHEARWATER RCS","8205092","2022-11-09 18:00","2022","11","09","18:00","3.7","","-3.8","","58","","0.0","","33","","8","","","","102.94","","","","","","NA"
"-63.51","44.63","SHEARWATER RCS","8205092","2022-11-09 19:00","2022","11","09","19:00","3.3","","-3.8","","59","","0.0","","34","","6","","","","102.96","","","","","","NA"
"-63.51","44.63","SHEARWATER RCS","8205092","2022-11-09 20:00","2022","11","09","20:00","3.7","","-3.8","","58","","0.0","","33","","3","","","","102.87","","","","","","NA"
"-63.51","44.63","SHEARWATER RCS","8205092","2022-11-09 21:00","2022","11","09","21:00","4.0","","-3.1","","60","","0.0","","27","","5","","","","102.87","","","","","","NA"
"-63.51","44.63","SHEARWATER RCS","8205092","2022-11-09 22:00","2022","11","09","22:00","4.3","","-2.7","","60","","0.0","","27","","4","","","","102.87","","","","","","NA"
"-63.51","44.63","SHEARWATER RCS","8205092","2022-11-09 23:00","2022","11","09","23:00","4.5","","-3.0","","58","","0.0","","24","","8","","","","102.79","","","","","","NA"
"-63.51","44.63","SHEARWATER RCS","8205092","2022-11-10 00:00","2022","11","10","00:00","4.0","","-1.8","","66","","0.0","","23","","7","","","","102.73","","","","","","NA"
"-63.51","44.63","SHEARWATER RCS","8205092","2022-11-10 01:00","2022","11","10","01:00","3.4","","-2.6","","65","","0.0","","30","","4","","","","102.73","","","","","","NA"
"-63.51","44.63","SHEARWATER RCS","8205092","2022-11-10 02:00","2022","11","10","02:00","4.0","","-0.9","","71","","0.0","","21","","7","","","","102.59","","","","","","NA"
"-63.51","44.63","SHEARWATER RCS","8205092","2022-11-10 03:00","2022","11","10","03:00","4.4","","-0.3","","72","","0.0","","22","","9","","","","102.56","","","","","","NA"
"-63.51","44.63","SHEARWATER RCS","8205092","2022-11-10 04:00","2022","11","10","04:00","4.4","","0.5","","75","","0.0","","23","","10","","","","102.47","","","","","","NA"
"-63.51","44.63","SHEARWATER RCS","8205092","2022-11-10 05:00","2022","11","10","05:00","5.5","","2.2","","79","","0.0","","23","","11","","","","102.35","","","","","","NA"
"-63.51","44.63","SHEARWATER RCS","8205092","2022-11-10 06:00","2022","11","10","06:00","6.4","","3.1","","80","","0.0","","23","","15","","","","102.24","","","","","","NA"
"-63.51","44.63","SHEARWATER RCS","8205092","2022-11-10 07:00","2022","11","10","07:00","8.2","","4.3","","77","","0.0","","23","","21","","","","102.14","","","","","","NA"
"-63.51","44.63","SHEARWATER RCS","8205092","2022-11-10 08:00","2022","11","10","08:00","9.2","","5.3","","77","","0.0","","23","","26","","","","102.07","","","","","","NA"
"-63.51","44.63","SHEARWATER RCS","8205092","2022-11-10 09:00","2022","11","10","09:00","9.8","","5.7","","76","","0.0","","23","","27","","","","102.00","","","","","","NA"
"-63.51","44.63","SHEARWATER RCS","8205092","2022-11-10 10:00","2022","11","10","10:00","10.1","","5.8","","75","","0.0","","24","","25","","","","101.94","","","","","","NA"
"-63.51","44.63","SHEARWATER RCS","8205092","2022-11-10 11:00","2022","11","10","11:00","11.1","","5.9","","70","","0.0","","24","","23","","","","101.81","","","","","","NA"
"-63.51","44.63","SHEARWATER RCS","8205092","2022-11-10 12:00","2022","11","10","12:00","12.1","","6.2","","67","","0.0","","24","","22","","","","101.74","","","","","","NA"
"-63.51","44.63","SHEARWATER RCS","8205092","2022-11-10 13:00","2022","11","10","13:00","14.3","","6.4","","59","","0.0","","24","","18","","","","101.58","","","","","","NA"
"-63.51","44.63","SHEARWATER RCS","8205092","2022-11-10 14:00","2022","11","10","14:00","15.3","","5.9","","54","","0.0","","24","","21","","","","101.54","","","","","","NA"
"-63.51","44.63","SHEARWATER RCS","8205092","2022-11-10 15:00","2022","11","10","15:00","15.5","","6.4","","55","","0.0","","24","","23","","","","101.50","","","","","","NA"
"-63.51","44.63","SHEARWATER RCS","8205092","2022-11-10 16:00","2022","11","10","16:00","14.7","","6.8","","59","","0.0","","24","","15","","","","101.48","","","","","","NA"
"-63.51","44.63","SHEARWATER RCS","8205092","2022-11-10 17:00","2022","11","10","17:00","13.1","","7.0","","66","","0.0","","24","","20","","","","101.43","","","","","","NA"
"-63.51","44.63","SHEARWATER RCS","8205092","2022-11-10 18:00","2022","11","10","18:00","12.6","","7.4","","70","","0.0","","25","","12","","","","101.40","","","","","","NA"
"-63.51","44.63","SHEARWATER RCS","8205092","2022-11-10 19:00","2022","11","10","19:00","12.3","","7.5","","73","","0.0","","25","","13","","","","101.44","","","","","","NA"
"-63.51","44.63","SHEARWATER RCS","8205092","2022-11-10 20:00","2022","11","10","20:00","12.2","","7.7","","74","","0.0","","25","","15","","","","101.40","","","","","","NA"
"-63.51","44.63","SHEARWATER RCS","8205092","2022-11-10 21:00","2022","11","10","21:00","11.8","","7.7","","76","","0.0","","25","","13","","","","101.41","","","","","","NA"
"-63.51","44.63","SHEARWATER RCS","8205092","2022-11-10 22:00","2022","11","10","22:00","11.6","","7.7","","77","","0.0","","26","","12","","","","101.35","","","","","","NA"
"-63.51","44.63","SHEARWATER RCS","8205092","2022-11-10 23:00","2022","11","10","23:00","11.7","","7.5","","75","","0.0","","25","","10","","","","101.34","","","","","","NA"
"-63.51","44.63","SHEARWATER RCS","8205092","2022-11-11 00:00","2022","11","11","00:00","12.0","","7.1","","72","","0.0","","27","","11","","","","101.34","","","","","","NA"
"-63.51","44.63","SHEARWATER RCS","8205092","2022-11-11 01:00","2022","11","11","01:00","12.0","","7.0","","71","","0.0","","27","","7","","","","101.36","","","","","","NA"
"-63.51","44.63","SHEARWATER RCS","8205092","2022-11-11 02:00","2022","11","11","02:00","12.2","","7.2","","71","","0.0","","26","","6","","","","101.35","","","","","","NA"
"-63.51","44.63","SHEARWATER RCS","8205092","2022-11-11 03:00","2022","11","11","03:00","12.1","","7.3","","72","","0.0","","27","","6","","","","101.38","","","","","","NA"
"-63.51","44.63","SHEARWATER RCS","8205092","2022-11-11 04:00","2022","11","11","04:00","12.2","","7.8","","74","","0.0","","26","","6","","","","101.41","","","","","","NA"
"-63.51","44.63","SHEARWATER RCS","8205092","2022-11-11 05:00","2022","11","11","05:00","11.5","","8.1","","80","","0.0","","26","","4","","","","101.44","","","","","","NA"
"-63.51","44.63","SHEARWATER RCS","8205092","2022-11-11 06:00","2022","11","11","06:00","11.0","","8.1","","82","","0.0","","28","","5","","","","101.47","","","","","","NA"
"-63.51","44.63","SHEARWATER RCS","8205092","2022-11-11 07:00","2022","11","11","07:00","10.7","","8.6","","87","","0.0","","27","","3","","","","101.54","","","","","","NA"
"-63.51","44.63","SHEARWATER RCS","8205092","2022-11-11 08:00","2022","11","11","08:00","11.3","","9.9","","91","","0.0","","29","","4","","","","101.60","","","","","","NA"
"-63.51","44.63","SHEARWATER RCS","8205092","2022-11-11 09:00","2022","11","11","09:00","14.3","","10.4","","78","","0.0","","26","","3","","","","101.63","","","","","","NA"
"-63.51","44.63","SHEARWATER RCS","8205092","2022-11-11 10:00","2022","11","11","10:00","15.9","","10.6","","71","","0.0","","24","","7","","","","101.62","","","","","","NA"
"-63.51","44.63","SHEARWATER RCS","8205092","2022-11-11 11:00","2022","11","11","11:00","17.1","","9.8","","62","","0.0","","21","","7","","","","101.62","","","","","","NA"
"-63.51","44.63","SHEARWATER RCS","8205092","2022-11-11 12:00","2022","11","11","12:00","17.8","","10.1","","61","","0.0","","17","","7","","","","101.57","","","","","","NA"
"-63.51","44.63","SHEARWATER RCS","8205092","2022-11-11 13:00","2022","11","11","13:00","17.8","","10.0","","60","","0.0","","16","","8","","","","101.50","","","","","","NA"
"-63.51","44.63","SHEARWATER RCS","8205092","2022-11-11 14:00","2022","11","11","14:00","17.6","","10.9","","64","","0.0","","17","","10","","","","101.48","","","","","","NA"
"-63.51","44.63","SHEARWATER RCS","8205092","2022-11-11 15:00","2022","11","11","15:00","15.5","","10.4","","72","","0.0","","17","","12","","","","101.47","","","","","","NA"
"-63.51","44.63","SHEARWATER RCS","8205092","2022-11-11 16:00","2022","11","11","16:00","15.0","","10.3","","74","","0.0","","21","","5","","","","101.51","","","","","","NA"
"-63.51","44.63","SHEARWATER RCS","8205092","2022-11-11 17:00","2022","11","11","17:00","12.6","","9.9","","83","","0.0","","16","","5","","","","101.51","","","","","","NA"
"-63.51","44.63","SHEARWATER RCS","8205092","2022-11-11 18:00","2022","11","11","18:00","11.5","","10.2","","91","","0.0","","16","","5","","","","101.53","","","","","","NA"
"-63.51","44.63","SHEARWATER RCS","8205092","2022-11-11 19:00","2022","11","11","19:00","10.7","","9.8","","94","","0.0","","14","","1","","","","101.52","","","","","","NA"
"-63.51","44.63","SHEARWATER RCS","8205092","2022-11-11 20:00","2022","11","11","20:00","11.1","","10.4","","95","","0.0","","20","","3","","","","101.50","","","","","","NA"
"-63.51","44.63","SHEARWATER RCS","8205092","2022-11-11 21:00","2022","11","11","21:00","11.6","","11.2","","98","","0.0","","18","","8","","","","101.43","","","","","","NA"
"-63.51","44.63","SHEARWATER RCS","8205092","2022-11-11 22:00","2022","11","11","22:00","13.3","","13.0","","98","","0.0","","19","","8","","","","101.39","","","","","","NA"
"-63.51","44.63","SHEARWATER RCS","8205092","2022-11-11 23:00","2022","11","11","23:00","13.7","","13.2","","96","","0.0","","23","","7","","","","101.33","","","","","","NA"
"-63.51","44.63","SHEARWATER RCS","8205092","2022-11-12 00:00","2022","11","12","00:00","13.6","","12.9","","95","","0.0","","18","","4","","","","101.28","","","","","","NA"
"-63.51","44.63","SHEARWATER RCS","8205092","2022-11-12 01:00","2022","11","12","01:00","13.7","","13.0","","95","","0.0","","18","","7","","","","101.22","","","","","","NA"
"-63.51","44.63","SHEARWATER RCS","8205092","2022-11-12 02:00","2022","11","12","02:00","15.1","","14.1","","93","","0.0","","20","","12","","","","101.17","","","","","","NA"
"-63.51","44.63","SHEARWATER RCS","8205092","2022-11-12 03:00","2022","11","12","03:00","14.8","","13.5","","92","","0.0","","18","","16","","","","101.00","","","","","","NA"
"-63.51","44.63","SHEARWATER RCS","8205092","2022-11-12 04:00","2022","11","12","04:00","14.3","","13.7","","96","","0.0","","18","","14","","","","100.87","","","","","","NA"
"-63.51","44.63","SHEARWATER RCS","8205092","2022-11-12 05:00","2022","11","12","05:00","13.9","","13.4","","97","","0.8","","17","","22","","","","100.70","","","","","","NA"
"-63.51","44.63","SHEARWATER RCS","8205092","2022-11-12 06:00","2022","11","12","06:00","14.3","","14.0","","98","","0.5","","18","","23","","","","100.56","","","","","","NA"
"-63.51","44.63","SHEARWATER RCS","8205092","2022-11-12 07:00","2022","11","12","07:00","15.6","","15.4","","99","","1.9","","19","","30","","","","100.46","","","","","","NA"
"-63.51","44.63","SHEARWATER RCS","8205092","2022-11-12 08:00","2022","11","12","08:00","15.3","","15.2","","99","","3.5","","19","","30","","","","100.36","","","","","","NA"
"-63.51","44.63","SHEARWATER RCS","8205092","2022-11-12 09:00","2022","11","12","09:00","15.3","","15.2","","100","","8.1","","19","","27","","","","100.22","","","","","","NA"
"-63.51","44.63","SHEARWATER RCS","8205092","2022-11-12 10:00","2022","11","12","10:00","16.9","","16.8","","99","","7.0","","21","","44","","","","100.06","","","","","","NA"
"-63.51","44.63","SHEARWATER RCS","8205092","2022-11-12 11:00","2022","11","12","11:00","16.3","","16.2","","99","","3.9","","20","","37","","","","99.95","","","","","","NA"
"-63.51","44.63","SHEARWATER RCS","8205092","2022-11-12 12:00","2022","11","12","12:00","17.3","","16.9","","98","","0.5","","21","","45","","","","99.84","","","","","","NA"
"-63.51","44.63","SHEARWATER RCS","8205092","2022-11-12 13:00","2022","11","12","13:00","17.3","","17.0","","98","","1.2","","21","","38","","","","99.70","","","","","","NA"
"-63.51","44.63","SHEARWATER RCS","8205092","2022-11-12 14:00","2022","11","12","14:00","17.2","","17.1","","99","","0.3","","21","","34","","","","99.55","","","","","","NA"
"-63.51","44.63","SHEARWATER RCS","8205092","2022-11-12 15:00","2022","11","12","15:00","17.1","","16.9","","99","","0.0","","20","","39","","","","99.42","","","","","","NA"
"-63.51","44.63","SHEARWATER RCS","8205092","2022-11-12 16:00","2022","11","12","16:00","16.8","","16.7","","99","","2.6","","20","","32","","","","99.27","","","","","","NA"
"-63.51","44.63","SHEARWATER RCS","8205092","2022-11-12 17:00","2022","11","12","17:00","17.3","","17.0","","99","","1.1","","21","","35","","","","99.14","","","","","","NA"
"-63.51","44.63","SHEARWATER RCS","8205092","2022-11-12 18:00","2022","11","12","18:00","16.7","","16.5","","99","","0.4","","22","","32","","","","99.12","","","","","","NA"
"-63.51","44.63","SHEARWATER RCS","8205092","2022-11-12 19:00","2022","11","12","19:00","15.8","","15.5","","98","","0.0","","22","","30","","","","99.11","","","","","","NA"
"-63.51","44.63","SHEARWATER RCS","8205092","2022-11-12 20:00","2022","11","12","20:00","15.6","","15.2","","98","","0.0","","23","","16","","","","99.21","","","","","","NA"
"-63.51","44.63","SHEARWATER RCS","8205092","2022-11-12 21:00","2022","11","12","21:00","16.3","","15.6","","96","","0.0","","26","","17","","","","99.39","","","","","","NA"
"-63.51","44.63","SHEARWATER RCS","8205092","2022-11-12 22:00","2022","11","12","22:00","12.2","","10.0","","86","","0.0","","31","","28","","","","99.74","","","","","","NA"
"-63.51","44.63","SHEARWATER RCS","8205092","2022-11-12 23:00","2022","11","12","23:00","8.9","","7.5","","91","","0.0","","32","","23","","","","100.06","","","","","","NA"
"-63.51","44.63","SHEARWATER RCS","8205092","2022-11-13 00:00","2022","11","13","00:00","7.4","","5.3","","86","","0.0","","32","","23","","","","100.21","","","","","","NA"
"-63.51","44.63","SHEARWATER RCS","8205092","2022-11-13 01:00","2022","11","13","01:00","6.7","","5.1","","89","","0.0","","33","","15","","","","100.39","","","","","","NA"
"-63.51","44.63","SHEARWATER RCS","8205092","2022-11-13 02:00","2022","11","13","02:00","6.4","","4.5","","88","","0.0","","33","","16","","","","100.49","","","","","","NA"
"-63.51","44.63","SHEARWATER RCS","8205092","2022-11-13 03:00","2022","11","13","03:00","6.1","","4.7","","91","","0.0","","32","","13","","","","100.65","","","","","","NA"
"-63.51","44.63","SHEARWATER RCS","8205092","2022-11-13 04:00","2022","11","13","04:00","5.8","","3.8","","87","","0.0","","33","","17","","","","100.71","","","","","","NA"
"-63.51","44.63","SHEARWATER RCS","8205092","2022-11-13 05:00","2022","11","13","05:00","5.5","","3.8","","89","","0.0","","35","","16","","","","100.71","","","","","","NA"
"-63.51","44.63","SHEARWATER RCS","8205092","2022-11-13 06:00","2022","11","13","06:00","5.4","","3.7","","89","","0.0","","35","","9","","","","100.78","","","","","","NA"
"-63.51","44.63","SHEARWATER RCS","8205092","2022-11-13 07:00","2022","11","13","07:00","5.0","","3.8","","92","","0.0","","32","","5","","","","100.89","","","","","","NA"
"-63.51","44.63","SHEARWATER RCS","8205092","2022-11-13 08:00","2022","11","13","08:00","5.2","","3.7","","90","","0.0","","34","","6","","","","101.03","","","","","","NA"
"-63.51","44.63","SHEARWATER RCS","8205092","2022-11-13 09:00","2022","11","13","09:00","6.4","","4.1","","86","","0.0","","2","","10","","","","100.97","","","","","","NA"
"-63.51","44.63","SHEARWATER RCS","8205092","2022-11-13 10:00","2022","11","13","10:00","6.8","","3.9","","81","","0.0","","4","","9","","","","100.91","","","","","","NA"
"-63.51","44.63","SHEARWATER RCS","8205092","2022-11-13 11:00","2022","11","13","11:00","7.7","","4.3","","79","","0.0","","6","","9","","","","100.96","","","","","","NA"
"-63.51","44.63","SHEARWATER RCS","8205092","2022-11-13 12:00","2022","11","13","12:00","8.2","","4.7","","79","","0.0","","5","","5","","","","100.90","","","","","","NA"
"-63.51","44.63","SHEARWATER RCS","8205092","2022-11-13 13:00","2022","11","13","13:00","8.4","","5.3","","81","","0.0","","7","","8","","","","100.87","","","","","","NA"
"-63.51","44.63","SHEARWATER RCS","8205092","2022-11-13 14:00","2022","11","13","14:00","8.4","","5.5","","82","","0.0","","7","","10","","","","100.86","","","","","","NA"
"-63.51","44.63","SHEARWATER RCS","8205092","2022-11-13 15:00","2022","11","13","15:00","8.6","","6.1","","85","","0.0","","10","","7","","","","100.81","","","","","","NA"
"-63.51","44.63","SHEARWATER RCS","8205092","2022-11-13 16:00","2022","11","13","16:00","8.4","","6.2","","86","","0.0","","8","","9","","","","100.70","","","","","","NA"
"-63.51","44.63","SHEARWATER RCS","8205092","2022-11-13 17:00","2022","11","13","17:00","8.3","","6.2","","87","","0.0","","8","","12","","","","100.60","","","","","","NA"
"-63.51","44.63","SHEARWATER RCS","8205092","2022-11-13 18:00","2022","11","13","18:00","8.3","","7.2","","93","","0.0","","9","","15","","","","100.53","","","","","","NA"
"-63.51","44.63","SHEARWATER RCS","8205092","2022-11-13 19:00","2022","11","13","19:00","8.8","","7.3","","91","","0.0","","11","","19","","","","100.49","","","","","","NA"
"-63.51","44.63","SHEARWATER RCS","8205092","2022-11-13 20:00","2022","11","13","20:00","8.7","","8.1","","96","","0.0","","9","","16","","","","100.31","","","","","","NA"
"-63.51","44.63","SHEARWATER RCS","8205092","2022-11-13 21:00","2022","11","13","21:00","8.9","","8.5","","98","","0.7","","9","","18","","","","100.23","","","","","","NA"
"-63.51","44.63","SHEARWATER RCS","8205092","2022-11-13 22:00","2022","11","13","22:00","9.3","","9.0","","98","","0.5","","9","","21","","","","100.09","","","","","","NA"
"-63.51","44.63","SHEARWATER RCS","8205092","2022-11-13 23:00","2022","11","13","23:00","9.7","","9.5","","98","","3.1","","8","","17","","","","99.99","","","","","","NA"
"-63.51","44.63","SHEARWATER RCS","8205092","2022-11-14 00:00","2022","11","14","00:00","10.2","","10.0","","99","","0.7","","8","","24","","","","99.85","","","","","","NA"
"-63.51","44.63","SHEARWATER RCS","8205092","2022-11-14 01:00","2022","11","14","01:00","10.7","","10.6","","99","","0.5","","7","","24","","","","99.76","","","","","","NA"
"-63.51","44.63","SHEARWATER RCS","8205092","2022-11-14 02:00","2022","11","14","02:00","11.6","","11.6","","100","","0.6","","10","","15","","","","99.70","","","","","","NA"
"-63.51","44.63","SHEARWATER RCS","8205092","2022-11-14 03:00","2022","11","14","03:00","13.3","","13.2","","99","","0.2","","22","","22","","","","99.64","","","","","","NA"
"-63.51","44.63","SHEARWATER RCS","8205092","2022-11-14 04:00","2022","11","14","04:00","12.0","","11.0","","94","","0.0","","23","","24","","","","99.69","","","","","","NA"
"-63.51","44.63","SHEARWATER RCS","8205092","2022-11-14 05:00","2022","11","14","05:00","11.0","","8.8","","86","","0.0","","23","","24","","","","99.75","","","","","","NA"
"-63.51","44.63","SHEARWATER RCS","8205092","2022-11-14 06:00","2022","11","14","06:00","8.3","","4.8","","79","","0.0","","25","","32","","","","99.93","","","","","","NA"
"-63.51","44.63","SHEARWATER RCS","8205092","2022-11-14 07:00","2022","11","14","07:00","6.5","","3.6","","81","","0.0","","25","","27","","","","100.11","","","","","","NA"
"-63.51","44.63","SHEARWATER RCS","8205092","2022-11-14 08:00","2022","11","14","08:00","6.1","","2.7","","79","","0.0","","26","","22","","","","100.30","","","","","","NA"
"-63.51","44.63","SHEARWATER RCS","8205092","2022-11-14 09:00","2022","11","14","09:00","6.2","","2.4","","76","","0.0","","26","","27","","","","100.40","","","","","","NA"
"-63.51","44.63","SHEARWATER RCS","8205092","2022-11-14 10:00","2022","11","14","10:00","6.4","","0.7","","67","","0.0","","27","","24","","","","100.50","","","","","","NA"
"-63.51","44.63","SHEARWATER RCS","8205092","2022-11-14 11:00","2022","11","14","11:00","6.4","","1.9","","73","","0.0","","28","","22","","","","100.63","","","","","","NA"
"-63.51","44.63","SHEARWATER RCS","8205092","2022-11-14 12:00","2022","11","14","12:00","6.5","","0.7","","66","","0.0","","27","","25","","","","100.73","","","","","","NA"
"-63.51","44.63","SHEARWATER RCS","8205092","2022-11-14 13:00","2022","11","14","13:00","6.1","","1.1","","70","","0.0","","26","","21","","","","100.78","","","","","","NA"
"-63.51","44.63","SHEARWATER RCS","8205092","2022-11-14 14:00","2022","11","14","14:00","5.6","","1.1","","73","","0.0","","28","","22","","","","100.86","","","","","","NA"
"-63.51","44.63","SHEARWATER RCS","8205092","2022-11-14 15:00","2022","11","14","15:00","5.4","","-0.3","","67","","0.0","","29","","26","","","","100.97","","","","","","NA"
"-63.51","44.63","SHEARWATER RCS","8205092","2022-11-14 16:00","2022","11","14","16:00","4.7","","0.4","","74","","0.0","","29","","19","","","","101.09","","","","","","NA"
"-63.51","44.63","SHEARWATER RCS","8205092","2022-11-14 17:00","2022","11","14","17:00","3.8","","-0.4","","74","","0.0","","28","","21","","","","101.27","","","","","","NA"
"-63.51","44.63","SHEARWATER RCS","8205092","2022-11-14 18:00","2022","11","14","18:00","3.4","","-0.2","","77","","0.0","","28","","16","","","","101.41","","","","","","NA"
"-63.51","44.63","SHEARWATER RCS","8205092","2022-11-14 19:00","2022","11","14","19:00","3.4","","-0.5","","76","","0.0","","29","","14","","","","101.52","","","","","","NA"
"-63.51","44.63","SHEARWATER RCS","8205092","2022-11-14 20:00","2022","11","14","20:00","3.4","","0.0","","78","","0.0","","28","","13","","","","101.63","","","","","","NA"
"-63.51","44.63","SHEARWATER RCS","8205092","2022-11-14 21:00","2022","11","14","21:00","3.1","","-0.1","","79","","0.0","","28","","13","","","","101.72","","","","","","NA"
"-63.51","44.63","SHEARWATER RCS","8205092","2022-11-14 22:00","2022","11","14","22:00","2.7","","-0.9","","77","","0.0","","29","","18","","","","101.81","","","","","","NA"
"-63.51","44.63","SHEARWATER RCS","8205092","2022-11-14 23:00","2022","11","14","23:00","2.8","","-2.1","","70","","0.0","","28","","17","","","","101.89","","","","","","NA"
"-63.51","44.63","SHEARWATER RCS","8205092","2022-11-15 00:00","2022","11","15","00:00","2.5","","-3.1","","67","","0.0","","30","","18","","","","101.96","","","","","","NA"
"-63.51","44.63","SHEARWATER RCS","8205092","2022-11-15 01:00","2022","11","15","01:00","2.4","","-3.5","","65","","0.0","","29","","16","","","","101.98","","","","","","NA"
"-63.51","44.63","SHEARWATER RCS","8205092","2022-11-15 02:00","2022","11","15","02:00","2.4","","-3.4","","66","","0.0","","30","","16","","","","102.06","","","","","","NA"
"-63.51","44.63","SHEARWATER RCS","8205092","2022-11-15 03:00","2022","11","15","03:00","2.3","","-3.2","","67","","0.0","","30","","16","","","","102.12","","","","","","NA"
"-63.51","44.63","SHEARWATER RCS","8205092","2022-11-15 04:00","2022","11","15","04:00","2.3","","-3.4","","66","","0.0","","30","","14","","","","102.16","","","","","","NA"
"-63.51","44.63","SHEARWATER RCS","8205092","2022-11-15 05:00","2022","11","15","05:00","2.3","","-3.3","","67","","0.0","","28","","14","","","","102.22","","","","","","NA"
"-63.51","44.63","SHEARWATER RCS","8205092","2022-11-15 06:00","2022","11","15","06:00","2.2","","-3.4","","66","","0.0","","30","","14","","","","102.29","","","","","","NA"
"-63.51","44.63","SHEARWATER RCS","8205092","2022-11-15 07:00","2022","11","15","07:00","1.9","","-3.6","","67","","0.0","","30","","18","","","","102.39","","","","","","NA"
"-63.51","44.63","SHEARWATER RCS","8205092","2022-11-15 08:00","2022","11","15","08:00","2.0","","-3.5","","67","","0.0","","30","","14","","","","102.47","","","","","","NA"
"-63.51","44.63","SHEARWATER RCS","8205092","2022-11-15 09:00","2022","11","15","09:00","2.0","","-3.7","","66","","0.0","","32","","19","","","","102.54","","","","","","NA"
"-63.51","44.63","SHEARWATER RCS","8205092","2022-11-15 10:00","2022","11","15","10:00","3.3","","-3.1","","63","","0.0","","31","","16","","","","102.57","","","","","","NA"
"-63.51","44.63","SHEARWATER RCS","8205092","2022-11-15 11:00","2022","11","15","11:00","4.0","","-3.4","","59","","0.0","","30","","16","","","","102.61","","","","","","NA"
"-63.51","44.63","SHEARWATER RCS","8205092","2022-11-15 12:00","2022","11","15","12:00","3.7","","-4.1","","56","","0.0","","30","","17","","","","102.58","","","","","","NA"
"-63.51","44.63","SHEARWATER RCS","8205092","2022-11-15 13:00","2022","11","15","13:00","4.0","","-4.0","","56","","0.0","","31","","17","","","","102.54","","","","","","NA"
"-63.51","44.63","SHEARWATER RCS","8205092","2022-11-15 14:00","2022","11","15","14:00","5.0","","-3.4","","54","","0.0","","30","","11","","","","102.53","","","","","","NA"
"-63.51","44.63","SHEARWATER RCS","8205092","2022-11-15 15:00","2022","11","15","15:00","5.2","","-3.8","","52","","0.0","","30","","13","","","","102.51","","","","","","NA"
"-63.51","44.63","SHEARWATER RCS","8205092","2022-11-15 16:00","2022","11","15","16:00","4.3","","-4.4","","53","","0.0","","32","","13","","","","102.58","","","","","","NA"
"-63.51","44.63","SHEARWATER RCS","8205092","2022-11-15 17:00","2022","11","15","17:00","2.7","","-4.1","","61","","0.0","","33","","9","","","","102.67","","","","","","NA"
"-63.51","44.63","SHEARWATER RCS","8205092","2022-11-15 18:00","2022","11","15","18:00","2.3","","-4.4","","61","","0.0","","33","","9","","","","102.73","","","","","","NA"
"-63.51","44.63","SHEARWATER RCS","8205092","2022-11-15 19:00","2022","11","15","19:00","1.5","","-4.4","","65","","0.0","","32","","9","","","","102.74","","","","","","NA"
"-63.51","44.63","SHEARWATER RCS","8205092","2022-11-15 20:00","2022","11","15","20:00","1.1","","-4.5","","66","","0.0","","32","","6","","","","102.76","","","","","","NA"
"-63.51","44.63","SHEARWATER RCS","8205092","2022-11-15 21:00","2022","11","15","21:00","1.9","","-4.0","","65","","0.0","","30","","4","","","","102.75","","","","","","NA"
"-63.51","44.63","SHEARWATER RCS","8205092","2022-11-15 22:00","2022","11","15","22:00","1.8","","-4.1","","65","","0.0","","36","","4","","","","102.69","","","","","","NA"
"-63.51","44.63","SHEARWATER RCS","8205092","2022-11-15 23:00","2022","11","15","23:00","1.6","","-3.7","","68","","0.0","","2","","3","","","","102.63","","","","","","NA"
"-63.51","44.63","SHEARWATER RCS","8205092","2022-11-16 00:00","2022","11","16","00:00","1.2","","-3.3","","72","","0.0","","5","","6","","","","102.65","","","","","","NA"
"-63.51","44.63","SHEARWATER RCS","8205092","2022-11-16 01:00","2022","11","16","01:00","0.9","","-3.2","","74","","0.0","","2","","6","","","","102.68","","","","","","NA"
"-63.51","44.63","SHEARWATER RCS","8205092","2022-11-16 02:00","2022","11","16","02:00","1.1","","-3.6","","71","","0.0","","3","","5","","","","102.76","","","","","","NA"
"-63.51","44.63","SHEARWATER RCS","8205092","2022-11-16 03:00","2022","11","16","03:00","1.1","","-3.9","","69","","0.0","","2","","5","","","","102.74","","","","","","NA"
"-63.51","44.63","SHEARWATER RCS","8205092","2022-11-16 04:00","2022","11","16","04:00","-0.2","","-2.7","","83","","0.0","","5","","4","","","","102.63","","","","-1","","NA"
"-63.51","44.63","SHEARWATER RCS","8205092","2022-11-16 05:00","2022","11","16","05:00","0.3","","-2.5","","82","","0.0","","5","","7","","","","102.59","","","","","","NA"
"-63.51","44.63","SHEARWATER RCS","8205092","2022-11-16 06:00","2022","11","16","06:00","0.6","","-3.2","","75","","0.0","","5","","5","","","","102.57","","","","","","NA"
"-63.51","44.63","SHEARWATER RCS","8205092","2022-11-16 07:00","2022","11","16","07:00","0.4","","-2.4","","81","","0.0","","5","","10","","","","102.46","","","","","","NA"
"-63.51","44.63","SHEARWATER RCS","8205092","2022-11-16 08:00","2022","11","16","08:00","1.0","","-2.0","","80","","0.0","","5","","11","","","","102.43","","","","","","NA"
"-63.51","44.63","SHEARWATER RCS","8205092","2022-11-16 09:00","2022","11","16","09:00","1.5","","-2.8","","73","","0.0","","5","","11","","","","102.33","","","","","","NA"
"-63.51","44.63","SHEARWATER RCS","8205092","2022-11-16 10:00","2022","11","16","10:00","3.0","","-2.0","","70","","0.0","","7","","12","","","","102.20","","","","","","NA"
"-63.51","44.63","SHEARWATER RCS","8205092","2022-11-16 11:00","2022","11","16","11:00","6.1","","0.6","","68","","0.0","","13","","19","","","","102.05","","","","","","NA"
"-63.51","44.63","SHEARWATER RCS","8205092","2022-11-16 12:00","2022","11","16","12:00","6.9","","1.7","","69","","0.0","","13","","15","","","","101.90","","","","","","NA"
"-63.51","44.63","SHEARWATER RCS","8205092","2022-11-16 13:00","2022","11","16","13:00","7.9","","2.3","","67","","0.0","","13","","19","","","","101.63","","","","","","NA"
"-63.51","44.63","SHEARWATER RCS","8205092","2022-11-16 14:00","2022","11","16","14:00","8.2","","3.4","","72","","0.0","","13","","17","","","","101.51","","","","","","NA"
"-63.51","44.63","SHEARWATER RCS","8205092","2022-11-16 15:00","2022","11","16","15:00","8.2","","4.6","","78","","0.0","","12","","16","","","","101.39","","","","","","NA"
"-63.51","44.63","SHEARWATER RCS","8205092","2022-11-16 16:00","2022","11","16","16:00","7.9","","6.5","","91","","0.2","","10","","18","","","","101.15","","","","","","NA"
"-63.51","44.63","SHEARWATER RCS","8205092","2022-11-16 17:00","2022","11","16","17:00","8.6","","8.2","","97","","1.8","","11","","21","","","","100.99","","","","","","NA"
"-63.51","44.63","SHEARWATER RCS","8205092","2022-11-16 18:00","2022","11","16","18:00","9.3","","9.0","","98","","4.8","","10","","27","","","","100.67","","","","","","NA"
"-63.51","44.63","SHEARWATER RCS","8205092","2022-11-16 19:00","2022","11","16","19:00","9.8","","9.6","","98","","8.2","","9","","24","","","","100.42","","","","","","NA"
"-63.51","44.63","SHEARWATER RCS","8205092","2022-11-16 20:00","2022","11","16","20:00","10.9","","10.7","","99","","4.8","","11","","32","","","","100.01","","","","","","NA"
"-63.51","44.63","SHEARWATER RCS","8205092","2022-11-16 21:00","2022","11","16","21:00","12.0","","12.0","","100","","8.6","","14","","31","","","","99.84","","","","","","NA"
"-63.51","44.63","SHEARWATER RCS","8205092","2022-11-16 22:00","2022","11","16","22:00","14.3","","14.2","","99","","1.8","","19","","32","","","","99.80","","","","","","NA"
"-63.51","44.63","SHEARWATER RCS","8205092","2022-11-16 23:00","2022","11","16","23:00","13.9","","13.7","","99","","0.3","","21","","28","","","","99.63","","","","","","NA"
"-63.51","44.63","SHEARWATER RCS","8205092","2022-11-17 00:00","2022","11","17","00:00","12.4","","11.9","","97","","0.0","","20","","21","","","","99.50","","","","","","NA"
"-63.51","44.63","SHEARWATER RCS","8205092","2022-11-17 01:00","2022","11","17","01:00","11.8","","11.2","","96","","0.0","","22","","13","","","","99.41","","","","","","NA"
"-63.51","44.63","SHEARWATER RCS","8205092","2022-11-17 02:00","2022","11","17","02:00","11.3","","10.3","","94","","0.0","","23","","12","","","","99.40","","","","","","NA"
"-63.51","44.63","SHEARWATER RCS","8205092","2022-11-17 03:00","2022","11","17","03:00","10.3","","8.6","","89","","0.0","","24","","20","","","","99.45","","","","","","NA"
"-63.51","44.63","SHEARWATER RCS","8205092","2022-11-17 04:00","2022","11","17","04:00","7.9","","5.8","","87","","0.0","","26","","18","","","","99.57","","","","","","NA"
"-63.51","44.63","SHEARWATER RCS","8205092","2022-11-17 05:00","2022","11","17","05:00","6.2","","3.3","","82","","0.0","","27","","20","","","","99.72","","","","","","NA"
"-63.51","44.63","SHEARWATER RCS","8205092","2022-11-17 06:00","2022","11","17","06:00","5.5","","2.4","","81","","0.0","","27","","14","","","","99.77","","","","","","NA"
"-63.51","44.63","SHEARWATER RCS","8205092","2022-11-17 07:00","2022","11","17","07:00","4.8","","2.2","","83","","0.0","","26","","21","","","","99.88","","","","","","NA"
"-63.51","44.63","SHEARWATER RCS","8205092","2022-11-17 08:00","2022","11","17","08:00","4.2","","1.6","","83","","0.0","","25","","19","","","","99.97","","","","","","NA"
"-63.51","44.63","SHEARWATER RCS","8205092","2022-11-17 09:00","2022","11","17","09:00","4.1","","0.8","","79","","0.0","","26","","19","","","","100.07","","","","","","NA"
"-63.51","44.63","SHEARWATER RCS","8205092","2022-11-17 10:00","2022","11","17","10:00","5.8","","0.1","","67","","0.0","","27","","16","","","","100.01","","","","","","NA"
"-63.51","44.63","SHEARWATER RCS","8205092","2022-11-17 11:00","2022","11","17","11:00","6.0","","0.3","","66","","0.0","","27","","17","","","","99.95","","","","","","NA"
"-63.51","44.63","SHEARWATER RCS","8205092","2022-11-17 12:00","2022","11","17","12:00","5.7","","-0.6","","64","","0.0","","28","","14","","","","99.89","","","","","","NA"
"-63.51","44.63","SHEARWATER RCS","8205092","2022-11-17 13:00","2022","11","17","13:00","7.0","","-1.2","","56","","0.0","","27","","17","","","","99.83","","","","","","NA"
"-63.51","44.63","SHEARWATER RCS","8205092","2022-11-17 14:00","2022","11","17","14:00","6.6","","-0.3","","61","","0.0","","25","","17","","","","99.81","","","","","","NA"
"-63.51","44.63","SHEARWATER RCS","8205092","2022-11-17 15:00","2022","11","17","15:00","6.3","","-0.7","","61","","0.0","","25","","20","","","","99.80","","","","","","NA"
"-63.51","44.63","SHEARWATER RCS","8205092","2022-11-17 16:00","2022","11","17","16:00","5.5","","-1.4","","61","","0.0","","27","","14","","","","99.85","","","","","","NA"
"-63.51","44.63","SHEARWATER RCS","8205092","2022-11-17 17:00","2022","11","17","17:00","4.6","","-2.4","","60","","0.0","","26","","21","","","","99.87","","","","","","NA"
"-63.51","44.63","SHEARWATER RCS","8205092","2022-11-17 18:00","2022","11","17","18:00","3.8","","-2.4","","64","","0.0","","26","","20","","","","99.96","","","","","","NA"
"-63.51","44.63","SHEARWATER RCS","8205092","2022-11-17 19:00","2022","11","17","19:00","3.0","","-4.0","","60","","0.0","","28","","20","","","","100.06","","","","","","NA"
"-63.51","44.63","SHEARWATER RCS","8205092","2022-11-17 20:00","2022","11","17","20:00","2.5","","-5.0","","57","","0.0","","27","","16","","","","100.10","","","","","","NA"
"-63.51","44.63","SHEARWATER RCS","8205092","2022-11-17 21:00","2022","11","17","21:00","2.2","","-4.3","","62","","0.0","","26","","14","","","","100.17","","","","","","NA"
"-63.51","44.63","SHEARWATER RCS","8205092","2022-11-17 22:00","2022","11","17","22:00","1.7","","-2.9","","71","","0.0","","26","","13","","","","100.24","","","","","","NA"
"-63.51","44.63","SHEARWATER RCS","8205092","2022-11-17 23:00","2022","11","17","23:00","1.6","","-3.3","","70","","0.0","","26","","11","","","","100.27","","","","","","NA"
"-63.51","44.63","SHEARWATER RCS","8205092","2022-11-18 00:00","2022","11","18","00:00","0.9","","-3.7","","71","","0.0","","30","","12","","","","100.32","","","","","","NA"
"-63.51","44.63","SHEARWATER RCS","8205092","2022-11-18 01:00","2022","11","18","01:00","0.8","","-2.9","","76","","0.0","","30","","14","","","","100.34","","","","","","NA"
"-63.51","44.63","SHEARWATER RCS","8205092","2022-11-18 02:00","2022","11","18","02:00","0.8","","-3.6","","72","","0.0","","28","","14","","","","100.44","","","","","","NA"
"-63.51","44.63","SHEARWATER RCS","8205092","2022-11-18 03:00","2022","11","18","03:00","0.8","","-3.9","","71","","0.0","","26","","12","","","","100.54","","","","","","NA"
"-63.51","44.63","SHEARWATER RCS","8205092","2022-11-18 04:00","2022","11","18","04:00","0.4","","-4.0","","72","","0.0","","26","","9","","","","100.58","","","","","","NA"
"-63.51","44.63","SHEARWATER RCS","8205092","2022-11-18 05:00","2022","11","18","05:00","0.4","","-4.5","","70","","0.0","","27","","13","","","","100.67","","","","","","NA"
"-63.51","44.63","SHEARWATER RCS","8205092","2022-11-18 06:00","2022","11","18","06:00","0.1","","-4.1","","73","","0.0","","26","","11","","","","100.73","","","","","","NA"
"-63.51","44.63","SHEARWATER RCS","8205092","2022-11-18 07:00","2022","11","18","07:00","0.2","","-5.1","","67","","0.0","","25","","14","","","","100.80","","","","","","NA"
"-63.51","44.63","SHEARWATER RCS","8205092","2022-11-18 08:00","2022","11","18","08:00","1.1","","-5.8","","60","","0.0","","25","","18","","","","100.91","","","","","","NA"
"-63.51","44.63","SHEARWATER RCS","8205092","2022-11-18 09:00","2022","11","18","09:00","1.7","","-6.2","","56","","0.0","","26","","21","","","","100.94","","","","","","NA"
"-63.51","44.63","SHEARWATER RCS","8205092","2022-11-18 10:00","2022","11","18","10:00","2.7","","-5.7","","54","","0.0","","25","","17","","","","100.97","","","","","","NA"
"-63.51","44.63","SHEARWATER RCS","8205092","2022-11-18 11:00","2022","11","18","11:00","2.3","","-6.3","","53","","0.0","","28","","19","","","","101.05","","","","","","NA"
"-63.51","44.63","SHEARWATER RCS","8205092","2022-11-18 12:00","2022","11","18","12:00","2.7","","-5.4","","55","","0.0","","26","","15","","","","101.06","","","","","","NA"
"-63.51","44.63","SHEARWATER RCS","8205092","2022-11-18 13:00","2022","11","18","13:00","2.8","","-5.6","","54","","0.0","","26","","18","","","","101.03","","","","","","NA"
"-63.51","44.63","SHEARWATER RCS","8205092","2022-11-18 14:00","2022","11","18","14:00","4.3","","-4.7","","52","","0.0","","27","","18","","","","101.03","","","","","","NA"
"-63.51","44.63","SHEARWATER RCS","8205092","2022-11-18 15:00","2022","11","18","15:00","4.1","","-5.6","","49","","0.0","","26","","19","","","","101.05","","","","","","NA"
"-63.51","44.63","SHEARWATER RCS","8205092","2022-11-18 16:00","2022","11","18","16:00","3.8","","-6.0","","49","","0.0","","26","","14","","","","101.10","","","","","","NA"
"-63.51","44.63","SHEARWATER RCS","8205092","2022-11-18 17:00","2022","11","18","17:00","2.5","","-6.4","","52","","0.0","","27","","9","","","","101.16","","","","","","NA"
"-63.51","44.63","SHEARWATER RCS","8205092","2022-11-18 18:00","2022","11","18","18:00","1.6","","-5.9","","57","","0.0","","25","","5","","","","101.23","","","","","","NA"
"-63.51","44.63","SHEARWATER RCS","8205092","2022-11-18 19:00","2022","11","18","19:00","0.2","","-5.7","","65","","0.0","","26","","2","","","","101.26","","","","","","NA"
"-63.51","44.63","SHEARWATER RCS","8205092","2022-11-18 20:00","2022","11","18","20:00","0.4","","-5.3","","65","","0.0","","24","","3","","","","101.31","","","","","","NA"
"-63.51","44.63","SHEARWATER RCS","8205092","2022-11-18 21:00","2022","11","18","21:00","0.6","","-4.0","","71","","0.0","","25","","2","","","","101.30","","","","","","NA"
"-63.51","44.63","SHEARWATER RCS","8205092","2022-11-18 22:00","2022","11","18","22:00","0.6","","-3.6","","74","","0.0","","3","","2","","","","101.28","","","","","","NA"
"-63.51","44.63","SHEARWATER RCS","8205092","2022-11-18 23:00","2022","11","18","23:00","2.9","","-1.3","","74","","0.0","","27","","8","","","","101.26","","","","","","NA"
"-63.51","44.63","SHEARWATER RCS","8205092","2022-11-19 00:00","2022","11","19","00:00","2.2","","-0.3","","83","","0.0","","28","","10","","","","101.28","","","","","","NA"
"-63.51","44.63","SHEARWATER RCS","8205092","2022-11-19 01:00","2022","11","19","01:00","1.3","","-0.9","","85","","0.0","","31","","7","","","","101.28","","","","","","NA"
"-63.51","44.63","SHEARWATER RCS","8205092","2022-11-19 02:00","2022","11","19","02:00","0.7","","-1.3","","86","","0.0","","33","","7","","","","101.28","","","","","","NA"
"-63.51","44.63","SHEARWATER RCS","8205092","2022-11-19 03:00","2022","11","19","03:00","0.3","","-1.6","","87","","0.0","","33","","3","","","","101.37","","","","","","NA"
"-63.51","44.63","SHEARWATER RCS","8205092","2022-11-19 04:00","2022","11","19","04:00","-0.8","","-2.4","","89","","0.0","","2","","5","","","","101.36","","","","-2","","NA"
"-63.51","44.63","SHEARWATER RCS","8205092","2022-11-19 05:00","2022","11","19","05:00","-2.0","","-3.0","","93","","0.0","","30","","5","","","","101.45","","","","-4","","NA"
"-63.51","44.63","SHEARWATER RCS","8205092","2022-11-19 06:00","2022","11","19","06:00","-1.3","","-2.7","","90","","0.0","","34","","5","","","","101.55","","","","-3","","NA"
"-63.51","44.63","SHEARWATER RCS","8205092","2022-11-19 07:00","2022","11","19","07:00","-2.6","","-3.6","","93","","0.0","","","","0","","","","101.60","","","","","","NA"
"-63.51","44.63","SHEARWATER RCS","8205092","2022-11-19 08:00","2022","11","19","08:00","-1.0","","-1.9","","94","","0.0","","32","","4","","","","101.70","","","","-2","","NA"
"-63.51","44.63","SHEARWATER RCS","8205092","2022-11-19 09:00","2022","11","19","09:00","2.8","","-0.1","","81","","0.0","","","","0","","","","101.74","","","","","","NA"
"-63.51","44.63","SHEARWATER RCS","8205092","2022-11-19 10:00","2022","11","19","10:00","4.6","","-0.7","","69","","0.0","","25","","8","","","","101.79","","","","","","NA"
"-63.51","44.63","SHEARWATER RCS","8205092","2022-11-19 11:00","2022","11","19","11:00","5.7","","-2.1","","57","","0.0","","24","","11","","","","101.79","","","","","","NA"
"-63.51","44.63","SHEARWATER RCS","8205092","2022-11-19 12:00","2022","11","19","12:00","7.1","","-3.0","","49","","0.0","","22","","17","","","","101.78","","","","","","NA"
"-63.51","44.63","SHEARWATER RCS","8205092","2022-11-19 13:00","2022","11","19","13:00","6.6","","-4.8","","44","","0.0","","23","","15","","","","101.76","","","","","","NA"
"-63.51","44.63","SHEARWATER RCS","8205092","2022-11-19 14:00","2022","11","19","14:00","7.5","","-4.0","","44","","0.0","","23","","12","","","","101.73","","","","","","NA"
"-63.51","44.63","SHEARWATER RCS","8205092","2022-11-19 15:00","2022","11","19","15:00","6.1","","-4.8","","45","","0.0","","21","","14","","","","101.74","","","","","","NA"
"-63.51","44.63","SHEARWATER RCS","8205092","2022-11-19 16:00","2022","11","19","16:00","5.2","","-4.8","","49","","0.0","","22","","13","","","","101.78","","","","","","NA"
"-63.51","44.63","SHEARWATER RCS","8205092","2022-11-19 17:00","2022","11","19","17:00","4.8","","-3.3","","56","","0.0","","20","","5","","","","101.75","","","","","","NA"
"-63.51","44.63","SHEARWATER RCS","8205092","2022-11-19 18:00","2022","11","19","18:00","4.9","","-0.7","","67","","0.0","","23","","11","","","","101.76","","","","","","NA"
"-63.51","44.63","SHEARWATER RCS","8205092","2022-11-19 19:00","2022","11","19","19:00","3.5","","-0.5","","75","","0.0","","22","","3","","","","101.76","","","","","","NA"
"-63.51","44.63","SHEARWATER RCS","8205092","2022-11-19 20:00","2022","11","19","20:00","2.9","","0.8","","86","","0.2","","22","","10","","","","101.77","","","","","","NA"
"-63.51","44.63","SHEARWATER RCS","8205092","2022-11-19 21:00","2022","11","19","21:00","1.8","","1.0","","94","","0.2","","10","","6","","","","101.73","","","","","","NA"
"-63.51","44.63","SHEARWATER RCS","8205092","2022-11-19 22:00","2022","11","19","22:00","2.0","","1.2","","94","","0.0","","5","","10","","","","101.66","","","","","","NA"
"-63.51","44.63","SHEARWATER RCS","8205092","2022-11-19 23:00","2022","11","19","23:00","2.4","","1.0","","91","","0.0","","4","","12","","","","101.55","","","","","","NA"
"-63.51","44.63","SHEARWATER RCS","8205092","2022-11-20 00:00","2022","11","20","00:00","2.5","","1.7","","94","","0.0","","7","","10","","","","101.52","","","","","","NA"
"-63.51","44.63","SHEARWATER RCS","8205092","2022-11-20 01:00","2022","11","20","01:00","3.6","","2.4","","92","","0.3","","2","","5","","","","101.45","","","","","","NA"
"-63.51","44.63","SHEARWATER RCS","8205092","2022-11-20 02:00","2022","11","20","02:00","3.3","","2.6","","95","","0.0","","5","","8","","","","101.35","","","","","","NA"
"-63.51","44.63","SHEARWATER RCS","8205092","2022-11-20 03:00","2022","11","20","03:00","3.4","","2.8","","96","","0.5","","5","","7","","","","101.27","","","","","","NA"
"-63.51","44.63","SHEARWATER RCS","8205092","2022-11-20 04:00","2022","11","20","04:00","2.1","","1.7","","98","","0.0","","6","","9","","","","101.15","","","","","","NA"
"-63.51","44.63","SHEARWATER RCS","8205092","2022-11-20 05:00","2022","11","20","05:00","1.9","","1.7","","99","","0.0","","5","","8","","","","101.03","","","","","","NA"
"-63.51","44.63","SHEARWATER RCS","8205092","2022-11-20 06:00","2022","11","20","06:00","1.9","","1.6","","98","","0.0","","6","","10","","","","100.96","","","","","","NA"
"-63.51","44.63","SHEARWATER RCS","8205092","2022-11-20 07:00","2022","11","20","07:00","3.1","","2.8","","99","","0.0","","11","","6","","","","100.79","","","","","","NA"
"-63.51","44.63","SHEARWATER RCS","8205092","2022-11-20 08:00","2022","11","20","08:00","7.1","","4.2","","82","","0.2","","18","","17","","","","100.68","","","","","","NA"
"-63.51","44.63","SHEARWATER RCS","8205092","2022-11-20 09:00","2022","11","20","09:00","5.6","","2.9","","83","","0.0","","23","","20","","","","100.72","","","","","","NA"
"-63.51","44.63","SHEARWATER RCS","8205092","2022-11-20 10:00","2022","11","20","10:00","6.1","","0.7","","69","","0.0","","23","","19","","","","100.67","","","","","","NA"
"-63.51","44.63","SHEARWATER RCS","8205092","2022-11-20 11:00","2022","11","20","11:00","7.2","","0.1","","61","","0.0","","23","","19","","","","100.56","","","","","","NA"
"-63.51","44.63","SHEARWATER RCS","8205092","2022-11-20 12:00","2022","11","20","12:00","7.3","","-2.0","","51","","0.0","","24","","23","","","","100.36","","","","","","NA"
"-63.51","44.63","SHEARWATER RCS","8205092","2022-11-20 13:00","2022","11","20","13:00","8.2","","-5.3","","38","","0.0","","24","","18","","","","100.19","","","","","","NA"
"-63.51","44.63","SHEARWATER RCS","8205092","2022-11-20 14:00","2022","11","20","14:00","7.6","","-4.2","","43","","0.0","","23","","19","","","","100.10","","","","","","NA"
"-63.51","44.63","SHEARWATER RCS","8205092","2022-11-20 15:00","2022","11","20","15:00","6.5","","-3.3","","50","","0.0","","22","","24","","","","99.99","","","","","","NA"
"-63.51","44.63","SHEARWATER RCS","8205092","2022-11-20 16:00","2022","11","20","16:00","5.5","","-0.5","","65","","0.0","","22","","29","","","","99.88","","","","","","NA"
"-63.51","44.63","SHEARWATER RCS","8205092","2022-11-20 17:00","2022","11","20","17:00","2.9","","0.4","","84","","0.0","","26","","21","","","","99.93","","","","","","NA"
"-63.51","44.63","SHEARWATER RCS","8205092","2022-11-20 18:00","2022","11","20","18:00","1.8","","0.4","","91","","0.0","","28","","18","","","","100.02","","","","","","NA"
"-63.51","44.63","SHEARWATER RCS","8205092","2022-11-20 19:00","2022","11","20","19:00","1.0","","-2.4","","78","","0.2","","28","","19","","","","100.13","","","","","","NA"
"-63.51","44.63","SHEARWATER RCS","8205092","2022-11-20 20:00","2022","11","20","20:00","0.2","","-4.1","","73","","0.0","","29","","22","","","","100.22","","","","","","NA"
"-63.51","44.63","SHEARWATER RCS","8205092","2022-11-20 21:00","2022","11","20","21:00","-0.3","","-4.2","","75","","0.0","","28","","20","","","","100.27","","","","-6","","NA"
"-63.51","44.63","SHEARWATER RCS","8205092","2022-11-20 22:00","2022","11","20","22:00","-0.8","","-3.8","","80","","0.0","","27","","21","","","","100.35","","","","-6","","NA"
"-63.51","44.63","SHEARWATER RCS","8205092","2022-11-20 23:00","2022","11","20","23:00","-1.2","","-3.9","","82","","0.0","","27","","18","","","","100.38","","","","-6","","NA"
"-63.51","44.63","SHEARWATER RCS","8205092","2022-11-21 00:00","2022","11","21","00:00","-1.1","","-5.8","","71","","0.0","","27","","19","","","","100.49","","","","-6","","NA"
"-63.51","44.63","SHEARWATER RCS","8205092","2022-11-21 01:00","2022","11","21","01:00","-1.3","","-7.2","","64","","0.0","","27","","22","","","","100.56","","","","-7","","NA"
"-63.51","44.63","SHEARWATER RCS","8205092","2022-11-21 02:00","2022","11","21","02:00","-2.0","","-7.9","","64","","0.0","","27","","26","","","","100.66","","","","-9","","NA"
"-63.51","44.63","SHEARWATER RCS","8205092","2022-11-21 03:00","2022","11","21","03:00","-2.3","","-7.3","","69","","0.0","","26","","21","","","","100.76","","","","-8","","NA"
"-63.51","44.63","SHEARWATER RCS","8205092","2022-11-21 04:00","2022","11","21","04:00","-2.9","","-6.2","","78","","0.0","","27","","21","","","","100.87","","","","-9","","NA"
"-63.51","44.63","SHEARWATER RCS","8205092","2022-11-21 05:00","2022","11","21","05:00","-3.1","","-5.3","","85","","0.0","","27","","18","","","","101.02","","","","-9","","NA"
"-63.51","44.63","SHEARWATER RCS","8205092","2022-11-21 06:00","2022","11","21","06:00","-3.1","","-6.3","","78","","0.0","","28","","20","","","","101.18","","","","-9","","NA"
"-63.51","44.63","SHEARWATER RCS","8205092","2022-11-21 07:00","2022","11","21","07:00","-3.3","","-7.1","","75","","0.0","","28","","23","","","","101.35","","","","-10","","NA"
"-63.51","44.63","SHEARWATER RCS","8205092","2022-11-21 08:00","2022","11","21","08:00","-3.1","","-7.6","","71","","0.3","","28","","21","","","","101.53","","","","-9","","NA"
"-63.51","44.63","SHEARWATER RCS","8205092","2022-11-21 09:00","2022","11","21","09:00","-2.6","","-7.8","","68","","0.0","","28","","22","","","","101.68","","","","-9","","NA"
"-63.51","44.63","SHEARWATER RCS","8205092","2022-11-21 10:00","2022","11","21","10:00","-1.5","","-7.8","","62","","0.0","","28","","19","","","","101.77","","","","-7","","NA"
"-63.51","44.63","SHEARWATER RCS","8205092","2022-11-21 11:00","2022","11","21","11:00","-0.9","","-7.6","","61","","0.0","","27","","21","","","","101.87","","","","-7","","NA"
"-63.51","44.63","SHEARWATER RCS","8205092","2022-11-21 12:00","2022","11","21","12:00","-0.3","","-7.8","","57","","0.0","","28","","20","","","","101.90","","","","-6","","NA"
"-63.51","44.63","SHEARWATER RCS","8205092","2022-11-21 13:00","2022","11","21","13:00","0.7","","-7.7","","53","","0.0","","29","","16","","","","101.89","","","","","","NA"
"-63.51","44.63","SHEARWATER RCS","8205092","2022-11-21 14:00","2022","11","21","14:00","1.2","","-8.7","","48","","0.0","","27","","15","","","","101.94","","","","","","NA"
"-63.51","44.63","SHEARWATER RCS","8205092","2022-11-21 15:00","2022","11","21","15:00","0.8","","-8.4","","50","","0.0","","26","","17","","","","101.97","","","","","","NA"
"-63.51","44.63","SHEARWATER RCS","8205092","2022-11-21 16:00","2022","11","21","16:00","0.4","","-8.3","","52","","0.0","","27","","11","","","","102.01","","","","","","NA"
"-63.51","44.63","SHEARWATER RCS","8205092","2022-11-21 17:00","2022","11","21","17:00","-0.8","","-7.3","","62","","0.0","","27","","9","","","","102.01","","","","-4","","NA"
"-63.51","44.63","SHEARWATER RCS","8205092","2022-11-21 18:00","2022","11","21","18:00","-1.4","","-6.6","","67","","0.0","","26","","8","","","","102.06","","","","-4","","NA"
"-63.51","44.63","SHEARWATER RCS","8205092","2022-11-21 19:00","2022","11","21","19:00","-1.4","","-6.5","","69","","0.0","","26","","11","","","","102.03","","","","-5","","NA"
"-63.51","44.63","SHEARWATER RCS","8205092","2022-11-21 20:00","2022","11","21","20:00","-1.5","","-6.5","","69","","0.0","","24","","12","","","","102.01","","","","-6","","NA"
"-63.51","44.63","SHEARWATER RCS","8205092","2022-11-21 21:00","2022","11","21","21:00","-0.7","","-6.1","","67","","0.0","","23","","10","","","","101.92","","","","-4","","NA"
"-63.51","44.63","SHEARWATER RCS","8205092","2022-11-21 22:00","2022","11","21","22:00","0.4","","-5.0","","67","","0.0","","23","","10","","","","101.83","","","","","","NA"
"-63.51","44.63","SHEARWATER RCS","8205092","2022-11-21 23:00","2022","11","21","23:00","2.7","","-3.2","","65","","0.0","","24","","17","","","","101.75","","","","","","NA"
"-63.51","44.63","SHEARWATER RCS","8205092","2022-11-22 00:00","2022","11","22","00:00","3.7","","-2.6","","63","","0.0","","24","","25","","","","101.61","","","","","","NA"
"-63.51","44.63","SHEARWATER RCS","8205092","2022-11-22 01:00","2022","11","22","01:00","4.9","","-1.0","","65","","0.0","","22","","26","","","","101.43","","","","","","NA"
"-63.51","44.63","SHEARWATER RCS","8205092","2022-11-22 02:00","2022","11","22","02:00","5.7","","0.9","","71","","0.0","","22","","23","","","","101.28","","","","","","NA"
"-63.51","44.63","SHEARWATER RCS","8205092","2022-11-22 03:00","2022","11","22","03:00","6.4","","3.0","","79","","0.0","","21","","27","","","","101.09","","","","","","NA"
"-63.51","44.63","SHEARWATER RCS","8205092","2022-11-22 04:00","2022","11","22","04:00","5.9","","2.8","","80","","0.3","","24","","32","","","","101.01","","","","","","NA"
"-63.51","44.63","SHEARWATER RCS","8205092","2022-11-22 05:00","2022","11","22","05:00","5.4","","2.2","","80","","0.0","","25","","21","","","","100.97","","","","","","NA"
"-63.51","44.63","SHEARWATER RCS","8205092","2022-11-22 06:00","2022","11","22","06:00","5.2","","1.5","","77","","0.0","","27","","21","","","","101.08","","","","","","NA"
"-63.51","44.63","SHEARWATER RCS","8205092","2022-11-22 07:00","2022","11","22","07:00","3.5","","1.0","","84","","0.3","","28","","16","","","","101.21","","","","","","NA"
"-63.51","44.63","SHEARWATER RCS","8205092","2022-11-22 08:00","2022","11","22","08:00","3.8","","-0.2","","76","","0.0","","27","","16","","","","101.34","","","","","","NA"
"-63.51","44.63","SHEARWATER RCS","8205092","2022-11-22 09:00","2022","11","22","09:00","4.3","","-2.8","","60","","0.0","","29","","24","","","","101.49","","","","","","NA"
"-63.51","44.63","SHEARWATER RCS","8205092","2022-11-22 10:00","2022","11","22","10:00","3.6","","-4.4","","56","","0.0","","29","","28","","","","101.62","","","","","","NA"
"-63.51","44.63","SHEARWATER RCS","8205092","2022-11-22 11:00","2022","11","22","11:00","4.7","","-4.8","","50","","0.0","","30","","29","","","","101.67","","","","","","NA"
"-63.51","44.63","SHEARWATER RCS","8205092","2022-11-22 12:00","2022","11","22","12:00","5.2","","-5.4","","46","","0.0","","30","","22","","","","101.74","","","","","","NA"
"-63.51","44.63","SHEARWATER RCS","8205092","2022-11-22 13:00","2022","11","22","13:00","4.2","","-5.9","","47","","0.0","","30","","19","","","","101.80","","","","","","NA"
"-63.51","44.63","SHEARWATER RCS","8205092","2022-11-22 14:00","2022","11","22","14:00","4.9","","-5.9","","46","","0.0","","29","","19","","","","101.83","","","","","","NA"
"-63.51","44.63","SHEARWATER RCS","8205092","2022-11-22 15:00","2022","11","22","15:00","4.4","","-6.6","","45","","0.0","","31","","19","","","","101.89","","","","","","NA"
"-63.51","44.63","SHEARWATER RCS","8205092","2022-11-22 16:00","2022","11","22","16:00","4.1","","-6.7","","46","","0.0","","29","","10","","","","101.95","","","","","","NA"
"-63.51","44.63","SHEARWATER RCS","8205092","2022-11-22 17:00","2022","11","22","17:00","2.6","","-6.1","","53","","0.0","","29","","9","","","","102.00","","","","","","NA"
"-63.51","44.63","SHEARWATER RCS","8205092","2022-11-22 18:00","2022","11","22","18:00","1.4","","-6.6","","55","","0.0","","31","","4","","","","102.05","","","","","","NA"
"-63.51","44.63","SHEARWATER RCS","8205092","2022-11-22 19:00","2022","11","22","19:00","1.0","","-6.0","","59","","0.0","","28","","3","","","","102.06","","","","","","NA"
"-63.51","44.63","SHEARWATER RCS","8205092","2022-11-22 20:00","2022","11","22","20:00","-1.6","","-5.8","","73","","0.0","","","","0","","","","102.07","","","","","","NA"
"-63.51","44.63","SHEARWATER RCS","8205092","2022-11-22 21:00","2022","11","22","21:00","-1.5","","-4.7","","79","","0.0","","","","0","","","","102.03","","","","","","NA"
"-63.51","44.63","SHEARWATER RCS","8205092","2022-11-22 22:00","2022","11","22","22:00","-1.0","","-4.2","","79","","0.0","","5","","6","","","","101.92","","","","-3","","NA"
"-63.51","44.63","SHEARWATER RCS","8205092","2022-11-22 23:00","2022","11","22","23:00","-0.9","","-3.4","","83","","0.0","","","","0","","","","101.86","","","","","","NA"
"-63.51","44.63","SHEARWATER RCS","8205092","2022-11-23 00:00","2022","11","23","00:00","-0.6","","-2.6","","86","","0.0","","30","","2","","","","101.82","","","","-1","","NA"
"-63.51","44.63","SHEARWATER RCS","8205092","2022-11-23 01:00","2022","11","23","01:00","1.9","","-2.2","","74","","0.0","","26","","6","","","","101.77","","","","","","NA"
"-63.51","44.63","SHEARWATER RCS","8205092","2022-11-23 02:00","2022","11","23","02:00","2.5","","-2.5","","70","","0.0","","27","","5","","","","101.66","","","","","","NA"
"-63.51","44.63","SHEARWATER RCS","8205092","2022-11-23 03:00","2022","11","23","03:00","3.3","","-2.2","","67","","0.0","","28","","6","","","","101.54","","","","","","NA"
"-63.51","44.63","SHEARWATER RCS","8205092","2022-11-23 04:00","2022","11","23","04:00","3.0","","-1.7","","71","","0.0","","24","","4","","","","101.42","","","","","","NA"
"-63.51","44.63","SHEARWATER RCS","8205092","2022-11-23 05:00","2022","11","23","05:00","2.8","","-1.7","","72","","0.0","","29","","4","","","","101.31","","","","","","NA"
"-63.51","44.63","SHEARWATER RCS","8205092","2022-11-23 06:00","2022","11","23","06:00","3.3","","-0.7","","75","","0.0","","27","","4","","","","101.25","","","","","","NA"
"-63.51","44.63","SHEARWATER RCS","8205092","2022-11-23 07:00","2022","11","23","07:00","3.7","","0.0","","77","","0.0","","24","","5","","","","101.22","","","","","","NA"
"-63.51","44.63","SHEARWATER RCS","8205092","2022-11-23 08:00","2022","11","23","08:00","4.0","","0.6","","78","","0.0","","24","","7","","","","101.18","","","","","","NA"
"-63.51","44.63","SHEARWATER RCS","8205092","2022-11-23 09:00","2022","11","23","09:00","3.2","","1.5","","89","","0.0","","28","","11","","","","101.26","","","","","","NA"
"-63.51","44.63","SHEARWATER RCS","8205092","2022-11-23 10:00","2022","11","23","10:00","3.1","","-1.7","","71","","0.0","","31","","24","","","","101.29","","","","","","NA"
"-63.51","44.63","SHEARWATER RCS","8205092","2022-11-23 11:00","2022","11","23","11:00","4.4","","-2.0","","63","","0.2","","30","","21","","","","101.27","","","","","","NA"
"-63.51","44.63","SHEARWATER RCS","8205092","2022-11-23 12:00","2022","11","23","12:00","4.5","","-5.8","","47","","0.0","","31","","23","","","","101.25","","","","","","NA"
"-63.51","44.63","SHEARWATER RCS","8205092","2022-11-23 13:00","2022","11","23","13:00","4.6","","-9.2","","36","","0.0","","32","","25","","","","101.22","","","","","","NA"
"-63.51","44.63","SHEARWATER RCS","8205092","2022-11-23 14:00","2022","11","23","14:00","5.3","","-8.4","","36","","0.0","","31","","16","","","","101.20","","","","","","NA"
"-63.51","44.63","SHEARWATER RCS","8205092","2022-11-23 15:00","2022","11","23","15:00","5.2","","-8.0","","38","","0.0","","31","","20","","","","101.22","","","","","","NA"
"-63.51","44.63","SHEARWATER RCS","8205092","2022-11-23 16:00","2022","11","23","16:00","3.9","","-6.7","","46","","0.0","","31","","19","","","","101.28","","","","","","NA"
"-63.51","44.63","SHEARWATER RCS","8205092","2022-11-23 17:00","2022","11","23","17:00","3.6","","-5.8","","50","","0.0","","29","","17","","","","101.33","","","","","","NA"
"-63.51","44.63","SHEARWATER RCS","8205092","2022-11-23 18:00","2022","11","23","18:00","3.1","","-4.8","","56","","0.0","","30","","19","","","","101.38","","","","","","NA"
"-63.51","44.63","SHEARWATER RCS","8205092","2022-11-23 19:00","2022","11","23","19:00","2.2","","-5.6","","56","","0.0","","31","","23","","","","101.47","","","","","","NA"
"-63.51","44.63","SHEARWATER RCS","8205092","2022-11-23 20:00","2022","11","23","20:00","1.0","","-7.0","","55","","0.0","","32","","22","","","","101.57","","","","","","NA"
"-63.51","44.63","SHEARWATER RCS","8205092","2022-11-23 21:00","2022","11","23","21:00","-0.5","","-8.1","","56","","0.0","","33","","12","","","","101.67","","","","-4","","NA"
"-63.51","44.63","SHEARWATER RCS","8205092","2022-11-23 22:00","2022","11","23","22:00","-1.0","","-8.8","","55","","0.0","","33","","24","","","","101.73","","","","-7","","NA"
"-63.51","44.63","SHEARWATER RCS","8205092","2022-11-23 23:00","2022","11","23","23:00","-2.2","","-11.8","","48","","0.0","","33","","19","","","","101.82","","","","-8","","NA"
"-63.51","44.63","SHEARWATER RCS","8205092","2022-11-24 00:00","2022","11","24","00:00","-3.2","","-13.0","","47","","0.0","","34","","21","","","","101.89","","","","-9","","NA"
"-63.51","44.63","SHEARWATER RCS","8205092","2022-11-24 01:00","2022","11","24","01:00","-4.0","","-12.4","","52","","0.0","","33","","22","","","","101.97","","","","-11","","NA"
"-63.51","44.63","SHEARWATER RCS","8205092","2022-11-24 02:00","2022","11","24","02:00","-4.7","","-13.0","","52","","0.0","","33","","20","","","","102.01","","","","-11","","NA"
"-63.51","44.63","SHEARWATER RCS","8205092","2022-11-24 03:00","2022","11","24","03:00","-5.1","","-13.1","","53","","0.0","","32","","15","","","","102.05","","","","-11","","NA"
"-63.51","44.63","SHEARWATER RCS","8205092","2022-11-24 04:00","2022","11","24","04:00","-5.5","","-12.9","","56","","0.0","","32","","14","","","","102.08","","","","-11","","NA"
"-63.51","44.63","SHEARWATER RCS","8205092","2022-11-24 05:00","2022","11","24","05:00","-5.8","","-12.3","","60","","0.0","","31","","12","","","","102.06","","","","-11","","NA"
"-63.51","44.63","SHEARWATER RCS","8205092","2022-11-24 06:00","2022","11","24","06:00","-5.4","","-11.8","","61","","0.0","","32","","18","","","","102.08","","","","-12","","NA"
"-63.51","44.63","SHEARWATER RCS","8205092","2022-11-24 07:00","2022","11","24","07:00","-5.8","","-12.0","","62","","0.0","","31","","15","","","","102.11","","","","-12","","NA"
"-63.51","44.63","SHEARWATER RCS","8205092","2022-11-24 08:00","2022","11","24","08:00","-4.8","","-12.5","","55","","0.0","","31","","17","","","","102.13","","","","-11","","NA"
"-63.51","44.63","SHEARWATER RCS","8205092","2022-11-24 09:00","2022","11","24","09:00","-3.4","","-12.2","","50","","0.0","","31","","17","","","","102.17","","","","-9","","NA"
"-63.51","44.63","SHEARWATER RCS","8205092","2022-11-24 10:00","2022","11","24","10:00","-1.7","","-11.3","","48","","0.0","","31","","16","","","","102.16","","","","-7","","NA"
"-63.51","44.63","SHEARWATER RCS","8205092","2022-11-24 11:00","2022","11","24","11:00","-0.1","","-10.7","","44","","0.0","","31","","15","","","","102.11","","","","-5","","NA"
"-63.51","44.63","SHEARWATER RCS","8205092","2022-11-24 12:00","2022","11","24","12:00","0.7","","-11.3","","40","","","M","31","","16","","","","101.99","","","","","","NA"
"-63.51","44.63","SHEARWATER RCS","8205092","2022-11-24 13:00","2022","11","24","13:00","1.6","","-10.7","","39","","0.0","","30","","17","","","","101.91","","","","","","NA"
"-63.51","44.63","SHEARWATER RCS","8205092","2022-11-24 14:00","2022","11","24","14:00","2.2","","-12.6","","33","","0.0","","29","","17","","","","101.85","","","","","","NA"
"-63.51","44.63","SHEARWATER RCS","8205092","2022-11-24 15:00","2022","11","24","15:00","1.7","","-13.2","","32","","0.0","","30","","18","","","","101.84","","","","","","NA"
"-63.51","44.63","SHEARWATER RCS","8205092","2022-11-24 16:00","2022","11","24","16:00","1.1","","-12.4","","36","","0.0","","29","","21","","","","101.86","","","","","","NA"
"-63.51","44.63","SHEARWATER RCS","8205092","2022-11-24 17:00","2022","11","24","17:00","-0.1","","-10.9","","44","","0.0","","29","","19","","","","101.90","","","","-5","","NA"
"-63.51","44.63","SHEARWATER RCS","8205092","2022-11-24 18:00","2022","11","24","18:00","-0.6","","-9.8","","50","","0.0","","28","","14","","","","101.93","","","","-5","","NA"
"-63.51","44.63","SHEARWATER RCS","8205092","2022-11-24 19:00","2022","11","24","19:00","-0.9","","-10.3","","49","","0.0","","30","","14","","","","101.96","","","","-5","","NA"
"-63.51","44.63","SHEARWATER RCS","8205092","2022-11-24 20:00","2022","11","24","20:00","-1.0","","-10.0","","51","","0.0","","30","","15","","","","101.96","","","","-6","","NA"
"-63.51","44.63","SHEARWATER RCS","8205092","2022-11-24 21:00","2022","11","24","21:00","-1.0","","-9.4","","53","","0.0","","28","","17","","","","101.96","","","","-6","","NA"
"-63.51","44.63","SHEARWATER RCS","8205092","2022-11-24 22:00","2022","11","24","22:00","-1.6","","-11.3","","47","","0.0","","32","","19","","","","101.95","","","","-7","","NA"
"-63.51","44.63","SHEARWATER RCS","8205092","2022-11-24 23:00","2022","11","24","23:00","-1.7","","-11.1","","49","","0.0","","33","","11","","","","101.95","","","","-6","","NA"
"-63.51","44.63","SHEARWATER RCS","8205092","2022-11-25 00:00","2022","11","25","00:00","-2.2","","-12.2","","46","","0.0","","32","","15","","","","101.93","","","","-7","","NA"
"-63.51","44.63","SHEARWATER RCS","8205092","2022-11-25 01:00","2022","11","25","01:00","-2.4","","-12.5","","46","","0.0","","32","","11","","","","101.98","","","","-6","","NA"
"-63.51","44.63","SHEARWATER RCS","8205092","2022-11-25 02:00","2022","11","25","02:00","-2.8","","-11.3","","52","","0.0","","35","","8","","","","101.95","","","","-6","","NA"
"-63.51","44.63","SHEARWATER RCS","8205092","2022-11-25 03:00","2022","11","25","03:00","-3.2","","-11.6","","52","","0.0","","33","","3","","","","101.93","","","","-4","","NA"
"-63.51","44.63","SHEARWATER RCS","8205092","2022-11-25 04:00","2022","11","25","04:00","-4.9","","-10.4","","65","","0.0","","3","","3","","","","101.91","","","","-6","","NA"
"-63.51","44.63","SHEARWATER RCS","8205092","2022-11-25 05:00","2022","11","25","05:00","-5.4","","-10.0","","70","","0.0","","7","","8","","","","101.92","","","","-9","","NA"
"-63.51","44.63","SHEARWATER RCS","8205092","2022-11-25 06:00","2022","11","25","06:00","-5.1","","-8.9","","75","","0.0","","6","","8","","","","101.89","","","","-9","","NA"
"-63.51","44.63","SHEARWATER RCS","8205092","2022-11-25 07:00","2022","11","25","07:00","-4.5","","-8.7","","72","","0.0","","7","","7","","","","101.85","","","","-8","","NA"
"-63.51","44.63","SHEARWATER RCS","8205092","2022-11-25 08:00","2022","11","25","08:00","-3.8","","-8.5","","70","","0.0","","6","","11","","","","101.78","","","","-8","","NA"
"-63.51","44.63","SHEARWATER RCS","8205092","2022-11-25 09:00","2022","11","25","09:00","-2.3","","-6.9","","71","","0.0","","6","","10","","","","101.69","","","","-6","","NA"
"-63.51","44.63","SHEARWATER RCS","8205092","2022-11-25 10:00","2022","11","25","10:00","0.8","","-4.9","","66","","0.0","","6","","5","","","","101.62","","","","","","NA"
"-63.51","44.63","SHEARWATER RCS","8205092","2022-11-25 11:00","2022","11","25","11:00","4.2","","-2.3","","63","","0.0","","19","","14","","","","101.54","","","","","","NA"
"-63.51","44.63","SHEARWATER RCS","8205092","2022-11-25 12:00","2022","11","25","12:00","5.1","","0.0","","70","","0.0","","18","","15","","","","101.39","","","","","","NA"
"-63.51","44.63","SHEARWATER RCS","8205092","2022-11-25 13:00","2022","11","25","13:00","5.8","","2.3","","79","","0.0","","17","","18","","","","101.21","","","","","","NA"
"-63.51","44.63","SHEARWATER RCS","8205092","2022-11-25 14:00","2022","11","25","14:00","6.6","","3.9","","83","","0.0","","17","","18","","","","101.04","","","","","","NA"
"-63.51","44.63","SHEARWATER RCS","8205092","2022-11-25 15:00","2022","11","25","15:00","7.5","","4.9","","84","","0.0","","17","","16","","","","100.85","","","","","","NA"
"-63.51","44.63","SHEARWATER RCS","8205092","2022-11-25 16:00","2022","11","25","16:00","7.8","","5.2","","83","","0.0","","18","","23","","","","100.77","","","","","","NA"
"-63.51","44.63","SHEARWATER RCS","8205092","2022-11-25 17:00","2022","11","25","17:00","7.9","","5.2","","83","","0.0","","17","","20","","","","100.60","","","","","","NA"
"-63.51","44.63","SHEARWATER RCS","8205092","2022-11-25 18:00","2022","11","25","18:00","8.0","","5.6","","85","","0.0","","15","","22","","","","100.37","","","","","","NA"
"-63.51","44.63","SHEARWATER RCS","8205092","2022-11-25 19:00","2022","11","25","19:00","8.5","","6.5","","87","","0.0","","14","","24","","","","100.20","","","","","","NA"
"-63.51","44.63","SHEARWATER RCS","8205092","2022-11-25 20:00","2022","11","25","20:00","8.5","","7.7","","94","","1.2","","16","","24","","","","100.05","","","","","","NA"
"-63.51","44.63","SHEARWATER RCS","8205092","2022-11-25 21:00","2022","11","25","21:00","8.7","","7.9","","95","","3.7","","16","","35","","","","99.80","","","","","","NA"
"-63.51","44.63","SHEARWATER RCS","8205092","2022-11-25 22:00","2022","11","25","22:00","8.8","","8.3","","97","","4.1","","14","","23","","","","99.55","","","","","","NA"
"-63.51","44.63","SHEARWATER RCS","8205092","2022-11-25 23:00","2022","11","25","23:00","8.6","","7.7","","94","","2.9","","20","","13","","","","99.43","","","","","","NA"
"-63.51","44.63","SHEARWATER RCS","8205092","2022-11-26 00:00","2022","11","26","00:00","8.1","","7.9","","98","","2.4","","17","","11","","","","99.27","","","","","","NA"
"-63.51","44.63","SHEARWATER RCS","8205092","2022-11-26 01:00","2022","11","26","01:00","7.9","","7.8","","99","","2.2","","17","","6","","","","99.08","","","","","","NA"
"-63.51","44.63","SHEARWATER RCS","8205092","2022-11-26 02:00","2022","11","26","02:00","7.4","","7.3","","99","","0.7","","0","","1","","","","98.92","","","","","","NA"
"-63.51","44.63","SHEARWATER RCS","8205092","2022-11-26 03:00","2022","11","26","03:00","7.7","","7.6","","99","","0.0","","29","","6","","","","98.83","","","","","","NA"
"-63.51","44.63","SHEARWATER RCS","8205092","2022-11-26 04:00","2022","11","26","04:00","6.9","","5.9","","93","","0.0","","29","","17","","","","98.78","","","","","","NA"
"-63.51","44.63","SHEARWATER RCS","8205092","2022-11-26 05:00","2022","11","26","05:00","5.7","","3.8","","87","","0.0","","31","","22","","","","98.77","","","","","","NA"
"-63.51","44.63","SHEARWATER RCS","8205092","2022-11-26 06:00","2022","11","26","06:00","5.3","","3.4","","87","","0.0","","30","","19","","","","98.74","","","","","","NA"
"-63.51","44.63","SHEARWATER RCS","8205092","2022-11-26 07:00","2022","11","26","07:00","5.2","","3.2","","87","","0.0","","31","","19","","","","98.73","","","","","","NA"
"-63.51","44.63","SHEARWATER RCS","8205092","2022-11-26 08:00","2022","11","26","08:00","4.9","","2.7","","86","","0.0","","31","","26","","","","98.76","","","","","","NA"
"-63.51","44.63","SHEARWATER RCS","8205092","2022-11-26 09:00","2022","11","26","09:00","4.4","","2.4","","87","","0.0","","31","","28","","","","98.80","","","","","","NA"
"-63.51","44.63","SHEARWATER RCS","8205092","2022-11-26 10:00","2022","11","26","10:00","4.0","","1.7","","85","","0.0","","32","","33","","","","98.83","","","","","","NA"
"-63.51","44.63","SHEARWATER RCS","8205092","2022-11-26 11:00","2022","11","26","11:00","3.7","","1.8","","87","","0.0","","32","","35","","","","98.85","","","","","","NA"
"-63.51","44.63","SHEARWATER RCS","8205092","2022-11-26 12:00","2022","11","26","12:00","3.8","","1.0","","82","","0.0","","32","","39","","","","98.86","","","","","","NA"
"-63.51","44.63","SHEARWATER RCS","8205092","2022-11-26 13:00","2022","11","26","13:00","4.5","","1.4","","81","","0.0","","32","","40","","","","98.87","","","","","","NA"
"-63.51","44.63","SHEARWATER RCS","8205092","2022-11-26 14:00","2022","11","26","14:00","4.4","","1.3","","81","","0.0","","32","","39","","","","98.89","","","","","","NA"
"-63.51","44.63","SHEARWATER RCS","8205092","2022-11-26 15:00","2022","11","26","15:00","4.3","","1.0","","79","","0.0","","32","","48","","","","98.99","","","","","","NA"
"-63.51","44.63","SHEARWATER RCS","8205092","2022-11-26 16:00","2022","11","26","16:00","4.0","","0.8","","80","","0.0","","33","","43","","","","99.04","","","","","","NA"
"-63.51","44.63","SHEARWATER RCS","8205092","2022-11-26 17:00","2022","11","26","17:00","3.5","","0.7","","82","","0.0","","32","","39","","","","99.20","","","","","","NA"
"-63.51","44.63","SHEARWATER RCS","8205092","2022-11-26 18:00","2022","11","26","18:00","3.4","","0.1","","79","","0.0","","33","","40","","","","99.33","","","","","","NA"
"-63.51","44.63","SHEARWATER RCS","8205092","2022-11-26 19:00","2022","11","26","19:00","3.6","","-0.5","","75","","0.0","","33","","37","","","","99.42","","","","","","NA"
"-63.51","44.63","SHEARWATER RCS","8205092","2022-11-26 20:00","2022","11","26","20:00","3.3","","-0.6","","75","","0.0","","33","","38","","","","99.52","","","","","","NA"
"-63.51","44.63","SHEARWATER RCS","8205092","2022-11-26 21:00","2022","11","26","21:00","3.2","","-0.4","","77","","0.0","","32","","34","","","","99.61","","","","","","NA"
"-63.51","44.63","SHEARWATER RCS","8205092","2022-11-26 22:00","2022","11","26","22:00","3.4","","-0.2","","78","","0.0","","33","","30","","","","99.68","","","","","","NA"
"-63.51","44.63","SHEARWATER RCS","8205092","2022-11-26 23:00","2022","11","26","23:00","3.2","","-0.2","","79","","0.0","","32","","24","","","","99.81","","","","","","NA"
"-63.51","44.63","SHEARWATER RCS","8205092","2022-11-27 00:00","2022","11","27","00:00","2.7","","-0.8","","78","","0.0","","32","","29","","","","100.03","","","","","","NA"
"-63.51","44.63","SHEARWATER RCS","8205092","2022-11-27 01:00","2022","11","27","01:00","2.4","","-1.0","","78","","0.0","","33","","19","","","","100.02","","","","","","NA"
"-63.51","44.63","SHEARWATER RCS","8205092","2022-11-27 02:00","2022","11","27","02:00","1.9","","-1.5","","78","","0.0","","33","","22","","","","100.13","","","","","","NA"
"-63.51","44.63","SHEARWATER RCS","8205092","2022-11-27 03:00","2022","11","27","03:00","1.8","","-1.5","","79","","0.0","","33","","16","","","","100.25","","","","","","NA"
"-63.51","44.63","SHEARWATER RCS","8205092","2022-11-27 04:00","2022","11","27","04:00","1.4","","-1.7","","79","","0.0","","34","","15","","","","100.22","","","","","","NA"
"-63.51","44.63","SHEARWATER RCS","8205092","2022-11-27 05:00","2022","11","27","05:00","0.5","","-2.2","","82","","0.0","","31","","11","","","","100.35","","","","","","NA"
"-63.51","44.63","SHEARWATER RCS","8205092","2022-11-27 06:00","2022","11","27","06:00","-0.2","","-2.6","","84","","0.0","","32","","8","","","","100.35","","","","-3","","NA"
"-63.51","44.63","SHEARWATER RCS","8205092","2022-11-27 07:00","2022","11","27","07:00","-0.2","","-2.7","","83","","0.0","","32","","8","","","","100.44","","","","-3","","NA"
"-63.51","44.63","SHEARWATER RCS","8205092","2022-11-27 08:00","2022","11","27","08:00","1.0","","-2.3","","79","","0.0","","31","","8","","","","100.46","","","","","","NA"
"-63.51","44.63","SHEARWATER RCS","8205092","2022-11-27 09:00","2022","11","27","09:00","2.1","","-1.8","","75","","0.0","","30","","14","","","","100.48","","","","","","NA"
"-63.51","44.63","SHEARWATER RCS","8205092","2022-11-27 10:00","2022","11","27","10:00","3.8","","-1.3","","69","","0.0","","30","","12","","","","100.49","","","","","","NA"
"-63.51","44.63","SHEARWATER RCS","8205092","2022-11-27 11:00","2022","11","27","11:00","5.7","","-1.2","","61","","0.0","","27","","10","","","","100.52","","","","","","NA"
"-63.51","44.63","SHEARWATER RCS","8205092","2022-11-27 12:00","2022","11","27","12:00","7.1","","-0.4","","59","","0.0","","28","","10","","","","100.48","","","","","","NA"
"-63.51","44.63","SHEARWATER RCS","8205092","2022-11-27 13:00","2022","11","27","13:00","7.8","","0.0","","58","","0.0","","26","","7","","","","100.42","","","","","","NA"
"-63.51","44.63","SHEARWATER RCS","8205092","2022-11-27 14:00","2022","11","27","14:00","8.3","","0.3","","57","","0.0","","28","","4","","","","100.39","","","","","","NA"
"-63.51","44.63","SHEARWATER RCS","8205092","2022-11-27 15:00","2022","11","27","15:00","9.8","","0.9","","54","","0.0","","22","","7","","","","100.34","","","","","","NA"
"-63.51","44.63","SHEARWATER RCS","8205092","2022-11-27 16:00","2022","11","27","16:00","8.0","","2.3","","67","","0.0","","20","","12","","","","100.33","","","","","","NA"
"-63.51","44.63","SHEARWATER RCS","8205092","2022-11-27 17:00","2022","11","27","17:00","6.2","","2.7","","79","","0.0","","21","","9","","","","100.32","","","","","","NA"
"-63.51","44.63","SHEARWATER RCS","8205092","2022-11-27 18:00","2022","11","27","18:00","5.3","","3.8","","90","","0.0","","18","","6","","","","100.24","","","","","","NA"
"-63.51","44.63","SHEARWATER RCS","8205092","2022-11-27 19:00","2022","11","27","19:00","6.9","","5.6","","91","","0.0","","16","","7","","","","100.23","","","","","","NA"
"-63.51","44.63","SHEARWATER RCS","8205092","2022-11-27 20:00","2022","11","27","20:00","7.8","","6.8","","93","","0.0","","16","","7","","","","100.17","","","","","","NA"
"-63.51","44.63","SHEARWATER RCS","8205092","2022-11-27 21:00","2022","11","27","21:00","8.4","","7.7","","95","","0.0","","17","","9","","","","100.10","","","","","","NA"
"-63.51","44.63","SHEARWATER RCS","8205092","2022-11-27 22:00","2022","11","27","22:00","8.5","","7.7","","95","","0.0","","20","","10","","","","100.05","","","","","","NA"
"-63.51","44.63","SHEARWATER RCS","8205092","2022-11-27 23:00","2022","11","27","23:00","8.7","","7.8","","95","","0.0","","18","","8","","","","99.98","","","","","","NA"
"-63.51","44.63","SHEARWATER RCS","8205092","2022-11-28 00:00","2022","11","28","00:00","9.0","","8.1","","95","","0.0","","19","","11","","","","99.85","","","","","","NA"
"-63.51","44.63","SHEARWATER RCS","8205092","2022-11-28 01:00","2022","11","28","01:00","8.9","","8.3","","96","","0.0","","20","","11","","","","99.74","","","","","","NA"
"-63.51","44.63","SHEARWATER RCS","8205092","2022-11-28 02:00","2022","11","28","02:00","9.1","","8.3","","94","","1.0","","21","","10","","","","99.61","","","","","","NA"
"-63.51","44.63","SHEARWATER RCS","8205092","2022-11-28 03:00","2022","11","28","03:00","8.5","","8.1","","97","","0.2","","14","","8","","","","99.41","","","","","","NA"
"-63.51","44.63","SHEARWATER RCS","8205092","2022-11-28 04:00","2022","11","28","04:00","8.4","","7.9","","97","","1.8","","13","","19","","","","99.11","","","","","","NA"
"-63.51","44.63","SHEARWATER RCS","8205092","2022-11-28 05:00","2022","11","28","05:00","8.2","","7.9","","98","","4.9","","13","","18","","","","98.86","","","","","","NA"
"-63.51","44.63","SHEARWATER RCS","8205092","2022-11-28 06:00","2022","11","28","06:00","9.4","","9.1","","98","","0.5","","14","","23","","","","98.49","","","","","","NA"
"-63.51","44.63","SHEARWATER RCS","8205092","2022-11-28 07:00","2022","11","28","07:00","10.4","","10.2","","99","","0.5","","15","","26","","","","98.20","","","","","","NA"
"-63.51","44.63","SHEARWATER RCS","8205092","2022-11-28 08:00","2022","11","28","08:00","12.6","","12.4","","99","","0.2","","22","","34","","","","98.11","","","","","","NA"
"-63.51","44.63","SHEARWATER RCS","8205092","2022-11-28 09:00","2022","11","28","09:00","12.6","","11.7","","94","","0.0","","23","","22","","","","98.17","","","","","","NA"
"-63.51","44.63","SHEARWATER RCS","8205092","2022-11-28 10:00","2022","11","28","10:00","12.0","","10.3","","89","","0.0","","23","","22","","","","98.28","","","","","","NA"
"-63.51","44.63","SHEARWATER RCS","8205092","2022-11-28 11:00","2022","11","28","11:00","11.8","","10.3","","91","","0.0","","23","","20","","","","98.37","","","","","","NA"
"-63.51","44.63","SHEARWATER RCS","8205092","2022-11-28 12:00","2022","11","28","12:00","10.9","","9.2","","89","","0.0","","30","","19","","","","98.51","","","","","","NA"
"-63.51","44.63","SHEARWATER RCS","8205092","2022-11-28 13:00","2022","11","28","13:00","10.1","","7.4","","83","","0.0","","31","","23","","","","98.65","","","","","","NA"
"-63.51","44.63","SHEARWATER RCS","8205092","2022-11-28 14:00","2022","11","28","14:00","8.3","","6.4","","88","","0.0","","30","","17","","","","98.86","","","","","","NA"
"-63.51","44.63","SHEARWATER RCS","8205092","2022-11-28 15:00","2022","11","28","15:00","7.4","","5.6","","88","","0.0","","30","","20","","","","99.00","","","","","","NA"
"-63.51","44.63","SHEARWATER RCS","8205092","2022-11-28 16:00","2022","11","28","16:00","6.4","","4.8","","89","","0.0","","33","","20","","","","99.21","","","","","","NA"
"-63.51","44.63","SHEARWATER RCS","8205092","2022-11-28 17:00","2022","11","28","17:00","5.5","","3.2","","85","","0.0","","32","","17","","","","99.41","","","","","","NA"
"-63.51","44.63","SHEARWATER RCS","8205092","2022-11-28 18:00","2022","11","28","18:00","4.9","","2.5","","84","","0.0","","32","","20","","","","99.56","","","","","","NA"
"-63.51","44.63","SHEARWATER RCS","8205092","2022-11-28 19:00","2022","11","28","19:00","4.6","","1.6","","81","","0.0","","33","","20","","","","99.73","","","","","","NA"
"-63.51","44.63","SHEARWATER RCS","8205092","2022-11-28 20:00","2022","11","28","20:00","4.2","","0.8","","78","","0.0","","33","","24","","","","99.91","","","","","","NA"
"-63.51","44.63","SHEARWATER RCS","8205092","2022-11-28 21:00","2022","11","28","21:00","3.4","","1.0","","84","","0.0","","34","","20","","","","100.10","","","","","","NA"
"-63.51","44.63","SHEARWATER RCS","8205092","2022-11-28 22:00","2022","11","28","22:00","3.0","","0.8","","85","","0.0","","33","","14","","","","100.27","","","","","","NA"
"-63.51","44.63","SHEARWATER RCS","8205092","2022-11-28 23:00","2022","11","28","23:00","2.6","","0.4","","85","","0.0","","32","","15","","","","100.39","","","","","","NA"
"-63.51","44.63","SHEARWATER RCS","8205092","2022-11-29 00:00","2022","11","29","00:00","2.9","","0.6","","85","","0.0","","32","","13","","","","100.52","","","","","","NA"
"-63.51","44.63","SHEARWATER RCS","8205092","2022-11-29 01:00","2022","11","29","01:00","2.6","","0.4","","85","","0.0","","34","","18","","","","100.65","","","","","","NA"
"-63.51","44.63","SHEARWATER RCS","8205092","2022-11-29 02:00","2022","11","29","02:00","1.6","","-0.4","","87","","0.0","","33","","20","","","","100.82","","","","","","NA"
"-63.51","44.63","SHEARWATER RCS","8205092","2022-11-29 03:00","2022","11","29","03:00","0.9","","-1.7","","83","","0.0","","34","","14","","","","100.97","","","","","","NA"
"-63.51","44.63","SHEARWATER RCS","8205092","2022-11-29 04:00","2022","11","29","04:00","0.5","","-3.1","","77","","0.0","","34","","18","","","","101.10","","","","","","NA"
"-63.51","44.63","SHEARWATER RCS","8205092","2022-11-29 05:00","2022","11","29","05:00","0.2","","-4.7","","69","","0.0","","33","","22","","","","101.23","","","","","","NA"
"-63.51","44.63","SHEARWATER RCS","8205092","2022-11-29 06:00","2022","11","29","06:00","0.2","","-4.7","","70","","0.0","","34","","25","","","","101.37","","","","","","NA"
"-63.51","44.63","SHEARWATER RCS","8205092","2022-11-29 07:00","2022","11","29","07:00","-1.1","","-6.3","","68","","0.0","","35","","14","","","","101.51","","","","-6","","NA"
"-63.51","44.63","SHEARWATER RCS","8205092","2022-11-29 08:00","2022","11","29","08:00","-1.5","","-6.5","","69","","0.0","","35","","15","","","","101.66","","","","-6","","NA"
"-63.51","44.63","SHEARWATER RCS","8205092","2022-11-29 09:00","2022","11","29","09:00","-1.0","","-6.9","","64","","0.0","","35","","16","","","","101.78","","","","-6","","NA"
"-63.51","44.63","SHEARWATER RCS","8205092","2022-11-29 10:00","2022","11","29","10:00","-1.0","","-7.5","","61","","0.0","","32","","19","","","","101.89","","","","-6","","NA"
"-63.51","44.63","SHEARWATER RCS","8205092","2022-11-29 11:00","2022","11","29","11:00","-0.3","","-7.0","","61","","0.0","","33","","16","","","","101.99","","","","-5","","NA"
"-63.51","44.63","SHEARWATER RCS","8205092","2022-11-29 12:00","2022","11","29","12:00","1.0","","-6.2","","59","","0.0","","34","","14","","","","101.96","","","","","","NA"
"-63.51","44.63","SHEARWATER RCS","8205092","2022-11-29 13:00","2022","11","29","13:00","1.7","","-6.8","","53","","0.0","","33","","16","","","","101.99","","","","","","NA"
"-63.51","44.63","SHEARWATER RCS","8205092","2022-11-29 14:00","2022","11","29","14:00","1.7","","-7.6","","50","","0.0","","34","","18","","","","102.03","","","","","","NA"
"-63.51","44.63","SHEARWATER RCS","8205092","2022-11-29 15:00","2022","11","29","15:00","1.9","","-8.3","","47","","0.0","","34","","15","","","","102.08","","","","","","NA"
"-63.51","44.63","SHEARWATER RCS","8205092","2022-11-29 16:00","2022","11","29","16:00","1.3","","-8.3","","49","","0.0","","34","","15","","","","102.20","","","","","","NA"
"-63.51","44.63","SHEARWATER RCS","8205092","2022-11-29 17:00","2022","11","29","17:00","-0.1","","-7.5","","57","","0.0","","34","","10","","","","102.29","","","","-3","","NA"
"-63.51","44.63","SHEARWATER RCS","8205092","2022-11-29 18:00","2022","11","29","18:00","-0.9","","-6.9","","64","","0.0","","35","","7","","","","102.37","","","","-3","","NA"
"-63.51","44.63","SHEARWATER RCS","8205092","2022-11-29 19:00","2022","11","29","19:00","-1.2","","-6.7","","66","","0.0","","35","","6","","","","102.46","","","","-3","","NA"
"-63.51","44.63","SHEARWATER RCS","8205092","2022-11-29 20:00","2022","11","29","20:00","-1.5","","-6.9","","67","","0.0","","36","","6","","","","102.51","","","","-4","","NA"
"-63.51","44.63","SHEARWATER RCS","8205092","2022-11-29 21:00","2022","11","29","21:00","-2.2","","-6.7","","71","","0.0","","3","","7","","","","102.58","","","","-5","","NA"
"-63.51","44.63","SHEARWATER RCS","8205092","2022-11-29 22:00","2022","11","29","22:00","-2.9","","-7.4","","71","","0.0","","4","","5","","","","102.65","","","","-5","","NA"
"-63.51","44.63","SHEARWATER RCS","8205092","2022-11-29 23:00","2022","11","29","23:00","-4.2","","-7.1","","80","","0.0","","5","","4","","","","102.66","","","","-6","","NA"
"-63.51","44.63","SHEARWATER RCS","8205092","2022-11-30 00:00","2022","11","30","00:00","-3.9","","-6.8","","81","","0.0","","5","","5","","","","102.71","","","","-6","","NA"
"-63.51","44.63","SHEARWATER RCS","8205092","2022-11-30 01:00","2022","11","30","01:00","-4.0","","-7.3","","78","","0.0","","5","","5","","","","102.71","","","","-6","","NA"
"-63.51","44.63","SHEARWATER RCS","8205092","2022-11-30 02:00","2022","11","30","02:00","-4.5","","-7.5","","80","","0.0","","2","","2","","","","102.77","","","","-5","","NA"
"-63.51","44.63","SHEARWATER RCS","8205092","2022-11-30 03:00","2022","11","30","03:00","-4.6","","-7.3","","82","","0.0","","2","","2","","","","102.79","","","","-5","","NA"
"-63.51","44.63","SHEARWATER RCS","8205092","2022-11-30 04:00","2022","11","30","04:00","-5.0","","-6.7","","88","","0.0","","","","0","","","","102.84","","","","","","NA"
"-63.51","44.63","SHEARWATER RCS","8205092","2022-11-30 05:00","2022","11","30","05:00","-4.1","","-6.0","","87","","0.0","","35","","2","","","","102.89","","","","-5","","NA"
"-63.51","44.63","SHEARWATER RCS","8205092","2022-11-30 06:00","2022","11","30","06:00","-4.1","","-7.5","","77","","0.0","","4","","6","","","","102.93","","","","-7","","NA"
"-63.51","44.63","SHEARWATER RCS","8205092","2022-11-30 07:00","2022","11","30","07:00","-4.1","","-7.7","","76","","0.0","","5","","9","","","","102.92","","","","-8","","NA"
"-63.51","44.63","SHEARWATER RCS","8205092","2022-11-30 08:00","2022","11","30","08:00","-3.8","","-7.2","","77","","0.0","","5","","11","","","","102.90","","","","-8","","NA"
"-63.51","44.63","SHEARWATER RCS","8205092","2022-11-30 09:00","2022","11","30","09:00","-2.2","","-6.1","","74","","0.0","","6","","14","","","","102.87","","","","-7","","NA"
"-63.51","44.63","SHEARWATER RCS","8205092","2022-11-30 10:00","2022","11","30","10:00","1.4","","-4.0","","67","","0.0","","8","","10","","","","102.91","","","","","","NA"
"-63.51","44.63","SHEARWATER RCS","8205092","2022-11-30 11:00","2022","11","30","11:00","3.9","","-3.2","","60","","0.0","","15","","19","","","","102.88","","","","","","NA"
"-63.51","44.63","SHEARWATER RCS","8205092","2022-11-30 12:00","2022","11","30","12:00","3.7","","-1.7","","67","","0.0","","15","","20","","","","102.78","","","","","","NA"
"-63.51","44.63","SHEARWATER RCS","8205092","2022-11-30 13:00","2022","11","30","13:00","5.3","","-1.3","","62","","0.0","","14","","20","","","","102.68","","","","","","NA"
"-63.51","44.63","SHEARWATER RCS","8205092","2022-11-30 14:00","2022","11","30","14:00","5.5","","-0.8","","64","","0.0","","14","","26","","","","102.60","","","","","","NA"
"-63.51","44.63","SHEARWATER RCS","8205092","2022-11-30 15:00","2022","11","30","15:00","5.7","","0.1","","67","","0.0","","13","","24","","","","102.46","","","","","","NA"
"-63.51","44.63","SHEARWATER RCS","8205092","2022-11-30 16:00","2022","11","30","16:00","5.9","","1.1","","71","","0.0","","13","","22","","","","102.36","","","","","","NA"
"-63.51","44.63","SHEARWATER RCS","8205092","2022-11-30 17:00","2022","11","30","17:00","6.5","","2.8","","77","","0.0","","14","","24","","","","102.23","","","","","","NA"
"-63.51","44.63","SHEARWATER RCS","8205092","2022-11-30 18:00","2022","11","30","18:00","7.2","","3.9","","79","","0.0","","14","","23","","","","102.14","","","","","","NA"
"-63.51","44.63","SHEARWATER RCS","8205092","2022-11-30 19:00","2022","11","30","19:00","7.7","","5.2","","84","","0.0","","14","","31","","","","102.01","","","","","","NA"
"-63.51","44.63","SHEARWATER RCS","8205092","2022-11-30 20:00","2022","11","30","20:00","8.5","","6.3","","86","","0.0","","13","","23","","","","101.90","","","","","","NA"
"-63.51","44.63","SHEARWATER RCS","8205092","2022-11-30 21:00","2022","11","30","21:00","9.2","","6.5","","83","","0.0","","15","","27","","","","101.72","","","","","","NA"
"-63.51","44.63","SHEARWATER RCS","8205092","2022-11-30 22:00","2022","11","30","22:00","9.4","","6.6","","82","","0.0","","15","","27","","","","101.56","","","","","","NA"
"-63.51","44.63","SHEARWATER RCS","8205092","2022-11-30 23:00","2022","11","30","23:00","9.6","","7.4","","86","","0.0","","14","","27","","","","101.34","","","","","","NA"
