"Longitude (x)","Latitude (y)","Station Name","Climate ID","Date/Time (LST)","Year","Month","Day","Time (LST)","Temp (°C)","Temp Flag","Dew Point Temp (°C)","Dew Point Temp Flag","Rel Hum (%)","Rel Hum Flag","Precip. Amount (mm)","Precip. Amount Flag","Wind Dir (10s deg)","Wind Dir Flag","Wind Spd (km/h)","Wind Spd Flag","Visibility (km)","Visibility Flag","Stn Press (kPa)","Stn Press Flag","Hmdx","Hmdx Flag","Wind Chill","Wind Chill Flag","Weather"
"-111.21","56.65","FORT MCMURRAY CS","3062696","2019-08-01 00:00","2019","08","01","00:00","15.9","","8.8","","63","","0.0","","10","","10","","","","97.20","","","","","","NA"
"-111.21","56.65","FORT MCMURRAY CS","3062696","2019-08-01 01:00","2019","08","01","01:00","15.8","","8.9","","64","","0.0","","10","","8","","","","97.20","","","","","","NA"
"-111.21","56.65","FORT MCMURRAY CS","3062696","2019-08-01 02:00","2019","08","01","02:00","15.8","","9.0","","64","","0.0","","10","","10","","","","97.18","","","","","","NA"
"-111.21","56.65","FORT MCMURRAY CS","3062696","2019-08-01 03:00","2019","08","01","03:00","15.8","","9.3","","65","","0.0","","12","","10","","","","97.17","","","","","","NA"
"-111.21","56.65","FORT MCMURRAY CS","3062696","2019-08-01 04:00","2019","08","01","04:00","14.6","","11.6","","82","","0.4","","0","","1","","","","97.22","","","","","","NA"
"-111.21","56.65","FORT MCMURRAY CS","3062696","2019-08-01 05:00","2019","08","01","05:00","14.2","","11.9","","86","","0.4","","9","","6","","","","97.27","","","","","","NA"
"-111.21","56.65","FORT MCMURRAY CS","3062696","2019-08-01 06:00","2019","08","01","06:00","14.5","","11.6","","83","","0.0","","4","","3","","","","97.32","","","","","","NA"
"-111.21","56.65","FORT MCMURRAY CS","3062696","2019-08-01 07:00","2019","08","01","07:00","14.7","","12.1","","85","","0.0","","8","","5","","","","97.32","","","","","","NA"
"-111.21","56.65","FORT MCMURRAY CS","3062696","2019-08-01 08:00","2019","08","01","08:00","15.5","","12.4","","82","","0.0","","9","","7","","","","97.29","","","","","","NA"
"-111.21","56.65","FORT MCMURRAY CS","3062696","2019-08-01 09:00","2019","08","01","09:00","17.0","","12.7","","76","","0.0","","11","","8","","","","97.27","","","","","","NA"
"-111.21","56.65","FORT MCMURRAY CS","3062696","2019-08-01 10:00","2019","08","01","10:00","19.1","","13.2","","69","","0.0","","11","","8","","","","97.28","","","","","","NA"
"-111.21","56.65","FORT MCMURRAY CS","3062696","2019-08-01 11:00","2019","08","01","11:00","20.6","","13.1","","62","","0.0","","10","","11","","","","97.24","","","","","","NA"
"-111.21","56.65","FORT MCMURRAY CS","3062696","2019-08-01 12:00","2019","08","01","12:00","21.7","","13.2","","59","","0.0","","8","","7","","","","97.22","","25","","","","NA"
"-111.21","56.65","FORT MCMURRAY CS","3062696","2019-08-01 13:00","2019","08","01","13:00","23.0","","12.8","","53","","0.0","","16","","6","","","","97.19","","26","","","","NA"
"-111.21","56.65","FORT MCMURRAY CS","3062696","2019-08-01 14:00","2019","08","01","14:00","22.7","","11.2","","48","","0.0","","0","","1","","","","97.16","","25","","","","NA"
"-111.21","56.65","FORT MCMURRAY CS","3062696","2019-08-01 15:00","2019","08","01","15:00","23.3","","12.2","","50","","0.0","","35","","8","","","","97.12","","26","","","","NA"
"-111.21","56.65","FORT MCMURRAY CS","3062696","2019-08-01 16:00","2019","08","01","16:00","24.3","","10.8","","43","","0.0","","5","","5","","","","97.11","","26","","","","NA"
"-111.21","56.65","FORT MCMURRAY CS","3062696","2019-08-01 17:00","2019","08","01","17:00","24.3","","11.9","","46","","0.0","","12","","6","","","","97.06","","27","","","","NA"
"-111.21","56.65","FORT MCMURRAY CS","3062696","2019-08-01 18:00","2019","08","01","18:00","23.9","","12.6","","49","","0.0","","13","","8","","","","97.01","","26","","","","NA"
"-111.21","56.65","FORT MCMURRAY CS","3062696","2019-08-01 19:00","2019","08","01","19:00","22.2","","13.5","","58","","0.0","","12","","7","","","","97.02","","25","","","","NA"
"-111.21","56.65","FORT MCMURRAY CS","3062696","2019-08-01 20:00","2019","08","01","20:00","21.8","","13.1","","58","","0.0","","11","","8","","","","96.98","","25","","","","NA"
"-111.21","56.65","FORT MCMURRAY CS","3062696","2019-08-01 21:00","2019","08","01","21:00","19.7","","12.2","","62","","0.0","","11","","10","","","","96.97","","","","","","NA"
"-111.21","56.65","FORT MCMURRAY CS","3062696","2019-08-01 22:00","2019","08","01","22:00","18.7","","13.0","","69","","0.0","","13","","12","","","","96.96","","","","","","NA"
"-111.21","56.65","FORT MCMURRAY CS","3062696","2019-08-01 23:00","2019","08","01","23:00","17.8","","13.3","","75","","0.0","","12","","6","","","","96.95","","","","","","NA"
"-111.21","56.65","FORT MCMURRAY CS","3062696","2019-08-02 00:00","2019","08","02","00:00","17.2","","13.0","","76","","0.0","","","","0","","","","96.92","","","","","","NA"
"-111.21","56.65","FORT MCMURRAY CS","3062696","2019-08-02 01:00","2019","08","02","01:00","17.1","","13.0","","77","","0.0","","13","","14","","","","96.87","","","","","","NA"
"-111.21","56.65","FORT MCMURRAY CS","3062696","2019-08-02 02:00","2019","08","02","02:00","16.3","","12.8","","80","","0.0","","","","0","","","","96.90","","","","","","NA"
"-111.21","56.65","FORT MCMURRAY CS","3062696","2019-08-02 03:00","2019","08","02","03:00","15.3","","13.1","","87","","0.0","","7","","2","","","","96.84","","","","","","NA"
"-111.21","56.65","FORT MCMURRAY CS","3062696","2019-08-02 04:00","2019","08","02","04:00","15.1","","13.4","","90","","0.0","","8","","7","","","","96.86","","","","","","NA"
"-111.21","56.65","FORT MCMURRAY CS","3062696","2019-08-02 05:00","2019","08","02","05:00","14.5","","12.5","","88","","0.0","","16","","1","","","","96.88","","","","","","NA"
"-111.21","56.65","FORT MCMURRAY CS","3062696","2019-08-02 06:00","2019","08","02","06:00","15.4","","13.2","","86","","0.0","","9","","5","","","","96.87","","","","","","NA"
"-111.21","56.65","FORT MCMURRAY CS","3062696","2019-08-02 07:00","2019","08","02","07:00","15.0","","13.5","","90","","2.5","","3","","2","","","","96.85","","","","","","NA"
"-111.21","56.65","FORT MCMURRAY CS","3062696","2019-08-02 08:00","2019","08","02","08:00","15.8","","14.1","","90","","0.6","","11","","6","","","","96.83","","","","","","NA"
"-111.21","56.65","FORT MCMURRAY CS","3062696","2019-08-02 09:00","2019","08","02","09:00","17.6","","14.5","","82","","0.0","","10","","3","","","","96.80","","","","","","NA"
"-111.21","56.65","FORT MCMURRAY CS","3062696","2019-08-02 10:00","2019","08","02","10:00","20.2","","15.2","","73","","0.0","","30","","4","","","","96.77","","","","","","NA"
"-111.21","56.65","FORT MCMURRAY CS","3062696","2019-08-02 11:00","2019","08","02","11:00","21.8","","15.4","","67","","0.0","","32","","7","","","","96.77","","26","","","","NA"
"-111.21","56.65","FORT MCMURRAY CS","3062696","2019-08-02 12:00","2019","08","02","12:00","22.7","","15.3","","63","","0.0","","35","","8","","","","96.75","","27","","","","NA"
"-111.21","56.65","FORT MCMURRAY CS","3062696","2019-08-02 13:00","2019","08","02","13:00","23.8","","15.0","","58","","0.0","","36","","10","","","","96.73","","28","","","","NA"
"-111.21","56.65","FORT MCMURRAY CS","3062696","2019-08-02 14:00","2019","08","02","14:00","24.9","","14.2","","52","","0.0","","34","","8","","","","96.68","","28","","","","NA"
"-111.21","56.65","FORT MCMURRAY CS","3062696","2019-08-02 15:00","2019","08","02","15:00","25.8","","14.9","","51","","0.0","","34","","9","","","","96.62","","30","","","","NA"
"-111.21","56.65","FORT MCMURRAY CS","3062696","2019-08-02 16:00","2019","08","02","16:00","26.2","","14.5","","49","","0.0","","36","","3","","","","96.56","","30","","","","NA"
"-111.21","56.65","FORT MCMURRAY CS","3062696","2019-08-02 17:00","2019","08","02","17:00","25.5","","13.4","","47","","0.0","","34","","10","","","","96.51","","29","","","","NA"
"-111.21","56.65","FORT MCMURRAY CS","3062696","2019-08-02 18:00","2019","08","02","18:00","22.3","","13.0","","56","","0.0","","36","","23","","","","96.45","","25","","","","NA"
"-111.21","56.65","FORT MCMURRAY CS","3062696","2019-08-02 19:00","2019","08","02","19:00","18.8","","15.4","","81","","0.3","","24","","5","","","","96.56","","","","","","NA"
"-111.21","56.65","FORT MCMURRAY CS","3062696","2019-08-02 20:00","2019","08","02","20:00","18.0","","16.2","","89","","4.6","","33","","17","","","","96.70","","","","","","NA"
"-111.21","56.65","FORT MCMURRAY CS","3062696","2019-08-02 21:00","2019","08","02","21:00","17.2","","15.2","","88","","0.9","","31","","14","","","","96.85","","","","","","NA"
"-111.21","56.65","FORT MCMURRAY CS","3062696","2019-08-02 22:00","2019","08","02","22:00","16.7","","15.0","","90","","1.0","","12","","17","","","","96.63","","","","","","NA"
"-111.21","56.65","FORT MCMURRAY CS","3062696","2019-08-02 23:00","2019","08","02","23:00","16.8","","14.5","","86","","0.2","","33","","8","","","","96.62","","","","","","NA"
"-111.21","56.65","FORT MCMURRAY CS","3062696","2019-08-03 00:00","2019","08","03","00:00","15.9","","14.2","","90","","0.0","","28","","8","","","","96.65","","","","","","NA"
"-111.21","56.65","FORT MCMURRAY CS","3062696","2019-08-03 01:00","2019","08","03","01:00","14.4","","13.0","","91","","0.0","","26","","8","","","","96.79","","","","","","NA"
"-111.21","56.65","FORT MCMURRAY CS","3062696","2019-08-03 02:00","2019","08","03","02:00","13.0","","11.6","","91","","0.0","","0","","1","","","","96.73","","","","","","NA"
"-111.21","56.65","FORT MCMURRAY CS","3062696","2019-08-03 03:00","2019","08","03","03:00","12.4","","11.3","","93","","0.0","","23","","10","","","","96.73","","","","","","NA"
"-111.21","56.65","FORT MCMURRAY CS","3062696","2019-08-03 04:00","2019","08","03","04:00","12.7","","11.6","","93","","0.0","","23","","11","","","","96.72","","","","","","NA"
"-111.21","56.65","FORT MCMURRAY CS","3062696","2019-08-03 05:00","2019","08","03","05:00","13.1","","12.1","","93","","0.0","","25","","9","","","","96.74","","","","","","NA"
"-111.21","56.65","FORT MCMURRAY CS","3062696","2019-08-03 06:00","2019","08","03","06:00","13.4","","12.4","","94","","0.0","","21","","6","","","","96.76","","","","","","NA"
"-111.21","56.65","FORT MCMURRAY CS","3062696","2019-08-03 07:00","2019","08","03","07:00","14.1","","12.4","","89","","0.0","","24","","10","","","","96.77","","","","","","NA"
"-111.21","56.65","FORT MCMURRAY CS","3062696","2019-08-03 08:00","2019","08","03","08:00","16.1","","12.8","","80","","0.0","","25","","10","","","","96.81","","","","","","NA"
"-111.21","56.65","FORT MCMURRAY CS","3062696","2019-08-03 09:00","2019","08","03","09:00","16.8","","12.3","","75","","0.0","","29","","8","","","","96.79","","","","","","NA"
"-111.21","56.65","FORT MCMURRAY CS","3062696","2019-08-03 10:00","2019","08","03","10:00","17.1","","12.9","","76","","0.0","","30","","5","","","","96.80","","","","","","NA"
"-111.21","56.65","FORT MCMURRAY CS","3062696","2019-08-03 11:00","2019","08","03","11:00","17.6","","13.3","","76","","0.0","","24","","11","","","","96.77","","","","","","NA"
"-111.21","56.65","FORT MCMURRAY CS","3062696","2019-08-03 12:00","2019","08","03","12:00","17.9","","13.7","","76","","0.0","","24","","11","","","","96.76","","","","","","NA"
"-111.21","56.65","FORT MCMURRAY CS","3062696","2019-08-03 13:00","2019","08","03","13:00","19.3","","13.4","","68","","0.0","","26","","9","","","","96.71","","","","","","NA"
"-111.21","56.65","FORT MCMURRAY CS","3062696","2019-08-03 14:00","2019","08","03","14:00","17.6","","12.6","","72","","0.0","","30","","27","","","","96.72","","","","","","NA"
"-111.21","56.65","FORT MCMURRAY CS","3062696","2019-08-03 15:00","2019","08","03","15:00","16.0","","12.1","","78","","0.0","","32","","21","","","","96.79","","","","","","NA"
"-111.21","56.65","FORT MCMURRAY CS","3062696","2019-08-03 16:00","2019","08","03","16:00","15.2","","11.9","","81","","0.0","","32","","16","","","","96.81","","","","","","NA"
"-111.21","56.65","FORT MCMURRAY CS","3062696","2019-08-03 17:00","2019","08","03","17:00","16.7","","10.7","","68","","0.2","","32","","15","","","","96.73","","","","","","NA"
"-111.21","56.65","FORT MCMURRAY CS","3062696","2019-08-03 18:00","2019","08","03","18:00","17.0","","10.2","","64","","0.0","","32","","17","","","","96.75","","","","","","NA"
"-111.21","56.65","FORT MCMURRAY CS","3062696","2019-08-03 19:00","2019","08","03","19:00","16.8","","10.8","","68","","0.0","","31","","6","","","","96.79","","","","","","NA"
"-111.21","56.65","FORT MCMURRAY CS","3062696","2019-08-03 20:00","2019","08","03","20:00","15.7","","11.8","","78","","0.0","","24","","15","","","","96.79","","","","","","NA"
"-111.21","56.65","FORT MCMURRAY CS","3062696","2019-08-03 21:00","2019","08","03","21:00","14.3","","12.3","","87","","0.0","","24","","8","","","","96.81","","","","","","NA"
"-111.21","56.65","FORT MCMURRAY CS","3062696","2019-08-03 22:00","2019","08","03","22:00","13.7","","11.9","","89","","0.0","","25","","4","","","","96.81","","","","","","NA"
"-111.21","56.65","FORT MCMURRAY CS","3062696","2019-08-03 23:00","2019","08","03","23:00","11.7","","10.0","","90","","0.0","","18","","6","","","","96.82","","","","","","NA"
"-111.21","56.65","FORT MCMURRAY CS","3062696","2019-08-04 00:00","2019","08","04","00:00","11.8","","10.5","","92","","0.0","","19","","6","","","","96.82","","","","","","NA"
"-111.21","56.65","FORT MCMURRAY CS","3062696","2019-08-04 01:00","2019","08","04","01:00","11.0","","9.8","","92","","0.0","","22","","6","","","","96.82","","","","","","NA"
"-111.21","56.65","FORT MCMURRAY CS","3062696","2019-08-04 02:00","2019","08","04","02:00","11.3","","10.1","","93","","0.0","","23","","7","","","","96.77","","","","","","NA"
"-111.21","56.65","FORT MCMURRAY CS","3062696","2019-08-04 03:00","2019","08","04","03:00","11.8","","10.3","","91","","0.0","","22","","9","","","","96.74","","","","","","NA"
"-111.21","56.65","FORT MCMURRAY CS","3062696","2019-08-04 04:00","2019","08","04","04:00","11.7","","9.9","","88","","0.0","","23","","10","","","","96.71","","","","","","NA"
"-111.21","56.65","FORT MCMURRAY CS","3062696","2019-08-04 05:00","2019","08","04","05:00","11.9","","10.0","","88","","0.0","","24","","11","","","","96.72","","","","","","NA"
"-111.21","56.65","FORT MCMURRAY CS","3062696","2019-08-04 06:00","2019","08","04","06:00","12.2","","10.1","","87","","0.0","","25","","8","","","","96.75","","","","","","NA"
"-111.21","56.65","FORT MCMURRAY CS","3062696","2019-08-04 07:00","2019","08","04","07:00","12.9","","10.5","","86","","0.0","","24","","13","","","","96.76","","","","","","NA"
"-111.21","56.65","FORT MCMURRAY CS","3062696","2019-08-04 08:00","2019","08","04","08:00","13.1","","11.0","","87","","0.0","","22","","13","","","","96.76","","","","","","NA"
"-111.21","56.65","FORT MCMURRAY CS","3062696","2019-08-04 09:00","2019","08","04","09:00","14.6","","12.0","","85","","0.4","","24","","17","","","","96.74","","","","","","NA"
"-111.21","56.65","FORT MCMURRAY CS","3062696","2019-08-04 10:00","2019","08","04","10:00","18.0","","12.7","","71","","0.0","","25","","14","","","","96.72","","","","","","NA"
"-111.21","56.65","FORT MCMURRAY CS","3062696","2019-08-04 11:00","2019","08","04","11:00","19.7","","11.0","","57","","0.0","","28","","11","","","","96.69","","","","","","NA"
"-111.21","56.65","FORT MCMURRAY CS","3062696","2019-08-04 12:00","2019","08","04","12:00","21.3","","12.4","","57","","0.0","","28","","13","","","","96.67","","","","","","NA"
"-111.21","56.65","FORT MCMURRAY CS","3062696","2019-08-04 13:00","2019","08","04","13:00","20.3","","13.1","","63","","0.3","","30","","10","","","","96.64","","","","","","NA"
"-111.21","56.65","FORT MCMURRAY CS","3062696","2019-08-04 14:00","2019","08","04","14:00","20.6","","12.5","","60","","0.0","","30","","16","","","","96.67","","","","","","NA"
"-111.21","56.65","FORT MCMURRAY CS","3062696","2019-08-04 15:00","2019","08","04","15:00","20.7","","12.1","","58","","0.0","","28","","10","","","","96.65","","","","","","NA"
"-111.21","56.65","FORT MCMURRAY CS","3062696","2019-08-04 16:00","2019","08","04","16:00","21.4","","11.4","","53","","0.0","","32","","23","","","","96.69","","","","","","NA"
"-111.21","56.65","FORT MCMURRAY CS","3062696","2019-08-04 17:00","2019","08","04","17:00","21.7","","11.9","","54","","0.0","","31","","17","","","","96.72","","","","","","NA"
"-111.21","56.65","FORT MCMURRAY CS","3062696","2019-08-04 18:00","2019","08","04","18:00","21.2","","12.9","","59","","0.0","","29","","10","","","","96.74","","","","","","NA"
"-111.21","56.65","FORT MCMURRAY CS","3062696","2019-08-04 19:00","2019","08","04","19:00","20.8","","12.1","","57","","0.0","","32","","6","","","","96.75","","","","","","NA"
"-111.21","56.65","FORT MCMURRAY CS","3062696","2019-08-04 20:00","2019","08","04","20:00","18.6","","13.5","","72","","0.0","","24","","8","","","","96.75","","","","","","NA"
"-111.21","56.65","FORT MCMURRAY CS","3062696","2019-08-04 21:00","2019","08","04","21:00","17.8","","13.1","","74","","0.0","","21","","9","","","","96.76","","","","","","NA"
"-111.21","56.65","FORT MCMURRAY CS","3062696","2019-08-04 22:00","2019","08","04","22:00","17.6","","12.9","","74","","0.0","","16","","6","","","","96.78","","","","","","NA"
"-111.21","56.65","FORT MCMURRAY CS","3062696","2019-08-04 23:00","2019","08","04","23:00","16.2","","13.6","","84","","0.0","","23","","9","","","","96.79","","","","","","NA"
"-111.21","56.65","FORT MCMURRAY CS","3062696","2019-08-05 00:00","2019","08","05","00:00","15.0","","12.8","","87","","0.0","","21","","12","","","","96.78","","","","","","NA"
"-111.21","56.65","FORT MCMURRAY CS","3062696","2019-08-05 01:00","2019","08","05","01:00","15.1","","13.0","","87","","0.0","","23","","13","","","","96.77","","","","","","NA"
"-111.21","56.65","FORT MCMURRAY CS","3062696","2019-08-05 02:00","2019","08","05","02:00","14.2","","12.2","","87","","0.0","","22","","11","","","","96.79","","","","","","NA"
"-111.21","56.65","FORT MCMURRAY CS","3062696","2019-08-05 03:00","2019","08","05","03:00","13.4","","11.7","","90","","0.0","","18","","4","","","","96.76","","","","","","NA"
"-111.21","56.65","FORT MCMURRAY CS","3062696","2019-08-05 04:00","2019","08","05","04:00","12.6","","11.1","","91","","0.0","","18","","3","","","","96.73","","","","","","NA"
"-111.21","56.65","FORT MCMURRAY CS","3062696","2019-08-05 05:00","2019","08","05","05:00","13.2","","11.7","","91","","0.0","","8","","6","","","","96.75","","","","","","NA"
"-111.21","56.65","FORT MCMURRAY CS","3062696","2019-08-05 06:00","2019","08","05","06:00","15.0","","12.4","","85","","0.0","","14","","2","","","","96.71","","","","","","NA"
"-111.21","56.65","FORT MCMURRAY CS","3062696","2019-08-05 07:00","2019","08","05","07:00","16.9","","12.8","","77","","0.0","","10","","2","","","","96.68","","","","","","NA"
"-111.21","56.65","FORT MCMURRAY CS","3062696","2019-08-05 08:00","2019","08","05","08:00","16.2","","13.1","","82","","0.0","","32","","8","","","","96.72","","","","","","NA"
"-111.21","56.65","FORT MCMURRAY CS","3062696","2019-08-05 09:00","2019","08","05","09:00","17.7","","13.8","","78","","0.0","","33","","6","","","","96.67","","","","","","NA"
"-111.21","56.65","FORT MCMURRAY CS","3062696","2019-08-05 10:00","2019","08","05","10:00","15.9","","14.2","","90","","6.7","","1","","6","","","","96.66","","","","","","NA"
"-111.21","56.65","FORT MCMURRAY CS","3062696","2019-08-05 11:00","2019","08","05","11:00","18.0","","13.6","","75","","0.3","","1","","4","","","","96.67","","","","","","NA"
"-111.21","56.65","FORT MCMURRAY CS","3062696","2019-08-05 12:00","2019","08","05","12:00","17.5","","14.0","","80","","0.0","","32","","20","","","","96.76","","","","","","NA"
"-111.21","56.65","FORT MCMURRAY CS","3062696","2019-08-05 13:00","2019","08","05","13:00","17.1","","14.8","","86","","0.0","","33","","14","","","","96.72","","","","","","NA"
"-111.21","56.65","FORT MCMURRAY CS","3062696","2019-08-05 14:00","2019","08","05","14:00","18.5","","13.4","","72","","0.0","","34","","16","","","","96.68","","","","","","NA"
"-111.21","56.65","FORT MCMURRAY CS","3062696","2019-08-05 15:00","2019","08","05","15:00","18.4","","13.9","","75","","0.0","","33","","15","","","","96.71","","","","","","NA"
"-111.21","56.65","FORT MCMURRAY CS","3062696","2019-08-05 16:00","2019","08","05","16:00","18.9","","12.9","","68","","0.0","","36","","9","","","","96.72","","","","","","NA"
"-111.21","56.65","FORT MCMURRAY CS","3062696","2019-08-05 17:00","2019","08","05","17:00","18.7","","12.8","","69","","0.0","","33","","14","","","","96.74","","","","","","NA"
"-111.21","56.65","FORT MCMURRAY CS","3062696","2019-08-05 18:00","2019","08","05","18:00","16.4","","11.9","","74","","0.0","","36","","18","","","","96.82","","","","","","NA"
"-111.21","56.65","FORT MCMURRAY CS","3062696","2019-08-05 19:00","2019","08","05","19:00","15.7","","9.1","","65","","0.0","","36","","18","","","","96.89","","","","","","NA"
"-111.21","56.65","FORT MCMURRAY CS","3062696","2019-08-05 20:00","2019","08","05","20:00","12.3","","10.0","","86","","0.8","","33","","21","","","","96.99","","","","","","NA"
"-111.21","56.65","FORT MCMURRAY CS","3062696","2019-08-05 21:00","2019","08","05","21:00","11.8","","9.5","","85","","0.0","","31","","12","","","","97.06","","","","","","NA"
"-111.21","56.65","FORT MCMURRAY CS","3062696","2019-08-05 22:00","2019","08","05","22:00","11.4","","9.0","","85","","0.0","","30","","10","","","","97.12","","","","","","NA"
"-111.21","56.65","FORT MCMURRAY CS","3062696","2019-08-05 23:00","2019","08","05","23:00","10.8","","8.8","","87","","0.0","","29","","8","","","","97.14","","","","","","NA"
"-111.21","56.65","FORT MCMURRAY CS","3062696","2019-08-06 00:00","2019","08","06","00:00","9.4","","7.6","","89","","0.0","","26","","10","","","","97.15","","","","","","NA"
"-111.21","56.65","FORT MCMURRAY CS","3062696","2019-08-06 01:00","2019","08","06","01:00","9.4","","7.4","","87","","0.0","","27","","9","","","","97.18","","","","","","NA"
"-111.21","56.65","FORT MCMURRAY CS","3062696","2019-08-06 02:00","2019","08","06","02:00","9.9","","8.2","","89","","0.0","","28","","7","","","","97.20","","","","","","NA"
"-111.21","56.65","FORT MCMURRAY CS","3062696","2019-08-06 03:00","2019","08","06","03:00","10.6","","8.2","","85","","0.0","","31","","12","","","","97.22","","","","","","NA"
"-111.21","56.65","FORT MCMURRAY CS","3062696","2019-08-06 04:00","2019","08","06","04:00","10.6","","8.5","","87","","0.0","","30","","9","","","","97.25","","","","","","NA"
"-111.21","56.65","FORT MCMURRAY CS","3062696","2019-08-06 05:00","2019","08","06","05:00","10.4","","8.3","","87","","0.0","","27","","9","","","","97.29","","","","","","NA"
"-111.21","56.65","FORT MCMURRAY CS","3062696","2019-08-06 06:00","2019","08","06","06:00","10.6","","7.5","","81","","0.0","","31","","9","","","","97.32","","","","","","NA"
"-111.21","56.65","FORT MCMURRAY CS","3062696","2019-08-06 07:00","2019","08","06","07:00","10.6","","7.8","","83","","0.0","","29","","12","","","","97.33","","","","","","NA"
"-111.21","56.65","FORT MCMURRAY CS","3062696","2019-08-06 08:00","2019","08","06","08:00","10.5","","6.8","","78","","0.0","","34","","14","","","","97.35","","","","","","NA"
"-111.21","56.65","FORT MCMURRAY CS","3062696","2019-08-06 09:00","2019","08","06","09:00","9.3","","7.4","","88","","0.2","","31","","12","","","","97.39","","","","","","NA"
"-111.21","56.65","FORT MCMURRAY CS","3062696","2019-08-06 10:00","2019","08","06","10:00","10.4","","6.3","","76","","0.0","","32","","20","","","","97.40","","","","","","NA"
"-111.21","56.65","FORT MCMURRAY CS","3062696","2019-08-06 11:00","2019","08","06","11:00","11.2","","4.3","","62","","0.0","","33","","18","","","","97.41","","","","","","NA"
"-111.21","56.65","FORT MCMURRAY CS","3062696","2019-08-06 12:00","2019","08","06","12:00","12.6","","4.8","","59","","0.0","","31","","18","","","","97.40","","","","","","NA"
"-111.21","56.65","FORT MCMURRAY CS","3062696","2019-08-06 13:00","2019","08","06","13:00","13.3","","5.7","","60","","0.0","","31","","19","","","","97.38","","","","","","NA"
"-111.21","56.65","FORT MCMURRAY CS","3062696","2019-08-06 14:00","2019","08","06","14:00","13.4","","4.6","","55","","0.0","","33","","16","","","","97.36","","","","","","NA"
"-111.21","56.65","FORT MCMURRAY CS","3062696","2019-08-06 15:00","2019","08","06","15:00","14.4","","5.4","","55","","0.0","","33","","11","","","","97.35","","","","","","NA"
"-111.21","56.65","FORT MCMURRAY CS","3062696","2019-08-06 16:00","2019","08","06","16:00","14.8","","4.8","","51","","0.0","","32","","15","","","","97.33","","","","","","NA"
"-111.21","56.65","FORT MCMURRAY CS","3062696","2019-08-06 17:00","2019","08","06","17:00","15.1","","5.5","","52","","0.0","","31","","10","","","","97.31","","","","","","NA"
"-111.21","56.65","FORT MCMURRAY CS","3062696","2019-08-06 18:00","2019","08","06","18:00","15.3","","5.5","","52","","0.0","","32","","8","","","","97.27","","","","","","NA"
"-111.21","56.65","FORT MCMURRAY CS","3062696","2019-08-06 19:00","2019","08","06","19:00","14.7","","5.6","","55","","0.0","","36","","12","","","","97.26","","","","","","NA"
"-111.21","56.65","FORT MCMURRAY CS","3062696","2019-08-06 20:00","2019","08","06","20:00","13.4","","5.8","","60","","0.0","","34","","11","","","","97.25","","","","","","NA"
"-111.21","56.65","FORT MCMURRAY CS","3062696","2019-08-06 21:00","2019","08","06","21:00","11.9","","5.5","","65","","0.0","","35","","6","","","","97.28","","","","","","NA"
"-111.21","56.65","FORT MCMURRAY CS","3062696","2019-08-06 22:00","2019","08","06","22:00","7.4","","5.2","","86","","0.0","","22","","6","","","","97.28","","","","","","NA"
"-111.21","56.65","FORT MCMURRAY CS","3062696","2019-08-06 23:00","2019","08","06","23:00","7.1","","5.5","","89","","0.0","","20","","6","","","","97.25","","","","","","NA"
"-111.21","56.65","FORT MCMURRAY CS","3062696","2019-08-07 00:00","2019","08","07","00:00","7.2","","6.0","","92","","0.0","","18","","4","","","","97.24","","","","","","NA"
"-111.21","56.65","FORT MCMURRAY CS","3062696","2019-08-07 01:00","2019","08","07","01:00","6.2","","5.1","","93","","0.0","","21","","3","","","","97.25","","","","","","NA"
"-111.21","56.65","FORT MCMURRAY CS","3062696","2019-08-07 02:00","2019","08","07","02:00","6.2","","5.2","","93","","0.0","","19","","3","","","","97.26","","","","","","NA"
"-111.21","56.65","FORT MCMURRAY CS","3062696","2019-08-07 03:00","2019","08","07","03:00","4.4","","3.5","","94","","0.0","","22","","9","","","","97.26","","","","","","NA"
"-111.21","56.65","FORT MCMURRAY CS","3062696","2019-08-07 04:00","2019","08","07","04:00","3.8","","3.0","","95","","0.0","","22","","7","","","","97.25","","","","","","NA"
"-111.21","56.65","FORT MCMURRAY CS","3062696","2019-08-07 05:00","2019","08","07","05:00","4.7","","4.0","","95","","0.0","","24","","3","","","","97.28","","","","","","NA"
"-111.21","56.65","FORT MCMURRAY CS","3062696","2019-08-07 06:00","2019","08","07","06:00","5.5","","4.1","","90","","0.0","","22","","6","","","","97.27","","","","","","NA"
"-111.21","56.65","FORT MCMURRAY CS","3062696","2019-08-07 07:00","2019","08","07","07:00","7.4","","5.3","","86","","0.0","","22","","5","","","","97.28","","","","","","NA"
"-111.21","56.65","FORT MCMURRAY CS","3062696","2019-08-07 08:00","2019","08","07","08:00","10.8","","6.8","","76","","0.0","","27","","7","","","","97.27","","","","","","NA"
"-111.21","56.65","FORT MCMURRAY CS","3062696","2019-08-07 09:00","2019","08","07","09:00","13.0","","7.1","","68","","0.0","","32","","4","","","","97.25","","","","","","NA"
"-111.21","56.65","FORT MCMURRAY CS","3062696","2019-08-07 10:00","2019","08","07","10:00","14.7","","6.1","","56","","0.0","","32","","11","","","","97.23","","","","","","NA"
"-111.21","56.65","FORT MCMURRAY CS","3062696","2019-08-07 11:00","2019","08","07","11:00","16.5","","6.2","","51","","0.0","","32","","7","","","","97.19","","","","","","NA"
"-111.21","56.65","FORT MCMURRAY CS","3062696","2019-08-07 12:00","2019","08","07","12:00","17.4","","3.7","","40","","0.0","","31","","9","","","","97.16","","","","","","NA"
"-111.21","56.65","FORT MCMURRAY CS","3062696","2019-08-07 13:00","2019","08","07","13:00","18.1","","4.7","","41","","0.0","","29","","7","","","","97.13","","","","","","NA"
"-111.21","56.65","FORT MCMURRAY CS","3062696","2019-08-07 14:00","2019","08","07","14:00","19.0","","3.2","","35","","0.0","","13","","5","","","","97.12","","","","","","NA"
"-111.21","56.65","FORT MCMURRAY CS","3062696","2019-08-07 15:00","2019","08","07","15:00","19.9","","3.2","","33","","0.0","","26","","8","","","","97.11","","","","","","NA"
"-111.21","56.65","FORT MCMURRAY CS","3062696","2019-08-07 16:00","2019","08","07","16:00","19.6","","2.1","","31","","0.0","","32","","7","","","","97.09","","","","","","NA"
"-111.21","56.65","FORT MCMURRAY CS","3062696","2019-08-07 17:00","2019","08","07","17:00","19.5","","2.1","","31","","0.0","","4","","11","","","","97.08","","","","","","NA"
"-111.21","56.65","FORT MCMURRAY CS","3062696","2019-08-07 18:00","2019","08","07","18:00","19.4","","0.3","","28","","0.0","","34","","4","","","","97.05","","","","","","NA"
"-111.21","56.65","FORT MCMURRAY CS","3062696","2019-08-07 19:00","2019","08","07","19:00","18.7","","1.6","","32","","0.0","","8","","5","","","","97.03","","","","","","NA"
"-111.21","56.65","FORT MCMURRAY CS","3062696","2019-08-07 20:00","2019","08","07","20:00","15.2","","6.2","","55","","0.0","","14","","5","","","","97.03","","","","","","NA"
"-111.21","56.65","FORT MCMURRAY CS","3062696","2019-08-07 21:00","2019","08","07","21:00","12.0","","7.3","","73","","0.0","","15","","7","","","","97.07","","","","","","NA"
"-111.21","56.65","FORT MCMURRAY CS","3062696","2019-08-07 22:00","2019","08","07","22:00","9.9","","5.4","","73","","0.0","","15","","9","","","","97.08","","","","","","NA"
"-111.21","56.65","FORT MCMURRAY CS","3062696","2019-08-07 23:00","2019","08","07","23:00","10.2","","3.2","","62","","0.0","","14","","8","","","","97.10","","","","","","NA"
"-111.21","56.65","FORT MCMURRAY CS","3062696","2019-08-08 00:00","2019","08","08","00:00","8.5","","3.6","","71","","0.0","","18","","6","","","","97.11","","","","","","NA"
"-111.21","56.65","FORT MCMURRAY CS","3062696","2019-08-08 01:00","2019","08","08","01:00","9.4","","4.7","","73","","0.0","","10","","8","","","","97.08","","","","","","NA"
"-111.21","56.65","FORT MCMURRAY CS","3062696","2019-08-08 02:00","2019","08","08","02:00","7.6","","4.6","","81","","0.0","","13","","4","","","","97.05","","","","","","NA"
"-111.21","56.65","FORT MCMURRAY CS","3062696","2019-08-08 03:00","2019","08","08","03:00","7.7","","4.7","","81","","0.0","","11","","5","","","","97.05","","","","","","NA"
"-111.21","56.65","FORT MCMURRAY CS","3062696","2019-08-08 04:00","2019","08","08","04:00","7.7","","5.3","","85","","0.0","","11","","6","","","","97.06","","","","","","NA"
"-111.21","56.65","FORT MCMURRAY CS","3062696","2019-08-08 05:00","2019","08","08","05:00","7.5","","5.2","","86","","0.0","","11","","7","","","","97.02","","","","","","NA"
"-111.21","56.65","FORT MCMURRAY CS","3062696","2019-08-08 06:00","2019","08","08","06:00","9.4","","6.1","","80","","0.0","","10","","6","","","","97.00","","","","","","NA"
"-111.21","56.65","FORT MCMURRAY CS","3062696","2019-08-08 07:00","2019","08","08","07:00","11.0","","6.5","","74","","0.0","","10","","7","","","","96.98","","","","","","NA"
"-111.21","56.65","FORT MCMURRAY CS","3062696","2019-08-08 08:00","2019","08","08","08:00","13.3","","7.0","","65","","0.0","","8","","5","","","","96.99","","","","","","NA"
"-111.21","56.65","FORT MCMURRAY CS","3062696","2019-08-08 09:00","2019","08","08","09:00","15.5","","7.7","","59","","0.0","","6","","6","","","","96.97","","","","","","NA"
"-111.21","56.65","FORT MCMURRAY CS","3062696","2019-08-08 10:00","2019","08","08","10:00","16.8","","9.1","","60","","0.0","","1","","6","","","","96.97","","","","","","NA"
"-111.21","56.65","FORT MCMURRAY CS","3062696","2019-08-08 11:00","2019","08","08","11:00","17.4","","9.1","","58","","0.0","","35","","7","","","","96.93","","","","","","NA"
"-111.21","56.65","FORT MCMURRAY CS","3062696","2019-08-08 12:00","2019","08","08","12:00","17.4","","10.8","","65","","0.0","","34","","5","","","","96.89","","","","","","NA"
"-111.21","56.65","FORT MCMURRAY CS","3062696","2019-08-08 13:00","2019","08","08","13:00","19.5","","11.2","","59","","0.0","","34","","6","","","","96.86","","","","","","NA"
"-111.21","56.65","FORT MCMURRAY CS","3062696","2019-08-08 14:00","2019","08","08","14:00","20.2","","9.8","","51","","0.0","","32","","8","","","","96.82","","","","","","NA"
"-111.21","56.65","FORT MCMURRAY CS","3062696","2019-08-08 15:00","2019","08","08","15:00","19.8","","11.0","","57","","0.0","","35","","7","","","","96.78","","","","","","NA"
"-111.21","56.65","FORT MCMURRAY CS","3062696","2019-08-08 16:00","2019","08","08","16:00","16.8","","12.0","","73","","0.0","","30","","18","","","","96.81","","","","","","NA"
"-111.21","56.65","FORT MCMURRAY CS","3062696","2019-08-08 17:00","2019","08","08","17:00","14.7","","12.3","","86","","0.0","","32","","14","","","","96.80","","","","","","NA"
"-111.21","56.65","FORT MCMURRAY CS","3062696","2019-08-08 18:00","2019","08","08","18:00","14.2","","12.7","","91","","0.7","","33","","13","","","","96.80","","","","","","NA"
"-111.21","56.65","FORT MCMURRAY CS","3062696","2019-08-08 19:00","2019","08","08","19:00","13.9","","12.7","","92","","2.2","","32","","10","","","","96.83","","","","","","NA"
"-111.21","56.65","FORT MCMURRAY CS","3062696","2019-08-08 20:00","2019","08","08","20:00","14.1","","12.9","","93","","2.4","","4","","7","","","","96.76","","","","","","NA"
"-111.21","56.65","FORT MCMURRAY CS","3062696","2019-08-08 21:00","2019","08","08","21:00","14.3","","12.7","","90","","0.7","","7","","4","","","","96.71","","","","","","NA"
"-111.21","56.65","FORT MCMURRAY CS","3062696","2019-08-08 22:00","2019","08","08","22:00","13.7","","12.5","","92","","0.0","","31","","5","","","","96.68","","","","","","NA"
"-111.21","56.65","FORT MCMURRAY CS","3062696","2019-08-08 23:00","2019","08","08","23:00","13.2","","12.1","","93","","0.0","","32","","14","","","","96.66","","","","","","NA"
"-111.21","56.65","FORT MCMURRAY CS","3062696","2019-08-09 00:00","2019","08","09","00:00","12.6","","11.6","","93","","0.4","","32","","14","","","","96.65","","","","","","NA"
"-111.21","56.65","FORT MCMURRAY CS","3062696","2019-08-09 01:00","2019","08","09","01:00","12.3","","11.2","","93","","0.0","","32","","14","","","","96.65","","","","","","NA"
"-111.21","56.65","FORT MCMURRAY CS","3062696","2019-08-09 02:00","2019","08","09","02:00","11.7","","10.6","","93","","0.3","","32","","20","","","","96.66","","","","","","NA"
"-111.21","56.65","FORT MCMURRAY CS","3062696","2019-08-09 03:00","2019","08","09","03:00","11.4","","10.3","","92","","0.0","","33","","20","","","","96.69","","","","","","NA"
"-111.21","56.65","FORT MCMURRAY CS","3062696","2019-08-09 04:00","2019","08","09","04:00","11.2","","10.0","","92","","0.2","","32","","18","","","","96.78","","","","","","NA"
"-111.21","56.65","FORT MCMURRAY CS","3062696","2019-08-09 05:00","2019","08","09","05:00","11.0","","9.6","","91","","0.0","","33","","24","","","","96.87","","","","","","NA"
"-111.21","56.65","FORT MCMURRAY CS","3062696","2019-08-09 06:00","2019","08","09","06:00","11.0","","9.3","","89","","0.0","","32","","21","","","","96.93","","","","","","NA"
"-111.21","56.65","FORT MCMURRAY CS","3062696","2019-08-09 07:00","2019","08","09","07:00","10.6","","8.9","","89","","0.0","","33","","21","","","","97.00","","","","","","NA"
"-111.21","56.65","FORT MCMURRAY CS","3062696","2019-08-09 08:00","2019","08","09","08:00","11.0","","7.8","","80","","0.0","","35","","21","","","","97.06","","","","","","NA"
"-111.21","56.65","FORT MCMURRAY CS","3062696","2019-08-09 09:00","2019","08","09","09:00","12.3","","8.6","","78","","0.0","","33","","18","","","","97.09","","","","","","NA"
"-111.21","56.65","FORT MCMURRAY CS","3062696","2019-08-09 10:00","2019","08","09","10:00","12.1","","7.0","","71","","0.0","","33","","19","","","","97.12","","","","","","NA"
"-111.21","56.65","FORT MCMURRAY CS","3062696","2019-08-09 11:00","2019","08","09","11:00","12.4","","7.0","","70","","0.0","","32","","17","","","","97.14","","","","","","NA"
"-111.21","56.65","FORT MCMURRAY CS","3062696","2019-08-09 12:00","2019","08","09","12:00","13.1","","7.8","","70","","0.0","","32","","8","","","","97.17","","","","","","NA"
"-111.21","56.65","FORT MCMURRAY CS","3062696","2019-08-09 13:00","2019","08","09","13:00","13.1","","7.6","","69","","0.0","","32","","14","","","","97.18","","","","","","NA"
"-111.21","56.65","FORT MCMURRAY CS","3062696","2019-08-09 14:00","2019","08","09","14:00","13.5","","7.6","","68","","0.0","","29","","14","","","","97.16","","","","","","NA"
"-111.21","56.65","FORT MCMURRAY CS","3062696","2019-08-09 15:00","2019","08","09","15:00","14.3","","6.9","","61","","0.0","","31","","14","","","","97.17","","","","","","NA"
"-111.21","56.65","FORT MCMURRAY CS","3062696","2019-08-09 16:00","2019","08","09","16:00","12.1","","7.4","","73","","0.6","","1","","15","","","","97.21","","","","","","NA"
"-111.21","56.65","FORT MCMURRAY CS","3062696","2019-08-09 17:00","2019","08","09","17:00","13.4","","8.4","","72","","0.0","","28","","11","","","","97.21","","","","","","NA"
"-111.21","56.65","FORT MCMURRAY CS","3062696","2019-08-09 18:00","2019","08","09","18:00","13.6","","7.1","","65","","0.0","","29","","11","","","","97.23","","","","","","NA"
"-111.21","56.65","FORT MCMURRAY CS","3062696","2019-08-09 19:00","2019","08","09","19:00","12.9","","6.7","","66","","0.0","","28","","14","","","","97.23","","","","","","NA"
"-111.21","56.65","FORT MCMURRAY CS","3062696","2019-08-09 20:00","2019","08","09","20:00","10.7","","7.3","","80","","0.9","","30","","12","","","","97.28","","","","","","NA"
"-111.21","56.65","FORT MCMURRAY CS","3062696","2019-08-09 21:00","2019","08","09","21:00","11.0","","6.6","","75","","0.0","","31","","15","","","","97.33","","","","","","NA"
"-111.21","56.65","FORT MCMURRAY CS","3062696","2019-08-09 22:00","2019","08","09","22:00","10.5","","6.9","","79","","0.0","","29","","12","","","","97.34","","","","","","NA"
"-111.21","56.65","FORT MCMURRAY CS","3062696","2019-08-09 23:00","2019","08","09","23:00","9.1","","6.0","","81","","0.0","","29","","8","","","","97.36","","","","","","NA"
"-111.21","56.65","FORT MCMURRAY CS","3062696","2019-08-10 00:00","2019","08","10","00:00","9.7","","6.2","","79","","0.0","","28","","9","","","","97.37","","","","","","NA"
"-111.21","56.65","FORT MCMURRAY CS","3062696","2019-08-10 01:00","2019","08","10","01:00","7.6","","5.0","","83","","0.0","","26","","10","","","","97.38","","","","","","NA"
"-111.21","56.65","FORT MCMURRAY CS","3062696","2019-08-10 02:00","2019","08","10","02:00","6.8","","4.8","","87","","0.0","","25","","7","","","","97.38","","","","","","NA"
"-111.21","56.65","FORT MCMURRAY CS","3062696","2019-08-10 03:00","2019","08","10","03:00","7.3","","5.4","","88","","0.0","","24","","10","","","","97.41","","","","","","NA"
"-111.21","56.65","FORT MCMURRAY CS","3062696","2019-08-10 04:00","2019","08","10","04:00","5.3","","3.9","","91","","0.0","","21","","8","","","","97.43","","","","","","NA"
"-111.21","56.65","FORT MCMURRAY CS","3062696","2019-08-10 05:00","2019","08","10","05:00","4.8","","3.3","","90","","0.0","","22","","5","","","","97.47","","","","","","NA"
"-111.21","56.65","FORT MCMURRAY CS","3062696","2019-08-10 06:00","2019","08","10","06:00","5.6","","3.8","","88","","0.0","","21","","7","","","","97.51","","","","","","NA"
"-111.21","56.65","FORT MCMURRAY CS","3062696","2019-08-10 07:00","2019","08","10","07:00","8.2","","4.9","","80","","0.0","","26","","13","","","","97.52","","","","","","NA"
"-111.21","56.65","FORT MCMURRAY CS","3062696","2019-08-10 08:00","2019","08","10","08:00","9.8","","4.8","","71","","0.0","","25","","15","","","","97.53","","","","","","NA"
"-111.21","56.65","FORT MCMURRAY CS","3062696","2019-08-10 09:00","2019","08","10","09:00","12.2","","4.9","","61","","0.0","","28","","16","","","","97.50","","","","","","NA"
"-111.21","56.65","FORT MCMURRAY CS","3062696","2019-08-10 10:00","2019","08","10","10:00","14.0","","4.7","","53","","0.0","","30","","19","","","","97.47","","","","","","NA"
"-111.21","56.65","FORT MCMURRAY CS","3062696","2019-08-10 11:00","2019","08","10","11:00","14.9","","4.1","","48","","0.0","","33","","11","","","","97.48","","","","","","NA"
"-111.21","56.65","FORT MCMURRAY CS","3062696","2019-08-10 12:00","2019","08","10","12:00","15.7","","5.2","","50","","0.0","","33","","13","","","","97.51","","","","","","NA"
"-111.21","56.65","FORT MCMURRAY CS","3062696","2019-08-10 13:00","2019","08","10","13:00","17.0","","5.9","","48","","0.0","","32","","16","","","","97.51","","","","","","NA"
"-111.21","56.65","FORT MCMURRAY CS","3062696","2019-08-10 14:00","2019","08","10","14:00","16.0","","4.3","","46","","0.0","","33","","10","","","","97.52","","","","","","NA"
"-111.21","56.65","FORT MCMURRAY CS","3062696","2019-08-10 15:00","2019","08","10","15:00","18.0","","4.6","","41","","0.0","","28","","9","","","","97.50","","","","","","NA"
"-111.21","56.65","FORT MCMURRAY CS","3062696","2019-08-10 16:00","2019","08","10","16:00","17.5","","4.4","","42","","0.0","","4","","11","","","","97.46","","","","","","NA"
"-111.21","56.65","FORT MCMURRAY CS","3062696","2019-08-10 17:00","2019","08","10","17:00","17.6","","2.8","","37","","0.0","","3","","6","","","","97.45","","","","","","NA"
"-111.21","56.65","FORT MCMURRAY CS","3062696","2019-08-10 18:00","2019","08","10","18:00","17.8","","3.0","","37","","0.0","","9","","2","","","","97.43","","","","","","NA"
"-111.21","56.65","FORT MCMURRAY CS","3062696","2019-08-10 19:00","2019","08","10","19:00","16.7","","3.7","","42","","0.0","","12","","4","","","","97.41","","","","","","NA"
"-111.21","56.65","FORT MCMURRAY CS","3062696","2019-08-10 20:00","2019","08","10","20:00","14.5","","5.7","","56","","0.0","","12","","8","","","","97.42","","","","","","NA"
"-111.21","56.65","FORT MCMURRAY CS","3062696","2019-08-10 21:00","2019","08","10","21:00","11.1","","5.7","","69","","0.0","","16","","12","","","","97.46","","","","","","NA"
"-111.21","56.65","FORT MCMURRAY CS","3062696","2019-08-10 22:00","2019","08","10","22:00","10.0","","5.5","","74","","0.0","","13","","10","","","","97.48","","","","","","NA"
"-111.21","56.65","FORT MCMURRAY CS","3062696","2019-08-10 23:00","2019","08","10","23:00","9.8","","5.5","","75","","0.0","","14","","11","","","","97.48","","","","","","NA"
"-111.21","56.65","FORT MCMURRAY CS","3062696","2019-08-11 00:00","2019","08","11","00:00","8.8","","5.0","","77","","0.0","","11","","9","","","","97.49","","","","","","NA"
"-111.21","56.65","FORT MCMURRAY CS","3062696","2019-08-11 01:00","2019","08","11","01:00","8.4","","5.0","","80","","0.0","","11","","10","","","","97.50","","","","","","NA"
"-111.21","56.65","FORT MCMURRAY CS","3062696","2019-08-11 02:00","2019","08","11","02:00","7.5","","5.0","","84","","0.0","","3","","2","","","","97.50","","","","","","NA"
"-111.21","56.65","FORT MCMURRAY CS","3062696","2019-08-11 03:00","2019","08","11","03:00","7.2","","4.9","","85","","0.0","","9","","9","","","","97.49","","","","","","NA"
"-111.21","56.65","FORT MCMURRAY CS","3062696","2019-08-11 04:00","2019","08","11","04:00","6.4","","4.5","","88","","0.0","","9","","9","","","","97.47","","","","","","NA"
"-111.21","56.65","FORT MCMURRAY CS","3062696","2019-08-11 05:00","2019","08","11","05:00","6.8","","5.2","","89","","0.0","","10","","10","","","","97.45","","","","","","NA"
"-111.21","56.65","FORT MCMURRAY CS","3062696","2019-08-11 06:00","2019","08","11","06:00","8.4","","5.5","","82","","0.0","","10","","9","","","","97.46","","","","","","NA"
"-111.21","56.65","FORT MCMURRAY CS","3062696","2019-08-11 07:00","2019","08","11","07:00","10.5","","6.0","","74","","0.0","","14","","5","","","","97.47","","","","","","NA"
"-111.21","56.65","FORT MCMURRAY CS","3062696","2019-08-11 08:00","2019","08","11","08:00","12.1","","6.8","","70","","0.0","","9","","4","","","","97.47","","","","","","NA"
"-111.21","56.65","FORT MCMURRAY CS","3062696","2019-08-11 09:00","2019","08","11","09:00","13.3","","8.2","","71","","0.0","","1","","4","","","","97.45","","","","","","NA"
"-111.21","56.65","FORT MCMURRAY CS","3062696","2019-08-11 10:00","2019","08","11","10:00","14.0","","8.8","","71","","0.0","","36","","4","","","","97.45","","","","","","NA"
"-111.21","56.65","FORT MCMURRAY CS","3062696","2019-08-11 11:00","2019","08","11","11:00","15.3","","8.6","","64","","0.0","","7","","4","","","","97.42","","","","","","NA"
"-111.21","56.65","FORT MCMURRAY CS","3062696","2019-08-11 12:00","2019","08","11","12:00","16.3","","9.0","","62","","0.0","","2","","6","","","","97.40","","","","","","NA"
"-111.21","56.65","FORT MCMURRAY CS","3062696","2019-08-11 13:00","2019","08","11","13:00","16.6","","7.6","","55","","0.0","","1","","6","","","","97.40","","","","","","NA"
"-111.21","56.65","FORT MCMURRAY CS","3062696","2019-08-11 14:00","2019","08","11","14:00","17.3","","8.1","","54","","0.0","","33","","4","","","","97.38","","","","","","NA"
"-111.21","56.65","FORT MCMURRAY CS","3062696","2019-08-11 15:00","2019","08","11","15:00","16.4","","7.9","","57","","0.0","","18","","10","","","","97.36","","","","","","NA"
"-111.21","56.65","FORT MCMURRAY CS","3062696","2019-08-11 16:00","2019","08","11","16:00","15.0","","9.7","","71","","0.0","","10","","8","","","","97.32","","","","","","NA"
"-111.21","56.65","FORT MCMURRAY CS","3062696","2019-08-11 17:00","2019","08","11","17:00","15.7","","9.1","","65","","0.0","","9","","8","","","","97.28","","","","","","NA"
"-111.21","56.65","FORT MCMURRAY CS","3062696","2019-08-11 18:00","2019","08","11","18:00","15.5","","9.1","","66","","0.0","","10","","8","","","","97.26","","","","","","NA"
"-111.21","56.65","FORT MCMURRAY CS","3062696","2019-08-11 19:00","2019","08","11","19:00","14.9","","9.3","","69","","0.0","","12","","4","","","","97.27","","","","","","NA"
"-111.21","56.65","FORT MCMURRAY CS","3062696","2019-08-11 20:00","2019","08","11","20:00","14.5","","9.5","","72","","0.0","","7","","3","","","","97.27","","","","","","NA"
"-111.21","56.65","FORT MCMURRAY CS","3062696","2019-08-11 21:00","2019","08","11","21:00","13.4","","9.3","","76","","0.0","","14","","6","","","","97.30","","","","","","NA"
"-111.21","56.65","FORT MCMURRAY CS","3062696","2019-08-11 22:00","2019","08","11","22:00","13.3","","9.0","","75","","0.0","","10","","7","","","","97.30","","","","","","NA"
"-111.21","56.65","FORT MCMURRAY CS","3062696","2019-08-11 23:00","2019","08","11","23:00","13.1","","9.2","","77","","0.3","","8","","4","","","","97.31","","","","","","NA"
"-111.21","56.65","FORT MCMURRAY CS","3062696","2019-08-12 00:00","2019","08","12","00:00","12.4","","9.2","","80","","0.0","","10","","9","","","","97.30","","","","","","NA"
"-111.21","56.65","FORT MCMURRAY CS","3062696","2019-08-12 01:00","2019","08","12","01:00","12.4","","9.2","","80","","0.0","","10","","8","","","","97.26","","","","","","NA"
"-111.21","56.65","FORT MCMURRAY CS","3062696","2019-08-12 02:00","2019","08","12","02:00","12.3","","9.2","","81","","0.0","","11","","4","","","","97.25","","","","","","NA"
"-111.21","56.65","FORT MCMURRAY CS","3062696","2019-08-12 03:00","2019","08","12","03:00","11.8","","9.3","","84","","0.0","","11","","6","","","","97.28","","","","","","NA"
"-111.21","56.65","FORT MCMURRAY CS","3062696","2019-08-12 04:00","2019","08","12","04:00","11.7","","9.6","","87","","0.0","","13","","7","","","","97.31","","","","","","NA"
"-111.21","56.65","FORT MCMURRAY CS","3062696","2019-08-12 05:00","2019","08","12","05:00","12.1","","9.3","","83","","0.0","","10","","7","","","","97.30","","","","","","NA"
"-111.21","56.65","FORT MCMURRAY CS","3062696","2019-08-12 06:00","2019","08","12","06:00","12.6","","9.7","","83","","0.0","","7","","5","","","","97.32","","","","","","NA"
"-111.21","56.65","FORT MCMURRAY CS","3062696","2019-08-12 07:00","2019","08","12","07:00","13.2","","10.2","","82","","0.0","","10","","4","","","","97.33","","","","","","NA"
"-111.21","56.65","FORT MCMURRAY CS","3062696","2019-08-12 08:00","2019","08","12","08:00","14.2","","10.1","","76","","0.0","","12","","2","","","","97.33","","","","","","NA"
"-111.21","56.65","FORT MCMURRAY CS","3062696","2019-08-12 09:00","2019","08","12","09:00","15.7","","9.9","","68","","0.0","","7","","3","","","","97.32","","","","","","NA"
"-111.21","56.65","FORT MCMURRAY CS","3062696","2019-08-12 10:00","2019","08","12","10:00","16.6","","11.1","","70","","0.0","","32","","2","","","","97.34","","","","","","NA"
"-111.21","56.65","FORT MCMURRAY CS","3062696","2019-08-12 11:00","2019","08","12","11:00","18.0","","11.4","","65","","0.0","","33","","2","","","","97.34","","","","","","NA"
"-111.21","56.65","FORT MCMURRAY CS","3062696","2019-08-12 12:00","2019","08","12","12:00","18.8","","10.6","","59","","0.0","","29","","2","","","","97.32","","","","","","NA"
"-111.21","56.65","FORT MCMURRAY CS","3062696","2019-08-12 13:00","2019","08","12","13:00","19.8","","10.7","","56","","0.0","","17","","4","","","","97.31","","","","","","NA"
"-111.21","56.65","FORT MCMURRAY CS","3062696","2019-08-12 14:00","2019","08","12","14:00","21.0","","10.3","","50","","0.0","","28","","7","","","","97.30","","","","","","NA"
"-111.21","56.65","FORT MCMURRAY CS","3062696","2019-08-12 15:00","2019","08","12","15:00","21.5","","11.2","","52","","0.0","","18","","10","","","","97.27","","","","","","NA"
"-111.21","56.65","FORT MCMURRAY CS","3062696","2019-08-12 16:00","2019","08","12","16:00","16.9","","13.7","","81","","0.0","","24","","11","","","","97.32","","","","","","NA"
"-111.21","56.65","FORT MCMURRAY CS","3062696","2019-08-12 17:00","2019","08","12","17:00","15.8","","11.1","","74","","0.4","","16","","13","","","","97.29","","","","","","NA"
"-111.21","56.65","FORT MCMURRAY CS","3062696","2019-08-12 18:00","2019","08","12","18:00","16.7","","12.7","","78","","0.0","","16","","13","","","","97.28","","","","","","NA"
"-111.21","56.65","FORT MCMURRAY CS","3062696","2019-08-12 19:00","2019","08","12","19:00","16.8","","12.6","","76","","0.0","","9","","3","","","","97.29","","","","","","NA"
"-111.21","56.65","FORT MCMURRAY CS","3062696","2019-08-12 20:00","2019","08","12","20:00","15.9","","13.4","","85","","0.0","","11","","4","","","","97.31","","","","","","NA"
"-111.21","56.65","FORT MCMURRAY CS","3062696","2019-08-12 21:00","2019","08","12","21:00","15.5","","13.1","","86","","0.0","","16","","8","","","","97.32","","","","","","NA"
"-111.21","56.65","FORT MCMURRAY CS","3062696","2019-08-12 22:00","2019","08","12","22:00","14.6","","12.2","","86","","0.0","","19","","6","","","","97.32","","","","","","NA"
"-111.21","56.65","FORT MCMURRAY CS","3062696","2019-08-12 23:00","2019","08","12","23:00","14.1","","11.6","","85","","0.0","","0","","1","","","","97.32","","","","","","NA"
"-111.21","56.65","FORT MCMURRAY CS","3062696","2019-08-13 00:00","2019","08","13","00:00","14.0","","11.3","","84","","0.0","","20","","4","","","","97.32","","","","","","NA"
"-111.21","56.65","FORT MCMURRAY CS","3062696","2019-08-13 01:00","2019","08","13","01:00","14.3","","11.4","","83","","0.0","","","","0","","","","97.32","","","","","","NA"
"-111.21","56.65","FORT MCMURRAY CS","3062696","2019-08-13 02:00","2019","08","13","02:00","14.0","","11.9","","87","","0.0","","17","","4","","","","97.32","","","","","","NA"
"-111.21","56.65","FORT MCMURRAY CS","3062696","2019-08-13 03:00","2019","08","13","03:00","14.3","","12.3","","88","","0.0","","22","","7","","","","97.31","","","","","","NA"
"-111.21","56.65","FORT MCMURRAY CS","3062696","2019-08-13 04:00","2019","08","13","04:00","14.3","","12.5","","89","","0.8","","21","","9","","","","97.31","","","","","","NA"
"-111.21","56.65","FORT MCMURRAY CS","3062696","2019-08-13 05:00","2019","08","13","05:00","14.2","","12.5","","89","","0.0","","23","","9","","","","97.33","","","","","","NA"
"-111.21","56.65","FORT MCMURRAY CS","3062696","2019-08-13 06:00","2019","08","13","06:00","14.0","","12.3","","89","","0.0","","23","","7","","","","97.35","","","","","","NA"
"-111.21","56.65","FORT MCMURRAY CS","3062696","2019-08-13 07:00","2019","08","13","07:00","14.1","","12.5","","90","","0.5","","22","","9","","","","97.37","","","","","","NA"
"-111.21","56.65","FORT MCMURRAY CS","3062696","2019-08-13 08:00","2019","08","13","08:00","14.3","","12.6","","89","","0.5","","22","","13","","","","97.39","","","","","","NA"
"-111.21","56.65","FORT MCMURRAY CS","3062696","2019-08-13 09:00","2019","08","13","09:00","15.1","","13.1","","88","","0.0","","23","","11","","","","97.41","","","","","","NA"
"-111.21","56.65","FORT MCMURRAY CS","3062696","2019-08-13 10:00","2019","08","13","10:00","16.1","","13.1","","82","","0.0","","24","","11","","","","97.41","","","","","","NA"
"-111.21","56.65","FORT MCMURRAY CS","3062696","2019-08-13 11:00","2019","08","13","11:00","17.7","","13.6","","77","","0.0","","24","","12","","","","97.41","","","","","","NA"
"-111.21","56.65","FORT MCMURRAY CS","3062696","2019-08-13 12:00","2019","08","13","12:00","18.9","","12.3","","66","","0.0","","24","","11","","","","97.37","","","","","","NA"
"-111.21","56.65","FORT MCMURRAY CS","3062696","2019-08-13 13:00","2019","08","13","13:00","20.5","","12.1","","59","","0.0","","23","","9","","","","97.35","","","","","","NA"
"-111.21","56.65","FORT MCMURRAY CS","3062696","2019-08-13 14:00","2019","08","13","14:00","20.7","","10.6","","52","","0.0","","29","","8","","","","97.31","","","","","","NA"
"-111.21","56.65","FORT MCMURRAY CS","3062696","2019-08-13 15:00","2019","08","13","15:00","21.9","","8.3","","42","","0.0","","27","","5","","","","97.28","","","","","","NA"
"-111.21","56.65","FORT MCMURRAY CS","3062696","2019-08-13 16:00","2019","08","13","16:00","21.9","","8.5","","42","","0.0","","31","","6","","","","97.25","","","","","","NA"
"-111.21","56.65","FORT MCMURRAY CS","3062696","2019-08-13 17:00","2019","08","13","17:00","22.1","","8.3","","41","","0.0","","27","","5","","","","97.21","","","","","","NA"
"-111.21","56.65","FORT MCMURRAY CS","3062696","2019-08-13 18:00","2019","08","13","18:00","21.7","","8.9","","44","","0.0","","29","","4","","","","97.18","","","","","","NA"
"-111.21","56.65","FORT MCMURRAY CS","3062696","2019-08-13 19:00","2019","08","13","19:00","20.5","","10.1","","51","","0.0","","19","","3","","","","97.17","","","","","","NA"
"-111.21","56.65","FORT MCMURRAY CS","3062696","2019-08-13 20:00","2019","08","13","20:00","17.9","","9.3","","57","","0.0","","18","","8","","","","97.16","","","","","","NA"
"-111.21","56.65","FORT MCMURRAY CS","3062696","2019-08-13 21:00","2019","08","13","21:00","15.6","","10.5","","71","","0.0","","17","","12","","","","97.15","","","","","","NA"
"-111.21","56.65","FORT MCMURRAY CS","3062696","2019-08-13 22:00","2019","08","13","22:00","15.4","","9.5","","68","","0.0","","20","","12","","","","97.14","","","","","","NA"
"-111.21","56.65","FORT MCMURRAY CS","3062696","2019-08-13 23:00","2019","08","13","23:00","14.2","","9.0","","71","","0.0","","21","","12","","","","97.12","","","","","","NA"
"-111.21","56.65","FORT MCMURRAY CS","3062696","2019-08-14 00:00","2019","08","14","00:00","13.8","","8.6","","71","","0.0","","22","","11","","","","97.11","","","","","","NA"
"-111.21","56.65","FORT MCMURRAY CS","3062696","2019-08-14 01:00","2019","08","14","01:00","12.6","","8.3","","75","","0.0","","23","","6","","","","97.07","","","","","","NA"
"-111.21","56.65","FORT MCMURRAY CS","3062696","2019-08-14 02:00","2019","08","14","02:00","13.5","","8.6","","72","","0.0","","23","","8","","","","97.01","","","","","","NA"
"-111.21","56.65","FORT MCMURRAY CS","3062696","2019-08-14 03:00","2019","08","14","03:00","12.8","","8.8","","77","","0.0","","","","0","","","","96.98","","","","","","NA"
"-111.21","56.65","FORT MCMURRAY CS","3062696","2019-08-14 04:00","2019","08","14","04:00","14.3","","9.7","","74","","0.0","","23","","13","","","","96.94","","","","","","NA"
"-111.21","56.65","FORT MCMURRAY CS","3062696","2019-08-14 05:00","2019","08","14","05:00","13.9","","9.6","","75","","0.0","","22","","13","","","","96.91","","","","","","NA"
"-111.21","56.65","FORT MCMURRAY CS","3062696","2019-08-14 06:00","2019","08","14","06:00","14.4","","9.9","","74","","0.0","","23","","14","","","","96.86","","","","","","NA"
"-111.21","56.65","FORT MCMURRAY CS","3062696","2019-08-14 07:00","2019","08","14","07:00","15.5","","10.1","","70","","0.0","","23","","15","","","","96.81","","","","","","NA"
"-111.21","56.65","FORT MCMURRAY CS","3062696","2019-08-14 08:00","2019","08","14","08:00","17.0","","9.8","","63","","0.0","","22","","17","","","","96.76","","","","","","NA"
"-111.21","56.65","FORT MCMURRAY CS","3062696","2019-08-14 09:00","2019","08","14","09:00","19.6","","9.7","","53","","0.0","","24","","21","","","","96.71","","","","","","NA"
"-111.21","56.65","FORT MCMURRAY CS","3062696","2019-08-14 10:00","2019","08","14","10:00","21.1","","10.3","","50","","0.0","","24","","19","","","","96.63","","","","","","NA"
"-111.21","56.65","FORT MCMURRAY CS","3062696","2019-08-14 11:00","2019","08","14","11:00","19.8","","11.1","","57","","0.0","","31","","13","","","","96.63","","","","","","NA"
"-111.21","56.65","FORT MCMURRAY CS","3062696","2019-08-14 12:00","2019","08","14","12:00","22.2","","11.5","","51","","0.0","","29","","11","","","","96.61","","","","","","NA"
"-111.21","56.65","FORT MCMURRAY CS","3062696","2019-08-14 13:00","2019","08","14","13:00","21.1","","11.2","","53","","0.0","","27","","10","","","","96.58","","","","","","NA"
"-111.21","56.65","FORT MCMURRAY CS","3062696","2019-08-14 14:00","2019","08","14","14:00","22.0","","11.0","","50","","0.0","","26","","15","","","","96.56","","","","","","NA"
"-111.21","56.65","FORT MCMURRAY CS","3062696","2019-08-14 15:00","2019","08","14","15:00","23.2","","10.9","","46","","0.0","","25","","18","","","","96.51","","25","","","","NA"
"-111.21","56.65","FORT MCMURRAY CS","3062696","2019-08-14 16:00","2019","08","14","16:00","22.2","","10.9","","49","","0.0","","26","","18","","","","96.51","","","","","","NA"
"-111.21","56.65","FORT MCMURRAY CS","3062696","2019-08-14 17:00","2019","08","14","17:00","21.0","","14.3","","66","","0.0","","21","","6","","","","96.48","","25","","","","NA"
"-111.21","56.65","FORT MCMURRAY CS","3062696","2019-08-14 18:00","2019","08","14","18:00","23.1","","11.5","","48","","0.0","","29","","11","","","","96.45","","25","","","","NA"
"-111.21","56.65","FORT MCMURRAY CS","3062696","2019-08-14 19:00","2019","08","14","19:00","18.5","","12.6","","69","","1.0","","29","","23","","","","96.52","","","","","","NA"
"-111.21","56.65","FORT MCMURRAY CS","3062696","2019-08-14 20:00","2019","08","14","20:00","17.0","","12.0","","72","","0.0","","27","","6","","","","96.53","","","","","","NA"
"-111.21","56.65","FORT MCMURRAY CS","3062696","2019-08-14 21:00","2019","08","14","21:00","15.5","","10.4","","72","","0.0","","24","","6","","","","96.57","","","","","","NA"
"-111.21","56.65","FORT MCMURRAY CS","3062696","2019-08-14 22:00","2019","08","14","22:00","12.9","","10.1","","83","","0.0","","25","","9","","","","96.60","","","","","","NA"
"-111.21","56.65","FORT MCMURRAY CS","3062696","2019-08-14 23:00","2019","08","14","23:00","13.0","","10.9","","87","","0.0","","23","","10","","","","96.63","","","","","","NA"
"-111.21","56.65","FORT MCMURRAY CS","3062696","2019-08-15 00:00","2019","08","15","00:00","12.4","","10.6","","89","","0.0","","25","","3","","","","96.67","","","","","","NA"
"-111.21","56.65","FORT MCMURRAY CS","3062696","2019-08-15 01:00","2019","08","15","01:00","11.5","","10.0","","91","","0.0","","21","","9","","","","96.68","","","","","","NA"
"-111.21","56.65","FORT MCMURRAY CS","3062696","2019-08-15 02:00","2019","08","15","02:00","11.3","","10.1","","92","","0.0","","22","","8","","","","96.67","","","","","","NA"
"-111.21","56.65","FORT MCMURRAY CS","3062696","2019-08-15 03:00","2019","08","15","03:00","11.1","","9.8","","92","","0.0","","22","","9","","","","96.70","","","","","","NA"
"-111.21","56.65","FORT MCMURRAY CS","3062696","2019-08-15 04:00","2019","08","15","04:00","10.6","","9.5","","93","","0.0","","21","","8","","","","96.69","","","","","","NA"
"-111.21","56.65","FORT MCMURRAY CS","3062696","2019-08-15 05:00","2019","08","15","05:00","10.2","","9.1","","93","","0.0","","23","","5","","","","96.68","","","","","","NA"
"-111.21","56.65","FORT MCMURRAY CS","3062696","2019-08-15 06:00","2019","08","15","06:00","11.4","","9.6","","89","","0.0","","22","","8","","","","96.66","","","","","","NA"
"-111.21","56.65","FORT MCMURRAY CS","3062696","2019-08-15 07:00","2019","08","15","07:00","13.4","","10.7","","83","","0.0","","23","","6","","","","96.67","","","","","","NA"
"-111.21","56.65","FORT MCMURRAY CS","3062696","2019-08-15 08:00","2019","08","15","08:00","15.3","","10.5","","73","","0.0","","24","","2","","","","96.66","","","","","","NA"
"-111.21","56.65","FORT MCMURRAY CS","3062696","2019-08-15 09:00","2019","08","15","09:00","18.6","","11.7","","64","","0.0","","25","","5","","","","96.61","","","","","","NA"
"-111.21","56.65","FORT MCMURRAY CS","3062696","2019-08-15 10:00","2019","08","15","10:00","21.1","","11.5","","54","","0.0","","16","","1","","","","96.55","","","","","","NA"
"-111.21","56.65","FORT MCMURRAY CS","3062696","2019-08-15 11:00","2019","08","15","11:00","22.3","","11.8","","51","","0.0","","36","","3","","","","96.49","","","","","","NA"
"-111.21","56.65","FORT MCMURRAY CS","3062696","2019-08-15 12:00","2019","08","15","12:00","23.7","","8.1","","37","","0.0","","26","","5","","","","96.41","","","","","","NA"
"-111.21","56.65","FORT MCMURRAY CS","3062696","2019-08-15 13:00","2019","08","15","13:00","24.4","","8.9","","37","","0.0","","28","","5","","","","96.33","","25","","","","NA"
"-111.21","56.65","FORT MCMURRAY CS","3062696","2019-08-15 14:00","2019","08","15","14:00","25.1","","8.2","","34","","0.0","","23","","11","","","","96.23","","26","","","","NA"
"-111.21","56.65","FORT MCMURRAY CS","3062696","2019-08-15 15:00","2019","08","15","15:00","23.5","","10.5","","44","","0.0","","12","","4","","","","96.14","","25","","","","NA"
"-111.21","56.65","FORT MCMURRAY CS","3062696","2019-08-15 16:00","2019","08","15","16:00","23.2","","12.1","","50","","0.0","","17","","2","","","","96.09","","26","","","","NA"
"-111.21","56.65","FORT MCMURRAY CS","3062696","2019-08-15 17:00","2019","08","15","17:00","22.2","","11.6","","51","","0.0","","17","","13","","","","96.03","","","","","","NA"
"-111.21","56.65","FORT MCMURRAY CS","3062696","2019-08-15 18:00","2019","08","15","18:00","16.2","","13.8","","86","","0.0","","28","","19","","","","96.09","","","","","","NA"
"-111.21","56.65","FORT MCMURRAY CS","3062696","2019-08-15 19:00","2019","08","15","19:00","15.5","","13.8","","89","","0.2","","21","","4","","","","96.02","","","","","","NA"
"-111.21","56.65","FORT MCMURRAY CS","3062696","2019-08-15 20:00","2019","08","15","20:00","15.4","","13.8","","90","","0.5","","19","","1","","","","95.95","","","","","","NA"
"-111.21","56.65","FORT MCMURRAY CS","3062696","2019-08-15 21:00","2019","08","15","21:00","15.0","","13.6","","91","","0.2","","12","","6","","","","95.86","","","","","","NA"
"-111.21","56.65","FORT MCMURRAY CS","3062696","2019-08-15 22:00","2019","08","15","22:00","14.9","","13.4","","91","","0.6","","13","","11","","","","95.78","","","","","","NA"
"-111.21","56.65","FORT MCMURRAY CS","3062696","2019-08-15 23:00","2019","08","15","23:00","14.7","","13.4","","91","","3.4","","10","","11","","","","95.66","","","","","","NA"
"-111.21","56.65","FORT MCMURRAY CS","3062696","2019-08-16 00:00","2019","08","16","00:00","14.8","","13.4","","92","","1.5","","11","","12","","","","95.57","","","","","","NA"
"-111.21","56.65","FORT MCMURRAY CS","3062696","2019-08-16 01:00","2019","08","16","01:00","14.7","","13.4","","92","","0.6","","9","","8","","","","95.49","","","","","","NA"
"-111.21","56.65","FORT MCMURRAY CS","3062696","2019-08-16 02:00","2019","08","16","02:00","14.4","","13.1","","92","","2.4","","36","","10","","","","95.49","","","","","","NA"
"-111.21","56.65","FORT MCMURRAY CS","3062696","2019-08-16 03:00","2019","08","16","03:00","14.2","","13.0","","93","","1.4","","31","","16","","","","95.50","","","","","","NA"
"-111.21","56.65","FORT MCMURRAY CS","3062696","2019-08-16 04:00","2019","08","16","04:00","14.1","","12.9","","93","","3.7","","24","","5","","","","95.46","","","","","","NA"
"-111.21","56.65","FORT MCMURRAY CS","3062696","2019-08-16 05:00","2019","08","16","05:00","14.4","","13.2","","93","","2.3","","30","","15","","","","95.46","","","","","","NA"
"-111.21","56.65","FORT MCMURRAY CS","3062696","2019-08-16 06:00","2019","08","16","06:00","14.2","","12.6","","90","","0.7","","27","","17","","","","95.46","","","","","","NA"
"-111.21","56.65","FORT MCMURRAY CS","3062696","2019-08-16 07:00","2019","08","16","07:00","13.9","","12.1","","89","","0.5","","27","","18","","","","95.43","","","","","","NA"
"-111.21","56.65","FORT MCMURRAY CS","3062696","2019-08-16 08:00","2019","08","16","08:00","12.9","","11.3","","90","","0.5","","27","","18","","","","95.42","","","","","","NA"
"-111.21","56.65","FORT MCMURRAY CS","3062696","2019-08-16 09:00","2019","08","16","09:00","12.3","","10.4","","89","","1.5","","32","","30","","","","95.47","","","","","","NA"
"-111.21","56.65","FORT MCMURRAY CS","3062696","2019-08-16 10:00","2019","08","16","10:00","11.5","","9.9","","90","","1.4","","32","","33","","","","95.55","","","","","","NA"
"-111.21","56.65","FORT MCMURRAY CS","3062696","2019-08-16 11:00","2019","08","16","11:00","10.8","","9.2","","90","","1.9","","32","","39","","","","95.62","","","","","","NA"
"-111.21","56.65","FORT MCMURRAY CS","3062696","2019-08-16 12:00","2019","08","16","12:00","10.5","","8.9","","90","","2.3","","32","","38","","","","95.70","","","","","","NA"
"-111.21","56.65","FORT MCMURRAY CS","3062696","2019-08-16 13:00","2019","08","16","13:00","10.3","","8.4","","88","","2.3","","32","","41","","","","95.83","","","","","","NA"
"-111.21","56.65","FORT MCMURRAY CS","3062696","2019-08-16 14:00","2019","08","16","14:00","9.7","","8.0","","89","","3.9","","32","","35","","","","95.95","","","","","","NA"
"-111.21","56.65","FORT MCMURRAY CS","3062696","2019-08-16 15:00","2019","08","16","15:00","9.8","","8.0","","89","","4.0","","33","","38","","","","96.05","","","","","","NA"
"-111.21","56.65","FORT MCMURRAY CS","3062696","2019-08-16 16:00","2019","08","16","16:00","9.3","","7.7","","90","","3.0","","32","","35","","","","96.17","","","","","","NA"
"-111.21","56.65","FORT MCMURRAY CS","3062696","2019-08-16 17:00","2019","08","16","17:00","8.8","","7.3","","90","","1.7","","32","","32","","","","96.27","","","","","","NA"
"-111.21","56.65","FORT MCMURRAY CS","3062696","2019-08-16 18:00","2019","08","16","18:00","8.6","","7.1","","90","","1.1","","32","","28","","","","96.37","","","","","","NA"
"-111.21","56.65","FORT MCMURRAY CS","3062696","2019-08-16 19:00","2019","08","16","19:00","8.7","","6.9","","88","","1.1","","31","","29","","","","96.41","","","","","","NA"
"-111.21","56.65","FORT MCMURRAY CS","3062696","2019-08-16 20:00","2019","08","16","20:00","8.3","","6.7","","90","","0.9","","31","","23","","","","96.45","","","","","","NA"
"-111.21","56.65","FORT MCMURRAY CS","3062696","2019-08-16 21:00","2019","08","16","21:00","8.1","","6.5","","90","","0.8","","31","","22","","","","96.45","","","","","","NA"
"-111.21","56.65","FORT MCMURRAY CS","3062696","2019-08-16 22:00","2019","08","16","22:00","8.1","","6.4","","89","","0.0","","30","","20","","","","96.41","","","","","","NA"
"-111.21","56.65","FORT MCMURRAY CS","3062696","2019-08-16 23:00","2019","08","16","23:00","8.3","","6.0","","85","","0.0","","31","","23","","","","96.38","","","","","","NA"
"-111.21","56.65","FORT MCMURRAY CS","3062696","2019-08-17 00:00","2019","08","17","00:00","8.2","","5.3","","82","","0.0","","31","","24","","","","96.36","","","","","","NA"
"-111.21","56.65","FORT MCMURRAY CS","3062696","2019-08-17 01:00","2019","08","17","01:00","8.1","","5.1","","81","","0.0","","31","","22","","","","96.33","","","","","","NA"
"-111.21","56.65","FORT MCMURRAY CS","3062696","2019-08-17 02:00","2019","08","17","02:00","8.0","","4.8","","80","","0.0","","31","","21","","","","96.31","","","","","","NA"
"-111.21","56.65","FORT MCMURRAY CS","3062696","2019-08-17 03:00","2019","08","17","03:00","7.7","","4.6","","81","","0.0","","30","","21","","","","96.28","","","","","","NA"
"-111.21","56.65","FORT MCMURRAY CS","3062696","2019-08-17 04:00","2019","08","17","04:00","7.5","","4.5","","81","","0.0","","30","","21","","","","96.25","","","","","","NA"
"-111.21","56.65","FORT MCMURRAY CS","3062696","2019-08-17 05:00","2019","08","17","05:00","7.3","","4.2","","80","","0.0","","30","","24","","","","96.22","","","","","","NA"
"-111.21","56.65","FORT MCMURRAY CS","3062696","2019-08-17 06:00","2019","08","17","06:00","7.4","","4.1","","79","","0.0","","30","","22","","","","96.23","","","","","","NA"
"-111.21","56.65","FORT MCMURRAY CS","3062696","2019-08-17 07:00","2019","08","17","07:00","7.8","","4.2","","78","","0.0","","30","","20","","","","96.25","","","","","","NA"
"-111.21","56.65","FORT MCMURRAY CS","3062696","2019-08-17 08:00","2019","08","17","08:00","8.6","","4.0","","73","","0.0","","31","","25","","","","96.23","","","","","","NA"
"-111.21","56.65","FORT MCMURRAY CS","3062696","2019-08-17 09:00","2019","08","17","09:00","9.8","","4.1","","67","","0.0","","31","","25","","","","96.23","","","","","","NA"
"-111.21","56.65","FORT MCMURRAY CS","3062696","2019-08-17 10:00","2019","08","17","10:00","10.2","","3.4","","63","","0.0","","31","","26","","","","96.20","","","","","","NA"
"-111.21","56.65","FORT MCMURRAY CS","3062696","2019-08-17 11:00","2019","08","17","11:00","10.6","","3.5","","62","","0.0","","31","","27","","","","96.20","","","","","","NA"
"-111.21","56.65","FORT MCMURRAY CS","3062696","2019-08-17 12:00","2019","08","17","12:00","11.8","","3.7","","58","","0.0","","32","","25","","","","96.19","","","","","","NA"
"-111.21","56.65","FORT MCMURRAY CS","3062696","2019-08-17 13:00","2019","08","17","13:00","11.7","","3.8","","59","","0.0","","31","","25","","","","96.17","","","","","","NA"
"-111.21","56.65","FORT MCMURRAY CS","3062696","2019-08-17 14:00","2019","08","17","14:00","11.8","","3.2","","56","","0.0","","32","","26","","","","96.17","","","","","","NA"
"-111.21","56.65","FORT MCMURRAY CS","3062696","2019-08-17 15:00","2019","08","17","15:00","12.2","","3.7","","56","","0.0","","33","","24","","","","96.16","","","","","","NA"
"-111.21","56.65","FORT MCMURRAY CS","3062696","2019-08-17 16:00","2019","08","17","16:00","12.0","","3.8","","57","","0.0","","31","","22","","","","96.18","","","","","","NA"
"-111.21","56.65","FORT MCMURRAY CS","3062696","2019-08-17 17:00","2019","08","17","17:00","11.6","","4.0","","60","","0.0","","32","","23","","","","96.21","","","","","","NA"
"-111.21","56.65","FORT MCMURRAY CS","3062696","2019-08-17 18:00","2019","08","17","18:00","11.4","","4.2","","62","","0.0","","33","","23","","","","96.20","","","","","","NA"
"-111.21","56.65","FORT MCMURRAY CS","3062696","2019-08-17 19:00","2019","08","17","19:00","11.0","","4.2","","63","","0.0","","32","","18","","","","96.19","","","","","","NA"
"-111.21","56.65","FORT MCMURRAY CS","3062696","2019-08-17 20:00","2019","08","17","20:00","10.6","","4.7","","66","","0.0","","31","","12","","","","96.20","","","","","","NA"
"-111.21","56.65","FORT MCMURRAY CS","3062696","2019-08-17 21:00","2019","08","17","21:00","10.4","","4.4","","66","","0.0","","30","","15","","","","96.19","","","","","","NA"
"-111.21","56.65","FORT MCMURRAY CS","3062696","2019-08-17 22:00","2019","08","17","22:00","9.2","","4.5","","72","","0.0","","30","","12","","","","96.14","","","","","","NA"
"-111.21","56.65","FORT MCMURRAY CS","3062696","2019-08-17 23:00","2019","08","17","23:00","9.7","","4.8","","71","","0.0","","32","","15","","","","96.14","","","","","","NA"
"-111.21","56.65","FORT MCMURRAY CS","3062696","2019-08-18 00:00","2019","08","18","00:00","9.8","","4.8","","71","","0.0","","31","","13","","","","96.13","","","","","","NA"
"-111.21","56.65","FORT MCMURRAY CS","3062696","2019-08-18 01:00","2019","08","18","01:00","8.5","","4.5","","76","","0.0","","31","","13","","","","96.09","","","","","","NA"
"-111.21","56.65","FORT MCMURRAY CS","3062696","2019-08-18 02:00","2019","08","18","02:00","8.4","","4.8","","78","","0.0","","30","","14","","","","96.08","","","","","","NA"
"-111.21","56.65","FORT MCMURRAY CS","3062696","2019-08-18 03:00","2019","08","18","03:00","8.8","","5.3","","79","","0.0","","30","","12","","","","96.10","","","","","","NA"
"-111.21","56.65","FORT MCMURRAY CS","3062696","2019-08-18 04:00","2019","08","18","04:00","8.4","","5.3","","81","","0.0","","29","","10","","","","96.12","","","","","","NA"
"-111.21","56.65","FORT MCMURRAY CS","3062696","2019-08-18 05:00","2019","08","18","05:00","8.3","","5.3","","81","","0.0","","27","","8","","","","96.14","","","","","","NA"
"-111.21","56.65","FORT MCMURRAY CS","3062696","2019-08-18 06:00","2019","08","18","06:00","8.8","","5.6","","80","","0.0","","30","","10","","","","96.16","","","","","","NA"
"-111.21","56.65","FORT MCMURRAY CS","3062696","2019-08-18 07:00","2019","08","18","07:00","9.2","","5.5","","78","","0.0","","32","","13","","","","96.18","","","","","","NA"
"-111.21","56.65","FORT MCMURRAY CS","3062696","2019-08-18 08:00","2019","08","18","08:00","9.5","","5.9","","79","","0.0","","31","","15","","","","96.20","","","","","","NA"
"-111.21","56.65","FORT MCMURRAY CS","3062696","2019-08-18 09:00","2019","08","18","09:00","10.0","","6.0","","76","","0.0","","31","","14","","","","96.23","","","","","","NA"
"-111.21","56.65","FORT MCMURRAY CS","3062696","2019-08-18 10:00","2019","08","18","10:00","10.5","","6.4","","76","","0.0","","32","","15","","","","96.28","","","","","","NA"
"-111.21","56.65","FORT MCMURRAY CS","3062696","2019-08-18 11:00","2019","08","18","11:00","11.2","","6.6","","73","","0.0","","34","","16","","","","96.32","","","","","","NA"
"-111.21","56.65","FORT MCMURRAY CS","3062696","2019-08-18 12:00","2019","08","18","12:00","12.0","","7.4","","73","","0.0","","32","","16","","","","96.34","","","","","","NA"
"-111.21","56.65","FORT MCMURRAY CS","3062696","2019-08-18 13:00","2019","08","18","13:00","13.3","","7.7","","69","","0.0","","32","","13","","","","96.38","","","","","","NA"
"-111.21","56.65","FORT MCMURRAY CS","3062696","2019-08-18 14:00","2019","08","18","14:00","13.4","","7.5","","67","","0.0","","36","","14","","","","96.41","","","","","","NA"
"-111.21","56.65","FORT MCMURRAY CS","3062696","2019-08-18 15:00","2019","08","18","15:00","14.3","","6.7","","60","","0.0","","33","","14","","","","96.41","","","","","","NA"
"-111.21","56.65","FORT MCMURRAY CS","3062696","2019-08-18 16:00","2019","08","18","16:00","14.5","","5.2","","53","","0.0","","35","","16","","","","96.42","","","","","","NA"
"-111.21","56.65","FORT MCMURRAY CS","3062696","2019-08-18 17:00","2019","08","18","17:00","13.9","","5.6","","57","","0.0","","33","","15","","","","96.45","","","","","","NA"
"-111.21","56.65","FORT MCMURRAY CS","3062696","2019-08-18 18:00","2019","08","18","18:00","13.7","","6.6","","62","","0.0","","34","","10","","","","96.47","","","","","","NA"
"-111.21","56.65","FORT MCMURRAY CS","3062696","2019-08-18 19:00","2019","08","18","19:00","12.7","","5.9","","63","","0.0","","33","","10","","","","96.48","","","","","","NA"
"-111.21","56.65","FORT MCMURRAY CS","3062696","2019-08-18 20:00","2019","08","18","20:00","12.0","","6.4","","68","","0.0","","31","","8","","","","96.53","","","","","","NA"
"-111.21","56.65","FORT MCMURRAY CS","3062696","2019-08-18 21:00","2019","08","18","21:00","11.8","","6.7","","71","","0.0","","33","","12","","","","96.56","","","","","","NA"
"-111.21","56.65","FORT MCMURRAY CS","3062696","2019-08-18 22:00","2019","08","18","22:00","10.5","","6.7","","77","","0.0","","32","","12","","","","96.59","","","","","","NA"
"-111.21","56.65","FORT MCMURRAY CS","3062696","2019-08-18 23:00","2019","08","18","23:00","9.0","","6.5","","84","","0.0","","30","","7","","","","96.59","","","","","","NA"
"-111.21","56.65","FORT MCMURRAY CS","3062696","2019-08-19 00:00","2019","08","19","00:00","8.1","","6.2","","87","","0.0","","30","","9","","","","96.62","","","","","","NA"
"-111.21","56.65","FORT MCMURRAY CS","3062696","2019-08-19 01:00","2019","08","19","01:00","8.1","","6.1","","88","","0.0","","32","","8","","","","96.64","","","","","","NA"
"-111.21","56.65","FORT MCMURRAY CS","3062696","2019-08-19 02:00","2019","08","19","02:00","8.0","","6.1","","88","","0.0","","33","","6","","","","96.69","","","","","","NA"
"-111.21","56.65","FORT MCMURRAY CS","3062696","2019-08-19 03:00","2019","08","19","03:00","5.1","","4.1","","93","","0.0","","26","","7","","","","96.72","","","","","","NA"
"-111.21","56.65","FORT MCMURRAY CS","3062696","2019-08-19 04:00","2019","08","19","04:00","7.7","","6.7","","94","","0.0","","29","","6","","","","96.72","","","","","","NA"
"-111.21","56.65","FORT MCMURRAY CS","3062696","2019-08-19 05:00","2019","08","19","05:00","7.2","","5.6","","90","","0.0","","29","","9","","","","96.75","","","","","","NA"
"-111.21","56.65","FORT MCMURRAY CS","3062696","2019-08-19 06:00","2019","08","19","06:00","6.8","","5.7","","93","","0.0","","28","","8","","","","96.76","","","","","","NA"
"-111.21","56.65","FORT MCMURRAY CS","3062696","2019-08-19 07:00","2019","08","19","07:00","8.6","","5.9","","83","","0.0","","28","","11","","","","96.80","","","","","","NA"
"-111.21","56.65","FORT MCMURRAY CS","3062696","2019-08-19 08:00","2019","08","19","08:00","10.1","","6.1","","76","","0.0","","29","","11","","","","96.84","","","","","","NA"
"-111.21","56.65","FORT MCMURRAY CS","3062696","2019-08-19 09:00","2019","08","19","09:00","10.2","","6.1","","75","","0.0","","32","","14","","","","96.86","","","","","","NA"
"-111.21","56.65","FORT MCMURRAY CS","3062696","2019-08-19 10:00","2019","08","19","10:00","10.9","","6.1","","72","","0.0","","32","","12","","","","96.90","","","","","","NA"
"-111.21","56.65","FORT MCMURRAY CS","3062696","2019-08-19 11:00","2019","08","19","11:00","11.4","","6.7","","73","","0.0","","32","","13","","","","96.94","","","","","","NA"
"-111.21","56.65","FORT MCMURRAY CS","3062696","2019-08-19 12:00","2019","08","19","12:00","12.0","","6.8","","70","","0.0","","33","","13","","","","96.96","","","","","","NA"
"-111.21","56.65","FORT MCMURRAY CS","3062696","2019-08-19 13:00","2019","08","19","13:00","12.8","","7.0","","68","","0.0","","30","","10","","","","97.00","","","","","","NA"
"-111.21","56.65","FORT MCMURRAY CS","3062696","2019-08-19 14:00","2019","08","19","14:00","13.3","","7.4","","68","","0.0","","30","","12","","","","97.03","","","","","","NA"
"-111.21","56.65","FORT MCMURRAY CS","3062696","2019-08-19 15:00","2019","08","19","15:00","13.4","","6.8","","64","","0.0","","29","","14","","","","97.08","","","","","","NA"
"-111.21","56.65","FORT MCMURRAY CS","3062696","2019-08-19 16:00","2019","08","19","16:00","13.2","","6.9","","66","","0.0","","34","","11","","","","97.12","","","","","","NA"
"-111.21","56.65","FORT MCMURRAY CS","3062696","2019-08-19 17:00","2019","08","19","17:00","13.7","","6.9","","63","","0.0","","31","","10","","","","97.16","","","","","","NA"
"-111.21","56.65","FORT MCMURRAY CS","3062696","2019-08-19 18:00","2019","08","19","18:00","13.3","","6.4","","63","","0.0","","31","","8","","","","97.16","","","","","","NA"
"-111.21","56.65","FORT MCMURRAY CS","3062696","2019-08-19 19:00","2019","08","19","19:00","13.4","","6.3","","62","","0.0","","29","","9","","","","97.17","","","","","","NA"
"-111.21","56.65","FORT MCMURRAY CS","3062696","2019-08-19 20:00","2019","08","19","20:00","11.7","","6.5","","70","","0.0","","29","","6","","","","97.21","","","","","","NA"
"-111.21","56.65","FORT MCMURRAY CS","3062696","2019-08-19 21:00","2019","08","19","21:00","8.1","","6.4","","89","","0.0","","29","","3","","","","97.28","","","","","","NA"
"-111.21","56.65","FORT MCMURRAY CS","3062696","2019-08-19 22:00","2019","08","19","22:00","7.3","","5.8","","90","","0.0","","22","","3","","","","97.34","","","","","","NA"
"-111.21","56.65","FORT MCMURRAY CS","3062696","2019-08-19 23:00","2019","08","19","23:00","7.1","","5.8","","91","","0.0","","24","","10","","","","97.36","","","","","","NA"
"-111.21","56.65","FORT MCMURRAY CS","3062696","2019-08-20 00:00","2019","08","20","00:00","6.4","","4.6","","88","","0.0","","25","","8","","","","97.39","","","","","","NA"
"-111.21","56.65","FORT MCMURRAY CS","3062696","2019-08-20 01:00","2019","08","20","01:00","5.1","","4.0","","93","","0.0","","24","","7","","","","97.44","","","","","","NA"
"-111.21","56.65","FORT MCMURRAY CS","3062696","2019-08-20 02:00","2019","08","20","02:00","5.1","","4.3","","95","","0.0","","23","","10","","","","97.50","","","","","","NA"
"-111.21","56.65","FORT MCMURRAY CS","3062696","2019-08-20 03:00","2019","08","20","03:00","4.6","","3.9","","95","","0.0","","22","","7","","","","97.54","","","","","","NA"
"-111.21","56.65","FORT MCMURRAY CS","3062696","2019-08-20 04:00","2019","08","20","04:00","4.2","","3.5","","95","","0.0","","21","","7","","","","97.57","","","","","","NA"
"-111.21","56.65","FORT MCMURRAY CS","3062696","2019-08-20 05:00","2019","08","20","05:00","4.1","","3.5","","96","","0.0","","24","","3","","","","97.60","","","","","","NA"
"-111.21","56.65","FORT MCMURRAY CS","3062696","2019-08-20 06:00","2019","08","20","06:00","5.0","","4.3","","95","","0.0","","21","","3","","","","97.67","","","","","","NA"
"-111.21","56.65","FORT MCMURRAY CS","3062696","2019-08-20 07:00","2019","08","20","07:00","7.7","","5.6","","86","","0.0","","23","","3","","","","97.69","","","","","","NA"
"-111.21","56.65","FORT MCMURRAY CS","3062696","2019-08-20 08:00","2019","08","20","08:00","9.7","","7.0","","83","","0.0","","0","","1","","","","97.75","","","","","","NA"
"-111.21","56.65","FORT MCMURRAY CS","3062696","2019-08-20 09:00","2019","08","20","09:00","11.5","","7.1","","74","","0.0","","9","","1","","","","97.79","","","","","","NA"
"-111.21","56.65","FORT MCMURRAY CS","3062696","2019-08-20 10:00","2019","08","20","10:00","12.7","","6.9","","68","","0.0","","23","","3","","","","97.80","","","","","","NA"
"-111.21","56.65","FORT MCMURRAY CS","3062696","2019-08-20 11:00","2019","08","20","11:00","14.4","","5.7","","56","","0.0","","4","","4","","","","97.80","","","","","","NA"
"-111.21","56.65","FORT MCMURRAY CS","3062696","2019-08-20 12:00","2019","08","20","12:00","16.8","","3.7","","42","","0.0","","9","","5","","","","97.76","","","","","","NA"
"-111.21","56.65","FORT MCMURRAY CS","3062696","2019-08-20 13:00","2019","08","20","13:00","17.0","","4.5","","43","","0.0","","4","","6","","","","97.73","","","","","","NA"
"-111.21","56.65","FORT MCMURRAY CS","3062696","2019-08-20 14:00","2019","08","20","14:00","18.7","","2.8","","35","","0.0","","16","","6","","","","97.67","","","","","","NA"
"-111.21","56.65","FORT MCMURRAY CS","3062696","2019-08-20 15:00","2019","08","20","15:00","19.3","","3.0","","34","","0.0","","10","","10","","","","97.62","","","","","","NA"
"-111.21","56.65","FORT MCMURRAY CS","3062696","2019-08-20 16:00","2019","08","20","16:00","19.3","","4.0","","36","","0.0","","9","","12","","","","97.59","","","","","","NA"
"-111.21","56.65","FORT MCMURRAY CS","3062696","2019-08-20 17:00","2019","08","20","17:00","19.8","","3.8","","35","","0.0","","11","","12","","","","97.56","","","","","","NA"
"-111.21","56.65","FORT MCMURRAY CS","3062696","2019-08-20 18:00","2019","08","20","18:00","19.0","","4.8","","39","","0.0","","12","","14","","","","97.53","","","","","","NA"
"-111.21","56.65","FORT MCMURRAY CS","3062696","2019-08-20 19:00","2019","08","20","19:00","17.4","","5.6","","46","","0.0","","11","","13","","","","97.51","","","","","","NA"
"-111.21","56.65","FORT MCMURRAY CS","3062696","2019-08-20 20:00","2019","08","20","20:00","15.8","","5.2","","49","","0.0","","11","","15","","","","97.52","","","","","","NA"
"-111.21","56.65","FORT MCMURRAY CS","3062696","2019-08-20 21:00","2019","08","20","21:00","14.0","","5.0","","55","","0.0","","12","","13","","","","97.51","","","","","","NA"
"-111.21","56.65","FORT MCMURRAY CS","3062696","2019-08-20 22:00","2019","08","20","22:00","13.0","","5.2","","59","","0.0","","11","","13","","","","97.55","","","","","","NA"
"-111.21","56.65","FORT MCMURRAY CS","3062696","2019-08-20 23:00","2019","08","20","23:00","12.7","","5.7","","62","","0.0","","12","","17","","","","97.55","","","","","","NA"
"-111.21","56.65","FORT MCMURRAY CS","3062696","2019-08-21 00:00","2019","08","21","00:00","11.9","","6.0","","67","","0.0","","12","","17","","","","97.52","","","","","","NA"
"-111.21","56.65","FORT MCMURRAY CS","3062696","2019-08-21 01:00","2019","08","21","01:00","11.2","","6.1","","71","","0.0","","12","","16","","","","97.49","","","","","","NA"
"-111.21","56.65","FORT MCMURRAY CS","3062696","2019-08-21 02:00","2019","08","21","02:00","11.3","","5.9","","69","","0.0","","12","","19","","","","97.43","","","","","","NA"
"-111.21","56.65","FORT MCMURRAY CS","3062696","2019-08-21 03:00","2019","08","21","03:00","10.3","","5.8","","73","","0.0","","11","","13","","","","97.38","","","","","","NA"
"-111.21","56.65","FORT MCMURRAY CS","3062696","2019-08-21 04:00","2019","08","21","04:00","10.6","","5.6","","71","","0.0","","11","","14","","","","97.33","","","","","","NA"
"-111.21","56.65","FORT MCMURRAY CS","3062696","2019-08-21 05:00","2019","08","21","05:00","10.6","","5.5","","71","","0.0","","12","","17","","","","97.30","","","","","","NA"
"-111.21","56.65","FORT MCMURRAY CS","3062696","2019-08-21 06:00","2019","08","21","06:00","11.4","","5.5","","67","","0.0","","12","","23","","","","97.23","","","","","","NA"
"-111.21","56.65","FORT MCMURRAY CS","3062696","2019-08-21 07:00","2019","08","21","07:00","12.9","","6.0","","63","","0.0","","13","","25","","","","97.15","","","","","","NA"
"-111.21","56.65","FORT MCMURRAY CS","3062696","2019-08-21 08:00","2019","08","21","08:00","13.9","","6.6","","61","","0.0","","13","","26","","","","97.12","","","","","","NA"
"-111.21","56.65","FORT MCMURRAY CS","3062696","2019-08-21 09:00","2019","08","21","09:00","16.1","","7.1","","55","","0.0","","14","","32","","","","97.04","","","","","","NA"
"-111.21","56.65","FORT MCMURRAY CS","3062696","2019-08-21 10:00","2019","08","21","10:00","18.6","","8.3","","51","","0.0","","14","","27","","","","96.98","","","","","","NA"
"-111.21","56.65","FORT MCMURRAY CS","3062696","2019-08-21 11:00","2019","08","21","11:00","20.7","","8.2","","44","","0.0","","14","","29","","","","96.84","","","","","","NA"
"-111.21","56.65","FORT MCMURRAY CS","3062696","2019-08-21 12:00","2019","08","21","12:00","21.9","","8.2","","41","","0.0","","14","","32","","","","96.74","","","","","","NA"
"-111.21","56.65","FORT MCMURRAY CS","3062696","2019-08-21 13:00","2019","08","21","13:00","23.3","","8.8","","39","","0.0","","13","","26","","","","96.62","","","","","","NA"
"-111.21","56.65","FORT MCMURRAY CS","3062696","2019-08-21 14:00","2019","08","21","14:00","24.8","","6.4","","31","","0.0","","15","","36","","","","96.51","","25","","","","NA"
"-111.21","56.65","FORT MCMURRAY CS","3062696","2019-08-21 15:00","2019","08","21","15:00","25.3","","6.1","","29","","0.0","","15","","39","","","","96.43","","25","","","","NA"
"-111.21","56.65","FORT MCMURRAY CS","3062696","2019-08-21 16:00","2019","08","21","16:00","25.6","","5.8","","28","","0.0","","15","","41","","","","96.30","","25","","","","NA"
"-111.21","56.65","FORT MCMURRAY CS","3062696","2019-08-21 17:00","2019","08","21","17:00","24.9","","7.0","","32","","0.0","","15","","37","","","","96.24","","25","","","","NA"
"-111.21","56.65","FORT MCMURRAY CS","3062696","2019-08-21 18:00","2019","08","21","18:00","24.1","","8.6","","37","","0.0","","16","","29","","","","96.25","","25","","","","NA"
"-111.21","56.65","FORT MCMURRAY CS","3062696","2019-08-21 19:00","2019","08","21","19:00","22.4","","9.6","","44","","0.0","","15","","23","","","","96.23","","","","","","NA"
"-111.21","56.65","FORT MCMURRAY CS","3062696","2019-08-21 20:00","2019","08","21","20:00","20.7","","10.3","","51","","0.0","","13","","17","","","","96.21","","","","","","NA"
"-111.21","56.65","FORT MCMURRAY CS","3062696","2019-08-21 21:00","2019","08","21","21:00","20.3","","10.3","","53","","0.0","","13","","20","","","","96.18","","","","","","NA"
"-111.21","56.65","FORT MCMURRAY CS","3062696","2019-08-21 22:00","2019","08","21","22:00","18.9","","10.0","","56","","0.0","","12","","20","","","","96.10","","","","","","NA"
"-111.21","56.65","FORT MCMURRAY CS","3062696","2019-08-21 23:00","2019","08","21","23:00","18.2","","9.7","","58","","0.0","","12","","22","","","","96.05","","","","","","NA"
"-111.21","56.65","FORT MCMURRAY CS","3062696","2019-08-22 00:00","2019","08","22","00:00","17.0","","9.8","","63","","0.0","","12","","18","","","","95.98","","","","","","NA"
"-111.21","56.65","FORT MCMURRAY CS","3062696","2019-08-22 01:00","2019","08","22","01:00","16.1","","9.7","","66","","0.0","","12","","13","","","","95.97","","","","","","NA"
"-111.21","56.65","FORT MCMURRAY CS","3062696","2019-08-22 02:00","2019","08","22","02:00","15.4","","9.6","","68","","0.0","","12","","13","","","","95.93","","","","","","NA"
"-111.21","56.65","FORT MCMURRAY CS","3062696","2019-08-22 03:00","2019","08","22","03:00","15.1","","9.2","","68","","0.0","","12","","15","","","","95.90","","","","","","NA"
"-111.21","56.65","FORT MCMURRAY CS","3062696","2019-08-22 04:00","2019","08","22","04:00","13.7","","10.4","","81","","0.0","","14","","12","","","","95.94","","","","","","NA"
"-111.21","56.65","FORT MCMURRAY CS","3062696","2019-08-22 05:00","2019","08","22","05:00","13.8","","11.8","","88","","0.2","","19","","7","","","","95.99","","","","","","NA"
"-111.21","56.65","FORT MCMURRAY CS","3062696","2019-08-22 06:00","2019","08","22","06:00","13.9","","12.1","","89","","1.1","","23","","12","","","","96.05","","","","","","NA"
"-111.21","56.65","FORT MCMURRAY CS","3062696","2019-08-22 07:00","2019","08","22","07:00","13.9","","12.2","","89","","0.4","","24","","10","","","","96.01","","","","","","NA"
"-111.21","56.65","FORT MCMURRAY CS","3062696","2019-08-22 08:00","2019","08","22","08:00","14.2","","12.2","","88","","0.0","","17","","11","","","","96.08","","","","","","NA"
"-111.21","56.65","FORT MCMURRAY CS","3062696","2019-08-22 09:00","2019","08","22","09:00","15.3","","12.1","","81","","0.0","","21","","17","","","","96.14","","","","","","NA"
"-111.21","56.65","FORT MCMURRAY CS","3062696","2019-08-22 10:00","2019","08","22","10:00","16.3","","11.4","","73","","0.0","","23","","21","","","","96.18","","","","","","NA"
"-111.21","56.65","FORT MCMURRAY CS","3062696","2019-08-22 11:00","2019","08","22","11:00","16.4","","10.7","","69","","0.0","","23","","18","","","","96.20","","","","","","NA"
"-111.21","56.65","FORT MCMURRAY CS","3062696","2019-08-22 12:00","2019","08","22","12:00","18.7","","10.8","","60","","0.2","","23","","23","","","","96.24","","","","","","NA"
"-111.21","56.65","FORT MCMURRAY CS","3062696","2019-08-22 13:00","2019","08","22","13:00","18.5","","6.7","","46","","0.0","","25","","28","","","","96.28","","","","","","NA"
"-111.21","56.65","FORT MCMURRAY CS","3062696","2019-08-22 14:00","2019","08","22","14:00","18.6","","6.1","","44","","0.0","","26","","26","","","","96.38","","","","","","NA"
"-111.21","56.65","FORT MCMURRAY CS","3062696","2019-08-22 15:00","2019","08","22","15:00","17.9","","6.7","","48","","0.0","","27","","29","","","","96.48","","","","","","NA"
"-111.21","56.65","FORT MCMURRAY CS","3062696","2019-08-22 16:00","2019","08","22","16:00","16.6","","7.8","","56","","0.0","","25","","20","","","","96.57","","","","","","NA"
"-111.21","56.65","FORT MCMURRAY CS","3062696","2019-08-22 17:00","2019","08","22","17:00","17.0","","7.3","","53","","0.0","","27","","21","","","","96.61","","","","","","NA"
"-111.21","56.65","FORT MCMURRAY CS","3062696","2019-08-22 18:00","2019","08","22","18:00","17.3","","6.1","","48","","0.0","","28","","27","","","","96.67","","","","","","NA"
"-111.21","56.65","FORT MCMURRAY CS","3062696","2019-08-22 19:00","2019","08","22","19:00","15.4","","5.1","","50","","0.0","","29","","26","","","","96.78","","","","","","NA"
"-111.21","56.65","FORT MCMURRAY CS","3062696","2019-08-22 20:00","2019","08","22","20:00","13.3","","5.4","","59","","0.0","","29","","13","","","","96.87","","","","","","NA"
"-111.21","56.65","FORT MCMURRAY CS","3062696","2019-08-22 21:00","2019","08","22","21:00","9.7","","5.6","","76","","0.0","","24","","11","","","","96.93","","","","","","NA"
"-111.21","56.65","FORT MCMURRAY CS","3062696","2019-08-22 22:00","2019","08","22","22:00","10.6","","6.5","","76","","0.0","","22","","10","","","","96.95","","","","","","NA"
"-111.21","56.65","FORT MCMURRAY CS","3062696","2019-08-22 23:00","2019","08","22","23:00","8.5","","5.3","","80","","0.0","","19","","7","","","","96.96","","","","","","NA"
"-111.21","56.65","FORT MCMURRAY CS","3062696","2019-08-23 00:00","2019","08","23","00:00","7.9","","5.4","","84","","0.0","","20","","11","","","","96.98","","","","","","NA"
"-111.21","56.65","FORT MCMURRAY CS","3062696","2019-08-23 01:00","2019","08","23","01:00","7.0","","5.0","","88","","0.0","","18","","3","","","","97.02","","","","","","NA"
"-111.21","56.65","FORT MCMURRAY CS","3062696","2019-08-23 02:00","2019","08","23","02:00","6.3","","4.5","","88","","0.0","","21","","11","","","","97.06","","","","","","NA"
"-111.21","56.65","FORT MCMURRAY CS","3062696","2019-08-23 03:00","2019","08","23","03:00","5.6","","4.2","","91","","0.0","","19","","2","","","","97.09","","","","","","NA"
"-111.21","56.65","FORT MCMURRAY CS","3062696","2019-08-23 04:00","2019","08","23","04:00","5.2","","4.0","","92","","0.0","","13","","6","","","","97.08","","","","","","NA"
"-111.21","56.65","FORT MCMURRAY CS","3062696","2019-08-23 05:00","2019","08","23","05:00","5.0","","4.0","","93","","0.0","","10","","6","","","","97.09","","","","","","NA"
"-111.21","56.65","FORT MCMURRAY CS","3062696","2019-08-23 06:00","2019","08","23","06:00","5.5","","4.4","","93","","0.0","","9","","8","","","","97.07","","","","","","NA"
"-111.21","56.65","FORT MCMURRAY CS","3062696","2019-08-23 07:00","2019","08","23","07:00","8.9","","5.8","","81","","0.0","","11","","7","","","","97.03","","","","","","NA"
"-111.21","56.65","FORT MCMURRAY CS","3062696","2019-08-23 08:00","2019","08","23","08:00","10.3","","6.8","","79","","0.0","","8","","8","","","","97.04","","","","","","NA"
"-111.21","56.65","FORT MCMURRAY CS","3062696","2019-08-23 09:00","2019","08","23","09:00","11.7","","7.6","","76","","0.0","","8","","8","","","","96.95","","","","","","NA"
"-111.21","56.65","FORT MCMURRAY CS","3062696","2019-08-23 10:00","2019","08","23","10:00","15.9","","7.4","","57","","0.0","","12","","12","","","","96.87","","","","","","NA"
"-111.21","56.65","FORT MCMURRAY CS","3062696","2019-08-23 11:00","2019","08","23","11:00","16.0","","7.0","","55","","0.0","","17","","11","","","","96.83","","","","","","NA"
"-111.21","56.65","FORT MCMURRAY CS","3062696","2019-08-23 12:00","2019","08","23","12:00","16.2","","6.8","","54","","0.0","","15","","13","","","","96.74","","","","","","NA"
"-111.21","56.65","FORT MCMURRAY CS","3062696","2019-08-23 13:00","2019","08","23","13:00","14.8","","8.8","","67","","0.0","","11","","14","","","","96.66","","","","","","NA"
"-111.21","56.65","FORT MCMURRAY CS","3062696","2019-08-23 14:00","2019","08","23","14:00","16.5","","8.7","","60","","0.0","","13","","15","","","","96.60","","","","","","NA"
"-111.21","56.65","FORT MCMURRAY CS","3062696","2019-08-23 15:00","2019","08","23","15:00","17.3","","9.1","","58","","0.0","","14","","11","","","","96.50","","","","","","NA"
"-111.21","56.65","FORT MCMURRAY CS","3062696","2019-08-23 16:00","2019","08","23","16:00","17.8","","8.5","","54","","0.0","","16","","14","","","","96.47","","","","","","NA"
"-111.21","56.65","FORT MCMURRAY CS","3062696","2019-08-23 17:00","2019","08","23","17:00","17.7","","9.0","","57","","0.0","","16","","16","","","","96.40","","","","","","NA"
"-111.21","56.65","FORT MCMURRAY CS","3062696","2019-08-23 18:00","2019","08","23","18:00","17.2","","7.8","","54","","0.0","","15","","21","","","","96.36","","","","","","NA"
"-111.21","56.65","FORT MCMURRAY CS","3062696","2019-08-23 19:00","2019","08","23","19:00","16.0","","8.3","","60","","0.0","","15","","16","","","","96.34","","","","","","NA"
"-111.21","56.65","FORT MCMURRAY CS","3062696","2019-08-23 20:00","2019","08","23","20:00","15.4","","8.5","","64","","0.0","","14","","18","","","","96.30","","","","","","NA"
"-111.21","56.65","FORT MCMURRAY CS","3062696","2019-08-23 21:00","2019","08","23","21:00","15.1","","9.3","","68","","0.0","","13","","15","","","","96.30","","","","","","NA"
"-111.21","56.65","FORT MCMURRAY CS","3062696","2019-08-23 22:00","2019","08","23","22:00","14.3","","10.2","","76","","0.0","","13","","13","","","","96.27","","","","","","NA"
"-111.21","56.65","FORT MCMURRAY CS","3062696","2019-08-23 23:00","2019","08","23","23:00","14.1","","10.5","","79","","0.0","","11","","8","","","","96.23","","","","","","NA"
"-111.21","56.65","FORT MCMURRAY CS","3062696","2019-08-24 00:00","2019","08","24","00:00","14.1","","11.0","","82","","0.0","","9","","9","","","","96.20","","","","","","NA"
"-111.21","56.65","FORT MCMURRAY CS","3062696","2019-08-24 01:00","2019","08","24","01:00","13.8","","11.2","","84","","0.0","","11","","9","","","","96.16","","","","","","NA"
"-111.21","56.65","FORT MCMURRAY CS","3062696","2019-08-24 02:00","2019","08","24","02:00","12.4","","10.3","","87","","0.0","","12","","7","","","","96.14","","","","","","NA"
"-111.21","56.65","FORT MCMURRAY CS","3062696","2019-08-24 03:00","2019","08","24","03:00","12.3","","10.5","","89","","0.0","","11","","7","","","","96.13","","","","","","NA"
"-111.21","56.65","FORT MCMURRAY CS","3062696","2019-08-24 04:00","2019","08","24","04:00","12.3","","10.6","","90","","0.0","","11","","7","","","","96.10","","","","","","NA"
"-111.21","56.65","FORT MCMURRAY CS","3062696","2019-08-24 05:00","2019","08","24","05:00","12.2","","10.6","","90","","0.0","","11","","6","","","","96.08","","","","","","NA"
"-111.21","56.65","FORT MCMURRAY CS","3062696","2019-08-24 06:00","2019","08","24","06:00","11.6","","10.3","","92","","0.0","","12","","5","","","","96.06","","","","","","NA"
"-111.21","56.65","FORT MCMURRAY CS","3062696","2019-08-24 07:00","2019","08","24","07:00","13.8","","11.0","","83","","0.0","","12","","8","","","","96.05","","","","","","NA"
"-111.21","56.65","FORT MCMURRAY CS","3062696","2019-08-24 08:00","2019","08","24","08:00","16.1","","10.3","","69","","0.0","","23","","4","","","","96.03","","","","","","NA"
"-111.21","56.65","FORT MCMURRAY CS","3062696","2019-08-24 09:00","2019","08","24","09:00","18.7","","11.0","","61","","0.0","","19","","2","","","","96.00","","","","","","NA"
"-111.21","56.65","FORT MCMURRAY CS","3062696","2019-08-24 10:00","2019","08","24","10:00","19.8","","11.1","","57","","0.0","","27","","9","","","","95.96","","","","","","NA"
"-111.21","56.65","FORT MCMURRAY CS","3062696","2019-08-24 11:00","2019","08","24","11:00","20.4","","10.6","","53","","0.0","","24","","5","","","","95.92","","","","","","NA"
"-111.21","56.65","FORT MCMURRAY CS","3062696","2019-08-24 12:00","2019","08","24","12:00","21.5","","9.6","","47","","0.0","","24","","16","","","","95.87","","","","","","NA"
"-111.21","56.65","FORT MCMURRAY CS","3062696","2019-08-24 13:00","2019","08","24","13:00","22.6","","8.1","","39","","0.0","","24","","16","","","","95.83","","","","","","NA"
"-111.21","56.65","FORT MCMURRAY CS","3062696","2019-08-24 14:00","2019","08","24","14:00","21.6","","8.5","","43","","0.0","","28","","18","","","","95.81","","","","","","NA"
"-111.21","56.65","FORT MCMURRAY CS","3062696","2019-08-24 15:00","2019","08","24","15:00","23.1","","6.9","","35","","0.0","","27","","22","","","","95.83","","","","","","NA"
"-111.21","56.65","FORT MCMURRAY CS","3062696","2019-08-24 16:00","2019","08","24","16:00","21.7","","5.7","","35","","0.0","","28","","17","","","","95.84","","","","","","NA"
"-111.21","56.65","FORT MCMURRAY CS","3062696","2019-08-24 17:00","2019","08","24","17:00","21.4","","6.2","","37","","0.0","","25","","14","","","","95.86","","","","","","NA"
"-111.21","56.65","FORT MCMURRAY CS","3062696","2019-08-24 18:00","2019","08","24","18:00","20.1","","8.1","","46","","0.0","","25","","12","","","","95.87","","","","","","NA"
"-111.21","56.65","FORT MCMURRAY CS","3062696","2019-08-24 19:00","2019","08","24","19:00","18.8","","7.5","","48","","0.0","","25","","7","","","","95.88","","","","","","NA"
"-111.21","56.65","FORT MCMURRAY CS","3062696","2019-08-24 20:00","2019","08","24","20:00","16.0","","8.2","","60","","0.0","","25","","10","","","","95.92","","","","","","NA"
"-111.21","56.65","FORT MCMURRAY CS","3062696","2019-08-24 21:00","2019","08","24","21:00","14.4","","7.8","","64","","0.0","","24","","10","","","","95.93","","","","","","NA"
"-111.21","56.65","FORT MCMURRAY CS","3062696","2019-08-24 22:00","2019","08","24","22:00","14.9","","8.7","","66","","0.0","","32","","4","","","","95.96","","","","","","NA"
"-111.21","56.65","FORT MCMURRAY CS","3062696","2019-08-24 23:00","2019","08","24","23:00","12.5","","7.8","","73","","0.0","","21","","12","","","","95.97","","","","","","NA"
"-111.21","56.65","FORT MCMURRAY CS","3062696","2019-08-25 00:00","2019","08","25","00:00","11.8","","8.3","","80","","0.0","","22","","12","","","","95.98","","","","","","NA"
"-111.21","56.65","FORT MCMURRAY CS","3062696","2019-08-25 01:00","2019","08","25","01:00","12.2","","8.7","","79","","0.0","","21","","12","","","","95.98","","","","","","NA"
"-111.21","56.65","FORT MCMURRAY CS","3062696","2019-08-25 02:00","2019","08","25","02:00","11.2","","8.0","","80","","0.0","","22","","14","","","","95.99","","","","","","NA"
"-111.21","56.65","FORT MCMURRAY CS","3062696","2019-08-25 03:00","2019","08","25","03:00","10.7","","8.0","","84","","0.0","","23","","12","","","","96.03","","","","","","NA"
"-111.21","56.65","FORT MCMURRAY CS","3062696","2019-08-25 04:00","2019","08","25","04:00","10.5","","7.9","","84","","0.0","","24","","13","","","","96.06","","","","","","NA"
"-111.21","56.65","FORT MCMURRAY CS","3062696","2019-08-25 05:00","2019","08","25","05:00","9.3","","7.2","","87","","0.0","","24","","11","","","","96.12","","","","","","NA"
"-111.21","56.65","FORT MCMURRAY CS","3062696","2019-08-25 06:00","2019","08","25","06:00","9.5","","7.5","","87","","0.0","","23","","12","","","","96.15","","","","","","NA"
"-111.21","56.65","FORT MCMURRAY CS","3062696","2019-08-25 07:00","2019","08","25","07:00","11.1","","7.7","","79","","0.0","","25","","13","","","","96.20","","","","","","NA"
"-111.21","56.65","FORT MCMURRAY CS","3062696","2019-08-25 08:00","2019","08","25","08:00","12.9","","8.1","","72","","0.0","","26","","9","","","","96.23","","","","","","NA"
"-111.21","56.65","FORT MCMURRAY CS","3062696","2019-08-25 09:00","2019","08","25","09:00","15.0","","9.7","","70","","0.0","","32","","10","","","","96.26","","","","","","NA"
"-111.21","56.65","FORT MCMURRAY CS","3062696","2019-08-25 10:00","2019","08","25","10:00","16.9","","10.7","","67","","0.0","","31","","11","","","","96.28","","","","","","NA"
"-111.21","56.65","FORT MCMURRAY CS","3062696","2019-08-25 11:00","2019","08","25","11:00","17.0","","11.4","","69","","0.0","","32","","13","","","","96.31","","","","","","NA"
"-111.21","56.65","FORT MCMURRAY CS","3062696","2019-08-25 12:00","2019","08","25","12:00","18.0","","11.2","","64","","0.0","","33","","9","","","","96.31","","","","","","NA"
"-111.21","56.65","FORT MCMURRAY CS","3062696","2019-08-25 13:00","2019","08","25","13:00","18.3","","9.0","","55","","0.0","","31","","16","","","","96.30","","","","","","NA"
"-111.21","56.65","FORT MCMURRAY CS","3062696","2019-08-25 14:00","2019","08","25","14:00","20.0","","11.4","","58","","0.0","","31","","15","","","","96.31","","","","","","NA"
"-111.21","56.65","FORT MCMURRAY CS","3062696","2019-08-25 15:00","2019","08","25","15:00","18.8","","9.6","","55","","0.0","","32","","17","","","","96.36","","","","","","NA"
"-111.21","56.65","FORT MCMURRAY CS","3062696","2019-08-25 16:00","2019","08","25","16:00","18.8","","8.4","","51","","0.0","","31","","17","","","","96.37","","","","","","NA"
"-111.21","56.65","FORT MCMURRAY CS","3062696","2019-08-25 17:00","2019","08","25","17:00","15.7","","10.2","","70","","0.0","","4","","15","","","","96.46","","","","","","NA"
"-111.21","56.65","FORT MCMURRAY CS","3062696","2019-08-25 18:00","2019","08","25","18:00","15.4","","9.0","","66","","0.0","","33","","10","","","","96.52","","","","","","NA"
"-111.21","56.65","FORT MCMURRAY CS","3062696","2019-08-25 19:00","2019","08","25","19:00","15.0","","9.5","","70","","0.0","","27","","9","","","","96.54","","","","","","NA"
"-111.21","56.65","FORT MCMURRAY CS","3062696","2019-08-25 20:00","2019","08","25","20:00","14.4","","10.4","","77","","0.0","","28","","8","","","","96.62","","","","","","NA"
"-111.21","56.65","FORT MCMURRAY CS","3062696","2019-08-25 21:00","2019","08","25","21:00","13.4","","9.8","","78","","0.0","","25","","9","","","","96.64","","","","","","NA"
"-111.21","56.65","FORT MCMURRAY CS","3062696","2019-08-25 22:00","2019","08","25","22:00","13.1","","9.8","","80","","0.0","","26","","7","","","","96.67","","","","","","NA"
"-111.21","56.65","FORT MCMURRAY CS","3062696","2019-08-25 23:00","2019","08","25","23:00","11.6","","9.4","","86","","0.0","","24","","10","","","","96.66","","","","","","NA"
"-111.21","56.65","FORT MCMURRAY CS","3062696","2019-08-26 00:00","2019","08","26","00:00","11.3","","9.3","","88","","0.0","","23","","8","","","","96.68","","","","","","NA"
"-111.21","56.65","FORT MCMURRAY CS","3062696","2019-08-26 01:00","2019","08","26","01:00","10.6","","8.9","","89","","0.0","","23","","10","","","","96.68","","","","","","NA"
"-111.21","56.65","FORT MCMURRAY CS","3062696","2019-08-26 02:00","2019","08","26","02:00","10.4","","9.0","","91","","0.0","","24","","10","","","","96.69","","","","","","NA"
"-111.21","56.65","FORT MCMURRAY CS","3062696","2019-08-26 03:00","2019","08","26","03:00","10.7","","9.4","","92","","0.0","","25","","10","","","","96.72","","","","","","NA"
"-111.21","56.65","FORT MCMURRAY CS","3062696","2019-08-26 04:00","2019","08","26","04:00","11.1","","9.6","","90","","0.0","","27","","9","","","","96.73","","","","","","NA"
"-111.21","56.65","FORT MCMURRAY CS","3062696","2019-08-26 05:00","2019","08","26","05:00","10.9","","9.4","","91","","0.0","","26","","8","","","","96.75","","","","","","NA"
"-111.21","56.65","FORT MCMURRAY CS","3062696","2019-08-26 06:00","2019","08","26","06:00","11.3","","9.7","","90","","0.0","","26","","9","","","","96.76","","","","","","NA"
"-111.21","56.65","FORT MCMURRAY CS","3062696","2019-08-26 07:00","2019","08","26","07:00","12.0","","10.0","","88","","0.0","","26","","9","","","","96.79","","","","","","NA"
"-111.21","56.65","FORT MCMURRAY CS","3062696","2019-08-26 08:00","2019","08","26","08:00","13.2","","10.0","","81","","0.0","","31","","10","","","","96.81","","","","","","NA"
"-111.21","56.65","FORT MCMURRAY CS","3062696","2019-08-26 09:00","2019","08","26","09:00","13.8","","9.8","","77","","0.0","","31","","13","","","","96.82","","","","","","NA"
"-111.21","56.65","FORT MCMURRAY CS","3062696","2019-08-26 10:00","2019","08","26","10:00","14.8","","10.2","","74","","0.0","","31","","11","","","","96.85","","","","","","NA"
"-111.21","56.65","FORT MCMURRAY CS","3062696","2019-08-26 11:00","2019","08","26","11:00","15.4","","9.8","","70","","0.0","","31","","16","","","","96.87","","","","","","NA"
"-111.21","56.65","FORT MCMURRAY CS","3062696","2019-08-26 12:00","2019","08","26","12:00","16.2","","9.9","","66","","0.0","","35","","15","","","","96.88","","","","","","NA"
"-111.21","56.65","FORT MCMURRAY CS","3062696","2019-08-26 13:00","2019","08","26","13:00","16.9","","9.8","","63","","0.0","","32","","15","","","","96.89","","","","","","NA"
"-111.21","56.65","FORT MCMURRAY CS","3062696","2019-08-26 14:00","2019","08","26","14:00","16.7","","9.8","","64","","0.0","","34","","15","","","","96.92","","","","","","NA"
"-111.21","56.65","FORT MCMURRAY CS","3062696","2019-08-26 15:00","2019","08","26","15:00","17.2","","9.3","","60","","0.0","","31","","22","","","","96.93","","","","","","NA"
"-111.21","56.65","FORT MCMURRAY CS","3062696","2019-08-26 16:00","2019","08","26","16:00","14.6","","10.8","","78","","0.0","","29","","22","","","","97.00","","","","","","NA"
"-111.21","56.65","FORT MCMURRAY CS","3062696","2019-08-26 17:00","2019","08","26","17:00","14.1","","10.9","","81","","0.0","","32","","17","","","","97.11","","","","","","NA"
"-111.21","56.65","FORT MCMURRAY CS","3062696","2019-08-26 18:00","2019","08","26","18:00","13.0","","11.2","","89","","0.0","","31","","13","","","","97.17","","","","","","NA"
"-111.21","56.65","FORT MCMURRAY CS","3062696","2019-08-26 19:00","2019","08","26","19:00","13.1","","11.4","","89","","0.0","","31","","14","","","","97.21","","","","","","NA"
"-111.21","56.65","FORT MCMURRAY CS","3062696","2019-08-26 20:00","2019","08","26","20:00","13.2","","11.3","","89","","0.0","","31","","11","","","","97.30","","","","","","NA"
"-111.21","56.65","FORT MCMURRAY CS","3062696","2019-08-26 21:00","2019","08","26","21:00","12.9","","11.1","","89","","0.0","","31","","11","","","","97.34","","","","","","NA"
"-111.21","56.65","FORT MCMURRAY CS","3062696","2019-08-26 22:00","2019","08","26","22:00","12.7","","10.8","","88","","0.0","","32","","12","","","","97.35","","","","","","NA"
"-111.21","56.65","FORT MCMURRAY CS","3062696","2019-08-26 23:00","2019","08","26","23:00","12.7","","10.9","","88","","0.0","","30","","8","","","","97.36","","","","","","NA"
"-111.21","56.65","FORT MCMURRAY CS","3062696","2019-08-27 00:00","2019","08","27","00:00","12.5","","10.6","","88","","0.0","","29","","7","","","","97.35","","","","","","NA"
"-111.21","56.65","FORT MCMURRAY CS","3062696","2019-08-27 01:00","2019","08","27","01:00","12.3","","10.3","","88","","0.0","","27","","7","","","","97.36","","","","","","NA"
"-111.21","56.65","FORT MCMURRAY CS","3062696","2019-08-27 02:00","2019","08","27","02:00","10.7","","9.1","","90","","0.0","","25","","7","","","","97.35","","","","","","NA"
"-111.21","56.65","FORT MCMURRAY CS","3062696","2019-08-27 03:00","2019","08","27","03:00","10.2","","8.9","","92","","0.0","","24","","9","","","","97.35","","","","","","NA"
"-111.21","56.65","FORT MCMURRAY CS","3062696","2019-08-27 04:00","2019","08","27","04:00","8.6","","7.5","","93","","0.0","","22","","10","","","","97.34","","","","","","NA"
"-111.21","56.65","FORT MCMURRAY CS","3062696","2019-08-27 05:00","2019","08","27","05:00","7.9","","7.0","","94","","0.0","","24","","10","","","","97.34","","","","","","NA"
"-111.21","56.65","FORT MCMURRAY CS","3062696","2019-08-27 06:00","2019","08","27","06:00","8.0","","7.2","","95","","0.0","","24","","13","","","","97.34","","","","","","NA"
"-111.21","56.65","FORT MCMURRAY CS","3062696","2019-08-27 07:00","2019","08","27","07:00","8.5","","7.7","","95","","0.0","","25","","5","","","","97.33","","","","","","NA"
"-111.21","56.65","FORT MCMURRAY CS","3062696","2019-08-27 08:00","2019","08","27","08:00","8.7","","7.9","","95","","0.0","","21","","2","","","","97.32","","","","","","NA"
"-111.21","56.65","FORT MCMURRAY CS","3062696","2019-08-27 09:00","2019","08","27","09:00","11.7","","8.5","","81","","0.0","","2","","4","","","","97.27","","","","","","NA"
"-111.21","56.65","FORT MCMURRAY CS","3062696","2019-08-27 10:00","2019","08","27","10:00","14.9","","9.3","","69","","0.0","","35","","3","","","","97.21","","","","","","NA"
"-111.21","56.65","FORT MCMURRAY CS","3062696","2019-08-27 11:00","2019","08","27","11:00","17.6","","9.5","","59","","0.0","","29","","7","","","","97.15","","","","","","NA"
"-111.21","56.65","FORT MCMURRAY CS","3062696","2019-08-27 12:00","2019","08","27","12:00","17.8","","6.8","","48","","0.0","","24","","7","","","","97.08","","","","","","NA"
"-111.21","56.65","FORT MCMURRAY CS","3062696","2019-08-27 13:00","2019","08","27","13:00","18.4","","3.7","","38","","0.0","","16","","6","","","","97.00","","","","","","NA"
"-111.21","56.65","FORT MCMURRAY CS","3062696","2019-08-27 14:00","2019","08","27","14:00","18.3","","5.8","","44","","0.0","","28","","10","","","","96.95","","","","","","NA"
"-111.21","56.65","FORT MCMURRAY CS","3062696","2019-08-27 15:00","2019","08","27","15:00","18.8","","3.8","","37","","0.0","","25","","14","","","","96.89","","","","","","NA"
"-111.21","56.65","FORT MCMURRAY CS","3062696","2019-08-27 16:00","2019","08","27","16:00","18.2","","6.6","","47","","0.0","","23","","11","","","","96.85","","","","","","NA"
"-111.21","56.65","FORT MCMURRAY CS","3062696","2019-08-27 17:00","2019","08","27","17:00","16.9","","6.5","","50","","0.0","","20","","9","","","","96.79","","","","","","NA"
"-111.21","56.65","FORT MCMURRAY CS","3062696","2019-08-27 18:00","2019","08","27","18:00","14.3","","8.3","","67","","0.0","","25","","24","","","","96.80","","","","","","NA"
"-111.21","56.65","FORT MCMURRAY CS","3062696","2019-08-27 19:00","2019","08","27","19:00","13.2","","9.3","","77","","0.4","","34","","2","","","","96.74","","","","","","NA"
"-111.21","56.65","FORT MCMURRAY CS","3062696","2019-08-27 20:00","2019","08","27","20:00","12.4","","10.1","","85","","0.0","","11","","7","","","","96.69","","","","","","NA"
"-111.21","56.65","FORT MCMURRAY CS","3062696","2019-08-27 21:00","2019","08","27","21:00","12.3","","9.5","","83","","0.0","","11","","1","","","","96.64","","","","","","NA"
"-111.21","56.65","FORT MCMURRAY CS","3062696","2019-08-27 22:00","2019","08","27","22:00","12.3","","9.2","","82","","0.5","","17","","9","","","","96.58","","","","","","NA"
"-111.21","56.65","FORT MCMURRAY CS","3062696","2019-08-27 23:00","2019","08","27","23:00","11.8","","10.0","","89","","0.0","","","","0","","","","96.49","","","","","","NA"
"-111.21","56.65","FORT MCMURRAY CS","3062696","2019-08-28 00:00","2019","08","28","00:00","11.6","","9.7","","88","","0.0","","13","","6","","","","96.46","","","","","","NA"
"-111.21","56.65","FORT MCMURRAY CS","3062696","2019-08-28 01:00","2019","08","28","01:00","10.7","","9.3","","91","","0.0","","12","","4","","","","96.39","","","","","","NA"
"-111.21","56.65","FORT MCMURRAY CS","3062696","2019-08-28 02:00","2019","08","28","02:00","9.5","","8.5","","93","","0.0","","12","","6","","","","96.31","","","","","","NA"
"-111.21","56.65","FORT MCMURRAY CS","3062696","2019-08-28 03:00","2019","08","28","03:00","8.4","","7.4","","94","","0.0","","17","","5","","","","96.29","","","","","","NA"
"-111.21","56.65","FORT MCMURRAY CS","3062696","2019-08-28 04:00","2019","08","28","04:00","9.3","","8.4","","94","","0.0","","12","","3","","","","96.28","","","","","","NA"
"-111.21","56.65","FORT MCMURRAY CS","3062696","2019-08-28 05:00","2019","08","28","05:00","9.9","","9.0","","94","","1.0","","14","","8","","","","96.20","","","","","","NA"
"-111.21","56.65","FORT MCMURRAY CS","3062696","2019-08-28 06:00","2019","08","28","06:00","10.3","","9.3","","93","","0.3","","24","","10","","","","96.22","","","","","","NA"
"-111.21","56.65","FORT MCMURRAY CS","3062696","2019-08-28 07:00","2019","08","28","07:00","10.5","","9.4","","93","","0.3","","26","","9","","","","96.22","","","","","","NA"
"-111.21","56.65","FORT MCMURRAY CS","3062696","2019-08-28 08:00","2019","08","28","08:00","11.0","","9.9","","92","","0.2","","29","","11","","","","96.23","","","","","","NA"
"-111.21","56.65","FORT MCMURRAY CS","3062696","2019-08-28 09:00","2019","08","28","09:00","11.8","","10.2","","90","","0.0","","31","","12","","","","96.27","","","","","","NA"
"-111.21","56.65","FORT MCMURRAY CS","3062696","2019-08-28 10:00","2019","08","28","10:00","11.4","","10.0","","91","","0.0","","31","","15","","","","96.32","","","","","","NA"
"-111.21","56.65","FORT MCMURRAY CS","3062696","2019-08-28 11:00","2019","08","28","11:00","12.0","","10.7","","92","","0.9","","31","","16","","","","96.39","","","","","","NA"
"-111.21","56.65","FORT MCMURRAY CS","3062696","2019-08-28 12:00","2019","08","28","12:00","12.1","","9.9","","86","","0.0","","33","","21","","","","96.49","","","","","","NA"
"-111.21","56.65","FORT MCMURRAY CS","3062696","2019-08-28 13:00","2019","08","28","13:00","12.1","","9.6","","84","","0.0","","35","","20","","","","96.65","","","","","","NA"
"-111.21","56.65","FORT MCMURRAY CS","3062696","2019-08-28 14:00","2019","08","28","14:00","14.5","","9.1","","70","","0.0","","33","","12","","","","96.72","","","","","","NA"
"-111.21","56.65","FORT MCMURRAY CS","3062696","2019-08-28 15:00","2019","08","28","15:00","14.2","","9.8","","75","","0.5","","31","","16","","","","96.78","","","","","","NA"
"-111.21","56.65","FORT MCMURRAY CS","3062696","2019-08-28 16:00","2019","08","28","16:00","14.5","","8.1","","65","","0.0","","32","","25","","","","96.84","","","","","","NA"
"-111.21","56.65","FORT MCMURRAY CS","3062696","2019-08-28 17:00","2019","08","28","17:00","15.0","","8.2","","63","","0.0","","31","","15","","","","96.90","","","","","","NA"
"-111.21","56.65","FORT MCMURRAY CS","3062696","2019-08-28 18:00","2019","08","28","18:00","14.1","","8.5","","69","","0.0","","31","","12","","","","96.94","","","","","","NA"
"-111.21","56.65","FORT MCMURRAY CS","3062696","2019-08-28 19:00","2019","08","28","19:00","13.2","","8.0","","71","","0.0","","30","","13","","","","97.01","","","","","","NA"
"-111.21","56.65","FORT MCMURRAY CS","3062696","2019-08-28 20:00","2019","08","28","20:00","12.3","","7.8","","74","","0.0","","30","","14","","","","97.08","","","","","","NA"
"-111.21","56.65","FORT MCMURRAY CS","3062696","2019-08-28 21:00","2019","08","28","21:00","10.8","","6.8","","77","","0.0","","31","","11","","","","97.14","","","","","","NA"
"-111.21","56.65","FORT MCMURRAY CS","3062696","2019-08-28 22:00","2019","08","28","22:00","9.8","","6.7","","81","","0.0","","29","","13","","","","97.19","","","","","","NA"
"-111.21","56.65","FORT MCMURRAY CS","3062696","2019-08-28 23:00","2019","08","28","23:00","8.6","","6.3","","85","","0.0","","27","","8","","","","97.20","","","","","","NA"
"-111.21","56.65","FORT MCMURRAY CS","3062696","2019-08-29 00:00","2019","08","29","00:00","6.7","","5.7","","93","","0.0","","24","","12","","","","97.24","","","","","","NA"
"-111.21","56.65","FORT MCMURRAY CS","3062696","2019-08-29 01:00","2019","08","29","01:00","6.6","","5.5","","93","","0.0","","24","","11","","","","97.28","","","","","","NA"
"-111.21","56.65","FORT MCMURRAY CS","3062696","2019-08-29 02:00","2019","08","29","02:00","6.2","","5.0","","92","","0.0","","23","","11","","","","97.30","","","","","","NA"
"-111.21","56.65","FORT MCMURRAY CS","3062696","2019-08-29 03:00","2019","08","29","03:00","5.9","","4.7","","92","","0.0","","23","","10","","","","97.32","","","","","","NA"
"-111.21","56.65","FORT MCMURRAY CS","3062696","2019-08-29 04:00","2019","08","29","04:00","5.2","","4.2","","94","","0.0","","23","","11","","","","97.36","","","","","","NA"
"-111.21","56.65","FORT MCMURRAY CS","3062696","2019-08-29 05:00","2019","08","29","05:00","4.7","","3.9","","94","","0.0","","23","","8","","","","97.41","","","","","","NA"
"-111.21","56.65","FORT MCMURRAY CS","3062696","2019-08-29 06:00","2019","08","29","06:00","5.0","","4.2","","94","","0.0","","23","","10","","","","97.48","","","","","","NA"
"-111.21","56.65","FORT MCMURRAY CS","3062696","2019-08-29 07:00","2019","08","29","07:00","6.9","","5.2","","89","","0.0","","23","","13","","","","97.52","","","","","","NA"
"-111.21","56.65","FORT MCMURRAY CS","3062696","2019-08-29 08:00","2019","08","29","08:00","9.1","","6.4","","83","","0.0","","24","","12","","","","97.55","","","","","","NA"
"-111.21","56.65","FORT MCMURRAY CS","3062696","2019-08-29 09:00","2019","08","29","09:00","11.2","","6.5","","73","","0.0","","26","","8","","","","97.59","","","","","","NA"
"-111.21","56.65","FORT MCMURRAY CS","3062696","2019-08-29 10:00","2019","08","29","10:00","13.9","","7.5","","65","","0.0","","27","","9","","","","97.61","","","","","","NA"
"-111.21","56.65","FORT MCMURRAY CS","3062696","2019-08-29 11:00","2019","08","29","11:00","15.8","","8.4","","62","","0.0","","29","","9","","","","97.60","","","","","","NA"
"-111.21","56.65","FORT MCMURRAY CS","3062696","2019-08-29 12:00","2019","08","29","12:00","17.0","","6.6","","50","","0.0","","31","","12","","","","97.57","","","","","","NA"
"-111.21","56.65","FORT MCMURRAY CS","3062696","2019-08-29 13:00","2019","08","29","13:00","16.8","","6.0","","49","","0.0","","32","","9","","","","97.55","","","","","","NA"
"-111.21","56.65","FORT MCMURRAY CS","3062696","2019-08-29 14:00","2019","08","29","14:00","18.5","","5.1","","41","","0.0","","32","","7","","","","97.52","","","","","","NA"
"-111.21","56.65","FORT MCMURRAY CS","3062696","2019-08-29 15:00","2019","08","29","15:00","18.6","","5.5","","42","","0.0","","30","","7","","","","97.50","","","","","","NA"
"-111.21","56.65","FORT MCMURRAY CS","3062696","2019-08-29 16:00","2019","08","29","16:00","19.0","","3.4","","36","","0.0","","30","","10","","","","97.48","","","","","","NA"
"-111.21","56.65","FORT MCMURRAY CS","3062696","2019-08-29 17:00","2019","08","29","17:00","18.1","","4.1","","40","","0.0","","29","","11","","","","97.48","","","","","","NA"
"-111.21","56.65","FORT MCMURRAY CS","3062696","2019-08-29 18:00","2019","08","29","18:00","17.2","","5.8","","47","","0.0","","6","","13","","","","97.48","","","","","","NA"
"-111.21","56.65","FORT MCMURRAY CS","3062696","2019-08-29 19:00","2019","08","29","19:00","15.7","","5.9","","52","","0.0","","8","","6","","","","97.48","","","","","","NA"
"-111.21","56.65","FORT MCMURRAY CS","3062696","2019-08-29 20:00","2019","08","29","20:00","10.8","","6.7","","76","","0.0","","15","","6","","","","97.49","","","","","","NA"
"-111.21","56.65","FORT MCMURRAY CS","3062696","2019-08-29 21:00","2019","08","29","21:00","9.9","","6.7","","80","","0.0","","17","","9","","","","97.48","","","","","","NA"
"-111.21","56.65","FORT MCMURRAY CS","3062696","2019-08-29 22:00","2019","08","29","22:00","8.6","","5.7","","82","","0.0","","17","","9","","","","97.49","","","","","","NA"
"-111.21","56.65","FORT MCMURRAY CS","3062696","2019-08-29 23:00","2019","08","29","23:00","8.7","","5.7","","82","","0.0","","0","","1","","","","97.49","","","","","","NA"
"-111.21","56.65","FORT MCMURRAY CS","3062696","2019-08-30 00:00","2019","08","30","00:00","6.9","","5.4","","90","","0.0","","17","","2","","","","97.49","","","","","","NA"
"-111.21","56.65","FORT MCMURRAY CS","3062696","2019-08-30 01:00","2019","08","30","01:00","7.4","","5.0","","85","","0.0","","0","","1","","","","97.50","","","","","","NA"
"-111.21","56.65","FORT MCMURRAY CS","3062696","2019-08-30 02:00","2019","08","30","02:00","4.1","","2.5","","90","","0.0","","23","","4","","","","97.50","","","","","","NA"
"-111.21","56.65","FORT MCMURRAY CS","3062696","2019-08-30 03:00","2019","08","30","03:00","5.2","","4.2","","93","","0.0","","11","","4","","","","97.49","","","","","","NA"
"-111.21","56.65","FORT MCMURRAY CS","3062696","2019-08-30 04:00","2019","08","30","04:00","3.4","","2.5","","93","","0.0","","","","0","","","","97.49","","","","","","NA"
"-111.21","56.65","FORT MCMURRAY CS","3062696","2019-08-30 05:00","2019","08","30","05:00","3.7","","3.1","","96","","0.0","","14","","5","","","","97.50","","","","","","NA"
"-111.21","56.65","FORT MCMURRAY CS","3062696","2019-08-30 06:00","2019","08","30","06:00","4.2","","3.5","","95","","0.0","","16","","5","","","","97.50","","","","","","NA"
"-111.21","56.65","FORT MCMURRAY CS","3062696","2019-08-30 07:00","2019","08","30","07:00","8.2","","5.6","","83","","0.0","","0","","1","","","","97.52","","","","","","NA"
"-111.21","56.65","FORT MCMURRAY CS","3062696","2019-08-30 08:00","2019","08","30","08:00","9.7","","5.0","","73","","0.0","","34","","3","","","","97.52","","","","","","NA"
"-111.21","56.65","FORT MCMURRAY CS","3062696","2019-08-30 09:00","2019","08","30","09:00","12.9","","6.0","","63","","0.0","","10","","2","","","","97.51","","","","","","NA"
"-111.21","56.65","FORT MCMURRAY CS","3062696","2019-08-30 10:00","2019","08","30","10:00","16.9","","6.7","","51","","0.0","","25","","12","","","","97.48","","","","","","NA"
"-111.21","56.65","FORT MCMURRAY CS","3062696","2019-08-30 11:00","2019","08","30","11:00","18.8","","6.2","","44","","0.0","","26","","14","","","","97.47","","","","","","NA"
"-111.21","56.65","FORT MCMURRAY CS","3062696","2019-08-30 12:00","2019","08","30","12:00","18.9","","3.8","","37","","0.0","","28","","12","","","","97.43","","","","","","NA"
"-111.21","56.65","FORT MCMURRAY CS","3062696","2019-08-30 13:00","2019","08","30","13:00","20.5","","5.9","","39","","0.0","","26","","10","","","","97.38","","","","","","NA"
"-111.21","56.65","FORT MCMURRAY CS","3062696","2019-08-30 14:00","2019","08","30","14:00","20.3","","5.9","","39","","0.0","","30","","17","","","","97.36","","","","","","NA"
"-111.21","56.65","FORT MCMURRAY CS","3062696","2019-08-30 15:00","2019","08","30","15:00","18.9","","6.7","","45","","0.0","","35","","27","","","","97.35","","","","","","NA"
"-111.21","56.65","FORT MCMURRAY CS","3062696","2019-08-30 16:00","2019","08","30","16:00","18.0","","7.4","","50","","0.0","","1","","12","","","","97.35","","","","","","NA"
"-111.21","56.65","FORT MCMURRAY CS","3062696","2019-08-30 17:00","2019","08","30","17:00","18.6","","6.0","","43","","0.0","","36","","11","","","","97.35","","","","","","NA"
"-111.21","56.65","FORT MCMURRAY CS","3062696","2019-08-30 18:00","2019","08","30","18:00","17.3","","5.9","","47","","0.0","","4","","6","","","","97.35","","","","","","NA"
"-111.21","56.65","FORT MCMURRAY CS","3062696","2019-08-30 19:00","2019","08","30","19:00","15.7","","6.1","","53","","0.0","","35","","1","","","","97.35","","","","","","NA"
"-111.21","56.65","FORT MCMURRAY CS","3062696","2019-08-30 20:00","2019","08","30","20:00","11.9","","6.4","","69","","0.0","","21","","8","","","","97.39","","","","","","NA"
"-111.21","56.65","FORT MCMURRAY CS","3062696","2019-08-30 21:00","2019","08","30","21:00","10.2","","6.4","","77","","0.0","","","","0","","","","97.39","","","","","","NA"
"-111.21","56.65","FORT MCMURRAY CS","3062696","2019-08-30 22:00","2019","08","30","22:00","11.7","","7.7","","76","","0.0","","31","","7","","","","97.43","","","","","","NA"
"-111.21","56.65","FORT MCMURRAY CS","3062696","2019-08-30 23:00","2019","08","30","23:00","12.4","","8.4","","76","","0.0","","32","","13","","","","97.48","","","","","","NA"
"-111.21","56.65","FORT MCMURRAY CS","3062696","2019-08-31 00:00","2019","08","31","00:00","12.2","","8.1","","76","","0.7","","7","","7","","","","97.43","","","","","","NA"
"-111.21","56.65","FORT MCMURRAY CS","3062696","2019-08-31 01:00","2019","08","31","01:00","9.4","","7.1","","86","","0.0","","19","","3","","","","97.41","","","","","","NA"
"-111.21","56.65","FORT MCMURRAY CS","3062696","2019-08-31 02:00","2019","08","31","02:00","9.1","","7.4","","89","","0.0","","6","","6","","","","97.36","","","","","","NA"
"-111.21","56.65","FORT MCMURRAY CS","3062696","2019-08-31 03:00","2019","08","31","03:00","6.8","","5.9","","94","","0.0","","21","","6","","","","97.36","","","","","","NA"
"-111.21","56.65","FORT MCMURRAY CS","3062696","2019-08-31 04:00","2019","08","31","04:00","6.2","","5.3","","94","","0.0","","","","0","","","","97.33","","","","","","NA"
"-111.21","56.65","FORT MCMURRAY CS","3062696","2019-08-31 05:00","2019","08","31","05:00","4.8","","4.1","","95","","0.0","","18","","5","","","","97.33","","","","","","NA"
"-111.21","56.65","FORT MCMURRAY CS","3062696","2019-08-31 06:00","2019","08","31","06:00","5.9","","5.2","","95","","0.0","","0","","1","","","","97.36","","","","","","NA"
"-111.21","56.65","FORT MCMURRAY CS","3062696","2019-08-31 07:00","2019","08","31","07:00","8.0","","6.5","","90","","0.0","","26","","11","","","","97.38","","","","","","NA"
"-111.21","56.65","FORT MCMURRAY CS","3062696","2019-08-31 08:00","2019","08","31","08:00","8.3","","7.2","","93","","0.0","","21","","5","","","","97.36","","","","","","NA"
"-111.21","56.65","FORT MCMURRAY CS","3062696","2019-08-31 09:00","2019","08","31","09:00","9.0","","7.6","","91","","0.0","","31","","13","","","","97.42","","","","","","NA"
"-111.21","56.65","FORT MCMURRAY CS","3062696","2019-08-31 10:00","2019","08","31","10:00","10.7","","8.2","","85","","0.0","","29","","5","","","","97.42","","","","","","NA"
"-111.21","56.65","FORT MCMURRAY CS","3062696","2019-08-31 11:00","2019","08","31","11:00","11.4","","8.9","","84","","0.0","","32","","11","","","","97.44","","","","","","NA"
"-111.21","56.65","FORT MCMURRAY CS","3062696","2019-08-31 12:00","2019","08","31","12:00","14.2","","9.6","","74","","0.0","","31","","16","","","","97.45","","","","","","NA"
"-111.21","56.65","FORT MCMURRAY CS","3062696","2019-08-31 13:00","2019","08","31","13:00","11.7","","8.4","","80","","0.0","","32","","21","","","","97.52","","","","","","NA"
"-111.21","56.65","FORT MCMURRAY CS","3062696","2019-08-31 14:00","2019","08","31","14:00","12.5","","8.2","","75","","0.0","","32","","17","","","","97.52","","","","","","NA"
"-111.21","56.65","FORT MCMURRAY CS","3062696","2019-08-31 15:00","2019","08","31","15:00","14.1","","8.0","","67","","0.0","","31","","15","","","","97.52","","","","","","NA"
"-111.21","56.65","FORT MCMURRAY CS","3062696","2019-08-31 16:00","2019","08","31","16:00","15.4","","6.7","","56","","0.0","","33","","20","","","","97.50","","","","","","NA"
"-111.21","56.65","FORT MCMURRAY CS","3062696","2019-08-31 17:00","2019","08","31","17:00","14.3","","5.8","","56","","0.0","","2","","7","","","","97.52","","","","","","NA"
"-111.21","56.65","FORT MCMURRAY CS","3062696","2019-08-31 18:00","2019","08","31","18:00","13.5","","6.4","","62","","0.0","","4","","13","","","","97.53","","","","","","NA"
"-111.21","56.65","FORT MCMURRAY CS","3062696","2019-08-31 19:00","2019","08","31","19:00","12.0","","6.0","","67","","0.0","","4","","10","","","","97.55","","","","","","NA"
"-111.21","56.65","FORT MCMURRAY CS","3062696","2019-08-31 20:00","2019","08","31","20:00","9.9","","6.0","","76","","0.0","","7","","4","","","","97.59","","","","","","NA"
"-111.21","56.65","FORT MCMURRAY CS","3062696","2019-08-31 21:00","2019","08","31","21:00","8.8","","7.1","","90","","0.0","","1","","4","","","","97.63","","","","","","NA"
"-111.21","56.65","FORT MCMURRAY CS","3062696","2019-08-31 22:00","2019","08","31","22:00","8.6","","5.6","","81","","0.0","","5","","5","","","","97.66","","","","","","NA"
"-111.21","56.65","FORT MCMURRAY CS","3062696","2019-08-31 23:00","2019","08","31","23:00","4.7","","3.8","","94","","0.0","","16","","7","","","","97.68","","","","","","NA"
