"Longitude (x)","Latitude (y)","Station Name","Climate ID","Date/Time (LST)","Year","Month","Day","Time (LST)","Temp (°C)","Temp Flag","Dew Point Temp (°C)","Dew Point Temp Flag","Rel Hum (%)","Rel Hum Flag","Precip. Amount (mm)","Precip. Amount Flag","Wind Dir (10s deg)","Wind Dir Flag","Wind Spd (km/h)","Wind Spd Flag","Visibility (km)","Visibility Flag","Stn Press (kPa)","Stn Press Flag","Hmdx","Hmdx Flag","Wind Chill","Wind Chill Flag","Weather"
"-65.01","46.79","KOUCHIBOUGUAC","8102326","2018-05-01 00:00","2018","05","01","00:00","3.0","","2.8","","99","","0.0","","23","","3","","","","101.33","","","","","","NA"
"-65.01","46.79","KOUCHIBOUGUAC","8102326","2018-05-01 01:00","2018","05","01","01:00","2.7","","2.5","","99","","0.0","","32","","4","","","","101.23","","","","","","NA"
"-65.01","46.79","KOUCHIBOUGUAC","8102326","2018-05-01 02:00","2018","05","01","02:00","2.6","","2.5","","99","","0.0","","27","","3","","","","101.20","","","","","","NA"
"-65.01","46.79","KOUCHIBOUGUAC","8102326","2018-05-01 03:00","2018","05","01","03:00","2.5","","2.3","","99","","0.0","","30","","3","","","","101.19","","","","","","NA"
"-65.01","46.79","KOUCHIBOUGUAC","8102326","2018-05-01 04:00","2018","05","01","04:00","2.3","","2.1","","99","","0.0","","27","","3","","","","101.15","","","","","","NA"
"-65.01","46.79","KOUCHIBOUGUAC","8102326","2018-05-01 05:00","2018","05","01","05:00","2.2","","2.1","","99","","0.0","","33","","2","","","","101.20","","","","","","NA"
"-65.01","46.79","KOUCHIBOUGUAC","8102326","2018-05-01 06:00","2018","05","01","06:00","2.4","","2.2","","99","","0.0","","29","","5","","","","101.24","","","","","","NA"
"-65.01","46.79","KOUCHIBOUGUAC","8102326","2018-05-01 07:00","2018","05","01","07:00","2.9","","2.7","","99","","0.0","","31","","7","","","","101.22","","","","","","NA"
"-65.01","46.79","KOUCHIBOUGUAC","8102326","2018-05-01 08:00","2018","05","01","08:00","3.7","","3.4","","98","","0.0","","31","","6","","","","101.20","","","","","","NA"
"-65.01","46.79","KOUCHIBOUGUAC","8102326","2018-05-01 09:00","2018","05","01","09:00","4.5","","4.0","","96","","0.0","","30","","5","","","","101.18","","","","","","NA"
"-65.01","46.79","KOUCHIBOUGUAC","8102326","2018-05-01 10:00","2018","05","01","10:00","5.5","","4.4","","93","","0.0","","31","","7","","","","101.15","","","","","","NA"
"-65.01","46.79","KOUCHIBOUGUAC","8102326","2018-05-01 11:00","2018","05","01","11:00","6.0","","4.8","","92","","0.0","","31","","7","","","","101.18","","","","","","NA"
"-65.01","46.79","KOUCHIBOUGUAC","8102326","2018-05-01 12:00","2018","05","01","12:00","7.1","","5.2","","88","","0.0","","31","","6","","","","101.13","","","","","","NA"
"-65.01","46.79","KOUCHIBOUGUAC","8102326","2018-05-01 13:00","2018","05","01","13:00","7.8","","5.6","","86","","0.0","","31","","7","","","","101.04","","","","","","NA"
"-65.01","46.79","KOUCHIBOUGUAC","8102326","2018-05-01 14:00","2018","05","01","14:00","8.8","","5.9","","82","","0.0","","26","","8","","","","101.01","","","","","","NA"
"-65.01","46.79","KOUCHIBOUGUAC","8102326","2018-05-01 15:00","2018","05","01","15:00","8.5","","5.5","","82","","0.0","","28","","6","","","","101.00","","","","","","NA"
"-65.01","46.79","KOUCHIBOUGUAC","8102326","2018-05-01 16:00","2018","05","01","16:00","9.1","","5.8","","80","","0.0","","31","","3","","","","100.93","","","","","","NA"
"-65.01","46.79","KOUCHIBOUGUAC","8102326","2018-05-01 17:00","2018","05","01","17:00","9.9","","5.7","","76","","0.0","","33","","4","","","","100.90","","","","","","NA"
"-65.01","46.79","KOUCHIBOUGUAC","8102326","2018-05-01 18:00","2018","05","01","18:00","10.5","","5.5","","71","","0.0","","35","","3","","","","100.84","","","","","","NA"
"-65.01","46.79","KOUCHIBOUGUAC","8102326","2018-05-01 19:00","2018","05","01","19:00","7.1","","4.6","","85","","0.0","","","","0","","","","100.87","","","","","","NA"
"-65.01","46.79","KOUCHIBOUGUAC","8102326","2018-05-01 20:00","2018","05","01","20:00","2.9","","2.5","","98","","0.0","","18","","4","","","","100.86","","","","","","NA"
"-65.01","46.79","KOUCHIBOUGUAC","8102326","2018-05-01 21:00","2018","05","01","21:00","4.0","","3.8","","99","","0.0","","17","","7","","","","100.92","","","","","","NA"
"-65.01","46.79","KOUCHIBOUGUAC","8102326","2018-05-01 22:00","2018","05","01","22:00","5.5","","5.0","","97","","0.0","","26","","5","","","","100.95","","","","","","NA"
"-65.01","46.79","KOUCHIBOUGUAC","8102326","2018-05-01 23:00","2018","05","01","23:00","1.9","","1.6","","98","","0.0","","25","","2","","","","100.97","","","","","","NA"
"-65.01","46.79","KOUCHIBOUGUAC","8102326","2018-05-02 00:00","2018","05","02","00:00","1.0","","0.7","","98","","0.0","","23","","4","","","","100.91","","","","","","NA"
"-65.01","46.79","KOUCHIBOUGUAC","8102326","2018-05-02 01:00","2018","05","02","01:00","2.1","","1.9","","99","","0.0","","22","","6","","","","100.88","","","","","","NA"
"-65.01","46.79","KOUCHIBOUGUAC","8102326","2018-05-02 02:00","2018","05","02","02:00","-0.1","","-0.4","","98","","0.0","","19","","2","","","","100.81","","","","-1","","NA"
"-65.01","46.79","KOUCHIBOUGUAC","8102326","2018-05-02 03:00","2018","05","02","03:00","0.0","","-0.2","","98","","0.0","","21","","4","","","","100.80","","","","-1","","NA"
"-65.01","46.79","KOUCHIBOUGUAC","8102326","2018-05-02 04:00","2018","05","02","04:00","2.5","","2.2","","98","","0.0","","22","","6","","","","100.73","","","","","","NA"
"-65.01","46.79","KOUCHIBOUGUAC","8102326","2018-05-02 05:00","2018","05","02","05:00","3.2","","2.6","","96","","0.0","","21","","4","","","","100.69","","","","","","NA"
"-65.01","46.79","KOUCHIBOUGUAC","8102326","2018-05-02 06:00","2018","05","02","06:00","5.3","","4.1","","92","","0.0","","20","","6","","","","100.67","","","","","","NA"
"-65.01","46.79","KOUCHIBOUGUAC","8102326","2018-05-02 07:00","2018","05","02","07:00","6.8","","4.6","","86","","0.0","","21","","7","","","","100.62","","","","","","NA"
"-65.01","46.79","KOUCHIBOUGUAC","8102326","2018-05-02 08:00","2018","05","02","08:00","8.1","","5.0","","81","","0.0","","21","","9","","","","100.60","","","","","","NA"
"-65.01","46.79","KOUCHIBOUGUAC","8102326","2018-05-02 09:00","2018","05","02","09:00","12.0","","6.2","","68","","0.0","","21","","10","","","","100.49","","","","","","NA"
"-65.01","46.79","KOUCHIBOUGUAC","8102326","2018-05-02 10:00","2018","05","02","10:00","13.6","","7.5","","67","","0.0","","21","","8","","","","100.39","","","","","","NA"
"-65.01","46.79","KOUCHIBOUGUAC","8102326","2018-05-02 11:00","2018","05","02","11:00","17.6","","7.6","","52","","0.0","","22","","14","","","","100.35","","","","","","NA"
"-65.01","46.79","KOUCHIBOUGUAC","8102326","2018-05-02 12:00","2018","05","02","12:00","19.3","","7.5","","47","","0.0","","23","","9","","","","100.28","","","","","","NA"
"-65.01","46.79","KOUCHIBOUGUAC","8102326","2018-05-02 13:00","2018","05","02","13:00","22.0","","8.8","","43","","0.0","","25","","11","","","","100.17","","","","","","NA"
"-65.01","46.79","KOUCHIBOUGUAC","8102326","2018-05-02 14:00","2018","05","02","14:00","23.1","","9.0","","41","","0.0","","23","","14","","","","100.11","","","","","","NA"
"-65.01","46.79","KOUCHIBOUGUAC","8102326","2018-05-02 15:00","2018","05","02","15:00","23.6","","9.5","","41","","0.0","","24","","10","","","","100.05","","25","","","","NA"
"-65.01","46.79","KOUCHIBOUGUAC","8102326","2018-05-02 16:00","2018","05","02","16:00","24.6","","9.6","","39","","0.0","","25","","10","","","","100.05","","26","","","","NA"
"-65.01","46.79","KOUCHIBOUGUAC","8102326","2018-05-02 17:00","2018","05","02","17:00","26.4","","10.0","","36","","0.0","","26","","10","","","","100.04","","28","","","","NA"
"-65.01","46.79","KOUCHIBOUGUAC","8102326","2018-05-02 18:00","2018","05","02","18:00","25.1","","9.8","","38","","0.0","","28","","7","","","","100.04","","26","","","","NA"
"-65.01","46.79","KOUCHIBOUGUAC","8102326","2018-05-02 19:00","2018","05","02","19:00","15.0","","9.9","","72","","0.0","","","","0","","","","100.07","","","","","","NA"
"-65.01","46.79","KOUCHIBOUGUAC","8102326","2018-05-02 20:00","2018","05","02","20:00","20.2","","12.5","","61","","0.0","","26","","5","","","","100.13","","","","","","NA"
"-65.01","46.79","KOUCHIBOUGUAC","8102326","2018-05-02 21:00","2018","05","02","21:00","10.1","","8.1","","87","","2.6","","5","","16","","","","100.50","","","","","","NA"
"-65.01","46.79","KOUCHIBOUGUAC","8102326","2018-05-02 22:00","2018","05","02","22:00","7.2","","6.2","","93","","1.6","","4","","10","","","","100.64","","","","","","NA"
"-65.01","46.79","KOUCHIBOUGUAC","8102326","2018-05-02 23:00","2018","05","02","23:00","6.4","","5.6","","95","","0.9","","7","","7","","","","100.62","","","","","","NA"
"-65.01","46.79","KOUCHIBOUGUAC","8102326","2018-05-03 00:00","2018","05","03","00:00","5.5","","4.7","","95","","0.3","","5","","8","","","","100.69","","","","","","NA"
"-65.01","46.79","KOUCHIBOUGUAC","8102326","2018-05-03 01:00","2018","05","03","01:00","5.2","","4.6","","96","","0.4","","2","","8","","","","100.81","","","","","","NA"
"-65.01","46.79","KOUCHIBOUGUAC","8102326","2018-05-03 02:00","2018","05","03","02:00","4.8","","4.2","","96","","0.2","","3","","7","","","","100.84","","","","","","NA"
"-65.01","46.79","KOUCHIBOUGUAC","8102326","2018-05-03 03:00","2018","05","03","03:00","4.2","","3.7","","96","","0.3","","2","","10","","","","100.92","","","","","","NA"
"-65.01","46.79","KOUCHIBOUGUAC","8102326","2018-05-03 04:00","2018","05","03","04:00","3.6","","2.9","","95","","0.8","","3","","9","","","","100.99","","","","","","NA"
"-65.01","46.79","KOUCHIBOUGUAC","8102326","2018-05-03 05:00","2018","05","03","05:00","3.4","","2.5","","94","","0.0","","3","","7","","","","101.10","","","","","","NA"
"-65.01","46.79","KOUCHIBOUGUAC","8102326","2018-05-03 06:00","2018","05","03","06:00","3.2","","2.3","","94","","0.0","","3","","8","","","","101.15","","","","","","NA"
"-65.01","46.79","KOUCHIBOUGUAC","8102326","2018-05-03 07:00","2018","05","03","07:00","3.2","","2.0","","92","","0.0","","4","","9","","","","101.25","","","","","","NA"
"-65.01","46.79","KOUCHIBOUGUAC","8102326","2018-05-03 08:00","2018","05","03","08:00","2.9","","1.7","","92","","0.0","","1","","12","","","","101.45","","","","","","NA"
"-65.01","46.79","KOUCHIBOUGUAC","8102326","2018-05-03 09:00","2018","05","03","09:00","2.6","","0.6","","87","","0.0","","4","","9","","","","101.50","","","","","","NA"
"-65.01","46.79","KOUCHIBOUGUAC","8102326","2018-05-03 10:00","2018","05","03","10:00","3.1","","0.6","","84","","0.0","","4","","9","","","","101.59","","","","","","NA"
"-65.01","46.79","KOUCHIBOUGUAC","8102326","2018-05-03 11:00","2018","05","03","11:00","3.3","","0.4","","81","","0.0","","5","","11","","","","101.59","","","","","","NA"
"-65.01","46.79","KOUCHIBOUGUAC","8102326","2018-05-03 12:00","2018","05","03","12:00","4.1","","1.8","","85","","0.0","","6","","7","","","","101.62","","","","","","NA"
"-65.01","46.79","KOUCHIBOUGUAC","8102326","2018-05-03 13:00","2018","05","03","13:00","4.5","","0.9","","77","","0.0","","7","","9","","","","101.59","","","","","","NA"
"-65.01","46.79","KOUCHIBOUGUAC","8102326","2018-05-03 14:00","2018","05","03","14:00","4.9","","1.3","","78","","0.0","","5","","8","","","","101.59","","","","","","NA"
"-65.01","46.79","KOUCHIBOUGUAC","8102326","2018-05-03 15:00","2018","05","03","15:00","4.6","","0.1","","73","","0.0","","6","","9","","","","101.57","","","","","","NA"
"-65.01","46.79","KOUCHIBOUGUAC","8102326","2018-05-03 16:00","2018","05","03","16:00","3.6","","-0.1","","77","","0.0","","6","","8","","","","101.59","","","","","","NA"
"-65.01","46.79","KOUCHIBOUGUAC","8102326","2018-05-03 17:00","2018","05","03","17:00","3.2","","-0.1","","79","","0.0","","7","","7","","","","101.58","","","","","","NA"
"-65.01","46.79","KOUCHIBOUGUAC","8102326","2018-05-03 18:00","2018","05","03","18:00","2.9","","0.3","","83","","0.0","","7","","6","","","","101.56","","","","","","NA"
"-65.01","46.79","KOUCHIBOUGUAC","8102326","2018-05-03 19:00","2018","05","03","19:00","2.9","","0.7","","85","","0.0","","12","","4","","","","101.48","","","","","","NA"
"-65.01","46.79","KOUCHIBOUGUAC","8102326","2018-05-03 20:00","2018","05","03","20:00","2.7","","0.2","","83","","0.0","","12","","7","","","","101.39","","","","","","NA"
"-65.01","46.79","KOUCHIBOUGUAC","8102326","2018-05-03 21:00","2018","05","03","21:00","2.4","","0.3","","86","","0.0","","12","","6","","","","101.30","","","","","","NA"
"-65.01","46.79","KOUCHIBOUGUAC","8102326","2018-05-03 22:00","2018","05","03","22:00","2.2","","0.9","","91","","0.1","","14","","3","","","","101.30","","","","","","NA"
"-65.01","46.79","KOUCHIBOUGUAC","8102326","2018-05-03 23:00","2018","05","03","23:00","2.0","","1.5","","96","","0.7","","6","","1","","","","101.27","","","","","","NA"
"-65.01","46.79","KOUCHIBOUGUAC","8102326","2018-05-04 00:00","2018","05","04","00:00","2.0","","1.6","","97","","1.2","","10","","2","","","","101.16","","","","","","NA"
"-65.01","46.79","KOUCHIBOUGUAC","8102326","2018-05-04 01:00","2018","05","04","01:00","2.2","","1.8","","97","","2.5","","9","","3","","","","101.12","","","","","","NA"
"-65.01","46.79","KOUCHIBOUGUAC","8102326","2018-05-04 02:00","2018","05","04","02:00","2.4","","2.1","","98","","0.9","","36","","5","","","","101.11","","","","","","NA"
"-65.01","46.79","KOUCHIBOUGUAC","8102326","2018-05-04 03:00","2018","05","04","03:00","2.2","","1.9","","98","","1.3","","2","","6","","","","101.05","","","","","","NA"
"-65.01","46.79","KOUCHIBOUGUAC","8102326","2018-05-04 04:00","2018","05","04","04:00","1.9","","1.6","","98","","0.1","","35","","6","","","","101.07","","","","","","NA"
"-65.01","46.79","KOUCHIBOUGUAC","8102326","2018-05-04 05:00","2018","05","04","05:00","1.9","","1.6","","98","","0.2","","35","","4","","","","101.06","","","","","","NA"
"-65.01","46.79","KOUCHIBOUGUAC","8102326","2018-05-04 06:00","2018","05","04","06:00","2.1","","1.8","","98","","0.1","","34","","5","","","","101.10","","","","","","NA"
"-65.01","46.79","KOUCHIBOUGUAC","8102326","2018-05-04 07:00","2018","05","04","07:00","2.9","","2.5","","97","","0.0","","1","","4","","","","101.10","","","","","","NA"
"-65.01","46.79","KOUCHIBOUGUAC","8102326","2018-05-04 08:00","2018","05","04","08:00","3.9","","3.1","","95","","0.0","","32","","4","","","","101.13","","","","","","NA"
"-65.01","46.79","KOUCHIBOUGUAC","8102326","2018-05-04 09:00","2018","05","04","09:00","4.7","","3.8","","94","","0.0","","30","","6","","","","101.17","","","","","","NA"
"-65.01","46.79","KOUCHIBOUGUAC","8102326","2018-05-04 10:00","2018","05","04","10:00","5.7","","4.0","","88","","0.0","","31","","5","","","","101.14","","","","","","NA"
"-65.01","46.79","KOUCHIBOUGUAC","8102326","2018-05-04 11:00","2018","05","04","11:00","7.0","","4.5","","84","","0.0","","36","","7","","","","101.12","","","","","","NA"
"-65.01","46.79","KOUCHIBOUGUAC","8102326","2018-05-04 12:00","2018","05","04","12:00","8.2","","5.0","","80","","0.0","","29","","5","","","","101.18","","","","","","NA"
"-65.01","46.79","KOUCHIBOUGUAC","8102326","2018-05-04 13:00","2018","05","04","13:00","9.2","","5.8","","79","","0.0","","9","","4","","","","101.12","","","","","","NA"
"-65.01","46.79","KOUCHIBOUGUAC","8102326","2018-05-04 14:00","2018","05","04","14:00","8.7","","5.2","","79","","0.0","","9","","6","","","","101.15","","","","","","NA"
"-65.01","46.79","KOUCHIBOUGUAC","8102326","2018-05-04 15:00","2018","05","04","15:00","11.0","","6.0","","71","","0.0","","8","","5","","","","101.07","","","","","","NA"
"-65.01","46.79","KOUCHIBOUGUAC","8102326","2018-05-04 16:00","2018","05","04","16:00","9.7","","5.7","","76","","0.0","","13","","7","","","","101.05","","","","","","NA"
"-65.01","46.79","KOUCHIBOUGUAC","8102326","2018-05-04 17:00","2018","05","04","17:00","8.3","","5.1","","80","","0.0","","11","","5","","","","100.98","","","","","","NA"
"-65.01","46.79","KOUCHIBOUGUAC","8102326","2018-05-04 18:00","2018","05","04","18:00","7.5","","4.6","","82","","0.0","","8","","5","","","","100.98","","","","","","NA"
"-65.01","46.79","KOUCHIBOUGUAC","8102326","2018-05-04 19:00","2018","05","04","19:00","6.4","","4.3","","86","","0.0","","9","","5","","","","100.95","","","","","","NA"
"-65.01","46.79","KOUCHIBOUGUAC","8102326","2018-05-04 20:00","2018","05","04","20:00","5.5","","3.7","","88","","0.0","","10","","5","","","","100.87","","","","","","NA"
"-65.01","46.79","KOUCHIBOUGUAC","8102326","2018-05-04 21:00","2018","05","04","21:00","5.5","","4.4","","93","","0.0","","14","","8","","","","100.73","","","","","","NA"
"-65.01","46.79","KOUCHIBOUGUAC","8102326","2018-05-04 22:00","2018","05","04","22:00","5.5","","4.4","","92","","0.0","","14","","7","","","","100.64","","","","","","NA"
"-65.01","46.79","KOUCHIBOUGUAC","8102326","2018-05-04 23:00","2018","05","04","23:00","4.8","","4.3","","97","","0.8","","13","","8","","","","100.43","","","","","","NA"
"-65.01","46.79","KOUCHIBOUGUAC","8102326","2018-05-05 00:00","2018","05","05","00:00","4.5","","4.2","","97","","2.1","","10","","7","","","","100.21","","","","","","NA"
"-65.01","46.79","KOUCHIBOUGUAC","8102326","2018-05-05 01:00","2018","05","05","01:00","4.9","","4.5","","98","","18.6","","6","","6","","","","100.20","","","","","","NA"
"-65.01","46.79","KOUCHIBOUGUAC","8102326","2018-05-05 02:00","2018","05","05","02:00","5.0","","4.7","","98","","9.9","","9","","9","","","","99.73","","","","","","NA"
"-65.01","46.79","KOUCHIBOUGUAC","8102326","2018-05-05 03:00","2018","05","05","03:00","6.2","","5.8","","97","","0.5","","13","","8","","","","99.35","","","","","","NA"
"-65.01","46.79","KOUCHIBOUGUAC","8102326","2018-05-05 04:00","2018","05","05","04:00","6.4","","5.6","","95","","0.0","","16","","10","","","","99.32","","","","","","NA"
"-65.01","46.79","KOUCHIBOUGUAC","8102326","2018-05-05 05:00","2018","05","05","05:00","5.8","","5.4","","97","","0.0","","16","","6","","","","99.11","","","","","","NA"
"-65.01","46.79","KOUCHIBOUGUAC","8102326","2018-05-05 06:00","2018","05","05","06:00","6.1","","5.7","","98","","0.0","","19","","4","","","","99.04","","","","","","NA"
"-65.01","46.79","KOUCHIBOUGUAC","8102326","2018-05-05 07:00","2018","05","05","07:00","8.7","","8.4","","98","","0.0","","22","","12","","","","99.00","","","","","","NA"
"-65.01","46.79","KOUCHIBOUGUAC","8102326","2018-05-05 08:00","2018","05","05","08:00","11.5","","9.5","","88","","0.0","","23","","17","","","","99.03","","","","","","NA"
"-65.01","46.79","KOUCHIBOUGUAC","8102326","2018-05-05 09:00","2018","05","05","09:00","10.5","","6.0","","73","","0.0","","26","","29","","","","99.27","","","","","","NA"
"-65.01","46.79","KOUCHIBOUGUAC","8102326","2018-05-05 10:00","2018","05","05","10:00","10.8","","3.0","","58","","0.0","","28","","29","","","","99.53","","","","","","NA"
"-65.01","46.79","KOUCHIBOUGUAC","8102326","2018-05-05 11:00","2018","05","05","11:00","12.2","","2.8","","53","","0.0","","28","","23","","","","99.73","","","","","","NA"
"-65.01","46.79","KOUCHIBOUGUAC","8102326","2018-05-05 12:00","2018","05","05","12:00","13.8","","2.2","","45","","0.0","","29","","24","","","","99.87","","","","","","NA"
"-65.01","46.79","KOUCHIBOUGUAC","8102326","2018-05-05 13:00","2018","05","05","13:00","15.1","","2.3","","42","","0.0","","29","","23","","","","99.98","","","","","","NA"
"-65.01","46.79","KOUCHIBOUGUAC","8102326","2018-05-05 14:00","2018","05","05","14:00","16.5","","0.8","","35","","0.0","","29","","23","","","","100.11","","","","","","NA"
"-65.01","46.79","KOUCHIBOUGUAC","8102326","2018-05-05 15:00","2018","05","05","15:00","17.6","","1.0","","33","","0.0","","28","","23","","","","100.21","","","","","","NA"
"-65.01","46.79","KOUCHIBOUGUAC","8102326","2018-05-05 16:00","2018","05","05","16:00","18.0","","1.4","","33","","0.0","","27","","18","","","","100.29","","","","","","NA"
"-65.01","46.79","KOUCHIBOUGUAC","8102326","2018-05-05 17:00","2018","05","05","17:00","17.8","","1.3","","33","","0.0","","28","","15","","","","100.44","","","","","","NA"
"-65.01","46.79","KOUCHIBOUGUAC","8102326","2018-05-05 18:00","2018","05","05","18:00","17.3","","1.4","","34","","0.0","","27","","17","","","","100.58","","","","","","NA"
"-65.01","46.79","KOUCHIBOUGUAC","8102326","2018-05-05 19:00","2018","05","05","19:00","16.3","","1.8","","38","","0.0","","27","","10","","","","100.68","","","","","","NA"
"-65.01","46.79","KOUCHIBOUGUAC","8102326","2018-05-05 20:00","2018","05","05","20:00","14.7","","2.3","","43","","0.0","","26","","9","","","","100.81","","","","","","NA"
"-65.01","46.79","KOUCHIBOUGUAC","8102326","2018-05-05 21:00","2018","05","05","21:00","13.1","","2.9","","50","","0.0","","25","","6","","","","100.96","","","","","","NA"
"-65.01","46.79","KOUCHIBOUGUAC","8102326","2018-05-05 22:00","2018","05","05","22:00","12.3","","2.7","","52","","0.0","","26","","8","","","","101.04","","","","","","NA"
"-65.01","46.79","KOUCHIBOUGUAC","8102326","2018-05-05 23:00","2018","05","05","23:00","11.4","","2.6","","55","","0.0","","27","","6","","","","101.08","","","","","","NA"
"-65.01","46.79","KOUCHIBOUGUAC","8102326","2018-05-06 00:00","2018","05","06","00:00","10.7","","2.9","","59","","0.0","","25","","6","","","","101.13","","","","","","NA"
"-65.01","46.79","KOUCHIBOUGUAC","8102326","2018-05-06 01:00","2018","05","06","01:00","8.2","","2.6","","68","","0.0","","23","","5","","","","101.18","","","","","","NA"
"-65.01","46.79","KOUCHIBOUGUAC","8102326","2018-05-06 02:00","2018","05","06","02:00","8.1","","2.8","","69","","0.0","","23","","7","","","","101.22","","","","","","NA"
"-65.01","46.79","KOUCHIBOUGUAC","8102326","2018-05-06 03:00","2018","05","06","03:00","5.6","","2.2","","79","","0.0","","21","","4","","","","101.27","","","","","","NA"
"-65.01","46.79","KOUCHIBOUGUAC","8102326","2018-05-06 04:00","2018","05","06","04:00","4.2","","1.9","","85","","0.0","","22","","4","","","","101.28","","","","","","NA"
"-65.01","46.79","KOUCHIBOUGUAC","8102326","2018-05-06 05:00","2018","05","06","05:00","4.2","","2.8","","90","","0.0","","22","","2","","","","101.34","","","","","","NA"
"-65.01","46.79","KOUCHIBOUGUAC","8102326","2018-05-06 06:00","2018","05","06","06:00","5.2","","3.8","","91","","0.0","","18","","2","","","","101.37","","","","","","NA"
"-65.01","46.79","KOUCHIBOUGUAC","8102326","2018-05-06 07:00","2018","05","06","07:00","6.7","","4.8","","88","","0.0","","","","0","","","","101.36","","","","","","NA"
"-65.01","46.79","KOUCHIBOUGUAC","8102326","2018-05-06 08:00","2018","05","06","08:00","10.4","","5.6","","72","","0.0","","25","","2","","","","101.43","","","","","","NA"
"-65.01","46.79","KOUCHIBOUGUAC","8102326","2018-05-06 09:00","2018","05","06","09:00","11.7","","5.7","","67","","0.0","","36","","5","","","","101.38","","","","","","NA"
"-65.01","46.79","KOUCHIBOUGUAC","8102326","2018-05-06 10:00","2018","05","06","10:00","14.8","","5.5","","54","","0.0","","1","","9","","","","101.36","","","","","","NA"
"-65.01","46.79","KOUCHIBOUGUAC","8102326","2018-05-06 11:00","2018","05","06","11:00","14.2","","4.5","","52","","0.0","","10","","8","","","","101.37","","","","","","NA"
"-65.01","46.79","KOUCHIBOUGUAC","8102326","2018-05-06 12:00","2018","05","06","12:00","14.5","","3.5","","47","","0.0","","7","","8","","","","101.35","","","","","","NA"
"-65.01","46.79","KOUCHIBOUGUAC","8102326","2018-05-06 13:00","2018","05","06","13:00","14.6","","3.1","","46","","0.0","","9","","7","","","","101.35","","","","","","NA"
"-65.01","46.79","KOUCHIBOUGUAC","8102326","2018-05-06 14:00","2018","05","06","14:00","16.0","","4.0","","45","","0.0","","11","","9","","","","101.29","","","","","","NA"
"-65.01","46.79","KOUCHIBOUGUAC","8102326","2018-05-06 15:00","2018","05","06","15:00","14.5","","2.8","","45","","0.0","","8","","9","","","","101.26","","","","","","NA"
"-65.01","46.79","KOUCHIBOUGUAC","8102326","2018-05-06 16:00","2018","05","06","16:00","13.1","","2.7","","49","","0.0","","6","","9","","","","101.25","","","","","","NA"
"-65.01","46.79","KOUCHIBOUGUAC","8102326","2018-05-06 17:00","2018","05","06","17:00","12.8","","2.4","","49","","0.0","","7","","6","","","","101.27","","","","","","NA"
"-65.01","46.79","KOUCHIBOUGUAC","8102326","2018-05-06 18:00","2018","05","06","18:00","10.8","","2.7","","57","","0.0","","2","","8","","","","101.29","","","","","","NA"
"-65.01","46.79","KOUCHIBOUGUAC","8102326","2018-05-06 19:00","2018","05","06","19:00","10.2","","3.1","","62","","0.0","","9","","6","","","","101.29","","","","","","NA"
"-65.01","46.79","KOUCHIBOUGUAC","8102326","2018-05-06 20:00","2018","05","06","20:00","9.0","","3.8","","70","","0.0","","5","","4","","","","101.26","","","","","","NA"
"-65.01","46.79","KOUCHIBOUGUAC","8102326","2018-05-06 21:00","2018","05","06","21:00","7.3","","6.0","","92","","1.0","","6","","3","","","","101.36","","","","","","NA"
"-65.01","46.79","KOUCHIBOUGUAC","8102326","2018-05-06 22:00","2018","05","06","22:00","6.6","","5.3","","92","","0.6","","4","","4","","","","101.31","","","","","","NA"
"-65.01","46.79","KOUCHIBOUGUAC","8102326","2018-05-06 23:00","2018","05","06","23:00","5.4","","4.7","","95","","1.5","","3","","7","","","","101.32","","","","","","NA"
"-65.01","46.79","KOUCHIBOUGUAC","8102326","2018-05-07 00:00","2018","05","07","00:00","4.7","","4.2","","96","","1.6","","5","","7","","","","101.23","","","","","","NA"
"-65.01","46.79","KOUCHIBOUGUAC","8102326","2018-05-07 01:00","2018","05","07","01:00","3.9","","3.3","","96","","0.8","","1","","11","","","","101.30","","","","","","NA"
"-65.01","46.79","KOUCHIBOUGUAC","8102326","2018-05-07 02:00","2018","05","07","02:00","3.4","","2.5","","94","","0.9","","4","","11","","","","101.24","","","","","","NA"
"-65.01","46.79","KOUCHIBOUGUAC","8102326","2018-05-07 03:00","2018","05","07","03:00","3.3","","2.4","","94","","0.3","","5","","8","","","","101.23","","","","","","NA"
"-65.01","46.79","KOUCHIBOUGUAC","8102326","2018-05-07 04:00","2018","05","07","04:00","3.0","","2.1","","94","","0.5","","4","","5","","","","101.25","","","","","","NA"
"-65.01","46.79","KOUCHIBOUGUAC","8102326","2018-05-07 05:00","2018","05","07","05:00","3.2","","2.5","","95","","0.0","","36","","3","","","","101.29","","","","","","NA"
"-65.01","46.79","KOUCHIBOUGUAC","8102326","2018-05-07 06:00","2018","05","07","06:00","3.4","","2.8","","96","","0.0","","26","","1","","","","101.34","","","","","","NA"
"-65.01","46.79","KOUCHIBOUGUAC","8102326","2018-05-07 07:00","2018","05","07","07:00","3.9","","3.1","","95","","0.0","","19","","2","","","","101.38","","","","","","NA"
"-65.01","46.79","KOUCHIBOUGUAC","8102326","2018-05-07 08:00","2018","05","07","08:00","6.0","","4.1","","87","","0.0","","33","","7","","","","101.45","","","","","","NA"
"-65.01","46.79","KOUCHIBOUGUAC","8102326","2018-05-07 09:00","2018","05","07","09:00","7.2","","3.1","","75","","0.0","","32","","10","","","","101.50","","","","","","NA"
"-65.01","46.79","KOUCHIBOUGUAC","8102326","2018-05-07 10:00","2018","05","07","10:00","9.2","","1.8","","60","","0.0","","29","","8","","","","101.48","","","","","","NA"
"-65.01","46.79","KOUCHIBOUGUAC","8102326","2018-05-07 11:00","2018","05","07","11:00","11.2","","1.4","","51","","0.0","","30","","11","","","","101.52","","","","","","NA"
"-65.01","46.79","KOUCHIBOUGUAC","8102326","2018-05-07 12:00","2018","05","07","12:00","12.6","","-2.1","","36","","0.0","","29","","10","","","","101.53","","","","","","NA"
"-65.01","46.79","KOUCHIBOUGUAC","8102326","2018-05-07 13:00","2018","05","07","13:00","13.1","","-4.6","","29","","0.0","","32","","13","","","","101.50","","","","","","NA"
"-65.01","46.79","KOUCHIBOUGUAC","8102326","2018-05-07 14:00","2018","05","07","14:00","13.6","","-7.4","","23","","0.0","","32","","12","","","","101.54","","","","","","NA"
"-65.01","46.79","KOUCHIBOUGUAC","8102326","2018-05-07 15:00","2018","05","07","15:00","11.7","","-2.5","","37","","0.0","","8","","11","","","","101.59","","","","","","NA"
"-65.01","46.79","KOUCHIBOUGUAC","8102326","2018-05-07 16:00","2018","05","07","16:00","10.9","","-2.4","","39","","0.0","","8","","9","","","","101.66","","","","","","NA"
"-65.01","46.79","KOUCHIBOUGUAC","8102326","2018-05-07 17:00","2018","05","07","17:00","10.6","","-3.2","","38","","0.0","","8","","8","","","","101.74","","","","","","NA"
"-65.01","46.79","KOUCHIBOUGUAC","8102326","2018-05-07 18:00","2018","05","07","18:00","8.8","","-3.1","","43","","0.0","","11","","8","","","","101.82","","","","","","NA"
"-65.01","46.79","KOUCHIBOUGUAC","8102326","2018-05-07 19:00","2018","05","07","19:00","7.7","","-3.6","","44","","0.0","","11","","5","","","","101.93","","","","","","NA"
"-65.01","46.79","KOUCHIBOUGUAC","8102326","2018-05-07 20:00","2018","05","07","20:00","3.2","","-2.4","","67","","0.0","","","","0","","","","101.99","","","","","","NA"
"-65.01","46.79","KOUCHIBOUGUAC","8102326","2018-05-07 21:00","2018","05","07","21:00","2.0","","-1.9","","75","","0.0","","13","","4","","","","102.07","","","","","","NA"
"-65.01","46.79","KOUCHIBOUGUAC","8102326","2018-05-07 22:00","2018","05","07","22:00","0.3","","-1.8","","86","","0.0","","","","0","","","","102.13","","","","","","NA"
"-65.01","46.79","KOUCHIBOUGUAC","8102326","2018-05-07 23:00","2018","05","07","23:00","-0.8","","-2.2","","91","","0.0","","16","","2","","","","102.13","","","","-1","","NA"
"-65.01","46.79","KOUCHIBOUGUAC","8102326","2018-05-08 00:00","2018","05","08","00:00","-1.7","","-2.6","","94","","0.0","","17","","2","","","","102.15","","","","-2","","NA"
"-65.01","46.79","KOUCHIBOUGUAC","8102326","2018-05-08 01:00","2018","05","08","01:00","-2.3","","-3.1","","95","","0.0","","17","","2","","","","102.17","","","","-3","","NA"
"-65.01","46.79","KOUCHIBOUGUAC","8102326","2018-05-08 02:00","2018","05","08","02:00","-2.5","","-3.0","","96","","0.0","","17","","2","","","","102.18","","","","-3","","NA"
"-65.01","46.79","KOUCHIBOUGUAC","8102326","2018-05-08 03:00","2018","05","08","03:00","-2.7","","-3.3","","96","","0.0","","0","","1","","","","102.18","","","","-3","","NA"
"-65.01","46.79","KOUCHIBOUGUAC","8102326","2018-05-08 04:00","2018","05","08","04:00","-3.1","","-3.7","","96","","0.0","","17","","2","","","","102.15","","","","-4","","NA"
"-65.01","46.79","KOUCHIBOUGUAC","8102326","2018-05-08 05:00","2018","05","08","05:00","-3.3","","-3.9","","96","","0.0","","17","","2","","","","102.14","","","","-4","","NA"
"-65.01","46.79","KOUCHIBOUGUAC","8102326","2018-05-08 06:00","2018","05","08","06:00","-2.0","","-2.6","","96","","0.0","","19","","2","","","","102.15","","","","-3","","NA"
"-65.01","46.79","KOUCHIBOUGUAC","8102326","2018-05-08 07:00","2018","05","08","07:00","4.9","","0.3","","72","","0.0","","20","","6","","","","102.15","","","","","","NA"
"-65.01","46.79","KOUCHIBOUGUAC","8102326","2018-05-08 08:00","2018","05","08","08:00","9.8","","2.7","","61","","0.0","","20","","13","","","","102.08","","","","","","NA"
"-65.01","46.79","KOUCHIBOUGUAC","8102326","2018-05-08 09:00","2018","05","08","09:00","13.1","","4.5","","56","","0.0","","20","","16","","","","102.04","","","","","","NA"
"-65.01","46.79","KOUCHIBOUGUAC","8102326","2018-05-08 10:00","2018","05","08","10:00","15.0","","3.8","","47","","0.0","","21","","19","","","","101.99","","","","","","NA"
"-65.01","46.79","KOUCHIBOUGUAC","8102326","2018-05-08 11:00","2018","05","08","11:00","17.0","","2.9","","39","","0.0","","21","","19","","","","101.92","","","","","","NA"
"-65.01","46.79","KOUCHIBOUGUAC","8102326","2018-05-08 12:00","2018","05","08","12:00"
"-65.01","46.79","KOUCHIBOUGUAC","8102326","2018-05-08 13:00","2018","05","08","13:00"
"-65.01","46.79","KOUCHIBOUGUAC","8102326","2018-05-08 14:00","2018","05","08","14:00","19.5","","4.0","","36","","0.0","","22","","22","","","","101.69","","","","","","NA"
"-65.01","46.79","KOUCHIBOUGUAC","8102326","2018-05-08 15:00","2018","05","08","15:00","20.1","","3.6","","34","","0.0","","21","","22","","","","101.57","","","","","","NA"
"-65.01","46.79","KOUCHIBOUGUAC","8102326","2018-05-08 16:00","2018","05","08","16:00","20.7","","4.0","","33","","0.0","","21","","20","","","","101.52","","","","","","NA"
"-65.01","46.79","KOUCHIBOUGUAC","8102326","2018-05-08 17:00","2018","05","08","17:00","20.7","","4.7","","35","","0.0","","22","","15","","","","101.52","","","","","","NA"
"-65.01","46.79","KOUCHIBOUGUAC","8102326","2018-05-08 18:00","2018","05","08","18:00","19.5","","4.2","","36","","0.1","","21","","19","","","","101.50","","","","","","NA"
"-65.01","46.79","KOUCHIBOUGUAC","8102326","2018-05-08 19:00","2018","05","08","19:00","17.7","","4.0","","40","","0.0","","20","","14","","","","101.56","","","","","","NA"
"-65.01","46.79","KOUCHIBOUGUAC","8102326","2018-05-08 20:00","2018","05","08","20:00","15.2","","3.5","","45","","0.0","","21","","15","","","","101.59","","","","","","NA"
"-65.01","46.79","KOUCHIBOUGUAC","8102326","2018-05-08 21:00","2018","05","08","21:00","13.9","","2.9","","47","","0.0","","20","","16","","","","101.64","","","","","","NA"
"-65.01","46.79","KOUCHIBOUGUAC","8102326","2018-05-08 22:00","2018","05","08","22:00","12.9","","2.8","","50","","0.0","","21","","14","","","","101.69","","","","","","NA"
"-65.01","46.79","KOUCHIBOUGUAC","8102326","2018-05-08 23:00","2018","05","08","23:00","12.2","","3.2","","54","","0.0","","22","","13","","","","101.72","","","","","","NA"
"-65.01","46.79","KOUCHIBOUGUAC","8102326","2018-05-09 00:00","2018","05","09","00:00","10.6","","3.4","","61","","0.0","","23","","6","","","","101.86","","","","","","NA"
"-65.01","46.79","KOUCHIBOUGUAC","8102326","2018-05-09 01:00","2018","05","09","01:00","9.0","","3.4","","68","","0.0","","22","","4","","","","101.85","","","","","","NA"
"-65.01","46.79","KOUCHIBOUGUAC","8102326","2018-05-09 02:00","2018","05","09","02:00","7.8","","3.6","","75","","0.0","","21","","4","","","","101.84","","","","","","NA"
"-65.01","46.79","KOUCHIBOUGUAC","8102326","2018-05-09 03:00","2018","05","09","03:00","6.5","","3.4","","80","","0.0","","20","","4","","","","101.87","","","","","","NA"
"-65.01","46.79","KOUCHIBOUGUAC","8102326","2018-05-09 04:00","2018","05","09","04:00","4.0","","2.6","","91","","0.0","","22","","2","","","","101.90","","","","","","NA"
"-65.01","46.79","KOUCHIBOUGUAC","8102326","2018-05-09 05:00","2018","05","09","05:00","3.8","","3.0","","95","","0.0","","23","","4","","","","101.97","","","","","","NA"
"-65.01","46.79","KOUCHIBOUGUAC","8102326","2018-05-09 06:00","2018","05","09","06:00","4.5","","3.6","","94","","0.0","","27","","2","","","","102.06","","","","","","NA"
"-65.01","46.79","KOUCHIBOUGUAC","8102326","2018-05-09 07:00","2018","05","09","07:00","9.7","","1.5","","56","","0.0","","35","","9","","","","102.16","","","","","","NA"
"-65.01","46.79","KOUCHIBOUGUAC","8102326","2018-05-09 08:00","2018","05","09","08:00","11.8","","-1.6","","39","","0.3","","1","","15","","","","102.23","","","","","","NA"
"-65.01","46.79","KOUCHIBOUGUAC","8102326","2018-05-09 09:00","2018","05","09","09:00","11.2","","-0.3","","45","","0.0","","3","","11","","","","102.33","","","","","","NA"
"-65.01","46.79","KOUCHIBOUGUAC","8102326","2018-05-09 10:00","2018","05","09","10:00","11.6","","-2.6","","37","","0.0","","6","","10","","","","102.36","","","","","","NA"
"-65.01","46.79","KOUCHIBOUGUAC","8102326","2018-05-09 11:00","2018","05","09","11:00","11.1","","-3.7","","35","","0.0","","4","","13","","","","102.38","","","","","","NA"
"-65.01","46.79","KOUCHIBOUGUAC","8102326","2018-05-09 12:00","2018","05","09","12:00","11.5","","-3.6","","35","","0.0","","7","","11","","","","102.39","","","","","","NA"
"-65.01","46.79","KOUCHIBOUGUAC","8102326","2018-05-09 13:00","2018","05","09","13:00","11.7","","-2.3","","38","","0.0","","8","","10","","","","102.39","","","","","","NA"
"-65.01","46.79","KOUCHIBOUGUAC","8102326","2018-05-09 14:00","2018","05","09","14:00","12.3","","-0.3","","42","","0.0","","12","","10","","","","102.37","","","","","","NA"
"-65.01","46.79","KOUCHIBOUGUAC","8102326","2018-05-09 15:00","2018","05","09","15:00","12.7","","0.1","","42","","0.0","","9","","10","","","","102.35","","","","","","NA"
"-65.01","46.79","KOUCHIBOUGUAC","8102326","2018-05-09 16:00","2018","05","09","16:00","12.8","","-2.0","","36","","0.0","","13","","13","","","","102.37","","","","","","NA"
"-65.01","46.79","KOUCHIBOUGUAC","8102326","2018-05-09 17:00","2018","05","09","17:00","12.3","","-2.5","","36","","0.0","","14","","11","","","","102.33","","","","","","NA"
"-65.01","46.79","KOUCHIBOUGUAC","8102326","2018-05-09 18:00","2018","05","09","18:00","11.5","","-3.1","","36","","0.0","","14","","11","","","","102.37","","","","","","NA"
"-65.01","46.79","KOUCHIBOUGUAC","8102326","2018-05-09 19:00","2018","05","09","19:00","9.8","","-2.9","","41","","0.0","","12","","6","","","","102.38","","","","","","NA"
"-65.01","46.79","KOUCHIBOUGUAC","8102326","2018-05-09 20:00","2018","05","09","20:00","7.0","","-2.6","","50","","0.0","","12","","6","","","","102.36","","","","","","NA"
"-65.01","46.79","KOUCHIBOUGUAC","8102326","2018-05-09 21:00","2018","05","09","21:00","6.2","","-3.9","","48","","0.0","","12","","9","","","","102.38","","","","","","NA"
"-65.01","46.79","KOUCHIBOUGUAC","8102326","2018-05-09 22:00","2018","05","09","22:00","5.2","","-3.3","","54","","0.0","","12","","4","","","","102.38","","","","","","NA"
"-65.01","46.79","KOUCHIBOUGUAC","8102326","2018-05-09 23:00","2018","05","09","23:00","4.3","","-4.1","","55","","0.0","","14","","3","","","","102.33","","","","","","NA"
"-65.01","46.79","KOUCHIBOUGUAC","8102326","2018-05-10 00:00","2018","05","10","00:00","3.4","","-2.1","","67","","0.0","","11","","2","","","","102.29","","","","","","NA"
"-65.01","46.79","KOUCHIBOUGUAC","8102326","2018-05-10 01:00","2018","05","10","01:00","1.5","","-1.6","","80","","0.0","","6","","2","","","","102.25","","","","","","NA"
"-65.01","46.79","KOUCHIBOUGUAC","8102326","2018-05-10 02:00","2018","05","10","02:00","0.4","","-1.7","","86","","0.0","","","","0","","","","102.18","","","","","","NA"
"-65.01","46.79","KOUCHIBOUGUAC","8102326","2018-05-10 03:00","2018","05","10","03:00","0.0","","-1.9","","87","","0.0","","10","","1","","","","102.12","","","","0","","NA"
"-65.01","46.79","KOUCHIBOUGUAC","8102326","2018-05-10 04:00","2018","05","10","04:00","-0.4","","-2.0","","89","","0.0","","","","0","","","","102.07","","","","","","NA"
"-65.01","46.79","KOUCHIBOUGUAC","8102326","2018-05-10 05:00","2018","05","10","05:00","-0.9","","-2.1","","91","","0.0","","0","","1","","","","101.99","","","","-1","","NA"
"-65.01","46.79","KOUCHIBOUGUAC","8102326","2018-05-10 06:00","2018","05","10","06:00","1.3","","0.6","","95","","0.0","","13","","1","","","","101.96","","","","","","NA"
"-65.01","46.79","KOUCHIBOUGUAC","8102326","2018-05-10 07:00","2018","05","10","07:00","7.4","","-1.1","","55","","0.0","","16","","9","","","","101.91","","","","","","NA"
"-65.01","46.79","KOUCHIBOUGUAC","8102326","2018-05-10 08:00","2018","05","10","08:00","11.0","","-2.4","","39","","0.0","","16","","11","","","","101.79","","","","","","NA"
"-65.01","46.79","KOUCHIBOUGUAC","8102326","2018-05-10 09:00","2018","05","10","09:00","12.6","","-1.6","","37","","0.0","","16","","11","","","","101.65","","","","","","NA"
"-65.01","46.79","KOUCHIBOUGUAC","8102326","2018-05-10 10:00","2018","05","10","10:00","15.6","","0.0","","35","","0.0","","16","","11","","","","101.48","","","","","","NA"
"-65.01","46.79","KOUCHIBOUGUAC","8102326","2018-05-10 11:00","2018","05","10","11:00","14.7","","3.1","","46","","0.0","","7","","8","","","","101.33","","","","","","NA"
"-65.01","46.79","KOUCHIBOUGUAC","8102326","2018-05-10 12:00","2018","05","10","12:00","15.1","","0.5","","37","","0.0","","9","","10","","","","101.16","","","","","","NA"
"-65.01","46.79","KOUCHIBOUGUAC","8102326","2018-05-10 13:00","2018","05","10","13:00","16.0","","-0.2","","33","","0.0","","9","","13","","","","101.00","","","","","","NA"
"-65.01","46.79","KOUCHIBOUGUAC","8102326","2018-05-10 14:00","2018","05","10","14:00","17.1","","-0.7","","30","","0.0","","13","","14","","","","100.83","","","","","","NA"
"-65.01","46.79","KOUCHIBOUGUAC","8102326","2018-05-10 15:00","2018","05","10","15:00","16.1","","2.5","","40","","0.0","","14","","15","","","","100.62","","","","","","NA"
"-65.01","46.79","KOUCHIBOUGUAC","8102326","2018-05-10 16:00","2018","05","10","16:00","15.5","","6.6","","55","","0.0","","13","","15","","","","100.47","","","","","","NA"
"-65.01","46.79","KOUCHIBOUGUAC","8102326","2018-05-10 17:00","2018","05","10","17:00","14.0","","4.1","","51","","0.0","","14","","12","","","","100.35","","","","","","NA"
"-65.01","46.79","KOUCHIBOUGUAC","8102326","2018-05-10 18:00","2018","05","10","18:00","11.9","","6.3","","69","","0.0","","13","","11","","","","100.19","","","","","","NA"
"-65.01","46.79","KOUCHIBOUGUAC","8102326","2018-05-10 19:00","2018","05","10","19:00","11.0","","6.5","","74","","0.0","","14","","10","","","","100.07","","","","","","NA"
"-65.01","46.79","KOUCHIBOUGUAC","8102326","2018-05-10 20:00","2018","05","10","20:00","9.4","","6.6","","83","","0.0","","14","","7","","","","99.98","","","","","","NA"
"-65.01","46.79","KOUCHIBOUGUAC","8102326","2018-05-10 21:00","2018","05","10","21:00","8.9","","6.9","","87","","0.0","","15","","7","","","","99.91","","","","","","NA"
"-65.01","46.79","KOUCHIBOUGUAC","8102326","2018-05-10 22:00","2018","05","10","22:00","10.6","","9.3","","91","","0.0","","19","","8","","","","99.83","","","","","","NA"
"-65.01","46.79","KOUCHIBOUGUAC","8102326","2018-05-10 23:00","2018","05","10","23:00","11.2","","9.2","","87","","0.0","","20","","13","","","","99.73","","","","","","NA"
"-65.01","46.79","KOUCHIBOUGUAC","8102326","2018-05-11 00:00","2018","05","11","00:00","11.4","","8.8","","84","","0.0","","20","","15","","","","99.65","","","","","","NA"
"-65.01","46.79","KOUCHIBOUGUAC","8102326","2018-05-11 01:00","2018","05","11","01:00","11.4","","8.2","","80","","0.0","","21","","15","","","","99.57","","","","","","NA"
"-65.01","46.79","KOUCHIBOUGUAC","8102326","2018-05-11 02:00","2018","05","11","02:00","11.0","","8.1","","82","","0.0","","21","","14","","","","99.56","","","","","","NA"
"-65.01","46.79","KOUCHIBOUGUAC","8102326","2018-05-11 03:00","2018","05","11","03:00","11.2","","8.4","","83","","0.0","","21","","13","","","","99.50","","","","","","NA"
"-65.01","46.79","KOUCHIBOUGUAC","8102326","2018-05-11 04:00","2018","05","11","04:00","10.9","","8.6","","86","","0.0","","22","","13","","","","99.54","","","","","","NA"
"-65.01","46.79","KOUCHIBOUGUAC","8102326","2018-05-11 05:00","2018","05","11","05:00","10.8","","8.7","","87","","0.0","","23","","10","","","","99.66","","","","","","NA"
"-65.01","46.79","KOUCHIBOUGUAC","8102326","2018-05-11 06:00","2018","05","11","06:00","12.0","","6.7","","70","","0.0","","28","","16","","","","99.86","","","","","","NA"
"-65.01","46.79","KOUCHIBOUGUAC","8102326","2018-05-11 07:00","2018","05","11","07:00","9.2","","-1.2","","48","","0.0","","30","","24","","","","100.08","","","","","","NA"
"-65.01","46.79","KOUCHIBOUGUAC","8102326","2018-05-11 08:00","2018","05","11","08:00","8.4","","-4.5","","40","","0.0","","29","","20","","","","100.22","","","","","","NA"
"-65.01","46.79","KOUCHIBOUGUAC","8102326","2018-05-11 09:00","2018","05","11","09:00","8.4","","-4.8","","39","","0.0","","29","","17","","","","100.35","","","","","","NA"
"-65.01","46.79","KOUCHIBOUGUAC","8102326","2018-05-11 10:00","2018","05","11","10:00","7.7","","-5.8","","38","","0.0","","28","","16","","","","100.44","","","","","","NA"
"-65.01","46.79","KOUCHIBOUGUAC","8102326","2018-05-11 11:00","2018","05","11","11:00","9.1","","-5.3","","36","","0.0","","27","","17","","","","100.52","","","","","","NA"
"-65.01","46.79","KOUCHIBOUGUAC","8102326","2018-05-11 12:00","2018","05","11","12:00","10.5","","-4.7","","34","","0.0","","28","","17","","","","100.52","","","","","","NA"
"-65.01","46.79","KOUCHIBOUGUAC","8102326","2018-05-11 13:00","2018","05","11","13:00","11.1","","-5.3","","31","","0.0","","28","","14","","","","100.56","","","","","","NA"
"-65.01","46.79","KOUCHIBOUGUAC","8102326","2018-05-11 14:00","2018","05","11","14:00","11.6","","-5.6","","29","","0.0","","30","","18","","","","100.60","","","","","","NA"
"-65.01","46.79","KOUCHIBOUGUAC","8102326","2018-05-11 15:00","2018","05","11","15:00","12.3","","-5.6","","28","","0.0","","29","","15","","","","100.66","","","","","","NA"
"-65.01","46.79","KOUCHIBOUGUAC","8102326","2018-05-11 16:00","2018","05","11","16:00","12.2","","-5.9","","28","","0.0","","29","","18","","","","100.74","","","","","","NA"
"-65.01","46.79","KOUCHIBOUGUAC","8102326","2018-05-11 17:00","2018","05","11","17:00","11.1","","-7.1","","27","","0.0","","30","","20","","","","100.85","","","","","","NA"
"-65.01","46.79","KOUCHIBOUGUAC","8102326","2018-05-11 18:00","2018","05","11","18:00","10.4","","-7.3","","28","","0.0","","31","","15","","","","100.96","","","","","","NA"
"-65.01","46.79","KOUCHIBOUGUAC","8102326","2018-05-11 19:00","2018","05","11","19:00","8.9","","-7.5","","31","","0.0","","30","","14","","","","101.10","","","","","","NA"
"-65.01","46.79","KOUCHIBOUGUAC","8102326","2018-05-11 20:00","2018","05","11","20:00","6.8","","-6.5","","38","","0.0","","31","","10","","","","101.20","","","","","","NA"
"-65.01","46.79","KOUCHIBOUGUAC","8102326","2018-05-11 21:00","2018","05","11","21:00","5.3","","-6.5","","42","","0.0","","31","","7","","","","101.34","","","","","","NA"
"-65.01","46.79","KOUCHIBOUGUAC","8102326","2018-05-11 22:00","2018","05","11","22:00","3.7","","-5.8","","50","","0.0","","30","","7","","","","101.45","","","","","","NA"
"-65.01","46.79","KOUCHIBOUGUAC","8102326","2018-05-11 23:00","2018","05","11","23:00","2.8","","-6.1","","52","","0.0","","30","","8","","","","101.51","","","","","","NA"
"-65.01","46.79","KOUCHIBOUGUAC","8102326","2018-05-12 00:00","2018","05","12","00:00","1.7","","-6.3","","55","","0.0","","31","","7","","","","101.62","","","","","","NA"
"-65.01","46.79","KOUCHIBOUGUAC","8102326","2018-05-12 01:00","2018","05","12","01:00","0.8","","-6.6","","58","","0.0","","31","","6","","","","101.65","","","","","","NA"
"-65.01","46.79","KOUCHIBOUGUAC","8102326","2018-05-12 02:00","2018","05","12","02:00","0.5","","-7.4","","55","","0.0","","26","","4","","","","101.68","","","","","","NA"
"-65.01","46.79","KOUCHIBOUGUAC","8102326","2018-05-12 03:00","2018","05","12","03:00","-1.2","","-7.5","","62","","0.0","","27","","3","","","","101.72","","","","-2","","NA"
"-65.01","46.79","KOUCHIBOUGUAC","8102326","2018-05-12 04:00","2018","05","12","04:00","-1.4","","-7.3","","64","","0.0","","26","","5","","","","101.75","","","","-3","","NA"
"-65.01","46.79","KOUCHIBOUGUAC","8102326","2018-05-12 05:00","2018","05","12","05:00","-1.7","","-7.4","","65","","0.0","","26","","5","","","","101.79","","","","-4","","NA"
"-65.01","46.79","KOUCHIBOUGUAC","8102326","2018-05-12 06:00","2018","05","12","06:00","0.0","","-7.1","","59","","0.0","","26","","6","","","","101.86","","","","-2","","NA"
"-65.01","46.79","KOUCHIBOUGUAC","8102326","2018-05-12 07:00","2018","05","12","07:00","2.9","","-7.3","","47","","0.0","","25","","7","","","","101.91","","","","","","NA"
"-65.01","46.79","KOUCHIBOUGUAC","8102326","2018-05-12 08:00","2018","05","12","08:00","4.9","","-7.4","","41","","0.0","","29","","11","","","","101.88","","","","","","NA"
"-65.01","46.79","KOUCHIBOUGUAC","8102326","2018-05-12 09:00","2018","05","12","09:00","5.7","","-9.7","","32","","0.0","","26","","13","","","","101.86","","","","","","NA"
"-65.01","46.79","KOUCHIBOUGUAC","8102326","2018-05-12 10:00","2018","05","12","10:00","7.3","","-9.0","","30","","0.0","","26","","14","","","","101.82","","","","","","NA"
"-65.01","46.79","KOUCHIBOUGUAC","8102326","2018-05-12 11:00","2018","05","12","11:00","9.6","","-7.4","","29","","0.0","","26","","13","","","","101.76","","","","","","NA"
"-65.01","46.79","KOUCHIBOUGUAC","8102326","2018-05-12 12:00","2018","05","12","12:00","10.8","","-8.1","","26","","0.0","","25","","11","","","","101.68","","","","","","NA"
"-65.01","46.79","KOUCHIBOUGUAC","8102326","2018-05-12 13:00","2018","05","12","13:00","12.0","","-8.9","","22","","0.0","","25","","12","","","","101.59","","","","","","NA"
"-65.01","46.79","KOUCHIBOUGUAC","8102326","2018-05-12 14:00","2018","05","12","14:00","12.8","","-8.1","","22","","0.0","","24","","15","","","","101.54","","","","","","NA"
"-65.01","46.79","KOUCHIBOUGUAC","8102326","2018-05-12 15:00","2018","05","12","15:00","14.0","","-7.2","","22","","0.0","","26","","13","","","","101.47","","","","","","NA"
"-65.01","46.79","KOUCHIBOUGUAC","8102326","2018-05-12 16:00","2018","05","12","16:00","12.8","","-8.0","","23","","0.0","","26","","12","","","","101.43","","","","","","NA"
"-65.01","46.79","KOUCHIBOUGUAC","8102326","2018-05-12 17:00","2018","05","12","17:00","14.0","","-7.0","","23","","0.0","","25","","11","","","","101.36","","","","","","NA"
"-65.01","46.79","KOUCHIBOUGUAC","8102326","2018-05-12 18:00","2018","05","12","18:00","14.5","","-7.2","","22","","0.0","","26","","13","","","","101.36","","","","","","NA"
"-65.01","46.79","KOUCHIBOUGUAC","8102326","2018-05-12 19:00","2018","05","12","19:00","13.8","","-6.9","","23","","0.0","","28","","8","","","","101.41","","","","","","NA"
"-65.01","46.79","KOUCHIBOUGUAC","8102326","2018-05-12 20:00","2018","05","12","20:00","8.1","","-3.6","","43","","0.0","","19","","3","","","","101.43","","","","","","NA"
"-65.01","46.79","KOUCHIBOUGUAC","8102326","2018-05-12 21:00","2018","05","12","21:00","9.2","","-2.6","","43","","0.0","","19","","11","","","","101.53","","","","","","NA"
"-65.01","46.79","KOUCHIBOUGUAC","8102326","2018-05-12 22:00","2018","05","12","22:00","8.4","","-2.1","","48","","0.0","","21","","8","","","","101.55","","","","","","NA"
"-65.01","46.79","KOUCHIBOUGUAC","8102326","2018-05-12 23:00","2018","05","12","23:00","7.2","","-2.0","","52","","0.0","","20","","11","","","","101.51","","","","","","NA"
"-65.01","46.79","KOUCHIBOUGUAC","8102326","2018-05-13 00:00","2018","05","13","00:00","6.1","","-2.3","","55","","0.0","","23","","8","","","","101.52","","","","","","NA"
"-65.01","46.79","KOUCHIBOUGUAC","8102326","2018-05-13 01:00","2018","05","13","01:00","5.2","","-2.4","","58","","0.0","","22","","8","","","","101.50","","","","","","NA"
"-65.01","46.79","KOUCHIBOUGUAC","8102326","2018-05-13 02:00","2018","05","13","02:00","4.3","","-2.3","","62","","0.0","","21","","8","","","","101.49","","","","","","NA"
"-65.01","46.79","KOUCHIBOUGUAC","8102326","2018-05-13 03:00","2018","05","13","03:00","3.6","","-2.2","","66","","0.0","","23","","6","","","","101.53","","","","","","NA"
"-65.01","46.79","KOUCHIBOUGUAC","8102326","2018-05-13 04:00","2018","05","13","04:00","2.1","","-2.2","","73","","0.0","","22","","5","","","","101.60","","","","","","NA"
"-65.01","46.79","KOUCHIBOUGUAC","8102326","2018-05-13 05:00","2018","05","13","05:00","1.9","","-2.2","","75","","0.0","","25","","5","","","","101.66","","","","","","NA"
"-65.01","46.79","KOUCHIBOUGUAC","8102326","2018-05-13 06:00","2018","05","13","06:00","3.5","","-1.9","","67","","0.0","","28","","3","","","","101.78","","","","","","NA"
"-65.01","46.79","KOUCHIBOUGUAC","8102326","2018-05-13 07:00","2018","05","13","07:00","7.8","","-2.0","","50","","0.0","","32","","6","","","","101.90","","","","","","NA"
"-65.01","46.79","KOUCHIBOUGUAC","8102326","2018-05-13 08:00","2018","05","13","08:00","9.7","","-6.5","","31","","0.0","","32","","11","","","","101.94","","","","","","NA"
"-65.01","46.79","KOUCHIBOUGUAC","8102326","2018-05-13 09:00","2018","05","13","09:00","10.8","","-8.6","","25","","0.0","","34","","13","","","","101.93","","","","","","NA"
"-65.01","46.79","KOUCHIBOUGUAC","8102326","2018-05-13 10:00","2018","05","13","10:00","12.7","","-7.9","","23","","0.0","","30","","10","","","","101.90","","","","","","NA"
"-65.01","46.79","KOUCHIBOUGUAC","8102326","2018-05-13 11:00","2018","05","13","11:00","14.3","","-9.7","","18","","0.0","","23","","7","","","","101.87","","","","","","NA"
"-65.01","46.79","KOUCHIBOUGUAC","8102326","2018-05-13 12:00","2018","05","13","12:00","13.8","","-5.3","","26","","0.0","","9","","8","","","","101.82","","","","","","NA"
"-65.01","46.79","KOUCHIBOUGUAC","8102326","2018-05-13 13:00","2018","05","13","13:00","13.0","","-4.3","","30","","0.0","","10","","11","","","","101.79","","","","","","NA"
"-65.01","46.79","KOUCHIBOUGUAC","8102326","2018-05-13 14:00","2018","05","13","14:00","13.7","","-5.5","","26","","0.0","","13","","10","","","","101.70","","","","","","NA"
"-65.01","46.79","KOUCHIBOUGUAC","8102326","2018-05-13 15:00","2018","05","13","15:00","15.2","","-3.4","","28","","0.0","","11","","9","","","","101.59","","","","","","NA"
"-65.01","46.79","KOUCHIBOUGUAC","8102326","2018-05-13 16:00","2018","05","13","16:00","16.2","","-2.7","","27","","0.0","","12","","8","","","","101.51","","","","","","NA"
"-65.01","46.79","KOUCHIBOUGUAC","8102326","2018-05-13 17:00","2018","05","13","17:00","15.3","","-2.7","","29","","0.0","","13","","10","","","","101.43","","","","","","NA"
"-65.01","46.79","KOUCHIBOUGUAC","8102326","2018-05-13 18:00","2018","05","13","18:00","15.0","","-1.7","","31","","0.0","","14","","11","","","","101.35","","","","","","NA"
"-65.01","46.79","KOUCHIBOUGUAC","8102326","2018-05-13 19:00","2018","05","13","19:00","13.5","","-0.5","","38","","0.0","","14","","6","","","","101.31","","","","","","NA"
"-65.01","46.79","KOUCHIBOUGUAC","8102326","2018-05-13 20:00","2018","05","13","20:00","8.8","","0.6","","56","","0.0","","15","","3","","","","101.33","","","","","","NA"
"-65.01","46.79","KOUCHIBOUGUAC","8102326","2018-05-13 21:00","2018","05","13","21:00","13.2","","-2.1","","34","","0.0","","19","","11","","","","101.37","","","","","","NA"
"-65.01","46.79","KOUCHIBOUGUAC","8102326","2018-05-13 22:00","2018","05","13","22:00","12.5","","-3.0","","34","","0.0","","19","","11","","","","101.34","","","","","","NA"
"-65.01","46.79","KOUCHIBOUGUAC","8102326","2018-05-13 23:00","2018","05","13","23:00","11.8","","-2.9","","36","","0.0","","20","","12","","","","101.34","","","","","","NA"
"-65.01","46.79","KOUCHIBOUGUAC","8102326","2018-05-14 00:00","2018","05","14","00:00","10.8","","-2.7","","39","","0.0","","19","","11","","","","101.35","","","","","","NA"
"-65.01","46.79","KOUCHIBOUGUAC","8102326","2018-05-14 01:00","2018","05","14","01:00","9.5","","-1.6","","46","","0.0","","19","","10","","","","101.31","","","","","","NA"
"-65.01","46.79","KOUCHIBOUGUAC","8102326","2018-05-14 02:00","2018","05","14","02:00","8.2","","0.1","","57","","0.0","","19","","11","","","","101.26","","","","","","NA"
"-65.01","46.79","KOUCHIBOUGUAC","8102326","2018-05-14 03:00","2018","05","14","03:00","8.0","","0.2","","58","","0.0","","20","","11","","","","101.23","","","","","","NA"
"-65.01","46.79","KOUCHIBOUGUAC","8102326","2018-05-14 04:00","2018","05","14","04:00","7.9","","0.6","","60","","0.0","","20","","10","","","","101.15","","","","","","NA"
"-65.01","46.79","KOUCHIBOUGUAC","8102326","2018-05-14 05:00","2018","05","14","05:00","7.2","","1.5","","67","","0.0","","20","","9","","","","101.12","","","","","","NA"
"-65.01","46.79","KOUCHIBOUGUAC","8102326","2018-05-14 06:00","2018","05","14","06:00","7.6","","2.1","","68","","0.0","","20","","12","","","","101.06","","","","","","NA"
"-65.01","46.79","KOUCHIBOUGUAC","8102326","2018-05-14 07:00","2018","05","14","07:00","9.1","","2.9","","65","","0.0","","21","","13","","","","101.05","","","","","","NA"
"-65.01","46.79","KOUCHIBOUGUAC","8102326","2018-05-14 08:00","2018","05","14","08:00","11.6","","2.5","","54","","0.0","","21","","16","","","","100.99","","","","","","NA"
"-65.01","46.79","KOUCHIBOUGUAC","8102326","2018-05-14 09:00","2018","05","14","09:00","14.3","","2.6","","45","","0.0","","22","","16","","","","100.90","","","","","","NA"
"-65.01","46.79","KOUCHIBOUGUAC","8102326","2018-05-14 10:00","2018","05","14","10:00","15.8","","3.1","","43","","0.0","","21","","18","","","","100.78","","","","","","NA"
"-65.01","46.79","KOUCHIBOUGUAC","8102326","2018-05-14 11:00","2018","05","14","11:00","17.8","","3.8","","39","","0.0","","21","","19","","","","100.76","","","","","","NA"
"-65.01","46.79","KOUCHIBOUGUAC","8102326","2018-05-14 12:00","2018","05","14","12:00","19.6","","5.7","","40","","0.0","","20","","17","","","","100.64","","","","","","NA"
"-65.01","46.79","KOUCHIBOUGUAC","8102326","2018-05-14 13:00","2018","05","14","13:00","20.3","","6.7","","41","","0.0","","22","","20","","","","100.56","","","","","","NA"
"-65.01","46.79","KOUCHIBOUGUAC","8102326","2018-05-14 14:00","2018","05","14","14:00","21.7","","6.4","","37","","0.0","","20","","18","","","","100.48","","","","","","NA"
"-65.01","46.79","KOUCHIBOUGUAC","8102326","2018-05-14 15:00","2018","05","14","15:00","22.1","","5.4","","34","","0.1","","20","","21","","","","100.39","","","","","","NA"
"-65.01","46.79","KOUCHIBOUGUAC","8102326","2018-05-14 16:00","2018","05","14","16:00","22.0","","6.2","","36","","0.0","","21","","19","","","","100.38","","","","","","NA"
"-65.01","46.79","KOUCHIBOUGUAC","8102326","2018-05-14 17:00","2018","05","14","17:00","21.5","","6.4","","37","","0.0","","20","","15","","","","100.36","","","","","","NA"
"-65.01","46.79","KOUCHIBOUGUAC","8102326","2018-05-14 18:00","2018","05","14","18:00","20.6","","7.3","","42","","0.0","","19","","15","","","","100.37","","","","","","NA"
"-65.01","46.79","KOUCHIBOUGUAC","8102326","2018-05-14 19:00","2018","05","14","19:00","18.2","","7.1","","48","","0.0","","20","","15","","","","100.40","","","","","","NA"
"-65.01","46.79","KOUCHIBOUGUAC","8102326","2018-05-14 20:00","2018","05","14","20:00","15.7","","6.7","","55","","0.0","","20","","13","","","","100.46","","","","","","NA"
"-65.01","46.79","KOUCHIBOUGUAC","8102326","2018-05-14 21:00","2018","05","14","21:00","14.3","","6.4","","59","","0.0","","21","","12","","","","100.53","","","","","","NA"
"-65.01","46.79","KOUCHIBOUGUAC","8102326","2018-05-14 22:00","2018","05","14","22:00","13.3","","6.5","","63","","0.0","","24","","5","","","","100.70","","","","","","NA"
"-65.01","46.79","KOUCHIBOUGUAC","8102326","2018-05-14 23:00","2018","05","14","23:00","11.5","","6.5","","71","","0.0","","20","","8","","","","100.71","","","","","","NA"
"-65.01","46.79","KOUCHIBOUGUAC","8102326","2018-05-15 00:00","2018","05","15","00:00","10.3","","6.4","","77","","0.0","","19","","7","","","","100.70","","","","","","NA"
"-65.01","46.79","KOUCHIBOUGUAC","8102326","2018-05-15 01:00","2018","05","15","01:00","9.1","","6.4","","83","","0.0","","20","","7","","","","100.68","","","","","","NA"
"-65.01","46.79","KOUCHIBOUGUAC","8102326","2018-05-15 02:00","2018","05","15","02:00","8.5","","6.7","","88","","0.0","","21","","9","","","","100.73","","","","","","NA"
"-65.01","46.79","KOUCHIBOUGUAC","8102326","2018-05-15 03:00","2018","05","15","03:00","8.3","","6.8","","90","","0.0","","20","","6","","","","100.74","","","","","","NA"
"-65.01","46.79","KOUCHIBOUGUAC","8102326","2018-05-15 04:00","2018","05","15","04:00","8.1","","6.7","","91","","0.0","","20","","7","","","","100.69","","","","","","NA"
"-65.01","46.79","KOUCHIBOUGUAC","8102326","2018-05-15 05:00","2018","05","15","05:00","7.5","","6.8","","95","","0.0","","19","","12","","","","100.60","","","","","","NA"
"-65.01","46.79","KOUCHIBOUGUAC","8102326","2018-05-15 06:00","2018","05","15","06:00","8.4","","7.5","","94","","0.0","","20","","10","","","","100.62","","","","","","NA"
"-65.01","46.79","KOUCHIBOUGUAC","8102326","2018-05-15 07:00","2018","05","15","07:00","9.4","","8.1","","91","","0.0","","21","","12","","","","100.63","","","","","","NA"
"-65.01","46.79","KOUCHIBOUGUAC","8102326","2018-05-15 08:00","2018","05","15","08:00","11.5","","8.6","","82","","0.0","","20","","14","","","","100.54","","","","","","NA"
"-65.01","46.79","KOUCHIBOUGUAC","8102326","2018-05-15 09:00","2018","05","15","09:00","14.5","","8.3","","66","","0.0","","20","","12","","","","100.46","","","","","","NA"
"-65.01","46.79","KOUCHIBOUGUAC","8102326","2018-05-15 10:00","2018","05","15","10:00","17.4","","8.8","","57","","0.0","","21","","10","","","","100.38","","","","","","NA"
"-65.01","46.79","KOUCHIBOUGUAC","8102326","2018-05-15 11:00","2018","05","15","11:00","20.2","","9.8","","51","","0.0","","19","","12","","","","100.30","","","","","","NA"
"-65.01","46.79","KOUCHIBOUGUAC","8102326","2018-05-15 12:00","2018","05","15","12:00","22.6","","9.5","","44","","0.0","","22","","18","","","","100.20","","","","","","NA"
"-65.01","46.79","KOUCHIBOUGUAC","8102326","2018-05-15 13:00","2018","05","15","13:00","19.9","","10.2","","53","","0.0","","22","","17","","","","100.19","","","","","","NA"
"-65.01","46.79","KOUCHIBOUGUAC","8102326","2018-05-15 14:00","2018","05","15","14:00","16.4","","13.5","","83","","0.5","","20","","11","","","","100.21","","","","","","NA"
"-65.01","46.79","KOUCHIBOUGUAC","8102326","2018-05-15 15:00","2018","05","15","15:00","14.5","","12.3","","86","","0.0","","21","","15","","","","100.28","","","","","","NA"
"-65.01","46.79","KOUCHIBOUGUAC","8102326","2018-05-15 16:00","2018","05","15","16:00","13.2","","12.3","","94","","1.0","","21","","11","","","","100.20","","","","","","NA"
"-65.01","46.79","KOUCHIBOUGUAC","8102326","2018-05-15 17:00","2018","05","15","17:00","13.4","","12.3","","94","","0.2","","22","","9","","","","100.12","","","","","","NA"
"-65.01","46.79","KOUCHIBOUGUAC","8102326","2018-05-15 18:00","2018","05","15","18:00","13.3","","12.2","","93","","0.1","","22","","8","","","","100.20","","","","","","NA"
"-65.01","46.79","KOUCHIBOUGUAC","8102326","2018-05-15 19:00","2018","05","15","19:00","13.4","","12.3","","93","","0.0","","22","","6","","","","100.25","","","","","","NA"
"-65.01","46.79","KOUCHIBOUGUAC","8102326","2018-05-15 20:00","2018","05","15","20:00","13.5","","12.6","","95","","0.0","","29","","5","","","","100.42","","","","","","NA"
"-65.01","46.79","KOUCHIBOUGUAC","8102326","2018-05-15 21:00","2018","05","15","21:00","12.6","","8.4","","76","","0.0","","35","","15","","","","100.64","","","","","","NA"
"-65.01","46.79","KOUCHIBOUGUAC","8102326","2018-05-15 22:00","2018","05","15","22:00","11.0","","2.0","","54","","0.0","","34","","16","","","","100.81","","","","","","NA"
"-65.01","46.79","KOUCHIBOUGUAC","8102326","2018-05-15 23:00","2018","05","15","23:00","9.1","","-1.7","","47","","0.0","","33","","17","","","","100.96","","","","","","NA"
"-65.01","46.79","KOUCHIBOUGUAC","8102326","2018-05-16 00:00","2018","05","16","00:00","7.8","","-3.4","","45","","0.0","","33","","22","","","","101.12","","","","","","NA"
"-65.01","46.79","KOUCHIBOUGUAC","8102326","2018-05-16 01:00","2018","05","16","01:00","6.0","","-4.0","","49","","0.0","","34","","15","","","","101.26","","","","","","NA"
"-65.01","46.79","KOUCHIBOUGUAC","8102326","2018-05-16 02:00","2018","05","16","02:00","3.9","","-4.2","","56","","0.0","","33","","8","","","","101.37","","","","","","NA"
"-65.01","46.79","KOUCHIBOUGUAC","8102326","2018-05-16 03:00","2018","05","16","03:00","2.5","","-4.9","","58","","0.0","","33","","7","","","","101.56","","","","","","NA"
"-65.01","46.79","KOUCHIBOUGUAC","8102326","2018-05-16 04:00","2018","05","16","04:00","1.4","","-6.3","","56","","0.0","","31","","7","","","","101.67","","","","","","NA"
"-65.01","46.79","KOUCHIBOUGUAC","8102326","2018-05-16 05:00","2018","05","16","05:00","0.3","","-8.1","","53","","0.0","","33","","6","","","","101.81","","","","","","NA"
"-65.01","46.79","KOUCHIBOUGUAC","8102326","2018-05-16 06:00","2018","05","16","06:00","1.0","","-7.8","","52","","0.0","","33","","9","","","","101.96","","","","","","NA"
"-65.01","46.79","KOUCHIBOUGUAC","8102326","2018-05-16 07:00","2018","05","16","07:00","3.1","","-6.9","","48","","0.0","","33","","9","","","","102.03","","","","","","NA"
"-65.01","46.79","KOUCHIBOUGUAC","8102326","2018-05-16 08:00","2018","05","16","08:00","4.2","","-6.7","","45","","0.0","","35","","9","","","","102.10","","","","","","NA"
"-65.01","46.79","KOUCHIBOUGUAC","8102326","2018-05-16 09:00","2018","05","16","09:00","5.6","","-5.5","","45","","0.0","","33","","8","","","","102.13","","","","","","NA"
"-65.01","46.79","KOUCHIBOUGUAC","8102326","2018-05-16 10:00","2018","05","16","10:00","6.9","","-4.6","","44","","0.0","","13","","7","","","","102.12","","","","","","NA"
"-65.01","46.79","KOUCHIBOUGUAC","8102326","2018-05-16 11:00","2018","05","16","11:00","6.7","","-4.4","","45","","0.0","","13","","11","","","","102.11","","","","","","NA"
"-65.01","46.79","KOUCHIBOUGUAC","8102326","2018-05-16 12:00","2018","05","16","12:00","7.7","","-3.6","","45","","0.0","","9","","9","","","","102.08","","","","","","NA"
"-65.01","46.79","KOUCHIBOUGUAC","8102326","2018-05-16 13:00","2018","05","16","13:00","8.1","","-2.1","","48","","0.0","","12","","12","","","","102.06","","","","","","NA"
"-65.01","46.79","KOUCHIBOUGUAC","8102326","2018-05-16 14:00","2018","05","16","14:00","9.9","","-1.4","","45","","0.0","","11","","9","","","","101.95","","","","","","NA"
"-65.01","46.79","KOUCHIBOUGUAC","8102326","2018-05-16 15:00","2018","05","16","15:00","10.8","","-1.3","","43","","0.0","","12","","11","","","","101.85","","","","","","NA"
"-65.01","46.79","KOUCHIBOUGUAC","8102326","2018-05-16 16:00","2018","05","16","16:00","11.3","","-1.0","","43","","0.0","","15","","12","","","","101.75","","","","","","NA"
"-65.01","46.79","KOUCHIBOUGUAC","8102326","2018-05-16 17:00","2018","05","16","17:00","11.6","","0.2","","46","","0.0","","14","","13","","","","101.68","","","","","","NA"
"-65.01","46.79","KOUCHIBOUGUAC","8102326","2018-05-16 18:00","2018","05","16","18:00","9.6","","0.6","","53","","0.0","","14","","14","","","","101.62","","","","","","NA"
"-65.01","46.79","KOUCHIBOUGUAC","8102326","2018-05-16 19:00","2018","05","16","19:00","8.7","","1.7","","62","","0.0","","14","","9","","","","101.63","","","","","","NA"
"-65.01","46.79","KOUCHIBOUGUAC","8102326","2018-05-16 20:00","2018","05","16","20:00","7.9","","2.2","","67","","0.0","","15","","8","","","","101.56","","","","","","NA"
"-65.01","46.79","KOUCHIBOUGUAC","8102326","2018-05-16 21:00","2018","05","16","21:00","7.9","","2.5","","69","","0.0","","15","","9","","","","101.52","","","","","","NA"
"-65.01","46.79","KOUCHIBOUGUAC","8102326","2018-05-16 22:00","2018","05","16","22:00","8.1","","1.8","","64","","0.0","","16","","9","","","","101.47","","","","","","NA"
"-65.01","46.79","KOUCHIBOUGUAC","8102326","2018-05-16 23:00","2018","05","16","23:00","9.9","","0.0","","50","","0.0","","20","","13","","","","101.40","","","","","","NA"
"-65.01","46.79","KOUCHIBOUGUAC","8102326","2018-05-17 00:00","2018","05","17","00:00","9.4","","3.4","","66","","0.0","","20","","15","","","","101.31","","","","","","NA"
"-65.01","46.79","KOUCHIBOUGUAC","8102326","2018-05-17 01:00","2018","05","17","01:00","8.6","","3.6","","71","","0.0","","19","","13","","","","101.21","","","","","","NA"
"-65.01","46.79","KOUCHIBOUGUAC","8102326","2018-05-17 02:00","2018","05","17","02:00","8.1","","4.7","","79","","0.0","","20","","15","","","","101.11","","","","","","NA"
"-65.01","46.79","KOUCHIBOUGUAC","8102326","2018-05-17 03:00","2018","05","17","03:00","8.5","","5.9","","84","","0.0","","20","","16","","","","101.04","","","","","","NA"
"-65.01","46.79","KOUCHIBOUGUAC","8102326","2018-05-17 04:00","2018","05","17","04:00","9.4","","6.6","","82","","0.0","","20","","18","","","","100.91","","","","","","NA"
"-65.01","46.79","KOUCHIBOUGUAC","8102326","2018-05-17 05:00","2018","05","17","05:00","9.7","","6.9","","83","","0.0","","20","","17","","","","100.84","","","","","","NA"
"-65.01","46.79","KOUCHIBOUGUAC","8102326","2018-05-17 06:00","2018","05","17","06:00","10.2","","7.2","","82","","0.0","","21","","14","","","","100.87","","","","","","NA"
"-65.01","46.79","KOUCHIBOUGUAC","8102326","2018-05-17 07:00","2018","05","17","07:00","10.8","","7.8","","82","","0.0","","22","","11","","","","100.96","","","","","","NA"
"-65.01","46.79","KOUCHIBOUGUAC","8102326","2018-05-17 08:00","2018","05","17","08:00","11.5","","8.1","","80","","0.0","","24","","12","","","","101.01","","","","","","NA"
"-65.01","46.79","KOUCHIBOUGUAC","8102326","2018-05-17 09:00","2018","05","17","09:00","14.3","","8.1","","67","","0.0","","25","","13","","","","101.01","","","","","","NA"
"-65.01","46.79","KOUCHIBOUGUAC","8102326","2018-05-17 10:00","2018","05","17","10:00","16.0","","7.4","","57","","0.0","","27","","11","","","","101.03","","","","","","NA"
"-65.01","46.79","KOUCHIBOUGUAC","8102326","2018-05-17 11:00","2018","05","17","11:00","13.2","","5.5","","60","","0.0","","35","","18","","","","101.15","","","","","","NA"
"-65.01","46.79","KOUCHIBOUGUAC","8102326","2018-05-17 12:00","2018","05","17","12:00","13.8","","3.9","","51","","0.0","","35","","19","","","","101.19","","","","","","NA"
"-65.01","46.79","KOUCHIBOUGUAC","8102326","2018-05-17 13:00","2018","05","17","13:00","14.6","","2.9","","45","","0.0","","33","","21","","","","101.25","","","","","","NA"
"-65.01","46.79","KOUCHIBOUGUAC","8102326","2018-05-17 14:00","2018","05","17","14:00","15.1","","1.2","","39","","0.0","","35","","18","","","","101.30","","","","","","NA"
"-65.01","46.79","KOUCHIBOUGUAC","8102326","2018-05-17 15:00","2018","05","17","15:00","14.9","","-0.5","","35","","0.0","","36","","19","","","","101.34","","","","","","NA"
"-65.01","46.79","KOUCHIBOUGUAC","8102326","2018-05-17 16:00","2018","05","17","16:00","12.0","","0.5","","45","","0.0","","3","","15","","","","101.44","","","","","","NA"
"-65.01","46.79","KOUCHIBOUGUAC","8102326","2018-05-17 17:00","2018","05","17","17:00","9.1","","1.0","","57","","0.0","","8","","12","","","","101.56","","","","","","NA"
"-65.01","46.79","KOUCHIBOUGUAC","8102326","2018-05-17 18:00","2018","05","17","18:00","8.3","","1.1","","60","","0.0","","9","","9","","","","101.64","","","","","","NA"
"-65.01","46.79","KOUCHIBOUGUAC","8102326","2018-05-17 19:00","2018","05","17","19:00","7.6","","0.6","","61","","0.0","","8","","6","","","","101.73","","","","","","NA"
"-65.01","46.79","KOUCHIBOUGUAC","8102326","2018-05-17 20:00","2018","05","17","20:00","5.1","","1.3","","76","","0.0","","0","","1","","","","101.80","","","","","","NA"
"-65.01","46.79","KOUCHIBOUGUAC","8102326","2018-05-17 21:00","2018","05","17","21:00","2.7","","0.6","","86","","0.0","","14","","4","","","","101.90","","","","","","NA"
"-65.01","46.79","KOUCHIBOUGUAC","8102326","2018-05-17 22:00","2018","05","17","22:00","0.9","","-0.4","","91","","0.0","","","","0","","","","101.94","","","","","","NA"
"-65.01","46.79","KOUCHIBOUGUAC","8102326","2018-05-17 23:00","2018","05","17","23:00","-0.5","","-1.4","","94","","0.0","","","","0","","","","101.98","","","","","","NA"
"-65.01","46.79","KOUCHIBOUGUAC","8102326","2018-05-18 00:00","2018","05","18","00:00","-1.6","","-2.2","","95","","0.0","","17","","2","","","","102.08","","","","-2","","NA"
"-65.01","46.79","KOUCHIBOUGUAC","8102326","2018-05-18 01:00","2018","05","18","01:00","-2.0","","-2.6","","96","","0.0","","18","","3","","","","102.15","","","","-3","","NA"
"-65.01","46.79","KOUCHIBOUGUAC","8102326","2018-05-18 02:00","2018","05","18","02:00","-2.6","","-3.2","","96","","0.0","","0","","1","","","","102.18","","","","-3","","NA"
"-65.01","46.79","KOUCHIBOUGUAC","8102326","2018-05-18 03:00","2018","05","18","03:00","-2.6","","-3.2","","96","","0.0","","21","","2","","","","102.19","","","","-3","","NA"
"-65.01","46.79","KOUCHIBOUGUAC","8102326","2018-05-18 04:00","2018","05","18","04:00","-1.5","","-2.1","","96","","0.0","","21","","3","","","","102.21","","","","-3","","NA"
"-65.01","46.79","KOUCHIBOUGUAC","8102326","2018-05-18 05:00","2018","05","18","05:00","-1.5","","-2.1","","95","","0.0","","26","","4","","","","102.30","","","","-3","","NA"
"-65.01","46.79","KOUCHIBOUGUAC","8102326","2018-05-18 06:00","2018","05","18","06:00","1.2","","-1.9","","79","","0.0","","27","","4","","","","102.38","","","","","","NA"
"-65.01","46.79","KOUCHIBOUGUAC","8102326","2018-05-18 07:00","2018","05","18","07:00","4.3","","-4.0","","55","","0.0","","30","","9","","","","102.42","","","","","","NA"
"-65.01","46.79","KOUCHIBOUGUAC","8102326","2018-05-18 08:00","2018","05","18","08:00","5.8","","-6.9","","40","","0.0","","32","","17","","","","102.48","","","","","","NA"
"-65.01","46.79","KOUCHIBOUGUAC","8102326","2018-05-18 09:00","2018","05","18","09:00","7.5","","-6.0","","38","","0.0","","30","","12","","","","102.53","","","","","","NA"
"-65.01","46.79","KOUCHIBOUGUAC","8102326","2018-05-18 10:00","2018","05","18","10:00","8.0","","-6.2","","36","","0.0","","34","","13","","","","102.57","","","","","","NA"
"-65.01","46.79","KOUCHIBOUGUAC","8102326","2018-05-18 11:00","2018","05","18","11:00","8.8","","-7.6","","30","","0.0","","31","","11","","","","102.63","","","","","","NA"
"-65.01","46.79","KOUCHIBOUGUAC","8102326","2018-05-18 12:00","2018","05","18","12:00","10.2","","-6.6","","30","","0.0","","33","","15","","","","102.64","","","","","","NA"
"-65.01","46.79","KOUCHIBOUGUAC","8102326","2018-05-18 13:00","2018","05","18","13:00","10.7","","-7.7","","27","","0.0","","32","","12","","","","102.63","","","","","","NA"
"-65.01","46.79","KOUCHIBOUGUAC","8102326","2018-05-18 14:00","2018","05","18","14:00","10.7","","-3.2","","38","","0.0","","5","","10","","","","102.64","","","","","","NA"
"-65.01","46.79","KOUCHIBOUGUAC","8102326","2018-05-18 15:00","2018","05","18","15:00","10.7","","-2.8","","39","","0.0","","9","","11","","","","102.65","","","","","","NA"
"-65.01","46.79","KOUCHIBOUGUAC","8102326","2018-05-18 16:00","2018","05","18","16:00","11.1","","-2.9","","38","","0.0","","10","","9","","","","102.59","","","","","","NA"
"-65.01","46.79","KOUCHIBOUGUAC","8102326","2018-05-18 17:00","2018","05","18","17:00","11.0","","-2.9","","37","","0.0","","8","","7","","","","102.55","","","","","","NA"
"-65.01","46.79","KOUCHIBOUGUAC","8102326","2018-05-18 18:00","2018","05","18","18:00","10.9","","-1.9","","41","","0.0","","13","","8","","","","102.51","","","","","","NA"
"-65.01","46.79","KOUCHIBOUGUAC","8102326","2018-05-18 19:00","2018","05","18","19:00","10.6","","-1.3","","44","","0.0","","5","","3","","","","102.57","","","","","","NA"
"-65.01","46.79","KOUCHIBOUGUAC","8102326","2018-05-18 20:00","2018","05","18","20:00","7.2","","-1.5","","54","","0.0","","15","","8","","","","102.59","","","","","","NA"
"-65.01","46.79","KOUCHIBOUGUAC","8102326","2018-05-18 21:00","2018","05","18","21:00","5.0","","-0.9","","66","","0.0","","17","","6","","","","102.64","","","","","","NA"
"-65.01","46.79","KOUCHIBOUGUAC","8102326","2018-05-18 22:00","2018","05","18","22:00","3.3","","-1.0","","73","","0.0","","20","","3","","","","102.69","","","","","","NA"
"-65.01","46.79","KOUCHIBOUGUAC","8102326","2018-05-18 23:00","2018","05","18","23:00","1.2","","-1.6","","82","","0.0","","17","","3","","","","102.71","","","","","","NA"
"-65.01","46.79","KOUCHIBOUGUAC","8102326","2018-05-19 00:00","2018","05","19","00:00","-0.6","","-2.5","","87","","0.0","","16","","2","","","","102.75","","","","-1","","NA"
"-65.01","46.79","KOUCHIBOUGUAC","8102326","2018-05-19 01:00","2018","05","19","01:00","-1.5","","-3.2","","89","","0.0","","17","","2","","","","102.80","","","","-2","","NA"
"-65.01","46.79","KOUCHIBOUGUAC","8102326","2018-05-19 02:00","2018","05","19","02:00","-2.2","","-3.5","","91","","0.0","","19","","2","","","","102.85","","","","-3","","NA"
"-65.01","46.79","KOUCHIBOUGUAC","8102326","2018-05-19 03:00","2018","05","19","03:00","-1.9","","-3.8","","87","","0.0","","22","","4","","","","102.88","","","","-3","","NA"
"-65.01","46.79","KOUCHIBOUGUAC","8102326","2018-05-19 04:00","2018","05","19","04:00","-0.9","","-4.5","","77","","0.0","","21","","3","","","","102.90","","","","-2","","NA"
"-65.01","46.79","KOUCHIBOUGUAC","8102326","2018-05-19 05:00","2018","05","19","05:00","-2.2","","-4.0","","88","","0.0","","19","","2","","","","102.89","","","","-3","","NA"
"-65.01","46.79","KOUCHIBOUGUAC","8102326","2018-05-19 06:00","2018","05","19","06:00","-0.6","","-3.2","","82","","0.0","","22","","1","","","","102.91","","","","-1","","NA"
"-65.01","46.79","KOUCHIBOUGUAC","8102326","2018-05-19 07:00","2018","05","19","07:00","5.6","","-2.6","","55","","0.0","","25","","3","","","","102.95","","","","","","NA"
"-65.01","46.79","KOUCHIBOUGUAC","8102326","2018-05-19 08:00","2018","05","19","08:00","10.0","","-2.2","","43","","0.0","","2","","1","","","","102.92","","","","","","NA"
"-65.01","46.79","KOUCHIBOUGUAC","8102326","2018-05-19 09:00","2018","05","19","09:00","13.7","","-4.7","","28","","0.0","","18","","6","","","","102.84","","","","","","NA"
"-65.01","46.79","KOUCHIBOUGUAC","8102326","2018-05-19 10:00","2018","05","19","10:00","15.2","","-4.1","","26","","0.0","","21","","6","","","","102.76","","","","","","NA"
"-65.01","46.79","KOUCHIBOUGUAC","8102326","2018-05-19 11:00","2018","05","19","11:00","17.3","","-3.5","","24","","0.0","","19","","9","","","","102.68","","","","","","NA"
"-65.01","46.79","KOUCHIBOUGUAC","8102326","2018-05-19 12:00","2018","05","19","12:00","18.7","","-2.8","","23","","0.0","","23","","9","","","","102.56","","","","","","NA"
"-65.01","46.79","KOUCHIBOUGUAC","8102326","2018-05-19 13:00","2018","05","19","13:00","20.1","","-0.6","","25","","0.0","","22","","11","","","","102.46","","","","","","NA"
"-65.01","46.79","KOUCHIBOUGUAC","8102326","2018-05-19 14:00","2018","05","19","14:00","21.3","","-2.0","","21","","0.0","","23","","14","","","","102.33","","","","","","NA"
"-65.01","46.79","KOUCHIBOUGUAC","8102326","2018-05-19 15:00","2018","05","19","15:00","21.1","","-1.7","","22","","0.0","","21","","15","","","","102.24","","","","","","NA"
"-65.01","46.79","KOUCHIBOUGUAC","8102326","2018-05-19 16:00","2018","05","19","16:00","21.3","","-2.1","","21","","0.0","","21","","16","","","","102.15","","","","","","NA"
"-65.01","46.79","KOUCHIBOUGUAC","8102326","2018-05-19 17:00","2018","05","19","17:00","20.7","","-0.8","","24","","0.0","","22","","13","","","","102.09","","","","","","NA"
"-65.01","46.79","KOUCHIBOUGUAC","8102326","2018-05-19 18:00","2018","05","19","18:00","18.9","","-2.6","","23","","0.0","","20","","16","","","","102.05","","","","","","NA"
"-65.01","46.79","KOUCHIBOUGUAC","8102326","2018-05-19 19:00","2018","05","19","19:00","17.3","","-3.3","","24","","0.0","","20","","15","","","","102.01","","","","","","NA"
"-65.01","46.79","KOUCHIBOUGUAC","8102326","2018-05-19 20:00","2018","05","19","20:00","15.8","","-2.4","","29","","0.0","","19","","10","","","","101.94","","","","","","NA"
"-65.01","46.79","KOUCHIBOUGUAC","8102326","2018-05-19 21:00","2018","05","19","21:00","14.6","","-1.3","","33","","0.0","","19","","7","","","","101.87","","","","","","NA"
"-65.01","46.79","KOUCHIBOUGUAC","8102326","2018-05-19 22:00","2018","05","19","22:00","13.7","","-3.6","","30","","0.0","","19","","14","","","","101.80","","","","","","NA"
"-65.01","46.79","KOUCHIBOUGUAC","8102326","2018-05-19 23:00","2018","05","19","23:00","12.7","","-2.5","","34","","0.0","","19","","15","","","","101.71","","","","","","NA"
"-65.01","46.79","KOUCHIBOUGUAC","8102326","2018-05-20 00:00","2018","05","20","00:00","12.0","","-0.8","","41","","0.0","","18","","11","","","","101.57","","","","","","NA"
"-65.01","46.79","KOUCHIBOUGUAC","8102326","2018-05-20 01:00","2018","05","20","01:00","8.1","","5.8","","85","","0.7","","17","","7","","","","101.43","","","","","","NA"
"-65.01","46.79","KOUCHIBOUGUAC","8102326","2018-05-20 02:00","2018","05","20","02:00","7.4","","6.8","","96","","2.6","","15","","9","","","","101.14","","","","","","NA"
"-65.01","46.79","KOUCHIBOUGUAC","8102326","2018-05-20 03:00","2018","05","20","03:00","8.2","","7.8","","97","","3.3","","16","","11","","","","100.85","","","","","","NA"
"-65.01","46.79","KOUCHIBOUGUAC","8102326","2018-05-20 04:00","2018","05","20","04:00","9.1","","8.6","","97","","1.9","","16","","12","","","","100.61","","","","","","NA"
"-65.01","46.79","KOUCHIBOUGUAC","8102326","2018-05-20 05:00","2018","05","20","05:00","9.8","","9.5","","98","","1.1","","19","","8","","","","100.44","","","","","","NA"
"-65.01","46.79","KOUCHIBOUGUAC","8102326","2018-05-20 06:00","2018","05","20","06:00","11.7","","11.4","","98","","0.0","","21","","8","","","","100.40","","","","","","NA"
"-65.01","46.79","KOUCHIBOUGUAC","8102326","2018-05-20 07:00","2018","05","20","07:00","13.4","","12.3","","93","","0.0","","22","","11","","","","100.34","","","","","","NA"
"-65.01","46.79","KOUCHIBOUGUAC","8102326","2018-05-20 08:00","2018","05","20","08:00","14.4","","12.8","","90","","0.0","","24","","9","","","","100.32","","","","","","NA"
"-65.01","46.79","KOUCHIBOUGUAC","8102326","2018-05-20 09:00","2018","05","20","09:00","14.8","","12.9","","89","","0.0","","24","","10","","","","100.30","","","","","","NA"
"-65.01","46.79","KOUCHIBOUGUAC","8102326","2018-05-20 10:00","2018","05","20","10:00","15.2","","12.4","","84","","0.0","","24","","11","","","","100.25","","","","","","NA"
"-65.01","46.79","KOUCHIBOUGUAC","8102326","2018-05-20 11:00","2018","05","20","11:00","14.7","","13.0","","89","","0.1","","25","","8","","","","100.23","","","","","","NA"
"-65.01","46.79","KOUCHIBOUGUAC","8102326","2018-05-20 12:00","2018","05","20","12:00","15.3","","12.4","","82","","0.0","","26","","9","","","","100.22","","","","","","NA"
"-65.01","46.79","KOUCHIBOUGUAC","8102326","2018-05-20 13:00","2018","05","20","13:00","15.3","","12.5","","83","","0.1","","25","","9","","","","100.20","","","","","","NA"
"-65.01","46.79","KOUCHIBOUGUAC","8102326","2018-05-20 14:00","2018","05","20","14:00","16.8","","11.4","","70","","0.0","","28","","15","","","","100.21","","","","","","NA"
"-65.01","46.79","KOUCHIBOUGUAC","8102326","2018-05-20 15:00","2018","05","20","15:00","17.7","","11.4","","66","","0.0","","28","","13","","","","100.26","","","","","","NA"
"-65.01","46.79","KOUCHIBOUGUAC","8102326","2018-05-20 16:00","2018","05","20","16:00","18.2","","10.3","","60","","0.0","","31","","16","","","","100.29","","","","","","NA"
"-65.01","46.79","KOUCHIBOUGUAC","8102326","2018-05-20 17:00","2018","05","20","17:00","18.8","","8.1","","50","","0.0","","31","","19","","","","100.37","","","","","","NA"
"-65.01","46.79","KOUCHIBOUGUAC","8102326","2018-05-20 18:00","2018","05","20","18:00","18.6","","7.6","","49","","0.0","","32","","12","","","","100.43","","","","","","NA"
"-65.01","46.79","KOUCHIBOUGUAC","8102326","2018-05-20 19:00","2018","05","20","19:00","17.5","","4.4","","42","","0.0","","32","","11","","","","100.53","","","","","","NA"
"-65.01","46.79","KOUCHIBOUGUAC","8102326","2018-05-20 20:00","2018","05","20","20:00","14.1","","4.6","","53","","0.0","","32","","4","","","","100.63","","","","","","NA"
"-65.01","46.79","KOUCHIBOUGUAC","8102326","2018-05-20 21:00","2018","05","20","21:00","10.3","","5.5","","73","","0.0","","34","","3","","","","100.80","","","","","","NA"
"-65.01","46.79","KOUCHIBOUGUAC","8102326","2018-05-20 22:00","2018","05","20","22:00","7.7","","5.9","","88","","0.0","","29","","4","","","","100.86","","","","","","NA"
"-65.01","46.79","KOUCHIBOUGUAC","8102326","2018-05-20 23:00","2018","05","20","23:00","6.5","","4.5","","87","","0.0","","23","","2","","","","100.93","","","","","","NA"
"-65.01","46.79","KOUCHIBOUGUAC","8102326","2018-05-21 00:00","2018","05","21","00:00","4.5","","3.1","","91","","0.0","","25","","3","","","","100.96","","","","","","NA"
"-65.01","46.79","KOUCHIBOUGUAC","8102326","2018-05-21 01:00","2018","05","21","01:00","5.3","","1.9","","79","","0.0","","22","","5","","","","100.99","","","","","","NA"
"-65.01","46.79","KOUCHIBOUGUAC","8102326","2018-05-21 02:00","2018","05","21","02:00","4.0","","1.7","","85","","0.0","","24","","3","","","","101.01","","","","","","NA"
"-65.01","46.79","KOUCHIBOUGUAC","8102326","2018-05-21 03:00","2018","05","21","03:00","4.1","","1.1","","81","","0.0","","23","","4","","","","101.05","","","","","","NA"
"-65.01","46.79","KOUCHIBOUGUAC","8102326","2018-05-21 04:00","2018","05","21","04:00","2.9","","1.0","","87","","0.0","","22","","4","","","","101.05","","","","","","NA"
"-65.01","46.79","KOUCHIBOUGUAC","8102326","2018-05-21 05:00","2018","05","21","05:00","3.2","","0.6","","83","","0.0","","21","","4","","","","101.07","","","","","","NA"
"-65.01","46.79","KOUCHIBOUGUAC","8102326","2018-05-21 06:00","2018","05","21","06:00","5.7","","1.8","","76","","0.0","","23","","7","","","","101.10","","","","","","NA"
"-65.01","46.79","KOUCHIBOUGUAC","8102326","2018-05-21 07:00","2018","05","21","07:00","10.1","","2.3","","59","","0.0","","22","","8","","","","101.11","","","","","","NA"
"-65.01","46.79","KOUCHIBOUGUAC","8102326","2018-05-21 08:00","2018","05","21","08:00","13.7","","1.2","","43","","0.0","","25","","11","","","","101.06","","","","","","NA"
"-65.01","46.79","KOUCHIBOUGUAC","8102326","2018-05-21 09:00","2018","05","21","09:00","16.4","","0.4","","34","","0.0","","26","","15","","","","100.98","","","","","","NA"
"-65.01","46.79","KOUCHIBOUGUAC","8102326","2018-05-21 10:00","2018","05","21","10:00","18.1","","-0.2","","29","","0.0","","25","","18","","","","100.85","","","","","","NA"
"-65.01","46.79","KOUCHIBOUGUAC","8102326","2018-05-21 11:00","2018","05","21","11:00","19.3","","0.0","","27","","0.0","","27","","21","","","","100.76","","","","","","NA"
"-65.01","46.79","KOUCHIBOUGUAC","8102326","2018-05-21 12:00","2018","05","21","12:00","19.7","","-4.5","","19","","0.0","","27","","24","","","","100.73","","","","","","NA"
"-65.01","46.79","KOUCHIBOUGUAC","8102326","2018-05-21 13:00","2018","05","21","13:00","18.9","","-3.5","","22","","0.0","","28","","23","","","","100.74","","","","","","NA"
"-65.01","46.79","KOUCHIBOUGUAC","8102326","2018-05-21 14:00","2018","05","21","14:00","19.6","","-2.2","","23","","0.0","","29","","16","","","","100.73","","","","","","NA"
"-65.01","46.79","KOUCHIBOUGUAC","8102326","2018-05-21 15:00","2018","05","21","15:00","19.3","","-1.9","","24","","0.0","","28","","28","","","","100.76","","","","","","NA"
"-65.01","46.79","KOUCHIBOUGUAC","8102326","2018-05-21 16:00","2018","05","21","16:00","19.4","","-6.5","","17","","0.1","","31","","30","","","","100.82","","","","","","NA"
"-65.01","46.79","KOUCHIBOUGUAC","8102326","2018-05-21 17:00","2018","05","21","17:00","18.7","","-6.4","","18","","0.1","","32","","24","","","","100.95","","","","","","NA"
"-65.01","46.79","KOUCHIBOUGUAC","8102326","2018-05-21 18:00","2018","05","21","18:00","16.9","","-8.8","","16","","0.0","","33","","22","","","","101.07","","","","","","NA"
"-65.01","46.79","KOUCHIBOUGUAC","8102326","2018-05-21 19:00","2018","05","21","19:00","15.3","","-8.4","","19","","0.0","","32","","16","","","","101.25","","","","","","NA"
"-65.01","46.79","KOUCHIBOUGUAC","8102326","2018-05-21 20:00","2018","05","21","20:00","12.5","","-7.2","","25","","0.0","","33","","10","","","","101.36","","","","","","NA"
"-65.01","46.79","KOUCHIBOUGUAC","8102326","2018-05-21 21:00","2018","05","21","21:00","8.6","","-5.6","","36","","0.0","","33","","6","","","","101.51","","","","","","NA"
"-65.01","46.79","KOUCHIBOUGUAC","8102326","2018-05-21 22:00","2018","05","21","22:00","4.8","","-3.1","","57","","0.0","","12","","1","","","","101.60","","","","","","NA"
"-65.01","46.79","KOUCHIBOUGUAC","8102326","2018-05-21 23:00","2018","05","21","23:00","2.5","","-3.5","","65","","0.0","","17","","3","","","","101.65","","","","","","NA"
"-65.01","46.79","KOUCHIBOUGUAC","8102326","2018-05-22 00:00","2018","05","22","00:00","0.8","","-3.0","","75","","0.0","","17","","2","","","","101.71","","","","","","NA"
"-65.01","46.79","KOUCHIBOUGUAC","8102326","2018-05-22 01:00","2018","05","22","01:00","-0.4","","-3.2","","82","","0.0","","19","","2","","","","101.73","","","","-1","","NA"
"-65.01","46.79","KOUCHIBOUGUAC","8102326","2018-05-22 02:00","2018","05","22","02:00","-1.2","","-3.8","","82","","0.0","","12","","1","","","","101.77","","","","-2","","NA"
"-65.01","46.79","KOUCHIBOUGUAC","8102326","2018-05-22 03:00","2018","05","22","03:00","-1.8","","-4.3","","83","","0.0","","","","0","","","","101.80","","","","","","NA"
"-65.01","46.79","KOUCHIBOUGUAC","8102326","2018-05-22 04:00","2018","05","22","04:00","-2.5","","-4.0","","90","","0.0","","0","","1","","","","101.88","","","","-3","","NA"
"-65.01","46.79","KOUCHIBOUGUAC","8102326","2018-05-22 05:00","2018","05","22","05:00","-2.5","","-4.0","","89","","0.0","","17","","2","","","","101.97","","","","-3","","NA"
"-65.01","46.79","KOUCHIBOUGUAC","8102326","2018-05-22 06:00","2018","05","22","06:00","0.6","","-2.5","","80","","0.0","","0","","1","","","","102.04","","","","","","NA"
"-65.01","46.79","KOUCHIBOUGUAC","8102326","2018-05-22 07:00","2018","05","22","07:00","7.3","","0.4","","61","","0.0","","","","0","","","","102.01","","","","","","NA"
"-65.01","46.79","KOUCHIBOUGUAC","8102326","2018-05-22 08:00","2018","05","22","08:00","10.6","","-1.7","","42","","0.0","","18","","5","","","","102.00","","","","","","NA"
"-65.01","46.79","KOUCHIBOUGUAC","8102326","2018-05-22 09:00","2018","05","22","09:00","12.4","","-4.0","","32","","0.0","","19","","8","","","","101.95","","","","","","NA"
"-65.01","46.79","KOUCHIBOUGUAC","8102326","2018-05-22 10:00","2018","05","22","10:00","14.3","","-6.2","","24","","0.0","","17","","10","","","","101.89","","","","","","NA"
"-65.01","46.79","KOUCHIBOUGUAC","8102326","2018-05-22 11:00","2018","05","22","11:00","17.0","","-4.9","","22","","0.0","","19","","13","","","","101.77","","","","","","NA"
"-65.01","46.79","KOUCHIBOUGUAC","8102326","2018-05-22 12:00","2018","05","22","12:00","19.0","","-4.2","","20","","0.0","","21","","13","","","","101.62","","","","","","NA"
"-65.01","46.79","KOUCHIBOUGUAC","8102326","2018-05-22 13:00","2018","05","22","13:00","22.0","","-0.1","","23","","0.0","","22","","13","","","","101.47","","","","","","NA"
"-65.01","46.79","KOUCHIBOUGUAC","8102326","2018-05-22 14:00","2018","05","22","14:00","22.0","","0.1","","23","","0.0","","21","","17","","","","101.35","","","","","","NA"
"-65.01","46.79","KOUCHIBOUGUAC","8102326","2018-05-22 15:00","2018","05","22","15:00","23.1","","1.3","","24","","0.0","","21","","20","","","","101.24","","","","","","NA"
"-65.01","46.79","KOUCHIBOUGUAC","8102326","2018-05-22 16:00","2018","05","22","16:00","23.2","","1.7","","24","","0.0","","21","","15","","","","101.15","","","","","","NA"
"-65.01","46.79","KOUCHIBOUGUAC","8102326","2018-05-22 17:00","2018","05","22","17:00","22.1","","1.6","","26","","0.0","","21","","24","","","","101.08","","","","","","NA"
"-65.01","46.79","KOUCHIBOUGUAC","8102326","2018-05-22 18:00","2018","05","22","18:00","21.0","","2.1","","29","","0.0","","20","","17","","","","101.05","","","","","","NA"
"-65.01","46.79","KOUCHIBOUGUAC","8102326","2018-05-22 19:00","2018","05","22","19:00","20.0","","1.9","","30","","0.0","","20","","13","","","","100.99","","","","","","NA"
"-65.01","46.79","KOUCHIBOUGUAC","8102326","2018-05-22 20:00","2018","05","22","20:00","18.1","","0.5","","31","","0.0","","20","","16","","","","100.98","","","","","","NA"
"-65.01","46.79","KOUCHIBOUGUAC","8102326","2018-05-22 21:00","2018","05","22","21:00","17.0","","-0.2","","31","","0.0","","20","","16","","","","100.95","","","","","","NA"
"-65.01","46.79","KOUCHIBOUGUAC","8102326","2018-05-22 22:00","2018","05","22","22:00","16.2","","1.1","","36","","0.0","","20","","14","","","","100.89","","","","","","NA"
"-65.01","46.79","KOUCHIBOUGUAC","8102326","2018-05-22 23:00","2018","05","22","23:00","15.1","","3.2","","45","","0.0","","20","","14","","","","100.84","","","","","","NA"
"-65.01","46.79","KOUCHIBOUGUAC","8102326","2018-05-23 00:00","2018","05","23","00:00","14.9","","5.3","","53","","0.0","","21","","12","","","","100.80","","","","","","NA"
"-65.01","46.79","KOUCHIBOUGUAC","8102326","2018-05-23 01:00","2018","05","23","01:00","14.8","","6.3","","57","","0.0","","22","","10","","","","100.79","","","","","","NA"
"-65.01","46.79","KOUCHIBOUGUAC","8102326","2018-05-23 02:00","2018","05","23","02:00","14.3","","6.9","","61","","0.0","","22","","9","","","","100.78","","","","","","NA"
"-65.01","46.79","KOUCHIBOUGUAC","8102326","2018-05-23 03:00","2018","05","23","03:00","13.9","","7.4","","65","","0.0","","29","","5","","","","100.77","","","","","","NA"
"-65.01","46.79","KOUCHIBOUGUAC","8102326","2018-05-23 04:00","2018","05","23","04:00","13.0","","7.6","","70","","0.0","","27","","1","","","","100.76","","","","","","NA"
"-65.01","46.79","KOUCHIBOUGUAC","8102326","2018-05-23 05:00","2018","05","23","05:00","13.1","","8.9","","76","","0.0","","20","","6","","","","100.72","","","","","","NA"
"-65.01","46.79","KOUCHIBOUGUAC","8102326","2018-05-23 06:00","2018","05","23","06:00","8.6","","7.3","","91","","0.2","","2","","11","","","","100.83","","","","","","NA"
"-65.01","46.79","KOUCHIBOUGUAC","8102326","2018-05-23 07:00","2018","05","23","07:00","6.7","","5.3","","91","","0.0","","3","","9","","","","100.87","","","","","","NA"
"-65.01","46.79","KOUCHIBOUGUAC","8102326","2018-05-23 08:00","2018","05","23","08:00","6.4","","4.6","","88","","0.0","","3","","11","","","","100.90","","","","","","NA"
"-65.01","46.79","KOUCHIBOUGUAC","8102326","2018-05-23 09:00","2018","05","23","09:00","6.2","","4.1","","87","","0.0","","2","","14","","","","100.90","","","","","","NA"
"-65.01","46.79","KOUCHIBOUGUAC","8102326","2018-05-23 10:00","2018","05","23","10:00","5.7","","4.8","","94","","0.0","","3","","12","","","","100.86","","","","","","NA"
"-65.01","46.79","KOUCHIBOUGUAC","8102326","2018-05-23 11:00","2018","05","23","11:00","5.3","","4.5","","95","","0.1","","3","","15","","","","100.85","","","","","","NA"
"-65.01","46.79","KOUCHIBOUGUAC","8102326","2018-05-23 12:00","2018","05","23","12:00","4.5","","3.9","","95","","0.2","","3","","12","","","","100.91","","","","","","NA"
"-65.01","46.79","KOUCHIBOUGUAC","8102326","2018-05-23 13:00","2018","05","23","13:00","4.2","","3.5","","95","","0.5","","1","","17","","","","100.92","","","","","","NA"
"-65.01","46.79","KOUCHIBOUGUAC","8102326","2018-05-23 14:00","2018","05","23","14:00","3.7","","3.0","","95","","0.5","","36","","14","","","","101.08","","","","","","NA"
"-65.01","46.79","KOUCHIBOUGUAC","8102326","2018-05-23 15:00","2018","05","23","15:00","1.3","","0.6","","95","","5.2","","1","","14","","","","101.04","","","","","","NA"
"-65.01","46.79","KOUCHIBOUGUAC","8102326","2018-05-23 16:00","2018","05","23","16:00","1.5","","0.9","","96","","1.2","","35","","13","","","","101.10","","","","","","NA"
"-65.01","46.79","KOUCHIBOUGUAC","8102326","2018-05-23 17:00","2018","05","23","17:00","2.2","","1.6","","96","","0.0","","36","","13","","","","101.18","","","","","","NA"
"-65.01","46.79","KOUCHIBOUGUAC","8102326","2018-05-23 18:00","2018","05","23","18:00","2.8","","1.9","","94","","0.0","","36","","14","","","","101.25","","","","","","NA"
"-65.01","46.79","KOUCHIBOUGUAC","8102326","2018-05-23 19:00","2018","05","23","19:00","2.8","","1.9","","94","","0.0","","35","","8","","","","101.32","","","","","","NA"
"-65.01","46.79","KOUCHIBOUGUAC","8102326","2018-05-23 20:00","2018","05","23","20:00","2.1","","1.1","","93","","0.0","","33","","6","","","","101.37","","","","","","NA"
"-65.01","46.79","KOUCHIBOUGUAC","8102326","2018-05-23 21:00","2018","05","23","21:00","-0.2","","-0.6","","97","","0.0","","21","","2","","","","101.42","","","","-1","","NA"
"-65.01","46.79","KOUCHIBOUGUAC","8102326","2018-05-23 22:00","2018","05","23","22:00","-0.3","","-0.6","","98","","0.0","","19","","2","","","","101.43","","","","-1","","NA"
"-65.01","46.79","KOUCHIBOUGUAC","8102326","2018-05-23 23:00","2018","05","23","23:00","-0.9","","-1.2","","98","","0.0","","17","","1","","","","101.40","","","","-1","","NA"
"-65.01","46.79","KOUCHIBOUGUAC","8102326","2018-05-24 00:00","2018","05","24","00:00","-1.5","","-1.8","","98","","0.0","","22","","2","","","","101.40","","","","-2","","NA"
"-65.01","46.79","KOUCHIBOUGUAC","8102326","2018-05-24 01:00","2018","05","24","01:00","-0.2","","-0.4","","99","","0.0","","22","","3","","","","101.40","","","","-1","","NA"
"-65.01","46.79","KOUCHIBOUGUAC","8102326","2018-05-24 02:00","2018","05","24","02:00","-0.3","","-0.7","","98","","0.0","","22","","2","","","","101.39","","","","-1","","NA"
"-65.01","46.79","KOUCHIBOUGUAC","8102326","2018-05-24 03:00","2018","05","24","03:00","-1.3","","-1.6","","98","","0.0","","20","","2","","","","101.39","","","","-2","","NA"
"-65.01","46.79","KOUCHIBOUGUAC","8102326","2018-05-24 04:00","2018","05","24","04:00","-1.9","","-2.2","","98","","0.0","","22","","2","","","","101.42","","","","-3","","NA"
"-65.01","46.79","KOUCHIBOUGUAC","8102326","2018-05-24 05:00","2018","05","24","05:00","-1.5","","-1.7","","98","","0.0","","26","","1","","","","101.49","","","","-2","","NA"
"-65.01","46.79","KOUCHIBOUGUAC","8102326","2018-05-24 06:00","2018","05","24","06:00","-0.8","","-1.0","","98","","0.0","","24","","2","","","","101.57","","","","-1","","NA"
"-65.01","46.79","KOUCHIBOUGUAC","8102326","2018-05-24 07:00","2018","05","24","07:00","0.5","","0.2","","98","","0.0","","27","","4","","","","101.66","","","","","","NA"
"-65.01","46.79","KOUCHIBOUGUAC","8102326","2018-05-24 08:00","2018","05","24","08:00","2.9","","2.5","","98","","0.0","","25","","5","","","","101.70","","","","","","NA"
"-65.01","46.79","KOUCHIBOUGUAC","8102326","2018-05-24 09:00","2018","05","24","09:00","6.1","","3.4","","83","","0.0","","27","","7","","","","101.74","","","","","","NA"
"-65.01","46.79","KOUCHIBOUGUAC","8102326","2018-05-24 10:00","2018","05","24","10:00","8.5","","0.0","","55","","0.0","","27","","8","","","","101.70","","","","","","NA"
"-65.01","46.79","KOUCHIBOUGUAC","8102326","2018-05-24 11:00","2018","05","24","11:00","10.5","","-2.1","","41","","0.0","","22","","7","","","","101.66","","","","","","NA"
"-65.01","46.79","KOUCHIBOUGUAC","8102326","2018-05-24 12:00","2018","05","24","12:00","11.6","","-2.8","","36","","0.0","","28","","8","","","","101.60","","","","","","NA"
"-65.01","46.79","KOUCHIBOUGUAC","8102326","2018-05-24 13:00","2018","05","24","13:00","12.8","","-4.4","","30","","0.0","","25","","7","","","","101.50","","","","","","NA"
"-65.01","46.79","KOUCHIBOUGUAC","8102326","2018-05-24 14:00","2018","05","24","14:00","13.8","","-3.8","","29","","0.0","","29","","14","","","","101.42","","","","","","NA"
"-65.01","46.79","KOUCHIBOUGUAC","8102326","2018-05-24 15:00","2018","05","24","15:00","14.9","","-1.6","","32","","0.0","","28","","6","","","","101.30","","","","","","NA"
"-65.01","46.79","KOUCHIBOUGUAC","8102326","2018-05-24 16:00","2018","05","24","16:00","15.7","","-2.6","","28","","0.0","","26","","7","","","","101.22","","","","","","NA"
"-65.01","46.79","KOUCHIBOUGUAC","8102326","2018-05-24 17:00","2018","05","24","17:00","15.3","","-2.4","","29","","0.0","","21","","11","","","","101.12","","","","","","NA"
"-65.01","46.79","KOUCHIBOUGUAC","8102326","2018-05-24 18:00","2018","05","24","18:00","14.6","","-0.8","","35","","0.0","","20","","13","","","","101.07","","","","","","NA"
"-65.01","46.79","KOUCHIBOUGUAC","8102326","2018-05-24 19:00","2018","05","24","19:00","13.7","","0.4","","40","","0.0","","19","","10","","","","101.01","","","","","","NA"
"-65.01","46.79","KOUCHIBOUGUAC","8102326","2018-05-24 20:00","2018","05","24","20:00","12.4","","1.1","","46","","0.0","","18","","7","","","","101.00","","","","","","NA"
"-65.01","46.79","KOUCHIBOUGUAC","8102326","2018-05-24 21:00","2018","05","24","21:00","11.9","","1.3","","48","","0.0","","21","","16","","","","101.08","","","","","","NA"
"-65.01","46.79","KOUCHIBOUGUAC","8102326","2018-05-24 22:00","2018","05","24","22:00","10.3","","1.2","","53","","0.0","","21","","14","","","","101.03","","","","","","NA"
"-65.01","46.79","KOUCHIBOUGUAC","8102326","2018-05-24 23:00","2018","05","24","23:00","9.6","","1.6","","58","","0.0","","21","","12","","","","101.00","","","","","","NA"
"-65.01","46.79","KOUCHIBOUGUAC","8102326","2018-05-25 00:00","2018","05","25","00:00","9.1","","1.2","","57","","0.0","","22","","9","","","","100.91","","","","","","NA"
"-65.01","46.79","KOUCHIBOUGUAC","8102326","2018-05-25 01:00","2018","05","25","01:00","8.5","","1.3","","60","","0.0","","21","","7","","","","100.80","","","","","","NA"
"-65.01","46.79","KOUCHIBOUGUAC","8102326","2018-05-25 02:00","2018","05","25","02:00","8.3","","2.2","","66","","0.0","","20","","10","","","","100.71","","","","","","NA"
"-65.01","46.79","KOUCHIBOUGUAC","8102326","2018-05-25 03:00","2018","05","25","03:00","6.8","","5.2","","89","","0.5","","20","","11","","","","100.63","","","","","","NA"
"-65.01","46.79","KOUCHIBOUGUAC","8102326","2018-05-25 04:00","2018","05","25","04:00","6.8","","5.9","","94","","0.2","","20","","12","","","","100.46","","","","","","NA"
"-65.01","46.79","KOUCHIBOUGUAC","8102326","2018-05-25 05:00","2018","05","25","05:00","7.1","","6.2","","94","","0.3","","20","","10","","","","100.33","","","","","","NA"
"-65.01","46.79","KOUCHIBOUGUAC","8102326","2018-05-25 06:00","2018","05","25","06:00","7.6","","6.6","","93","","0.0","","20","","10","","","","100.23","","","","","","NA"
"-65.01","46.79","KOUCHIBOUGUAC","8102326","2018-05-25 07:00","2018","05","25","07:00","8.6","","7.3","","91","","0.0","","22","","9","","","","100.17","","","","","","NA"
"-65.01","46.79","KOUCHIBOUGUAC","8102326","2018-05-25 08:00","2018","05","25","08:00","10.4","","8.0","","85","","0.0","","22","","11","","","","100.08","","","","","","NA"
"-65.01","46.79","KOUCHIBOUGUAC","8102326","2018-05-25 09:00","2018","05","25","09:00","12.6","","8.7","","77","","0.0","","24","","13","","","","100.02","","","","","","NA"
"-65.01","46.79","KOUCHIBOUGUAC","8102326","2018-05-25 10:00","2018","05","25","10:00","12.4","","8.7","","78","","0.0","","23","","16","","","","100.01","","","","","","NA"
"-65.01","46.79","KOUCHIBOUGUAC","8102326","2018-05-25 11:00","2018","05","25","11:00","12.9","","8.8","","77","","0.0","","24","","14","","","","99.96","","","","","","NA"
"-65.01","46.79","KOUCHIBOUGUAC","8102326","2018-05-25 12:00","2018","05","25","12:00","16.5","","10.9","","70","","0.0","","25","","15","","","","99.89","","","","","","NA"
"-65.01","46.79","KOUCHIBOUGUAC","8102326","2018-05-25 13:00","2018","05","25","13:00","18.1","","11.1","","63","","0.0","","26","","12","","","","99.85","","","","","","NA"
"-65.01","46.79","KOUCHIBOUGUAC","8102326","2018-05-25 14:00","2018","05","25","14:00","18.5","","10.7","","60","","0.0","","25","","12","","","","99.82","","","","","","NA"
"-65.01","46.79","KOUCHIBOUGUAC","8102326","2018-05-25 15:00","2018","05","25","15:00","20.1","","11.2","","57","","0.0","","25","","8","","","","99.78","","","","","","NA"
"-65.01","46.79","KOUCHIBOUGUAC","8102326","2018-05-25 16:00","2018","05","25","16:00","20.3","","10.4","","53","","0.0","","28","","12","","","","99.80","","","","","","NA"
"-65.01","46.79","KOUCHIBOUGUAC","8102326","2018-05-25 17:00","2018","05","25","17:00","21.8","","9.1","","44","","0.0","","31","","17","","","","99.76","","","","","","NA"
"-65.01","46.79","KOUCHIBOUGUAC","8102326","2018-05-25 18:00","2018","05","25","18:00","20.7","","7.9","","44","","0.0","","31","","6","","","","99.74","","","","","","NA"
"-65.01","46.79","KOUCHIBOUGUAC","8102326","2018-05-25 19:00","2018","05","25","19:00","15.7","","9.6","","67","","0.0","","9","","10","","","","99.86","","","","","","NA"
"-65.01","46.79","KOUCHIBOUGUAC","8102326","2018-05-25 20:00","2018","05","25","20:00","13.9","","9.5","","75","","0.0","","11","","4","","","","99.90","","","","","","NA"
"-65.01","46.79","KOUCHIBOUGUAC","8102326","2018-05-25 21:00","2018","05","25","21:00","12.1","","8.5","","79","","0.0","","4","","6","","","","100.00","","","","","","NA"
"-65.01","46.79","KOUCHIBOUGUAC","8102326","2018-05-25 22:00","2018","05","25","22:00","9.5","","8.0","","91","","0.0","","1","","6","","","","100.02","","","","","","NA"
"-65.01","46.79","KOUCHIBOUGUAC","8102326","2018-05-25 23:00","2018","05","25","23:00","9.6","","7.9","","89","","0.0","","4","","6","","","","100.04","","","","","","NA"
"-65.01","46.79","KOUCHIBOUGUAC","8102326","2018-05-26 00:00","2018","05","26","00:00","9.2","","6.1","","81","","0.0","","6","","5","","","","100.03","","","","","","NA"
"-65.01","46.79","KOUCHIBOUGUAC","8102326","2018-05-26 01:00","2018","05","26","01:00","8.2","","5.9","","85","","0.0","","4","","4","","","","100.05","","","","","","NA"
"-65.01","46.79","KOUCHIBOUGUAC","8102326","2018-05-26 02:00","2018","05","26","02:00","8.8","","6.2","","84","","0.0","","36","","5","","","","100.11","","","","","","NA"
"-65.01","46.79","KOUCHIBOUGUAC","8102326","2018-05-26 03:00","2018","05","26","03:00","8.7","","6.0","","83","","0.0","","4","","4","","","","100.06","","","","","","NA"
"-65.01","46.79","KOUCHIBOUGUAC","8102326","2018-05-26 04:00","2018","05","26","04:00","8.1","","5.9","","86","","0.0","","4","","5","","","","100.07","","","","","","NA"
"-65.01","46.79","KOUCHIBOUGUAC","8102326","2018-05-26 05:00","2018","05","26","05:00","8.0","","6.1","","88","","0.0","","3","","5","","","","100.12","","","","","","NA"
"-65.01","46.79","KOUCHIBOUGUAC","8102326","2018-05-26 06:00","2018","05","26","06:00","8.2","","5.9","","86","","0.0","","1","","8","","","","100.21","","","","","","NA"
"-65.01","46.79","KOUCHIBOUGUAC","8102326","2018-05-26 07:00","2018","05","26","07:00","8.4","","5.7","","83","","0.0","","2","","9","","","","100.27","","","","","","NA"
"-65.01","46.79","KOUCHIBOUGUAC","8102326","2018-05-26 08:00","2018","05","26","08:00","9.6","","5.9","","77","","0.0","","2","","10","","","","100.31","","","","","","NA"
"-65.01","46.79","KOUCHIBOUGUAC","8102326","2018-05-26 09:00","2018","05","26","09:00","9.7","","5.9","","77","","0.0","","4","","8","","","","100.37","","","","","","NA"
"-65.01","46.79","KOUCHIBOUGUAC","8102326","2018-05-26 10:00","2018","05","26","10:00","10.4","","4.7","","68","","0.0","","4","","10","","","","100.43","","","","","","NA"
"-65.01","46.79","KOUCHIBOUGUAC","8102326","2018-05-26 11:00","2018","05","26","11:00","10.4","","5.4","","71","","0.0","","6","","10","","","","100.53","","","","","","NA"
"-65.01","46.79","KOUCHIBOUGUAC","8102326","2018-05-26 12:00","2018","05","26","12:00","11.4","","6.1","","70","","0.0","","3","","13","","","","100.57","","","","","","NA"
"-65.01","46.79","KOUCHIBOUGUAC","8102326","2018-05-26 13:00","2018","05","26","13:00","11.5","","5.6","","67","","0.0","","5","","11","","","","100.67","","","","","","NA"
"-65.01","46.79","KOUCHIBOUGUAC","8102326","2018-05-26 14:00","2018","05","26","14:00","10.3","","4.4","","67","","0.0","","5","","8","","","","100.74","","","","","","NA"
"-65.01","46.79","KOUCHIBOUGUAC","8102326","2018-05-26 15:00","2018","05","26","15:00","8.8","","4.5","","74","","0.0","","3","","11","","","","100.88","","","","","","NA"
"-65.01","46.79","KOUCHIBOUGUAC","8102326","2018-05-26 16:00","2018","05","26","16:00","7.9","","3.5","","74","","0.0","","5","","11","","","","101.04","","","","","","NA"
"-65.01","46.79","KOUCHIBOUGUAC","8102326","2018-05-26 17:00","2018","05","26","17:00","9.5","","3.7","","67","","0.0","","3","","8","","","","101.14","","","","","","NA"
"-65.01","46.79","KOUCHIBOUGUAC","8102326","2018-05-26 18:00","2018","05","26","18:00","7.7","","3.0","","72","","0.0","","4","","10","","","","101.31","","","","","","NA"
"-65.01","46.79","KOUCHIBOUGUAC","8102326","2018-05-26 19:00","2018","05","26","19:00","7.1","","2.9","","74","","0.0","","5","","8","","","","101.43","","","","","","NA"
"-65.01","46.79","KOUCHIBOUGUAC","8102326","2018-05-26 20:00","2018","05","26","20:00","5.5","","3.0","","84","","0.0","","6","","2","","","","101.55","","","","","","NA"
"-65.01","46.79","KOUCHIBOUGUAC","8102326","2018-05-26 21:00","2018","05","26","21:00","4.7","","3.2","","90","","0.0","","7","","2","","","","101.70","","","","","","NA"
"-65.01","46.79","KOUCHIBOUGUAC","8102326","2018-05-26 22:00","2018","05","26","22:00","3.3","","2.1","","92","","0.0","","8","","3","","","","101.81","","","","","","NA"
"-65.01","46.79","KOUCHIBOUGUAC","8102326","2018-05-26 23:00","2018","05","26","23:00","1.7","","0.9","","95","","0.0","","9","","1","","","","101.88","","","","","","NA"
"-65.01","46.79","KOUCHIBOUGUAC","8102326","2018-05-27 00:00","2018","05","27","00:00","0.0","","-0.6","","96","","0.0","","","","0","","","","101.91","","","","","","NA"
"-65.01","46.79","KOUCHIBOUGUAC","8102326","2018-05-27 01:00","2018","05","27","01:00","-1.0","","-1.4","","97","","0.0","","17","","1","","","","102.01","","","","-1","","NA"
"-65.01","46.79","KOUCHIBOUGUAC","8102326","2018-05-27 02:00","2018","05","27","02:00","-1.3","","-1.8","","97","","0.0","","17","","2","","","","102.06","","","","-2","","NA"
"-65.01","46.79","KOUCHIBOUGUAC","8102326","2018-05-27 03:00","2018","05","27","03:00","-0.9","","-1.2","","98","","0.0","","22","","4","","","","102.17","","","","-2","","NA"
"-65.01","46.79","KOUCHIBOUGUAC","8102326","2018-05-27 04:00","2018","05","27","04:00","-1.6","","-2.0","","97","","0.0","","18","","1","","","","102.25","","","","-2","","NA"
"-65.01","46.79","KOUCHIBOUGUAC","8102326","2018-05-27 05:00","2018","05","27","05:00","-1.4","","-1.8","","97","","0.0","","19","","2","","","","102.34","","","","-2","","NA"
"-65.01","46.79","KOUCHIBOUGUAC","8102326","2018-05-27 06:00","2018","05","27","06:00","1.4","","1.1","","97","","0.0","","22","","3","","","","102.39","","","","","","NA"
"-65.01","46.79","KOUCHIBOUGUAC","8102326","2018-05-27 07:00","2018","05","27","07:00","5.7","","4.0","","89","","0.0","","29","","2","","","","102.43","","","","","","NA"
"-65.01","46.79","KOUCHIBOUGUAC","8102326","2018-05-27 08:00","2018","05","27","08:00","8.7","","3.3","","69","","0.0","","28","","4","","","","102.48","","","","","","NA"
"-65.01","46.79","KOUCHIBOUGUAC","8102326","2018-05-27 09:00","2018","05","27","09:00","11.4","","2.1","","52","","0.0","","10","","6","","","","102.47","","","","","","NA"
"-65.01","46.79","KOUCHIBOUGUAC","8102326","2018-05-27 10:00","2018","05","27","10:00","12.7","","1.2","","45","","0.0","","13","","8","","","","102.46","","","","","","NA"
"-65.01","46.79","KOUCHIBOUGUAC","8102326","2018-05-27 11:00","2018","05","27","11:00","13.7","","-0.1","","39","","0.0","","16","","12","","","","102.43","","","","","","NA"
"-65.01","46.79","KOUCHIBOUGUAC","8102326","2018-05-27 12:00","2018","05","27","12:00","15.1","","1.0","","38","","0.0","","13","","11","","","","102.40","","","","","","NA"
"-65.01","46.79","KOUCHIBOUGUAC","8102326","2018-05-27 13:00","2018","05","27","13:00","15.8","","0.1","","34","","0.0","","14","","14","","","","102.37","","","","","","NA"
"-65.01","46.79","KOUCHIBOUGUAC","8102326","2018-05-27 14:00","2018","05","27","14:00","16.3","","-1.2","","30","","0.0","","13","","12","","","","102.30","","","","","","NA"
"-65.01","46.79","KOUCHIBOUGUAC","8102326","2018-05-27 15:00","2018","05","27","15:00","16.1","","-0.1","","33","","0.0","","11","","12","","","","102.27","","","","","","NA"
"-65.01","46.79","KOUCHIBOUGUAC","8102326","2018-05-27 16:00","2018","05","27","16:00","15.6","","2.1","","40","","0.0","","14","","16","","","","102.24","","","","","","NA"
"-65.01","46.79","KOUCHIBOUGUAC","8102326","2018-05-27 17:00","2018","05","27","17:00","15.2","","1.1","","38","","0.0","","14","","15","","","","102.18","","","","","","NA"
"-65.01","46.79","KOUCHIBOUGUAC","8102326","2018-05-27 18:00","2018","05","27","18:00","14.8","","0.1","","37","","0.0","","15","","14","","","","102.13","","","","","","NA"
"-65.01","46.79","KOUCHIBOUGUAC","8102326","2018-05-27 19:00","2018","05","27","19:00","13.2","","-0.1","","40","","0.0","","14","","11","","","","102.14","","","","","","NA"
"-65.01","46.79","KOUCHIBOUGUAC","8102326","2018-05-27 20:00","2018","05","27","20:00","11.0","","0.4","","48","","0.0","","14","","12","","","","102.13","","","","","","NA"
"-65.01","46.79","KOUCHIBOUGUAC","8102326","2018-05-27 21:00","2018","05","27","21:00","9.7","","1.6","","57","","0.0","","15","","10","","","","102.17","","","","","","NA"
"-65.01","46.79","KOUCHIBOUGUAC","8102326","2018-05-27 22:00","2018","05","27","22:00","9.6","","2.4","","61","","0.0","","16","","12","","","","102.17","","","","","","NA"
"-65.01","46.79","KOUCHIBOUGUAC","8102326","2018-05-27 23:00","2018","05","27","23:00","9.1","","0.0","","53","","0.0","","16","","11","","","","102.13","","","","","","NA"
"-65.01","46.79","KOUCHIBOUGUAC","8102326","2018-05-28 00:00","2018","05","28","00:00","8.5","","0.6","","58","","0.0","","17","","10","","","","102.12","","","","","","NA"
"-65.01","46.79","KOUCHIBOUGUAC","8102326","2018-05-28 01:00","2018","05","28","01:00","9.0","","1.1","","58","","0.0","","18","","10","","","","102.08","","","","","","NA"
"-65.01","46.79","KOUCHIBOUGUAC","8102326","2018-05-28 02:00","2018","05","28","02:00","8.0","","1.2","","62","","0.0","","19","","7","","","","102.09","","","","","","NA"
"-65.01","46.79","KOUCHIBOUGUAC","8102326","2018-05-28 03:00","2018","05","28","03:00","6.7","","1.0","","67","","0.0","","19","","5","","","","102.04","","","","","","NA"
"-65.01","46.79","KOUCHIBOUGUAC","8102326","2018-05-28 04:00","2018","05","28","04:00","5.5","","0.7","","71","","0.0","","19","","4","","","","102.00","","","","","","NA"
"-65.01","46.79","KOUCHIBOUGUAC","8102326","2018-05-28 05:00","2018","05","28","05:00","5.2","","1.0","","74","","0.0","","20","","4","","","","101.99","","","","","","NA"
"-65.01","46.79","KOUCHIBOUGUAC","8102326","2018-05-28 06:00","2018","05","28","06:00","7.1","","1.0","","65","","0.0","","19","","7","","","","101.98","","","","","","NA"
"-65.01","46.79","KOUCHIBOUGUAC","8102326","2018-05-28 07:00","2018","05","28","07:00","8.7","","0.2","","55","","0.0","","20","","9","","","","101.93","","","","","","NA"
"-65.01","46.79","KOUCHIBOUGUAC","8102326","2018-05-28 08:00","2018","05","28","08:00","11.3","","-0.6","","44","","0.0","","20","","11","","","","101.85","","","","","","NA"
"-65.01","46.79","KOUCHIBOUGUAC","8102326","2018-05-28 09:00","2018","05","28","09:00","14.1","","-1.8","","33","","0.0","","19","","14","","","","101.76","","","","","","NA"
"-65.01","46.79","KOUCHIBOUGUAC","8102326","2018-05-28 10:00","2018","05","28","10:00","16.1","","-3.0","","27","","0.0","","19","","11","","","","101.65","","","","","","NA"
"-65.01","46.79","KOUCHIBOUGUAC","8102326","2018-05-28 11:00","2018","05","28","11:00","18.1","","-1.1","","27","","0.0","","19","","13","","","","101.54","","","","","","NA"
"-65.01","46.79","KOUCHIBOUGUAC","8102326","2018-05-28 12:00","2018","05","28","12:00","19.1","","-1.7","","24","","0.0","","21","","14","","","","101.46","","","","","","NA"
"-65.01","46.79","KOUCHIBOUGUAC","8102326","2018-05-28 13:00","2018","05","28","13:00","20.1","","-0.8","","25","","0.0","","18","","18","","","","101.31","","","","","","NA"
"-65.01","46.79","KOUCHIBOUGUAC","8102326","2018-05-28 14:00","2018","05","28","14:00","22.7","","1.0","","24","","0.0","","20","","12","","","","101.19","","","","","","NA"
"-65.01","46.79","KOUCHIBOUGUAC","8102326","2018-05-28 15:00","2018","05","28","15:00","23.0","","-1.5","","19","","0.0","","19","","20","","","","101.10","","","","","","NA"
"-65.01","46.79","KOUCHIBOUGUAC","8102326","2018-05-28 16:00","2018","05","28","16:00","22.5","","0.0","","22","","0.0","","20","","15","","","","101.02","","","","","","NA"
"-65.01","46.79","KOUCHIBOUGUAC","8102326","2018-05-28 17:00","2018","05","28","17:00","21.8","","-1.1","","22","","0.0","","20","","19","","","","100.97","","","","","","NA"
"-65.01","46.79","KOUCHIBOUGUAC","8102326","2018-05-28 18:00","2018","05","28","18:00","19.9","","2.1","","31","","0.0","","20","","13","","","","100.94","","","","","","NA"
"-65.01","46.79","KOUCHIBOUGUAC","8102326","2018-05-28 19:00","2018","05","28","19:00","18.8","","3.7","","37","","0.0","","20","","15","","","","100.91","","","","","","NA"
"-65.01","46.79","KOUCHIBOUGUAC","8102326","2018-05-28 20:00","2018","05","28","20:00","17.3","","4.6","","43","","0.0","","20","","14","","","","100.89","","","","","","NA"
"-65.01","46.79","KOUCHIBOUGUAC","8102326","2018-05-28 21:00","2018","05","28","21:00","16.9","","4.5","","44","","0.0","","20","","14","","","","100.87","","","","","","NA"
"-65.01","46.79","KOUCHIBOUGUAC","8102326","2018-05-28 22:00","2018","05","28","22:00","16.7","","4.0","","43","","0.0","","21","","13","","","","100.85","","","","","","NA"
"-65.01","46.79","KOUCHIBOUGUAC","8102326","2018-05-28 23:00","2018","05","28","23:00","12.6","","9.5","","81","","1.6","","23","","10","","","","100.85","","","","","","NA"
"-65.01","46.79","KOUCHIBOUGUAC","8102326","2018-05-29 00:00","2018","05","29","00:00","11.8","","10.6","","93","","2.3","","21","","9","","","","100.80","","","","","","NA"
"-65.01","46.79","KOUCHIBOUGUAC","8102326","2018-05-29 01:00","2018","05","29","01:00","11.6","","10.3","","92","","1.1","","20","","10","","","","100.70","","","","","","NA"
"-65.01","46.79","KOUCHIBOUGUAC","8102326","2018-05-29 02:00","2018","05","29","02:00","11.4","","10.3","","93","","0.0","","20","","11","","","","100.66","","","","","","NA"
"-65.01","46.79","KOUCHIBOUGUAC","8102326","2018-05-29 03:00","2018","05","29","03:00","11.5","","10.2","","92","","0.0","","22","","10","","","","100.61","","","","","","NA"
"-65.01","46.79","KOUCHIBOUGUAC","8102326","2018-05-29 04:00","2018","05","29","04:00","11.3","","10.0","","92","","0.0","","23","","10","","","","100.56","","","","","","NA"
"-65.01","46.79","KOUCHIBOUGUAC","8102326","2018-05-29 05:00","2018","05","29","05:00","11.2","","10.1","","93","","0.0","","23","","10","","","","100.54","","","","","","NA"
"-65.01","46.79","KOUCHIBOUGUAC","8102326","2018-05-29 06:00","2018","05","29","06:00","11.6","","10.3","","92","","0.0","","23","","7","","","","100.53","","","","","","NA"
"-65.01","46.79","KOUCHIBOUGUAC","8102326","2018-05-29 07:00","2018","05","29","07:00","12.6","","10.9","","89","","0.0","","23","","8","","","","100.54","","","","","","NA"
"-65.01","46.79","KOUCHIBOUGUAC","8102326","2018-05-29 08:00","2018","05","29","08:00","16.1","","12.7","","81","","0.0","","26","","7","","","","100.56","","","","","","NA"
"-65.01","46.79","KOUCHIBOUGUAC","8102326","2018-05-29 09:00","2018","05","29","09:00","18.7","","13.6","","73","","0.0","","31","","15","","","","100.60","","","","","","NA"
"-65.01","46.79","KOUCHIBOUGUAC","8102326","2018-05-29 10:00","2018","05","29","10:00","19.2","","11.2","","60","","0.0","","34","","19","","","","100.67","","","","","","NA"
"-65.01","46.79","KOUCHIBOUGUAC","8102326","2018-05-29 11:00","2018","05","29","11:00","19.2","","9.2","","52","","0.0","","35","","23","","","","100.78","","","","","","NA"
"-65.01","46.79","KOUCHIBOUGUAC","8102326","2018-05-29 12:00","2018","05","29","12:00","20.5","","9.4","","49","","0.0","","35","","21","","","","100.80","","","","","","NA"
"-65.01","46.79","KOUCHIBOUGUAC","8102326","2018-05-29 13:00","2018","05","29","13:00","19.6","","8.1","","48","","0.0","","34","","22","","","","100.82","","","","","","NA"
"-65.01","46.79","KOUCHIBOUGUAC","8102326","2018-05-29 14:00","2018","05","29","14:00","20.8","","9.4","","48","","0.0","","35","","17","","","","100.86","","","","","","NA"
"-65.01","46.79","KOUCHIBOUGUAC","8102326","2018-05-29 15:00","2018","05","29","15:00","19.3","","8.3","","49","","0.0","","6","","10","","","","100.87","","","","","","NA"
"-65.01","46.79","KOUCHIBOUGUAC","8102326","2018-05-29 16:00","2018","05","29","16:00","17.7","","9.0","","57","","0.0","","10","","8","","","","100.93","","","","","","NA"
"-65.01","46.79","KOUCHIBOUGUAC","8102326","2018-05-29 17:00","2018","05","29","17:00","16.7","","9.4","","62","","0.0","","6","","8","","","","101.05","","","","","","NA"
"-65.01","46.79","KOUCHIBOUGUAC","8102326","2018-05-29 18:00","2018","05","29","18:00","15.3","","8.5","","64","","0.0","","6","","6","","","","101.20","","","","","","NA"
"-65.01","46.79","KOUCHIBOUGUAC","8102326","2018-05-29 19:00","2018","05","29","19:00","13.8","","7.3","","65","","0.0","","12","","7","","","","101.30","","","","","","NA"
"-65.01","46.79","KOUCHIBOUGUAC","8102326","2018-05-29 20:00","2018","05","29","20:00","10.1","","6.4","","78","","0.0","","","","0","","","","101.41","","","","","","NA"
"-65.01","46.79","KOUCHIBOUGUAC","8102326","2018-05-29 21:00","2018","05","29","21:00","7.1","","5.1","","87","","0.0","","","","0","","","","101.51","","","","","","NA"
"-65.01","46.79","KOUCHIBOUGUAC","8102326","2018-05-29 22:00","2018","05","29","22:00","5.3","","4.0","","92","","0.0","","17","","2","","","","101.62","","","","","","NA"
"-65.01","46.79","KOUCHIBOUGUAC","8102326","2018-05-29 23:00","2018","05","29","23:00","4.5","","2.9","","90","","0.0","","23","","2","","","","101.68","","","","","","NA"
"-65.01","46.79","KOUCHIBOUGUAC","8102326","2018-05-30 00:00","2018","05","30","00:00","3.3","","2.2","","93","","0.0","","18","","2","","","","101.72","","","","","","NA"
"-65.01","46.79","KOUCHIBOUGUAC","8102326","2018-05-30 01:00","2018","05","30","01:00","2.5","","1.4","","92","","0.0","","16","","1","","","","101.74","","","","","","NA"
"-65.01","46.79","KOUCHIBOUGUAC","8102326","2018-05-30 02:00","2018","05","30","02:00","1.7","","0.9","","94","","0.0","","","","0","","","","101.77","","","","","","NA"
"-65.01","46.79","KOUCHIBOUGUAC","8102326","2018-05-30 03:00","2018","05","30","03:00","1.4","","0.7","","95","","0.0","","","","0","","","","101.83","","","","","","NA"
"-65.01","46.79","KOUCHIBOUGUAC","8102326","2018-05-30 04:00","2018","05","30","04:00","0.2","","-0.4","","96","","0.0","","18","","1","","","","101.91","","","","","","NA"
"-65.01","46.79","KOUCHIBOUGUAC","8102326","2018-05-30 05:00","2018","05","30","05:00","-0.3","","-0.7","","97","","0.0","","16","","3","","","","102.02","","","","-1","","NA"
"-65.01","46.79","KOUCHIBOUGUAC","8102326","2018-05-30 06:00","2018","05","30","06:00","2.2","","1.4","","94","","0.0","","","","0","","","","102.07","","","","","","NA"
"-65.01","46.79","KOUCHIBOUGUAC","8102326","2018-05-30 07:00","2018","05","30","07:00","9.1","","3.5","","68","","0.0","","35","","3","","","","102.13","","","","","","NA"
"-65.01","46.79","KOUCHIBOUGUAC","8102326","2018-05-30 08:00","2018","05","30","08:00","10.9","","0.4","","48","","0.0","","5","","11","","","","102.17","","","","","","NA"
"-65.01","46.79","KOUCHIBOUGUAC","8102326","2018-05-30 09:00","2018","05","30","09:00","11.5","","-1.8","","39","","0.0","","4","","9","","","","102.20","","","","","","NA"
"-65.01","46.79","KOUCHIBOUGUAC","8102326","2018-05-30 10:00","2018","05","30","10:00","11.6","","-2.6","","37","","0.0","","9","","8","","","","102.17","","","","","","NA"
"-65.01","46.79","KOUCHIBOUGUAC","8102326","2018-05-30 11:00","2018","05","30","11:00","13.3","","0.2","","40","","0.0","","5","","6","","","","102.14","","","","","","NA"
"-65.01","46.79","KOUCHIBOUGUAC","8102326","2018-05-30 12:00","2018","05","30","12:00","14.2","","-0.5","","36","","0.0","","9","","6","","","","102.11","","","","","","NA"
"-65.01","46.79","KOUCHIBOUGUAC","8102326","2018-05-30 13:00","2018","05","30","13:00","14.5","","0.1","","37","","0.0","","7","","6","","","","102.04","","","","","","NA"
"-65.01","46.79","KOUCHIBOUGUAC","8102326","2018-05-30 14:00","2018","05","30","14:00","16.0","","1.7","","38","","0.0","","11","","9","","","","101.96","","","","","","NA"
"-65.01","46.79","KOUCHIBOUGUAC","8102326","2018-05-30 15:00","2018","05","30","15:00","16.0","","3.3","","43","","0.0","","10","","9","","","","101.88","","","","","","NA"
"-65.01","46.79","KOUCHIBOUGUAC","8102326","2018-05-30 16:00","2018","05","30","16:00","17.1","","3.0","","39","","0.0","","11","","9","","","","101.80","","","","","","NA"
"-65.01","46.79","KOUCHIBOUGUAC","8102326","2018-05-30 17:00","2018","05","30","17:00","18.0","","4.3","","40","","0.0","","9","","7","","","","101.72","","","","","","NA"
"-65.01","46.79","KOUCHIBOUGUAC","8102326","2018-05-30 18:00","2018","05","30","18:00","17.1","","2.9","","39","","0.0","","14","","8","","","","101.68","","","","","","NA"
"-65.01","46.79","KOUCHIBOUGUAC","8102326","2018-05-30 19:00","2018","05","30","19:00","15.6","","2.2","","41","","0.0","","14","","8","","","","101.66","","","","","","NA"
"-65.01","46.79","KOUCHIBOUGUAC","8102326","2018-05-30 20:00","2018","05","30","20:00","13.1","","1.4","","45","","0.0","","15","","7","","","","101.66","","","","","","NA"
"-65.01","46.79","KOUCHIBOUGUAC","8102326","2018-05-30 21:00","2018","05","30","21:00","11.7","","0.7","","47","","0.0","","15","","11","","","","101.66","","","","","","NA"
"-65.01","46.79","KOUCHIBOUGUAC","8102326","2018-05-30 22:00","2018","05","30","22:00","10.6","","1.9","","55","","0.0","","15","","10","","","","101.59","","","","","","NA"
"-65.01","46.79","KOUCHIBOUGUAC","8102326","2018-05-30 23:00","2018","05","30","23:00","9.8","","1.7","","57","","0.0","","17","","5","","","","101.57","","","","","","NA"
"-65.01","46.79","KOUCHIBOUGUAC","8102326","2018-05-31 00:00","2018","05","31","00:00","6.4","","2.3","","75","","0.0","","19","","3","","","","101.55","","","","","","NA"
"-65.01","46.79","KOUCHIBOUGUAC","8102326","2018-05-31 01:00","2018","05","31","01:00","6.3","","2.9","","79","","0.0","","21","","4","","","","101.52","","","","","","NA"
"-65.01","46.79","KOUCHIBOUGUAC","8102326","2018-05-31 02:00","2018","05","31","02:00","8.4","","4.0","","74","","0.0","","22","","5","","","","101.51","","","","","","NA"
"-65.01","46.79","KOUCHIBOUGUAC","8102326","2018-05-31 03:00","2018","05","31","03:00","9.8","","4.9","","72","","0.0","","22","","6","","","","101.47","","","","","","NA"
"-65.01","46.79","KOUCHIBOUGUAC","8102326","2018-05-31 04:00","2018","05","31","04:00","9.9","","5.2","","73","","0.0","","22","","6","","","","101.47","","","","","","NA"
"-65.01","46.79","KOUCHIBOUGUAC","8102326","2018-05-31 05:00","2018","05","31","05:00","9.9","","5.5","","74","","0.0","","22","","6","","","","101.48","","","","","","NA"
"-65.01","46.79","KOUCHIBOUGUAC","8102326","2018-05-31 06:00","2018","05","31","06:00","11.8","","6.2","","68","","0.0","","22","","6","","","","101.52","","","","","","NA"
"-65.01","46.79","KOUCHIBOUGUAC","8102326","2018-05-31 07:00","2018","05","31","07:00","14.1","","6.9","","62","","0.0","","23","","7","","","","101.51","","","","","","NA"
"-65.01","46.79","KOUCHIBOUGUAC","8102326","2018-05-31 08:00","2018","05","31","08:00","17.4","","8.0","","54","","0.0","","24","","7","","","","101.44","","","","","","NA"
"-65.01","46.79","KOUCHIBOUGUAC","8102326","2018-05-31 09:00","2018","05","31","09:00","20.5","","9.1","","48","","0.0","","19","","5","","","","101.39","","","","","","NA"
"-65.01","46.79","KOUCHIBOUGUAC","8102326","2018-05-31 10:00","2018","05","31","10:00","23.0","","9.1","","41","","0.0","","21","","7","","","","101.35","","","","","","NA"
"-65.01","46.79","KOUCHIBOUGUAC","8102326","2018-05-31 11:00","2018","05","31","11:00","25.4","","8.9","","35","","0.0","","21","","7","","","","101.32","","26","","","","NA"
"-65.01","46.79","KOUCHIBOUGUAC","8102326","2018-05-31 12:00","2018","05","31","12:00","27.3","","6.6","","27","","0.0","","17","","6","","","","101.25","","27","","","","NA"
"-65.01","46.79","KOUCHIBOUGUAC","8102326","2018-05-31 13:00","2018","05","31","13:00","28.6","","6.6","","25","","0.0","","16","","7","","","","101.16","","28","","","","NA"
"-65.01","46.79","KOUCHIBOUGUAC","8102326","2018-05-31 14:00","2018","05","31","14:00","28.0","","9.6","","32","","0.0","","7","","10","","","","101.10","","29","","","","NA"
"-65.01","46.79","KOUCHIBOUGUAC","8102326","2018-05-31 15:00","2018","05","31","15:00","28.8","","9.6","","30","","0.0","","9","","9","","","","101.06","","30","","","","NA"
"-65.01","46.79","KOUCHIBOUGUAC","8102326","2018-05-31 16:00","2018","05","31","16:00","28.6","","8.8","","29","","0.0","","11","","11","","","","100.99","","29","","","","NA"
"-65.01","46.79","KOUCHIBOUGUAC","8102326","2018-05-31 17:00","2018","05","31","17:00","27.4","","7.9","","29","","0.0","","14","","12","","","","100.94","","28","","","","NA"
"-65.01","46.79","KOUCHIBOUGUAC","8102326","2018-05-31 18:00","2018","05","31","18:00","26.3","","8.4","","32","","0.0","","14","","12","","","","100.92","","27","","","","NA"
"-65.01","46.79","KOUCHIBOUGUAC","8102326","2018-05-31 19:00","2018","05","31","19:00","25.0","","10.2","","39","","0.0","","15","","10","","","","100.89","","26","","","","NA"
"-65.01","46.79","KOUCHIBOUGUAC","8102326","2018-05-31 20:00","2018","05","31","20:00","22.1","","11.2","","50","","0.0","","14","","7","","","","100.88","","","","","","NA"
"-65.01","46.79","KOUCHIBOUGUAC","8102326","2018-05-31 21:00","2018","05","31","21:00","20.1","","11.5","","58","","0.0","","15","","8","","","","100.90","","","","","","NA"
"-65.01","46.79","KOUCHIBOUGUAC","8102326","2018-05-31 22:00","2018","05","31","22:00","17.3","","11.9","","70","","0.0","","19","","4","","","","100.89","","","","","","NA"
"-65.01","46.79","KOUCHIBOUGUAC","8102326","2018-05-31 23:00","2018","05","31","23:00","18.3","","12.6","","69","","0.0","","19","","5","","","","100.88","","","","","","NA"
