"Longitude (x)","Latitude (y)","Station Name","Climate ID","Date/Time (LST)","Year","Month","Day","Time (LST)","Temp (°C)","Temp Flag","Dew Point Temp (°C)","Dew Point Temp Flag","Rel Hum (%)","Rel Hum Flag","Precip. Amount (mm)","Precip. Amount Flag","Wind Dir (10s deg)","Wind Dir Flag","Wind Spd (km/h)","Wind Spd Flag","Visibility (km)","Visibility Flag","Stn Press (kPa)","Stn Press Flag","Hmdx","Hmdx Flag","Wind Chill","Wind Chill Flag","Weather"
"-82.90","42.03","HARROW CDA AUTO","6133362","2018-02-01 00:00","2018","02","01","00:00","2.7","","-1.7","","73","","0.0","","25","","16","","","","98.52","","","","","","NA"
"-82.90","42.03","HARROW CDA AUTO","6133362","2018-02-01 01:00","2018","02","01","01:00","2.4","","-1.6","","75","","0.0","","25","","14","","","","98.50","","","","","","NA"
"-82.90","42.03","HARROW CDA AUTO","6133362","2018-02-01 02:00","2018","02","01","02:00","2.2","","-1.6","","76","","0.0","","24","","12","","","","98.52","","","","","","NA"
"-82.90","42.03","HARROW CDA AUTO","6133362","2018-02-01 03:00","2018","02","01","03:00","1.8","","-1.4","","79","","0.0","","23","","11","","","","98.52","","","","","","NA"
"-82.90","42.03","HARROW CDA AUTO","6133362","2018-02-01 04:00","2018","02","01","04:00","1.4","","-1.5","","81","","0.0","","25","","12","","","","98.53","","","","","","NA"
"-82.90","42.03","HARROW CDA AUTO","6133362","2018-02-01 05:00","2018","02","01","05:00","1.3","","-1.2","","84","","0.0","","22","","12","","","","98.48","","","","","","NA"
"-82.90","42.03","HARROW CDA AUTO","6133362","2018-02-01 06:00","2018","02","01","06:00","1.5","","-1.1","","83","","0.0","","23","","17","","","","98.51","","","","","","NA"
"-82.90","42.03","HARROW CDA AUTO","6133362","2018-02-01 07:00","2018","02","01","07:00","1.6","","-1.1","","82","","0.0","","24","","17","","","","98.52","","","","","","NA"
"-82.90","42.03","HARROW CDA AUTO","6133362","2018-02-01 08:00","2018","02","01","08:00","1.2","","-1.3","","83","","0.0","","24","","18","","","","98.52","","","","","","NA"
"-82.90","42.03","HARROW CDA AUTO","6133362","2018-02-01 09:00","2018","02","01","09:00","1.3","","-1.2","","83","","0.0","","24","","17","","","","98.55","","","","","","NA"
"-82.90","42.03","HARROW CDA AUTO","6133362","2018-02-01 10:00","2018","02","01","10:00","1.8","","-1.8","","77","","0.0","","25","","23","","","","98.65","","","","","","NA"
"-82.90","42.03","HARROW CDA AUTO","6133362","2018-02-01 11:00","2018","02","01","11:00","2.1","","-2.1","","74","","0.0","","26","","18","","","","98.66","","","","","","NA"
"-82.90","42.03","HARROW CDA AUTO","6133362","2018-02-01 12:00","2018","02","01","12:00","2.4","","-2.3","","71","","0.0","","27","","18","","","","98.71","","","","","","NA"
"-82.90","42.03","HARROW CDA AUTO","6133362","2018-02-01 13:00","2018","02","01","13:00","2.6","","-3.1","","66","","0.0","","27","","21","","","","98.70","","","","","","NA"
"-82.90","42.03","HARROW CDA AUTO","6133362","2018-02-01 14:00","2018","02","01","14:00","1.6","","-4.6","","63","","0.0","","29","","24","","","","98.78","","","","","","NA"
"-82.90","42.03","HARROW CDA AUTO","6133362","2018-02-01 15:00","2018","02","01","15:00","0.6","","-8.7","","50","","0.0","","29","","22","","","","98.85","","","","","","NA"
"-82.90","42.03","HARROW CDA AUTO","6133362","2018-02-01 16:00","2018","02","01","16:00","-0.3","","-10.5","","46","","0.0","","28","","23","","","","98.99","","","","-6","","NA"
"-82.90","42.03","HARROW CDA AUTO","6133362","2018-02-01 17:00","2018","02","01","17:00","-2.1","","-10.3","","53","","0.0","","31","","17","","","","99.18","","","","-7","","NA"
"-82.90","42.03","HARROW CDA AUTO","6133362","2018-02-01 18:00","2018","02","01","18:00","-4.2","","-12.2","","54","","0.0","","30","","17","","","","99.34","","","","-10","","NA"
"-82.90","42.03","HARROW CDA AUTO","6133362","2018-02-01 19:00","2018","02","01","19:00","-6.6","","-13.4","","59","","0.0","","30","","19","","","","99.50","","","","-13","","NA"
"-82.90","42.03","HARROW CDA AUTO","6133362","2018-02-01 20:00","2018","02","01","20:00","-7.8","","-13.4","","64","","0.0","","30","","22","","","","99.66","","","","-15","","NA"
"-82.90","42.03","HARROW CDA AUTO","6133362","2018-02-01 21:00","2018","02","01","21:00","-9.0","","-15.7","","58","","0.0","","30","","21","","","","99.77","","","","-17","","NA"
"-82.90","42.03","HARROW CDA AUTO","6133362","2018-02-01 22:00","2018","02","01","22:00","-10.1","","-16.1","","62","","0.0","","32","","17","","","","99.89","","","","-17","","NA"
"-82.90","42.03","HARROW CDA AUTO","6133362","2018-02-01 23:00","2018","02","01","23:00","-11.0","","-18.3","","55","","0.0","","33","","18","","","","99.98","","","","-19","","NA"
"-82.90","42.03","HARROW CDA AUTO","6133362","2018-02-02 00:00","2018","02","02","00:00","-11.6","","-18.6","","56","","0.0","","32","","13","","","","100.05","","","","-18","","NA"
"-82.90","42.03","HARROW CDA AUTO","6133362","2018-02-02 01:00","2018","02","02","01:00","-11.8","","-18.5","","58","","0.0","","31","","12","","","","100.13","","","","-18","","NA"
"-82.90","42.03","HARROW CDA AUTO","6133362","2018-02-02 02:00","2018","02","02","02:00","-12.0","","-18.4","","59","","0.0","","31","","13","","","","100.15","","","","-19","","NA"
"-82.90","42.03","HARROW CDA AUTO","6133362","2018-02-02 03:00","2018","02","02","03:00","-12.1","","-17.7","","63","","0.0","","30","","14","","","","100.21","","","","-19","","NA"
"-82.90","42.03","HARROW CDA AUTO","6133362","2018-02-02 04:00","2018","02","02","04:00","-12.1","","-17.1","","66","","0.0","","30","","15","","","","100.28","","","","-19","","NA"
"-82.90","42.03","HARROW CDA AUTO","6133362","2018-02-02 05:00","2018","02","02","05:00","-12.1","","-16.9","","68","","0.0","","29","","14","","","","100.30","","","","-19","","NA"
"-82.90","42.03","HARROW CDA AUTO","6133362","2018-02-02 06:00","2018","02","02","06:00","-12.1","","-16.4","","70","","0.0","","30","","15","","","","100.37","","","","-19","","NA"
"-82.90","42.03","HARROW CDA AUTO","6133362","2018-02-02 07:00","2018","02","02","07:00","-11.9","","-16.2","","70","","0.0","","30","","14","","","","100.45","","","","-19","","NA"
"-82.90","42.03","HARROW CDA AUTO","6133362","2018-02-02 08:00","2018","02","02","08:00","-11.2","","-16.3","","66","","0.0","","30","","15","","","","100.50","","","","-18","","NA"
"-82.90","42.03","HARROW CDA AUTO","6133362","2018-02-02 09:00","2018","02","02","09:00","-10.9","","-16.0","","66","","0.0","","29","","17","","","","100.56","","","","-18","","NA"
"-82.90","42.03","HARROW CDA AUTO","6133362","2018-02-02 10:00","2018","02","02","10:00","-9.9","","-16.9","","57","","0.0","","30","","14","","","","100.64","","","","-16","","NA"
"-82.90","42.03","HARROW CDA AUTO","6133362","2018-02-02 11:00","2018","02","02","11:00","-8.6","","-16.9","","51","","0.0","","29","","18","","","","100.68","","","","-16","","NA"
"-82.90","42.03","HARROW CDA AUTO","6133362","2018-02-02 12:00","2018","02","02","12:00","-7.8","","-16.6","","49","","0.0","","30","","15","","","","100.67","","","","-14","","NA"
"-82.90","42.03","HARROW CDA AUTO","6133362","2018-02-02 13:00","2018","02","02","13:00","-7.7","","-16.8","","48","","0.0","","29","","13","","","","100.64","","","","-13","","NA"
"-82.90","42.03","HARROW CDA AUTO","6133362","2018-02-02 14:00","2018","02","02","14:00","-7.7","","-17.1","","47","","0.0","","29","","13","","","","100.58","","","","-13","","NA"
"-82.90","42.03","HARROW CDA AUTO","6133362","2018-02-02 15:00","2018","02","02","15:00","-7.4","","-15.8","","51","","0.0","","27","","18","","","","100.51","","","","-14","","NA"
"-82.90","42.03","HARROW CDA AUTO","6133362","2018-02-02 16:00","2018","02","02","16:00","-7.5","","-14.7","","56","","0.0","","27","","15","","","","100.52","","","","-14","","NA"
"-82.90","42.03","HARROW CDA AUTO","6133362","2018-02-02 17:00","2018","02","02","17:00","-7.6","","-15.0","","55","","0.0","","27","","19","","","","100.50","","","","-15","","NA"
"-82.90","42.03","HARROW CDA AUTO","6133362","2018-02-02 18:00","2018","02","02","18:00","-7.6","","-15.5","","53","","0.0","","27","","23","","","","100.52","","","","-15","","NA"
"-82.90","42.03","HARROW CDA AUTO","6133362","2018-02-02 19:00","2018","02","02","19:00","-7.6","","-13.2","","64","","0.0","","27","","17","","","","100.52","","","","-14","","NA"
"-82.90","42.03","HARROW CDA AUTO","6133362","2018-02-02 20:00","2018","02","02","20:00","-7.6","","-15.0","","55","","0.0","","28","","23","","","","100.55","","","","-15","","NA"
"-82.90","42.03","HARROW CDA AUTO","6133362","2018-02-02 21:00","2018","02","02","21:00","-8.5","","-15.0","","59","","0.0","","27","","15","","","","100.49","","","","-15","","NA"
"-82.90","42.03","HARROW CDA AUTO","6133362","2018-02-02 22:00","2018","02","02","22:00","-9.1","","-14.8","","63","","0.0","","28","","19","","","","100.49","","","","-17","","NA"
"-82.90","42.03","HARROW CDA AUTO","6133362","2018-02-02 23:00","2018","02","02","23:00","-9.7","","-14.9","","66","","0.0","","28","","12","","","","100.47","","","","-16","","NA"
"-82.90","42.03","HARROW CDA AUTO","6133362","2018-02-03 00:00","2018","02","03","00:00","-10.1","","-15.0","","67","","0.0","","29","","11","","","","100.46","","","","-16","","NA"
"-82.90","42.03","HARROW CDA AUTO","6133362","2018-02-03 01:00","2018","02","03","01:00","-10.2","","-14.8","","69","","0.0","","28","","9","","","","100.43","","","","-15","","NA"
"-82.90","42.03","HARROW CDA AUTO","6133362","2018-02-03 02:00","2018","02","03","02:00","-8.8","","-14.7","","62","","0.0","","27","","15","","","","100.38","","","","-15","","NA"
"-82.90","42.03","HARROW CDA AUTO","6133362","2018-02-03 03:00","2018","02","03","03:00","-8.0","","-15.0","","57","","0.0","","26","","16","","","","100.32","","","","-15","","NA"
"-82.90","42.03","HARROW CDA AUTO","6133362","2018-02-03 04:00","2018","02","03","04:00","-7.4","","-14.7","","56","","0.0","","25","","21","","","","100.22","","","","-15","","NA"
"-82.90","42.03","HARROW CDA AUTO","6133362","2018-02-03 05:00","2018","02","03","05:00","-7.0","","-14.2","","57","","0.0","","26","","19","","","","100.23","","","","-14","","NA"
"-82.90","42.03","HARROW CDA AUTO","6133362","2018-02-03 06:00","2018","02","03","06:00","-6.8","","-13.4","","59","","0.0","","25","","21","","","","100.21","","","","-14","","NA"
"-82.90","42.03","HARROW CDA AUTO","6133362","2018-02-03 07:00","2018","02","03","07:00","-6.7","","-12.7","","62","","0.0","","23","","17","","","","100.17","","","","-13","","NA"
"-82.90","42.03","HARROW CDA AUTO","6133362","2018-02-03 08:00","2018","02","03","08:00","-6.5","","-11.9","","66","","0.0","","23","","16","","","","100.13","","","","-13","","NA"
"-82.90","42.03","HARROW CDA AUTO","6133362","2018-02-03 09:00","2018","02","03","09:00","-6.3","","-10.1","","74","","0.0","","23","","20","","","","100.14","","","","-13","","NA"
"-82.90","42.03","HARROW CDA AUTO","6133362","2018-02-03 10:00","2018","02","03","10:00","-5.5","","-9.4","","74","","0.0","","23","","18","","","","100.08","","","","-12","","NA"
"-82.90","42.03","HARROW CDA AUTO","6133362","2018-02-03 11:00","2018","02","03","11:00","-4.3","","-9.1","","69","","0.0","","22","","19","","","","100.00","","","","-10","","NA"
"-82.90","42.03","HARROW CDA AUTO","6133362","2018-02-03 12:00","2018","02","03","12:00","-3.7","","-9.9","","62","","0.0","","22","","20","","","","99.92","","","","-10","","NA"
"-82.90","42.03","HARROW CDA AUTO","6133362","2018-02-03 13:00","2018","02","03","13:00","-2.8","","-10.0","","57","","0.0","","22","","20","","","","99.77","","","","-9","","NA"
"-82.90","42.03","HARROW CDA AUTO","6133362","2018-02-03 14:00","2018","02","03","14:00","-1.6","","-9.8","","54","","0.0","","21","","19","","","","99.60","","","","-7","","NA"
"-82.90","42.03","HARROW CDA AUTO","6133362","2018-02-03 15:00","2018","02","03","15:00","-1.1","","-9.8","","52","","0.0","","21","","23","","","","99.46","","","","-7","","NA"
"-82.90","42.03","HARROW CDA AUTO","6133362","2018-02-03 16:00","2018","02","03","16:00","-0.7","","-9.1","","53","","0.0","","21","","22","","","","99.39","","","","-6","","NA"
"-82.90","42.03","HARROW CDA AUTO","6133362","2018-02-03 17:00","2018","02","03","17:00","-0.5","","-8.4","","55","","0.0","","21","","24","","","","99.26","","","","-6","","NA"
"-82.90","42.03","HARROW CDA AUTO","6133362","2018-02-03 18:00","2018","02","03","18:00","-1.0","","-7.7","","60","","0.0","","19","","27","","","","99.12","","","","-7","","NA"
"-82.90","42.03","HARROW CDA AUTO","6133362","2018-02-03 19:00","2018","02","03","19:00","-0.7","","-7.1","","62","","0.0","","19","","29","","","","99.04","","","","-7","","NA"
"-82.90","42.03","HARROW CDA AUTO","6133362","2018-02-03 20:00","2018","02","03","20:00","-0.6","","-6.9","","62","","0.0","","19","","29","","","","99.00","","","","-7","","NA"
"-82.90","42.03","HARROW CDA AUTO","6133362","2018-02-03 21:00","2018","02","03","21:00","-0.7","","-7.2","","61","","0.0","","19","","28","","","","98.91","","","","-7","","NA"
"-82.90","42.03","HARROW CDA AUTO","6133362","2018-02-03 22:00","2018","02","03","22:00","-0.1","","-7.6","","57","","0.0","","20","","31","","","","98.86","","","","-7","","NA"
"-82.90","42.03","HARROW CDA AUTO","6133362","2018-02-03 23:00","2018","02","03","23:00","0.3","","-7.2","","57","","0.0","","21","","25","","","","98.79","","","","","","NA"
"-82.90","42.03","HARROW CDA AUTO","6133362","2018-02-04 00:00","2018","02","04","00:00","0.7","","-7.8","","53","","0.0","","21","","28","","","","98.81","","","","","","NA"
"-82.90","42.03","HARROW CDA AUTO","6133362","2018-02-04 01:00","2018","02","04","01:00","0.8","","-7.1","","56","","0.0","","22","","18","","","","98.77","","","","","","NA"
"-82.90","42.03","HARROW CDA AUTO","6133362","2018-02-04 02:00","2018","02","04","02:00","0.3","","-2.3","","83","","0.0","","23","","32","","","","98.74","","","","","","NA"
"-82.90","42.03","HARROW CDA AUTO","6133362","2018-02-04 03:00","2018","02","04","03:00","-0.5","","-1.7","","91","","0.0","","24","","24","","","","98.72","","","","-6","","NA"
"-82.90","42.03","HARROW CDA AUTO","6133362","2018-02-04 04:00","2018","02","04","04:00","0.0","","-1.1","","92","","0.0","","22","","24","","","","98.66","","","","-6","","NA"
"-82.90","42.03","HARROW CDA AUTO","6133362","2018-02-04 05:00","2018","02","04","05:00","0.1","","-1.0","","92","","0.0","","22","","20","","","","98.65","","","","","","NA"
"-82.90","42.03","HARROW CDA AUTO","6133362","2018-02-04 06:00","2018","02","04","06:00","0.1","","-1.2","","91","","0.0","","22","","16","","","","98.65","","","","","","NA"
"-82.90","42.03","HARROW CDA AUTO","6133362","2018-02-04 07:00","2018","02","04","07:00","-0.2","","-1.1","","93","","0.5","","22","","15","","","","98.63","","","","-5","","NA"
"-82.90","42.03","HARROW CDA AUTO","6133362","2018-02-04 08:00","2018","02","04","08:00","-0.2","","-1.0","","94","","0.5","","21","","17","","","","98.63","","","","-5","","NA"
"-82.90","42.03","HARROW CDA AUTO","6133362","2018-02-04 09:00","2018","02","04","09:00","0.1","","-0.5","","95","","0.3","","22","","16","","","","98.62","","","","","","NA"
"-82.90","42.03","HARROW CDA AUTO","6133362","2018-02-04 10:00","2018","02","04","10:00","0.2","","-0.4","","96","","0.9","","23","","11","","","","98.60","","","","","","NA"
"-82.90","42.03","HARROW CDA AUTO","6133362","2018-02-04 11:00","2018","02","04","11:00","0.2","","-0.4","","96","","0.5","","22","","9","","","","98.55","","","","","","NA"
"-82.90","42.03","HARROW CDA AUTO","6133362","2018-02-04 12:00","2018","02","04","12:00","0.6","","0.0","","96","","0.0","","23","","14","","","","98.47","","","","","","NA"
"-82.90","42.03","HARROW CDA AUTO","6133362","2018-02-04 13:00","2018","02","04","13:00","0.7","","-0.1","","95","","0.0","","23","","14","","","","98.39","","","","","","NA"
"-82.90","42.03","HARROW CDA AUTO","6133362","2018-02-04 14:00","2018","02","04","14:00","0.6","","-0.2","","94","","0.0","","26","","12","","","","98.37","","","","","","NA"
"-82.90","42.03","HARROW CDA AUTO","6133362","2018-02-04 15:00","2018","02","04","15:00","0.7","","-0.4","","92","","0.3","","27","","8","","","","98.39","","","","","","NA"
"-82.90","42.03","HARROW CDA AUTO","6133362","2018-02-04 16:00","2018","02","04","16:00","-2.5","","-4.3","","88","","0.3","","2","","23","","","","98.48","","","","-9","","NA"
"-82.90","42.03","HARROW CDA AUTO","6133362","2018-02-04 17:00","2018","02","04","17:00","-4.2","","-6.4","","84","","0.6","","1","","21","","","","98.63","","","","-11","","NA"
"-82.90","42.03","HARROW CDA AUTO","6133362","2018-02-04 18:00","2018","02","04","18:00","-5.0","","-7.3","","84","","0.2","","1","","20","","","","98.75","","","","-12","","NA"
"-82.90","42.03","HARROW CDA AUTO","6133362","2018-02-04 19:00","2018","02","04","19:00","-6.6","","-8.3","","88","","0.5","","36","","22","","","","98.91","","","","-14","","NA"
"-82.90","42.03","HARROW CDA AUTO","6133362","2018-02-04 20:00","2018","02","04","20:00","-7.3","","-9.0","","88","","0.5","","36","","19","","","","99.08","","","","-14","","NA"
"-82.90","42.03","HARROW CDA AUTO","6133362","2018-02-04 21:00","2018","02","04","21:00","-7.9","","-9.6","","87","","0.2","","35","","9","","","","99.22","","","","-12","","NA"
"-82.90","42.03","HARROW CDA AUTO","6133362","2018-02-04 22:00","2018","02","04","22:00","-8.5","","-10.7","","85","","0.2","","33","","12","","","","99.37","","","","-14","","NA"
"-82.90","42.03","HARROW CDA AUTO","6133362","2018-02-04 23:00","2018","02","04","23:00","-9.2","","-12.9","","75","","0.0","","33","","13","","","","99.49","","","","-15","","NA"
"-82.90","42.03","HARROW CDA AUTO","6133362","2018-02-05 00:00","2018","02","05","00:00","-10.9","","-15.6","","68","","0.0","","32","","13","","","","99.60","","","","-17","","NA"
"-82.90","42.03","HARROW CDA AUTO","6133362","2018-02-05 01:00","2018","02","05","01:00","-12.1","","-16.6","","69","","0.2","","33","","10","","","","99.68","","","","-18","","NA"
"-82.90","42.03","HARROW CDA AUTO","6133362","2018-02-05 02:00","2018","02","05","02:00","-13.3","","-17.7","","69","","0.0","","32","","7","","","","99.75","","","","-18","","NA"
"-82.90","42.03","HARROW CDA AUTO","6133362","2018-02-05 03:00","2018","02","05","03:00","-14.3","","-18.0","","73","","0.0","","28","","6","","","","99.80","","","","-18","","NA"
"-82.90","42.03","HARROW CDA AUTO","6133362","2018-02-05 04:00","2018","02","05","04:00","-14.3","","-17.5","","77","","0.0","","29","","7","","","","99.86","","","","-19","","NA"
"-82.90","42.03","HARROW CDA AUTO","6133362","2018-02-05 05:00","2018","02","05","05:00","-12.7","","-16.4","","73","","0.0","","29","","7","","","","99.92","","","","-17","","NA"
"-82.90","42.03","HARROW CDA AUTO","6133362","2018-02-05 06:00","2018","02","05","06:00","-12.3","","-15.9","","74","","0.0","","25","","5","","","","99.93","","","","-16","","NA"
"-82.90","42.03","HARROW CDA AUTO","6133362","2018-02-05 07:00","2018","02","05","07:00","-11.3","","-15.0","","74","","0.0","","25","","3","","","","99.95","","","","-13","","NA"
"-82.90","42.03","HARROW CDA AUTO","6133362","2018-02-05 08:00","2018","02","05","08:00","-9.6","","-14.6","","67","","0.0","","29","","10","","","","100.05","","","","-15","","NA"
"-82.90","42.03","HARROW CDA AUTO","6133362","2018-02-05 09:00","2018","02","05","09:00","-9.3","","-14.0","","69","","0.0","","27","","14","","","","100.17","","","","-16","","NA"
"-82.90","42.03","HARROW CDA AUTO","6133362","2018-02-05 10:00","2018","02","05","10:00","-8.9","","-13.5","","69","","0.0","","26","","21","","","","100.15","","","","-17","","NA"
"-82.90","42.03","HARROW CDA AUTO","6133362","2018-02-05 11:00","2018","02","05","11:00","-8.5","","-13.7","","66","","0.0","","24","","22","","","","100.12","","","","-16","","NA"
"-82.90","42.03","HARROW CDA AUTO","6133362","2018-02-05 12:00","2018","02","05","12:00","-8.5","","-13.9","","65","","0.0","","25","","23","","","","100.13","","","","-17","","NA"
"-82.90","42.03","HARROW CDA AUTO","6133362","2018-02-05 13:00","2018","02","05","13:00","-8.1","","-12.1","","73","","0.0","","24","","20","","","","100.02","","","","-15","","NA"
"-82.90","42.03","HARROW CDA AUTO","6133362","2018-02-05 14:00","2018","02","05","14:00","-8.3","","-14.3","","62","","0.0","","25","","25","","","","99.95","","","","-17","","NA"
"-82.90","42.03","HARROW CDA AUTO","6133362","2018-02-05 15:00","2018","02","05","15:00","-8.2","","-13.7","","65","","0.0","","24","","21","","","","99.94","","","","-16","","NA"
"-82.90","42.03","HARROW CDA AUTO","6133362","2018-02-05 16:00","2018","02","05","16:00","-8.5","","-14.3","","63","","0.0","","22","","21","","","","99.92","","","","-16","","NA"
"-82.90","42.03","HARROW CDA AUTO","6133362","2018-02-05 17:00","2018","02","05","17:00","-8.7","","-14.2","","64","","0.0","","22","","20","","","","99.89","","","","-16","","NA"
"-82.90","42.03","HARROW CDA AUTO","6133362","2018-02-05 18:00","2018","02","05","18:00","-8.5","","-14.0","","65","","0.0","","23","","18","","","","99.94","","","","-16","","NA"
"-82.90","42.03","HARROW CDA AUTO","6133362","2018-02-05 19:00","2018","02","05","19:00","-8.4","","-13.9","","64","","0.0","","21","","18","","","","99.92","","","","-15","","NA"
"-82.90","42.03","HARROW CDA AUTO","6133362","2018-02-05 20:00","2018","02","05","20:00","-8.1","","-14.0","","62","","0.0","","25","","23","","","","100.04","","","","-16","","NA"
"-82.90","42.03","HARROW CDA AUTO","6133362","2018-02-05 21:00","2018","02","05","21:00","-9.0","","-13.4","","70","","0.0","","27","","23","","","","100.01","","","","-17","","NA"
"-82.90","42.03","HARROW CDA AUTO","6133362","2018-02-05 22:00","2018","02","05","22:00","-9.2","","-11.5","","84","","0.0","","28","","9","","","","99.96","","","","-14","","NA"
"-82.90","42.03","HARROW CDA AUTO","6133362","2018-02-05 23:00","2018","02","05","23:00","-9.5","","-11.5","","85","","0.2","","30","","10","","","","99.93","","","","-15","","NA"
"-82.90","42.03","HARROW CDA AUTO","6133362","2018-02-06 00:00","2018","02","06","00:00","-9.4","","-11.1","","87","","0.3","","27","","6","","","","99.89","","","","-13","","NA"
"-82.90","42.03","HARROW CDA AUTO","6133362","2018-02-06 01:00","2018","02","06","01:00","-9.0","","-10.5","","89","","0.5","","28","","7","","","","99.89","","","","-13","","NA"
"-82.90","42.03","HARROW CDA AUTO","6133362","2018-02-06 02:00","2018","02","06","02:00","-9.4","","-10.9","","88","","0.9","","31","","6","","","","99.90","","","","-13","","NA"
"-82.90","42.03","HARROW CDA AUTO","6133362","2018-02-06 03:00","2018","02","06","03:00","-9.6","","-11.2","","88","","0.8","","28","","7","","","","99.98","","","","-14","","NA"
"-82.90","42.03","HARROW CDA AUTO","6133362","2018-02-06 04:00","2018","02","06","04:00","-9.7","","-11.6","","86","","0.0","","28","","7","","","","99.98","","","","-14","","NA"
"-82.90","42.03","HARROW CDA AUTO","6133362","2018-02-06 05:00","2018","02","06","05:00","-10.4","","-12.4","","85","","0.0","","26","","6","","","","100.00","","","","-14","","NA"
"-82.90","42.03","HARROW CDA AUTO","6133362","2018-02-06 06:00","2018","02","06","06:00","-11.7","","-13.7","","85","","0.0","","25","","8","","","","100.11","","","","-16","","NA"
"-82.90","42.03","HARROW CDA AUTO","6133362","2018-02-06 07:00","2018","02","06","07:00","-11.9","","-14.0","","85","","0.0","","26","","9","","","","100.23","","","","-17","","NA"
"-82.90","42.03","HARROW CDA AUTO","6133362","2018-02-06 08:00","2018","02","06","08:00","-12.5","","-14.9","","82","","0.0","","26","","10","","","","100.32","","","","-18","","NA"
"-82.90","42.03","HARROW CDA AUTO","6133362","2018-02-06 09:00","2018","02","06","09:00","-10.4","","-12.8","","83","","0.0","","27","","10","","","","100.42","","","","-16","","NA"
"-82.90","42.03","HARROW CDA AUTO","6133362","2018-02-06 10:00","2018","02","06","10:00","-9.8","","-12.6","","80","","0.0","","27","","12","","","","100.56","","","","-16","","NA"
"-82.90","42.03","HARROW CDA AUTO","6133362","2018-02-06 11:00","2018","02","06","11:00","-8.9","","-12.1","","78","","0.0","","26","","11","","","","100.63","","","","-14","","NA"
"-82.90","42.03","HARROW CDA AUTO","6133362","2018-02-06 12:00","2018","02","06","12:00","-7.6","","-11.4","","74","","0.0","","24","","8","","","","100.63","","","","-12","","NA"
"-82.90","42.03","HARROW CDA AUTO","6133362","2018-02-06 13:00","2018","02","06","13:00","-7.1","","-11.2","","73","","0.0","","25","","10","","","","100.63","","","","-12","","NA"
"-82.90","42.03","HARROW CDA AUTO","6133362","2018-02-06 14:00","2018","02","06","14:00","-6.4","","-11.4","","67","","0.0","","25","","9","","","","100.61","","","","-11","","NA"
"-82.90","42.03","HARROW CDA AUTO","6133362","2018-02-06 15:00","2018","02","06","15:00","-6.3","","-11.7","","66","","0.0","","25","","9","","","","100.59","","","","-11","","NA"
"-82.90","42.03","HARROW CDA AUTO","6133362","2018-02-06 16:00","2018","02","06","16:00","-6.8","","-11.4","","70","","0.0","","21","","10","","","","100.66","","","","-11","","NA"
"-82.90","42.03","HARROW CDA AUTO","6133362","2018-02-06 17:00","2018","02","06","17:00","-7.9","","-11.9","","73","","0.0","","19","","9","","","","100.66","","","","-12","","NA"
"-82.90","42.03","HARROW CDA AUTO","6133362","2018-02-06 18:00","2018","02","06","18:00","-9.5","","-12.8","","77","","0.0","","18","","7","","","","100.69","","","","-13","","NA"
"-82.90","42.03","HARROW CDA AUTO","6133362","2018-02-06 19:00","2018","02","06","19:00","-10.4","","-12.6","","84","","0.0","","17","","7","","","","100.71","","","","-14","","NA"
"-82.90","42.03","HARROW CDA AUTO","6133362","2018-02-06 20:00","2018","02","06","20:00","-9.9","","-11.9","","85","","0.0","","17","","6","","","","100.72","","","","-13","","NA"
"-82.90","42.03","HARROW CDA AUTO","6133362","2018-02-06 21:00","2018","02","06","21:00","-8.7","","-10.9","","84","","0.0","","15","","3","","","","100.69","","","","-10","","NA"
"-82.90","42.03","HARROW CDA AUTO","6133362","2018-02-06 22:00","2018","02","06","22:00","-9.5","","-11.5","","85","","0.0","","7","","3","","","","100.63","","","","-11","","NA"
"-82.90","42.03","HARROW CDA AUTO","6133362","2018-02-06 23:00","2018","02","06","23:00","-8.5","","-10.6","","85","","0.0","","8","","2","","","","100.58","","","","-10","","NA"
"-82.90","42.03","HARROW CDA AUTO","6133362","2018-02-07 00:00","2018","02","07","00:00","-8.4","","-11.1","","80","","0.0","","6","","4","","","","100.44","","","","-11","","NA"
"-82.90","42.03","HARROW CDA AUTO","6133362","2018-02-07 01:00","2018","02","07","01:00","-7.7","","-11.0","","77","","0.0","","5","","3","","","","100.44","","","","-9","","NA"
"-82.90","42.03","HARROW CDA AUTO","6133362","2018-02-07 02:00","2018","02","07","02:00","-7.7","","-10.4","","81","","0.0","","5","","5","","","","100.33","","","","-10","","NA"
"-82.90","42.03","HARROW CDA AUTO","6133362","2018-02-07 03:00","2018","02","07","03:00","-8.1","","-9.9","","87","","0.0","","4","","5","","","","100.30","","","","-11","","NA"
"-82.90","42.03","HARROW CDA AUTO","6133362","2018-02-07 04:00","2018","02","07","04:00","-8.3","","-9.8","","89","","0.5","","4","","11","","","","100.06","","","","-14","","NA"
"-82.90","42.03","HARROW CDA AUTO","6133362","2018-02-07 05:00","2018","02","07","05:00","-8.1","","-9.6","","89","","0.0","","4","","9","","","","100.06","","","","-13","","NA"
"-82.90","42.03","HARROW CDA AUTO","6133362","2018-02-07 06:00","2018","02","07","06:00","-8.2","","-9.6","","90","","0.6","","4","","8","","","","99.97","","","","-12","","NA"
"-82.90","42.03","HARROW CDA AUTO","6133362","2018-02-07 07:00","2018","02","07","07:00","-8.4","","-9.7","","90","","0.8","","4","","9","","","","99.93","","","","-13","","NA"
"-82.90","42.03","HARROW CDA AUTO","6133362","2018-02-07 08:00","2018","02","07","08:00","-8.6","","-10.0","","90","","0.6","","3","","10","","","","99.89","","","","-14","","NA"
"-82.90","42.03","HARROW CDA AUTO","6133362","2018-02-07 09:00","2018","02","07","09:00","-8.7","","-10.2","","89","","0.8","","1","","9","","","","99.91","","","","-13","","NA"
"-82.90","42.03","HARROW CDA AUTO","6133362","2018-02-07 10:00","2018","02","07","10:00","-8.1","","-9.9","","87","","0.3","","1","","10","","","","99.90","","","","-13","","NA"
"-82.90","42.03","HARROW CDA AUTO","6133362","2018-02-07 11:00","2018","02","07","11:00","-6.6","","-8.7","","85","","0.0","","36","","8","","","","99.85","","","","-10","","NA"
"-82.90","42.03","HARROW CDA AUTO","6133362","2018-02-07 12:00","2018","02","07","12:00","-6.2","","-8.9","","81","","0.0","","36","","11","","","","99.86","","","","-11","","NA"
"-82.90","42.03","HARROW CDA AUTO","6133362","2018-02-07 13:00","2018","02","07","13:00","-5.4","","-9.1","","75","","0.0","","35","","8","","","","99.85","","","","-9","","NA"
"-82.90","42.03","HARROW CDA AUTO","6133362","2018-02-07 14:00","2018","02","07","14:00","-5.1","","-9.0","","74","","0.0","","32","","8","","","","99.86","","","","-9","","NA"
"-82.90","42.03","HARROW CDA AUTO","6133362","2018-02-07 15:00","2018","02","07","15:00","-4.7","","-9.8","","68","","0.0","","31","","8","","","","99.91","","","","-8","","NA"
"-82.90","42.03","HARROW CDA AUTO","6133362","2018-02-07 16:00","2018","02","07","16:00","-4.2","","-10.3","","62","","0.0","","32","","9","","","","99.96","","","","-8","","NA"
"-82.90","42.03","HARROW CDA AUTO","6133362","2018-02-07 17:00","2018","02","07","17:00","-4.5","","-10.9","","61","","0.0","","31","","8","","","","100.05","","","","-8","","NA"
"-82.90","42.03","HARROW CDA AUTO","6133362","2018-02-07 18:00","2018","02","07","18:00","-6.2","","-11.9","","64","","0.0","","31","","5","","","","100.14","","","","-9","","NA"
"-82.90","42.03","HARROW CDA AUTO","6133362","2018-02-07 19:00","2018","02","07","19:00","-8.1","","-12.1","","72","","0.0","","30","","3","","","","100.30","","","","-10","","NA"
"-82.90","42.03","HARROW CDA AUTO","6133362","2018-02-07 20:00","2018","02","07","20:00","-6.4","","-11.9","","65","","0.0","","32","","4","","","","100.35","","","","-8","","NA"
"-82.90","42.03","HARROW CDA AUTO","6133362","2018-02-07 21:00","2018","02","07","21:00","-6.9","","-11.3","","71","","0.0","","29","","2","","","","100.44","","","","-8","","NA"
"-82.90","42.03","HARROW CDA AUTO","6133362","2018-02-07 22:00","2018","02","07","22:00","-7.2","","-11.3","","73","","0.0","","26","","1","","","","100.43","","","","-8","","NA"
"-82.90","42.03","HARROW CDA AUTO","6133362","2018-02-07 23:00","2018","02","07","23:00","-6.5","","-10.5","","73","","0.0","","32","","2","","","","100.43","","","","-7","","NA"
"-82.90","42.03","HARROW CDA AUTO","6133362","2018-02-08 00:00","2018","02","08","00:00","-6.9","","-9.3","","83","","0.0","","27","","4","","","","100.47","","","","-9","","NA"
"-82.90","42.03","HARROW CDA AUTO","6133362","2018-02-08 01:00","2018","02","08","01:00","-6.8","","-8.7","","86","","0.0","","31","","4","","","","100.48","","","","-9","","NA"
"-82.90","42.03","HARROW CDA AUTO","6133362","2018-02-08 02:00","2018","02","08","02:00","-6.9","","-8.5","","88","","0.2","","33","","4","","","","100.49","","","","-9","","NA"
"-82.90","42.03","HARROW CDA AUTO","6133362","2018-02-08 03:00","2018","02","08","03:00","-7.2","","-8.9","","88","","0.0","","29","","6","","","","100.49","","","","-10","","NA"
"-82.90","42.03","HARROW CDA AUTO","6133362","2018-02-08 04:00","2018","02","08","04:00","-7.4","","-9.8","","83","","0.0","","31","","6","","","","100.47","","","","-11","","NA"
"-82.90","42.03","HARROW CDA AUTO","6133362","2018-02-08 05:00","2018","02","08","05:00","-8.6","","-11.1","","82","","0.0","","31","","7","","","","100.49","","","","-12","","NA"
"-82.90","42.03","HARROW CDA AUTO","6133362","2018-02-08 06:00","2018","02","08","06:00","-9.7","","-12.5","","80","","0.0","","32","","6","","","","100.57","","","","-13","","NA"
"-82.90","42.03","HARROW CDA AUTO","6133362","2018-02-08 07:00","2018","02","08","07:00","-10.5","","-13.4","","79","","0.0","","32","","3","","","","100.60","","","","-12","","NA"
"-82.90","42.03","HARROW CDA AUTO","6133362","2018-02-08 08:00","2018","02","08","08:00","-10.8","","-13.6","","80","","0.0","","26","","6","","","","100.68","","","","-14","","NA"
"-82.90","42.03","HARROW CDA AUTO","6133362","2018-02-08 09:00","2018","02","08","09:00","-9.6","","-11.7","","85","","0.0","","23","","6","","","","100.64","","","","-13","","NA"
"-82.90","42.03","HARROW CDA AUTO","6133362","2018-02-08 10:00","2018","02","08","10:00","-8.7","","-10.6","","86","","0.0","","23","","11","","","","100.62","","","","-14","","NA"
"-82.90","42.03","HARROW CDA AUTO","6133362","2018-02-08 11:00","2018","02","08","11:00","-9.1","","-11.2","","85","","0.0","","23","","15","","","","100.62","","","","-16","","NA"
"-82.90","42.03","HARROW CDA AUTO","6133362","2018-02-08 12:00","2018","02","08","12:00","-8.9","","-11.3","","83","","0.0","","24","","20","","","","100.63","","","","-16","","NA"
"-82.90","42.03","HARROW CDA AUTO","6133362","2018-02-08 13:00","2018","02","08","13:00","-8.5","","-11.2","","81","","0.0","","24","","21","","","","100.58","","","","-16","","NA"
"-82.90","42.03","HARROW CDA AUTO","6133362","2018-02-08 14:00","2018","02","08","14:00","-8.2","","-11.1","","79","","0.0","","23","","19","","","","100.52","","","","-15","","NA"
"-82.90","42.03","HARROW CDA AUTO","6133362","2018-02-08 15:00","2018","02","08","15:00","-7.8","","-12.2","","70","","0.0","","25","","25","","","","100.50","","","","-16","","NA"
"-82.90","42.03","HARROW CDA AUTO","6133362","2018-02-08 16:00","2018","02","08","16:00","-7.6","","-12.2","","70","","0.0","","25","","19","","","","100.55","","","","-15","","NA"
"-82.90","42.03","HARROW CDA AUTO","6133362","2018-02-08 17:00","2018","02","08","17:00","-7.8","","-12.2","","71","","0.0","","25","","19","","","","100.55","","","","-15","","NA"
"-82.90","42.03","HARROW CDA AUTO","6133362","2018-02-08 18:00","2018","02","08","18:00","-8.6","","-12.7","","73","","0.0","","24","","16","","","","100.60","","","","-15","","NA"
"-82.90","42.03","HARROW CDA AUTO","6133362","2018-02-08 19:00","2018","02","08","19:00","-7.7","","-12.2","","70","","0.0","","25","","19","","","","100.68","","","","-15","","NA"
"-82.90","42.03","HARROW CDA AUTO","6133362","2018-02-08 20:00","2018","02","08","20:00","-9.8","","-12.9","","78","","0.0","","22","","11","","","","100.68","","","","-15","","NA"
"-82.90","42.03","HARROW CDA AUTO","6133362","2018-02-08 21:00","2018","02","08","21:00","-10.2","","-13.5","","77","","0.0","","23","","12","","","","100.70","","","","-16","","NA"
"-82.90","42.03","HARROW CDA AUTO","6133362","2018-02-08 22:00","2018","02","08","22:00","-9.7","","-13.0","","76","","0.0","","22","","12","","","","100.69","","","","-16","","NA"
"-82.90","42.03","HARROW CDA AUTO","6133362","2018-02-08 23:00","2018","02","08","23:00","-11.7","","-14.7","","78","","0.0","","24","","8","","","","100.66","","","","-16","","NA"
"-82.90","42.03","HARROW CDA AUTO","6133362","2018-02-09 00:00","2018","02","09","00:00","-9.9","","-12.5","","81","","0.0","","24","","6","","","","100.64","","","","-13","","NA"
"-82.90","42.03","HARROW CDA AUTO","6133362","2018-02-09 01:00","2018","02","09","01:00","-8.9","","-11.4","","82","","0.0","","25","","5","","","","100.65","","","","-12","","NA"
"-82.90","42.03","HARROW CDA AUTO","6133362","2018-02-09 02:00","2018","02","09","02:00","-8.0","","-10.9","","80","","0.0","","23","","2","","","","100.63","","","","-9","","NA"
"-82.90","42.03","HARROW CDA AUTO","6133362","2018-02-09 03:00","2018","02","09","03:00","-8.4","","-9.9","","88","","0.2","","17","","3","","","","100.61","","","","-10","","NA"
"-82.90","42.03","HARROW CDA AUTO","6133362","2018-02-09 04:00","2018","02","09","04:00","-8.3","","-9.8","","89","","0.7","","","","0","","","","100.58","","","","","","NA"
"-82.90","42.03","HARROW CDA AUTO","6133362","2018-02-09 05:00","2018","02","09","05:00","-8.3","","-9.7","","90","","0.8","","13","","4","","","","100.49","","","","-10","","NA"
"-82.90","42.03","HARROW CDA AUTO","6133362","2018-02-09 06:00","2018","02","09","06:00","-8.2","","-9.6","","90","","0.7","","13","","7","","","","100.42","","","","-12","","NA"
"-82.90","42.03","HARROW CDA AUTO","6133362","2018-02-09 07:00","2018","02","09","07:00","-7.8","","-9.1","","90","","0.3","","11","","6","","","","100.29","","","","-11","","NA"
"-82.90","42.03","HARROW CDA AUTO","6133362","2018-02-09 08:00","2018","02","09","08:00","-6.6","","-7.8","","91","","1.1","","13","","12","","","","100.23","","","","-12","","NA"
"-82.90","42.03","HARROW CDA AUTO","6133362","2018-02-09 09:00","2018","02","09","09:00","-5.9","","-7.1","","91","","1.0","","13","","10","","","","100.20","","","","-10","","NA"
"-82.90","42.03","HARROW CDA AUTO","6133362","2018-02-09 10:00","2018","02","09","10:00","-5.6","","-6.8","","91","","1.6","","12","","9","","","","100.12","","","","-10","","NA"
"-82.90","42.03","HARROW CDA AUTO","6133362","2018-02-09 11:00","2018","02","09","11:00","-4.4","","-5.8","","90","","0.6","","12","","8","","","","100.06","","","","-8","","NA"
"-82.90","42.03","HARROW CDA AUTO","6133362","2018-02-09 12:00","2018","02","09","12:00","-4.4","","-5.6","","91","","1.7","","12","","9","","","","99.93","","","","-8","","NA"
"-82.90","42.03","HARROW CDA AUTO","6133362","2018-02-09 13:00","2018","02","09","13:00","-4.2","","-5.4","","91","","1.1","","13","","9","","","","99.78","","","","-8","","NA"
"-82.90","42.03","HARROW CDA AUTO","6133362","2018-02-09 14:00","2018","02","09","14:00","-3.4","","-4.8","","90","","0.2","","12","","7","","","","99.65","","","","-6","","NA"
"-82.90","42.03","HARROW CDA AUTO","6133362","2018-02-09 15:00","2018","02","09","15:00","-2.1","","-4.5","","84","","0.0","","11","","5","","","","99.58","","","","-4","","NA"
"-82.90","42.03","HARROW CDA AUTO","6133362","2018-02-09 16:00","2018","02","09","16:00","-2.2","","-4.6","","84","","0.0","","9","","3","","","","99.63","","","","-3","","NA"
"-82.90","42.03","HARROW CDA AUTO","6133362","2018-02-09 17:00","2018","02","09","17:00","-2.2","","-4.7","","83","","0.0","","12","","2","","","","99.61","","","","-3","","NA"
"-82.90","42.03","HARROW CDA AUTO","6133362","2018-02-09 18:00","2018","02","09","18:00","-2.5","","-4.0","","90","","0.0","","1","","6","","","","99.67","","","","-5","","NA"
"-82.90","42.03","HARROW CDA AUTO","6133362","2018-02-09 19:00","2018","02","09","19:00","-3.4","","-4.5","","92","","0.2","","36","","5","","","","99.75","","","","-5","","NA"
"-82.90","42.03","HARROW CDA AUTO","6133362","2018-02-09 20:00","2018","02","09","20:00","-3.9","","-4.9","","93","","0.7","","1","","7","","","","99.76","","","","-7","","NA"
"-82.90","42.03","HARROW CDA AUTO","6133362","2018-02-09 21:00","2018","02","09","21:00","-4.5","","-5.6","","92","","0.5","","2","","8","","","","99.78","","","","-8","","NA"
"-82.90","42.03","HARROW CDA AUTO","6133362","2018-02-09 22:00","2018","02","09","22:00","-4.6","","-5.7","","92","","0.0","","2","","6","","","","99.80","","","","-7","","NA"
"-82.90","42.03","HARROW CDA AUTO","6133362","2018-02-09 23:00","2018","02","09","23:00","-4.8","","-5.9","","92","","0.0","","2","","7","","","","99.80","","","","-8","","NA"
"-82.90","42.03","HARROW CDA AUTO","6133362","2018-02-10 00:00","2018","02","10","00:00","-5.0","","-6.3","","91","","0.0","","2","","9","","","","99.79","","","","-9","","NA"
"-82.90","42.03","HARROW CDA AUTO","6133362","2018-02-10 01:00","2018","02","10","01:00","-5.2","","-6.5","","90","","0.0","","2","","13","","","","99.81","","","","-10","","NA"
"-82.90","42.03","HARROW CDA AUTO","6133362","2018-02-10 02:00","2018","02","10","02:00","-5.5","","-6.8","","90","","0.0","","3","","11","","","","99.81","","","","-10","","NA"
"-82.90","42.03","HARROW CDA AUTO","6133362","2018-02-10 03:00","2018","02","10","03:00","-5.8","","-7.2","","90","","0.0","","4","","10","","","","99.81","","","","-10","","NA"
"-82.90","42.03","HARROW CDA AUTO","6133362","2018-02-10 04:00","2018","02","10","04:00","-6.0","","-7.5","","90","","0.0","","2","","12","","","","99.81","","","","-11","","NA"
"-82.90","42.03","HARROW CDA AUTO","6133362","2018-02-10 05:00","2018","02","10","05:00","-6.2","","-7.7","","89","","0.0","","2","","12","","","","99.80","","","","-11","","NA"
"-82.90","42.03","HARROW CDA AUTO","6133362","2018-02-10 06:00","2018","02","10","06:00","-6.2","","-7.6","","90","","0.0","","2","","10","","","","99.82","","","","-11","","NA"
"-82.90","42.03","HARROW CDA AUTO","6133362","2018-02-10 07:00","2018","02","10","07:00","-6.2","","-7.6","","90","","0.0","","4","","10","","","","99.77","","","","-11","","NA"
"-82.90","42.03","HARROW CDA AUTO","6133362","2018-02-10 08:00","2018","02","10","08:00","-6.0","","-7.6","","89","","0.0","","2","","11","","","","99.83","","","","-11","","NA"
"-82.90","42.03","HARROW CDA AUTO","6133362","2018-02-10 09:00","2018","02","10","09:00","-6.0","","-7.5","","89","","0.0","","4","","12","","","","99.77","","","","-11","","NA"
"-82.90","42.03","HARROW CDA AUTO","6133362","2018-02-10 10:00","2018","02","10","10:00","-5.8","","-7.2","","90","","0.5","","4","","10","","","","99.79","","","","-10","","NA"
"-82.90","42.03","HARROW CDA AUTO","6133362","2018-02-10 11:00","2018","02","10","11:00","-5.5","","-7.1","","88","","0.3","","4","","12","","","","99.74","","","","-10","","NA"
"-82.90","42.03","HARROW CDA AUTO","6133362","2018-02-10 12:00","2018","02","10","12:00","-5.3","","-7.1","","88","","0.0","","3","","13","","","","99.74","","","","-10","","NA"
"-82.90","42.03","HARROW CDA AUTO","6133362","2018-02-10 13:00","2018","02","10","13:00","-5.2","","-6.8","","88","","0.0","","2","","16","","","","99.65","","","","-11","","NA"
"-82.90","42.03","HARROW CDA AUTO","6133362","2018-02-10 14:00","2018","02","10","14:00","-5.1","","-6.8","","88","","0.0","","3","","16","","","","99.59","","","","-11","","NA"
"-82.90","42.03","HARROW CDA AUTO","6133362","2018-02-10 15:00","2018","02","10","15:00","-5.1","","-6.8","","88","","0.0","","2","","17","","","","99.55","","","","-11","","NA"
"-82.90","42.03","HARROW CDA AUTO","6133362","2018-02-10 16:00","2018","02","10","16:00","-5.2","","-6.9","","88","","0.0","","3","","17","","","","99.64","","","","-11","","NA"
"-82.90","42.03","HARROW CDA AUTO","6133362","2018-02-10 17:00","2018","02","10","17:00","-5.4","","-7.3","","87","","0.0","","3","","15","","","","99.69","","","","-11","","NA"
"-82.90","42.03","HARROW CDA AUTO","6133362","2018-02-10 18:00","2018","02","10","18:00","-5.7","","-7.4","","87","","0.0","","3","","12","","","","99.72","","","","-11","","NA"
"-82.90","42.03","HARROW CDA AUTO","6133362","2018-02-10 19:00","2018","02","10","19:00","-5.8","","-7.6","","87","","0.0","","3","","15","","","","99.77","","","","-12","","NA"
"-82.90","42.03","HARROW CDA AUTO","6133362","2018-02-10 20:00","2018","02","10","20:00","-5.6","","-7.5","","87","","0.0","","3","","11","","","","99.78","","","","-10","","NA"
"-82.90","42.03","HARROW CDA AUTO","6133362","2018-02-10 21:00","2018","02","10","21:00","-5.5","","-7.4","","86","","0.0","","3","","12","","","","99.76","","","","-10","","NA"
"-82.90","42.03","HARROW CDA AUTO","6133362","2018-02-10 22:00","2018","02","10","22:00","-5.7","","-7.6","","86","","0.0","","3","","13","","","","99.69","","","","-11","","NA"
"-82.90","42.03","HARROW CDA AUTO","6133362","2018-02-10 23:00","2018","02","10","23:00","-6.0","","-7.8","","87","","0.0","","3","","12","","","","99.68","","","","-11","","NA"
"-82.90","42.03","HARROW CDA AUTO","6133362","2018-02-11 00:00","2018","02","11","00:00","-6.1","","-7.8","","88","","0.0","","4","","13","","","","99.61","","","","-11","","NA"
"-82.90","42.03","HARROW CDA AUTO","6133362","2018-02-11 01:00","2018","02","11","01:00","-6.1","","-7.6","","89","","0.0","","3","","13","","","","99.55","","","","-11","","NA"
"-82.90","42.03","HARROW CDA AUTO","6133362","2018-02-11 02:00","2018","02","11","02:00","-5.9","","-7.3","","90","","0.0","","5","","11","","","","99.45","","","","-11","","NA"
"-82.90","42.03","HARROW CDA AUTO","6133362","2018-02-11 03:00","2018","02","11","03:00","-5.6","","-6.9","","90","","0.0","","5","","11","","","","99.34","","","","-10","","NA"
"-82.90","42.03","HARROW CDA AUTO","6133362","2018-02-11 04:00","2018","02","11","04:00","-5.1","","-6.5","","90","","0.0","","8","","10","","","","99.17","","","","-9","","NA"
"-82.90","42.03","HARROW CDA AUTO","6133362","2018-02-11 05:00","2018","02","11","05:00","-3.9","","-5.2","","91","","0.0","","9","","6","","","","99.01","","","","-7","","NA"
"-82.90","42.03","HARROW CDA AUTO","6133362","2018-02-11 06:00","2018","02","11","06:00","-3.4","","-4.9","","89","","0.0","","8","","12","","","","98.98","","","","-8","","NA"
"-82.90","42.03","HARROW CDA AUTO","6133362","2018-02-11 07:00","2018","02","11","07:00","-3.1","","-4.5","","91","","0.0","","9","","9","","","","98.81","","","","-7","","NA"
"-82.90","42.03","HARROW CDA AUTO","6133362","2018-02-11 08:00","2018","02","11","08:00","-2.6","","-3.5","","94","","0.0","","7","","14","","","","98.76","","","","-7","","NA"
"-82.90","42.03","HARROW CDA AUTO","6133362","2018-02-11 09:00","2018","02","11","09:00","-2.7","","-3.4","","95","","0.0","","5","","13","","","","98.72","","","","-7","","NA"
"-82.90","42.03","HARROW CDA AUTO","6133362","2018-02-11 10:00","2018","02","11","10:00","-2.5","","-3.3","","94","","0.0","","2","","8","","","","98.67","","","","-6","","NA"
"-82.90","42.03","HARROW CDA AUTO","6133362","2018-02-11 11:00","2018","02","11","11:00","-2.9","","-3.8","","94","","0.0","","1","","6","","","","98.63","","","","-5","","NA"
"-82.90","42.03","HARROW CDA AUTO","6133362","2018-02-11 12:00","2018","02","11","12:00","-2.3","","-3.2","","93","","0.2","","9","","3","","","","98.51","","","","-3","","NA"
"-82.90","42.03","HARROW CDA AUTO","6133362","2018-02-11 13:00","2018","02","11","13:00","-1.7","","-3.0","","91","","0.8","","30","","5","","","","98.51","","","","-4","","NA"
"-82.90","42.03","HARROW CDA AUTO","6133362","2018-02-11 14:00","2018","02","11","14:00","-1.9","","-3.2","","91","","0.5","","31","","5","","","","98.53","","","","-4","","NA"
"-82.90","42.03","HARROW CDA AUTO","6133362","2018-02-11 15:00","2018","02","11","15:00","-1.8","","-3.1","","90","","0.0","","30","","8","","","","98.65","","","","-5","","NA"
"-82.90","42.03","HARROW CDA AUTO","6133362","2018-02-11 16:00","2018","02","11","16:00","-2.4","","-3.8","","90","","0.0","","31","","7","","","","98.78","","","","-5","","NA"
"-82.90","42.03","HARROW CDA AUTO","6133362","2018-02-11 17:00","2018","02","11","17:00","-2.6","","-4.8","","85","","0.0","","30","","8","","","","98.97","","","","-6","","NA"
"-82.90","42.03","HARROW CDA AUTO","6133362","2018-02-11 18:00","2018","02","11","18:00","-2.8","","-5.2","","84","","0.0","","29","","8","","","","99.22","","","","-6","","NA"
"-82.90","42.03","HARROW CDA AUTO","6133362","2018-02-11 19:00","2018","02","11","19:00","-3.3","","-5.5","","84","","0.0","","28","","8","","","","99.37","","","","-7","","NA"
"-82.90","42.03","HARROW CDA AUTO","6133362","2018-02-11 20:00","2018","02","11","20:00","-3.2","","-5.5","","84","","0.0","","28","","7","","","","99.50","","","","-6","","NA"
"-82.90","42.03","HARROW CDA AUTO","6133362","2018-02-11 21:00","2018","02","11","21:00","-3.4","","-6.0","","82","","0.0","","29","","8","","","","99.66","","","","-7","","NA"
"-82.90","42.03","HARROW CDA AUTO","6133362","2018-02-11 22:00","2018","02","11","22:00","-3.8","","-6.5","","82","","0.0","","29","","6","","","","99.81","","","","-6","","NA"
"-82.90","42.03","HARROW CDA AUTO","6133362","2018-02-11 23:00","2018","02","11","23:00","-4.1","","-6.9","","80","","0.0","","29","","8","","","","99.92","","","","-8","","NA"
"-82.90","42.03","HARROW CDA AUTO","6133362","2018-02-12 00:00","2018","02","12","00:00","-3.9","","-7.3","","77","","0.0","","29","","8","","","","100.10","","","","-7","","NA"
"-82.90","42.03","HARROW CDA AUTO","6133362","2018-02-12 01:00","2018","02","12","01:00","-4.4","","-7.9","","77","","0.0","","30","","6","","","","100.21","","","","-7","","NA"
"-82.90","42.03","HARROW CDA AUTO","6133362","2018-02-12 02:00","2018","02","12","02:00","-4.9","","-8.2","","78","","0.0","","28","","6","","","","100.35","","","","-8","","NA"
"-82.90","42.03","HARROW CDA AUTO","6133362","2018-02-12 03:00","2018","02","12","03:00","-5.9","","-8.8","","80","","0.0","","28","","6","","","","100.45","","","","-9","","NA"
"-82.90","42.03","HARROW CDA AUTO","6133362","2018-02-12 04:00","2018","02","12","04:00","-7.5","","-9.9","","83","","0.0","","26","","6","","","","100.55","","","","-11","","NA"
"-82.90","42.03","HARROW CDA AUTO","6133362","2018-02-12 05:00","2018","02","12","05:00","-7.6","","-10.0","","83","","0.0","","27","","6","","","","100.65","","","","-11","","NA"
"-82.90","42.03","HARROW CDA AUTO","6133362","2018-02-12 06:00","2018","02","12","06:00","-9.3","","-11.2","","86","","0.0","","26","","5","","","","100.78","","","","-12","","NA"
"-82.90","42.03","HARROW CDA AUTO","6133362","2018-02-12 07:00","2018","02","12","07:00","-8.5","","-10.4","","86","","0.0","","29","","6","","","","100.89","","","","-12","","NA"
"-82.90","42.03","HARROW CDA AUTO","6133362","2018-02-12 08:00","2018","02","12","08:00","-8.8","","-10.7","","86","","0.0","","27","","7","","","","101.04","","","","-13","","NA"
"-82.90","42.03","HARROW CDA AUTO","6133362","2018-02-12 09:00","2018","02","12","09:00","-7.6","","-10.0","","83","","0.0","","29","","7","","","","101.15","","","","-11","","NA"
"-82.90","42.03","HARROW CDA AUTO","6133362","2018-02-12 10:00","2018","02","12","10:00","-6.9","","-9.8","","80","","0.0","","32","","5","","","","101.25","","","","-9","","NA"
"-82.90","42.03","HARROW CDA AUTO","6133362","2018-02-12 11:00","2018","02","12","11:00","-5.3","","-8.9","","76","","0.6","","34","","3","","","","101.35","","","","-7","","NA"
"-82.90","42.03","HARROW CDA AUTO","6133362","2018-02-12 12:00","2018","02","12","12:00","-4.6","","-9.1","","70","","0.0","","1","","4","","","","101.42","","","","-6","","NA"
"-82.90","42.03","HARROW CDA AUTO","6133362","2018-02-12 13:00","2018","02","12","13:00","-4.1","","-9.2","","67","","0.0","","4","","3","","","","101.45","","","","-5","","NA"
"-82.90","42.03","HARROW CDA AUTO","6133362","2018-02-12 14:00","2018","02","12","14:00","-3.9","","-10.0","","63","","0.0","","3","","5","","","","101.45","","","","-6","","NA"
"-82.90","42.03","HARROW CDA AUTO","6133362","2018-02-12 15:00","2018","02","12","15:00","-3.6","","-10.1","","61","","0.0","","4","","3","","","","101.51","","","","-5","","NA"
"-82.90","42.03","HARROW CDA AUTO","6133362","2018-02-12 16:00","2018","02","12","16:00","-4.0","","-9.8","","64","","0.0","","16","","10","","","","101.55","","","","-8","","NA"
"-82.90","42.03","HARROW CDA AUTO","6133362","2018-02-12 17:00","2018","02","12","17:00","-4.5","","-9.6","","68","","0.0","","16","","9","","","","101.60","","","","-8","","NA"
"-82.90","42.03","HARROW CDA AUTO","6133362","2018-02-12 18:00","2018","02","12","18:00","-6.0","","-10.6","","70","","0.0","","16","","7","","","","101.66","","","","-9","","NA"
"-82.90","42.03","HARROW CDA AUTO","6133362","2018-02-12 19:00","2018","02","12","19:00","-8.9","","-11.9","","79","","0.0","","17","","4","","","","101.73","","","","-11","","NA"
"-82.90","42.03","HARROW CDA AUTO","6133362","2018-02-12 20:00","2018","02","12","20:00","-10.0","","-12.1","","85","","0.0","","11","","2","","","","101.75","","","","-11","","NA"
"-82.90","42.03","HARROW CDA AUTO","6133362","2018-02-12 21:00","2018","02","12","21:00","-10.6","","-12.2","","88","","0.2","","7","","3","","","","101.81","","","","-12","","NA"
"-82.90","42.03","HARROW CDA AUTO","6133362","2018-02-12 22:00","2018","02","12","22:00","-12.0","","-13.4","","90","","0.0","","9","","1","","","","101.84","","","","-13","","NA"
"-82.90","42.03","HARROW CDA AUTO","6133362","2018-02-12 23:00","2018","02","12","23:00","-12.5","","-14.0","","88","","0.0","","5","","2","","","","101.88","","","","-14","","NA"
"-82.90","42.03","HARROW CDA AUTO","6133362","2018-02-13 00:00","2018","02","13","00:00","-12.3","","-13.7","","89","","0.0","","7","","3","","","","101.87","","","","-14","","NA"
"-82.90","42.03","HARROW CDA AUTO","6133362","2018-02-13 01:00","2018","02","13","01:00","-14.1","","-15.7","","87","","0.0","","","","0","","","","101.89","","","","","","NA"
"-82.90","42.03","HARROW CDA AUTO","6133362","2018-02-13 02:00","2018","02","13","02:00","-14.8","","-16.5","","87","","0.0","","","","0","","","","101.86","","","","","","NA"
"-82.90","42.03","HARROW CDA AUTO","6133362","2018-02-13 03:00","2018","02","13","03:00","-13.0","","-14.4","","89","","0.0","","","","0","","","","101.86","","","","","","NA"
"-82.90","42.03","HARROW CDA AUTO","6133362","2018-02-13 04:00","2018","02","13","04:00","-12.2","","-13.7","","88","","0.0","","10","","2","","","","101.81","","","","-13","","NA"
"-82.90","42.03","HARROW CDA AUTO","6133362","2018-02-13 05:00","2018","02","13","05:00","-12.1","","-13.6","","89","","0.0","","11","","2","","","","101.77","","","","-13","","NA"
"-82.90","42.03","HARROW CDA AUTO","6133362","2018-02-13 06:00","2018","02","13","06:00","-10.3","","-11.7","","89","","0.0","","13","","5","","","","101.78","","","","-13","","NA"
"-82.90","42.03","HARROW CDA AUTO","6133362","2018-02-13 07:00","2018","02","13","07:00","-10.3","","-11.8","","89","","0.0","","11","","4","","","","101.82","","","","-13","","NA"
"-82.90","42.03","HARROW CDA AUTO","6133362","2018-02-13 08:00","2018","02","13","08:00","-10.7","","-12.7","","86","","0.0","","10","","3","","","","101.79","","","","-13","","NA"
"-82.90","42.03","HARROW CDA AUTO","6133362","2018-02-13 09:00","2018","02","13","09:00","-7.8","","-12.2","","71","","0.0","","12","","8","","","","101.77","","","","-12","","NA"
"-82.90","42.03","HARROW CDA AUTO","6133362","2018-02-13 10:00","2018","02","13","10:00","-7.0","","-11.9","","68","","0.0","","12","","10","","","","101.69","","","","-12","","NA"
"-82.90","42.03","HARROW CDA AUTO","6133362","2018-02-13 11:00","2018","02","13","11:00","-5.7","","-10.9","","67","","0.0","","12","","9","","","","101.57","","","","-10","","NA"
"-82.90","42.03","HARROW CDA AUTO","6133362","2018-02-13 12:00","2018","02","13","12:00","-5.0","","-12.8","","55","","0.0","","12","","7","","","","101.51","","","","-8","","NA"
"-82.90","42.03","HARROW CDA AUTO","6133362","2018-02-13 13:00","2018","02","13","13:00","-3.9","","-12.4","","51","","0.0","","12","","5","","","","101.34","","","","-6","","NA"
"-82.90","42.03","HARROW CDA AUTO","6133362","2018-02-13 14:00","2018","02","13","14:00","-3.4","","-11.0","","56","","0.0","","13","","7","","","","101.07","","","","-6","","NA"
"-82.90","42.03","HARROW CDA AUTO","6133362","2018-02-13 15:00","2018","02","13","15:00","-3.1","","-9.7","","60","","0.0","","12","","6","","","","100.99","","","","-6","","NA"
"-82.90","42.03","HARROW CDA AUTO","6133362","2018-02-13 16:00","2018","02","13","16:00","-3.4","","-8.4","","68","","0.0","","13","","8","","","","100.93","","","","-7","","NA"
"-82.90","42.03","HARROW CDA AUTO","6133362","2018-02-13 17:00","2018","02","13","17:00","-3.4","","-8.2","","69","","0.0","","13","","4","","","","100.91","","","","-5","","NA"
"-82.90","42.03","HARROW CDA AUTO","6133362","2018-02-13 18:00","2018","02","13","18:00","-3.8","","-7.4","","76","","0.0","","12","","6","","","","100.70","","","","-6","","NA"
"-82.90","42.03","HARROW CDA AUTO","6133362","2018-02-13 19:00","2018","02","13","19:00","-4.0","","-7.1","","79","","0.0","","12","","8","","","","100.66","","","","-7","","NA"
"-82.90","42.03","HARROW CDA AUTO","6133362","2018-02-13 20:00","2018","02","13","20:00","-4.0","","-6.6","","82","","0.0","","14","","6","","","","100.60","","","","-7","","NA"
"-82.90","42.03","HARROW CDA AUTO","6133362","2018-02-13 21:00","2018","02","13","21:00","-4.2","","-6.4","","85","","0.0","","16","","9","","","","100.47","","","","-8","","NA"
"-82.90","42.03","HARROW CDA AUTO","6133362","2018-02-13 22:00","2018","02","13","22:00","-5.0","","-6.5","","90","","0.0","","11","","4","","","","100.39","","","","-7","","NA"
"-82.90","42.03","HARROW CDA AUTO","6133362","2018-02-13 23:00","2018","02","13","23:00","-4.4","","-6.0","","89","","0.0","","1","","2","","","","100.39","","","","-5","","NA"
"-82.90","42.03","HARROW CDA AUTO","6133362","2018-02-14 00:00","2018","02","14","00:00","-3.4","","-5.2","","87","","0.0","","19","","10","","","","100.21","","","","-7","","NA"
"-82.90","42.03","HARROW CDA AUTO","6133362","2018-02-14 01:00","2018","02","14","01:00","-3.8","","-5.0","","92","","0.0","","20","","7","","","","100.17","","","","-7","","NA"
"-82.90","42.03","HARROW CDA AUTO","6133362","2018-02-14 02:00","2018","02","14","02:00","-4.2","","-5.7","","89","","0.0","","19","","10","","","","100.11","","","","-8","","NA"
"-82.90","42.03","HARROW CDA AUTO","6133362","2018-02-14 03:00","2018","02","14","03:00","-3.2","","-4.6","","90","","0.0","","20","","12","","","","100.04","","","","-8","","NA"
"-82.90","42.03","HARROW CDA AUTO","6133362","2018-02-14 04:00","2018","02","14","04:00","-3.9","","-5.0","","92","","0.0","","22","","9","","","","100.04","","","","-8","","NA"
"-82.90","42.03","HARROW CDA AUTO","6133362","2018-02-14 05:00","2018","02","14","05:00","-2.6","","-3.7","","92","","0.0","","23","","12","","","","99.98","","","","-7","","NA"
"-82.90","42.03","HARROW CDA AUTO","6133362","2018-02-14 06:00","2018","02","14","06:00","-2.0","","-3.5","","90","","0.0","","23","","12","","","","99.98","","","","-6","","NA"
"-82.90","42.03","HARROW CDA AUTO","6133362","2018-02-14 07:00","2018","02","14","07:00","-1.8","","-3.4","","89","","0.0","","23","","12","","","","99.98","","","","-6","","NA"
"-82.90","42.03","HARROW CDA AUTO","6133362","2018-02-14 08:00","2018","02","14","08:00","-1.4","","-2.9","","89","","0.0","","23","","12","","","","99.97","","","","-5","","NA"
"-82.90","42.03","HARROW CDA AUTO","6133362","2018-02-14 09:00","2018","02","14","09:00","0.1","","-1.8","","87","","0.0","","22","","19","","","","99.97","","","","","","NA"
"-82.90","42.03","HARROW CDA AUTO","6133362","2018-02-14 10:00","2018","02","14","10:00","1.3","","-0.9","","85","","0.0","","22","","19","","","","99.96","","","","","","NA"
"-82.90","42.03","HARROW CDA AUTO","6133362","2018-02-14 11:00","2018","02","14","11:00","2.4","","-0.4","","81","","0.0","","23","","16","","","","99.91","","","","","","NA"
"-82.90","42.03","HARROW CDA AUTO","6133362","2018-02-14 12:00","2018","02","14","12:00","3.1","","0.0","","80","","0.0","","23","","15","","","","99.85","","","","","","NA"
"-82.90","42.03","HARROW CDA AUTO","6133362","2018-02-14 13:00","2018","02","14","13:00","3.7","","0.1","","78","","0.0","","23","","17","","","","99.74","","","","","","NA"
"-82.90","42.03","HARROW CDA AUTO","6133362","2018-02-14 14:00","2018","02","14","14:00","4.0","","-0.1","","75","","0.0","","22","","17","","","","99.59","","","","","","NA"
"-82.90","42.03","HARROW CDA AUTO","6133362","2018-02-14 15:00","2018","02","14","15:00","4.1","","0.0","","75","","0.0","","22","","14","","","","99.49","","","","","","NA"
"-82.90","42.03","HARROW CDA AUTO","6133362","2018-02-14 16:00","2018","02","14","16:00","4.1","","0.2","","76","","0.0","","21","","14","","","","99.41","","","","","","NA"
"-82.90","42.03","HARROW CDA AUTO","6133362","2018-02-14 17:00","2018","02","14","17:00","3.5","","0.5","","81","","0.0","","22","","11","","","","99.34","","","","","","NA"
"-82.90","42.03","HARROW CDA AUTO","6133362","2018-02-14 18:00","2018","02","14","18:00","2.9","","1.5","","90","","0.0","","22","","12","","","","99.29","","","","","","NA"
"-82.90","42.03","HARROW CDA AUTO","6133362","2018-02-14 19:00","2018","02","14","19:00","2.9","","2.2","","95","","0.0","","22","","12","","","","99.26","","","","","","NA"
"-82.90","42.03","HARROW CDA AUTO","6133362","2018-02-14 20:00","2018","02","14","20:00","2.3","","1.7","","96","","0.0","","20","","9","","","","99.15","","","","","","NA"
"-82.90","42.03","HARROW CDA AUTO","6133362","2018-02-14 21:00","2018","02","14","21:00","2.5","","2.0","","97","","0.0","","19","","11","","","","99.07","","","","","","NA"
"-82.90","42.03","HARROW CDA AUTO","6133362","2018-02-14 22:00","2018","02","14","22:00","2.9","","2.4","","97","","0.0","","19","","13","","","","99.00","","","","","","NA"
"-82.90","42.03","HARROW CDA AUTO","6133362","2018-02-14 23:00","2018","02","14","23:00","3.5","","3.1","","97","","0.0","","20","","11","","","","98.94","","","","","","NA"
"-82.90","42.03","HARROW CDA AUTO","6133362","2018-02-15 00:00","2018","02","15","00:00","4.3","","3.8","","97","","0.0","","21","","11","","","","98.87","","","","","","NA"
"-82.90","42.03","HARROW CDA AUTO","6133362","2018-02-15 01:00","2018","02","15","01:00","4.5","","4.0","","97","","0.0","","22","","17","","","","98.82","","","","","","NA"
"-82.90","42.03","HARROW CDA AUTO","6133362","2018-02-15 02:00","2018","02","15","02:00","5.0","","4.5","","97","","0.0","","23","","14","","","","98.77","","","","","","NA"
"-82.90","42.03","HARROW CDA AUTO","6133362","2018-02-15 03:00","2018","02","15","03:00","4.9","","4.5","","97","","0.0","","22","","12","","","","98.70","","","","","","NA"
"-82.90","42.03","HARROW CDA AUTO","6133362","2018-02-15 04:00","2018","02","15","04:00","4.9","","4.5","","97","","0.0","","23","","15","","","","98.63","","","","","","NA"
"-82.90","42.03","HARROW CDA AUTO","6133362","2018-02-15 05:00","2018","02","15","05:00","5.0","","4.5","","97","","0.0","","23","","17","","","","98.63","","","","","","NA"
"-82.90","42.03","HARROW CDA AUTO","6133362","2018-02-15 06:00","2018","02","15","06:00","5.8","","5.4","","97","","0.0","","23","","18","","","","98.60","","","","","","NA"
"-82.90","42.03","HARROW CDA AUTO","6133362","2018-02-15 07:00","2018","02","15","07:00","6.0","","5.5","","97","","0.0","","23","","20","","","","98.62","","","","","","NA"
"-82.90","42.03","HARROW CDA AUTO","6133362","2018-02-15 08:00","2018","02","15","08:00","6.0","","5.6","","97","","0.0","","23","","20","","","","98.62","","","","","","NA"
"-82.90","42.03","HARROW CDA AUTO","6133362","2018-02-15 09:00","2018","02","15","09:00"
"-82.90","42.03","HARROW CDA AUTO","6133362","2018-02-15 10:00","2018","02","15","10:00","6.8","","6.4","","97","","0.0","","24","","20","","","","98.58","","","","","","NA"
"-82.90","42.03","HARROW CDA AUTO","6133362","2018-02-15 11:00","2018","02","15","11:00","7.8","","7.3","","97","","0.0","","25","","19","","","","98.57","","","","","","NA"
"-82.90","42.03","HARROW CDA AUTO","6133362","2018-02-15 12:00","2018","02","15","12:00","8.3","","7.7","","97","","0.0","","22","","12","","","","98.36","","","","","","NA"
"-82.90","42.03","HARROW CDA AUTO","6133362","2018-02-15 13:00","2018","02","15","13:00","8.3","","7.8","","97","","0.0","","24","","15","","","","98.46","","","","","","NA"
"-82.90","42.03","HARROW CDA AUTO","6133362","2018-02-15 14:00","2018","02","15","14:00","8.0","","7.5","","97","","0.0","","24","","8","","","","98.30","","","","","","NA"
"-82.90","42.03","HARROW CDA AUTO","6133362","2018-02-15 15:00","2018","02","15","15:00","8.3","","7.8","","97","","0.0","","25","","8","","","","98.27","","","","","","NA"
"-82.90","42.03","HARROW CDA AUTO","6133362","2018-02-15 16:00","2018","02","15","16:00","8.5","","8.0","","97","","1.5","","","","0","","","","98.18","","","","","","NA"
"-82.90","42.03","HARROW CDA AUTO","6133362","2018-02-15 17:00","2018","02","15","17:00","7.8","","7.3","","97","","1.5","","26","","4","","","","98.17","","","","","","NA"
"-82.90","42.03","HARROW CDA AUTO","6133362","2018-02-15 18:00","2018","02","15","18:00","7.8","","7.3","","97","","0.0","","27","","4","","","","98.15","","","","","","NA"
"-82.90","42.03","HARROW CDA AUTO","6133362","2018-02-15 19:00","2018","02","15","19:00","8.2","","7.7","","97","","1.7","","27","","6","","","","98.18","","","","","","NA"
"-82.90","42.03","HARROW CDA AUTO","6133362","2018-02-15 20:00","2018","02","15","20:00","7.2","","6.8","","97","","1.5","","32","","6","","","","98.19","","","","","","NA"
"-82.90","42.03","HARROW CDA AUTO","6133362","2018-02-15 21:00","2018","02","15","21:00","6.5","","6.0","","97","","0.4","","30","","7","","","","98.26","","","","","","NA"
"-82.90","42.03","HARROW CDA AUTO","6133362","2018-02-15 22:00","2018","02","15","22:00","6.6","","6.2","","97","","0.3","","31","","6","","","","98.30","","","","","","NA"
"-82.90","42.03","HARROW CDA AUTO","6133362","2018-02-15 23:00","2018","02","15","23:00","5.3","","5.0","","98","","0.0","","33","","5","","","","98.34","","","","","","NA"
"-82.90","42.03","HARROW CDA AUTO","6133362","2018-02-16 00:00","2018","02","16","00:00","4.6","","4.3","","98","","0.0","","33","","4","","","","98.39","","","","","","NA"
"-82.90","42.03","HARROW CDA AUTO","6133362","2018-02-16 01:00","2018","02","16","01:00","4.1","","3.8","","98","","0.0","","35","","4","","","","98.39","","","","","","NA"
"-82.90","42.03","HARROW CDA AUTO","6133362","2018-02-16 02:00","2018","02","16","02:00","2.5","","2.2","","98","","0.0","","6","","10","","","","98.44","","","","","","NA"
"-82.90","42.03","HARROW CDA AUTO","6133362","2018-02-16 03:00","2018","02","16","03:00","1.7","","1.4","","98","","0.0","","5","","6","","","","98.53","","","","","","NA"
"-82.90","42.03","HARROW CDA AUTO","6133362","2018-02-16 04:00","2018","02","16","04:00","1.1","","0.7","","97","","0.0","","34","","2","","","","98.63","","","","","","NA"
"-82.90","42.03","HARROW CDA AUTO","6133362","2018-02-16 05:00","2018","02","16","05:00","1.3","","0.6","","95","","0.0","","33","","5","","","","98.64","","","","","","NA"
"-82.90","42.03","HARROW CDA AUTO","6133362","2018-02-16 06:00","2018","02","16","06:00","1.2","","0.3","","93","","0.0","","33","","3","","","","98.75","","","","","","NA"
"-82.90","42.03","HARROW CDA AUTO","6133362","2018-02-16 07:00","2018","02","16","07:00","1.7","","-0.4","","86","","0.0","","33","","6","","","","98.83","","","","","","NA"
"-82.90","42.03","HARROW CDA AUTO","6133362","2018-02-16 08:00","2018","02","16","08:00","1.0","","-1.2","","86","","0.0","","35","","8","","","","98.98","","","","","","NA"
"-82.90","42.03","HARROW CDA AUTO","6133362","2018-02-16 09:00","2018","02","16","09:00","0.7","","-1.7","","84","","0.0","","32","","13","","","","99.16","","","","","","NA"
"-82.90","42.03","HARROW CDA AUTO","6133362","2018-02-16 10:00","2018","02","16","10:00","-0.1","","-2.6","","83","","0.0","","34","","11","","","","99.26","","","","-4","","NA"
"-82.90","42.03","HARROW CDA AUTO","6133362","2018-02-16 11:00","2018","02","16","11:00","-0.3","","-3.6","","78","","0.0","","36","","13","","","","99.41","","","","-4","","NA"
"-82.90","42.03","HARROW CDA AUTO","6133362","2018-02-16 12:00","2018","02","16","12:00","-0.2","","-4.6","","72","","0.0","","35","","10","","","","99.52","","","","-4","","NA"
"-82.90","42.03","HARROW CDA AUTO","6133362","2018-02-16 13:00","2018","02","16","13:00","1.0","","-4.8","","65","","0.0","","35","","11","","","","99.60","","","","","","NA"
"-82.90","42.03","HARROW CDA AUTO","6133362","2018-02-16 14:00","2018","02","16","14:00","0.6","","-5.6","","63","","0.0","","33","","11","","","","99.66","","","","","","NA"
"-82.90","42.03","HARROW CDA AUTO","6133362","2018-02-16 15:00","2018","02","16","15:00","0.8","","-5.4","","63","","0.0","","33","","10","","","","99.77","","","","","","NA"
"-82.90","42.03","HARROW CDA AUTO","6133362","2018-02-16 16:00","2018","02","16","16:00","0.1","","-6.8","","60","","0.0","","34","","11","","","","99.91","","","","","","NA"
"-82.90","42.03","HARROW CDA AUTO","6133362","2018-02-16 17:00","2018","02","16","17:00","-0.3","","-7.2","","59","","0.0","","34","","8","","","","100.01","","","","-3","","NA"
"-82.90","42.03","HARROW CDA AUTO","6133362","2018-02-16 18:00","2018","02","16","18:00","-0.2","","-7.5","","58","","0.0","","29","","10","","","","100.06","","","","-4","","NA"
"-82.90","42.03","HARROW CDA AUTO","6133362","2018-02-16 19:00","2018","02","16","19:00","-0.4","","-6.6","","63","","0.0","","29","","5","","","","100.15","","","","-2","","NA"
"-82.90","42.03","HARROW CDA AUTO","6133362","2018-02-16 20:00","2018","02","16","20:00","-1.1","","-7.8","","60","","0.0","","30","","6","","","","100.16","","","","-3","","NA"
"-82.90","42.03","HARROW CDA AUTO","6133362","2018-02-16 21:00","2018","02","16","21:00","-2.1","","-7.1","","68","","0.0","","27","","5","","","","100.19","","","","-4","","NA"
"-82.90","42.03","HARROW CDA AUTO","6133362","2018-02-16 22:00","2018","02","16","22:00","-3.2","","-5.6","","83","","0.2","","20","","2","","","","100.19","","","","-4","","NA"
"-82.90","42.03","HARROW CDA AUTO","6133362","2018-02-16 23:00","2018","02","16","23:00","-3.2","","-5.8","","82","","0.0","","24","","3","","","","100.20","","","","-4","","NA"
"-82.90","42.03","HARROW CDA AUTO","6133362","2018-02-17 00:00","2018","02","17","00:00","-2.6","","-7.0","","72","","0.0","","21","","8","","","","100.17","","","","-6","","NA"
"-82.90","42.03","HARROW CDA AUTO","6133362","2018-02-17 01:00","2018","02","17","01:00","-2.6","","-6.5","","75","","0.0","","22","","8","","","","100.17","","","","-6","","NA"
"-82.90","42.03","HARROW CDA AUTO","6133362","2018-02-17 02:00","2018","02","17","02:00","-3.1","","-6.1","","80","","0.0","","24","","5","","","","100.15","","","","-5","","NA"
"-82.90","42.03","HARROW CDA AUTO","6133362","2018-02-17 03:00","2018","02","17","03:00","-3.5","","-5.5","","86","","0.0","","20","","5","","","","100.11","","","","-6","","NA"
"-82.90","42.03","HARROW CDA AUTO","6133362","2018-02-17 04:00","2018","02","17","04:00","-4.4","","-5.7","","90","","0.0","","21","","4","","","","100.13","","","","-6","","NA"
"-82.90","42.03","HARROW CDA AUTO","6133362","2018-02-17 05:00","2018","02","17","05:00","-3.8","","-5.6","","87","","0.0","","20","","6","","","","100.11","","","","-6","","NA"
"-82.90","42.03","HARROW CDA AUTO","6133362","2018-02-17 06:00","2018","02","17","06:00","-3.5","","-5.6","","85","","0.0","","19","","9","","","","100.08","","","","-7","","NA"
"-82.90","42.03","HARROW CDA AUTO","6133362","2018-02-17 07:00","2018","02","17","07:00","-3.7","","-5.9","","85","","0.0","","18","","11","","","","100.02","","","","-8","","NA"
"-82.90","42.03","HARROW CDA AUTO","6133362","2018-02-17 08:00","2018","02","17","08:00","-2.5","","-5.9","","77","","0.0","","20","","13","","","","100.02","","","","-7","","NA"
"-82.90","42.03","HARROW CDA AUTO","6133362","2018-02-17 09:00","2018","02","17","09:00","-2.0","","-5.3","","79","","0.0","","20","","16","","","","100.01","","","","-7","","NA"
"-82.90","42.03","HARROW CDA AUTO","6133362","2018-02-17 10:00","2018","02","17","10:00","-1.7","","-5.1","","78","","0.0","","20","","16","","","","99.88","","","","-7","","NA"
"-82.90","42.03","HARROW CDA AUTO","6133362","2018-02-17 11:00","2018","02","17","11:00","-1.3","","-4.5","","79","","0.0","","20","","14","","","","99.77","","","","-6","","NA"
"-82.90","42.03","HARROW CDA AUTO","6133362","2018-02-17 12:00","2018","02","17","12:00","-1.1","","-4.7","","77","","0.0","","18","","13","","","","99.63","","","","-5","","NA"
"-82.90","42.03","HARROW CDA AUTO","6133362","2018-02-17 13:00","2018","02","17","13:00","-1.0","","-4.1","","79","","0.0","","19","","12","","","","99.56","","","","-5","","NA"
"-82.90","42.03","HARROW CDA AUTO","6133362","2018-02-17 14:00","2018","02","17","14:00","-0.6","","-3.8","","79","","0.0","","20","","11","","","","99.46","","","","-4","","NA"
"-82.90","42.03","HARROW CDA AUTO","6133362","2018-02-17 15:00","2018","02","17","15:00","-0.4","","-3.7","","79","","0.0","","19","","13","","","","99.29","","","","-5","","NA"
"-82.90","42.03","HARROW CDA AUTO","6133362","2018-02-17 16:00","2018","02","17","16:00","-0.1","","-2.9","","81","","0.0","","19","","14","","","","99.29","","","","-4","","NA"
"-82.90","42.03","HARROW CDA AUTO","6133362","2018-02-17 17:00","2018","02","17","17:00","-0.4","","-2.9","","83","","0.0","","19","","10","","","","99.26","","","","-4","","NA"
"-82.90","42.03","HARROW CDA AUTO","6133362","2018-02-17 18:00","2018","02","17","18:00","-0.3","","-2.8","","83","","0.0","","20","","9","","","","99.32","","","","-3","","NA"
"-82.90","42.03","HARROW CDA AUTO","6133362","2018-02-17 19:00","2018","02","17","19:00","-0.4","","-2.8","","84","","0.0","","21","","7","","","","99.28","","","","-3","","NA"
"-82.90","42.03","HARROW CDA AUTO","6133362","2018-02-17 20:00","2018","02","17","20:00","-0.5","","-2.6","","86","","0.0","","21","","6","","","","99.23","","","","-3","","NA"
"-82.90","42.03","HARROW CDA AUTO","6133362","2018-02-17 21:00","2018","02","17","21:00","-0.5","","-2.5","","86","","0.0","","21","","9","","","","99.24","","","","-4","","NA"
"-82.90","42.03","HARROW CDA AUTO","6133362","2018-02-17 22:00","2018","02","17","22:00","-0.4","","-1.8","","90","","0.0","","23","","12","","","","99.27","","","","-4","","NA"
"-82.90","42.03","HARROW CDA AUTO","6133362","2018-02-17 23:00","2018","02","17","23:00","-0.4","","-1.1","","95","","0.2","","27","","11","","","","99.35","","","","-4","","NA"
"-82.90","42.03","HARROW CDA AUTO","6133362","2018-02-18 00:00","2018","02","18","00:00","-0.9","","-2.0","","92","","0.0","","28","","7","","","","99.37","","","","-3","","NA"
"-82.90","42.03","HARROW CDA AUTO","6133362","2018-02-18 01:00","2018","02","18","01:00","-1.1","","-1.9","","94","","0.0","","28","","11","","","","99.48","","","","-5","","NA"
"-82.90","42.03","HARROW CDA AUTO","6133362","2018-02-18 02:00","2018","02","18","02:00","-1.6","","-2.6","","93","","0.0","","27","","10","","","","99.63","","","","-5","","NA"
"-82.90","42.03","HARROW CDA AUTO","6133362","2018-02-18 03:00","2018","02","18","03:00","-1.5","","-2.4","","94","","0.0","","26","","9","","","","99.74","","","","-5","","NA"
"-82.90","42.03","HARROW CDA AUTO","6133362","2018-02-18 04:00","2018","02","18","04:00","-1.0","","-2.6","","89","","0.0","","27","","13","","","","99.88","","","","-5","","NA"
"-82.90","42.03","HARROW CDA AUTO","6133362","2018-02-18 05:00","2018","02","18","05:00","-0.8","","-2.6","","88","","0.0","","27","","12","","","","100.05","","","","-5","","NA"
"-82.90","42.03","HARROW CDA AUTO","6133362","2018-02-18 06:00","2018","02","18","06:00","-0.4","","-2.7","","84","","0.0","","28","","10","","","","100.19","","","","-4","","NA"
"-82.90","42.03","HARROW CDA AUTO","6133362","2018-02-18 07:00","2018","02","18","07:00","-0.8","","-3.1","","84","","0.0","","26","","7","","","","100.24","","","","-3","","NA"
"-82.90","42.03","HARROW CDA AUTO","6133362","2018-02-18 08:00","2018","02","18","08:00","-0.8","","-2.9","","86","","0.0","","24","","7","","","","100.30","","","","-3","","NA"
"-82.90","42.03","HARROW CDA AUTO","6133362","2018-02-18 09:00","2018","02","18","09:00","-0.9","","-3.3","","84","","0.0","","26","","7","","","","100.36","","","","-3","","NA"
"-82.90","42.03","HARROW CDA AUTO","6133362","2018-02-18 10:00","2018","02","18","10:00","0.1","","-3.3","","78","","0.2","","23","","8","","","","100.46","","","","","","NA"
"-82.90","42.03","HARROW CDA AUTO","6133362","2018-02-18 11:00","2018","02","18","11:00","0.6","","-3.4","","74","","0.0","","22","","12","","","","100.42","","","","","","NA"
"-82.90","42.03","HARROW CDA AUTO","6133362","2018-02-18 12:00","2018","02","18","12:00","1.0","","-3.5","","72","","0.0","","21","","15","","","","100.40","","","","","","NA"
"-82.90","42.03","HARROW CDA AUTO","6133362","2018-02-18 13:00","2018","02","18","13:00","0.5","","-3.7","","73","","0.0","","22","","17","","","","100.41","","","","","","NA"
"-82.90","42.03","HARROW CDA AUTO","6133362","2018-02-18 14:00","2018","02","18","14:00","1.0","","-2.7","","77","","0.0","","22","","17","","","","100.37","","","","","","NA"
"-82.90","42.03","HARROW CDA AUTO","6133362","2018-02-18 15:00","2018","02","18","15:00","0.7","","-3.1","","76","","0.0","","23","","16","","","","100.38","","","","","","NA"
"-82.90","42.03","HARROW CDA AUTO","6133362","2018-02-18 16:00","2018","02","18","16:00","1.1","","-2.6","","76","","0.0","","22","","13","","","","100.33","","","","","","NA"
"-82.90","42.03","HARROW CDA AUTO","6133362","2018-02-18 17:00","2018","02","18","17:00","1.4","","-2.1","","77","","0.0","","18","","10","","","","100.23","","","","","","NA"
"-82.90","42.03","HARROW CDA AUTO","6133362","2018-02-18 18:00","2018","02","18","18:00","-0.6","","-2.9","","84","","0.0","","13","","5","","","","100.11","","","","-2","","NA"
"-82.90","42.03","HARROW CDA AUTO","6133362","2018-02-18 19:00","2018","02","18","19:00","-0.8","","-2.9","","85","","0.0","","14","","8","","","","100.10","","","","-4","","NA"
"-82.90","42.03","HARROW CDA AUTO","6133362","2018-02-18 20:00","2018","02","18","20:00","-1.1","","-2.6","","89","","0.0","","12","","8","","","","100.01","","","","-4","","NA"
"-82.90","42.03","HARROW CDA AUTO","6133362","2018-02-18 21:00","2018","02","18","21:00","-1.2","","-2.5","","91","","0.0","","13","","10","","","","99.92","","","","-5","","NA"
"-82.90","42.03","HARROW CDA AUTO","6133362","2018-02-18 22:00","2018","02","18","22:00","0.0","","-2.2","","85","","0.0","","15","","12","","","","99.86","","","","-4","","NA"
"-82.90","42.03","HARROW CDA AUTO","6133362","2018-02-18 23:00","2018","02","18","23:00","0.6","","-2.2","","82","","0.0","","16","","17","","","","99.76","","","","","","NA"
"-82.90","42.03","HARROW CDA AUTO","6133362","2018-02-19 00:00","2018","02","19","00:00","0.2","","-2.5","","82","","0.0","","16","","14","","","","99.63","","","","","","NA"
"-82.90","42.03","HARROW CDA AUTO","6133362","2018-02-19 01:00","2018","02","19","01:00","0.0","","-2.6","","83","","0.0","","16","","15","","","","99.58","","","","-4","","NA"
"-82.90","42.03","HARROW CDA AUTO","6133362","2018-02-19 02:00","2018","02","19","02:00","0.2","","-2.4","","83","","0.0","","15","","12","","","","99.52","","","","","","NA"
"-82.90","42.03","HARROW CDA AUTO","6133362","2018-02-19 03:00","2018","02","19","03:00","0.9","","-2.0","","81","","0.0","","15","","15","","","","99.40","","","","","","NA"
"-82.90","42.03","HARROW CDA AUTO","6133362","2018-02-19 04:00","2018","02","19","04:00","1.0","","-1.8","","82","","0.0","","15","","14","","","","99.32","","","","","","NA"
"-82.90","42.03","HARROW CDA AUTO","6133362","2018-02-19 05:00","2018","02","19","05:00","1.1","","-1.3","","84","","0.0","","16","","7","","","","99.44","","","","","","NA"
"-82.90","42.03","HARROW CDA AUTO","6133362","2018-02-19 06:00","2018","02","19","06:00","1.1","","-0.9","","87","","0.4","","16","","9","","","","99.38","","","","","","NA"
"-82.90","42.03","HARROW CDA AUTO","6133362","2018-02-19 07:00","2018","02","19","07:00","1.3","","-0.3","","89","","1.4","","18","","13","","","","99.32","","","","","","NA"
"-82.90","42.03","HARROW CDA AUTO","6133362","2018-02-19 08:00","2018","02","19","08:00","1.8","","0.7","","93","","0.2","","18","","10","","","","99.36","","","","","","NA"
"-82.90","42.03","HARROW CDA AUTO","6133362","2018-02-19 09:00","2018","02","19","09:00","3.3","","2.5","","95","","0.0","","20","","15","","","","99.38","","","","","","NA"
"-82.90","42.03","HARROW CDA AUTO","6133362","2018-02-19 10:00","2018","02","19","10:00","3.6","","3.0","","96","","0.0","","19","","15","","","","99.32","","","","","","NA"
"-82.90","42.03","HARROW CDA AUTO","6133362","2018-02-19 11:00","2018","02","19","11:00","4.9","","4.3","","96","","0.0","","20","","16","","","","99.32","","","","","","NA"
"-82.90","42.03","HARROW CDA AUTO","6133362","2018-02-19 12:00","2018","02","19","12:00","5.4","","4.7","","96","","0.5","","20","","16","","","","99.35","","","","","","NA"
"-82.90","42.03","HARROW CDA AUTO","6133362","2018-02-19 13:00","2018","02","19","13:00","6.5","","5.9","","96","","2.7","","18","","17","","","","99.22","","","","","","NA"
"-82.90","42.03","HARROW CDA AUTO","6133362","2018-02-19 14:00","2018","02","19","14:00","7.2","","6.6","","96","","2.2","","20","","12","","","","99.16","","","","","","NA"
"-82.90","42.03","HARROW CDA AUTO","6133362","2018-02-19 15:00","2018","02","19","15:00","7.3","","6.7","","96","","4.3","","18","","17","","","","99.06","","","","","","NA"
"-82.90","42.03","HARROW CDA AUTO","6133362","2018-02-19 16:00","2018","02","19","16:00","10.4","","9.9","","96","","2.6","","21","","25","","","","99.03","","","","","","NA"
"-82.90","42.03","HARROW CDA AUTO","6133362","2018-02-19 17:00","2018","02","19","17:00","11.8","","11.2","","96","","0.2","","21","","23","","","","99.05","","","","","","NA"
"-82.90","42.03","HARROW CDA AUTO","6133362","2018-02-19 18:00","2018","02","19","18:00","12.3","","11.1","","92","","0.3","","22","","21","","","","99.13","","","","","","NA"
"-82.90","42.03","HARROW CDA AUTO","6133362","2018-02-19 19:00","2018","02","19","19:00","12.1","","11.1","","94","","0.0","","22","","14","","","","99.20","","","","","","NA"
"-82.90","42.03","HARROW CDA AUTO","6133362","2018-02-19 20:00","2018","02","19","20:00","12.7","","11.7","","94","","0.0","","21","","15","","","","99.21","","","","","","NA"
"-82.90","42.03","HARROW CDA AUTO","6133362","2018-02-19 21:00","2018","02","19","21:00","13.1","","11.4","","90","","0.5","","25","","19","","","","99.31","","","","","","NA"
"-82.90","42.03","HARROW CDA AUTO","6133362","2018-02-19 22:00","2018","02","19","22:00","11.9","","10.5","","91","","0.3","","23","","15","","","","99.24","","","","","","NA"
"-82.90","42.03","HARROW CDA AUTO","6133362","2018-02-19 23:00","2018","02","19","23:00","11.4","","10.6","","95","","0.2","","20","","12","","","","99.21","","","","","","NA"
"-82.90","42.03","HARROW CDA AUTO","6133362","2018-02-20 00:00","2018","02","20","00:00","12.0","","11.2","","95","","0.0","","22","","14","","","","99.22","","","","","","NA"
"-82.90","42.03","HARROW CDA AUTO","6133362","2018-02-20 01:00","2018","02","20","01:00","11.2","","10.5","","95","","0.0","","20","","12","","","","99.23","","","","","","NA"
"-82.90","42.03","HARROW CDA AUTO","6133362","2018-02-20 02:00","2018","02","20","02:00","10.9","","10.3","","96","","0.0","","20","","12","","","","99.25","","","","","","NA"
"-82.90","42.03","HARROW CDA AUTO","6133362","2018-02-20 03:00","2018","02","20","03:00","11.9","","10.2","","90","","0.0","","22","","14","","","","99.23","","","","","","NA"
"-82.90","42.03","HARROW CDA AUTO","6133362","2018-02-20 04:00","2018","02","20","04:00","12.5","","10.6","","88","","1.0","","20","","17","","","","99.21","","","","","","NA"
"-82.90","42.03","HARROW CDA AUTO","6133362","2018-02-20 05:00","2018","02","20","05:00","10.4","","8.9","","91","","0.2","","23","","11","","","","99.23","","","","","","NA"
"-82.90","42.03","HARROW CDA AUTO","6133362","2018-02-20 06:00","2018","02","20","06:00","11.6","","10.1","","91","","0.0","","21","","16","","","","99.23","","","","","","NA"
"-82.90","42.03","HARROW CDA AUTO","6133362","2018-02-20 07:00","2018","02","20","07:00","12.8","","10.7","","87","","0.0","","21","","18","","","","99.26","","","","","","NA"
"-82.90","42.03","HARROW CDA AUTO","6133362","2018-02-20 08:00","2018","02","20","08:00","13.0","","10.9","","87","","0.0","","20","","22","","","","99.29","","","","","","NA"
"-82.90","42.03","HARROW CDA AUTO","6133362","2018-02-20 09:00","2018","02","20","09:00","12.9","","10.6","","86","","0.0","","20","","24","","","","99.29","","","","","","NA"
"-82.90","42.03","HARROW CDA AUTO","6133362","2018-02-20 10:00","2018","02","20","10:00","13.6","","11.7","","88","","0.3","","21","","21","","","","99.33","","","","","","NA"
"-82.90","42.03","HARROW CDA AUTO","6133362","2018-02-20 11:00","2018","02","20","11:00","13.8","","12.3","","91","","1.7","","21","","23","","","","99.35","","","","","","NA"
"-82.90","42.03","HARROW CDA AUTO","6133362","2018-02-20 12:00","2018","02","20","12:00","13.9","","12.7","","92","","3.6","","21","","24","","","","99.39","","","","","","NA"
"-82.90","42.03","HARROW CDA AUTO","6133362","2018-02-20 13:00","2018","02","20","13:00","14.4","","13.1","","92","","0.4","","22","","23","","","","99.38","","","","","","NA"
"-82.90","42.03","HARROW CDA AUTO","6133362","2018-02-20 14:00","2018","02","20","14:00","14.4","","13.4","","94","","1.3","","22","","19","","","","99.40","","","","","","NA"
"-82.90","42.03","HARROW CDA AUTO","6133362","2018-02-20 15:00","2018","02","20","15:00","14.3","","13.0","","92","","1.6","","22","","17","","","","99.39","","","","","","NA"
"-82.90","42.03","HARROW CDA AUTO","6133362","2018-02-20 16:00","2018","02","20","16:00","14.4","","13.2","","93","","0.5","","21","","14","","","","99.34","","","","","","NA"
"-82.90","42.03","HARROW CDA AUTO","6133362","2018-02-20 17:00","2018","02","20","17:00","13.1","","12.2","","95","","0.0","","17","","14","","","","99.33","","","","","","NA"
"-82.90","42.03","HARROW CDA AUTO","6133362","2018-02-20 18:00","2018","02","20","18:00","14.6","","12.2","","85","","0.0","","20","","18","","","","99.32","","","","","","NA"
"-82.90","42.03","HARROW CDA AUTO","6133362","2018-02-20 19:00","2018","02","20","19:00","14.4","","11.0","","80","","0.0","","19","","26","","","","99.32","","","","","","NA"
"-82.90","42.03","HARROW CDA AUTO","6133362","2018-02-20 20:00","2018","02","20","20:00","14.7","","11.4","","81","","0.0","","18","","23","","","","99.26","","","","","","NA"
"-82.90","42.03","HARROW CDA AUTO","6133362","2018-02-20 21:00","2018","02","20","21:00","14.8","","11.5","","81","","0.0","","19","","22","","","","99.27","","","","","","NA"
"-82.90","42.03","HARROW CDA AUTO","6133362","2018-02-20 22:00","2018","02","20","22:00","15.5","","11.5","","77","","0.0","","25","","23","","","","99.40","","","","","","NA"
"-82.90","42.03","HARROW CDA AUTO","6133362","2018-02-20 23:00","2018","02","20","23:00","14.3","","11.6","","84","","0.0","","32","","4","","","","99.46","","","","","","NA"
"-82.90","42.03","HARROW CDA AUTO","6133362","2018-02-21 00:00","2018","02","21","00:00","13.4","","12.0","","91","","0.0","","30","","6","","","","99.48","","","","","","NA"
"-82.90","42.03","HARROW CDA AUTO","6133362","2018-02-21 01:00","2018","02","21","01:00","9.7","","8.7","","94","","0.0","","18","","4","","","","99.49","","","","","","NA"
"-82.90","42.03","HARROW CDA AUTO","6133362","2018-02-21 02:00","2018","02","21","02:00","9.5","","8.8","","95","","0.0","","16","","8","","","","99.47","","","","","","NA"
"-82.90","42.03","HARROW CDA AUTO","6133362","2018-02-21 03:00","2018","02","21","03:00","10.2","","9.5","","96","","0.0","","30","","5","","","","99.42","","","","","","NA"
"-82.90","42.03","HARROW CDA AUTO","6133362","2018-02-21 04:00","2018","02","21","04:00","11.7","","11.0","","96","","6.9","","28","","4","","","","99.44","","","","","","NA"
"-82.90","42.03","HARROW CDA AUTO","6133362","2018-02-21 05:00","2018","02","21","05:00","12.4","","11.7","","96","","2.0","","29","","12","","","","99.60","","","","","","NA"
"-82.90","42.03","HARROW CDA AUTO","6133362","2018-02-21 06:00","2018","02","21","06:00","9.5","","8.5","","94","","1.3","","34","","12","","","","99.74","","","","","","NA"
"-82.90","42.03","HARROW CDA AUTO","6133362","2018-02-21 07:00","2018","02","21","07:00","6.3","","5.2","","93","","1.3","","33","","13","","","","99.96","","","","","","NA"
"-82.90","42.03","HARROW CDA AUTO","6133362","2018-02-21 08:00","2018","02","21","08:00","4.9","","3.8","","92","","1.0","","34","","9","","","","100.15","","","","","","NA"
"-82.90","42.03","HARROW CDA AUTO","6133362","2018-02-21 09:00","2018","02","21","09:00","4.6","","3.5","","93","","1.0","","34","","8","","","","100.32","","","","","","NA"
"-82.90","42.03","HARROW CDA AUTO","6133362","2018-02-21 10:00","2018","02","21","10:00","4.2","","3.1","","93","","1.1","","34","","6","","","","100.48","","","","","","NA"
"-82.90","42.03","HARROW CDA AUTO","6133362","2018-02-21 11:00","2018","02","21","11:00","3.9","","2.7","","92","","1.0","","33","","9","","","","100.62","","","","","","NA"
"-82.90","42.03","HARROW CDA AUTO","6133362","2018-02-21 12:00","2018","02","21","12:00","3.9","","2.0","","88","","0.4","","1","","16","","","","100.79","","","","","","NA"
"-82.90","42.03","HARROW CDA AUTO","6133362","2018-02-21 13:00","2018","02","21","13:00","4.0","","1.5","","84","","0.0","","1","","12","","","","100.83","","","","","","NA"
"-82.90","42.03","HARROW CDA AUTO","6133362","2018-02-21 14:00","2018","02","21","14:00","3.2","","1.9","","91","","0.0","","5","","12","","","","100.89","","","","","","NA"
"-82.90","42.03","HARROW CDA AUTO","6133362","2018-02-21 15:00","2018","02","21","15:00","2.6","","1.0","","89","","0.0","","5","","12","","","","100.95","","","","","","NA"
"-82.90","42.03","HARROW CDA AUTO","6133362","2018-02-21 16:00","2018","02","21","16:00","2.4","","0.6","","88","","0.0","","5","","14","","","","101.07","","","","","","NA"
"-82.90","42.03","HARROW CDA AUTO","6133362","2018-02-21 17:00","2018","02","21","17:00","1.7","","-0.1","","88","","0.0","","6","","12","","","","101.09","","","","","","NA"
"-82.90","42.03","HARROW CDA AUTO","6133362","2018-02-21 18:00","2018","02","21","18:00","1.0","","-0.9","","87","","0.0","","6","","10","","","","101.16","","","","","","NA"
"-82.90","42.03","HARROW CDA AUTO","6133362","2018-02-21 19:00","2018","02","21","19:00","0.5","","-1.7","","85","","0.0","","5","","9","","","","101.26","","","","","","NA"
"-82.90","42.03","HARROW CDA AUTO","6133362","2018-02-21 20:00","2018","02","21","20:00","0.3","","-1.8","","86","","0.0","","7","","8","","","","101.29","","","","","","NA"
"-82.90","42.03","HARROW CDA AUTO","6133362","2018-02-21 21:00","2018","02","21","21:00","0.3","","-1.7","","86","","0.0","","6","","7","","","","101.35","","","","","","NA"
"-82.90","42.03","HARROW CDA AUTO","6133362","2018-02-21 22:00","2018","02","21","22:00","0.1","","-2.1","","86","","0.0","","7","","10","","","","101.35","","","","","","NA"
"-82.90","42.03","HARROW CDA AUTO","6133362","2018-02-21 23:00","2018","02","21","23:00","-0.3","","-2.0","","89","","0.0","","4","","9","","","","101.40","","","","-3","","NA"
"-82.90","42.03","HARROW CDA AUTO","6133362","2018-02-22 00:00","2018","02","22","00:00","-0.6","","-2.5","","87","","0.0","","4","","12","","","","101.36","","","","-5","","NA"
"-82.90","42.03","HARROW CDA AUTO","6133362","2018-02-22 01:00","2018","02","22","01:00","-0.8","","-2.5","","88","","0.0","","4","","15","","","","101.38","","","","-5","","NA"
"-82.90","42.03","HARROW CDA AUTO","6133362","2018-02-22 02:00","2018","02","22","02:00","-0.9","","-2.7","","88","","0.0","","4","","15","","","","101.35","","","","-6","","NA"
"-82.90","42.03","HARROW CDA AUTO","6133362","2018-02-22 03:00","2018","02","22","03:00","-0.9","","-3.2","","84","","0.0","","5","","17","","","","101.29","","","","-6","","NA"
"-82.90","42.03","HARROW CDA AUTO","6133362","2018-02-22 04:00","2018","02","22","04:00","-0.8","","-3.3","","83","","0.0","","5","","16","","","","101.18","","","","-6","","NA"
"-82.90","42.03","HARROW CDA AUTO","6133362","2018-02-22 05:00","2018","02","22","05:00","-0.8","","-3.1","","84","","0.0","","4","","13","","","","101.24","","","","-5","","NA"
"-82.90","42.03","HARROW CDA AUTO","6133362","2018-02-22 06:00","2018","02","22","06:00","-0.8","","-3.4","","82","","0.0","","5","","13","","","","101.19","","","","-5","","NA"
"-82.90","42.03","HARROW CDA AUTO","6133362","2018-02-22 07:00","2018","02","22","07:00","-0.6","","-3.6","","80","","0.0","","6","","13","","","","101.19","","","","-5","","NA"
"-82.90","42.03","HARROW CDA AUTO","6133362","2018-02-22 08:00","2018","02","22","08:00","-0.5","","-3.7","","79","","0.0","","6","","13","","","","101.21","","","","-5","","NA"
"-82.90","42.03","HARROW CDA AUTO","6133362","2018-02-22 09:00","2018","02","22","09:00","-0.3","","-3.5","","79","","0.0","","6","","15","","","","101.16","","","","-5","","NA"
"-82.90","42.03","HARROW CDA AUTO","6133362","2018-02-22 10:00","2018","02","22","10:00","-0.4","","-3.2","","81","","0.0","","5","","13","","","","101.32","","","","-5","","NA"
"-82.90","42.03","HARROW CDA AUTO","6133362","2018-02-22 11:00","2018","02","22","11:00","0.1","","-2.9","","80","","0.0","","4","","15","","","","101.37","","","","","","NA"
"-82.90","42.03","HARROW CDA AUTO","6133362","2018-02-22 12:00","2018","02","22","12:00","0.7","","-2.8","","77","","0.0","","5","","17","","","","101.36","","","","","","NA"
"-82.90","42.03","HARROW CDA AUTO","6133362","2018-02-22 13:00","2018","02","22","13:00","1.3","","-2.6","","75","","0.0","","5","","17","","","","101.29","","","","","","NA"
"-82.90","42.03","HARROW CDA AUTO","6133362","2018-02-22 14:00","2018","02","22","14:00","1.9","","-1.9","","76","","0.0","","5","","19","","","","101.08","","","","","","NA"
"-82.90","42.03","HARROW CDA AUTO","6133362","2018-02-22 15:00","2018","02","22","15:00","2.7","","-0.5","","79","","0.0","","4","","16","","","","101.13","","","","","","NA"
"-82.90","42.03","HARROW CDA AUTO","6133362","2018-02-22 16:00","2018","02","22","16:00","2.3","","-0.8","","80","","0.0","","4","","17","","","","101.07","","","","","","NA"
"-82.90","42.03","HARROW CDA AUTO","6133362","2018-02-22 17:00","2018","02","22","17:00","2.7","","-1.3","","75","","0.0","","5","","14","","","","101.07","","","","","","NA"
"-82.90","42.03","HARROW CDA AUTO","6133362","2018-02-22 18:00","2018","02","22","18:00","0.8","","-2.0","","81","","0.0","","10","","5","","","","101.01","","","","","","NA"
"-82.90","42.03","HARROW CDA AUTO","6133362","2018-02-22 19:00","2018","02","22","19:00","0.8","","-2.1","","81","","0.0","","7","","9","","","","101.07","","","","","","NA"
"-82.90","42.03","HARROW CDA AUTO","6133362","2018-02-22 20:00","2018","02","22","20:00","1.4","","-1.5","","81","","0.0","","8","","7","","","","101.05","","","","","","NA"
"-82.90","42.03","HARROW CDA AUTO","6133362","2018-02-22 21:00","2018","02","22","21:00","2.0","","-1.0","","80","","0.0","","7","","13","","","","100.97","","","","","","NA"
"-82.90","42.03","HARROW CDA AUTO","6133362","2018-02-22 22:00","2018","02","22","22:00","1.9","","-0.9","","82","","0.0","","8","","14","","","","100.88","","","","","","NA"
"-82.90","42.03","HARROW CDA AUTO","6133362","2018-02-22 23:00","2018","02","22","23:00","1.9","","-0.8","","82","","0.0","","8","","11","","","","100.82","","","","","","NA"
"-82.90","42.03","HARROW CDA AUTO","6133362","2018-02-23 00:00","2018","02","23","00:00","1.6","","-0.6","","86","","0.0","","10","","8","","","","100.77","","","","","","NA"
"-82.90","42.03","HARROW CDA AUTO","6133362","2018-02-23 01:00","2018","02","23","01:00","1.4","","-0.4","","88","","0.0","","9","","10","","","","100.66","","","","","","NA"
"-82.90","42.03","HARROW CDA AUTO","6133362","2018-02-23 02:00","2018","02","23","02:00","1.6","","0.0","","89","","0.0","","9","","10","","","","100.58","","","","","","NA"
"-82.90","42.03","HARROW CDA AUTO","6133362","2018-02-23 03:00","2018","02","23","03:00","1.5","","0.2","","91","","0.0","","8","","8","","","","100.45","","","","","","NA"
"-82.90","42.03","HARROW CDA AUTO","6133362","2018-02-23 04:00","2018","02","23","04:00","1.3","","0.6","","95","","0.2","","11","","8","","","","100.37","","","","","","NA"
"-82.90","42.03","HARROW CDA AUTO","6133362","2018-02-23 05:00","2018","02","23","05:00","0.9","","0.3","","96","","0.0","","11","","12","","","","100.21","","","","","","NA"
"-82.90","42.03","HARROW CDA AUTO","6133362","2018-02-23 06:00","2018","02","23","06:00","1.0","","0.5","","97","","0.0","","13","","12","","","","100.24","","","","","","NA"
"-82.90","42.03","HARROW CDA AUTO","6133362","2018-02-23 07:00","2018","02","23","07:00","1.1","","0.6","","97","","0.0","","13","","13","","","","100.07","","","","","","NA"
"-82.90","42.03","HARROW CDA AUTO","6133362","2018-02-23 08:00","2018","02","23","08:00","1.7","","1.3","","97","","0.3","","13","","10","","","","99.92","","","","","","NA"
"-82.90","42.03","HARROW CDA AUTO","6133362","2018-02-23 09:00","2018","02","23","09:00","1.9","","1.5","","97","","0.2","","13","","11","","","","99.80","","","","","","NA"
"-82.90","42.03","HARROW CDA AUTO","6133362","2018-02-23 10:00","2018","02","23","10:00","2.4","","2.0","","97","","1.6","","13","","8","","","","99.67","","","","","","NA"
"-82.90","42.03","HARROW CDA AUTO","6133362","2018-02-23 11:00","2018","02","23","11:00","3.1","","2.7","","97","","1.6","","16","","12","","","","99.60","","","","","","NA"
"-82.90","42.03","HARROW CDA AUTO","6133362","2018-02-23 12:00","2018","02","23","12:00","5.5","","5.0","","97","","3.3","","20","","7","","","","99.66","","","","","","NA"
"-82.90","42.03","HARROW CDA AUTO","6133362","2018-02-23 13:00","2018","02","23","13:00","6.8","","6.0","","95","","0.0","","23","","11","","","","99.58","","","","","","NA"
"-82.90","42.03","HARROW CDA AUTO","6133362","2018-02-23 14:00","2018","02","23","14:00","6.5","","5.7","","95","","0.0","","26","","18","","","","99.57","","","","","","NA"
"-82.90","42.03","HARROW CDA AUTO","6133362","2018-02-23 15:00","2018","02","23","15:00","7.0","","6.0","","94","","0.0","","26","","16","","","","99.62","","","","","","NA"
"-82.90","42.03","HARROW CDA AUTO","6133362","2018-02-23 16:00","2018","02","23","16:00","8.1","","6.5","","90","","0.0","","25","","21","","","","99.64","","","","","","NA"
"-82.90","42.03","HARROW CDA AUTO","6133362","2018-02-23 17:00","2018","02","23","17:00","8.0","","6.3","","89","","0.0","","26","","18","","","","99.70","","","","","","NA"
"-82.90","42.03","HARROW CDA AUTO","6133362","2018-02-23 18:00","2018","02","23","18:00","8.1","","6.3","","88","","0.0","","27","","13","","","","99.76","","","","","","NA"
"-82.90","42.03","HARROW CDA AUTO","6133362","2018-02-23 19:00","2018","02","23","19:00","8.1","","6.2","","88","","0.0","","28","","14","","","","99.84","","","","","","NA"
"-82.90","42.03","HARROW CDA AUTO","6133362","2018-02-23 20:00","2018","02","23","20:00","8.0","","5.7","","85","","0.0","","29","","15","","","","99.92","","","","","","NA"
"-82.90","42.03","HARROW CDA AUTO","6133362","2018-02-23 21:00","2018","02","23","21:00","7.3","","5.1","","86","","0.0","","28","","12","","","","99.92","","","","","","NA"
"-82.90","42.03","HARROW CDA AUTO","6133362","2018-02-23 22:00","2018","02","23","22:00","7.0","","4.5","","84","","0.0","","30","","14","","","","99.93","","","","","","NA"
"-82.90","42.03","HARROW CDA AUTO","6133362","2018-02-23 23:00","2018","02","23","23:00","6.1","","3.5","","84","","0.0","","27","","11","","","","99.96","","","","","","NA"
"-82.90","42.03","HARROW CDA AUTO","6133362","2018-02-24 00:00","2018","02","24","00:00","5.8","","3.5","","85","","0.0","","31","","7","","","","99.99","","","","","","NA"
"-82.90","42.03","HARROW CDA AUTO","6133362","2018-02-24 01:00","2018","02","24","01:00","4.9","","2.4","","84","","0.0","","33","","7","","","","100.04","","","","","","NA"
"-82.90","42.03","HARROW CDA AUTO","6133362","2018-02-24 02:00","2018","02","24","02:00","4.7","","2.2","","84","","0.0","","33","","7","","","","100.12","","","","","","NA"
"-82.90","42.03","HARROW CDA AUTO","6133362","2018-02-24 03:00","2018","02","24","03:00","4.1","","1.7","","84","","0.0","","1","","8","","","","100.02","","","","","","NA"
"-82.90","42.03","HARROW CDA AUTO","6133362","2018-02-24 04:00","2018","02","24","04:00","3.7","","1.4","","85","","0.0","","3","","8","","","","100.07","","","","","","NA"
"-82.90","42.03","HARROW CDA AUTO","6133362","2018-02-24 05:00","2018","02","24","05:00","3.4","","0.9","","83","","0.0","","3","","9","","","","100.06","","","","","","NA"
"-82.90","42.03","HARROW CDA AUTO","6133362","2018-02-24 06:00","2018","02","24","06:00","3.0","","0.6","","85","","0.0","","3","","10","","","","100.05","","","","","","NA"
"-82.90","42.03","HARROW CDA AUTO","6133362","2018-02-24 07:00","2018","02","24","07:00","2.7","","0.4","","85","","0.0","","5","","7","","","","100.06","","","","","","NA"
"-82.90","42.03","HARROW CDA AUTO","6133362","2018-02-24 08:00","2018","02","24","08:00","2.8","","0.5","","85","","0.0","","5","","9","","","","99.99","","","","","","NA"
"-82.90","42.03","HARROW CDA AUTO","6133362","2018-02-24 09:00","2018","02","24","09:00","3.2","","0.0","","79","","0.0","","6","","12","","","","100.01","","","","","","NA"
"-82.90","42.03","HARROW CDA AUTO","6133362","2018-02-24 10:00","2018","02","24","10:00","3.5","","0.0","","78","","0.0","","7","","12","","","","100.06","","","","","","NA"
"-82.90","42.03","HARROW CDA AUTO","6133362","2018-02-24 11:00","2018","02","24","11:00","3.9","","0.4","","78","","0.0","","7","","9","","","","100.04","","","","","","NA"
"-82.90","42.03","HARROW CDA AUTO","6133362","2018-02-24 12:00","2018","02","24","12:00","4.0","","0.2","","76","","0.0","","8","","9","","","","99.96","","","","","","NA"
"-82.90","42.03","HARROW CDA AUTO","6133362","2018-02-24 13:00","2018","02","24","13:00","4.0","","0.0","","75","","0.0","","7","","12","","","","99.89","","","","","","NA"
"-82.90","42.03","HARROW CDA AUTO","6133362","2018-02-24 14:00","2018","02","24","14:00","4.8","","-0.1","","71","","0.0","","8","","12","","","","99.73","","","","","","NA"
"-82.90","42.03","HARROW CDA AUTO","6133362","2018-02-24 15:00","2018","02","24","15:00","4.9","","-0.2","","70","","0.0","","7","","17","","","","99.65","","","","","","NA"
"-82.90","42.03","HARROW CDA AUTO","6133362","2018-02-24 16:00","2018","02","24","16:00","4.8","","-0.1","","70","","0.0","","8","","10","","","","99.60","","","","","","NA"
"-82.90","42.03","HARROW CDA AUTO","6133362","2018-02-24 17:00","2018","02","24","17:00","4.0","","-0.6","","72","","0.0","","9","","12","","","","99.58","","","","","","NA"
"-82.90","42.03","HARROW CDA AUTO","6133362","2018-02-24 18:00","2018","02","24","18:00","3.2","","-0.2","","78","","0.0","","9","","12","","","","99.49","","","","","","NA"
"-82.90","42.03","HARROW CDA AUTO","6133362","2018-02-24 19:00","2018","02","24","19:00","2.9","","-0.9","","76","","0.0","","9","","7","","","","99.44","","","","","","NA"
"-82.90","42.03","HARROW CDA AUTO","6133362","2018-02-24 20:00","2018","02","24","20:00","2.6","","-0.2","","82","","0.0","","9","","10","","","","99.26","","","","","","NA"
"-82.90","42.03","HARROW CDA AUTO","6133362","2018-02-24 21:00","2018","02","24","21:00","2.4","","0.0","","84","","0.0","","9","","9","","","","99.11","","","","","","NA"
"-82.90","42.03","HARROW CDA AUTO","6133362","2018-02-24 22:00","2018","02","24","22:00","2.2","","0.2","","87","","0.0","","11","","13","","","","98.98","","","","","","NA"
"-82.90","42.03","HARROW CDA AUTO","6133362","2018-02-24 23:00","2018","02","24","23:00","1.7","","0.6","","92","","0.7","","10","","10","","","","98.84","","","","","","NA"
"-82.90","42.03","HARROW CDA AUTO","6133362","2018-02-25 00:00","2018","02","25","00:00","1.9","","1.1","","95","","2.9","","11","","16","","","","98.48","","","","","","NA"
"-82.90","42.03","HARROW CDA AUTO","6133362","2018-02-25 01:00","2018","02","25","01:00","2.4","","1.8","","96","","1.2","","11","","14","","","","98.12","","","","","","NA"
"-82.90","42.03","HARROW CDA AUTO","6133362","2018-02-25 02:00","2018","02","25","02:00","3.3","","2.8","","96","","0.0","","12","","16","","","","97.97","","","","","","NA"
"-82.90","42.03","HARROW CDA AUTO","6133362","2018-02-25 03:00","2018","02","25","03:00","4.9","","4.3","","96","","0.0","","13","","15","","","","97.83","","","","","","NA"
"-82.90","42.03","HARROW CDA AUTO","6133362","2018-02-25 04:00","2018","02","25","04:00","4.7","","4.2","","97","","0.0","","13","","14","","","","97.68","","","","","","NA"
"-82.90","42.03","HARROW CDA AUTO","6133362","2018-02-25 05:00","2018","02","25","05:00","6.7","","6.1","","96","","0.0","","17","","16","","","","97.64","","","","","","NA"
"-82.90","42.03","HARROW CDA AUTO","6133362","2018-02-25 06:00","2018","02","25","06:00","9.6","","9.0","","96","","0.2","","24","","34","","","","97.78","","","","","","NA"
"-82.90","42.03","HARROW CDA AUTO","6133362","2018-02-25 07:00","2018","02","25","07:00","7.7","","4.9","","83","","0.0","","25","","33","","","","98.05","","","","","","NA"
"-82.90","42.03","HARROW CDA AUTO","6133362","2018-02-25 08:00","2018","02","25","08:00","5.8","","1.9","","76","","0.0","","25","","39","","","","98.30","","","","","","NA"
"-82.90","42.03","HARROW CDA AUTO","6133362","2018-02-25 09:00","2018","02","25","09:00","4.5","","0.6","","76","","0.0","","25","","37","","","","98.50","","","","","","NA"
"-82.90","42.03","HARROW CDA AUTO","6133362","2018-02-25 10:00","2018","02","25","10:00","4.4","","1.0","","79","","0.0","","25","","32","","","","98.64","","","","","","NA"
"-82.90","42.03","HARROW CDA AUTO","6133362","2018-02-25 11:00","2018","02","25","11:00","4.6","","-0.4","","70","","0.0","","26","","40","","","","98.75","","","","","","NA"
"-82.90","42.03","HARROW CDA AUTO","6133362","2018-02-25 12:00","2018","02","25","12:00","5.4","","0.5","","71","","0.0","","25","","34","","","","98.86","","","","","","NA"
"-82.90","42.03","HARROW CDA AUTO","6133362","2018-02-25 13:00","2018","02","25","13:00","5.5","","-0.5","","65","","0.0","","25","","37","","","","98.90","","","","","","NA"
"-82.90","42.03","HARROW CDA AUTO","6133362","2018-02-25 14:00","2018","02","25","14:00","5.4","","-0.5","","66","","0.0","","25","","37","","","","98.96","","","","","","NA"
"-82.90","42.03","HARROW CDA AUTO","6133362","2018-02-25 15:00","2018","02","25","15:00","6.0","","0.1","","66","","0.0","","25","","31","","","","99.00","","","","","","NA"
"-82.90","42.03","HARROW CDA AUTO","6133362","2018-02-25 16:00","2018","02","25","16:00","5.5","","-0.8","","64","","0.0","","25","","33","","","","99.02","","","","","","NA"
"-82.90","42.03","HARROW CDA AUTO","6133362","2018-02-25 17:00","2018","02","25","17:00","5.1","","-0.7","","66","","0.0","","25","","30","","","","99.09","","","","","","NA"
"-82.90","42.03","HARROW CDA AUTO","6133362","2018-02-25 18:00","2018","02","25","18:00","4.3","","-0.9","","69","","0.0","","25","","25","","","","99.21","","","","","","NA"
"-82.90","42.03","HARROW CDA AUTO","6133362","2018-02-25 19:00","2018","02","25","19:00","4.2","","-1.6","","66","","0.0","","26","","26","","","","99.33","","","","","","NA"
"-82.90","42.03","HARROW CDA AUTO","6133362","2018-02-25 20:00","2018","02","25","20:00","3.7","","-1.5","","69","","0.0","","25","","24","","","","99.37","","","","","","NA"
"-82.90","42.03","HARROW CDA AUTO","6133362","2018-02-25 21:00","2018","02","25","21:00","3.2","","-1.4","","72","","0.0","","25","","24","","","","99.46","","","","","","NA"
"-82.90","42.03","HARROW CDA AUTO","6133362","2018-02-25 22:00","2018","02","25","22:00","3.0","","-1.5","","73","","0.0","","26","","17","","","","99.47","","","","","","NA"
"-82.90","42.03","HARROW CDA AUTO","6133362","2018-02-25 23:00","2018","02","25","23:00","2.4","","-1.2","","77","","0.0","","25","","17","","","","99.53","","","","","","NA"
"-82.90","42.03","HARROW CDA AUTO","6133362","2018-02-26 00:00","2018","02","26","00:00","2.5","","-1.6","","74","","0.0","","25","","17","","","","99.53","","","","","","NA"
"-82.90","42.03","HARROW CDA AUTO","6133362","2018-02-26 01:00","2018","02","26","01:00","2.6","","-1.8","","73","","0.0","","24","","18","","","","99.57","","","","","","NA"
"-82.90","42.03","HARROW CDA AUTO","6133362","2018-02-26 02:00","2018","02","26","02:00","2.3","","-2.0","","73","","0.0","","24","","18","","","","99.60","","","","","","NA"
"-82.90","42.03","HARROW CDA AUTO","6133362","2018-02-26 03:00","2018","02","26","03:00","1.6","","-1.7","","78","","0.0","","25","","17","","","","99.65","","","","","","NA"
"-82.90","42.03","HARROW CDA AUTO","6133362","2018-02-26 04:00","2018","02","26","04:00","1.7","","-1.8","","78","","0.0","","25","","16","","","","99.70","","","","","","NA"
"-82.90","42.03","HARROW CDA AUTO","6133362","2018-02-26 05:00","2018","02","26","05:00","1.6","","-2.1","","76","","0.0","","26","","15","","","","99.78","","","","","","NA"
"-82.90","42.03","HARROW CDA AUTO","6133362","2018-02-26 06:00","2018","02","26","06:00","1.1","","-2.0","","80","","0.0","","25","","12","","","","99.85","","","","","","NA"
"-82.90","42.03","HARROW CDA AUTO","6133362","2018-02-26 07:00","2018","02","26","07:00","0.7","","-1.8","","83","","0.0","","25","","12","","","","99.89","","","","","","NA"
"-82.90","42.03","HARROW CDA AUTO","6133362","2018-02-26 08:00","2018","02","26","08:00","1.4","","-1.9","","79","","0.0","","26","","10","","","","100.00","","","","","","NA"
"-82.90","42.03","HARROW CDA AUTO","6133362","2018-02-26 09:00","2018","02","26","09:00","2.3","","-1.6","","75","","0.0","","25","","15","","","","100.09","","","","","","NA"
"-82.90","42.03","HARROW CDA AUTO","6133362","2018-02-26 10:00","2018","02","26","10:00","3.1","","-1.2","","73","","0.0","","26","","15","","","","100.16","","","","","","NA"
"-82.90","42.03","HARROW CDA AUTO","6133362","2018-02-26 11:00","2018","02","26","11:00","4.5","","-0.5","","70","","0.0","","25","","14","","","","100.20","","","","","","NA"
"-82.90","42.03","HARROW CDA AUTO","6133362","2018-02-26 12:00","2018","02","26","12:00","5.3","","-1.5","","62","","0.0","","25","","17","","","","100.21","","","","","","NA"
"-82.90","42.03","HARROW CDA AUTO","6133362","2018-02-26 13:00","2018","02","26","13:00","6.3","","-1.6","","57","","0.0","","24","","17","","","","100.19","","","","","","NA"
"-82.90","42.03","HARROW CDA AUTO","6133362","2018-02-26 14:00","2018","02","26","14:00","7.1","","-2.7","","50","","0.0","","22","","17","","","","100.15","","","","","","NA"
"-82.90","42.03","HARROW CDA AUTO","6133362","2018-02-26 15:00","2018","02","26","15:00","7.8","","-2.7","","47","","0.0","","23","","17","","","","100.13","","","","","","NA"
"-82.90","42.03","HARROW CDA AUTO","6133362","2018-02-26 16:00","2018","02","26","16:00","8.6","","-2.6","","45","","0.0","","22","","14","","","","100.13","","","","","","NA"
"-82.90","42.03","HARROW CDA AUTO","6133362","2018-02-26 17:00","2018","02","26","17:00","7.9","","-2.9","","47","","0.0","","20","","12","","","","100.12","","","","","","NA"
"-82.90","42.03","HARROW CDA AUTO","6133362","2018-02-26 18:00","2018","02","26","18:00","5.7","","-2.1","","57","","0.0","","20","","10","","","","100.13","","","","","","NA"
"-82.90","42.03","HARROW CDA AUTO","6133362","2018-02-26 19:00","2018","02","26","19:00","4.1","","-1.7","","66","","0.0","","21","","7","","","","100.17","","","","","","NA"
"-82.90","42.03","HARROW CDA AUTO","6133362","2018-02-26 20:00","2018","02","26","20:00","3.8","","-1.3","","69","","0.0","","23","","7","","","","100.21","","","","","","NA"
"-82.90","42.03","HARROW CDA AUTO","6133362","2018-02-26 21:00","2018","02","26","21:00","4.1","","-1.1","","69","","0.0","","22","","9","","","","100.25","","","","","","NA"
"-82.90","42.03","HARROW CDA AUTO","6133362","2018-02-26 22:00","2018","02","26","22:00","4.7","","-0.9","","67","","0.0","","23","","11","","","","100.25","","","","","","NA"
"-82.90","42.03","HARROW CDA AUTO","6133362","2018-02-26 23:00","2018","02","26","23:00","4.1","","-0.8","","70","","0.0","","23","","10","","","","100.27","","","","","","NA"
"-82.90","42.03","HARROW CDA AUTO","6133362","2018-02-27 00:00","2018","02","27","00:00","3.2","","-1.1","","74","","0.0","","23","","10","","","","100.30","","","","","","NA"
"-82.90","42.03","HARROW CDA AUTO","6133362","2018-02-27 01:00","2018","02","27","01:00","2.9","","-1.1","","75","","0.0","","23","","10","","","","100.32","","","","","","NA"
"-82.90","42.03","HARROW CDA AUTO","6133362","2018-02-27 02:00","2018","02","27","02:00","3.2","","-1.2","","73","","0.0","","23","","11","","","","100.33","","","","","","NA"
"-82.90","42.03","HARROW CDA AUTO","6133362","2018-02-27 03:00","2018","02","27","03:00","3.2","","-1.7","","70","","0.0","","23","","12","","","","100.31","","","","","","NA"
"-82.90","42.03","HARROW CDA AUTO","6133362","2018-02-27 04:00","2018","02","27","04:00","3.1","","-2.1","","69","","0.0","","23","","12","","","","100.29","","","","","","NA"
"-82.90","42.03","HARROW CDA AUTO","6133362","2018-02-27 05:00","2018","02","27","05:00","3.1","","-2.3","","68","","0.0","","23","","13","","","","100.30","","","","","","NA"
"-82.90","42.03","HARROW CDA AUTO","6133362","2018-02-27 06:00","2018","02","27","06:00","2.7","","-2.4","","69","","0.0","","23","","12","","","","100.32","","","","","","NA"
"-82.90","42.03","HARROW CDA AUTO","6133362","2018-02-27 07:00","2018","02","27","07:00","2.0","","-2.5","","72","","0.0","","23","","12","","","","100.36","","","","","","NA"
"-82.90","42.03","HARROW CDA AUTO","6133362","2018-02-27 08:00","2018","02","27","08:00","2.4","","-1.9","","73","","0.0","","23","","9","","","","100.40","","","","","","NA"
"-82.90","42.03","HARROW CDA AUTO","6133362","2018-02-27 09:00","2018","02","27","09:00","4.2","","-1.7","","65","","0.0","","22","","12","","","","100.37","","","","","","NA"
"-82.90","42.03","HARROW CDA AUTO","6133362","2018-02-27 10:00","2018","02","27","10:00","5.5","","-2.6","","56","","0.0","","22","","17","","","","100.35","","","","","","NA"
"-82.90","42.03","HARROW CDA AUTO","6133362","2018-02-27 11:00","2018","02","27","11:00","6.8","","-1.8","","54","","0.0","","22","","21","","","","100.29","","","","","","NA"
"-82.90","42.03","HARROW CDA AUTO","6133362","2018-02-27 12:00","2018","02","27","12:00","9.7","","-0.3","","50","","0.0","","23","","18","","","","100.21","","","","","","NA"
"-82.90","42.03","HARROW CDA AUTO","6133362","2018-02-27 13:00","2018","02","27","13:00","11.5","","0.0","","45","","0.0","","22","","19","","","","100.08","","","","","","NA"
"-82.90","42.03","HARROW CDA AUTO","6133362","2018-02-27 14:00","2018","02","27","14:00","11.8","","-0.3","","43","","0.0","","22","","20","","","","99.97","","","","","","NA"
"-82.90","42.03","HARROW CDA AUTO","6133362","2018-02-27 15:00","2018","02","27","15:00","12.6","","0.8","","44","","0.0","","22","","20","","","","99.87","","","","","","NA"
"-82.90","42.03","HARROW CDA AUTO","6133362","2018-02-27 16:00","2018","02","27","16:00","12.3","","0.4","","44","","0.0","","23","","17","","","","99.77","","","","","","NA"
"-82.90","42.03","HARROW CDA AUTO","6133362","2018-02-27 17:00","2018","02","27","17:00","11.8","","0.2","","45","","0.0","","22","","18","","","","99.71","","","","","","NA"
"-82.90","42.03","HARROW CDA AUTO","6133362","2018-02-27 18:00","2018","02","27","18:00","10.6","","-0.2","","47","","0.0","","22","","16","","","","99.67","","","","","","NA"
"-82.90","42.03","HARROW CDA AUTO","6133362","2018-02-27 19:00","2018","02","27","19:00","9.0","","0.3","","54","","0.0","","20","","13","","","","99.62","","","","","","NA"
"-82.90","42.03","HARROW CDA AUTO","6133362","2018-02-27 20:00","2018","02","27","20:00","8.5","","-0.3","","54","","0.0","","20","","17","","","","99.53","","","","","","NA"
"-82.90","42.03","HARROW CDA AUTO","6133362","2018-02-27 21:00","2018","02","27","21:00","9.7","","-1.5","","45","","0.0","","20","","17","","","","99.50","","","","","","NA"
"-82.90","42.03","HARROW CDA AUTO","6133362","2018-02-27 22:00","2018","02","27","22:00","6.9","","0.1","","62","","0.0","","19","","15","","","","99.47","","","","","","NA"
"-82.90","42.03","HARROW CDA AUTO","6133362","2018-02-27 23:00","2018","02","27","23:00","6.9","","0.4","","64","","0.0","","19","","13","","","","99.38","","","","","","NA"
"-82.90","42.03","HARROW CDA AUTO","6133362","2018-02-28 00:00","2018","02","28","00:00","5.5","","0.3","","69","","0.0","","18","","11","","","","99.41","","","","","","NA"
"-82.90","42.03","HARROW CDA AUTO","6133362","2018-02-28 01:00","2018","02","28","01:00","4.9","","-0.1","","71","","0.0","","18","","10","","","","99.36","","","","","","NA"
"-82.90","42.03","HARROW CDA AUTO","6133362","2018-02-28 02:00","2018","02","28","02:00","5.1","","-0.4","","68","","0.0","","19","","10","","","","99.30","","","","","","NA"
"-82.90","42.03","HARROW CDA AUTO","6133362","2018-02-28 03:00","2018","02","28","03:00","5.3","","0.4","","71","","0.0","","18","","11","","","","99.18","","","","","","NA"
"-82.90","42.03","HARROW CDA AUTO","6133362","2018-02-28 04:00","2018","02","28","04:00","5.0","","0.3","","71","","0.0","","19","","11","","","","99.02","","","","","","NA"
"-82.90","42.03","HARROW CDA AUTO","6133362","2018-02-28 05:00","2018","02","28","05:00","5.4","","0.7","","71","","0.0","","20","","18","","","","98.94","","","","","","NA"
"-82.90","42.03","HARROW CDA AUTO","6133362","2018-02-28 06:00","2018","02","28","06:00","6.6","","0.8","","66","","0.0","","20","","22","","","","98.87","","","","","","NA"
"-82.90","42.03","HARROW CDA AUTO","6133362","2018-02-28 07:00","2018","02","28","07:00","7.3","","0.9","","64","","0.0","","21","","21","","","","98.89","","","","","","NA"
"-82.90","42.03","HARROW CDA AUTO","6133362","2018-02-28 08:00","2018","02","28","08:00","7.9","","1.6","","64","","0.0","","22","","19","","","","98.85","","","","","","NA"
"-82.90","42.03","HARROW CDA AUTO","6133362","2018-02-28 09:00","2018","02","28","09:00","7.0","","3.2","","77","","0.0","","22","","20","","","","98.83","","","","","","NA"
"-82.90","42.03","HARROW CDA AUTO","6133362","2018-02-28 10:00","2018","02","28","10:00","8.4","","3.5","","71","","0.3","","23","","20","","","","98.84","","","","","","NA"
"-82.90","42.03","HARROW CDA AUTO","6133362","2018-02-28 11:00","2018","02","28","11:00","10.2","","6.2","","76","","0.0","","23","","25","","","","98.82","","","","","","NA"
"-82.90","42.03","HARROW CDA AUTO","6133362","2018-02-28 12:00","2018","02","28","12:00","9.8","","5.7","","76","","0.0","","23","","21","","","","98.79","","","","","","NA"
"-82.90","42.03","HARROW CDA AUTO","6133362","2018-02-28 13:00","2018","02","28","13:00","12.0","","7.1","","72","","0.0","","23","","24","","","","98.73","","","","","","NA"
"-82.90","42.03","HARROW CDA AUTO","6133362","2018-02-28 14:00","2018","02","28","14:00","12.1","","6.5","","68","","0.0","","24","","26","","","","98.69","","","","","","NA"
"-82.90","42.03","HARROW CDA AUTO","6133362","2018-02-28 15:00","2018","02","28","15:00","12.0","","7.6","","75","","0.0","","25","","20","","","","98.68","","","","","","NA"
"-82.90","42.03","HARROW CDA AUTO","6133362","2018-02-28 16:00","2018","02","28","16:00","11.4","","7.0","","75","","0.0","","25","","19","","","","98.70","","","","","","NA"
"-82.90","42.03","HARROW CDA AUTO","6133362","2018-02-28 17:00","2018","02","28","17:00","12.8","","7.1","","69","","0.0","","24","","22","","","","98.67","","","","","","NA"
"-82.90","42.03","HARROW CDA AUTO","6133362","2018-02-28 18:00","2018","02","28","18:00","11.7","","7.0","","73","","0.0","","25","","10","","","","98.73","","","","","","NA"
"-82.90","42.03","HARROW CDA AUTO","6133362","2018-02-28 19:00","2018","02","28","19:00","11.1","","6.8","","75","","0.0","","25","","11","","","","98.78","","","","","","NA"
"-82.90","42.03","HARROW CDA AUTO","6133362","2018-02-28 20:00","2018","02","28","20:00","6.5","","2.6","","76","","0.0","","4","","17","","","","98.84","","","","","","NA"
"-82.90","42.03","HARROW CDA AUTO","6133362","2018-02-28 21:00","2018","02","28","21:00","4.3","","1.5","","82","","0.0","","4","","14","","","","98.87","","","","","","NA"
"-82.90","42.03","HARROW CDA AUTO","6133362","2018-02-28 22:00","2018","02","28","22:00","3.4","","0.8","","83","","0.0","","4","","19","","","","98.87","","","","","","NA"
"-82.90","42.03","HARROW CDA AUTO","6133362","2018-02-28 23:00","2018","02","28","23:00","2.4","","0.7","","89","","0.0","","4","","17","","","","98.91","","","","","","NA"
