"Longitude (x)","Latitude (y)","Station Name","Climate ID","Date/Time (LST)","Year","Month","Day","Time (LST)","Temp (°C)","Temp Flag","Dew Point Temp (°C)","Dew Point Temp Flag","Rel Hum (%)","Rel Hum Flag","Precip. Amount (mm)","Precip. Amount Flag","Wind Dir (10s deg)","Wind Dir Flag","Wind Spd (km/h)","Wind Spd Flag","Visibility (km)","Visibility Flag","Stn Press (kPa)","Stn Press Flag","Hmdx","Hmdx Flag","Wind Chill","Wind Chill Flag","Weather"
"-113.88","50.18","STAVELY AAFC","3036099","2021-06-01 00:00","2021","06","01","00:00","14.3","","3.7","","49","","0.0","","16","","8","","","","","M","","","","","NA"
"-113.88","50.18","STAVELY AAFC","3036099","2021-06-01 01:00","2021","06","01","01:00","14.3","","3.4","","48","","0.0","","17","","6","","","","","M","","","","","NA"
"-113.88","50.18","STAVELY AAFC","3036099","2021-06-01 02:00","2021","06","01","02:00","15.0","","2.9","","44","","0.0","","22","","3","","","","","M","","","","","NA"
"-113.88","50.18","STAVELY AAFC","3036099","2021-06-01 03:00","2021","06","01","03:00","14.2","","3.8","","50","","0.0","","30","","4","","","","","M","","","","","NA"
"-113.88","50.18","STAVELY AAFC","3036099","2021-06-01 04:00","2021","06","01","04:00","14.3","","2.6","","45","","0.0","","29","","14","","","","","M","","","","","NA"
"-113.88","50.18","STAVELY AAFC","3036099","2021-06-01 05:00","2021","06","01","05:00","14.7","","2.2","","43","","0.0","","28","","13","","","","","M","","","","","NA"
"-113.88","50.18","STAVELY AAFC","3036099","2021-06-01 06:00","2021","06","01","06:00","16.1","","1.7","","38","","0.0","","30","","16","","","","","M","","","","","NA"
"-113.88","50.18","STAVELY AAFC","3036099","2021-06-01 07:00","2021","06","01","07:00","17.7","","3.5","","39","","0.0","","32","","15","","","","","M","","","","","NA"
"-113.88","50.18","STAVELY AAFC","3036099","2021-06-01 08:00","2021","06","01","08:00","18.9","","5.4","","41","","0.0","","35","","17","","","","","M","","","","","NA"
"-113.88","50.18","STAVELY AAFC","3036099","2021-06-01 09:00","2021","06","01","09:00","20.5","","5.4","","37","","0.0","","32","","8","","","","","M","","","","","NA"
"-113.88","50.18","STAVELY AAFC","3036099","2021-06-01 10:00","2021","06","01","10:00","20.7","","2.7","","30","","0.0","","35","","19","","","","","M","","","","","NA"
"-113.88","50.18","STAVELY AAFC","3036099","2021-06-01 11:00","2021","06","01","11:00","21.4","","3.8","","31","","0.0","","34","","15","","","","","M","","","","","NA"
"-113.88","50.18","STAVELY AAFC","3036099","2021-06-01 12:00","2021","06","01","12:00","22.3","","3.4","","29","","0.0","","33","","17","","","","","M","","","","","NA"
"-113.88","50.18","STAVELY AAFC","3036099","2021-06-01 13:00","2021","06","01","13:00","23.4","","4.2","","29","","0.0","","35","","10","","","","","M","","","","","NA"
"-113.88","50.18","STAVELY AAFC","3036099","2021-06-01 14:00","2021","06","01","14:00","24.2","","5.6","","30","","0.0","","33","","13","","","","","M","","","","","NA"
"-113.88","50.18","STAVELY AAFC","3036099","2021-06-01 15:00","2021","06","01","15:00","24.4","","4.9","","28","","0.0","","2","","12","","","","","M","","","","","NA"
"-113.88","50.18","STAVELY AAFC","3036099","2021-06-01 16:00","2021","06","01","16:00","24.7","","5.8","","30","","0.0","","18","","7","","","","","M","","","","","NA"
"-113.88","50.18","STAVELY AAFC","3036099","2021-06-01 17:00","2021","06","01","17:00","24.9","","6.4","","30","","0.0","","24","","4","","","","","M","25","","","","NA"
"-113.88","50.18","STAVELY AAFC","3036099","2021-06-01 18:00","2021","06","01","18:00","24.2","","6.8","","33","","0.0","","18","","8","","","","","M","","","","","NA"
"-113.88","50.18","STAVELY AAFC","3036099","2021-06-01 19:00","2021","06","01","19:00","22.6","","7.5","","38","","0.0","","15","","9","","","","","M","","","","","NA"
"-113.88","50.18","STAVELY AAFC","3036099","2021-06-01 20:00","2021","06","01","20:00","21.4","","6.2","","37","","0.0","","17","","1","","","","","M","","","","","NA"
"-113.88","50.18","STAVELY AAFC","3036099","2021-06-01 21:00","2021","06","01","21:00","19.9","","5.5","","39","","0.0","","22","","2","","","","","M","","","","","NA"
"-113.88","50.18","STAVELY AAFC","3036099","2021-06-01 22:00","2021","06","01","22:00","19.5","","5.2","","39","","0.0","","28","","3","","","","","M","","","","","NA"
"-113.88","50.18","STAVELY AAFC","3036099","2021-06-01 23:00","2021","06","01","23:00","18.7","","5.1","","41","","0.0","","25","","4","","","","","M","","","","","NA"
"-113.88","50.18","STAVELY AAFC","3036099","2021-06-02 00:00","2021","06","02","00:00","18.3","","5.8","","44","","0.0","","27","","4","","","","","M","","","","","NA"
"-113.88","50.18","STAVELY AAFC","3036099","2021-06-02 01:00","2021","06","02","01:00","16.2","","5.8","","50","","0.3","","32","","9","","","","","M","","","","","NA"
"-113.88","50.18","STAVELY AAFC","3036099","2021-06-02 02:00","2021","06","02","02:00","16.4","","5.1","","47","","0.0","","30","","12","","","","","M","","","","","NA"
"-113.88","50.18","STAVELY AAFC","3036099","2021-06-02 03:00","2021","06","02","03:00","16.1","","4.9","","48","","0.0","","29","","17","","","","","M","","","","","NA"
"-113.88","50.18","STAVELY AAFC","3036099","2021-06-02 04:00","2021","06","02","04:00","14.9","","4.1","","49","","0.0","","30","","11","","","","","M","","","","","NA"
"-113.88","50.18","STAVELY AAFC","3036099","2021-06-02 05:00","2021","06","02","05:00","15.2","","3.5","","45","","0.0","","13","","5","","","","","M","","","","","NA"
"-113.88","50.18","STAVELY AAFC","3036099","2021-06-02 06:00","2021","06","02","06:00","17.8","","5.6","","45","","0.0","","30","","5","","","","","M","","","","","NA"
"-113.88","50.18","STAVELY AAFC","3036099","2021-06-02 07:00","2021","06","02","07:00","20.0","","6.5","","41","","0.0","","29","","2","","","","","M","","","","","NA"
"-113.88","50.18","STAVELY AAFC","3036099","2021-06-02 08:00","2021","06","02","08:00","22.0","","6.1","","36","","0.0","","35","","14","","","","","M","","","","","NA"
"-113.88","50.18","STAVELY AAFC","3036099","2021-06-02 09:00","2021","06","02","09:00","23.0","","6.6","","35","","0.0","","34","","5","","","","","M","","","","","NA"
"-113.88","50.18","STAVELY AAFC","3036099","2021-06-02 10:00","2021","06","02","10:00","24.1","","8.9","","38","","0.0","","4","","8","","","","","M","25","","","","NA"
"-113.88","50.18","STAVELY AAFC","3036099","2021-06-02 11:00","2021","06","02","11:00","24.7","","8.1","","35","","0.0","","5","","8","","","","","M","25","","","","NA"
"-113.88","50.18","STAVELY AAFC","3036099","2021-06-02 12:00","2021","06","02","12:00","25.4","","8.4","","34","","0.0","","11","","12","","","","","M","26","","","","NA"
"-113.88","50.18","STAVELY AAFC","3036099","2021-06-02 13:00","2021","06","02","13:00","26.0","","8.1","","32","","0.0","","12","","12","","","","","M","26","","","","NA"
"-113.88","50.18","STAVELY AAFC","3036099","2021-06-02 14:00","2021","06","02","14:00","26.6","","8.4","","32","","0.0","","11","","14","","","","","M","27","","","","NA"
"-113.88","50.18","STAVELY AAFC","3036099","2021-06-02 15:00","2021","06","02","15:00","27.0","","8.5","","31","","0.0","","13","","15","","","","","M","28","","","","NA"
"-113.88","50.18","STAVELY AAFC","3036099","2021-06-02 16:00","2021","06","02","16:00","27.6","","9.5","","32","","0.0","","13","","11","","","","","M","29","","","","NA"
"-113.88","50.18","STAVELY AAFC","3036099","2021-06-02 17:00","2021","06","02","17:00","27.2","","8.3","","30","","0.0","","13","","13","","","","","M","28","","","","NA"
"-113.88","50.18","STAVELY AAFC","3036099","2021-06-02 18:00","2021","06","02","18:00","27.0","","8.7","","32","","0.0","","12","","8","","","","","M","28","","","","NA"
"-113.88","50.18","STAVELY AAFC","3036099","2021-06-02 19:00","2021","06","02","19:00","27.2","","8.8","","31","","0.0","","9","","2","","","","","M","28","","","","NA"
"-113.88","50.18","STAVELY AAFC","3036099","2021-06-02 20:00","2021","06","02","20:00","23.7","","8.2","","37","","0.0","","30","","8","","","","","M","","","","","NA"
"-113.88","50.18","STAVELY AAFC","3036099","2021-06-02 21:00","2021","06","02","21:00","21.8","","5.4","","34","","0.0","","29","","17","","","","","M","","","","","NA"
"-113.88","50.18","STAVELY AAFC","3036099","2021-06-02 22:00","2021","06","02","22:00","22.0","","4.8","","33","","0.0","","29","","22","","","","","M","","","","","NA"
"-113.88","50.18","STAVELY AAFC","3036099","2021-06-02 23:00","2021","06","02","23:00","21.7","","4.2","","32","","0.0","","29","","26","","","","","M","","","","","NA"
"-113.88","50.18","STAVELY AAFC","3036099","2021-06-03 00:00","2021","06","03","00:00","19.5","","4.1","","36","","0.0","","28","","16","","","","","M","","","","","NA"
"-113.88","50.18","STAVELY AAFC","3036099","2021-06-03 01:00","2021","06","03","01:00","18.9","","4.3","","38","","0.0","","28","","16","","","","","M","","","","","NA"
"-113.88","50.18","STAVELY AAFC","3036099","2021-06-03 02:00","2021","06","03","02:00","19.1","","4.4","","38","","0.0","","29","","15","","","","","M","","","","","NA"
"-113.88","50.18","STAVELY AAFC","3036099","2021-06-03 03:00","2021","06","03","03:00","18.4","","4.5","","40","","0.0","","28","","3","","","","","M","","","","","NA"
"-113.88","50.18","STAVELY AAFC","3036099","2021-06-03 04:00","2021","06","03","04:00","18.0","","6.1","","46","","0.0","","28","","15","","","","","M","","","","","NA"
"-113.88","50.18","STAVELY AAFC","3036099","2021-06-03 05:00","2021","06","03","05:00","17.6","","6.7","","49","","0.0","","28","","14","","","","","M","","","","","NA"
"-113.88","50.18","STAVELY AAFC","3036099","2021-06-03 06:00","2021","06","03","06:00","19.8","","7.9","","46","","0.0","","29","","7","","","","","M","","","","","NA"
"-113.88","50.18","STAVELY AAFC","3036099","2021-06-03 07:00","2021","06","03","07:00","22.2","","10.0","","46","","0.0","","24","","8","","","","","M","","","","","NA"
"-113.88","50.18","STAVELY AAFC","3036099","2021-06-03 08:00","2021","06","03","08:00","23.5","","10.7","","45","","0.0","","19","","5","","","","","M","25","","","","NA"
"-113.88","50.18","STAVELY AAFC","3036099","2021-06-03 09:00","2021","06","03","09:00","24.9","","8.3","","35","","0.0","","20","","8","","","","","M","25","","","","NA"
"-113.88","50.18","STAVELY AAFC","3036099","2021-06-03 10:00","2021","06","03","10:00","26.5","","6.9","","29","","0.0","","27","","20","","","","","M","26","","","","NA"
"-113.88","50.18","STAVELY AAFC","3036099","2021-06-03 11:00","2021","06","03","11:00","27.6","","8.3","","30","","0.0","","24","","26","","","","","M","28","","","","NA"
"-113.88","50.18","STAVELY AAFC","3036099","2021-06-03 12:00","2021","06","03","12:00","28.5","","7.4","","26","","0.0","","24","","25","","","","","M","29","","","","NA"
"-113.88","50.18","STAVELY AAFC","3036099","2021-06-03 13:00","2021","06","03","13:00","29.1","","7.4","","25","","0.0","","24","","23","","","","","M","29","","","","NA"
"-113.88","50.18","STAVELY AAFC","3036099","2021-06-03 14:00","2021","06","03","14:00","29.7","","6.0","","23","","0.0","","22","","30","","","","","M","29","","","","NA"
"-113.88","50.18","STAVELY AAFC","3036099","2021-06-03 15:00","2021","06","03","15:00","29.9","","4.1","","19","","0.0","","26","","33","","","","","M","29","","","","NA"
"-113.88","50.18","STAVELY AAFC","3036099","2021-06-03 16:00","2021","06","03","16:00","29.6","","4.2","","20","","0.0","","24","","31","","","","","M","29","","","","NA"
"-113.88","50.18","STAVELY AAFC","3036099","2021-06-03 17:00","2021","06","03","17:00","28.9","","4.3","","21","","0.0","","25","","25","","","","","M","28","","","","NA"
"-113.88","50.18","STAVELY AAFC","3036099","2021-06-03 18:00","2021","06","03","18:00","28.3","","4.4","","22","","0.0","","23","","24","","","","","M","27","","","","NA"
"-113.88","50.18","STAVELY AAFC","3036099","2021-06-03 19:00","2021","06","03","19:00","26.8","","6.8","","28","","0.0","","26","","17","","","","","M","27","","","","NA"
"-113.88","50.18","STAVELY AAFC","3036099","2021-06-03 20:00","2021","06","03","20:00","23.3","","6.5","","34","","0.0","","27","","12","","","","","M","","","","","NA"
"-113.88","50.18","STAVELY AAFC","3036099","2021-06-03 21:00","2021","06","03","21:00","21.3","","7.2","","40","","0.0","","1","","18","","","","","M","","","","","NA"
"-113.88","50.18","STAVELY AAFC","3036099","2021-06-03 22:00","2021","06","03","22:00","19.7","","9.0","","50","","0.0","","2","","16","","","","","M","","","","","NA"
"-113.88","50.18","STAVELY AAFC","3036099","2021-06-03 23:00","2021","06","03","23:00","19.0","","9.3","","54","","0.0","","3","","13","","","","","M","","","","","NA"
"-113.88","50.18","STAVELY AAFC","3036099","2021-06-04 00:00","2021","06","04","00:00","17.2","","9.4","","60","","0.0","","34","","6","","","","","M","","","","","NA"
"-113.88","50.18","STAVELY AAFC","3036099","2021-06-04 01:00","2021","06","04","01:00","15.5","","9.1","","66","","0.0","","36","","13","","","","","M","","","","","NA"
"-113.88","50.18","STAVELY AAFC","3036099","2021-06-04 02:00","2021","06","04","02:00","15.8","","9.0","","64","","0.0","","5","","10","","","","","M","","","","","NA"
"-113.88","50.18","STAVELY AAFC","3036099","2021-06-04 03:00","2021","06","04","03:00","14.6","","8.7","","68","","0.0","","17","","5","","","","","M","","","","","NA"
"-113.88","50.18","STAVELY AAFC","3036099","2021-06-04 04:00","2021","06","04","04:00","14.6","","8.7","","67","","0.0","","21","","2","","","","","M","","","","","NA"
"-113.88","50.18","STAVELY AAFC","3036099","2021-06-04 05:00","2021","06","04","05:00","16.2","","7.6","","57","","0.0","","15","","13","","","","","M","","","","","NA"
"-113.88","50.18","STAVELY AAFC","3036099","2021-06-04 06:00","2021","06","04","06:00","16.1","","8.1","","59","","0.0","","13","","10","","","","","M","","","","","NA"
"-113.88","50.18","STAVELY AAFC","3036099","2021-06-04 07:00","2021","06","04","07:00","16.5","","9.7","","64","","0.0","","9","","15","","","","","M","","","","","NA"
"-113.88","50.18","STAVELY AAFC","3036099","2021-06-04 08:00","2021","06","04","08:00","17.1","","9.7","","62","","0.0","","12","","19","","","","","M","","","","","NA"
"-113.88","50.18","STAVELY AAFC","3036099","2021-06-04 09:00","2021","06","04","09:00","18.7","","9.5","","55","","0.0","","13","","22","","","","","M","","","","","NA"
"-113.88","50.18","STAVELY AAFC","3036099","2021-06-04 10:00","2021","06","04","10:00","20.2","","10.4","","53","","0.0","","13","","26","","","","","M","","","","","NA"
"-113.88","50.18","STAVELY AAFC","3036099","2021-06-04 11:00","2021","06","04","11:00","22.6","","10.9","","47","","0.0","","15","","21","","","","","M","","","","","NA"
"-113.88","50.18","STAVELY AAFC","3036099","2021-06-04 12:00","2021","06","04","12:00","25.0","","6.0","","30","","0.0","","23","","28","","","","","M","25","","","","NA"
"-113.88","50.18","STAVELY AAFC","3036099","2021-06-04 13:00","2021","06","04","13:00","25.6","","3.9","","25","","0.0","","24","","34","","","","","M","25","","","","NA"
"-113.88","50.18","STAVELY AAFC","3036099","2021-06-04 14:00","2021","06","04","14:00","25.6","","3.9","","25","","0.0","","24","","36","","","","","M","25","","","","NA"
"-113.88","50.18","STAVELY AAFC","3036099","2021-06-04 15:00","2021","06","04","15:00","25.6","","4.3","","25","","0.0","","24","","27","","","","","M","25","","","","NA"
"-113.88","50.18","STAVELY AAFC","3036099","2021-06-04 16:00","2021","06","04","16:00","25.4","","4.3","","26","","0.0","","25","","34","","","","","M","","","","","NA"
"-113.88","50.18","STAVELY AAFC","3036099","2021-06-04 17:00","2021","06","04","17:00","24.5","","4.3","","27","","0.0","","24","","38","","","","","M","","","","","NA"
"-113.88","50.18","STAVELY AAFC","3036099","2021-06-04 18:00","2021","06","04","18:00","23.6","","3.8","","28","","0.0","","25","","34","","","","","M","","","","","NA"
"-113.88","50.18","STAVELY AAFC","3036099","2021-06-04 19:00","2021","06","04","19:00","21.7","","4.3","","32","","0.0","","24","","26","","","","","M","","","","","NA"
"-113.88","50.18","STAVELY AAFC","3036099","2021-06-04 20:00","2021","06","04","20:00","18.9","","4.5","","38","","0.0","","26","","17","","","","","M","","","","","NA"
"-113.88","50.18","STAVELY AAFC","3036099","2021-06-04 21:00","2021","06","04","21:00","16.5","","3.3","","41","","0.0","","26","","11","","","","","M","","","","","NA"
"-113.88","50.18","STAVELY AAFC","3036099","2021-06-04 22:00","2021","06","04","22:00","15.8","","3.3","","43","","0.0","","19","","14","","","","","M","","","","","NA"
"-113.88","50.18","STAVELY AAFC","3036099","2021-06-04 23:00","2021","06","04","23:00","14.8","","2.7","","44","","0.0","","21","","10","","","","","M","","","","","NA"
"-113.88","50.18","STAVELY AAFC","3036099","2021-06-05 00:00","2021","06","05","00:00","15.2","","-0.9","","33","","0.0","","19","","15","","","","","M","","","","","NA"
"-113.88","50.18","STAVELY AAFC","3036099","2021-06-05 01:00","2021","06","05","01:00","15.3","","-2.0","","30","","0.0","","19","","16","","","","","M","","","","","NA"
"-113.88","50.18","STAVELY AAFC","3036099","2021-06-05 02:00","2021","06","05","02:00","12.9","","-2.2","","35","","0.0","","21","","14","","","","","M","","","","","NA"
"-113.88","50.18","STAVELY AAFC","3036099","2021-06-05 03:00","2021","06","05","03:00","12.1","","-3.1","","35","","0.0","","24","","6","","","","","M","","","","","NA"
"-113.88","50.18","STAVELY AAFC","3036099","2021-06-05 04:00","2021","06","05","04:00","10.9","","-3.0","","38","","0.0","","22","","16","","","","","M","","","","","NA"
"-113.88","50.18","STAVELY AAFC","3036099","2021-06-05 05:00","2021","06","05","05:00","13.6","","-3.6","","30","","0.0","","23","","21","","","","","M","","","","","NA"
"-113.88","50.18","STAVELY AAFC","3036099","2021-06-05 06:00","2021","06","05","06:00","12.4","","-2.2","","36","","0.0","","28","","9","","","","","M","","","","","NA"
"-113.88","50.18","STAVELY AAFC","3036099","2021-06-05 07:00","2021","06","05","07:00","14.5","","-0.3","","36","","0.0","","25","","19","","","","","M","","","","","NA"
"-113.88","50.18","STAVELY AAFC","3036099","2021-06-05 08:00","2021","06","05","08:00","15.8","","0.4","","35","","0.0","","23","","20","","","","","M","","","","","NA"
"-113.88","50.18","STAVELY AAFC","3036099","2021-06-05 09:00","2021","06","05","09:00","17.0","","-1.6","","28","","0.0","","23","","35","","","","","M","","","","","NA"
"-113.88","50.18","STAVELY AAFC","3036099","2021-06-05 10:00","2021","06","05","10:00","18.1","","-1.5","","26","","0.0","","25","","36","","","","","M","","","","","NA"
"-113.88","50.18","STAVELY AAFC","3036099","2021-06-05 11:00","2021","06","05","11:00","18.5","","-0.3","","28","","0.0","","23","","37","","","","","M","","","","","NA"
"-113.88","50.18","STAVELY AAFC","3036099","2021-06-05 12:00","2021","06","05","12:00","18.3","","0.1","","29","","0.0","","25","","42","","","","","M","","","","","NA"
"-113.88","50.18","STAVELY AAFC","3036099","2021-06-05 13:00","2021","06","05","13:00","18.5","","-4.3","","21","","0.0","","25","","54","","","","","M","","","","","NA"
"-113.88","50.18","STAVELY AAFC","3036099","2021-06-05 14:00","2021","06","05","14:00","16.4","","0.7","","35","","0.0","","25","","62","","","","","M","","","","","NA"
"-113.88","50.18","STAVELY AAFC","3036099","2021-06-05 15:00","2021","06","05","15:00","16.2","","0.8","","35","","0.0","","24","","41","","","","","M","","","","","NA"
"-113.88","50.18","STAVELY AAFC","3036099","2021-06-05 16:00","2021","06","05","16:00","15.5","","0.4","","36","","0.0","","23","","34","","","","","M","","","","","NA"
"-113.88","50.18","STAVELY AAFC","3036099","2021-06-05 17:00","2021","06","05","17:00","14.0","","1.0","","41","","0.0","","28","","28","","","","","M","","","","","NA"
"-113.88","50.18","STAVELY AAFC","3036099","2021-06-05 18:00","2021","06","05","18:00","14.3","","0.5","","39","","0.0","","29","","31","","","","","M","","","","","NA"
"-113.88","50.18","STAVELY AAFC","3036099","2021-06-05 19:00","2021","06","05","19:00","13.1","","-0.4","","39","","0.0","","28","","22","","","","","M","","","","","NA"
"-113.88","50.18","STAVELY AAFC","3036099","2021-06-05 20:00","2021","06","05","20:00","7.6","","5.6","","87","","0.0","","1","","21","","","","","M","","","","","NA"
"-113.88","50.18","STAVELY AAFC","3036099","2021-06-05 21:00","2021","06","05","21:00","7.0","","5.8","","93","","0.0","","22","","4","","","","","M","","","","","NA"
"-113.88","50.18","STAVELY AAFC","3036099","2021-06-05 22:00","2021","06","05","22:00","6.2","","5.4","","95","","0.0","","19","","8","","","","","M","","","","","NA"
"-113.88","50.18","STAVELY AAFC","3036099","2021-06-05 23:00","2021","06","05","23:00","6.2","","4.1","","87","","0.0","","20","","13","","","","","M","","","","","NA"
"-113.88","50.18","STAVELY AAFC","3036099","2021-06-06 00:00","2021","06","06","00:00","6.1","","1.7","","74","","0.0","","28","","20","","","","","M","","","","","NA"
"-113.88","50.18","STAVELY AAFC","3036099","2021-06-06 01:00","2021","06","06","01:00","5.4","","0.7","","72","","0.0","","28","","17","","","","","M","","","","","NA"
"-113.88","50.18","STAVELY AAFC","3036099","2021-06-06 02:00","2021","06","06","02:00","5.8","","0.6","","70","","0.0","","28","","22","","","","","M","","","","","NA"
"-113.88","50.18","STAVELY AAFC","3036099","2021-06-06 03:00","2021","06","06","03:00","6.9","","0.7","","65","","0.0","","28","","23","","","","","M","","","","","NA"
"-113.88","50.18","STAVELY AAFC","3036099","2021-06-06 04:00","2021","06","06","04:00","7.0","","0.6","","63","","0.0","","26","","26","","","","","M","","","","","NA"
"-113.88","50.18","STAVELY AAFC","3036099","2021-06-06 05:00","2021","06","06","05:00","7.0","","0.4","","63","","0.0","","27","","20","","","","","M","","","","","NA"
"-113.88","50.18","STAVELY AAFC","3036099","2021-06-06 06:00","2021","06","06","06:00","6.8","","0.3","","63","","0.0","","27","","19","","","","","M","","","","","NA"
"-113.88","50.18","STAVELY AAFC","3036099","2021-06-06 07:00","2021","06","06","07:00","9.3","","0.0","","52","","0.0","","30","","13","","","","","M","","","","","NA"
"-113.88","50.18","STAVELY AAFC","3036099","2021-06-06 08:00","2021","06","06","08:00","9.4","","1.6","","58","","0.0","","3","","9","","","","","M","","","","","NA"
"-113.88","50.18","STAVELY AAFC","3036099","2021-06-06 09:00","2021","06","06","09:00","10.3","","1.2","","53","","0.0","","1","","14","","","","","M","","","","","NA"
"-113.88","50.18","STAVELY AAFC","3036099","2021-06-06 10:00","2021","06","06","10:00","10.4","","1.9","","56","","0.0","","4","","20","","","","","M","","","","","NA"
"-113.88","50.18","STAVELY AAFC","3036099","2021-06-06 11:00","2021","06","06","11:00","11.5","","5.7","","68","","3.1","","7","","10","","","","","M","","","","","NA"
"-113.88","50.18","STAVELY AAFC","3036099","2021-06-06 12:00","2021","06","06","12:00","11.2","","5.1","","66","","0.0","","8","","12","","","","","M","","","","","NA"
"-113.88","50.18","STAVELY AAFC","3036099","2021-06-06 13:00","2021","06","06","13:00","12.1","","3.1","","54","","0.0","","15","","9","","","","","M","","","","","NA"
"-113.88","50.18","STAVELY AAFC","3036099","2021-06-06 14:00","2021","06","06","14:00","10.9","","3.6","","60","","0.0","","7","","12","","","","","M","","","","","NA"
"-113.88","50.18","STAVELY AAFC","3036099","2021-06-06 15:00","2021","06","06","15:00","10.6","","5.1","","69","","0.8","","4","","19","","","","","M","","","","","NA"
"-113.88","50.18","STAVELY AAFC","3036099","2021-06-06 16:00","2021","06","06","16:00","10.6","","4.1","","64","","0.0","","6","","22","","","","","M","","","","","NA"
"-113.88","50.18","STAVELY AAFC","3036099","2021-06-06 17:00","2021","06","06","17:00","10.6","","3.7","","62","","0.0","","8","","16","","","","","M","","","","","NA"
"-113.88","50.18","STAVELY AAFC","3036099","2021-06-06 18:00","2021","06","06","18:00","11.2","","-1.6","","41","","0.0","","22","","27","","","","","M","","","","","NA"
"-113.88","50.18","STAVELY AAFC","3036099","2021-06-06 19:00","2021","06","06","19:00","9.9","","-2.7","","41","","0.0","","23","","26","","","","","M","","","","","NA"
"-113.88","50.18","STAVELY AAFC","3036099","2021-06-06 20:00","2021","06","06","20:00","7.7","","-0.3","","57","","0.0","","22","","30","","","","","M","","","","","NA"
"-113.88","50.18","STAVELY AAFC","3036099","2021-06-06 21:00","2021","06","06","21:00","6.0","","-1.9","","57","","0.0","","25","","34","","","","","M","","","","","NA"
"-113.88","50.18","STAVELY AAFC","3036099","2021-06-06 22:00","2021","06","06","22:00","5.2","","-4.4","","50","","0.0","","25","","25","","","","","M","","","","","NA"
"-113.88","50.18","STAVELY AAFC","3036099","2021-06-06 23:00","2021","06","06","23:00","4.1","","-4.3","","54","","0.0","","25","","24","","","","","M","","","","","NA"
"-113.88","50.18","STAVELY AAFC","3036099","2021-06-07 00:00","2021","06","07","00:00","3.2","","-4.4","","57","","0.0","","25","","19","","","","","M","","","","","NA"
"-113.88","50.18","STAVELY AAFC","3036099","2021-06-07 01:00","2021","06","07","01:00","3.0","","-4.2","","59","","0.0","","26","","21","","","","","M","","","","","NA"
"-113.88","50.18","STAVELY AAFC","3036099","2021-06-07 02:00","2021","06","07","02:00","2.7","","-3.9","","62","","0.0","","26","","19","","","","","M","","","","","NA"
"-113.88","50.18","STAVELY AAFC","3036099","2021-06-07 03:00","2021","06","07","03:00","3.2","","-3.5","","62","","0.0","","25","","22","","","","","M","","","","","NA"
"-113.88","50.18","STAVELY AAFC","3036099","2021-06-07 04:00","2021","06","07","04:00","2.6","","-3.6","","64","","0.0","","26","","19","","","","","M","","","","","NA"
"-113.88","50.18","STAVELY AAFC","3036099","2021-06-07 05:00","2021","06","07","05:00","3.3","","-3.0","","63","","0.0","","25","","25","","","","","M","","","","","NA"
"-113.88","50.18","STAVELY AAFC","3036099","2021-06-07 06:00","2021","06","07","06:00","5.0","","-3.5","","54","","0.0","","26","","24","","","","","M","","","","","NA"
"-113.88","50.18","STAVELY AAFC","3036099","2021-06-07 07:00","2021","06","07","07:00","7.5","","-4.6","","42","","0.0","","26","","34","","","","","M","","","","","NA"
"-113.88","50.18","STAVELY AAFC","3036099","2021-06-07 08:00","2021","06","07","08:00","9.2","","-4.2","","39","","0.0","","25","","21","","","","","M","","","","","NA"
"-113.88","50.18","STAVELY AAFC","3036099","2021-06-07 09:00","2021","06","07","09:00","10.7","","-3.2","","37","","0.0","","27","","23","","","","","M","","","","","NA"
"-113.88","50.18","STAVELY AAFC","3036099","2021-06-07 10:00","2021","06","07","10:00","11.4","","-4.5","","32","","0.0","","28","","27","","","","","M","","","","","NA"
"-113.88","50.18","STAVELY AAFC","3036099","2021-06-07 11:00","2021","06","07","11:00","12.2","","-4.9","","30","","0.0","","25","","32","","","","","M","","","","","NA"
"-113.88","50.18","STAVELY AAFC","3036099","2021-06-07 12:00","2021","06","07","12:00","12.9","","-4.5","","29","","0.0","","27","","32","","","","","M","","","","","NA"
"-113.88","50.18","STAVELY AAFC","3036099","2021-06-07 13:00","2021","06","07","13:00","13.1","","-3.1","","32","","0.0","","25","","25","","","","","M","","","","","NA"
"-113.88","50.18","STAVELY AAFC","3036099","2021-06-07 14:00","2021","06","07","14:00","13.7","","-2.4","","33","","0.0","","26","","22","","","","","M","","","","","NA"
"-113.88","50.18","STAVELY AAFC","3036099","2021-06-07 15:00","2021","06","07","15:00","14.3","","-4.4","","27","","0.0","","23","","38","","","","","M","","","","","NA"
"-113.88","50.18","STAVELY AAFC","3036099","2021-06-07 16:00","2021","06","07","16:00","13.0","","-4.1","","30","","0.0","","22","","39","","","","","M","","","","","NA"
"-113.88","50.18","STAVELY AAFC","3036099","2021-06-07 17:00","2021","06","07","17:00","12.6","","-4.0","","31","","0.0","","21","","32","","","","","M","","","","","NA"
"-113.88","50.18","STAVELY AAFC","3036099","2021-06-07 18:00","2021","06","07","18:00","12.9","","-5.0","","28","","0.0","","25","","28","","","","","M","","","","","NA"
"-113.88","50.18","STAVELY AAFC","3036099","2021-06-07 19:00","2021","06","07","19:00","10.4","","-3.8","","37","","0.0","","23","","29","","","","","M","","","","","NA"
"-113.88","50.18","STAVELY AAFC","3036099","2021-06-07 20:00","2021","06","07","20:00","9.0","","-0.6","","51","","0.0","","3","","13","","","","","M","","","","","NA"
"-113.88","50.18","STAVELY AAFC","3036099","2021-06-07 21:00","2021","06","07","21:00","6.2","","-0.3","","63","","0.0","","36","","17","","","","","M","","","","","NA"
"-113.88","50.18","STAVELY AAFC","3036099","2021-06-07 22:00","2021","06","07","22:00","5.3","","1.4","","76","","0.0","","1","","20","","","","","M","","","","","NA"
"-113.88","50.18","STAVELY AAFC","3036099","2021-06-07 23:00","2021","06","07","23:00","4.5","","1.9","","83","","0.0","","36","","24","","","","","M","","","","","NA"
"-113.88","50.18","STAVELY AAFC","3036099","2021-06-08 00:00","2021","06","08","00:00","3.9","","1.7","","85","","0.0","","23","","4","","","","","M","","","","","NA"
"-113.88","50.18","STAVELY AAFC","3036099","2021-06-08 01:00","2021","06","08","01:00","3.7","","1.8","","87","","0.0","","24","","3","","","","","M","","","","","NA"
"-113.88","50.18","STAVELY AAFC","3036099","2021-06-08 02:00","2021","06","08","02:00","4.1","","1.9","","86","","0.0","","30","","3","","","","","M","","","","","NA"
"-113.88","50.18","STAVELY AAFC","3036099","2021-06-08 03:00","2021","06","08","03:00","3.5","","2.0","","90","","0.0","","34","","11","","","","","M","","","","","NA"
"-113.88","50.18","STAVELY AAFC","3036099","2021-06-08 04:00","2021","06","08","04:00","3.6","","1.9","","88","","0.0","","32","","3","","","","","M","","","","","NA"
"-113.88","50.18","STAVELY AAFC","3036099","2021-06-08 05:00","2021","06","08","05:00","3.3","","1.6","","89","","0.0","","14","","2","","","","","M","","","","","NA"
"-113.88","50.18","STAVELY AAFC","3036099","2021-06-08 06:00","2021","06","08","06:00","4.8","","2.8","","87","","0.0","","0","","1","","","","","M","","","","","NA"
"-113.88","50.18","STAVELY AAFC","3036099","2021-06-08 07:00","2021","06","08","07:00","4.9","","3.2","","88","","0.0","","24","","4","","","","","M","","","","","NA"
"-113.88","50.18","STAVELY AAFC","3036099","2021-06-08 08:00","2021","06","08","08:00","7.4","","3.2","","75","","0.0","","33","","6","","","","","M","","","","","NA"
"-113.88","50.18","STAVELY AAFC","3036099","2021-06-08 09:00","2021","06","08","09:00","7.7","","3.7","","76","","0.0","","11","","16","","","","","M","","","","","NA"
"-113.88","50.18","STAVELY AAFC","3036099","2021-06-08 10:00","2021","06","08","10:00","8.6","","3.6","","71","","0.0","","12","","8","","","","","M","","","","","NA"
"-113.88","50.18","STAVELY AAFC","3036099","2021-06-08 11:00","2021","06","08","11:00","10.9","","4.4","","64","","0.0","","11","","6","","","","","M","","","","","NA"
"-113.88","50.18","STAVELY AAFC","3036099","2021-06-08 12:00","2021","06","08","12:00","11.7","","4.5","","61","","0.0","","12","","16","","","","","M","","","","","NA"
"-113.88","50.18","STAVELY AAFC","3036099","2021-06-08 13:00","2021","06","08","13:00","11.6","","3.7","","58","","0.0","","11","","15","","","","","M","","","","","NA"
"-113.88","50.18","STAVELY AAFC","3036099","2021-06-08 14:00","2021","06","08","14:00","11.9","","3.3","","56","","0.0","","12","","18","","","","","M","","","","","NA"
"-113.88","50.18","STAVELY AAFC","3036099","2021-06-08 15:00","2021","06","08","15:00","12.0","","4.7","","61","","0.0","","12","","16","","","","","M","","","","","NA"
"-113.88","50.18","STAVELY AAFC","3036099","2021-06-08 16:00","2021","06","08","16:00","12.3","","3.9","","57","","0.0","","13","","16","","","","","M","","","","","NA"
"-113.88","50.18","STAVELY AAFC","3036099","2021-06-08 17:00","2021","06","08","17:00","11.9","","4.4","","60","","0.0","","13","","20","","","","","M","","","","","NA"
"-113.88","50.18","STAVELY AAFC","3036099","2021-06-08 18:00","2021","06","08","18:00","10.7","","2.9","","59","","0.0","","12","","22","","","","","M","","","","","NA"
"-113.88","50.18","STAVELY AAFC","3036099","2021-06-08 19:00","2021","06","08","19:00","10.1","","3.1","","62","","0.0","","12","","18","","","","","M","","","","","NA"
"-113.88","50.18","STAVELY AAFC","3036099","2021-06-08 20:00","2021","06","08","20:00","9.1","","3.1","","66","","0.0","","12","","14","","","","","M","","","","","NA"
"-113.88","50.18","STAVELY AAFC","3036099","2021-06-08 21:00","2021","06","08","21:00","8.1","","3.9","","75","","0.0","","11","","3","","","","","M","","","","","NA"
"-113.88","50.18","STAVELY AAFC","3036099","2021-06-08 22:00","2021","06","08","22:00","7.4","","3.5","","76","","0.0","","13","","10","","","","","M","","","","","NA"
"-113.88","50.18","STAVELY AAFC","3036099","2021-06-08 23:00","2021","06","08","23:00","5.3","","2.9","","85","","0.0","","13","","10","","","","","M","","","","","NA"
"-113.88","50.18","STAVELY AAFC","3036099","2021-06-09 00:00","2021","06","09","00:00","5.1","","3.5","","89","","0.0","","12","","7","","","","","M","","","","","NA"
"-113.88","50.18","STAVELY AAFC","3036099","2021-06-09 01:00","2021","06","09","01:00","5.0","","4.2","","95","","0.0","","12","","7","","","","","M","","","","","NA"
"-113.88","50.18","STAVELY AAFC","3036099","2021-06-09 02:00","2021","06","09","02:00","4.9","","4.3","","96","","0.0","","12","","11","","","","","M","","","","","NA"
"-113.88","50.18","STAVELY AAFC","3036099","2021-06-09 03:00","2021","06","09","03:00","4.9","","4.2","","96","","0.0","","16","","4","","","","","M","","","","","NA"
"-113.88","50.18","STAVELY AAFC","3036099","2021-06-09 04:00","2021","06","09","04:00","4.9","","4.1","","94","","0.0","","22","","6","","","","","M","","","","","NA"
"-113.88","50.18","STAVELY AAFC","3036099","2021-06-09 05:00","2021","06","09","05:00","4.8","","4.0","","94","","0.0","","12","","2","","","","","M","","","","","NA"
"-113.88","50.18","STAVELY AAFC","3036099","2021-06-09 06:00","2021","06","09","06:00","6.6","","4.8","","88","","0.0","","28","","5","","","","","M","","","","","NA"
"-113.88","50.18","STAVELY AAFC","3036099","2021-06-09 07:00","2021","06","09","07:00","6.5","","5.5","","93","","0.0","","15","","4","","","","","M","","","","","NA"
"-113.88","50.18","STAVELY AAFC","3036099","2021-06-09 08:00","2021","06","09","08:00","6.5","","5.3","","92","","0.0","","22","","9","","","","","M","","","","","NA"
"-113.88","50.18","STAVELY AAFC","3036099","2021-06-09 09:00","2021","06","09","09:00","7.9","","6.7","","92","","0.7","","27","","11","","","","","M","","","","","NA"
"-113.88","50.18","STAVELY AAFC","3036099","2021-06-09 10:00","2021","06","09","10:00","8.5","","7.4","","93","","1.3","","28","","13","","","","","M","","","","","NA"
"-113.88","50.18","STAVELY AAFC","3036099","2021-06-09 11:00","2021","06","09","11:00","8.6","","8.3","","98","","2.3","","12","","9","","","","","M","","","","","NA"
"-113.88","50.18","STAVELY AAFC","3036099","2021-06-09 12:00","2021","06","09","12:00","10.3","","9.1","","92","","0.6","","17","","7","","","","","M","","","","","NA"
"-113.88","50.18","STAVELY AAFC","3036099","2021-06-09 13:00","2021","06","09","13:00","10.0","","9.6","","97","","0.0","","13","","12","","","","","M","","","","","NA"
"-113.88","50.18","STAVELY AAFC","3036099","2021-06-09 14:00","2021","06","09","14:00","9.6","","9.6","","100","","0.0","","13","","16","","","","","M","","","","","NA"
"-113.88","50.18","STAVELY AAFC","3036099","2021-06-09 15:00","2021","06","09","15:00","10.7","","10.6","","99","","0.2","","18","","16","","","","","M","","","","","NA"
"-113.88","50.18","STAVELY AAFC","3036099","2021-06-09 16:00","2021","06","09","16:00","10.4","","10.3","","100","","0.0","","14","","20","","","","","M","","","","","NA"
"-113.88","50.18","STAVELY AAFC","3036099","2021-06-09 17:00","2021","06","09","17:00","11.9","","9.2","","84","","0.0","","20","","18","","","","","M","","","","","NA"
"-113.88","50.18","STAVELY AAFC","3036099","2021-06-09 18:00","2021","06","09","18:00","12.4","","8.0","","75","","0.0","","21","","20","","","","","M","","","","","NA"
"-113.88","50.18","STAVELY AAFC","3036099","2021-06-09 19:00","2021","06","09","19:00","12.1","","7.8","","75","","0.0","","19","","17","","","","","M","","","","","NA"
"-113.88","50.18","STAVELY AAFC","3036099","2021-06-09 20:00","2021","06","09","20:00","11.4","","7.4","","76","","0.0","","20","","14","","","","","M","","","","","NA"
"-113.88","50.18","STAVELY AAFC","3036099","2021-06-09 21:00","2021","06","09","21:00","10.1","","6.3","","78","","0.0","","21","","13","","","","","M","","","","","NA"
"-113.88","50.18","STAVELY AAFC","3036099","2021-06-09 22:00","2021","06","09","22:00","9.0","","4.8","","75","","0.0","","26","","20","","","","","M","","","","","NA"
"-113.88","50.18","STAVELY AAFC","3036099","2021-06-09 23:00","2021","06","09","23:00","9.5","","4.9","","73","","0.0","","26","","20","","","","","M","","","","","NA"
"-113.88","50.18","STAVELY AAFC","3036099","2021-06-10 00:00","2021","06","10","00:00","9.7","","4.6","","70","","0.0","","26","","25","","","","","M","","","","","NA"
"-113.88","50.18","STAVELY AAFC","3036099","2021-06-10 01:00","2021","06","10","01:00","9.7","","4.3","","69","","0.0","","26","","23","","","","","M","","","","","NA"
"-113.88","50.18","STAVELY AAFC","3036099","2021-06-10 02:00","2021","06","10","02:00","9.1","","4.1","","71","","0.0","","25","","11","","","","","M","","","","","NA"
"-113.88","50.18","STAVELY AAFC","3036099","2021-06-10 03:00","2021","06","10","03:00","9.0","","4.3","","72","","0.0","","26","","11","","","","","M","","","","","NA"
"-113.88","50.18","STAVELY AAFC","3036099","2021-06-10 04:00","2021","06","10","04:00","10.3","","1.2","","53","","0.0","","2","","8","","","","","M","","","","","NA"
"-113.88","50.18","STAVELY AAFC","3036099","2021-06-10 05:00","2021","06","10","05:00","9.2","","2.1","","61","","0.0","","23","","6","","","","","M","","","","","NA"
"-113.88","50.18","STAVELY AAFC","3036099","2021-06-10 06:00","2021","06","10","06:00","8.1","","3.6","","73","","0.8","","28","","24","","","","","M","","","","","NA"
"-113.88","50.18","STAVELY AAFC","3036099","2021-06-10 07:00","2021","06","10","07:00","7.1","","4.7","","84","","0.0","","28","","36","","","","","M","","","","","NA"
"-113.88","50.18","STAVELY AAFC","3036099","2021-06-10 08:00","2021","06","10","08:00","7.2","","5.0","","86","","0.0","","27","","27","","","","","M","","","","","NA"
"-113.88","50.18","STAVELY AAFC","3036099","2021-06-10 09:00","2021","06","10","09:00","8.5","","6.2","","86","","0.3","","29","","17","","","","","M","","","","","NA"
"-113.88","50.18","STAVELY AAFC","3036099","2021-06-10 10:00","2021","06","10","10:00","9.8","","6.1","","77","","0.0","","32","","15","","","","","M","","","","","NA"
"-113.88","50.18","STAVELY AAFC","3036099","2021-06-10 11:00","2021","06","10","11:00","9.6","","7.5","","87","","0.5","","35","","13","","","","","M","","","","","NA"
"-113.88","50.18","STAVELY AAFC","3036099","2021-06-10 12:00","2021","06","10","12:00","9.0","","6.7","","85","","0.4","","34","","11","","","","","M","","","","","NA"
"-113.88","50.18","STAVELY AAFC","3036099","2021-06-10 13:00","2021","06","10","13:00","10.3","","7.2","","81","","0.7","","33","","12","","","","","M","","","","","NA"
"-113.88","50.18","STAVELY AAFC","3036099","2021-06-10 14:00","2021","06","10","14:00","8.0","","6.8","","92","","0.0","","33","","17","","","","","M","","","","","NA"
"-113.88","50.18","STAVELY AAFC","3036099","2021-06-10 15:00","2021","06","10","15:00","8.1","","7.3","","94","","0.4","","29","","16","","","","","M","","","","","NA"
"-113.88","50.18","STAVELY AAFC","3036099","2021-06-10 16:00","2021","06","10","16:00","7.0","","5.4","","90","","1.4","","30","","31","","","","","M","","","","","NA"
"-113.88","50.18","STAVELY AAFC","3036099","2021-06-10 17:00","2021","06","10","17:00","7.4","","6.3","","93","","0.0","","35","","20","","","","","M","","","","","NA"
"-113.88","50.18","STAVELY AAFC","3036099","2021-06-10 18:00","2021","06","10","18:00","7.8","","6.5","","92","","0.0","","32","","15","","","","","M","","","","","NA"
"-113.88","50.18","STAVELY AAFC","3036099","2021-06-10 19:00","2021","06","10","19:00","9.3","","7.1","","86","","0.2","","27","","8","","","","","M","","","","","NA"
"-113.88","50.18","STAVELY AAFC","3036099","2021-06-10 20:00","2021","06","10","20:00","8.5","","6.9","","90","","0.0","","24","","8","","","","","M","","","","","NA"
"-113.88","50.18","STAVELY AAFC","3036099","2021-06-10 21:00","2021","06","10","21:00","7.0","","6.1","","94","","0.0","","24","","7","","","","","M","","","","","NA"
"-113.88","50.18","STAVELY AAFC","3036099","2021-06-10 22:00","2021","06","10","22:00","7.4","","6.1","","91","","0.0","","31","","8","","","","","M","","","","","NA"
"-113.88","50.18","STAVELY AAFC","3036099","2021-06-10 23:00","2021","06","10","23:00","5.4","","4.4","","93","","0.0","","27","","19","","","","","M","","","","","NA"
"-113.88","50.18","STAVELY AAFC","3036099","2021-06-11 00:00","2021","06","11","00:00","5.3","","1.9","","79","","0.0","","27","","22","","","","","M","","","","","NA"
"-113.88","50.18","STAVELY AAFC","3036099","2021-06-11 01:00","2021","06","11","01:00","6.7","","0.1","","63","","0.0","","28","","36","","","","","M","","","","","NA"
"-113.88","50.18","STAVELY AAFC","3036099","2021-06-11 02:00","2021","06","11","02:00","6.0","","-0.6","","62","","0.0","","29","","21","","","","","M","","","","","NA"
"-113.88","50.18","STAVELY AAFC","3036099","2021-06-11 03:00","2021","06","11","03:00","5.4","","-1.1","","63","","0.0","","27","","21","","","","","M","","","","","NA"
"-113.88","50.18","STAVELY AAFC","3036099","2021-06-11 04:00","2021","06","11","04:00","5.4","","-1.3","","62","","0.0","","27","","20","","","","","M","","","","","NA"
"-113.88","50.18","STAVELY AAFC","3036099","2021-06-11 05:00","2021","06","11","05:00","4.6","","-1.1","","66","","0.0","","27","","22","","","","","M","","","","","NA"
"-113.88","50.18","STAVELY AAFC","3036099","2021-06-11 06:00","2021","06","11","06:00","6.6","","0.5","","65","","0.0","","27","","23","","","","","M","","","","","NA"
"-113.88","50.18","STAVELY AAFC","3036099","2021-06-11 07:00","2021","06","11","07:00","9.1","","1.0","","57","","0.0","","26","","18","","","","","M","","","","","NA"
"-113.88","50.18","STAVELY AAFC","3036099","2021-06-11 08:00","2021","06","11","08:00","11.2","","-0.7","","44","","0.0","","28","","18","","","","","M","","","","","NA"
"-113.88","50.18","STAVELY AAFC","3036099","2021-06-11 09:00","2021","06","11","09:00","12.9","","-1.1","","38","","0.0","","30","","13","","","","","M","","","","","NA"
"-113.88","50.18","STAVELY AAFC","3036099","2021-06-11 10:00","2021","06","11","10:00","13.7","","-2.6","","32","","0.0","","26","","13","","","","","M","","","","","NA"
"-113.88","50.18","STAVELY AAFC","3036099","2021-06-11 11:00","2021","06","11","11:00","15.2","","-0.7","","34","","0.0","","24","","15","","","","","M","","","","","NA"
"-113.88","50.18","STAVELY AAFC","3036099","2021-06-11 12:00","2021","06","11","12:00","15.2","","-1.8","","31","","0.0","","24","","14","","","","","M","","","","","NA"
"-113.88","50.18","STAVELY AAFC","3036099","2021-06-11 13:00","2021","06","11","13:00","15.9","","0.3","","34","","0.0","","16","","15","","","","","M","","","","","NA"
"-113.88","50.18","STAVELY AAFC","3036099","2021-06-11 14:00","2021","06","11","14:00","15.7","","-0.4","","33","","0.0","","27","","14","","","","","M","","","","","NA"
"-113.88","50.18","STAVELY AAFC","3036099","2021-06-11 15:00","2021","06","11","15:00","16.1","","-0.2","","33","","0.0","","23","","28","","","","","M","","","","","NA"
"-113.88","50.18","STAVELY AAFC","3036099","2021-06-11 16:00","2021","06","11","16:00","15.9","","-0.4","","33","","0.0","","25","","23","","","","","M","","","","","NA"
"-113.88","50.18","STAVELY AAFC","3036099","2021-06-11 17:00","2021","06","11","17:00","14.2","","0.4","","39","","0.0","","23","","35","","","","","M","","","","","NA"
"-113.88","50.18","STAVELY AAFC","3036099","2021-06-11 18:00","2021","06","11","18:00","13.7","","0.9","","42","","0.0","","24","","37","","","","","M","","","","","NA"
"-113.88","50.18","STAVELY AAFC","3036099","2021-06-11 19:00","2021","06","11","19:00","12.8","","0.9","","44","","0.0","","24","","30","","","","","M","","","","","NA"
"-113.88","50.18","STAVELY AAFC","3036099","2021-06-11 20:00","2021","06","11","20:00","10.2","","0.9","","52","","0.0","","24","","20","","","","","M","","","","","NA"
"-113.88","50.18","STAVELY AAFC","3036099","2021-06-11 21:00","2021","06","11","21:00","9.7","","1.3","","56","","0.0","","23","","14","","","","","M","","","","","NA"
"-113.88","50.18","STAVELY AAFC","3036099","2021-06-11 22:00","2021","06","11","22:00","8.0","","0.6","","60","","0.0","","20","","6","","","","","M","","","","","NA"
"-113.88","50.18","STAVELY AAFC","3036099","2021-06-11 23:00","2021","06","11","23:00","8.5","","1.2","","60","","0.0","","20","","10","","","","","M","","","","","NA"
"-113.88","50.18","STAVELY AAFC","3036099","2021-06-12 00:00","2021","06","12","00:00","7.4","","1.3","","65","","0.0","","23","","11","","","","","M","","","","","NA"
"-113.88","50.18","STAVELY AAFC","3036099","2021-06-12 01:00","2021","06","12","01:00","7.1","","1.8","","69","","0.0","","25","","8","","","","","M","","","","","NA"
"-113.88","50.18","STAVELY AAFC","3036099","2021-06-12 02:00","2021","06","12","02:00","6.8","","2.1","","72","","0.0","","25","","7","","","","","M","","","","","NA"
"-113.88","50.18","STAVELY AAFC","3036099","2021-06-12 03:00","2021","06","12","03:00","7.0","","2.2","","72","","0.0","","26","","4","","","","","M","","","","","NA"
"-113.88","50.18","STAVELY AAFC","3036099","2021-06-12 04:00","2021","06","12","04:00","7.8","","2.1","","67","","0.0","","23","","5","","","","","M","","","","","NA"
"-113.88","50.18","STAVELY AAFC","3036099","2021-06-12 05:00","2021","06","12","05:00","7.7","","2.4","","69","","0.0","","28","","5","","","","","M","","","","","NA"
"-113.88","50.18","STAVELY AAFC","3036099","2021-06-12 06:00","2021","06","12","06:00","8.1","","3.1","","71","","0.3","","22","","3","","","","","M","","","","","NA"
"-113.88","50.18","STAVELY AAFC","3036099","2021-06-12 07:00","2021","06","12","07:00","8.5","","4.0","","73","","0.0","","23","","5","","","","","M","","","","","NA"
"-113.88","50.18","STAVELY AAFC","3036099","2021-06-12 08:00","2021","06","12","08:00","9.7","","4.4","","70","","0.0","","25","","18","","","","","M","","","","","NA"
"-113.88","50.18","STAVELY AAFC","3036099","2021-06-12 09:00","2021","06","12","09:00","11.2","","3.7","","60","","0.0","","25","","25","","","","","M","","","","","NA"
"-113.88","50.18","STAVELY AAFC","3036099","2021-06-12 10:00","2021","06","12","10:00","12.4","","3.1","","53","","0.0","","24","","22","","","","","M","","","","","NA"
"-113.88","50.18","STAVELY AAFC","3036099","2021-06-12 11:00","2021","06","12","11:00","15.5","","1.1","","38","","0.0","","27","","21","","","","","M","","","","","NA"
"-113.88","50.18","STAVELY AAFC","3036099","2021-06-12 12:00","2021","06","12","12:00","15.3","","-0.2","","35","","0.0","","30","","20","","","","","M","","","","","NA"
"-113.88","50.18","STAVELY AAFC","3036099","2021-06-12 13:00","2021","06","12","13:00","16.3","","-0.5","","32","","0.0","","29","","18","","","","","M","","","","","NA"
"-113.88","50.18","STAVELY AAFC","3036099","2021-06-12 14:00","2021","06","12","14:00","17.2","","-0.8","","29","","0.0","","27","","22","","","","","M","","","","","NA"
"-113.88","50.18","STAVELY AAFC","3036099","2021-06-12 15:00","2021","06","12","15:00","18.6","","-0.4","","28","","0.0","","26","","27","","","","","M","","","","","NA"
"-113.88","50.18","STAVELY AAFC","3036099","2021-06-12 16:00","2021","06","12","16:00","18.8","","-0.1","","28","","0.0","","28","","19","","","","","M","","","","","NA"
"-113.88","50.18","STAVELY AAFC","3036099","2021-06-12 17:00","2021","06","12","17:00","18.8","","-0.5","","27","","0.0","","28","","16","","","","","M","","","","","NA"
"-113.88","50.18","STAVELY AAFC","3036099","2021-06-12 18:00","2021","06","12","18:00","18.3","","0.5","","30","","0.0","","28","","17","","","","","M","","","","","NA"
"-113.88","50.18","STAVELY AAFC","3036099","2021-06-12 19:00","2021","06","12","19:00","17.3","","0.8","","33","","0.0","","24","","13","","","","","M","","","","","NA"
"-113.88","50.18","STAVELY AAFC","3036099","2021-06-12 20:00","2021","06","12","20:00","15.3","","1.8","","40","","0.0","","28","","11","","","","","M","","","","","NA"
"-113.88","50.18","STAVELY AAFC","3036099","2021-06-12 21:00","2021","06","12","21:00","11.0","","1.4","","52","","0.0","","27","","13","","","","","M","","","","","NA"
"-113.88","50.18","STAVELY AAFC","3036099","2021-06-12 22:00","2021","06","12","22:00","10.8","","2.1","","55","","0.0","","27","","18","","","","","M","","","","","NA"
"-113.88","50.18","STAVELY AAFC","3036099","2021-06-12 23:00","2021","06","12","23:00","11.1","","2.4","","55","","0.0","","27","","20","","","","","M","","","","","NA"
"-113.88","50.18","STAVELY AAFC","3036099","2021-06-13 00:00","2021","06","13","00:00","10.0","","2.5","","60","","0.0","","26","","17","","","","","M","","","","","NA"
"-113.88","50.18","STAVELY AAFC","3036099","2021-06-13 01:00","2021","06","13","01:00","9.1","","2.3","","62","","0.0","","26","","11","","","","","M","","","","","NA"
"-113.88","50.18","STAVELY AAFC","3036099","2021-06-13 02:00","2021","06","13","02:00","8.8","","1.8","","62","","0.0","","26","","5","","","","","M","","","","","NA"
"-113.88","50.18","STAVELY AAFC","3036099","2021-06-13 03:00","2021","06","13","03:00","9.8","","1.9","","58","","0.0","","24","","3","","","","","M","","","","","NA"
"-113.88","50.18","STAVELY AAFC","3036099","2021-06-13 04:00","2021","06","13","04:00","10.2","","1.5","","55","","0.0","","23","","5","","","","","M","","","","","NA"
"-113.88","50.18","STAVELY AAFC","3036099","2021-06-13 05:00","2021","06","13","05:00","10.7","","1.6","","54","","0.0","","24","","4","","","","","M","","","","","NA"
"-113.88","50.18","STAVELY AAFC","3036099","2021-06-13 06:00","2021","06","13","06:00","11.2","","3.1","","57","","0.0","","25","","5","","","","","M","","","","","NA"
"-113.88","50.18","STAVELY AAFC","3036099","2021-06-13 07:00","2021","06","13","07:00","12.7","","4.7","","58","","0.0","","22","","10","","","","","M","","","","","NA"
"-113.88","50.18","STAVELY AAFC","3036099","2021-06-13 08:00","2021","06","13","08:00","14.9","","4.8","","51","","0.0","","20","","16","","","","","M","","","","","NA"
"-113.88","50.18","STAVELY AAFC","3036099","2021-06-13 09:00","2021","06","13","09:00","17.0","","4.2","","43","","0.0","","15","","14","","","","","M","","","","","NA"
"-113.88","50.18","STAVELY AAFC","3036099","2021-06-13 10:00","2021","06","13","10:00","18.4","","6.5","","46","","0.0","","15","","16","","","","","M","","","","","NA"
"-113.88","50.18","STAVELY AAFC","3036099","2021-06-13 11:00","2021","06","13","11:00","20.8","","6.3","","39","","0.0","","16","","25","","","","","M","","","","","NA"
"-113.88","50.18","STAVELY AAFC","3036099","2021-06-13 12:00","2021","06","13","12:00","22.7","","5.8","","33","","0.0","","16","","29","","","","","M","","","","","NA"
"-113.88","50.18","STAVELY AAFC","3036099","2021-06-13 13:00","2021","06","13","13:00","23.5","","7.5","","36","","0.0","","16","","34","","","","","M","","","","","NA"
"-113.88","50.18","STAVELY AAFC","3036099","2021-06-13 14:00","2021","06","13","14:00","24.9","","8.1","","34","","0.0","","18","","26","","","","","M","25","","","","NA"
"-113.88","50.18","STAVELY AAFC","3036099","2021-06-13 15:00","2021","06","13","15:00","24.4","","9.2","","38","","0.0","","18","","29","","","","","M","25","","","","NA"
"-113.88","50.18","STAVELY AAFC","3036099","2021-06-13 16:00","2021","06","13","16:00","25.7","","8.4","","33","","0.0","","18","","25","","","","","M","26","","","","NA"
"-113.88","50.18","STAVELY AAFC","3036099","2021-06-13 17:00","2021","06","13","17:00","25.9","","9.1","","34","","0.0","","16","","21","","","","","M","27","","","","NA"
"-113.88","50.18","STAVELY AAFC","3036099","2021-06-13 18:00","2021","06","13","18:00","25.6","","9.2","","35","","0.0","","17","","24","","","","","M","27","","","","NA"
"-113.88","50.18","STAVELY AAFC","3036099","2021-06-13 19:00","2021","06","13","19:00","24.0","","9.2","","39","","0.0","","15","","17","","","","","M","25","","","","NA"
"-113.88","50.18","STAVELY AAFC","3036099","2021-06-13 20:00","2021","06","13","20:00","22.6","","8.4","","40","","0.0","","15","","16","","","","","M","","","","","NA"
"-113.88","50.18","STAVELY AAFC","3036099","2021-06-13 21:00","2021","06","13","21:00","21.7","","7.9","","41","","0.0","","15","","14","","","","","M","","","","","NA"
"-113.88","50.18","STAVELY AAFC","3036099","2021-06-13 22:00","2021","06","13","22:00","21.1","","8.3","","44","","0.0","","15","","13","","","","","M","","","","","NA"
"-113.88","50.18","STAVELY AAFC","3036099","2021-06-13 23:00","2021","06","13","23:00","21.3","","7.9","","42","","0.0","","16","","17","","","","","M","","","","","NA"
"-113.88","50.18","STAVELY AAFC","3036099","2021-06-14 00:00","2021","06","14","00:00","19.9","","8.2","","47","","0.0","","16","","10","","","","","M","","","","","NA"
"-113.88","50.18","STAVELY AAFC","3036099","2021-06-14 01:00","2021","06","14","01:00","18.8","","8.9","","53","","0.0","","12","","13","","","","","M","","","","","NA"
"-113.88","50.18","STAVELY AAFC","3036099","2021-06-14 02:00","2021","06","14","02:00","16.5","","9.0","","61","","0.0","","14","","4","","","","","M","","","","","NA"
"-113.88","50.18","STAVELY AAFC","3036099","2021-06-14 03:00","2021","06","14","03:00","15.5","","9.0","","65","","0.0","","24","","5","","","","","M","","","","","NA"
"-113.88","50.18","STAVELY AAFC","3036099","2021-06-14 04:00","2021","06","14","04:00","17.6","","8.6","","56","","0.0","","25","","5","","","","","M","","","","","NA"
"-113.88","50.18","STAVELY AAFC","3036099","2021-06-14 05:00","2021","06","14","05:00","18.6","","8.0","","50","","0.3","","29","","10","","","","","M","","","","","NA"
"-113.88","50.18","STAVELY AAFC","3036099","2021-06-14 06:00","2021","06","14","06:00","16.9","","8.1","","56","","0.0","","33","","26","","","","","M","","","","","NA"
"-113.88","50.18","STAVELY AAFC","3036099","2021-06-14 07:00","2021","06","14","07:00","17.1","","9.0","","59","","0.0","","34","","25","","","","","M","","","","","NA"
"-113.88","50.18","STAVELY AAFC","3036099","2021-06-14 08:00","2021","06","14","08:00","18.0","","10.3","","61","","0.0","","35","","23","","","","","M","","","","","NA"
"-113.88","50.18","STAVELY AAFC","3036099","2021-06-14 09:00","2021","06","14","09:00","19.2","","10.8","","59","","0.0","","33","","25","","","","","M","","","","","NA"
"-113.88","50.18","STAVELY AAFC","3036099","2021-06-14 10:00","2021","06","14","10:00","21.0","","11.7","","55","","0.0","","35","","16","","","","","M","","","","","NA"
"-113.88","50.18","STAVELY AAFC","3036099","2021-06-14 11:00","2021","06","14","11:00","22.5","","12.3","","53","","0.0","","4","","13","","","","","M","25","","","","NA"
"-113.88","50.18","STAVELY AAFC","3036099","2021-06-14 12:00","2021","06","14","12:00","24.4","","13.0","","49","","0.0","","8","","11","","","","","M","27","","","","NA"
"-113.88","50.18","STAVELY AAFC","3036099","2021-06-14 13:00","2021","06","14","13:00","25.4","","12.5","","45","","0.0","","13","","9","","","","","M","28","","","","NA"
"-113.88","50.18","STAVELY AAFC","3036099","2021-06-14 14:00","2021","06","14","14:00","27.0","","12.3","","40","","0.0","","13","","16","","","","","M","29","","","","NA"
"-113.88","50.18","STAVELY AAFC","3036099","2021-06-14 15:00","2021","06","14","15:00","28.2","","12.9","","39","","0.0","","14","","20","","","","","M","31","","","","NA"
"-113.88","50.18","STAVELY AAFC","3036099","2021-06-14 16:00","2021","06","14","16:00","29.1","","10.4","","31","","0.0","","15","","20","","","","","M","31","","","","NA"
"-113.88","50.18","STAVELY AAFC","3036099","2021-06-14 17:00","2021","06","14","17:00","29.2","","11.1","","33","","0.0","","14","","21","","","","","M","31","","","","NA"
"-113.88","50.18","STAVELY AAFC","3036099","2021-06-14 18:00","2021","06","14","18:00","28.5","","12.1","","36","","0.0","","14","","18","","","","","M","31","","","","NA"
"-113.88","50.18","STAVELY AAFC","3036099","2021-06-14 19:00","2021","06","14","19:00","27.5","","12.8","","40","","0.0","","14","","19","","","","","M","30","","","","NA"
"-113.88","50.18","STAVELY AAFC","3036099","2021-06-14 20:00","2021","06","14","20:00","26.5","","13.6","","45","","0.0","","20","","6","","","","","M","30","","","","NA"
"-113.88","50.18","STAVELY AAFC","3036099","2021-06-14 21:00","2021","06","14","21:00","23.4","","13.4","","53","","0.0","","27","","5","","","","","M","26","","","","NA"
"-113.88","50.18","STAVELY AAFC","3036099","2021-06-14 22:00","2021","06","14","22:00","22.3","","9.6","","44","","0.0","","28","","15","","","","","M","","","","","NA"
"-113.88","50.18","STAVELY AAFC","3036099","2021-06-14 23:00","2021","06","14","23:00","21.4","","8.8","","45","","0.0","","27","","7","","","","","M","","","","","NA"
"-113.88","50.18","STAVELY AAFC","3036099","2021-06-15 00:00","2021","06","15","00:00","21.9","","8.4","","42","","0.0","","28","","16","","","","","M","","","","","NA"
"-113.88","50.18","STAVELY AAFC","3036099","2021-06-15 01:00","2021","06","15","01:00","20.4","","8.9","","47","","0.0","","27","","10","","","","","M","","","","","NA"
"-113.88","50.18","STAVELY AAFC","3036099","2021-06-15 02:00","2021","06","15","02:00","19.8","","9.6","","52","","0.0","","15","","17","","","","","M","","","","","NA"
"-113.88","50.18","STAVELY AAFC","3036099","2021-06-15 03:00","2021","06","15","03:00","18.6","","9.1","","54","","0.0","","27","","5","","","","","M","","","","","NA"
"-113.88","50.18","STAVELY AAFC","3036099","2021-06-15 04:00","2021","06","15","04:00","18.1","","9.1","","56","","0.0","","31","","7","","","","","M","","","","","NA"
"-113.88","50.18","STAVELY AAFC","3036099","2021-06-15 05:00","2021","06","15","05:00","19.1","","8.1","","49","","0.0","","34","","13","","","","","M","","","","","NA"
"-113.88","50.18","STAVELY AAFC","3036099","2021-06-15 06:00","2021","06","15","06:00","15.0","","12.7","","87","","0.0","","35","","35","","","","","M","","","","","NA"
"-113.88","50.18","STAVELY AAFC","3036099","2021-06-15 07:00","2021","06","15","07:00","16.2","","13.8","","86","","0.0","","33","","34","","","","","M","","","","","NA"
"-113.88","50.18","STAVELY AAFC","3036099","2021-06-15 08:00","2021","06","15","08:00","17.0","","13.4","","79","","0.0","","31","","39","","","","","M","","","","","NA"
"-113.88","50.18","STAVELY AAFC","3036099","2021-06-15 09:00","2021","06","15","09:00","19.4","","14.1","","72","","0.0","","32","","38","","","","","M","","","","","NA"
"-113.88","50.18","STAVELY AAFC","3036099","2021-06-15 10:00","2021","06","15","10:00","21.7","","12.8","","57","","0.0","","34","","22","","","","","M","","","","","NA"
"-113.88","50.18","STAVELY AAFC","3036099","2021-06-15 11:00","2021","06","15","11:00","22.9","","10.0","","44","","0.0","","30","","15","","","","","M","","","","","NA"
"-113.88","50.18","STAVELY AAFC","3036099","2021-06-15 12:00","2021","06","15","12:00","24.8","","8.8","","36","","0.0","","19","","24","","","","","M","26","","","","NA"
"-113.88","50.18","STAVELY AAFC","3036099","2021-06-15 13:00","2021","06","15","13:00","24.1","","8.0","","36","","0.0","","21","","35","","","","","M","25","","","","NA"
"-113.88","50.18","STAVELY AAFC","3036099","2021-06-15 14:00","2021","06","15","14:00","23.7","","6.9","","34","","0.0","","20","","32","","","","","M","","","","","NA"
"-113.88","50.18","STAVELY AAFC","3036099","2021-06-15 15:00","2021","06","15","15:00","23.0","","5.8","","33","","0.0","","21","","40","","","","","M","","","","","NA"
"-113.88","50.18","STAVELY AAFC","3036099","2021-06-15 16:00","2021","06","15","16:00","22.3","","3.4","","29","","0.0","","22","","47","","","","","M","","","","","NA"
"-113.88","50.18","STAVELY AAFC","3036099","2021-06-15 17:00","2021","06","15","17:00","21.2","","4.7","","34","","0.0","","25","","42","","","","","M","","","","","NA"
"-113.88","50.18","STAVELY AAFC","3036099","2021-06-15 18:00","2021","06","15","18:00","18.1","","4.3","","40","","0.0","","27","","48","","","","","M","","","","","NA"
"-113.88","50.18","STAVELY AAFC","3036099","2021-06-15 19:00","2021","06","15","19:00","16.1","","3.4","","43","","0.0","","25","","34","","","","","M","","","","","NA"
"-113.88","50.18","STAVELY AAFC","3036099","2021-06-15 20:00","2021","06","15","20:00","14.3","","3.9","","50","","0.0","","26","","27","","","","","M","","","","","NA"
"-113.88","50.18","STAVELY AAFC","3036099","2021-06-15 21:00","2021","06","15","21:00","14.4","","2.9","","46","","0.0","","23","","29","","","","","M","","","","","NA"
"-113.88","50.18","STAVELY AAFC","3036099","2021-06-15 22:00","2021","06","15","22:00","12.8","","3.3","","52","","0.0","","24","","19","","","","","M","","","","","NA"
"-113.88","50.18","STAVELY AAFC","3036099","2021-06-15 23:00","2021","06","15","23:00","11.5","","3.2","","57","","0.0","","26","","30","","","","","M","","","","","NA"
"-113.88","50.18","STAVELY AAFC","3036099","2021-06-16 00:00","2021","06","16","00:00","10.9","","4.5","","65","","0.0","","26","","41","","","","","M","","","","","NA"
"-113.88","50.18","STAVELY AAFC","3036099","2021-06-16 01:00","2021","06","16","01:00","8.1","","5.6","","84","","0.0","","27","","29","","","","","M","","","","","NA"
"-113.88","50.18","STAVELY AAFC","3036099","2021-06-16 02:00","2021","06","16","02:00","8.1","","4.5","","78","","0.0","","27","","21","","","","","M","","","","","NA"
"-113.88","50.18","STAVELY AAFC","3036099","2021-06-16 03:00","2021","06","16","03:00","5.9","","3.4","","84","","0.0","","26","","19","","","","","M","","","","","NA"
"-113.88","50.18","STAVELY AAFC","3036099","2021-06-16 04:00","2021","06","16","04:00","7.5","","2.8","","72","","0.0","","25","","26","","","","","M","","","","","NA"
"-113.88","50.18","STAVELY AAFC","3036099","2021-06-16 05:00","2021","06","16","05:00","7.7","","2.1","","68","","0.0","","26","","27","","","","","M","","","","","NA"
"-113.88","50.18","STAVELY AAFC","3036099","2021-06-16 06:00","2021","06","16","06:00","9.4","","1.8","","59","","0.0","","25","","27","","","","","M","","","","","NA"
"-113.88","50.18","STAVELY AAFC","3036099","2021-06-16 07:00","2021","06","16","07:00","11.3","","1.4","","51","","0.0","","26","","36","","","","","M","","","","","NA"
"-113.88","50.18","STAVELY AAFC","3036099","2021-06-16 08:00","2021","06","16","08:00","12.8","","1.5","","46","","0.0","","26","","36","","","","","M","","","","","NA"
"-113.88","50.18","STAVELY AAFC","3036099","2021-06-16 09:00","2021","06","16","09:00","14.2","","1.6","","42","","0.0","","26","","32","","","","","M","","","","","NA"
"-113.88","50.18","STAVELY AAFC","3036099","2021-06-16 10:00","2021","06","16","10:00","15.7","","1.4","","38","","0.0","","27","","33","","","","","M","","","","","NA"
"-113.88","50.18","STAVELY AAFC","3036099","2021-06-16 11:00","2021","06","16","11:00","16.0","","0.8","","36","","0.0","","27","","22","","","","","M","","","","","NA"
"-113.88","50.18","STAVELY AAFC","3036099","2021-06-16 12:00","2021","06","16","12:00","17.7","","1.9","","35","","0.0","","27","","24","","","","","M","","","","","NA"
"-113.88","50.18","STAVELY AAFC","3036099","2021-06-16 13:00","2021","06","16","13:00","18.1","","-1.4","","26","","0.0","","29","","30","","","","","M","","","","","NA"
"-113.88","50.18","STAVELY AAFC","3036099","2021-06-16 14:00","2021","06","16","14:00","17.8","","-1.0","","28","","0.0","","26","","36","","","","","M","","","","","NA"
"-113.88","50.18","STAVELY AAFC","3036099","2021-06-16 15:00","2021","06","16","15:00","18.8","","0.1","","29","","0.0","","27","","33","","","","","M","","","","","NA"
"-113.88","50.18","STAVELY AAFC","3036099","2021-06-16 16:00","2021","06","16","16:00","18.1","","-0.1","","29","","0.0","","28","","23","","","","","M","","","","","NA"
"-113.88","50.18","STAVELY AAFC","3036099","2021-06-16 17:00","2021","06","16","17:00","18.5","","-0.8","","27","","0.0","","26","","26","","","","","M","","","","","NA"
"-113.88","50.18","STAVELY AAFC","3036099","2021-06-16 18:00","2021","06","16","18:00","16.7","","-2.4","","27","","0.0","","28","","26","","","","","M","","","","","NA"
"-113.88","50.18","STAVELY AAFC","3036099","2021-06-16 19:00","2021","06","16","19:00","15.6","","-1.5","","31","","0.0","","26","","19","","","","","M","","","","","NA"
"-113.88","50.18","STAVELY AAFC","3036099","2021-06-16 20:00","2021","06","16","20:00","15.8","","-2.7","","28","","0.0","","28","","22","","","","","M","","","","","NA"
"-113.88","50.18","STAVELY AAFC","3036099","2021-06-16 21:00","2021","06","16","21:00","12.0","","-2.8","","36","","0.0","","26","","16","","","","","M","","","","","NA"
"-113.88","50.18","STAVELY AAFC","3036099","2021-06-16 22:00","2021","06","16","22:00","11.8","","-3.4","","34","","0.0","","27","","24","","","","","M","","","","","NA"
"-113.88","50.18","STAVELY AAFC","3036099","2021-06-16 23:00","2021","06","16","23:00","11.6","","-3.5","","34","","0.0","","28","","20","","","","","M","","","","","NA"
"-113.88","50.18","STAVELY AAFC","3036099","2021-06-17 00:00","2021","06","17","00:00","10.7","","-3.4","","37","","0.0","","29","","17","","","","","M","","","","","NA"
"-113.88","50.18","STAVELY AAFC","3036099","2021-06-17 01:00","2021","06","17","01:00","10.3","","-3.4","","38","","0.0","","27","","20","","","","","M","","","","","NA"
"-113.88","50.18","STAVELY AAFC","3036099","2021-06-17 02:00","2021","06","17","02:00","9.3","","-3.4","","41","","0.0","","28","","13","","","","","M","","","","","NA"
"-113.88","50.18","STAVELY AAFC","3036099","2021-06-17 03:00","2021","06","17","03:00","8.8","","-3.3","","42","","0.0","","27","","20","","","","","M","","","","","NA"
"-113.88","50.18","STAVELY AAFC","3036099","2021-06-17 04:00","2021","06","17","04:00","7.4","","-3.1","","47","","0.0","","27","","14","","","","","M","","","","","NA"
"-113.88","50.18","STAVELY AAFC","3036099","2021-06-17 05:00","2021","06","17","05:00","8.2","","-2.7","","46","","0.0","","27","","18","","","","","M","","","","","NA"
"-113.88","50.18","STAVELY AAFC","3036099","2021-06-17 06:00","2021","06","17","06:00","10.3","","-1.3","","45","","0.0","","27","","20","","","","","M","","","","","NA"
"-113.88","50.18","STAVELY AAFC","3036099","2021-06-17 07:00","2021","06","17","07:00","13.1","","0.8","","43","","0.0","","27","","19","","","","","M","","","","","NA"
"-113.88","50.18","STAVELY AAFC","3036099","2021-06-17 08:00","2021","06","17","08:00","15.2","","-0.3","","35","","0.0","","28","","22","","","","","M","","","","","NA"
"-113.88","50.18","STAVELY AAFC","3036099","2021-06-17 09:00","2021","06","17","09:00","16.7","","0.2","","33","","0.0","","27","","24","","","","","M","","","","","NA"
"-113.88","50.18","STAVELY AAFC","3036099","2021-06-17 10:00","2021","06","17","10:00","17.1","","0.3","","32","","0.0","","27","","22","","","","","M","","","","","NA"
"-113.88","50.18","STAVELY AAFC","3036099","2021-06-17 11:00","2021","06","17","11:00","17.9","","-0.4","","29","","0.0","","27","","24","","","","","M","","","","","NA"
"-113.88","50.18","STAVELY AAFC","3036099","2021-06-17 12:00","2021","06","17","12:00","19.2","","-0.2","","27","","0.0","","27","","21","","","","","M","","","","","NA"
"-113.88","50.18","STAVELY AAFC","3036099","2021-06-17 13:00","2021","06","17","13:00","20.5","","0.2","","26","","0.0","","30","","18","","","","","M","","","","","NA"
"-113.88","50.18","STAVELY AAFC","3036099","2021-06-17 14:00","2021","06","17","14:00","21.1","","1.5","","27","","0.0","","28","","25","","","","","M","","","","","NA"
"-113.88","50.18","STAVELY AAFC","3036099","2021-06-17 15:00","2021","06","17","15:00","21.9","","1.4","","26","","0.0","","29","","24","","","","","M","","","","","NA"
"-113.88","50.18","STAVELY AAFC","3036099","2021-06-17 16:00","2021","06","17","16:00","22.1","","0.8","","24","","0.0","","28","","24","","","","","M","","","","","NA"
"-113.88","50.18","STAVELY AAFC","3036099","2021-06-17 17:00","2021","06","17","17:00","21.4","","0.0","","24","","0.0","","29","","30","","","","","M","","","","","NA"
"-113.88","50.18","STAVELY AAFC","3036099","2021-06-17 18:00","2021","06","17","18:00","20.8","","0.6","","26","","0.0","","30","","28","","","","","M","","","","","NA"
"-113.88","50.18","STAVELY AAFC","3036099","2021-06-17 19:00","2021","06","17","19:00","19.7","","-0.7","","25","","0.0","","30","","29","","","","","M","","","","","NA"
"-113.88","50.18","STAVELY AAFC","3036099","2021-06-17 20:00","2021","06","17","20:00","13.5","","4.7","","55","","0.0","","2","","14","","","","","M","","","","","NA"
"-113.88","50.18","STAVELY AAFC","3036099","2021-06-17 21:00","2021","06","17","21:00","11.6","","3.8","","59","","0.0","","5","","19","","","","","M","","","","","NA"
"-113.88","50.18","STAVELY AAFC","3036099","2021-06-17 22:00","2021","06","17","22:00","9.4","","3.4","","66","","0.0","","4","","11","","","","","M","","","","","NA"
"-113.88","50.18","STAVELY AAFC","3036099","2021-06-17 23:00","2021","06","17","23:00","9.0","","3.3","","67","","0.0","","6","","9","","","","","M","","","","","NA"
"-113.88","50.18","STAVELY AAFC","3036099","2021-06-18 00:00","2021","06","18","00:00","8.6","","3.1","","68","","0.0","","9","","7","","","","","M","","","","","NA"
"-113.88","50.18","STAVELY AAFC","3036099","2021-06-18 01:00","2021","06","18","01:00","8.2","","2.9","","70","","0.0","","19","","4","","","","","M","","","","","NA"
"-113.88","50.18","STAVELY AAFC","3036099","2021-06-18 02:00","2021","06","18","02:00","7.2","","3.2","","76","","0.0","","15","","8","","","","","M","","","","","NA"
"-113.88","50.18","STAVELY AAFC","3036099","2021-06-18 03:00","2021","06","18","03:00","7.1","","2.9","","75","","0.0","","17","","7","","","","","M","","","","","NA"
"-113.88","50.18","STAVELY AAFC","3036099","2021-06-18 04:00","2021","06","18","04:00","6.8","","3.0","","77","","0.0","","17","","9","","","","","M","","","","","NA"
"-113.88","50.18","STAVELY AAFC","3036099","2021-06-18 05:00","2021","06","18","05:00","7.0","","3.1","","76","","0.0","","17","","7","","","","","M","","","","","NA"
"-113.88","50.18","STAVELY AAFC","3036099","2021-06-18 06:00","2021","06","18","06:00","8.9","","4.2","","73","","0.0","","18","","7","","","","","M","","","","","NA"
"-113.88","50.18","STAVELY AAFC","3036099","2021-06-18 07:00","2021","06","18","07:00","11.2","","5.5","","68","","0.0","","19","","16","","","","","M","","","","","NA"
"-113.88","50.18","STAVELY AAFC","3036099","2021-06-18 08:00","2021","06","18","08:00","13.0","","4.9","","58","","0.0","","17","","22","","","","","M","","","","","NA"
"-113.88","50.18","STAVELY AAFC","3036099","2021-06-18 09:00","2021","06","18","09:00","15.0","","5.3","","52","","0.0","","16","","19","","","","","M","","","","","NA"
"-113.88","50.18","STAVELY AAFC","3036099","2021-06-18 10:00","2021","06","18","10:00","16.5","","5.5","","48","","0.0","","16","","15","","","","","M","","","","","NA"
"-113.88","50.18","STAVELY AAFC","3036099","2021-06-18 11:00","2021","06","18","11:00","18.5","","5.2","","41","","0.0","","16","","13","","","","","M","","","","","NA"
"-113.88","50.18","STAVELY AAFC","3036099","2021-06-18 12:00","2021","06","18","12:00","19.8","","4.7","","37","","0.0","","13","","20","","","","","M","","","","","NA"
"-113.88","50.18","STAVELY AAFC","3036099","2021-06-18 13:00","2021","06","18","13:00","19.4","","4.1","","36","","0.0","","13","","18","","","","","M","","","","","NA"
"-113.88","50.18","STAVELY AAFC","3036099","2021-06-18 14:00","2021","06","18","14:00","19.3","","3.3","","35","","0.0","","12","","23","","","","","M","","","","","NA"
"-113.88","50.18","STAVELY AAFC","3036099","2021-06-18 15:00","2021","06","18","15:00","20.4","","5.7","","38","","0.0","","12","","21","","","","","M","","","","","NA"
"-113.88","50.18","STAVELY AAFC","3036099","2021-06-18 16:00","2021","06","18","16:00","19.7","","4.5","","37","","0.0","","13","","18","","","","","M","","","","","NA"
"-113.88","50.18","STAVELY AAFC","3036099","2021-06-18 17:00","2021","06","18","17:00","19.2","","5.3","","40","","0.0","","11","","22","","","","","M","","","","","NA"
"-113.88","50.18","STAVELY AAFC","3036099","2021-06-18 18:00","2021","06","18","18:00","19.0","","5.9","","42","","0.0","","12","","23","","","","","M","","","","","NA"
"-113.88","50.18","STAVELY AAFC","3036099","2021-06-18 19:00","2021","06","18","19:00","19.0","","6.3","","43","","0.0","","12","","26","","","","","M","","","","","NA"
"-113.88","50.18","STAVELY AAFC","3036099","2021-06-18 20:00","2021","06","18","20:00","16.5","","6.2","","51","","0.0","","12","","22","","","","","M","","","","","NA"
"-113.88","50.18","STAVELY AAFC","3036099","2021-06-18 21:00","2021","06","18","21:00","15.7","","6.0","","52","","0.0","","13","","20","","","","","M","","","","","NA"
"-113.88","50.18","STAVELY AAFC","3036099","2021-06-18 22:00","2021","06","18","22:00","15.3","","5.9","","54","","0.0","","1","","2","","","","","M","","","","","NA"
"-113.88","50.18","STAVELY AAFC","3036099","2021-06-18 23:00","2021","06","18","23:00","15.5","","5.8","","52","","0.0","","25","","3","","","","","M","","","","","NA"
"-113.88","50.18","STAVELY AAFC","3036099","2021-06-19 00:00","2021","06","19","00:00","16.3","","3.1","","41","","0.0","","28","","18","","","","","M","","","","","NA"
"-113.88","50.18","STAVELY AAFC","3036099","2021-06-19 01:00","2021","06","19","01:00","16.1","","2.5","","40","","0.0","","29","","18","","","","","M","","","","","NA"
"-113.88","50.18","STAVELY AAFC","3036099","2021-06-19 02:00","2021","06","19","02:00","15.3","","2.1","","41","","0.0","","28","","17","","","","","M","","","","","NA"
"-113.88","50.18","STAVELY AAFC","3036099","2021-06-19 03:00","2021","06","19","03:00","16.4","","1.3","","36","","0.0","","29","","23","","","","","M","","","","","NA"
"-113.88","50.18","STAVELY AAFC","3036099","2021-06-19 04:00","2021","06","19","04:00","12.4","","6.4","","67","","0.0","","34","","28","","","","","M","","","","","NA"
"-113.88","50.18","STAVELY AAFC","3036099","2021-06-19 05:00","2021","06","19","05:00","11.3","","7.4","","77","","0.0","","34","","37","","","","","M","","","","","NA"
"-113.88","50.18","STAVELY AAFC","3036099","2021-06-19 06:00","2021","06","19","06:00","10.4","","8.4","","87","","0.0","","34","","37","","","","","M","","","","","NA"
"-113.88","50.18","STAVELY AAFC","3036099","2021-06-19 07:00","2021","06","19","07:00","10.4","","8.9","","91","","0.0","","33","","31","","","","","M","","","","","NA"
"-113.88","50.18","STAVELY AAFC","3036099","2021-06-19 08:00","2021","06","19","08:00","11.4","","8.5","","82","","0.0","","35","","26","","","","","M","","","","","NA"
"-113.88","50.18","STAVELY AAFC","3036099","2021-06-19 09:00","2021","06","19","09:00","12.0","","8.2","","78","","0.0","","36","","18","","","","","M","","","","","NA"
"-113.88","50.18","STAVELY AAFC","3036099","2021-06-19 10:00","2021","06","19","10:00","12.5","","8.2","","75","","0.0","","1","","10","","","","","M","","","","","NA"
"-113.88","50.18","STAVELY AAFC","3036099","2021-06-19 11:00","2021","06","19","11:00","12.5","","8.0","","74","","0.0","","2","","8","","","","","M","","","","","NA"
"-113.88","50.18","STAVELY AAFC","3036099","2021-06-19 12:00","2021","06","19","12:00","12.7","","8.3","","74","","0.0","","8","","7","","","","","M","","","","","NA"
"-113.88","50.18","STAVELY AAFC","3036099","2021-06-19 13:00","2021","06","19","13:00","12.9","","9.9","","82","","0.0","","10","","8","","","","","M","","","","","NA"
"-113.88","50.18","STAVELY AAFC","3036099","2021-06-19 14:00","2021","06","19","14:00","13.3","","9.3","","77","","0.0","","10","","7","","","","","M","","","","","NA"
"-113.88","50.18","STAVELY AAFC","3036099","2021-06-19 15:00","2021","06","19","15:00","12.4","","10.2","","87","","0.0","","9","","8","","","","","M","","","","","NA"
"-113.88","50.18","STAVELY AAFC","3036099","2021-06-19 16:00","2021","06","19","16:00","11.9","","10.9","","93","","0.9","","10","","7","","","","","M","","","","","NA"
"-113.88","50.18","STAVELY AAFC","3036099","2021-06-19 17:00","2021","06","19","17:00","11.3","","11.1","","99","","0.9","","12","","11","","","","","M","","","","","NA"
"-113.88","50.18","STAVELY AAFC","3036099","2021-06-19 18:00","2021","06","19","18:00","10.9","","10.7","","99","","1.3","","10","","11","","","","","M","","","","","NA"
"-113.88","50.18","STAVELY AAFC","3036099","2021-06-19 19:00","2021","06","19","19:00","10.6","","10.6","","100","","4.2","","6","","9","","","","","M","","","","","NA"
"-113.88","50.18","STAVELY AAFC","3036099","2021-06-19 20:00","2021","06","19","20:00","10.5","","10.5","","100","","1.4","","9","","6","","","","","M","","","","","NA"
"-113.88","50.18","STAVELY AAFC","3036099","2021-06-19 21:00","2021","06","19","21:00","10.1","","10.1","","100","","0.4","","4","","6","","","","","M","","","","","NA"
"-113.88","50.18","STAVELY AAFC","3036099","2021-06-19 22:00","2021","06","19","22:00","9.7","","9.7","","100","","2.3","","36","","13","","","","","M","","","","","NA"
"-113.88","50.18","STAVELY AAFC","3036099","2021-06-19 23:00","2021","06","19","23:00","9.7","","9.6","","99","","1.0","","36","","22","","","","","M","","","","","NA"
"-113.88","50.18","STAVELY AAFC","3036099","2021-06-20 00:00","2021","06","20","00:00","8.7","","7.8","","95","","0.3","","34","","23","","","","","M","","","","","NA"
"-113.88","50.18","STAVELY AAFC","3036099","2021-06-20 01:00","2021","06","20","01:00","8.1","","7.8","","98","","0.5","","32","","15","","","","","M","","","","","NA"
"-113.88","50.18","STAVELY AAFC","3036099","2021-06-20 02:00","2021","06","20","02:00","8.3","","7.2","","92","","0.0","","32","","18","","","","","M","","","","","NA"
"-113.88","50.18","STAVELY AAFC","3036099","2021-06-20 03:00","2021","06","20","03:00","8.7","","6.7","","88","","0.0","","33","","15","","","","","M","","","","","NA"
"-113.88","50.18","STAVELY AAFC","3036099","2021-06-20 04:00","2021","06","20","04:00","8.8","","6.6","","86","","0.0","","33","","20","","","","","M","","","","","NA"
"-113.88","50.18","STAVELY AAFC","3036099","2021-06-20 05:00","2021","06","20","05:00","8.0","","6.6","","91","","0.0","","34","","18","","","","","M","","","","","NA"
"-113.88","50.18","STAVELY AAFC","3036099","2021-06-20 06:00","2021","06","20","06:00","9.3","","7.4","","88","","0.0","","33","","19","","","","","M","","","","","NA"
"-113.88","50.18","STAVELY AAFC","3036099","2021-06-20 07:00","2021","06","20","07:00","10.6","","8.1","","85","","0.0","","34","","27","","","","","M","","","","","NA"
"-113.88","50.18","STAVELY AAFC","3036099","2021-06-20 08:00","2021","06","20","08:00","11.8","","8.3","","79","","0.0","","35","","30","","","","","M","","","","","NA"
"-113.88","50.18","STAVELY AAFC","3036099","2021-06-20 09:00","2021","06","20","09:00","13.6","","9.5","","76","","0.0","","36","","19","","","","","M","","","","","NA"
"-113.88","50.18","STAVELY AAFC","3036099","2021-06-20 10:00","2021","06","20","10:00","13.5","","7.7","","68","","0.0","","1","","18","","","","","M","","","","","NA"
"-113.88","50.18","STAVELY AAFC","3036099","2021-06-20 11:00","2021","06","20","11:00","14.1","","7.7","","65","","0.0","","35","","13","","","","","M","","","","","NA"
"-113.88","50.18","STAVELY AAFC","3036099","2021-06-20 12:00","2021","06","20","12:00","15.9","","8.2","","60","","0.0","","36","","14","","","","","M","","","","","NA"
"-113.88","50.18","STAVELY AAFC","3036099","2021-06-20 13:00","2021","06","20","13:00","15.9","","7.6","","58","","0.0","","2","","7","","","","","M","","","","","NA"
"-113.88","50.18","STAVELY AAFC","3036099","2021-06-20 14:00","2021","06","20","14:00","17.0","","4.6","","44","","0.0","","1","","12","","","","","M","","","","","NA"
"-113.88","50.18","STAVELY AAFC","3036099","2021-06-20 15:00","2021","06","20","15:00","17.5","","5.1","","44","","0.0","","33","","14","","","","","M","","","","","NA"
"-113.88","50.18","STAVELY AAFC","3036099","2021-06-20 16:00","2021","06","20","16:00","18.5","","4.7","","40","","0.0","","5","","10","","","","","M","","","","","NA"
"-113.88","50.18","STAVELY AAFC","3036099","2021-06-20 17:00","2021","06","20","17:00","18.7","","5.5","","42","","0.0","","2","","10","","","","","M","","","","","NA"
"-113.88","50.18","STAVELY AAFC","3036099","2021-06-20 18:00","2021","06","20","18:00","18.7","","4.8","","40","","0.0","","2","","5","","","","","M","","","","","NA"
"-113.88","50.18","STAVELY AAFC","3036099","2021-06-20 19:00","2021","06","20","19:00","17.8","","5.2","","43","","0.0","","11","","6","","","","","M","","","","","NA"
"-113.88","50.18","STAVELY AAFC","3036099","2021-06-20 20:00","2021","06","20","20:00","15.4","","5.0","","50","","0.0","","14","","8","","","","","M","","","","","NA"
"-113.88","50.18","STAVELY AAFC","3036099","2021-06-20 21:00","2021","06","20","21:00","14.2","","5.6","","57","","0.0","","20","","4","","","","","M","","","","","NA"
"-113.88","50.18","STAVELY AAFC","3036099","2021-06-20 22:00","2021","06","20","22:00","13.7","","5.9","","59","","0.0","","19","","5","","","","","M","","","","","NA"
"-113.88","50.18","STAVELY AAFC","3036099","2021-06-20 23:00","2021","06","20","23:00","12.5","","6.3","","66","","0.0","","21","","5","","","","","M","","","","","NA"
"-113.88","50.18","STAVELY AAFC","3036099","2021-06-21 00:00","2021","06","21","00:00","11.9","","6.2","","68","","0.0","","23","","6","","","","","M","","","","","NA"
"-113.88","50.18","STAVELY AAFC","3036099","2021-06-21 01:00","2021","06","21","01:00","12.4","","6.0","","65","","0.0","","21","","6","","","","","M","","","","","NA"
"-113.88","50.18","STAVELY AAFC","3036099","2021-06-21 02:00","2021","06","21","02:00","10.7","","6.2","","74","","0.0","","24","","11","","","","","M","","","","","NA"
"-113.88","50.18","STAVELY AAFC","3036099","2021-06-21 03:00","2021","06","21","03:00","11.3","","6.0","","70","","0.0","","22","","6","","","","","M","","","","","NA"
"-113.88","50.18","STAVELY AAFC","3036099","2021-06-21 04:00","2021","06","21","04:00","10.9","","5.9","","72","","0.0","","24","","4","","","","","M","","","","","NA"
"-113.88","50.18","STAVELY AAFC","3036099","2021-06-21 05:00","2021","06","21","05:00","10.6","","5.6","","71","","0.0","","28","","16","","","","","M","","","","","NA"
"-113.88","50.18","STAVELY AAFC","3036099","2021-06-21 06:00","2021","06","21","06:00","13.2","","6.0","","62","","0.0","","27","","17","","","","","M","","","","","NA"
"-113.88","50.18","STAVELY AAFC","3036099","2021-06-21 07:00","2021","06","21","07:00","14.2","","6.1","","58","","0.0","","27","","15","","","","","M","","","","","NA"
"-113.88","50.18","STAVELY AAFC","3036099","2021-06-21 08:00","2021","06","21","08:00","16.7","","6.8","","52","","0.0","","25","","17","","","","","M","","","","","NA"
"-113.88","50.18","STAVELY AAFC","3036099","2021-06-21 09:00","2021","06","21","09:00","18.7","","8.0","","50","","0.0","","25","","11","","","","","M","","","","","NA"
"-113.88","50.18","STAVELY AAFC","3036099","2021-06-21 10:00","2021","06","21","10:00","20.2","","3.9","","34","","0.0","","26","","9","","","","","M","","","","","NA"
"-113.88","50.18","STAVELY AAFC","3036099","2021-06-21 11:00","2021","06","21","11:00","21.0","","5.8","","37","","0.0","","26","","12","","","","","M","","","","","NA"
"-113.88","50.18","STAVELY AAFC","3036099","2021-06-21 12:00","2021","06","21","12:00","22.1","","6.8","","37","","0.0","","30","","9","","","","","M","","","","","NA"
"-113.88","50.18","STAVELY AAFC","3036099","2021-06-21 13:00","2021","06","21","13:00","23.1","","6.7","","35","","0.0","","27","","7","","","","","M","","","","","NA"
"-113.88","50.18","STAVELY AAFC","3036099","2021-06-21 14:00","2021","06","21","14:00","23.6","","7.5","","36","","0.0","","31","","11","","","","","M","","","","","NA"
"-113.88","50.18","STAVELY AAFC","3036099","2021-06-21 15:00","2021","06","21","15:00","24.1","","7.8","","35","","0.0","","7","","8","","","","","M","","","","","NA"
"-113.88","50.18","STAVELY AAFC","3036099","2021-06-21 16:00","2021","06","21","16:00","24.1","","8.1","","36","","0.0","","9","","8","","","","","M","25","","","","NA"
"-113.88","50.18","STAVELY AAFC","3036099","2021-06-21 17:00","2021","06","21","17:00","23.8","","7.9","","36","","0.0","","13","","10","","","","","M","","","","","NA"
"-113.88","50.18","STAVELY AAFC","3036099","2021-06-21 18:00","2021","06","21","18:00","23.4","","7.9","","37","","0.0","","11","","9","","","","","M","","","","","NA"
"-113.88","50.18","STAVELY AAFC","3036099","2021-06-21 19:00","2021","06","21","19:00","21.6","","9.1","","45","","0.0","","14","","9","","","","","M","","","","","NA"
"-113.88","50.18","STAVELY AAFC","3036099","2021-06-21 20:00","2021","06","21","20:00","21.1","","8.3","","44","","0.0","","15","","8","","","","","M","","","","","NA"
"-113.88","50.18","STAVELY AAFC","3036099","2021-06-21 21:00","2021","06","21","21:00","19.7","","6.8","","43","","0.0","","12","","3","","","","","M","","","","","NA"
"-113.88","50.18","STAVELY AAFC","3036099","2021-06-21 22:00","2021","06","21","22:00","19.0","","7.0","","45","","0.0","","25","","2","","","","","M","","","","","NA"
"-113.88","50.18","STAVELY AAFC","3036099","2021-06-21 23:00","2021","06","21","23:00","16.0","","5.0","","48","","0.0","","28","","14","","","","","M","","","","","NA"
"-113.88","50.18","STAVELY AAFC","3036099","2021-06-22 00:00","2021","06","22","00:00","16.8","","3.9","","42","","0.0","","27","","17","","","","","M","","","","","NA"
"-113.88","50.18","STAVELY AAFC","3036099","2021-06-22 01:00","2021","06","22","01:00","16.7","","3.5","","41","","0.0","","28","","19","","","","","M","","","","","NA"
"-113.88","50.18","STAVELY AAFC","3036099","2021-06-22 02:00","2021","06","22","02:00","16.8","","3.2","","40","","0.0","","29","","21","","","","","M","","","","","NA"
"-113.88","50.18","STAVELY AAFC","3036099","2021-06-22 03:00","2021","06","22","03:00","17.2","","2.9","","38","","0.0","","29","","21","","","","","M","","","","","NA"
"-113.88","50.18","STAVELY AAFC","3036099","2021-06-22 04:00","2021","06","22","04:00","17.1","","2.6","","38","","0.0","","29","","23","","","","","M","","","","","NA"
"-113.88","50.18","STAVELY AAFC","3036099","2021-06-22 05:00","2021","06","22","05:00","16.8","","2.9","","39","","0.0","","28","","19","","","","","M","","","","","NA"
"-113.88","50.18","STAVELY AAFC","3036099","2021-06-22 06:00","2021","06","22","06:00","17.2","","3.5","","40","","0.0","","28","","18","","","","","M","","","","","NA"
"-113.88","50.18","STAVELY AAFC","3036099","2021-06-22 07:00","2021","06","22","07:00","18.9","","4.8","","39","","0.0","","28","","18","","","","","M","","","","","NA"
"-113.88","50.18","STAVELY AAFC","3036099","2021-06-22 08:00","2021","06","22","08:00","21.2","","6.5","","39","","0.0","","28","","12","","","","","M","","","","","NA"
"-113.88","50.18","STAVELY AAFC","3036099","2021-06-22 09:00","2021","06","22","09:00","22.8","","5.4","","32","","0.0","","25","","10","","","","","M","","","","","NA"
"-113.88","50.18","STAVELY AAFC","3036099","2021-06-22 10:00","2021","06","22","10:00","24.0","","6.5","","32","","0.0","","24","","8","","","","","M","","","","","NA"
"-113.88","50.18","STAVELY AAFC","3036099","2021-06-22 11:00","2021","06","22","11:00","25.2","","7.8","","33","","0.0","","31","","12","","","","","M","26","","","","NA"
"-113.88","50.18","STAVELY AAFC","3036099","2021-06-22 12:00","2021","06","22","12:00","26.5","","7.0","","29","","0.0","","29","","19","","","","","M","27","","","","NA"
"-113.88","50.18","STAVELY AAFC","3036099","2021-06-22 13:00","2021","06","22","13:00","26.5","","8.4","","32","","0.0","","29","","14","","","","","M","27","","","","NA"
"-113.88","50.18","STAVELY AAFC","3036099","2021-06-22 14:00","2021","06","22","14:00","27.9","","7.2","","27","","0.0","","27","","19","","","","","M","28","","","","NA"
"-113.88","50.18","STAVELY AAFC","3036099","2021-06-22 15:00","2021","06","22","15:00","28.0","","7.3","","27","","0.0","","25","","17","","","","","M","28","","","","NA"
"-113.88","50.18","STAVELY AAFC","3036099","2021-06-22 16:00","2021","06","22","16:00","28.0","","8.5","","29","","0.0","","29","","15","","","","","M","29","","","","NA"
"-113.88","50.18","STAVELY AAFC","3036099","2021-06-22 17:00","2021","06","22","17:00","27.6","","8.1","","29","","0.0","","29","","16","","","","","M","28","","","","NA"
"-113.88","50.18","STAVELY AAFC","3036099","2021-06-22 18:00","2021","06","22","18:00","26.6","","8.4","","32","","0.0","","29","","12","","","","","M","27","","","","NA"
"-113.88","50.18","STAVELY AAFC","3036099","2021-06-22 19:00","2021","06","22","19:00","24.7","","9.5","","38","","0.0","","29","","11","","","","","M","26","","","","NA"
"-113.88","50.18","STAVELY AAFC","3036099","2021-06-22 20:00","2021","06","22","20:00","22.9","","9.1","","41","","0.0","","30","","12","","","","","M","","","","","NA"
"-113.88","50.18","STAVELY AAFC","3036099","2021-06-22 21:00","2021","06","22","21:00","22.3","","5.6","","34","","0.0","","29","","20","","","","","M","","","","","NA"
"-113.88","50.18","STAVELY AAFC","3036099","2021-06-22 22:00","2021","06","22","22:00","21.8","","4.9","","33","","0.0","","30","","22","","","","","M","","","","","NA"
"-113.88","50.18","STAVELY AAFC","3036099","2021-06-22 23:00","2021","06","22","23:00","21.0","","4.7","","34","","0.0","","30","","17","","","","","M","","","","","NA"
"-113.88","50.18","STAVELY AAFC","3036099","2021-06-23 00:00","2021","06","23","00:00","20.3","","4.7","","36","","0.0","","30","","17","","","","","M","","","","","NA"
"-113.88","50.18","STAVELY AAFC","3036099","2021-06-23 01:00","2021","06","23","01:00","20.8","","4.5","","34","","0.0","","30","","20","","","","","M","","","","","NA"
"-113.88","50.18","STAVELY AAFC","3036099","2021-06-23 02:00","2021","06","23","02:00","20.8","","4.1","","33","","0.0","","30","","23","","","","","M","","","","","NA"
"-113.88","50.18","STAVELY AAFC","3036099","2021-06-23 03:00","2021","06","23","03:00","15.2","","5.3","","52","","0.0","","35","","21","","","","","M","","","","","NA"
"-113.88","50.18","STAVELY AAFC","3036099","2021-06-23 04:00","2021","06","23","04:00","15.0","","5.7","","53","","0.0","","36","","25","","","","","M","","","","","NA"
"-113.88","50.18","STAVELY AAFC","3036099","2021-06-23 05:00","2021","06","23","05:00","13.2","","6.6","","64","","0.0","","35","","28","","","","","M","","","","","NA"
"-113.88","50.18","STAVELY AAFC","3036099","2021-06-23 06:00","2021","06","23","06:00","13.3","","7.9","","70","","0.0","","35","","26","","","","","M","","","","","NA"
"-113.88","50.18","STAVELY AAFC","3036099","2021-06-23 07:00","2021","06","23","07:00","14.6","","8.5","","67","","0.0","","35","","22","","","","","M","","","","","NA"
"-113.88","50.18","STAVELY AAFC","3036099","2021-06-23 08:00","2021","06","23","08:00","16.3","","8.9","","62","","0.0","","36","","16","","","","","M","","","","","NA"
"-113.88","50.18","STAVELY AAFC","3036099","2021-06-23 09:00","2021","06","23","09:00","17.5","","7.7","","53","","0.0","","3","","9","","","","","M","","","","","NA"
"-113.88","50.18","STAVELY AAFC","3036099","2021-06-23 10:00","2021","06","23","10:00","17.9","","7.8","","51","","0.0","","13","","6","","","","","M","","","","","NA"
"-113.88","50.18","STAVELY AAFC","3036099","2021-06-23 11:00","2021","06","23","11:00","18.3","","7.8","","50","","0.0","","15","","11","","","","","M","","","","","NA"
"-113.88","50.18","STAVELY AAFC","3036099","2021-06-23 12:00","2021","06","23","12:00","19.7","","8.3","","48","","0.0","","17","","21","","","","","M","","","","","NA"
"-113.88","50.18","STAVELY AAFC","3036099","2021-06-23 13:00","2021","06","23","13:00","20.3","","9.1","","49","","0.0","","16","","20","","","","","M","","","","","NA"
"-113.88","50.18","STAVELY AAFC","3036099","2021-06-23 14:00","2021","06","23","14:00","20.4","","9.2","","49","","0.0","","15","","23","","","","","M","","","","","NA"
"-113.88","50.18","STAVELY AAFC","3036099","2021-06-23 15:00","2021","06","23","15:00","19.9","","10.2","","54","","0.0","","16","","22","","","","","M","","","","","NA"
"-113.88","50.18","STAVELY AAFC","3036099","2021-06-23 16:00","2021","06","23","16:00","19.1","","11.0","","60","","0.0","","17","","21","","","","","M","","","","","NA"
"-113.88","50.18","STAVELY AAFC","3036099","2021-06-23 17:00","2021","06","23","17:00","17.0","","11.8","","72","","0.0","","12","","7","","","","","M","","","","","NA"
"-113.88","50.18","STAVELY AAFC","3036099","2021-06-23 18:00","2021","06","23","18:00","14.8","","12.4","","85","","0.8","","22","","19","","","","","M","","","","","NA"
"-113.88","50.18","STAVELY AAFC","3036099","2021-06-23 19:00","2021","06","23","19:00","15.2","","11.5","","79","","0.0","","23","","14","","","","","M","","","","","NA"
"-113.88","50.18","STAVELY AAFC","3036099","2021-06-23 20:00","2021","06","23","20:00","14.9","","10.8","","77","","0.5","","27","","25","","","","","M","","","","","NA"
"-113.88","50.18","STAVELY AAFC","3036099","2021-06-23 21:00","2021","06","23","21:00","15.0","","10.6","","75","","0.0","","27","","24","","","","","M","","","","","NA"
"-113.88","50.18","STAVELY AAFC","3036099","2021-06-23 22:00","2021","06","23","22:00","14.1","","11.3","","84","","0.0","","26","","31","","","","","M","","","","","NA"
"-113.88","50.18","STAVELY AAFC","3036099","2021-06-23 23:00","2021","06","23","23:00","13.4","","11.4","","88","","0.5","","28","","25","","","","","M","","","","","NA"
"-113.88","50.18","STAVELY AAFC","3036099","2021-06-24 00:00","2021","06","24","00:00","12.4","","11.8","","96","","1.2","","20","","13","","","","","M","","","","","NA"
"-113.88","50.18","STAVELY AAFC","3036099","2021-06-24 01:00","2021","06","24","01:00","12.5","","11.4","","93","","0.0","","28","","16","","","","","M","","","","","NA"
"-113.88","50.18","STAVELY AAFC","3036099","2021-06-24 02:00","2021","06","24","02:00","12.2","","10.5","","89","","0.0","","32","","20","","","","","M","","","","","NA"
"-113.88","50.18","STAVELY AAFC","3036099","2021-06-24 03:00","2021","06","24","03:00","10.9","","10.6","","98","","0.3","","34","","31","","","","","M","","","","","NA"
"-113.88","50.18","STAVELY AAFC","3036099","2021-06-24 04:00","2021","06","24","04:00","10.6","","10.6","","100","","0.5","","35","","28","","","","","M","","","","","NA"
"-113.88","50.18","STAVELY AAFC","3036099","2021-06-24 05:00","2021","06","24","05:00","10.3","","10.3","","100","","2.2","","3","","15","","","","","M","","","","","NA"
"-113.88","50.18","STAVELY AAFC","3036099","2021-06-24 06:00","2021","06","24","06:00","10.1","","10.1","","100","","0.3","","36","","11","","","","","M","","","","","NA"
"-113.88","50.18","STAVELY AAFC","3036099","2021-06-24 07:00","2021","06","24","07:00","10.2","","10.2","","100","","0.0","","1","","8","","","","","M","","","","","NA"
"-113.88","50.18","STAVELY AAFC","3036099","2021-06-24 08:00","2021","06","24","08:00","10.5","","10.5","","100","","0.0","","1","","8","","","","","M","","","","","NA"
"-113.88","50.18","STAVELY AAFC","3036099","2021-06-24 09:00","2021","06","24","09:00","10.1","","10.1","","100","","1.1","","2","","17","","","","","M","","","","","NA"
"-113.88","50.18","STAVELY AAFC","3036099","2021-06-24 10:00","2021","06","24","10:00","10.1","","10.1","","100","","0.0","","1","","16","","","","","M","","","","","NA"
"-113.88","50.18","STAVELY AAFC","3036099","2021-06-24 11:00","2021","06","24","11:00","10.9","","10.7","","99","","0.2","","1","","14","","","","","M","","","","","NA"
"-113.88","50.18","STAVELY AAFC","3036099","2021-06-24 12:00","2021","06","24","12:00","12.7","","11.0","","89","","0.0","","2","","11","","","","","M","","","","","NA"
"-113.88","50.18","STAVELY AAFC","3036099","2021-06-24 13:00","2021","06","24","13:00","14.5","","12.1","","85","","0.0","","3","","7","","","","","M","","","","","NA"
"-113.88","50.18","STAVELY AAFC","3036099","2021-06-24 14:00","2021","06","24","14:00","15.4","","10.9","","75","","0.0","","6","","8","","","","","M","","","","","NA"
"-113.88","50.18","STAVELY AAFC","3036099","2021-06-24 15:00","2021","06","24","15:00","14.8","","10.2","","74","","0.0","","36","","8","","","","","M","","","","","NA"
"-113.88","50.18","STAVELY AAFC","3036099","2021-06-24 16:00","2021","06","24","16:00","15.6","","9.9","","69","","0.0","","1","","3","","","","","M","","","","","NA"
"-113.88","50.18","STAVELY AAFC","3036099","2021-06-24 17:00","2021","06","24","17:00","14.7","","11.0","","78","","0.0","","11","","10","","","","","M","","","","","NA"
"-113.88","50.18","STAVELY AAFC","3036099","2021-06-24 18:00","2021","06","24","18:00","14.7","","10.5","","76","","0.0","","13","","13","","","","","M","","","","","NA"
"-113.88","50.18","STAVELY AAFC","3036099","2021-06-24 19:00","2021","06","24","19:00","14.5","","11.4","","82","","0.0","","19","","9","","","","","M","","","","","NA"
"-113.88","50.18","STAVELY AAFC","3036099","2021-06-24 20:00","2021","06","24","20:00","13.8","","11.0","","83","","0.0","","17","","9","","","","","M","","","","","NA"
"-113.88","50.18","STAVELY AAFC","3036099","2021-06-24 21:00","2021","06","24","21:00","12.0","","10.4","","90","","0.0","","21","","9","","","","","M","","","","","NA"
"-113.88","50.18","STAVELY AAFC","3036099","2021-06-24 22:00","2021","06","24","22:00","11.9","","10.7","","92","","0.0","","25","","8","","","","","M","","","","","NA"
"-113.88","50.18","STAVELY AAFC","3036099","2021-06-24 23:00","2021","06","24","23:00","11.1","","9.7","","91","","0.0","","26","","4","","","","","M","","","","","NA"
"-113.88","50.18","STAVELY AAFC","3036099","2021-06-25 00:00","2021","06","25","00:00","10.7","","9.4","","92","","0.0","","26","","8","","","","","M","","","","","NA"
"-113.88","50.18","STAVELY AAFC","3036099","2021-06-25 01:00","2021","06","25","01:00","10.8","","9.5","","92","","0.0","","26","","9","","","","","M","","","","","NA"
"-113.88","50.18","STAVELY AAFC","3036099","2021-06-25 02:00","2021","06","25","02:00","10.5","","8.9","","90","","0.0","","11","","3","","","","","M","","","","","NA"
"-113.88","50.18","STAVELY AAFC","3036099","2021-06-25 03:00","2021","06","25","03:00","11.4","","9.3","","87","","0.0","","23","","2","","","","","M","","","","","NA"
"-113.88","50.18","STAVELY AAFC","3036099","2021-06-25 04:00","2021","06","25","04:00","11.5","","8.4","","81","","0.0","","26","","3","","","","","M","","","","","NA"
"-113.88","50.18","STAVELY AAFC","3036099","2021-06-25 05:00","2021","06","25","05:00","11.7","","7.9","","77","","0.0","","0","","1","","","","","M","","","","","NA"
"-113.88","50.18","STAVELY AAFC","3036099","2021-06-25 06:00","2021","06","25","06:00","15.0","","9.4","","69","","0.0","","34","","10","","","","","M","","","","","NA"
"-113.88","50.18","STAVELY AAFC","3036099","2021-06-25 07:00","2021","06","25","07:00","14.1","","8.6","","69","","0.0","","33","","20","","","","","M","","","","","NA"
"-113.88","50.18","STAVELY AAFC","3036099","2021-06-25 08:00","2021","06","25","08:00","16.7","","9.7","","63","","0.0","","35","","26","","","","","M","","","","","NA"
"-113.88","50.18","STAVELY AAFC","3036099","2021-06-25 09:00","2021","06","25","09:00","17.5","","10.4","","63","","0.0","","35","","25","","","","","M","","","","","NA"
"-113.88","50.18","STAVELY AAFC","3036099","2021-06-25 10:00","2021","06","25","10:00","19.0","","10.6","","58","","0.0","","35","","20","","","","","M","","","","","NA"
"-113.88","50.18","STAVELY AAFC","3036099","2021-06-25 11:00","2021","06","25","11:00","20.2","","11.0","","56","","0.0","","1","","15","","","","","M","","","","","NA"
"-113.88","50.18","STAVELY AAFC","3036099","2021-06-25 12:00","2021","06","25","12:00","21.0","","9.7","","48","","0.0","","34","","16","","","","","M","","","","","NA"
"-113.88","50.18","STAVELY AAFC","3036099","2021-06-25 13:00","2021","06","25","13:00","21.0","","9.8","","49","","0.0","","34","","17","","","","","M","","","","","NA"
"-113.88","50.18","STAVELY AAFC","3036099","2021-06-25 14:00","2021","06","25","14:00","21.6","","9.1","","45","","0.0","","33","","11","","","","","M","","","","","NA"
"-113.88","50.18","STAVELY AAFC","3036099","2021-06-25 15:00","2021","06","25","15:00","23.3","","10.0","","43","","0.0","","34","","11","","","","","M","25","","","","NA"
"-113.88","50.18","STAVELY AAFC","3036099","2021-06-25 16:00","2021","06","25","16:00","23.7","","10.8","","44","","0.0","","36","","14","","","","","M","25","","","","NA"
"-113.88","50.18","STAVELY AAFC","3036099","2021-06-25 17:00","2021","06","25","17:00","23.8","","11.2","","45","","0.0","","36","","14","","","","","M","26","","","","NA"
"-113.88","50.18","STAVELY AAFC","3036099","2021-06-25 18:00","2021","06","25","18:00","23.4","","10.8","","45","","0.0","","3","","14","","","","","M","25","","","","NA"
"-113.88","50.18","STAVELY AAFC","3036099","2021-06-25 19:00","2021","06","25","19:00","22.1","","11.5","","51","","0.0","","3","","9","","","","","M","","","","","NA"
"-113.88","50.18","STAVELY AAFC","3036099","2021-06-25 20:00","2021","06","25","20:00","19.8","","11.2","","57","","0.0","","3","","10","","","","","M","","","","","NA"
"-113.88","50.18","STAVELY AAFC","3036099","2021-06-25 21:00","2021","06","25","21:00","18.5","","10.9","","61","","0.0","","5","","9","","","","","M","","","","","NA"
"-113.88","50.18","STAVELY AAFC","3036099","2021-06-25 22:00","2021","06","25","22:00","18.4","","10.8","","61","","0.0","","19","","3","","","","","M","","","","","NA"
"-113.88","50.18","STAVELY AAFC","3036099","2021-06-25 23:00","2021","06","25","23:00","17.8","","10.8","","64","","0.0","","32","","3","","","","","M","","","","","NA"
"-113.88","50.18","STAVELY AAFC","3036099","2021-06-26 00:00","2021","06","26","00:00","17.6","","10.8","","64","","0.0","","31","","7","","","","","M","","","","","NA"
"-113.88","50.18","STAVELY AAFC","3036099","2021-06-26 01:00","2021","06","26","01:00","18.1","","10.9","","63","","0.0","","33","","8","","","","","M","","","","","NA"
"-113.88","50.18","STAVELY AAFC","3036099","2021-06-26 02:00","2021","06","26","02:00","17.4","","10.7","","65","","0.0","","34","","10","","","","","M","","","","","NA"
"-113.88","50.18","STAVELY AAFC","3036099","2021-06-26 03:00","2021","06","26","03:00","16.6","","10.9","","69","","0.0","","34","","11","","","","","M","","","","","NA"
"-113.88","50.18","STAVELY AAFC","3036099","2021-06-26 04:00","2021","06","26","04:00","16.7","","10.8","","68","","0.0","","32","","11","","","","","M","","","","","NA"
"-113.88","50.18","STAVELY AAFC","3036099","2021-06-26 05:00","2021","06","26","05:00","17.2","","10.7","","66","","0.0","","33","","10","","","","","M","","","","","NA"
"-113.88","50.18","STAVELY AAFC","3036099","2021-06-26 06:00","2021","06","26","06:00","17.8","","11.1","","65","","0.0","","34","","12","","","","","M","","","","","NA"
"-113.88","50.18","STAVELY AAFC","3036099","2021-06-26 07:00","2021","06","26","07:00","19.6","","11.8","","61","","0.0","","34","","16","","","","","M","","","","","NA"
"-113.88","50.18","STAVELY AAFC","3036099","2021-06-26 08:00","2021","06","26","08:00","21.0","","11.9","","56","","0.0","","33","","18","","","","","M","","","","","NA"
"-113.88","50.18","STAVELY AAFC","3036099","2021-06-26 09:00","2021","06","26","09:00","22.2","","12.0","","52","","0.0","","33","","19","","","","","M","","","","","NA"
"-113.88","50.18","STAVELY AAFC","3036099","2021-06-26 10:00","2021","06","26","10:00","23.7","","11.3","","46","","0.0","","33","","19","","","","","M","26","","","","NA"
"-113.88","50.18","STAVELY AAFC","3036099","2021-06-26 11:00","2021","06","26","11:00","24.6","","11.4","","44","","0.0","","33","","17","","","","","M","27","","","","NA"
"-113.88","50.18","STAVELY AAFC","3036099","2021-06-26 12:00","2021","06","26","12:00","25.2","","11.1","","41","","0.0","","35","","16","","","","","M","27","","","","NA"
"-113.88","50.18","STAVELY AAFC","3036099","2021-06-26 13:00","2021","06","26","13:00","26.2","","10.8","","38","","0.0","","34","","16","","","","","M","28","","","","NA"
"-113.88","50.18","STAVELY AAFC","3036099","2021-06-26 14:00","2021","06","26","14:00","26.8","","10.7","","37","","0.0","","2","","12","","","","","M","28","","","","NA"
"-113.88","50.18","STAVELY AAFC","3036099","2021-06-26 15:00","2021","06","26","15:00","27.2","","11.1","","37","","0.0","","36","","16","","","","","M","29","","","","NA"
"-113.88","50.18","STAVELY AAFC","3036099","2021-06-26 16:00","2021","06","26","16:00","27.7","","10.4","","34","","0.0","","36","","10","","","","","M","29","","","","NA"
"-113.88","50.18","STAVELY AAFC","3036099","2021-06-26 17:00","2021","06","26","17:00","27.8","","11.2","","36","","0.0","","4","","9","","","","","M","30","","","","NA"
"-113.88","50.18","STAVELY AAFC","3036099","2021-06-26 18:00","2021","06","26","18:00","27.6","","10.8","","35","","0.0","","6","","7","","","","","M","29","","","","NA"
"-113.88","50.18","STAVELY AAFC","3036099","2021-06-26 19:00","2021","06","26","19:00","26.5","","13.6","","45","","0.0","","9","","8","","","","","M","30","","","","NA"
"-113.88","50.18","STAVELY AAFC","3036099","2021-06-26 20:00","2021","06","26","20:00","23.2","","12.4","","51","","0.0","","10","","7","","","","","M","26","","","","NA"
"-113.88","50.18","STAVELY AAFC","3036099","2021-06-26 21:00","2021","06","26","21:00","21.4","","10.5","","50","","0.0","","9","","8","","","","","M","","","","","NA"
"-113.88","50.18","STAVELY AAFC","3036099","2021-06-26 22:00","2021","06","26","22:00","20.6","","11.4","","56","","0.0","","8","","10","","","","","M","","","","","NA"
"-113.88","50.18","STAVELY AAFC","3036099","2021-06-26 23:00","2021","06","26","23:00","19.8","","11.2","","58","","0.0","","21","","2","","","","","M","","","","","NA"
"-113.88","50.18","STAVELY AAFC","3036099","2021-06-27 00:00","2021","06","27","00:00","21.1","","11.0","","53","","0.0","","","","0","","","","","M","","","","","NA"
"-113.88","50.18","STAVELY AAFC","3036099","2021-06-27 01:00","2021","06","27","01:00","21.1","","10.7","","51","","0.0","","28","","1","","","","","M","","","","","NA"
"-113.88","50.18","STAVELY AAFC","3036099","2021-06-27 02:00","2021","06","27","02:00","20.8","","10.7","","52","","0.0","","28","","1","","","","","M","","","","","NA"
"-113.88","50.18","STAVELY AAFC","3036099","2021-06-27 03:00","2021","06","27","03:00","21.3","","11.3","","53","","0.0","","29","","2","","","","","M","","","","","NA"
"-113.88","50.18","STAVELY AAFC","3036099","2021-06-27 04:00","2021","06","27","04:00","20.1","","11.4","","57","","0.0","","29","","1","","","","","M","","","","","NA"
"-113.88","50.18","STAVELY AAFC","3036099","2021-06-27 05:00","2021","06","27","05:00","17.2","","12.0","","71","","0.0","","34","","16","","","","","M","","","","","NA"
"-113.88","50.18","STAVELY AAFC","3036099","2021-06-27 06:00","2021","06","27","06:00","17.9","","13.2","","74","","0.0","","34","","15","","","","","M","","","","","NA"
"-113.88","50.18","STAVELY AAFC","3036099","2021-06-27 07:00","2021","06","27","07:00","19.6","","14.8","","74","","0.0","","33","","7","","","","","M","","","","","NA"
"-113.88","50.18","STAVELY AAFC","3036099","2021-06-27 08:00","2021","06","27","08:00","21.7","","14.9","","65","","0.0","","24","","3","","","","","M","26","","","","NA"
"-113.88","50.18","STAVELY AAFC","3036099","2021-06-27 09:00","2021","06","27","09:00","23.4","","12.7","","51","","0.0","","1","","5","","","","","M","26","","","","NA"
"-113.88","50.18","STAVELY AAFC","3036099","2021-06-27 10:00","2021","06","27","10:00","24.9","","13.8","","50","","0.0","","5","","5","","","","","M","28","","","","NA"
"-113.88","50.18","STAVELY AAFC","3036099","2021-06-27 11:00","2021","06","27","11:00","25.7","","14.3","","50","","0.0","","4","","6","","","","","M","29","","","","NA"
"-113.88","50.18","STAVELY AAFC","3036099","2021-06-27 12:00","2021","06","27","12:00","26.4","","13.5","","45","","0.0","","5","","9","","","","","M","29","","","","NA"
"-113.88","50.18","STAVELY AAFC","3036099","2021-06-27 13:00","2021","06","27","13:00","26.7","","13.5","","44","","0.0","","12","","7","","","","","M","30","","","","NA"
"-113.88","50.18","STAVELY AAFC","3036099","2021-06-27 14:00","2021","06","27","14:00","27.6","","12.7","","40","","0.0","","10","","5","","","","","M","30","","","","NA"
"-113.88","50.18","STAVELY AAFC","3036099","2021-06-27 15:00","2021","06","27","15:00","27.8","","12.7","","39","","0.0","","6","","9","","","","","M","30","","","","NA"
"-113.88","50.18","STAVELY AAFC","3036099","2021-06-27 16:00","2021","06","27","16:00","28.1","","12.9","","39","","0.0","","9","","10","","","","","M","31","","","","NA"
"-113.88","50.18","STAVELY AAFC","3036099","2021-06-27 17:00","2021","06","27","17:00","27.3","","12.5","","40","","0.0","","11","","8","","","","","M","30","","","","NA"
"-113.88","50.18","STAVELY AAFC","3036099","2021-06-27 18:00","2021","06","27","18:00","27.1","","11.7","","38","","0.0","","9","","11","","","","","M","29","","","","NA"
"-113.88","50.18","STAVELY AAFC","3036099","2021-06-27 19:00","2021","06","27","19:00","25.8","","13.1","","45","","0.0","","10","","9","","","","","M","29","","","","NA"
"-113.88","50.18","STAVELY AAFC","3036099","2021-06-27 20:00","2021","06","27","20:00","23.0","","12.8","","53","","0.0","","12","","11","","","","","M","26","","","","NA"
"-113.88","50.18","STAVELY AAFC","3036099","2021-06-27 21:00","2021","06","27","21:00","22.2","","11.3","","50","","0.0","","15","","16","","","","","M","","","","","NA"
"-113.88","50.18","STAVELY AAFC","3036099","2021-06-27 22:00","2021","06","27","22:00","20.2","","12.1","","59","","0.0","","16","","12","","","","","M","","","","","NA"
"-113.88","50.18","STAVELY AAFC","3036099","2021-06-27 23:00","2021","06","27","23:00","19.5","","12.0","","62","","0.0","","17","","7","","","","","M","","","","","NA"
"-113.88","50.18","STAVELY AAFC","3036099","2021-06-28 00:00","2021","06","28","00:00","19.3","","12.1","","63","","0.0","","16","","8","","","","","M","","","","","NA"
"-113.88","50.18","STAVELY AAFC","3036099","2021-06-28 01:00","2021","06","28","01:00","19.2","","12.1","","64","","0.0","","17","","7","","","","","M","","","","","NA"
"-113.88","50.18","STAVELY AAFC","3036099","2021-06-28 02:00","2021","06","28","02:00","18.6","","12.3","","66","","0.0","","18","","9","","","","","M","","","","","NA"
"-113.88","50.18","STAVELY AAFC","3036099","2021-06-28 03:00","2021","06","28","03:00","18.7","","12.3","","66","","0.0","","18","","8","","","","","M","","","","","NA"
"-113.88","50.18","STAVELY AAFC","3036099","2021-06-28 04:00","2021","06","28","04:00","18.1","","12.4","","69","","0.0","","18","","9","","","","","M","","","","","NA"
"-113.88","50.18","STAVELY AAFC","3036099","2021-06-28 05:00","2021","06","28","05:00","18.8","","12.4","","66","","0.0","","17","","6","","","","","M","","","","","NA"
"-113.88","50.18","STAVELY AAFC","3036099","2021-06-28 06:00","2021","06","28","06:00","20.5","","13.2","","63","","0.0","","14","","4","","","","","M","","","","","NA"
"-113.88","50.18","STAVELY AAFC","3036099","2021-06-28 07:00","2021","06","28","07:00","22.1","","14.6","","62","","0.0","","17","","7","","","","","M","26","","","","NA"
"-113.88","50.18","STAVELY AAFC","3036099","2021-06-28 08:00","2021","06","28","08:00","23.5","","14.8","","58","","0.0","","16","","11","","","","","M","27","","","","NA"
"-113.88","50.18","STAVELY AAFC","3036099","2021-06-28 09:00","2021","06","28","09:00","25.0","","16.3","","58","","0.0","","12","","17","","","","","M","30","","","","NA"
"-113.88","50.18","STAVELY AAFC","3036099","2021-06-28 10:00","2021","06","28","10:00","26.6","","16.8","","55","","0.0","","13","","21","","","","","M","32","","","","NA"
"-113.88","50.18","STAVELY AAFC","3036099","2021-06-28 11:00","2021","06","28","11:00","28.1","","15.6","","47","","0.0","","15","","19","","","","","M","32","","","","NA"
"-113.88","50.18","STAVELY AAFC","3036099","2021-06-28 12:00","2021","06","28","12:00","29.0","","15.4","","44","","0.0","","15","","18","","","","","M","33","","","","NA"
"-113.88","50.18","STAVELY AAFC","3036099","2021-06-28 13:00","2021","06","28","13:00","30.1","","14.8","","39","","0.0","","15","","18","","","","","M","34","","","","NA"
"-113.88","50.18","STAVELY AAFC","3036099","2021-06-28 14:00","2021","06","28","14:00","31.3","","14.7","","37","","0.0","","14","","18","","","","","M","35","","","","NA"
"-113.88","50.18","STAVELY AAFC","3036099","2021-06-28 15:00","2021","06","28","15:00","31.3","","14.6","","36","","0.0","","13","","20","","","","","M","35","","","","NA"
"-113.88","50.18","STAVELY AAFC","3036099","2021-06-28 16:00","2021","06","28","16:00","31.5","","14.7","","36","","0.0","","12","","20","","","","","M","35","","","","NA"
"-113.88","50.18","STAVELY AAFC","3036099","2021-06-28 17:00","2021","06","28","17:00","31.1","","13.8","","35","","0.0","","11","","17","","","","","M","34","","","","NA"
"-113.88","50.18","STAVELY AAFC","3036099","2021-06-28 18:00","2021","06","28","18:00","30.1","","14.3","","38","","0.0","","11","","17","","","","","M","34","","","","NA"
"-113.88","50.18","STAVELY AAFC","3036099","2021-06-28 19:00","2021","06","28","19:00","28.8","","14.5","","42","","0.0","","10","","11","","","","","M","32","","","","NA"
"-113.88","50.18","STAVELY AAFC","3036099","2021-06-28 20:00","2021","06","28","20:00","26.2","","14.5","","49","","0.0","","10","","10","","","","","M","30","","","","NA"
"-113.88","50.18","STAVELY AAFC","3036099","2021-06-28 21:00","2021","06","28","21:00","24.2","","12.2","","47","","0.0","","11","","11","","","","","M","27","","","","NA"
"-113.88","50.18","STAVELY AAFC","3036099","2021-06-28 22:00","2021","06","28","22:00","23.0","","11.3","","48","","0.0","","10","","10","","","","","M","25","","","","NA"
"-113.88","50.18","STAVELY AAFC","3036099","2021-06-28 23:00","2021","06","28","23:00","24.6","","10.7","","42","","0.0","","0","","1","","","","","M","26","","","","NA"
"-113.88","50.18","STAVELY AAFC","3036099","2021-06-29 00:00","2021","06","29","00:00","24.4","","11.0","","43","","0.0","","24","","2","","","","","M","26","","","","NA"
"-113.88","50.18","STAVELY AAFC","3036099","2021-06-29 01:00","2021","06","29","01:00","25.4","","7.8","","33","","0.0","","","","0","","","","","M","26","","","","NA"
"-113.88","50.18","STAVELY AAFC","3036099","2021-06-29 02:00","2021","06","29","02:00","25.7","","7.1","","31","","0.0","","7","","5","","","","","M","26","","","","NA"
"-113.88","50.18","STAVELY AAFC","3036099","2021-06-29 03:00","2021","06","29","03:00","24.4","","6.8","","32","","0.3","","8","","7","","","","","M","","","","","NA"
"-113.88","50.18","STAVELY AAFC","3036099","2021-06-29 04:00","2021","06","29","04:00","23.3","","6.6","","34","","0.0","","20","","1","","","","","M","","","","","NA"
"-113.88","50.18","STAVELY AAFC","3036099","2021-06-29 05:00","2021","06","29","05:00","23.8","","6.6","","33","","0.0","","0","","1","","","","","M","","","","","NA"
"-113.88","50.18","STAVELY AAFC","3036099","2021-06-29 06:00","2021","06","29","06:00","24.7","","9.8","","39","","0.0","","0","","1","","","","","M","26","","","","NA"
"-113.88","50.18","STAVELY AAFC","3036099","2021-06-29 07:00","2021","06","29","07:00","26.9","","11.3","","38","","0.3","","","","0","","","","","M","29","","","","NA"
"-113.88","50.18","STAVELY AAFC","3036099","2021-06-29 08:00","2021","06","29","08:00","26.4","","13.1","","44","","0.0","","18","","3","","","","","M","29","","","","NA"
"-113.88","50.18","STAVELY AAFC","3036099","2021-06-29 09:00","2021","06","29","09:00","27.5","","15.7","","49","","0.0","","17","","5","","","","","M","32","","","","NA"
"-113.88","50.18","STAVELY AAFC","3036099","2021-06-29 10:00","2021","06","29","10:00","28.3","","14.8","","44","","0.0","","12","","16","","","","","M","32","","","","NA"
"-113.88","50.18","STAVELY AAFC","3036099","2021-06-29 11:00","2021","06","29","11:00","29.4","","14.1","","39","","0.0","","14","","20","","","","","M","33","","","","NA"
"-113.88","50.18","STAVELY AAFC","3036099","2021-06-29 12:00","2021","06","29","12:00","30.5","","13.4","","35","","0.0","","17","","19","","","","","M","34","","","","NA"
"-113.88","50.18","STAVELY AAFC","3036099","2021-06-29 13:00","2021","06","29","13:00","31.3","","14.9","","37","","0.0","","15","","16","","","","","M","35","","","","NA"
"-113.88","50.18","STAVELY AAFC","3036099","2021-06-29 14:00","2021","06","29","14:00","32.0","","12.4","","30","","0.0","","13","","24","","","","","M","34","","","","NA"
"-113.88","50.18","STAVELY AAFC","3036099","2021-06-29 15:00","2021","06","29","15:00","32.1","","11.1","","28","","0.0","","13","","22","","","","","M","34","","","","NA"
"-113.88","50.18","STAVELY AAFC","3036099","2021-06-29 16:00","2021","06","29","16:00","31.9","","10.7","","27","","0.0","","13","","22","","","","","M","34","","","","NA"
"-113.88","50.18","STAVELY AAFC","3036099","2021-06-29 17:00","2021","06","29","17:00","31.2","","9.4","","26","","0.0","","13","","26","","","","","M","32","","","","NA"
"-113.88","50.18","STAVELY AAFC","3036099","2021-06-29 18:00","2021","06","29","18:00","30.3","","9.4","","27","","0.0","","14","","18","","","","","M","31","","","","NA"
"-113.88","50.18","STAVELY AAFC","3036099","2021-06-29 19:00","2021","06","29","19:00","28.5","","11.6","","35","","0.0","","13","","20","","","","","M","31","","","","NA"
"-113.88","50.18","STAVELY AAFC","3036099","2021-06-29 20:00","2021","06","29","20:00","26.2","","10.2","","37","","0.0","","13","","22","","","","","M","28","","","","NA"
"-113.88","50.18","STAVELY AAFC","3036099","2021-06-29 21:00","2021","06","29","21:00","25.1","","10.7","","40","","0.0","","15","","23","","","","","M","27","","","","NA"
"-113.88","50.18","STAVELY AAFC","3036099","2021-06-29 22:00","2021","06","29","22:00","23.5","","10.6","","44","","0.0","","16","","15","","","","","M","25","","","","NA"
"-113.88","50.18","STAVELY AAFC","3036099","2021-06-29 23:00","2021","06","29","23:00","21.8","","9.4","","45","","0.0","","17","","11","","","","","M","","","","","NA"
"-113.88","50.18","STAVELY AAFC","3036099","2021-06-30 00:00","2021","06","30","00:00","22.0","","7.7","","40","","0.0","","16","","15","","","","","M","","","","","NA"
"-113.88","50.18","STAVELY AAFC","3036099","2021-06-30 01:00","2021","06","30","01:00","22.0","","6.8","","37","","0.0","","17","","9","","","","","M","","","","","NA"
"-113.88","50.18","STAVELY AAFC","3036099","2021-06-30 02:00","2021","06","30","02:00","23.4","","6.5","","34","","0.0","","21","","4","","","","","M","","","","","NA"
"-113.88","50.18","STAVELY AAFC","3036099","2021-06-30 03:00","2021","06","30","03:00","23.2","","6.3","","34","","0.0","","21","","5","","","","","M","","","","","NA"
"-113.88","50.18","STAVELY AAFC","3036099","2021-06-30 04:00","2021","06","30","04:00","22.1","","5.9","","35","","0.0","","17","","5","","","","","M","","","","","NA"
"-113.88","50.18","STAVELY AAFC","3036099","2021-06-30 05:00","2021","06","30","05:00","22.2","","5.1","","33","","0.4","","21","","7","","","","","M","","","","","NA"
"-113.88","50.18","STAVELY AAFC","3036099","2021-06-30 06:00","2021","06","30","06:00","23.5","","5.2","","31","","0.3","","22","","4","","","","","M","","","","","NA"
"-113.88","50.18","STAVELY AAFC","3036099","2021-06-30 07:00","2021","06","30","07:00","24.7","","8.3","","35","","0.0","","22","","5","","","","","M","25","","","","NA"
"-113.88","50.18","STAVELY AAFC","3036099","2021-06-30 08:00","2021","06","30","08:00","26.6","","8.9","","33","","0.3","","19","","5","","","","","M","27","","","","NA"
"-113.88","50.18","STAVELY AAFC","3036099","2021-06-30 09:00","2021","06","30","09:00","28.1","","9.6","","32","","0.0","","16","","9","","","","","M","29","","","","NA"
"-113.88","50.18","STAVELY AAFC","3036099","2021-06-30 10:00","2021","06","30","10:00","29.5","","9.1","","28","","0.0","","15","","13","","","","","M","30","","","","NA"
"-113.88","50.18","STAVELY AAFC","3036099","2021-06-30 11:00","2021","06","30","11:00","30.0","","7.6","","25","","0.0","","16","","23","","","","","M","30","","","","NA"
"-113.88","50.18","STAVELY AAFC","3036099","2021-06-30 12:00","2021","06","30","12:00","30.5","","8.3","","25","","0.0","","15","","23","","","","","M","31","","","","NA"
"-113.88","50.18","STAVELY AAFC","3036099","2021-06-30 13:00","2021","06","30","13:00","30.8","","8.2","","24","","0.0","","15","","23","","","","","M","31","","","","NA"
"-113.88","50.18","STAVELY AAFC","3036099","2021-06-30 14:00","2021","06","30","14:00","31.1","","9.6","","27","","0.0","","14","","20","","","","","M","32","","","","NA"
"-113.88","50.18","STAVELY AAFC","3036099","2021-06-30 15:00","2021","06","30","15:00","31.0","","7.1","","22","","0.0","","14","","21","","","","","M","31","","","","NA"
"-113.88","50.18","STAVELY AAFC","3036099","2021-06-30 16:00","2021","06","30","16:00","31.1","","9.0","","25","","0.0","","14","","22","","","","","M","32","","","","NA"
"-113.88","50.18","STAVELY AAFC","3036099","2021-06-30 17:00","2021","06","30","17:00","30.7","","9.0","","26","","0.0","","14","","20","","","","","M","32","","","","NA"
"-113.88","50.18","STAVELY AAFC","3036099","2021-06-30 18:00","2021","06","30","18:00","29.8","","7.5","","25","","0.0","","14","","21","","","","","M","30","","","","NA"
"-113.88","50.18","STAVELY AAFC","3036099","2021-06-30 19:00","2021","06","30","19:00","28.3","","9.2","","30","","0.0","","13","","20","","","","","M","29","","","","NA"
"-113.88","50.18","STAVELY AAFC","3036099","2021-06-30 20:00","2021","06","30","20:00","26.1","","7.9","","32","","0.0","","13","","19","","","","","M","26","","","","NA"
"-113.88","50.18","STAVELY AAFC","3036099","2021-06-30 21:00","2021","06","30","21:00","25.3","","6.9","","31","","0.0","","14","","22","","","","","M","25","","","","NA"
"-113.88","50.18","STAVELY AAFC","3036099","2021-06-30 22:00","2021","06","30","22:00","21.7","","7.5","","40","","0.0","","17","","11","","","","","M","","","","","NA"
"-113.88","50.18","STAVELY AAFC","3036099","2021-06-30 23:00","2021","06","30","23:00","22.7","","7.0","","36","","0.0","","16","","13","","","","","M","","","","","NA"
