"Longitude (x)","Latitude (y)","Station Name","Climate ID","Date/Time (LST)","Year","Month","Day","Time (LST)","Temp (°C)","Temp Flag","Dew Point Temp (°C)","Dew Point Temp Flag","Rel Hum (%)","Rel Hum Flag","Precip. Amount (mm)","Precip. Amount Flag","Wind Dir (10s deg)","Wind Dir Flag","Wind Spd (km/h)","Wind Spd Flag","Visibility (km)","Visibility Flag","Stn Press (kPa)","Stn Press Flag","Hmdx","Hmdx Flag","Wind Chill","Wind Chill Flag","Weather"
"-64.77","46.43","BOUCTOUCHE CDA CS","8100593","2020-12-01 00:00","2020","12","01","00:00","8.0","","5.7","","85","","0.0","","13","","18","","","","101.56","","","","","","NA"
"-64.77","46.43","BOUCTOUCHE CDA CS","8100593","2020-12-01 01:00","2020","12","01","01:00","8.3","","5.8","","84","","0.0","","11","","19","","","","101.38","","","","","","NA"
"-64.77","46.43","BOUCTOUCHE CDA CS","8100593","2020-12-01 02:00","2020","12","01","02:00","9.2","","7.7","","91","","0.3","","13","","24","","","","101.26","","","","","","NA"
"-64.77","46.43","BOUCTOUCHE CDA CS","8100593","2020-12-01 03:00","2020","12","01","03:00","10.0","","8.8","","92","","0.6","","13","","29","","","","101.10","","","","","","NA"
"-64.77","46.43","BOUCTOUCHE CDA CS","8100593","2020-12-01 04:00","2020","12","01","04:00","10.7","","9.4","","91","","0.2","","14","","30","","","","100.99","","","","","","NA"
"-64.77","46.43","BOUCTOUCHE CDA CS","8100593","2020-12-01 05:00","2020","12","01","05:00","12.9","","11.0","","89","","0.0","","15","","33","","","","100.91","","","","","","NA"
"-64.77","46.43","BOUCTOUCHE CDA CS","8100593","2020-12-01 06:00","2020","12","01","06:00","13.4","","11.6","","89","","0.2","","15","","27","","","","100.91","","","","","","NA"
"-64.77","46.43","BOUCTOUCHE CDA CS","8100593","2020-12-01 07:00","2020","12","01","07:00","13.3","","11.3","","88","","0.3","","16","","31","","","","100.91","","","","","","NA"
"-64.77","46.43","BOUCTOUCHE CDA CS","8100593","2020-12-01 08:00","2020","12","01","08:00","14.1","","11.7","","86","","0.2","","16","","31","","","","100.92","","","","","","NA"
"-64.77","46.43","BOUCTOUCHE CDA CS","8100593","2020-12-01 09:00","2020","12","01","09:00","14.5","","12.0","","85","","0.0","","16","","26","","","","100.93","","","","","","NA"
"-64.77","46.43","BOUCTOUCHE CDA CS","8100593","2020-12-01 10:00","2020","12","01","10:00","14.8","","12.5","","86","","0.0","","15","","29","","","","100.90","","","","","","NA"
"-64.77","46.43","BOUCTOUCHE CDA CS","8100593","2020-12-01 11:00","2020","12","01","11:00","15.1","","12.8","","86","","0.0","","16","","31","","","","100.93","","","","","","NA"
"-64.77","46.43","BOUCTOUCHE CDA CS","8100593","2020-12-01 12:00","2020","12","01","12:00","15.6","","12.8","","83","","0.0","","17","","25","","","","100.82","","","","","","NA"
"-64.77","46.43","BOUCTOUCHE CDA CS","8100593","2020-12-01 13:00","2020","12","01","13:00","16.2","","12.7","","80","","0.0","","17","","26","","","","100.77","","","","","","NA"
"-64.77","46.43","BOUCTOUCHE CDA CS","8100593","2020-12-01 14:00","2020","12","01","14:00","14.8","","13.2","","90","","0.6","","16","","27","","","","100.85","","","","","","NA"
"-64.77","46.43","BOUCTOUCHE CDA CS","8100593","2020-12-01 15:00","2020","12","01","15:00","14.6","","13.3","","92","","2.6","","15","","25","","","","100.77","","","","","","NA"
"-64.77","46.43","BOUCTOUCHE CDA CS","8100593","2020-12-01 16:00","2020","12","01","16:00","14.9","","13.5","","91","","1.4","","15","","24","","","","100.76","","","","","","NA"
"-64.77","46.43","BOUCTOUCHE CDA CS","8100593","2020-12-01 17:00","2020","12","01","17:00","14.9","","13.5","","91","","0.5","","15","","22","","","","100.71","","","","","","NA"
"-64.77","46.43","BOUCTOUCHE CDA CS","8100593","2020-12-01 18:00","2020","12","01","18:00","15.0","","13.6","","91","","0.3","","15","","24","","","","100.68","","","","","","NA"
"-64.77","46.43","BOUCTOUCHE CDA CS","8100593","2020-12-01 19:00","2020","12","01","19:00","15.0","","13.7","","92","","0.9","","15","","25","","","","100.66","","","","","","NA"
"-64.77","46.43","BOUCTOUCHE CDA CS","8100593","2020-12-01 20:00","2020","12","01","20:00","14.8","","13.6","","92","","2.4","","14","","26","","","","100.59","","","","","","NA"
"-64.77","46.43","BOUCTOUCHE CDA CS","8100593","2020-12-01 21:00","2020","12","01","21:00","14.8","","13.7","","93","","0.9","","15","","23","","","","100.62","","","","","","NA"
"-64.77","46.43","BOUCTOUCHE CDA CS","8100593","2020-12-01 22:00","2020","12","01","22:00","14.9","","13.6","","92","","1.1","","15","","22","","","","100.59","","","","","","NA"
"-64.77","46.43","BOUCTOUCHE CDA CS","8100593","2020-12-01 23:00","2020","12","01","23:00","14.6","","13.6","","94","","4.6","","14","","18","","","","100.53","","","","","","NA"
"-64.77","46.43","BOUCTOUCHE CDA CS","8100593","2020-12-02 00:00","2020","12","02","00:00","14.6","","13.6","","94","","5.9","","13","","23","","","","100.45","","","","","","NA"
"-64.77","46.43","BOUCTOUCHE CDA CS","8100593","2020-12-02 01:00","2020","12","02","01:00","14.9","","13.8","","93","","2.0","","14","","21","","","","100.46","","","","","","NA"
"-64.77","46.43","BOUCTOUCHE CDA CS","8100593","2020-12-02 02:00","2020","12","02","02:00","14.1","","12.9","","92","","8.7","","17","","14","","","","100.54","","","","","","NA"
"-64.77","46.43","BOUCTOUCHE CDA CS","8100593","2020-12-02 03:00","2020","12","02","03:00","14.1","","13.3","","95","","1.9","","15","","13","","","","100.54","","","","","","NA"
"-64.77","46.43","BOUCTOUCHE CDA CS","8100593","2020-12-02 04:00","2020","12","02","04:00","13.8","","13.0","","95","","1.3","","14","","13","","","","100.51","","","","","","NA"
"-64.77","46.43","BOUCTOUCHE CDA CS","8100593","2020-12-02 05:00","2020","12","02","05:00","13.7","","13.0","","96","","0.5","","14","","13","","","","100.49","","","","","","NA"
"-64.77","46.43","BOUCTOUCHE CDA CS","8100593","2020-12-02 06:00","2020","12","02","06:00","13.7","","12.9","","95","","0.6","","15","","13","","","","100.50","","","","","","NA"
"-64.77","46.43","BOUCTOUCHE CDA CS","8100593","2020-12-02 07:00","2020","12","02","07:00","10.2","","8.6","","90","","0.2","","23","","14","","","","100.68","","","","","","NA"
"-64.77","46.43","BOUCTOUCHE CDA CS","8100593","2020-12-02 08:00","2020","12","02","08:00","9.5","","8.6","","94","","1.2","","17","","6","","","","100.74","","","","","","NA"
"-64.77","46.43","BOUCTOUCHE CDA CS","8100593","2020-12-02 09:00","2020","12","02","09:00","9.2","","8.3","","94","","1.2","","16","","7","","","","100.77","","","","","","NA"
"-64.77","46.43","BOUCTOUCHE CDA CS","8100593","2020-12-02 10:00","2020","12","02","10:00","9.3","","8.4","","95","","1.0","","18","","7","","","","100.84","","","","","","NA"
"-64.77","46.43","BOUCTOUCHE CDA CS","8100593","2020-12-02 11:00","2020","12","02","11:00","9.0","","8.0","","93","","0.6","","17","","7","","","","100.78","","","","","","NA"
"-64.77","46.43","BOUCTOUCHE CDA CS","8100593","2020-12-02 12:00","2020","12","02","12:00","9.0","","7.9","","93","","0.0","","15","","9","","","","100.69","","","","","","NA"
"-64.77","46.43","BOUCTOUCHE CDA CS","8100593","2020-12-02 13:00","2020","12","02","13:00","9.3","","7.8","","90","","0.0","","16","","8","","","","100.67","","","","","","NA"
"-64.77","46.43","BOUCTOUCHE CDA CS","8100593","2020-12-02 14:00","2020","12","02","14:00","9.5","","7.2","","85","","0.0","","19","","6","","","","100.60","","","","","","NA"
"-64.77","46.43","BOUCTOUCHE CDA CS","8100593","2020-12-02 15:00","2020","12","02","15:00","9.0","","6.7","","85","","0.0","","20","","9","","","","100.67","","","","","","NA"
"-64.77","46.43","BOUCTOUCHE CDA CS","8100593","2020-12-02 16:00","2020","12","02","16:00","8.4","","5.5","","82","","0.0","","20","","12","","","","100.63","","","","","","NA"
"-64.77","46.43","BOUCTOUCHE CDA CS","8100593","2020-12-02 17:00","2020","12","02","17:00","7.2","","4.4","","82","","0.0","","20","","8","","","","100.62","","","","","","NA"
"-64.77","46.43","BOUCTOUCHE CDA CS","8100593","2020-12-02 18:00","2020","12","02","18:00","5.9","","4.4","","90","","0.0","","19","","7","","","","100.60","","","","","","NA"
"-64.77","46.43","BOUCTOUCHE CDA CS","8100593","2020-12-02 19:00","2020","12","02","19:00","4.6","","3.7","","94","","0.0","","18","","7","","","","100.57","","","","","","NA"
"-64.77","46.43","BOUCTOUCHE CDA CS","8100593","2020-12-02 20:00","2020","12","02","20:00","4.3","","3.2","","92","","0.0","","16","","8","","","","100.53","","","","","","NA"
"-64.77","46.43","BOUCTOUCHE CDA CS","8100593","2020-12-02 21:00","2020","12","02","21:00","3.7","","2.7","","94","","0.0","","17","","7","","","","100.45","","","","","","NA"
"-64.77","46.43","BOUCTOUCHE CDA CS","8100593","2020-12-02 22:00","2020","12","02","22:00","2.1","","1.3","","95","","0.0","","17","","5","","","","100.44","","","","","","NA"
"-64.77","46.43","BOUCTOUCHE CDA CS","8100593","2020-12-02 23:00","2020","12","02","23:00","3.8","","2.7","","93","","0.0","","16","","7","","","","100.40","","","","","","NA"
"-64.77","46.43","BOUCTOUCHE CDA CS","8100593","2020-12-03 00:00","2020","12","03","00:00","4.6","","3.8","","94","","0.0","","18","","9","","","","100.40","","","","","","NA"
"-64.77","46.43","BOUCTOUCHE CDA CS","8100593","2020-12-03 01:00","2020","12","03","01:00","5.0","","4.3","","95","","1.6","","22","","8","","","","100.41","","","","","","NA"
"-64.77","46.43","BOUCTOUCHE CDA CS","8100593","2020-12-03 02:00","2020","12","03","02:00","4.1","","3.0","","92","","0.0","","24","","11","","","","100.45","","","","","","NA"
"-64.77","46.43","BOUCTOUCHE CDA CS","8100593","2020-12-03 03:00","2020","12","03","03:00","3.5","","2.2","","91","","0.0","","23","","11","","","","100.45","","","","","","NA"
"-64.77","46.43","BOUCTOUCHE CDA CS","8100593","2020-12-03 04:00","2020","12","03","04:00","3.4","","2.1","","91","","0.0","","20","","9","","","","100.48","","","","","","NA"
"-64.77","46.43","BOUCTOUCHE CDA CS","8100593","2020-12-03 05:00","2020","12","03","05:00","3.4","","1.5","","88","","0.0","","22","","14","","","","100.52","","","","","","NA"
"-64.77","46.43","BOUCTOUCHE CDA CS","8100593","2020-12-03 06:00","2020","12","03","06:00","2.9","","0.8","","87","","0.0","","21","","12","","","","100.56","","","","","","NA"
"-64.77","46.43","BOUCTOUCHE CDA CS","8100593","2020-12-03 07:00","2020","12","03","07:00","1.7","","0.2","","89","","0.0","","22","","12","","","","100.65","","","","","","NA"
"-64.77","46.43","BOUCTOUCHE CDA CS","8100593","2020-12-03 08:00","2020","12","03","08:00","1.3","","-0.2","","90","","0.0","","22","","10","","","","100.72","","","","","","NA"
"-64.77","46.43","BOUCTOUCHE CDA CS","8100593","2020-12-03 09:00","2020","12","03","09:00","1.7","","-0.3","","86","","0.0","","23","","17","","","","100.80","","","","","","NA"
"-64.77","46.43","BOUCTOUCHE CDA CS","8100593","2020-12-03 10:00","2020","12","03","10:00","2.1","","-0.6","","82","","0.0","","24","","19","","","","100.85","","","","","","NA"
"-64.77","46.43","BOUCTOUCHE CDA CS","8100593","2020-12-03 11:00","2020","12","03","11:00","2.6","","-1.2","","76","","0.0","","24","","18","","","","100.86","","","","","","NA"
"-64.77","46.43","BOUCTOUCHE CDA CS","8100593","2020-12-03 12:00","2020","12","03","12:00","2.1","","-3.1","","68","","0.0","","23","","23","","","","100.89","","","","","","NA"
"-64.77","46.43","BOUCTOUCHE CDA CS","8100593","2020-12-03 13:00","2020","12","03","13:00","3.1","","-2.2","","68","","0.0","","23","","22","","","","100.94","","","","","","NA"
"-64.77","46.43","BOUCTOUCHE CDA CS","8100593","2020-12-03 14:00","2020","12","03","14:00","3.7","","-2.3","","65","","0.0","","23","","21","","","","100.94","","","","","","NA"
"-64.77","46.43","BOUCTOUCHE CDA CS","8100593","2020-12-03 15:00","2020","12","03","15:00","3.7","","-3.5","","59","","0.0","","23","","20","","","","100.99","","","","","","NA"
"-64.77","46.43","BOUCTOUCHE CDA CS","8100593","2020-12-03 16:00","2020","12","03","16:00","3.0","","-3.3","","63","","0.0","","22","","15","","","","101.08","","","","","","NA"
"-64.77","46.43","BOUCTOUCHE CDA CS","8100593","2020-12-03 17:00","2020","12","03","17:00","1.3","","-3.5","","70","","0.0","","20","","8","","","","101.13","","","","","","NA"
"-64.77","46.43","BOUCTOUCHE CDA CS","8100593","2020-12-03 18:00","2020","12","03","18:00","0.6","","-3.5","","74","","0.0","","20","","8","","","","101.18","","","","","","NA"
"-64.77","46.43","BOUCTOUCHE CDA CS","8100593","2020-12-03 19:00","2020","12","03","19:00","-0.2","","-3.7","","77","","0.0","","19","","7","","","","101.23","","","","-3","","NA"
"-64.77","46.43","BOUCTOUCHE CDA CS","8100593","2020-12-03 20:00","2020","12","03","20:00","0.0","","-3.7","","76","","0.0","","20","","11","","","","101.29","","","","-4","","NA"
"-64.77","46.43","BOUCTOUCHE CDA CS","8100593","2020-12-03 21:00","2020","12","03","21:00","-0.7","","-4.2","","77","","0.0","","19","","7","","","","101.24","","","","-3","","NA"
"-64.77","46.43","BOUCTOUCHE CDA CS","8100593","2020-12-03 22:00","2020","12","03","22:00","-0.7","","-4.5","","75","","0.0","","22","","8","","","","101.24","","","","-4","","NA"
"-64.77","46.43","BOUCTOUCHE CDA CS","8100593","2020-12-03 23:00","2020","12","03","23:00","-1.1","","-4.5","","78","","0.0","","18","","6","","","","101.27","","","","-3","","NA"
"-64.77","46.43","BOUCTOUCHE CDA CS","8100593","2020-12-04 00:00","2020","12","04","00:00","-1.6","","-4.6","","80","","0.0","","17","","5","","","","101.27","","","","-3","","NA"
"-64.77","46.43","BOUCTOUCHE CDA CS","8100593","2020-12-04 01:00","2020","12","04","01:00","-0.6","","-3.9","","79","","0.0","","13","","5","","","","101.20","","","","-2","","NA"
"-64.77","46.43","BOUCTOUCHE CDA CS","8100593","2020-12-04 02:00","2020","12","04","02:00","0.6","","-3.4","","74","","0.0","","15","","10","","","","101.18","","","","","","NA"
"-64.77","46.43","BOUCTOUCHE CDA CS","8100593","2020-12-04 03:00","2020","12","04","03:00","0.9","","-2.5","","78","","0.0","","16","","12","","","","101.17","","","","","","NA"
"-64.77","46.43","BOUCTOUCHE CDA CS","8100593","2020-12-04 04:00","2020","12","04","04:00","0.4","","-1.9","","84","","0.0","","16","","8","","","","101.14","","","","","","NA"
"-64.77","46.43","BOUCTOUCHE CDA CS","8100593","2020-12-04 05:00","2020","12","04","05:00","0.4","","-1.2","","88","","0.0","","18","","6","","","","101.14","","","","","","NA"
"-64.77","46.43","BOUCTOUCHE CDA CS","8100593","2020-12-04 06:00","2020","12","04","06:00","0.4","","-1.0","","90","","0.0","","20","","4","","","","101.12","","","","","","NA"
"-64.77","46.43","BOUCTOUCHE CDA CS","8100593","2020-12-04 07:00","2020","12","04","07:00","0.3","","-1.0","","91","","0.0","","21","","1","","","","101.14","","","","","","NA"
"-64.77","46.43","BOUCTOUCHE CDA CS","8100593","2020-12-04 08:00","2020","12","04","08:00","-0.1","","-0.8","","95","","0.0","","14","","6","","","","101.14","","","","-2","","NA"
"-64.77","46.43","BOUCTOUCHE CDA CS","8100593","2020-12-04 09:00","2020","12","04","09:00","1.0","","0.2","","94","","0.0","","14","","8","","","","101.14","","","","","","NA"
"-64.77","46.43","BOUCTOUCHE CDA CS","8100593","2020-12-04 10:00","2020","12","04","10:00","3.0","","1.0","","87","","0.0","","15","","9","","","","101.13","","","","","","NA"
"-64.77","46.43","BOUCTOUCHE CDA CS","8100593","2020-12-04 11:00","2020","12","04","11:00","4.9","","2.3","","83","","0.0","","20","","4","","","","101.10","","","","","","NA"
"-64.77","46.43","BOUCTOUCHE CDA CS","8100593","2020-12-04 12:00","2020","12","04","12:00","6.7","","1.8","","71","","0.0","","21","","11","","","","101.00","","","","","","NA"
"-64.77","46.43","BOUCTOUCHE CDA CS","8100593","2020-12-04 13:00","2020","12","04","13:00","7.9","","2.9","","71","","0.0","","19","","8","","","","100.94","","","","","","NA"
"-64.77","46.43","BOUCTOUCHE CDA CS","8100593","2020-12-04 14:00","2020","12","04","14:00","9.4","","3.9","","68","","0.0","","18","","10","","","","100.81","","","","","","NA"
"-64.77","46.43","BOUCTOUCHE CDA CS","8100593","2020-12-04 15:00","2020","12","04","15:00","9.5","","1.9","","59","","0.0","","20","","15","","","","100.79","","","","","","NA"
"-64.77","46.43","BOUCTOUCHE CDA CS","8100593","2020-12-04 16:00","2020","12","04","16:00","9.0","","2.5","","64","","0.0","","20","","16","","","","100.78","","","","","","NA"
"-64.77","46.43","BOUCTOUCHE CDA CS","8100593","2020-12-04 17:00","2020","12","04","17:00","8.5","","3.4","","71","","0.0","","20","","11","","","","100.80","","","","","","NA"
"-64.77","46.43","BOUCTOUCHE CDA CS","8100593","2020-12-04 18:00","2020","12","04","18:00","8.3","","3.4","","71","","0.0","","20","","13","","","","100.83","","","","","","NA"
"-64.77","46.43","BOUCTOUCHE CDA CS","8100593","2020-12-04 19:00","2020","12","04","19:00","6.5","","2.0","","73","","0.0","","25","","5","","","","100.89","","","","","","NA"
"-64.77","46.43","BOUCTOUCHE CDA CS","8100593","2020-12-04 20:00","2020","12","04","20:00","5.2","","1.8","","79","","0.0","","21","","2","","","","100.87","","","","","","NA"
"-64.77","46.43","BOUCTOUCHE CDA CS","8100593","2020-12-04 21:00","2020","12","04","21:00","4.4","","1.8","","83","","0.0","","","","0","","","","100.83","","","","","","NA"
"-64.77","46.43","BOUCTOUCHE CDA CS","8100593","2020-12-04 22:00","2020","12","04","22:00","5.0","","1.8","","80","","0.0","","22","","5","","","","100.86","","","","","","NA"
"-64.77","46.43","BOUCTOUCHE CDA CS","8100593","2020-12-04 23:00","2020","12","04","23:00","5.9","","0.6","","69","","0.0","","23","","10","","","","100.85","","","","","","NA"
"-64.77","46.43","BOUCTOUCHE CDA CS","8100593","2020-12-05 00:00","2020","12","05","00:00","4.7","","0.2","","73","","0.0","","22","","2","","","","100.83","","","","","","NA"
"-64.77","46.43","BOUCTOUCHE CDA CS","8100593","2020-12-05 01:00","2020","12","05","01:00","3.9","","0.0","","76","","0.0","","29","","3","","","","100.82","","","","","","NA"
"-64.77","46.43","BOUCTOUCHE CDA CS","8100593","2020-12-05 02:00","2020","12","05","02:00","3.4","","0.6","","82","","0.0","","33","","3","","","","100.85","","","","","","NA"
"-64.77","46.43","BOUCTOUCHE CDA CS","8100593","2020-12-05 03:00","2020","12","05","03:00","3.3","","0.5","","82","","0.0","","30","","5","","","","100.89","","","","","","NA"
"-64.77","46.43","BOUCTOUCHE CDA CS","8100593","2020-12-05 04:00","2020","12","05","04:00","3.0","","0.5","","84","","0.0","","32","","1","","","","100.89","","","","","","NA"
"-64.77","46.43","BOUCTOUCHE CDA CS","8100593","2020-12-05 05:00","2020","12","05","05:00","2.6","","0.6","","86","","0.0","","35","","2","","","","100.91","","","","","","NA"
"-64.77","46.43","BOUCTOUCHE CDA CS","8100593","2020-12-05 06:00","2020","12","05","06:00","1.5","","-0.2","","88","","0.0","","0","","1","","","","100.88","","","","","","NA"
"-64.77","46.43","BOUCTOUCHE CDA CS","8100593","2020-12-05 07:00","2020","12","05","07:00","0.6","","-0.4","","93","","0.0","","8","","2","","","","100.90","","","","","","NA"
"-64.77","46.43","BOUCTOUCHE CDA CS","8100593","2020-12-05 08:00","2020","12","05","08:00","0.5","","-0.4","","94","","0.0","","","","0","","","","100.94","","","","","","NA"
"-64.77","46.43","BOUCTOUCHE CDA CS","8100593","2020-12-05 09:00","2020","12","05","09:00","1.1","","0.4","","95","","0.0","","","","0","","","","101.00","","","","","","NA"
"-64.77","46.43","BOUCTOUCHE CDA CS","8100593","2020-12-05 10:00","2020","12","05","10:00","2.4","","1.0","","91","","0.0","","0","","1","","","","101.05","","","","","","NA"
"-64.77","46.43","BOUCTOUCHE CDA CS","8100593","2020-12-05 11:00","2020","12","05","11:00","3.9","","1.7","","85","","0.0","","4","","9","","","","100.99","","","","","","NA"
"-64.77","46.43","BOUCTOUCHE CDA CS","8100593","2020-12-05 12:00","2020","12","05","12:00","4.6","","2.1","","84","","0.0","","3","","12","","","","100.93","","","","","","NA"
"-64.77","46.43","BOUCTOUCHE CDA CS","8100593","2020-12-05 13:00","2020","12","05","13:00","4.6","","1.5","","81","","0.0","","4","","14","","","","100.87","","","","","","NA"
"-64.77","46.43","BOUCTOUCHE CDA CS","8100593","2020-12-05 14:00","2020","12","05","14:00","4.1","","2.1","","87","","0.0","","3","","18","","","","100.78","","","","","","NA"
"-64.77","46.43","BOUCTOUCHE CDA CS","8100593","2020-12-05 15:00","2020","12","05","15:00","3.5","","1.8","","89","","0.3","","3","","17","","","","100.71","","","","","","NA"
"-64.77","46.43","BOUCTOUCHE CDA CS","8100593","2020-12-05 16:00","2020","12","05","16:00","3.0","","2.1","","94","","1.5","","3","","18","","","","100.65","","","","","","NA"
"-64.77","46.43","BOUCTOUCHE CDA CS","8100593","2020-12-05 17:00","2020","12","05","17:00","3.2","","2.2","","94","","1.7","","4","","18","","","","100.54","","","","","","NA"
"-64.77","46.43","BOUCTOUCHE CDA CS","8100593","2020-12-05 18:00","2020","12","05","18:00","3.1","","2.3","","95","","1.0","","4","","21","","","","100.47","","","","","","NA"
"-64.77","46.43","BOUCTOUCHE CDA CS","8100593","2020-12-05 19:00","2020","12","05","19:00","2.8","","2.2","","96","","1.3","","3","","25","","","","100.35","","","","","","NA"
"-64.77","46.43","BOUCTOUCHE CDA CS","8100593","2020-12-05 20:00","2020","12","05","20:00","3.2","","2.7","","96","","2.2","","3","","29","","","","100.12","","","","","","NA"
"-64.77","46.43","BOUCTOUCHE CDA CS","8100593","2020-12-05 21:00","2020","12","05","21:00","3.6","","3.0","","96","","3.2","","4","","25","","","","99.96","","","","","","NA"
"-64.77","46.43","BOUCTOUCHE CDA CS","8100593","2020-12-05 22:00","2020","12","05","22:00","3.7","","3.1","","96","","4.0","","3","","33","","","","99.69","","","","","","NA"
"-64.77","46.43","BOUCTOUCHE CDA CS","8100593","2020-12-05 23:00","2020","12","05","23:00","4.2","","3.6","","96","","6.2","","3","","30","","","","99.50","","","","","","NA"
"-64.77","46.43","BOUCTOUCHE CDA CS","8100593","2020-12-06 00:00","2020","12","06","00:00","4.4","","3.9","","97","","4.6","","3","","36","","","","99.11","","","","","","NA"
"-64.77","46.43","BOUCTOUCHE CDA CS","8100593","2020-12-06 01:00","2020","12","06","01:00","4.7","","4.3","","97","","8.3","","4","","35","","","","98.79","","","","","","NA"
"-64.77","46.43","BOUCTOUCHE CDA CS","8100593","2020-12-06 02:00","2020","12","06","02:00","5.6","","5.2","","98","","8.0","","3","","26","","","","98.59","","","","","","NA"
"-64.77","46.43","BOUCTOUCHE CDA CS","8100593","2020-12-06 03:00","2020","12","06","03:00","6.5","","6.2","","98","","4.9","","36","","10","","","","98.50","","","","","","NA"
"-64.77","46.43","BOUCTOUCHE CDA CS","8100593","2020-12-06 04:00","2020","12","06","04:00","7.7","","7.4","","98","","0.9","","4","","12","","","","98.28","","","","","","NA"
"-64.77","46.43","BOUCTOUCHE CDA CS","8100593","2020-12-06 05:00","2020","12","06","05:00","8.9","","8.2","","96","","0.3","","12","","14","","","","98.26","","","","","","NA"
"-64.77","46.43","BOUCTOUCHE CDA CS","8100593","2020-12-06 06:00","2020","12","06","06:00","8.8","","8.1","","95","","0.0","","3","","3","","","","98.22","","","","","","NA"
"-64.77","46.43","BOUCTOUCHE CDA CS","8100593","2020-12-06 07:00","2020","12","06","07:00","8.2","","6.7","","90","","0.0","","14","","12","","","","98.25","","","","","","NA"
"-64.77","46.43","BOUCTOUCHE CDA CS","8100593","2020-12-06 08:00","2020","12","06","08:00","7.0","","5.7","","91","","0.0","","14","","10","","","","98.23","","","","","","NA"
"-64.77","46.43","BOUCTOUCHE CDA CS","8100593","2020-12-06 09:00","2020","12","06","09:00","6.5","","5.2","","92","","0.0","","13","","13","","","","98.22","","","","","","NA"
"-64.77","46.43","BOUCTOUCHE CDA CS","8100593","2020-12-06 10:00","2020","12","06","10:00","6.6","","5.3","","92","","0.2","","12","","11","","","","98.18","","","","","","NA"
"-64.77","46.43","BOUCTOUCHE CDA CS","8100593","2020-12-06 11:00","2020","12","06","11:00","6.9","","5.1","","88","","0.0","","11","","12","","","","98.16","","","","","","NA"
"-64.77","46.43","BOUCTOUCHE CDA CS","8100593","2020-12-06 12:00","2020","12","06","12:00","6.1","","4.5","","89","","0.0","","12","","11","","","","98.09","","","","","","NA"
"-64.77","46.43","BOUCTOUCHE CDA CS","8100593","2020-12-06 13:00","2020","12","06","13:00","6.3","","4.2","","86","","0.0","","13","","13","","","","98.05","","","","","","NA"
"-64.77","46.43","BOUCTOUCHE CDA CS","8100593","2020-12-06 14:00","2020","12","06","14:00","6.2","","4.0","","85","","0.0","","13","","10","","","","98.03","","","","","","NA"
"-64.77","46.43","BOUCTOUCHE CDA CS","8100593","2020-12-06 15:00","2020","12","06","15:00","5.6","","4.4","","92","","0.0","","12","","10","","","","98.01","","","","","","NA"
"-64.77","46.43","BOUCTOUCHE CDA CS","8100593","2020-12-06 16:00","2020","12","06","16:00","5.2","","4.3","","94","","0.0","","10","","6","","","","98.05","","","","","","NA"
"-64.77","46.43","BOUCTOUCHE CDA CS","8100593","2020-12-06 17:00","2020","12","06","17:00","5.0","","4.4","","96","","0.7","","3","","6","","","","98.06","","","","","","NA"
"-64.77","46.43","BOUCTOUCHE CDA CS","8100593","2020-12-06 18:00","2020","12","06","18:00","4.8","","4.4","","97","","0.7","","36","","7","","","","98.07","","","","","","NA"
"-64.77","46.43","BOUCTOUCHE CDA CS","8100593","2020-12-06 19:00","2020","12","06","19:00","4.8","","4.4","","97","","0.3","","28","","5","","","","98.12","","","","","","NA"
"-64.77","46.43","BOUCTOUCHE CDA CS","8100593","2020-12-06 20:00","2020","12","06","20:00","4.7","","4.3","","97","","0.4","","24","","8","","","","98.19","","","","","","NA"
"-64.77","46.43","BOUCTOUCHE CDA CS","8100593","2020-12-06 21:00","2020","12","06","21:00","4.2","","3.7","","96","","0.3","","23","","14","","","","98.24","","","","","","NA"
"-64.77","46.43","BOUCTOUCHE CDA CS","8100593","2020-12-06 22:00","2020","12","06","22:00","2.9","","2.3","","96","","0.6","","23","","14","","","","98.30","","","","","","NA"
"-64.77","46.43","BOUCTOUCHE CDA CS","8100593","2020-12-06 23:00","2020","12","06","23:00","1.7","","0.9","","95","","0.7","","23","","15","","","","98.34","","","","","","NA"
"-64.77","46.43","BOUCTOUCHE CDA CS","8100593","2020-12-07 00:00","2020","12","07","00:00","1.2","","0.6","","96","","0.0","","23","","15","","","","98.38","","","","","","NA"
"-64.77","46.43","BOUCTOUCHE CDA CS","8100593","2020-12-07 01:00","2020","12","07","01:00","1.1","","0.7","","97","","0.0","","23","","14","","","","98.39","","","","","","NA"
"-64.77","46.43","BOUCTOUCHE CDA CS","8100593","2020-12-07 02:00","2020","12","07","02:00","0.8","","0.2","","96","","0.2","","23","","16","","","","98.43","","","","","","NA"
"-64.77","46.43","BOUCTOUCHE CDA CS","8100593","2020-12-07 03:00","2020","12","07","03:00","0.6","","0.0","","96","","0.0","","23","","14","","","","98.49","","","","","","NA"
"-64.77","46.43","BOUCTOUCHE CDA CS","8100593","2020-12-07 04:00","2020","12","07","04:00","0.5","","0.0","","96","","0.0","","23","","14","","","","98.51","","","","","","NA"
"-64.77","46.43","BOUCTOUCHE CDA CS","8100593","2020-12-07 05:00","2020","12","07","05:00","0.3","","-0.3","","96","","0.3","","23","","13","","","","98.55","","","","","","NA"
"-64.77","46.43","BOUCTOUCHE CDA CS","8100593","2020-12-07 06:00","2020","12","07","06:00","0.3","","-0.2","","97","","0.3","","24","","13","","","","98.58","","","","","","NA"
"-64.77","46.43","BOUCTOUCHE CDA CS","8100593","2020-12-07 07:00","2020","12","07","07:00","0.4","","-0.1","","96","","0.2","","25","","14","","","","98.66","","","","","","NA"
"-64.77","46.43","BOUCTOUCHE CDA CS","8100593","2020-12-07 08:00","2020","12","07","08:00","0.3","","-0.3","","96","","0.3","","28","","16","","","","98.76","","","","","","NA"
"-64.77","46.43","BOUCTOUCHE CDA CS","8100593","2020-12-07 09:00","2020","12","07","09:00","0.4","","-0.4","","94","","0.8","","29","","16","","","","98.88","","","","","","NA"
"-64.77","46.43","BOUCTOUCHE CDA CS","8100593","2020-12-07 10:00","2020","12","07","10:00","0.3","","-0.5","","94","","0.4","","31","","17","","","","98.99","","","","","","NA"
"-64.77","46.43","BOUCTOUCHE CDA CS","8100593","2020-12-07 11:00","2020","12","07","11:00","0.4","","-0.6","","93","","0.0","","30","","17","","","","99.09","","","","","","NA"
"-64.77","46.43","BOUCTOUCHE CDA CS","8100593","2020-12-07 12:00","2020","12","07","12:00","0.2","","-0.6","","94","","0.3","","30","","16","","","","99.14","","","","","","NA"
"-64.77","46.43","BOUCTOUCHE CDA CS","8100593","2020-12-07 13:00","2020","12","07","13:00","0.2","","-0.7","","94","","0.0","","31","","18","","","","99.19","","","","","","NA"
"-64.77","46.43","BOUCTOUCHE CDA CS","8100593","2020-12-07 14:00","2020","12","07","14:00","0.3","","-0.9","","92","","0.2","","29","","14","","","","99.28","","","","","","NA"
"-64.77","46.43","BOUCTOUCHE CDA CS","8100593","2020-12-07 15:00","2020","12","07","15:00","0.2","","-0.8","","93","","0.0","","30","","13","","","","99.37","","","","","","NA"
"-64.77","46.43","BOUCTOUCHE CDA CS","8100593","2020-12-07 16:00","2020","12","07","16:00","0.1","","-1.1","","92","","0.0","","30","","13","","","","99.49","","","","","","NA"
"-64.77","46.43","BOUCTOUCHE CDA CS","8100593","2020-12-07 17:00","2020","12","07","17:00","0.0","","-1.2","","92","","0.0","","29","","10","","","","99.64","","","","-3","","NA"
"-64.77","46.43","BOUCTOUCHE CDA CS","8100593","2020-12-07 18:00","2020","12","07","18:00","-0.1","","-1.4","","91","","0.0","","29","","11","","","","99.72","","","","-4","","NA"
"-64.77","46.43","BOUCTOUCHE CDA CS","8100593","2020-12-07 19:00","2020","12","07","19:00","-0.4","","-2.0","","89","","0.0","","30","","12","","","","99.78","","","","-4","","NA"
"-64.77","46.43","BOUCTOUCHE CDA CS","8100593","2020-12-07 20:00","2020","12","07","20:00","-0.7","","-2.0","","91","","0.0","","29","","11","","","","99.84","","","","-4","","NA"
"-64.77","46.43","BOUCTOUCHE CDA CS","8100593","2020-12-07 21:00","2020","12","07","21:00","-1.2","","-2.5","","90","","0.0","","31","","9","","","","99.85","","","","-4","","NA"
"-64.77","46.43","BOUCTOUCHE CDA CS","8100593","2020-12-07 22:00","2020","12","07","22:00","-1.2","","-2.5","","91","","0.0","","28","","7","","","","99.93","","","","-4","","NA"
"-64.77","46.43","BOUCTOUCHE CDA CS","8100593","2020-12-07 23:00","2020","12","07","23:00","-1.8","","-3.0","","92","","0.0","","29","","7","","","","99.94","","","","-4","","NA"
"-64.77","46.43","BOUCTOUCHE CDA CS","8100593","2020-12-08 00:00","2020","12","08","00:00","-1.9","","-2.9","","93","","0.0","","27","","5","","","","100.01","","","","-4","","NA"
"-64.77","46.43","BOUCTOUCHE CDA CS","8100593","2020-12-08 01:00","2020","12","08","01:00","-1.7","","-2.7","","92","","0.0","","24","","7","","","","100.04","","","","-4","","NA"
"-64.77","46.43","BOUCTOUCHE CDA CS","8100593","2020-12-08 02:00","2020","12","08","02:00","-1.7","","-2.7","","93","","0.0","","29","","8","","","","99.98","","","","-5","","NA"
"-64.77","46.43","BOUCTOUCHE CDA CS","8100593","2020-12-08 03:00","2020","12","08","03:00","-1.6","","-2.8","","91","","0.0","","30","","5","","","","100.03","","","","-3","","NA"
"-64.77","46.43","BOUCTOUCHE CDA CS","8100593","2020-12-08 04:00","2020","12","08","04:00","-1.7","","-2.9","","92","","0.0","","28","","4","","","","100.02","","","","-3","","NA"
"-64.77","46.43","BOUCTOUCHE CDA CS","8100593","2020-12-08 05:00","2020","12","08","05:00","-1.7","","-2.8","","92","","0.0","","34","","10","","","","99.95","","","","-5","","NA"
"-64.77","46.43","BOUCTOUCHE CDA CS","8100593","2020-12-08 06:00","2020","12","08","06:00","-1.5","","-2.3","","95","","0.0","","34","","8","","","","99.90","","","","-5","","NA"
"-64.77","46.43","BOUCTOUCHE CDA CS","8100593","2020-12-08 07:00","2020","12","08","07:00","-1.3","","-2.0","","95","","0.0","","24","","6","","","","99.93","","","","-4","","NA"
"-64.77","46.43","BOUCTOUCHE CDA CS","8100593","2020-12-08 08:00","2020","12","08","08:00","-1.2","","-1.8","","96","","0.2","","32","","3","","","","99.98","","","","-2","","NA"
"-64.77","46.43","BOUCTOUCHE CDA CS","8100593","2020-12-08 09:00","2020","12","08","09:00","0.0","","-0.7","","95","","0.0","","1","","13","","","","99.88","","","","-4","","NA"
"-64.77","46.43","BOUCTOUCHE CDA CS","8100593","2020-12-08 10:00","2020","12","08","10:00","0.4","","-0.7","","92","","0.2","","1","","9","","","","99.88","","","","","","NA"
"-64.77","46.43","BOUCTOUCHE CDA CS","8100593","2020-12-08 11:00","2020","12","08","11:00","0.4","","-0.4","","94","","0.3","","1","","16","","","","99.74","","","","","","NA"
"-64.77","46.43","BOUCTOUCHE CDA CS","8100593","2020-12-08 12:00","2020","12","08","12:00","1.0","","-0.7","","88","","0.0","","2","","24","","","","99.60","","","","","","NA"
"-64.77","46.43","BOUCTOUCHE CDA CS","8100593","2020-12-08 13:00","2020","12","08","13:00","1.2","","-1.0","","86","","0.0","","1","","28","","","","99.57","","","","","","NA"
"-64.77","46.43","BOUCTOUCHE CDA CS","8100593","2020-12-08 14:00","2020","12","08","14:00","0.7","","-1.1","","88","","0.0","","1","","25","","","","99.47","","","","","","NA"
"-64.77","46.43","BOUCTOUCHE CDA CS","8100593","2020-12-08 15:00","2020","12","08","15:00","0.7","","-1.5","","85","","0.0","","1","","23","","","","99.42","","","","","","NA"
"-64.77","46.43","BOUCTOUCHE CDA CS","8100593","2020-12-08 16:00","2020","12","08","16:00","0.7","","-2.0","","82","","0.2","","1","","24","","","","99.48","","","","","","NA"
"-64.77","46.43","BOUCTOUCHE CDA CS","8100593","2020-12-08 17:00","2020","12","08","17:00","-0.1","","-1.2","","92","","0.0","","35","","22","","","","99.46","","","","-6","","NA"
"-64.77","46.43","BOUCTOUCHE CDA CS","8100593","2020-12-08 18:00","2020","12","08","18:00","-0.1","","-1.2","","92","","0.3","","35","","18","","","","99.48","","","","-5","","NA"
"-64.77","46.43","BOUCTOUCHE CDA CS","8100593","2020-12-08 19:00","2020","12","08","19:00","-0.3","","-1.3","","93","","0.0","","35","","20","","","","99.48","","","","-6","","NA"
"-64.77","46.43","BOUCTOUCHE CDA CS","8100593","2020-12-08 20:00","2020","12","08","20:00","-0.4","","-1.2","","95","","0.2","","34","","14","","","","99.46","","","","-5","","NA"
"-64.77","46.43","BOUCTOUCHE CDA CS","8100593","2020-12-08 21:00","2020","12","08","21:00","-1.0","","-1.6","","96","","0.5","","33","","15","","","","99.43","","","","-6","","NA"
"-64.77","46.43","BOUCTOUCHE CDA CS","8100593","2020-12-08 22:00","2020","12","08","22:00","-1.1","","-1.7","","96","","0.0","","33","","12","","","","99.44","","","","-5","","NA"
"-64.77","46.43","BOUCTOUCHE CDA CS","8100593","2020-12-08 23:00","2020","12","08","23:00","-1.4","","-2.0","","95","","0.2","","33","","11","","","","99.44","","","","-5","","NA"
"-64.77","46.43","BOUCTOUCHE CDA CS","8100593","2020-12-09 00:00","2020","12","09","00:00","-1.7","","-2.4","","94","","0.0","","32","","15","","","","99.47","","","","-7","","NA"
"-64.77","46.43","BOUCTOUCHE CDA CS","8100593","2020-12-09 01:00","2020","12","09","01:00","-1.7","","-2.7","","93","","0.0","","31","","13","","","","99.46","","","","-6","","NA"
"-64.77","46.43","BOUCTOUCHE CDA CS","8100593","2020-12-09 02:00","2020","12","09","02:00","-1.5","","-2.6","","92","","0.0","","29","","12","","","","99.49","","","","-6","","NA"
"-64.77","46.43","BOUCTOUCHE CDA CS","8100593","2020-12-09 03:00","2020","12","09","03:00","-1.5","","-2.9","","90","","0.0","","29","","13","","","","99.56","","","","-6","","NA"
"-64.77","46.43","BOUCTOUCHE CDA CS","8100593","2020-12-09 04:00","2020","12","09","04:00","-1.7","","-2.8","","92","","0.0","","27","","9","","","","99.61","","","","-5","","NA"
"-64.77","46.43","BOUCTOUCHE CDA CS","8100593","2020-12-09 05:00","2020","12","09","05:00","-2.2","","-4.2","","86","","0.0","","31","","12","","","","99.62","","","","-6","","NA"
"-64.77","46.43","BOUCTOUCHE CDA CS","8100593","2020-12-09 06:00","2020","12","09","06:00","-2.2","","-3.4","","91","","0.0","","28","","9","","","","99.67","","","","-6","","NA"
"-64.77","46.43","BOUCTOUCHE CDA CS","8100593","2020-12-09 07:00","2020","12","09","07:00","-2.2","","-3.4","","91","","0.0","","28","","7","","","","99.70","","","","-5","","NA"
"-64.77","46.43","BOUCTOUCHE CDA CS","8100593","2020-12-09 08:00","2020","12","09","08:00","-2.3","","-3.4","","92","","0.0","","27","","7","","","","99.72","","","","-5","","NA"
"-64.77","46.43","BOUCTOUCHE CDA CS","8100593","2020-12-09 09:00","2020","12","09","09:00","-2.6","","-4.4","","87","","0.0","","26","","8","","","","99.78","","","","-6","","NA"
"-64.77","46.43","BOUCTOUCHE CDA CS","8100593","2020-12-09 10:00","2020","12","09","10:00","-2.5","","-4.2","","88","","0.0","","24","","12","","","","99.84","","","","-7","","NA"
"-64.77","46.43","BOUCTOUCHE CDA CS","8100593","2020-12-09 11:00","2020","12","09","11:00","-2.2","","-4.2","","87","","0.0","","24","","13","","","","99.87","","","","-7","","NA"
"-64.77","46.43","BOUCTOUCHE CDA CS","8100593","2020-12-09 12:00","2020","12","09","12:00","-2.3","","-4.3","","86","","0.0","","25","","13","","","","99.84","","","","-7","","NA"
"-64.77","46.43","BOUCTOUCHE CDA CS","8100593","2020-12-09 13:00","2020","12","09","13:00","-2.3","","-4.3","","86","","0.0","","27","","7","","","","99.80","","","","-5","","NA"
"-64.77","46.43","BOUCTOUCHE CDA CS","8100593","2020-12-09 14:00","2020","12","09","14:00","-2.0","","-4.0","","86","","0.2","","0","","1","","","","99.73","","","","-2","","NA"
"-64.77","46.43","BOUCTOUCHE CDA CS","8100593","2020-12-09 15:00","2020","12","09","15:00","-2.1","","-3.8","","88","","0.4","","21","","11","","","","99.83","","","","-6","","NA"
"-64.77","46.43","BOUCTOUCHE CDA CS","8100593","2020-12-09 16:00","2020","12","09","16:00","-2.2","","-4.1","","87","","0.0","","22","","18","","","","99.89","","","","-8","","NA"
"-64.77","46.43","BOUCTOUCHE CDA CS","8100593","2020-12-09 17:00","2020","12","09","17:00","-2.3","","-4.2","","87","","0.0","","24","","10","","","","99.94","","","","-6","","NA"
"-64.77","46.43","BOUCTOUCHE CDA CS","8100593","2020-12-09 18:00","2020","12","09","18:00","-2.6","","-4.6","","86","","0.0","","24","","9","","","","99.99","","","","-6","","NA"
"-64.77","46.43","BOUCTOUCHE CDA CS","8100593","2020-12-09 19:00","2020","12","09","19:00","-2.8","","-4.8","","86","","0.0","","24","","9","","","","100.03","","","","-6","","NA"
"-64.77","46.43","BOUCTOUCHE CDA CS","8100593","2020-12-09 20:00","2020","12","09","20:00","-3.0","","-5.1","","85","","0.0","","24","","8","","","","100.07","","","","-6","","NA"
"-64.77","46.43","BOUCTOUCHE CDA CS","8100593","2020-12-09 21:00","2020","12","09","21:00","-3.2","","-5.1","","86","","0.0","","24","","8","","","","100.08","","","","-6","","NA"
"-64.77","46.43","BOUCTOUCHE CDA CS","8100593","2020-12-09 22:00","2020","12","09","22:00","-3.3","","-6.1","","81","","0.0","","24","","10","","","","100.09","","","","-7","","NA"
"-64.77","46.43","BOUCTOUCHE CDA CS","8100593","2020-12-09 23:00","2020","12","09","23:00","-3.5","","-6.3","","81","","0.0","","25","","10","","","","100.09","","","","-7","","NA"
"-64.77","46.43","BOUCTOUCHE CDA CS","8100593","2020-12-10 00:00","2020","12","10","00:00","-3.7","","-6.2","","83","","0.0","","22","","8","","","","100.10","","","","-7","","NA"
"-64.77","46.43","BOUCTOUCHE CDA CS","8100593","2020-12-10 01:00","2020","12","10","01:00","-3.7","","-6.0","","84","","0.0","","26","","7","","","","100.08","","","","-7","","NA"
"-64.77","46.43","BOUCTOUCHE CDA CS","8100593","2020-12-10 02:00","2020","12","10","02:00","-3.9","","-5.9","","86","","0.0","","26","","5","","","","100.09","","","","-6","","NA"
"-64.77","46.43","BOUCTOUCHE CDA CS","8100593","2020-12-10 03:00","2020","12","10","03:00","-3.9","","-5.9","","86","","0.0","","26","","5","","","","100.12","","","","-6","","NA"
"-64.77","46.43","BOUCTOUCHE CDA CS","8100593","2020-12-10 04:00","2020","12","10","04:00","-3.8","","-6.0","","85","","0.0","","24","","6","","","","100.13","","","","-6","","NA"
"-64.77","46.43","BOUCTOUCHE CDA CS","8100593","2020-12-10 05:00","2020","12","10","05:00","-3.9","","-5.6","","88","","0.0","","28","","5","","","","100.14","","","","-6","","NA"
"-64.77","46.43","BOUCTOUCHE CDA CS","8100593","2020-12-10 06:00","2020","12","10","06:00","-3.9","","-5.6","","88","","0.0","","27","","6","","","","100.17","","","","-7","","NA"
"-64.77","46.43","BOUCTOUCHE CDA CS","8100593","2020-12-10 07:00","2020","12","10","07:00","-4.0","","-5.7","","87","","0.0","","26","","8","","","","100.25","","","","-7","","NA"
"-64.77","46.43","BOUCTOUCHE CDA CS","8100593","2020-12-10 08:00","2020","12","10","08:00","-3.9","","-5.8","","87","","0.0","","26","","6","","","","100.28","","","","-7","","NA"
"-64.77","46.43","BOUCTOUCHE CDA CS","8100593","2020-12-10 09:00","2020","12","10","09:00","-3.7","","-5.5","","88","","0.0","","25","","6","","","","100.31","","","","-6","","NA"
"-64.77","46.43","BOUCTOUCHE CDA CS","8100593","2020-12-10 10:00","2020","12","10","10:00","-3.5","","-5.3","","87","","0.0","","27","","7","","","","100.33","","","","-6","","NA"
"-64.77","46.43","BOUCTOUCHE CDA CS","8100593","2020-12-10 11:00","2020","12","10","11:00","-3.1","","-5.3","","85","","0.0","","26","","6","","","","100.36","","","","-6","","NA"
"-64.77","46.43","BOUCTOUCHE CDA CS","8100593","2020-12-10 12:00","2020","12","10","12:00","-2.3","","-4.7","","84","","0.2","","28","","8","","","","100.33","","","","-5","","NA"
"-64.77","46.43","BOUCTOUCHE CDA CS","8100593","2020-12-10 13:00","2020","12","10","13:00","-2.2","","-4.8","","82","","0.4","","27","","11","","","","100.34","","","","-6","","NA"
"-64.77","46.43","BOUCTOUCHE CDA CS","8100593","2020-12-10 14:00","2020","12","10","14:00","-2.0","","-4.4","","84","","0.0","","28","","9","","","","100.35","","","","-5","","NA"
"-64.77","46.43","BOUCTOUCHE CDA CS","8100593","2020-12-10 15:00","2020","12","10","15:00","-1.8","","-4.3","","83","","0.0","","27","","9","","","","100.41","","","","-5","","NA"
"-64.77","46.43","BOUCTOUCHE CDA CS","8100593","2020-12-10 16:00","2020","12","10","16:00","-1.7","","-4.0","","84","","0.0","","28","","7","","","","100.49","","","","-4","","NA"
"-64.77","46.43","BOUCTOUCHE CDA CS","8100593","2020-12-10 17:00","2020","12","10","17:00","-1.8","","-3.7","","87","","0.0","","29","","5","","","","100.55","","","","-4","","NA"
"-64.77","46.43","BOUCTOUCHE CDA CS","8100593","2020-12-10 18:00","2020","12","10","18:00","-1.8","","-3.3","","90","","0.0","","29","","5","","","","100.65","","","","-4","","NA"
"-64.77","46.43","BOUCTOUCHE CDA CS","8100593","2020-12-10 19:00","2020","12","10","19:00","-2.9","","-4.5","","89","","0.0","","29","","5","","","","100.73","","","","-5","","NA"
"-64.77","46.43","BOUCTOUCHE CDA CS","8100593","2020-12-10 20:00","2020","12","10","20:00","-3.9","","-5.2","","91","","0.0","","26","","5","","","","100.82","","","","-6","","NA"
"-64.77","46.43","BOUCTOUCHE CDA CS","8100593","2020-12-10 21:00","2020","12","10","21:00","-3.3","","-5.2","","87","","0.0","","29","","11","","","","100.86","","","","-8","","NA"
"-64.77","46.43","BOUCTOUCHE CDA CS","8100593","2020-12-10 22:00","2020","12","10","22:00","-3.1","","-4.8","","88","","0.0","","25","","12","","","","100.90","","","","-8","","NA"
"-64.77","46.43","BOUCTOUCHE CDA CS","8100593","2020-12-10 23:00","2020","12","10","23:00","-2.9","","-5.2","","84","","0.0","","28","","13","","","","100.94","","","","-8","","NA"
"-64.77","46.43","BOUCTOUCHE CDA CS","8100593","2020-12-11 00:00","2020","12","11","00:00","-3.2","","-5.5","","84","","0.0","","27","","14","","","","100.98","","","","-8","","NA"
"-64.77","46.43","BOUCTOUCHE CDA CS","8100593","2020-12-11 01:00","2020","12","11","01:00","-4.1","","-6.2","","85","","0.0","","26","","9","","","","101.05","","","","-8","","NA"
"-64.77","46.43","BOUCTOUCHE CDA CS","8100593","2020-12-11 02:00","2020","12","11","02:00","-4.2","","-6.1","","87","","0.0","","25","","11","","","","101.10","","","","-9","","NA"
"-64.77","46.43","BOUCTOUCHE CDA CS","8100593","2020-12-11 03:00","2020","12","11","03:00","-4.5","","-6.2","","88","","0.0","","23","","9","","","","101.17","","","","-8","","NA"
"-64.77","46.43","BOUCTOUCHE CDA CS","8100593","2020-12-11 04:00","2020","12","11","04:00","-4.3","","-6.0","","88","","0.0","","23","","12","","","","101.20","","","","-9","","NA"
"-64.77","46.43","BOUCTOUCHE CDA CS","8100593","2020-12-11 05:00","2020","12","11","05:00","-5.1","","-6.5","","90","","0.0","","22","","10","","","","101.24","","","","-9","","NA"
"-64.77","46.43","BOUCTOUCHE CDA CS","8100593","2020-12-11 06:00","2020","12","11","06:00","-5.0","","-6.6","","88","","0.0","","23","","12","","","","101.32","","","","-10","","NA"
"-64.77","46.43","BOUCTOUCHE CDA CS","8100593","2020-12-11 07:00","2020","12","11","07:00","-5.1","","-6.7","","88","","0.0","","23","","10","","","","101.38","","","","-9","","NA"
"-64.77","46.43","BOUCTOUCHE CDA CS","8100593","2020-12-11 08:00","2020","12","11","08:00","-4.8","","-6.5","","87","","0.0","","24","","11","","","","101.41","","","","-9","","NA"
"-64.77","46.43","BOUCTOUCHE CDA CS","8100593","2020-12-11 09:00","2020","12","11","09:00","-3.9","","-6.2","","84","","0.0","","24","","11","","","","101.43","","","","-8","","NA"
"-64.77","46.43","BOUCTOUCHE CDA CS","8100593","2020-12-11 10:00","2020","12","11","10:00","-2.4","","-5.6","","78","","0.0","","24","","12","","","","101.49","","","","-7","","NA"
"-64.77","46.43","BOUCTOUCHE CDA CS","8100593","2020-12-11 11:00","2020","12","11","11:00","-1.3","","-5.1","","76","","0.0","","24","","10","","","","101.46","","","","-5","","NA"
"-64.77","46.43","BOUCTOUCHE CDA CS","8100593","2020-12-11 12:00","2020","12","11","12:00","-0.6","","-4.8","","73","","0.0","","23","","10","","","","101.39","","","","-4","","NA"
"-64.77","46.43","BOUCTOUCHE CDA CS","8100593","2020-12-11 13:00","2020","12","11","13:00","0.4","","-4.5","","70","","0.0","","24","","12","","","","101.40","","","","","","NA"
"-64.77","46.43","BOUCTOUCHE CDA CS","8100593","2020-12-11 14:00","2020","12","11","14:00","0.8","","-3.6","","72","","0.0","","23","","13","","","","101.39","","","","","","NA"
"-64.77","46.43","BOUCTOUCHE CDA CS","8100593","2020-12-11 15:00","2020","12","11","15:00","0.5","","-3.4","","75","","0.0","","23","","10","","","","101.40","","","","","","NA"
"-64.77","46.43","BOUCTOUCHE CDA CS","8100593","2020-12-11 16:00","2020","12","11","16:00","0.2","","-3.2","","78","","0.0","","21","","8","","","","101.45","","","","","","NA"
"-64.77","46.43","BOUCTOUCHE CDA CS","8100593","2020-12-11 17:00","2020","12","11","17:00","-0.2","","-3.0","","81","","0.0","","22","","12","","","","101.45","","","","-4","","NA"
"-64.77","46.43","BOUCTOUCHE CDA CS","8100593","2020-12-11 18:00","2020","12","11","18:00","-0.8","","-3.2","","84","","0.0","","22","","9","","","","101.43","","","","-4","","NA"
"-64.77","46.43","BOUCTOUCHE CDA CS","8100593","2020-12-11 19:00","2020","12","11","19:00","-0.3","","-3.0","","82","","0.0","","20","","10","","","","101.42","","","","-4","","NA"
"-64.77","46.43","BOUCTOUCHE CDA CS","8100593","2020-12-11 20:00","2020","12","11","20:00","0.0","","-2.9","","81","","0.0","","20","","8","","","","101.43","","","","-3","","NA"
"-64.77","46.43","BOUCTOUCHE CDA CS","8100593","2020-12-11 21:00","2020","12","11","21:00","-0.4","","-2.4","","87","","0.0","","19","","3","","","","101.39","","","","-1","","NA"
"-64.77","46.43","BOUCTOUCHE CDA CS","8100593","2020-12-11 22:00","2020","12","11","22:00","0.0","","-1.9","","87","","0.0","","16","","6","","","","101.35","","","","-2","","NA"
"-64.77","46.43","BOUCTOUCHE CDA CS","8100593","2020-12-11 23:00","2020","12","11","23:00","0.1","","-1.2","","91","","0.0","","18","","5","","","","101.34","","","","","","NA"
"-64.77","46.43","BOUCTOUCHE CDA CS","8100593","2020-12-12 00:00","2020","12","12","00:00","0.0","","-1.2","","92","","0.0","","25","","2","","","","101.36","","","","-1","","NA"
"-64.77","46.43","BOUCTOUCHE CDA CS","8100593","2020-12-12 01:00","2020","12","12","01:00","-0.3","","-1.4","","92","","0.0","","23","","5","","","","101.35","","","","-2","","NA"
"-64.77","46.43","BOUCTOUCHE CDA CS","8100593","2020-12-12 02:00","2020","12","12","02:00","-0.4","","-1.7","","91","","0.0","","24","","5","","","","101.38","","","","-2","","NA"
"-64.77","46.43","BOUCTOUCHE CDA CS","8100593","2020-12-12 03:00","2020","12","12","03:00","-0.6","","-2.3","","88","","0.0","","28","","6","","","","101.47","","","","-3","","NA"
"-64.77","46.43","BOUCTOUCHE CDA CS","8100593","2020-12-12 04:00","2020","12","12","04:00","-0.8","","-2.5","","88","","0.0","","28","","7","","","","101.57","","","","-3","","NA"
"-64.77","46.43","BOUCTOUCHE CDA CS","8100593","2020-12-12 05:00","2020","12","12","05:00","-1.2","","-2.8","","89","","0.0","","26","","6","","","","101.65","","","","-3","","NA"
"-64.77","46.43","BOUCTOUCHE CDA CS","8100593","2020-12-12 06:00","2020","12","12","06:00","-1.3","","-2.9","","89","","0.0","","25","","5","","","","101.71","","","","-3","","NA"
"-64.77","46.43","BOUCTOUCHE CDA CS","8100593","2020-12-12 07:00","2020","12","12","07:00","-1.7","","-3.1","","90","","0.0","","29","","7","","","","101.81","","","","-4","","NA"
"-64.77","46.43","BOUCTOUCHE CDA CS","8100593","2020-12-12 08:00","2020","12","12","08:00","-2.1","","-3.8","","88","","0.0","","31","","9","","","","101.89","","","","-6","","NA"
"-64.77","46.43","BOUCTOUCHE CDA CS","8100593","2020-12-12 09:00","2020","12","12","09:00","-0.7","","-3.4","","82","","0.0","","32","","11","","","","101.99","","","","-4","","NA"
"-64.77","46.43","BOUCTOUCHE CDA CS","8100593","2020-12-12 10:00","2020","12","12","10:00","-0.4","","-3.4","","80","","0.0","","32","","12","","","","102.08","","","","-4","","NA"
"-64.77","46.43","BOUCTOUCHE CDA CS","8100593","2020-12-12 11:00","2020","12","12","11:00","0.4","","-3.3","","77","","0.0","","32","","12","","","","102.17","","","","","","NA"
"-64.77","46.43","BOUCTOUCHE CDA CS","8100593","2020-12-12 12:00","2020","12","12","12:00","0.8","","-3.1","","75","","0.0","","33","","4","","","","102.15","","","","","","NA"
"-64.77","46.43","BOUCTOUCHE CDA CS","8100593","2020-12-12 13:00","2020","12","12","13:00","0.9","","-3.1","","75","","0.0","","35","","4","","","","102.15","","","","","","NA"
"-64.77","46.43","BOUCTOUCHE CDA CS","8100593","2020-12-12 14:00","2020","12","12","14:00","0.9","","-3.2","","74","","0.0","","1","","5","","","","102.17","","","","","","NA"
"-64.77","46.43","BOUCTOUCHE CDA CS","8100593","2020-12-12 15:00","2020","12","12","15:00","0.8","","-3.1","","75","","0.0","","1","","5","","","","102.20","","","","","","NA"
"-64.77","46.43","BOUCTOUCHE CDA CS","8100593","2020-12-12 16:00","2020","12","12","16:00","0.5","","-2.7","","79","","0.0","","35","","5","","","","102.24","","","","","","NA"
"-64.77","46.43","BOUCTOUCHE CDA CS","8100593","2020-12-12 17:00","2020","12","12","17:00","-0.2","","-2.8","","83","","0.0","","35","","4","","","","102.22","","","","-1","","NA"
"-64.77","46.43","BOUCTOUCHE CDA CS","8100593","2020-12-12 18:00","2020","12","12","18:00","-0.6","","-3.2","","83","","0.0","","2","","5","","","","102.21","","","","-2","","NA"
"-64.77","46.43","BOUCTOUCHE CDA CS","8100593","2020-12-12 19:00","2020","12","12","19:00","-0.7","","-2.7","","86","","0.0","","9","","2","","","","102.29","","","","-1","","NA"
"-64.77","46.43","BOUCTOUCHE CDA CS","8100593","2020-12-12 20:00","2020","12","12","20:00","0.1","","-2.5","","83","","0.0","","10","","6","","","","102.29","","","","","","NA"
"-64.77","46.43","BOUCTOUCHE CDA CS","8100593","2020-12-12 21:00","2020","12","12","21:00","0.2","","-2.5","","82","","0.0","","7","","11","","","","102.20","","","","","","NA"
"-64.77","46.43","BOUCTOUCHE CDA CS","8100593","2020-12-12 22:00","2020","12","12","22:00","0.5","","-2.6","","79","","0.0","","9","","11","","","","102.17","","","","","","NA"
"-64.77","46.43","BOUCTOUCHE CDA CS","8100593","2020-12-12 23:00","2020","12","12","23:00","0.7","","-2.3","","80","","0.0","","9","","13","","","","102.09","","","","","","NA"
"-64.77","46.43","BOUCTOUCHE CDA CS","8100593","2020-12-13 00:00","2020","12","13","00:00","0.9","","-2.5","","78","","0.0","","8","","14","","","","102.02","","","","","","NA"
"-64.77","46.43","BOUCTOUCHE CDA CS","8100593","2020-12-13 01:00","2020","12","13","01:00","0.1","","-1.4","","90","","0.2","","9","","18","","","","101.90","","","","","","NA"
"-64.77","46.43","BOUCTOUCHE CDA CS","8100593","2020-12-13 02:00","2020","12","13","02:00","-0.4","","-1.0","","95","","1.6","","8","","21","","","","101.76","","","","-6","","NA"
"-64.77","46.43","BOUCTOUCHE CDA CS","8100593","2020-12-13 03:00","2020","12","13","03:00","-0.3","","-0.8","","96","","1.7","","8","","22","","","","101.59","","","","-6","","NA"
"-64.77","46.43","BOUCTOUCHE CDA CS","8100593","2020-12-13 04:00","2020","12","13","04:00","0.1","","-0.4","","97","","1.6","","8","","20","","","","101.45","","","","","","NA"
"-64.77","46.43","BOUCTOUCHE CDA CS","8100593","2020-12-13 05:00","2020","12","13","05:00","0.3","","-0.2","","97","","1.4","","8","","18","","","","101.34","","","","","","NA"
"-64.77","46.43","BOUCTOUCHE CDA CS","8100593","2020-12-13 06:00","2020","12","13","06:00","0.4","","0.0","","97","","0.9","","7","","20","","","","101.19","","","","","","NA"
"-64.77","46.43","BOUCTOUCHE CDA CS","8100593","2020-12-13 07:00","2020","12","13","07:00","0.7","","0.2","","97","","0.9","","8","","20","","","","101.05","","","","","","NA"
"-64.77","46.43","BOUCTOUCHE CDA CS","8100593","2020-12-13 08:00","2020","12","13","08:00","1.0","","0.5","","96","","0.3","","8","","17","","","","101.04","","","","","","NA"
"-64.77","46.43","BOUCTOUCHE CDA CS","8100593","2020-12-13 09:00","2020","12","13","09:00","1.2","","0.7","","97","","0.2","","8","","18","","","","100.90","","","","","","NA"
"-64.77","46.43","BOUCTOUCHE CDA CS","8100593","2020-12-13 10:00","2020","12","13","10:00","1.4","","1.0","","97","","0.2","","6","","13","","","","100.89","","","","","","NA"
"-64.77","46.43","BOUCTOUCHE CDA CS","8100593","2020-12-13 11:00","2020","12","13","11:00","1.7","","1.3","","97","","0.2","","6","","12","","","","100.81","","","","","","NA"
"-64.77","46.43","BOUCTOUCHE CDA CS","8100593","2020-12-13 12:00","2020","12","13","12:00","2.0","","1.7","","97","","0.3","","5","","12","","","","100.74","","","","","","NA"
"-64.77","46.43","BOUCTOUCHE CDA CS","8100593","2020-12-13 13:00","2020","12","13","13:00","2.3","","1.9","","97","","0.2","","5","","9","","","","100.67","","","","","","NA"
"-64.77","46.43","BOUCTOUCHE CDA CS","8100593","2020-12-13 14:00","2020","12","13","14:00","2.6","","2.2","","98","","0.0","","6","","8","","","","100.63","","","","","","NA"
"-64.77","46.43","BOUCTOUCHE CDA CS","8100593","2020-12-13 15:00","2020","12","13","15:00","2.5","","2.2","","98","","0.0","","6","","10","","","","100.52","","","","","","NA"
"-64.77","46.43","BOUCTOUCHE CDA CS","8100593","2020-12-13 16:00","2020","12","13","16:00","2.4","","2.1","","98","","0.0","","7","","9","","","","100.47","","","","","","NA"
"-64.77","46.43","BOUCTOUCHE CDA CS","8100593","2020-12-13 17:00","2020","12","13","17:00","2.3","","2.0","","98","","0.0","","9","","4","","","","100.43","","","","","","NA"
"-64.77","46.43","BOUCTOUCHE CDA CS","8100593","2020-12-13 18:00","2020","12","13","18:00","2.2","","2.0","","98","","0.3","","9","","4","","","","100.37","","","","","","NA"
"-64.77","46.43","BOUCTOUCHE CDA CS","8100593","2020-12-13 19:00","2020","12","13","19:00","1.6","","1.4","","98","","0.0","","","","0","","","","100.32","","","","","","NA"
"-64.77","46.43","BOUCTOUCHE CDA CS","8100593","2020-12-13 20:00","2020","12","13","20:00","1.7","","1.4","","98","","0.5","","22","","2","","","","100.36","","","","","","NA"
"-64.77","46.43","BOUCTOUCHE CDA CS","8100593","2020-12-13 21:00","2020","12","13","21:00","1.6","","1.3","","98","","0.0","","24","","7","","","","100.32","","","","","","NA"
"-64.77","46.43","BOUCTOUCHE CDA CS","8100593","2020-12-13 22:00","2020","12","13","22:00","1.4","","1.1","","98","","0.0","","23","","9","","","","100.37","","","","","","NA"
"-64.77","46.43","BOUCTOUCHE CDA CS","8100593","2020-12-13 23:00","2020","12","13","23:00","1.1","","0.8","","98","","0.0","","25","","9","","","","100.36","","","","","","NA"
"-64.77","46.43","BOUCTOUCHE CDA CS","8100593","2020-12-14 00:00","2020","12","14","00:00","0.9","","0.6","","98","","0.0","","24","","11","","","","100.40","","","","","","NA"
"-64.77","46.43","BOUCTOUCHE CDA CS","8100593","2020-12-14 01:00","2020","12","14","01:00","0.7","","0.4","","98","","0.0","","25","","11","","","","100.44","","","","","","NA"
"-64.77","46.43","BOUCTOUCHE CDA CS","8100593","2020-12-14 02:00","2020","12","14","02:00","0.4","","0.1","","98","","0.0","","25","","9","","","","100.48","","","","","","NA"
"-64.77","46.43","BOUCTOUCHE CDA CS","8100593","2020-12-14 03:00","2020","12","14","03:00","0.3","","0.0","","98","","0.0","","23","","12","","","","100.53","","","","","","NA"
"-64.77","46.43","BOUCTOUCHE CDA CS","8100593","2020-12-14 04:00","2020","12","14","04:00","0.4","","0.1","","98","","0.0","","23","","10","","","","100.53","","","","","","NA"
"-64.77","46.43","BOUCTOUCHE CDA CS","8100593","2020-12-14 05:00","2020","12","14","05:00","0.5","","0.1","","97","","0.0","","22","","9","","","","100.49","","","","","","NA"
"-64.77","46.43","BOUCTOUCHE CDA CS","8100593","2020-12-14 06:00","2020","12","14","06:00","0.4","","0.0","","97","","0.0","","23","","10","","","","100.55","","","","","","NA"
"-64.77","46.43","BOUCTOUCHE CDA CS","8100593","2020-12-14 07:00","2020","12","14","07:00","0.5","","-0.1","","95","","0.0","","23","","10","","","","100.54","","","","","","NA"
"-64.77","46.43","BOUCTOUCHE CDA CS","8100593","2020-12-14 08:00","2020","12","14","08:00","0.2","","-0.6","","94","","0.0","","24","","7","","","","100.61","","","","","","NA"
"-64.77","46.43","BOUCTOUCHE CDA CS","8100593","2020-12-14 09:00","2020","12","14","09:00","0.2","","-0.7","","94","","0.0","","24","","7","","","","100.60","","","","","","NA"
"-64.77","46.43","BOUCTOUCHE CDA CS","8100593","2020-12-14 10:00","2020","12","14","10:00","0.6","","-0.6","","92","","0.0","","23","","11","","","","100.67","","","","","","NA"
"-64.77","46.43","BOUCTOUCHE CDA CS","8100593","2020-12-14 11:00","2020","12","14","11:00","1.1","","-0.5","","89","","0.0","","25","","11","","","","100.67","","","","","","NA"
"-64.77","46.43","BOUCTOUCHE CDA CS","8100593","2020-12-14 12:00","2020","12","14","12:00","1.0","","-0.8","","88","","0.0","","25","","10","","","","100.62","","","","","","NA"
"-64.77","46.43","BOUCTOUCHE CDA CS","8100593","2020-12-14 13:00","2020","12","14","13:00","1.0","","-1.0","","86","","0.0","","26","","9","","","","100.53","","","","","","NA"
"-64.77","46.43","BOUCTOUCHE CDA CS","8100593","2020-12-14 14:00","2020","12","14","14:00","0.9","","-1.2","","86","","0.0","","24","","10","","","","100.52","","","","","","NA"
"-64.77","46.43","BOUCTOUCHE CDA CS","8100593","2020-12-14 15:00","2020","12","14","15:00","0.7","","-1.4","","86","","0.0","","23","","9","","","","100.44","","","","","","NA"
"-64.77","46.43","BOUCTOUCHE CDA CS","8100593","2020-12-14 16:00","2020","12","14","16:00","0.4","","-1.5","","87","","0.0","","29","","5","","","","100.36","","","","","","NA"
"-64.77","46.43","BOUCTOUCHE CDA CS","8100593","2020-12-14 17:00","2020","12","14","17:00","0.0","","-1.8","","88","","0.0","","27","","4","","","","100.32","","","","-1","","NA"
"-64.77","46.43","BOUCTOUCHE CDA CS","8100593","2020-12-14 18:00","2020","12","14","18:00","-0.3","","-1.8","","89","","0.0","","28","","3","","","","100.22","","","","-1","","NA"
"-64.77","46.43","BOUCTOUCHE CDA CS","8100593","2020-12-14 19:00","2020","12","14","19:00","-0.3","","-1.6","","91","","0.0","","23","","5","","","","100.23","","","","-2","","NA"
"-64.77","46.43","BOUCTOUCHE CDA CS","8100593","2020-12-14 20:00","2020","12","14","20:00","-0.4","","-1.6","","92","","0.0","","23","","6","","","","100.17","","","","-2","","NA"
"-64.77","46.43","BOUCTOUCHE CDA CS","8100593","2020-12-14 21:00","2020","12","14","21:00","-0.6","","-1.9","","91","","0.0","","23","","3","","","","100.06","","","","-2","","NA"
"-64.77","46.43","BOUCTOUCHE CDA CS","8100593","2020-12-14 22:00","2020","12","14","22:00","-0.9","","-2.1","","92","","0.0","","24","","6","","","","99.96","","","","-3","","NA"
"-64.77","46.43","BOUCTOUCHE CDA CS","8100593","2020-12-14 23:00","2020","12","14","23:00","-1.0","","-2.5","","89","","0.0","","27","","4","","","","99.82","","","","-2","","NA"
"-64.77","46.43","BOUCTOUCHE CDA CS","8100593","2020-12-15 00:00","2020","12","15","00:00","-1.1","","-2.7","","89","","0.0","","25","","4","","","","99.74","","","","-2","","NA"
"-64.77","46.43","BOUCTOUCHE CDA CS","8100593","2020-12-15 01:00","2020","12","15","01:00","-1.4","","-2.5","","92","","0.0","","28","","8","","","","99.58","","","","-4","","NA"
"-64.77","46.43","BOUCTOUCHE CDA CS","8100593","2020-12-15 02:00","2020","12","15","02:00","-2.3","","-3.2","","93","","0.3","","35","","7","","","","99.52","","","","-5","","NA"
"-64.77","46.43","BOUCTOUCHE CDA CS","8100593","2020-12-15 03:00","2020","12","15","03:00","-2.2","","-3.1","","93","","0.2","","29","","8","","","","99.54","","","","-5","","NA"
"-64.77","46.43","BOUCTOUCHE CDA CS","8100593","2020-12-15 04:00","2020","12","15","04:00","-3.2","","-4.6","","90","","0.0","","28","","17","","","","99.56","","","","-9","","NA"
"-64.77","46.43","BOUCTOUCHE CDA CS","8100593","2020-12-15 05:00","2020","12","15","05:00","-4.3","","-7.4","","79","","0.0","","25","","23","","","","99.55","","","","-11","","NA"
"-64.77","46.43","BOUCTOUCHE CDA CS","8100593","2020-12-15 06:00","2020","12","15","06:00","-5.5","","-8.9","","77","","0.0","","26","","19","","","","99.60","","","","-12","","NA"
"-64.77","46.43","BOUCTOUCHE CDA CS","8100593","2020-12-15 07:00","2020","12","15","07:00","-5.2","","-8.1","","80","","0.0","","26","","17","","","","99.63","","","","-11","","NA"
"-64.77","46.43","BOUCTOUCHE CDA CS","8100593","2020-12-15 08:00","2020","12","15","08:00","-5.1","","-8.3","","78","","0.0","","26","","20","","","","99.68","","","","-12","","NA"
"-64.77","46.43","BOUCTOUCHE CDA CS","8100593","2020-12-15 09:00","2020","12","15","09:00","-4.6","","-7.8","","78","","0.0","","26","","20","","","","99.75","","","","-11","","NA"
"-64.77","46.43","BOUCTOUCHE CDA CS","8100593","2020-12-15 10:00","2020","12","15","10:00","-3.9","","-8.2","","72","","0.0","","25","","24","","","","99.82","","","","-11","","NA"
"-64.77","46.43","BOUCTOUCHE CDA CS","8100593","2020-12-15 11:00","2020","12","15","11:00","-3.7","","-9.3","","65","","0.0","","27","","25","","","","99.87","","","","-11","","NA"
"-64.77","46.43","BOUCTOUCHE CDA CS","8100593","2020-12-15 12:00","2020","12","15","12:00","-3.5","","-10.3","","59","","0.0","","27","","26","","","","99.86","","","","-11","","NA"
"-64.77","46.43","BOUCTOUCHE CDA CS","8100593","2020-12-15 13:00","2020","12","15","13:00","-3.1","","-10.5","","57","","0.0","","28","","23","","","","99.91","","","","-10","","NA"
"-64.77","46.43","BOUCTOUCHE CDA CS","8100593","2020-12-15 14:00","2020","12","15","14:00","-4.4","","-10.4","","63","","0.0","","27","","27","","","","100.02","","","","-12","","NA"
"-64.77","46.43","BOUCTOUCHE CDA CS","8100593","2020-12-15 15:00","2020","12","15","15:00","-5.6","","-11.9","","61","","0.0","","26","","26","","","","100.18","","","","-13","","NA"
"-64.77","46.43","BOUCTOUCHE CDA CS","8100593","2020-12-15 16:00","2020","12","15","16:00","-6.9","","-14.1","","57","","0.0","","26","","29","","","","100.33","","","","-15","","NA"
"-64.77","46.43","BOUCTOUCHE CDA CS","8100593","2020-12-15 17:00","2020","12","15","17:00","-8.1","","-14.6","","60","","0.0","","26","","26","","","","100.50","","","","-16","","NA"
"-64.77","46.43","BOUCTOUCHE CDA CS","8100593","2020-12-15 18:00","2020","12","15","18:00","-9.2","","-15.0","","63","","0.0","","26","","19","","","","100.65","","","","-17","","NA"
"-64.77","46.43","BOUCTOUCHE CDA CS","8100593","2020-12-15 19:00","2020","12","15","19:00","-9.8","","-16.2","","60","","0.0","","27","","22","","","","100.79","","","","-18","","NA"
"-64.77","46.43","BOUCTOUCHE CDA CS","8100593","2020-12-15 20:00","2020","12","15","20:00","-10.5","","-16.1","","63","","0.0","","27","","19","","","","100.92","","","","-18","","NA"
"-64.77","46.43","BOUCTOUCHE CDA CS","8100593","2020-12-15 21:00","2020","12","15","21:00","-10.9","","-16.5","","64","","0.0","","26","","20","","","","101.00","","","","-19","","NA"
"-64.77","46.43","BOUCTOUCHE CDA CS","8100593","2020-12-15 22:00","2020","12","15","22:00","-11.8","","-17.5","","63","","0.0","","27","","21","","","","101.11","","","","-20","","NA"
"-64.77","46.43","BOUCTOUCHE CDA CS","8100593","2020-12-15 23:00","2020","12","15","23:00","-12.7","","-18.6","","61","","0.0","","27","","23","","","","101.16","","","","-22","","NA"
"-64.77","46.43","BOUCTOUCHE CDA CS","8100593","2020-12-16 00:00","2020","12","16","00:00","-13.2","","-18.7","","63","","0.0","","26","","21","","","","101.22","","","","-22","","NA"
"-64.77","46.43","BOUCTOUCHE CDA CS","8100593","2020-12-16 01:00","2020","12","16","01:00","-13.6","","-18.7","","65","","0.0","","26","","24","","","","101.26","","","","-23","","NA"
"-64.77","46.43","BOUCTOUCHE CDA CS","8100593","2020-12-16 02:00","2020","12","16","02:00","-14.2","","-19.4","","65","","0.0","","26","","23","","","","101.32","","","","-24","","NA"
"-64.77","46.43","BOUCTOUCHE CDA CS","8100593","2020-12-16 03:00","2020","12","16","03:00","-14.5","","-19.6","","66","","0.0","","26","","21","","","","101.47","","","","-24","","NA"
"-64.77","46.43","BOUCTOUCHE CDA CS","8100593","2020-12-16 04:00","2020","12","16","04:00","-14.7","","-19.8","","65","","0.0","","27","","22","","","","101.52","","","","-24","","NA"
"-64.77","46.43","BOUCTOUCHE CDA CS","8100593","2020-12-16 05:00","2020","12","16","05:00","-15.1","","-19.9","","67","","0.0","","26","","22","","","","101.62","","","","-25","","NA"
"-64.77","46.43","BOUCTOUCHE CDA CS","8100593","2020-12-16 06:00","2020","12","16","06:00","-15.3","","-20.1","","67","","0.0","","27","","18","","","","101.67","","","","-24","","NA"
"-64.77","46.43","BOUCTOUCHE CDA CS","8100593","2020-12-16 07:00","2020","12","16","07:00","-15.6","","-20.2","","68","","0.0","","26","","18","","","","101.77","","","","-24","","NA"
"-64.77","46.43","BOUCTOUCHE CDA CS","8100593","2020-12-16 08:00","2020","12","16","08:00","-15.9","","-20.4","","68","","0.0","","26","","17","","","","101.84","","","","-25","","NA"
"-64.77","46.43","BOUCTOUCHE CDA CS","8100593","2020-12-16 09:00","2020","12","16","09:00","-15.5","","-20.3","","66","","0.0","","25","","16","","","","101.93","","","","-24","","NA"
"-64.77","46.43","BOUCTOUCHE CDA CS","8100593","2020-12-16 10:00","2020","12","16","10:00","-14.3","","-20.1","","61","","0.0","","26","","16","","","","102.01","","","","-22","","NA"
"-64.77","46.43","BOUCTOUCHE CDA CS","8100593","2020-12-16 11:00","2020","12","16","11:00","-12.0","","-19.3","","55","","0.0","","26","","17","","","","102.03","","","","-20","","NA"
"-64.77","46.43","BOUCTOUCHE CDA CS","8100593","2020-12-16 12:00","2020","12","16","12:00","-10.1","","-18.8","","49","","0.0","","27","","15","","","","101.99","","","","-17","","NA"
"-64.77","46.43","BOUCTOUCHE CDA CS","8100593","2020-12-16 13:00","2020","12","16","13:00","-9.2","","-18.5","","47","","0.0","","26","","16","","","","101.94","","","","-16","","NA"
"-64.77","46.43","BOUCTOUCHE CDA CS","8100593","2020-12-16 14:00","2020","12","16","14:00","-8.4","","-19.0","","42","","0.0","","27","","17","","","","101.98","","","","-15","","NA"
"-64.77","46.43","BOUCTOUCHE CDA CS","8100593","2020-12-16 15:00","2020","12","16","15:00","-8.2","","-18.9","","42","","0.0","","26","","16","","","","102.02","","","","-15","","NA"
"-64.77","46.43","BOUCTOUCHE CDA CS","8100593","2020-12-16 16:00","2020","12","16","16:00","-8.9","","-18.6","","46","","0.0","","28","","12","","","","102.10","","","","-15","","NA"
"-64.77","46.43","BOUCTOUCHE CDA CS","8100593","2020-12-16 17:00","2020","12","16","17:00","-9.8","","-18.5","","49","","0.0","","26","","15","","","","102.17","","","","-16","","NA"
"-64.77","46.43","BOUCTOUCHE CDA CS","8100593","2020-12-16 18:00","2020","12","16","18:00","-10.6","","-18.0","","55","","0.0","","27","","12","","","","102.27","","","","-17","","NA"
"-64.77","46.43","BOUCTOUCHE CDA CS","8100593","2020-12-16 19:00","2020","12","16","19:00","-11.7","","-18.0","","60","","0.0","","26","","9","","","","102.30","","","","-17","","NA"
"-64.77","46.43","BOUCTOUCHE CDA CS","8100593","2020-12-16 20:00","2020","12","16","20:00","-12.8","","-18.1","","65","","0.0","","25","","7","","","","102.30","","","","-17","","NA"
"-64.77","46.43","BOUCTOUCHE CDA CS","8100593","2020-12-16 21:00","2020","12","16","21:00","-13.3","","-18.2","","67","","0.0","","25","","11","","","","102.36","","","","-20","","NA"
"-64.77","46.43","BOUCTOUCHE CDA CS","8100593","2020-12-16 22:00","2020","12","16","22:00","-14.1","","-18.1","","72","","0.0","","26","","10","","","","102.44","","","","-20","","NA"
"-64.77","46.43","BOUCTOUCHE CDA CS","8100593","2020-12-16 23:00","2020","12","16","23:00","-14.8","","-18.8","","72","","0.0","","28","","7","","","","102.33","","","","-20","","NA"
"-64.77","46.43","BOUCTOUCHE CDA CS","8100593","2020-12-17 00:00","2020","12","17","00:00","-15.5","","-18.8","","76","","0.0","","23","","6","","","","102.29","","","","-20","","NA"
"-64.77","46.43","BOUCTOUCHE CDA CS","8100593","2020-12-17 01:00","2020","12","17","01:00","-15.9","","-18.8","","78","","0.0","","23","","10","","","","102.26","","","","-22","","NA"
"-64.77","46.43","BOUCTOUCHE CDA CS","8100593","2020-12-17 02:00","2020","12","17","02:00","-16.0","","-19.0","","78","","0.0","","24","","12","","","","102.26","","","","-23","","NA"
"-64.77","46.43","BOUCTOUCHE CDA CS","8100593","2020-12-17 03:00","2020","12","17","03:00","-16.6","","-19.3","","79","","0.0","","22","","11","","","","102.24","","","","-24","","NA"
"-64.77","46.43","BOUCTOUCHE CDA CS","8100593","2020-12-17 04:00","2020","12","17","04:00","-16.4","","-19.0","","80","","0.0","","24","","7","","","","102.17","","","","-21","","NA"
"-64.77","46.43","BOUCTOUCHE CDA CS","8100593","2020-12-17 05:00","2020","12","17","05:00","-15.8","","-18.8","","78","","0.0","","27","","7","","","","102.09","","","","-21","","NA"
"-64.77","46.43","BOUCTOUCHE CDA CS","8100593","2020-12-17 06:00","2020","12","17","06:00","-15.0","","-18.5","","75","","0.0","","24","","7","","","","102.14","","","","-20","","NA"
"-64.77","46.43","BOUCTOUCHE CDA CS","8100593","2020-12-17 07:00","2020","12","17","07:00","-14.8","","-18.5","","73","","0.0","","28","","7","","","","102.09","","","","-20","","NA"
"-64.77","46.43","BOUCTOUCHE CDA CS","8100593","2020-12-17 08:00","2020","12","17","08:00","-14.4","","-18.0","","74","","0.0","","31","","5","","","","102.02","","","","-18","","NA"
"-64.77","46.43","BOUCTOUCHE CDA CS","8100593","2020-12-17 09:00","2020","12","17","09:00","-13.6","","-17.1","","75","","0.0","","34","","6","","","","101.99","","","","-18","","NA"
"-64.77","46.43","BOUCTOUCHE CDA CS","8100593","2020-12-17 10:00","2020","12","17","10:00","-12.3","","-15.4","","78","","0.0","","33","","8","","","","101.94","","","","-17","","NA"
"-64.77","46.43","BOUCTOUCHE CDA CS","8100593","2020-12-17 11:00","2020","12","17","11:00","-11.2","","-13.6","","82","","0.0","","32","","7","","","","101.86","","","","-15","","NA"
"-64.77","46.43","BOUCTOUCHE CDA CS","8100593","2020-12-17 12:00","2020","12","17","12:00","-10.2","","-12.8","","81","","0.0","","29","","6","","","","101.77","","","","-14","","NA"
"-64.77","46.43","BOUCTOUCHE CDA CS","8100593","2020-12-17 13:00","2020","12","17","13:00","-9.1","","-11.9","","80","","0.0","","31","","6","","","","101.70","","","","-12","","NA"
"-64.77","46.43","BOUCTOUCHE CDA CS","8100593","2020-12-17 14:00","2020","12","17","14:00","-8.0","","-10.8","","80","","0.0","","33","","8","","","","101.61","","","","-12","","NA"
"-64.77","46.43","BOUCTOUCHE CDA CS","8100593","2020-12-17 15:00","2020","12","17","15:00","-7.3","","-10.1","","81","","0.0","","33","","9","","","","101.53","","","","-12","","NA"
"-64.77","46.43","BOUCTOUCHE CDA CS","8100593","2020-12-17 16:00","2020","12","17","16:00","-6.6","","-9.4","","81","","0.0","","34","","9","","","","101.60","","","","-11","","NA"
"-64.77","46.43","BOUCTOUCHE CDA CS","8100593","2020-12-17 17:00","2020","12","17","17:00","-5.9","","-8.3","","83","","0.0","","35","","10","","","","101.59","","","","-10","","NA"
"-64.77","46.43","BOUCTOUCHE CDA CS","8100593","2020-12-17 18:00","2020","12","17","18:00","-3.8","","-6.5","","81","","0.0","","3","","18","","","","101.58","","","","-10","","NA"
"-64.77","46.43","BOUCTOUCHE CDA CS","8100593","2020-12-17 19:00","2020","12","17","19:00","-3.6","","-6.1","","82","","0.0","","2","","22","","","","101.51","","","","-10","","NA"
"-64.77","46.43","BOUCTOUCHE CDA CS","8100593","2020-12-17 20:00","2020","12","17","20:00","-3.7","","-6.0","","84","","0.0","","3","","28","","","","101.48","","","","-11","","NA"
"-64.77","46.43","BOUCTOUCHE CDA CS","8100593","2020-12-17 21:00","2020","12","17","21:00","-3.6","","-5.5","","87","","0.0","","2","","26","","","","101.45","","","","-11","","NA"
"-64.77","46.43","BOUCTOUCHE CDA CS","8100593","2020-12-17 22:00","2020","12","17","22:00","-3.5","","-5.6","","85","","0.0","","2","","26","","","","101.40","","","","-11","","NA"
"-64.77","46.43","BOUCTOUCHE CDA CS","8100593","2020-12-17 23:00","2020","12","17","23:00","-3.5","","-5.4","","86","","0.2","","1","","22","","","","101.36","","","","-10","","NA"
"-64.77","46.43","BOUCTOUCHE CDA CS","8100593","2020-12-18 00:00","2020","12","18","00:00","-3.5","","-5.1","","89","","0.0","","1","","21","","","","101.38","","","","-10","","NA"
"-64.77","46.43","BOUCTOUCHE CDA CS","8100593","2020-12-18 01:00","2020","12","18","01:00","-3.5","","-4.8","","91","","0.0","","36","","18","","","","101.38","","","","-9","","NA"
"-64.77","46.43","BOUCTOUCHE CDA CS","8100593","2020-12-18 02:00","2020","12","18","02:00","-3.5","","-4.8","","91","","0.0","","36","","18","","","","101.40","","","","-9","","NA"
"-64.77","46.43","BOUCTOUCHE CDA CS","8100593","2020-12-18 03:00","2020","12","18","03:00","-3.2","","-4.3","","92","","0.0","","35","","14","","","","101.45","","","","-8","","NA"
"-64.77","46.43","BOUCTOUCHE CDA CS","8100593","2020-12-18 04:00","2020","12","18","04:00","-2.7","","-4.2","","89","","0.0","","35","","16","","","","101.44","","","","-8","","NA"
"-64.77","46.43","BOUCTOUCHE CDA CS","8100593","2020-12-18 05:00","2020","12","18","05:00","-4.6","","-5.7","","92","","0.2","","33","","12","","","","101.47","","","","-9","","NA"
"-64.77","46.43","BOUCTOUCHE CDA CS","8100593","2020-12-18 06:00","2020","12","18","06:00","-4.6","","-5.8","","91","","0.2","","34","","18","","","","101.44","","","","-11","","NA"
"-64.77","46.43","BOUCTOUCHE CDA CS","8100593","2020-12-18 07:00","2020","12","18","07:00","-4.5","","-5.6","","92","","0.0","","34","","16","","","","101.48","","","","-10","","NA"
"-64.77","46.43","BOUCTOUCHE CDA CS","8100593","2020-12-18 08:00","2020","12","18","08:00","-4.2","","-5.2","","93","","0.2","","34","","14","","","","101.49","","","","-9","","NA"
"-64.77","46.43","BOUCTOUCHE CDA CS","8100593","2020-12-18 09:00","2020","12","18","09:00","-3.9","","-4.9","","93","","0.3","","34","","13","","","","101.52","","","","-9","","NA"
"-64.77","46.43","BOUCTOUCHE CDA CS","8100593","2020-12-18 10:00","2020","12","18","10:00","-3.4","","-4.3","","93","","0.0","","33","","11","","","","101.57","","","","-8","","NA"
"-64.77","46.43","BOUCTOUCHE CDA CS","8100593","2020-12-18 11:00","2020","12","18","11:00","-1.2","","-2.6","","91","","0.0","","36","","20","","","","101.56","","","","-7","","NA"
"-64.77","46.43","BOUCTOUCHE CDA CS","8100593","2020-12-18 12:00","2020","12","18","12:00","-0.9","","-1.9","","93","","0.2","","1","","19","","","","101.54","","","","-6","","NA"
"-64.77","46.43","BOUCTOUCHE CDA CS","8100593","2020-12-18 13:00","2020","12","18","13:00","-0.7","","-1.8","","93","","0.3","","1","","22","","","","101.53","","","","-6","","NA"
"-64.77","46.43","BOUCTOUCHE CDA CS","8100593","2020-12-18 14:00","2020","12","18","14:00","-0.9","","-1.8","","93","","0.2","","36","","22","","","","101.52","","","","-7","","NA"
"-64.77","46.43","BOUCTOUCHE CDA CS","8100593","2020-12-18 15:00","2020","12","18","15:00","-1.3","","-2.3","","93","","0.0","","36","","24","","","","101.55","","","","-7","","NA"
"-64.77","46.43","BOUCTOUCHE CDA CS","8100593","2020-12-18 16:00","2020","12","18","16:00","-1.3","","-2.2","","93","","0.0","","36","","21","","","","101.63","","","","-7","","NA"
"-64.77","46.43","BOUCTOUCHE CDA CS","8100593","2020-12-18 17:00","2020","12","18","17:00","-1.3","","-2.2","","93","","0.2","","36","","22","","","","101.70","","","","-7","","NA"
"-64.77","46.43","BOUCTOUCHE CDA CS","8100593","2020-12-18 18:00","2020","12","18","18:00","-1.5","","-2.4","","94","","0.0","","36","","21","","","","101.75","","","","-7","","NA"
"-64.77","46.43","BOUCTOUCHE CDA CS","8100593","2020-12-18 19:00","2020","12","18","19:00","-1.6","","-2.6","","93","","0.0","","35","","21","","","","101.77","","","","-7","","NA"
"-64.77","46.43","BOUCTOUCHE CDA CS","8100593","2020-12-18 20:00","2020","12","18","20:00","-1.3","","-2.5","","91","","0.0","","35","","18","","","","101.80","","","","-7","","NA"
"-64.77","46.43","BOUCTOUCHE CDA CS","8100593","2020-12-18 21:00","2020","12","18","21:00","-1.3","","-2.5","","92","","0.2","","36","","16","","","","101.82","","","","-6","","NA"
"-64.77","46.43","BOUCTOUCHE CDA CS","8100593","2020-12-18 22:00","2020","12","18","22:00","-1.5","","-3.0","","90","","0.0","","36","","19","","","","101.82","","","","-7","","NA"
"-64.77","46.43","BOUCTOUCHE CDA CS","8100593","2020-12-18 23:00","2020","12","18","23:00","-1.7","","-3.7","","86","","0.0","","36","","16","","","","101.81","","","","-7","","NA"
"-64.77","46.43","BOUCTOUCHE CDA CS","8100593","2020-12-19 00:00","2020","12","19","00:00","-1.8","","-3.8","","86","","0.0","","35","","15","","","","101.83","","","","-7","","NA"
"-64.77","46.43","BOUCTOUCHE CDA CS","8100593","2020-12-19 01:00","2020","12","19","01:00","-1.8","","-4.2","","84","","0.0","","35","","14","","","","101.82","","","","-6","","NA"
"-64.77","46.43","BOUCTOUCHE CDA CS","8100593","2020-12-19 02:00","2020","12","19","02:00","-2.2","","-3.9","","88","","0.0","","35","","14","","","","101.87","","","","-7","","NA"
"-64.77","46.43","BOUCTOUCHE CDA CS","8100593","2020-12-19 03:00","2020","12","19","03:00","-2.7","","-4.4","","88","","0.0","","33","","15","","","","101.93","","","","-8","","NA"
"-64.77","46.43","BOUCTOUCHE CDA CS","8100593","2020-12-19 04:00","2020","12","19","04:00","-3.4","","-4.9","","90","","0.0","","33","","12","","","","101.93","","","","-8","","NA"
"-64.77","46.43","BOUCTOUCHE CDA CS","8100593","2020-12-19 05:00","2020","12","19","05:00","-3.7","","-5.1","","90","","0.0","","32","","14","","","","101.95","","","","-9","","NA"
"-64.77","46.43","BOUCTOUCHE CDA CS","8100593","2020-12-19 06:00","2020","12","19","06:00","-3.8","","-5.3","","89","","0.0","","33","","10","","","","101.97","","","","-8","","NA"
"-64.77","46.43","BOUCTOUCHE CDA CS","8100593","2020-12-19 07:00","2020","12","19","07:00","-3.9","","-5.4","","89","","0.0","","32","","13","","","","101.99","","","","-9","","NA"
"-64.77","46.43","BOUCTOUCHE CDA CS","8100593","2020-12-19 08:00","2020","12","19","08:00","-4.0","","-5.4","","90","","0.0","","32","","9","","","","102.01","","","","-8","","NA"
"-64.77","46.43","BOUCTOUCHE CDA CS","8100593","2020-12-19 09:00","2020","12","19","09:00","-3.9","","-5.4","","89","","0.0","","32","","7","","","","102.05","","","","-7","","NA"
"-64.77","46.43","BOUCTOUCHE CDA CS","8100593","2020-12-19 10:00","2020","12","19","10:00","-3.5","","-5.3","","87","","0.0","","33","","7","","","","102.06","","","","-6","","NA"
"-64.77","46.43","BOUCTOUCHE CDA CS","8100593","2020-12-19 11:00","2020","12","19","11:00","-3.2","","-5.1","","87","","0.0","","32","","8","","","","102.07","","","","-6","","NA"
"-64.77","46.43","BOUCTOUCHE CDA CS","8100593","2020-12-19 12:00","2020","12","19","12:00","-2.9","","-4.8","","86","","0.0","","31","","12","","","","102.04","","","","-7","","NA"
"-64.77","46.43","BOUCTOUCHE CDA CS","8100593","2020-12-19 13:00","2020","12","19","13:00","-2.6","","-4.6","","87","","0.0","","32","","10","","","","102.01","","","","-6","","NA"
"-64.77","46.43","BOUCTOUCHE CDA CS","8100593","2020-12-19 14:00","2020","12","19","14:00","-2.5","","-4.6","","86","","0.0","","32","","8","","","","102.00","","","","-6","","NA"
"-64.77","46.43","BOUCTOUCHE CDA CS","8100593","2020-12-19 15:00","2020","12","19","15:00","-2.5","","-4.5","","86","","0.0","","31","","8","","","","102.00","","","","-6","","NA"
"-64.77","46.43","BOUCTOUCHE CDA CS","8100593","2020-12-19 16:00","2020","12","19","16:00","-2.5","","-4.5","","86","","0.0","","29","","6","","","","102.01","","","","-5","","NA"
"-64.77","46.43","BOUCTOUCHE CDA CS","8100593","2020-12-19 17:00","2020","12","19","17:00","-2.7","","-5.2","","83","","0.0","","29","","3","","","","102.00","","","","-4","","NA"
"-64.77","46.43","BOUCTOUCHE CDA CS","8100593","2020-12-19 18:00","2020","12","19","18:00","-2.9","","-5.4","","83","","0.0","","23","","2","","","","102.01","","","","-4","","NA"
"-64.77","46.43","BOUCTOUCHE CDA CS","8100593","2020-12-19 19:00","2020","12","19","19:00","-2.8","","-5.6","","81","","0.0","","0","","1","","","","102.04","","","","-3","","NA"
"-64.77","46.43","BOUCTOUCHE CDA CS","8100593","2020-12-19 20:00","2020","12","19","20:00","-3.0","","-5.2","","84","","0.0","","22","","6","","","","102.06","","","","-5","","NA"
"-64.77","46.43","BOUCTOUCHE CDA CS","8100593","2020-12-19 21:00","2020","12","19","21:00","-3.1","","-5.1","","86","","0.0","","21","","7","","","","102.03","","","","-6","","NA"
"-64.77","46.43","BOUCTOUCHE CDA CS","8100593","2020-12-19 22:00","2020","12","19","22:00","-3.5","","-5.4","","87","","0.0","","23","","10","","","","102.02","","","","-7","","NA"
"-64.77","46.43","BOUCTOUCHE CDA CS","8100593","2020-12-19 23:00","2020","12","19","23:00","-3.8","","-5.9","","85","","0.0","","24","","12","","","","102.01","","","","-8","","NA"
"-64.77","46.43","BOUCTOUCHE CDA CS","8100593","2020-12-20 00:00","2020","12","20","00:00","-4.0","","-6.0","","85","","0.0","","22","","10","","","","101.99","","","","-8","","NA"
"-64.77","46.43","BOUCTOUCHE CDA CS","8100593","2020-12-20 01:00","2020","12","20","01:00","-4.3","","-6.5","","85","","0.0","","22","","10","","","","101.93","","","","-8","","NA"
"-64.77","46.43","BOUCTOUCHE CDA CS","8100593","2020-12-20 02:00","2020","12","20","02:00","-4.6","","-6.7","","85","","0.0","","21","","13","","","","101.87","","","","-10","","NA"
"-64.77","46.43","BOUCTOUCHE CDA CS","8100593","2020-12-20 03:00","2020","12","20","03:00","-4.9","","-6.8","","86","","0.0","","22","","11","","","","101.94","","","","-9","","NA"
"-64.77","46.43","BOUCTOUCHE CDA CS","8100593","2020-12-20 04:00","2020","12","20","04:00","-5.1","","-6.8","","88","","0.0","","23","","11","","","","101.94","","","","-10","","NA"
"-64.77","46.43","BOUCTOUCHE CDA CS","8100593","2020-12-20 05:00","2020","12","20","05:00","-6.1","","-7.7","","88","","0.0","","22","","14","","","","101.91","","","","-12","","NA"
"-64.77","46.43","BOUCTOUCHE CDA CS","8100593","2020-12-20 06:00","2020","12","20","06:00","-6.7","","-8.2","","89","","0.0","","23","","11","","","","101.93","","","","-12","","NA"
"-64.77","46.43","BOUCTOUCHE CDA CS","8100593","2020-12-20 07:00","2020","12","20","07:00","-7.4","","-8.6","","91","","0.0","","22","","12","","","","101.94","","","","-13","","NA"
"-64.77","46.43","BOUCTOUCHE CDA CS","8100593","2020-12-20 08:00","2020","12","20","08:00","-8.5","","-9.8","","90","","0.0","","22","","5","","","","101.95","","","","-11","","NA"
"-64.77","46.43","BOUCTOUCHE CDA CS","8100593","2020-12-20 09:00","2020","12","20","09:00","-8.0","","-9.3","","90","","0.0","","21","","5","","","","101.99","","","","-11","","NA"
"-64.77","46.43","BOUCTOUCHE CDA CS","8100593","2020-12-20 10:00","2020","12","20","10:00","-6.1","","-8.1","","86","","0.0","","21","","5","","","","101.97","","","","-9","","NA"
"-64.77","46.43","BOUCTOUCHE CDA CS","8100593","2020-12-20 11:00","2020","12","20","11:00","-4.5","","-7.7","","78","","0.0","","23","","7","","","","101.95","","","","-8","","NA"
"-64.77","46.43","BOUCTOUCHE CDA CS","8100593","2020-12-20 12:00","2020","12","20","12:00","-3.5","","-6.5","","79","","0.0","","20","","4","","","","101.88","","","","-5","","NA"
"-64.77","46.43","BOUCTOUCHE CDA CS","8100593","2020-12-20 13:00","2020","12","20","13:00","-2.3","","-6.5","","73","","0.0","","23","","7","","","","101.83","","","","-5","","NA"
"-64.77","46.43","BOUCTOUCHE CDA CS","8100593","2020-12-20 14:00","2020","12","20","14:00","-1.8","","-5.6","","75","","0.0","","20","","9","","","","101.84","","","","-5","","NA"
"-64.77","46.43","BOUCTOUCHE CDA CS","8100593","2020-12-20 15:00","2020","12","20","15:00","-1.4","","-5.0","","76","","0.0","","19","","5","","","","101.79","","","","-3","","NA"
"-64.77","46.43","BOUCTOUCHE CDA CS","8100593","2020-12-20 16:00","2020","12","20","16:00","-2.4","","-5.1","","81","","0.0","","16","","5","","","","101.76","","","","-4","","NA"
"-64.77","46.43","BOUCTOUCHE CDA CS","8100593","2020-12-20 17:00","2020","12","20","17:00","-1.9","","-4.6","","82","","0.0","","15","","7","","","","101.75","","","","-5","","NA"
"-64.77","46.43","BOUCTOUCHE CDA CS","8100593","2020-12-20 18:00","2020","12","20","18:00","-1.9","","-4.1","","85","","0.0","","13","","8","","","","101.72","","","","-5","","NA"
"-64.77","46.43","BOUCTOUCHE CDA CS","8100593","2020-12-20 19:00","2020","12","20","19:00","-1.7","","-3.8","","86","","0.0","","15","","8","","","","101.71","","","","-5","","NA"
"-64.77","46.43","BOUCTOUCHE CDA CS","8100593","2020-12-20 20:00","2020","12","20","20:00","-2.3","","-3.9","","88","","0.0","","14","","12","","","","101.66","","","","-7","","NA"
"-64.77","46.43","BOUCTOUCHE CDA CS","8100593","2020-12-20 21:00","2020","12","20","21:00","-1.8","","-3.2","","90","","0.0","","13","","9","","","","101.58","","","","-5","","NA"
"-64.77","46.43","BOUCTOUCHE CDA CS","8100593","2020-12-20 22:00","2020","12","20","22:00","-1.4","","-2.7","","91","","0.0","","15","","7","","","","101.56","","","","-4","","NA"
"-64.77","46.43","BOUCTOUCHE CDA CS","8100593","2020-12-20 23:00","2020","12","20","23:00","-0.6","","-1.5","","94","","0.0","","14","","9","","","","101.50","","","","-4","","NA"
"-64.77","46.43","BOUCTOUCHE CDA CS","8100593","2020-12-21 00:00","2020","12","21","00:00","-0.2","","-0.9","","95","","0.0","","14","","12","","","","101.39","","","","-4","","NA"
"-64.77","46.43","BOUCTOUCHE CDA CS","8100593","2020-12-21 01:00","2020","12","21","01:00","0.4","","-0.3","","95","","0.0","","15","","14","","","","101.34","","","","","","NA"
"-64.77","46.43","BOUCTOUCHE CDA CS","8100593","2020-12-21 02:00","2020","12","21","02:00","0.7","","0.0","","95","","0.2","","15","","14","","","","101.26","","","","","","NA"
"-64.77","46.43","BOUCTOUCHE CDA CS","8100593","2020-12-21 03:00","2020","12","21","03:00","0.9","","0.1","","94","","0.0","","15","","14","","","","101.24","","","","","","NA"
"-64.77","46.43","BOUCTOUCHE CDA CS","8100593","2020-12-21 04:00","2020","12","21","04:00","1.2","","0.3","","94","","0.0","","15","","13","","","","101.17","","","","","","NA"
"-64.77","46.43","BOUCTOUCHE CDA CS","8100593","2020-12-21 05:00","2020","12","21","05:00","1.3","","0.4","","94","","0.0","","14","","13","","","","101.10","","","","","","NA"
"-64.77","46.43","BOUCTOUCHE CDA CS","8100593","2020-12-21 06:00","2020","12","21","06:00","1.2","","0.5","","95","","0.0","","13","","13","","","","101.00","","","","","","NA"
"-64.77","46.43","BOUCTOUCHE CDA CS","8100593","2020-12-21 07:00","2020","12","21","07:00","1.3","","0.6","","96","","0.0","","13","","12","","","","100.94","","","","","","NA"
"-64.77","46.43","BOUCTOUCHE CDA CS","8100593","2020-12-21 08:00","2020","12","21","08:00","1.6","","1.0","","96","","0.2","","14","","16","","","","100.88","","","","","","NA"
"-64.77","46.43","BOUCTOUCHE CDA CS","8100593","2020-12-21 09:00","2020","12","21","09:00","1.9","","1.3","","96","","0.0","","14","","14","","","","100.84","","","","","","NA"
"-64.77","46.43","BOUCTOUCHE CDA CS","8100593","2020-12-21 10:00","2020","12","21","10:00","2.4","","1.8","","96","","0.0","","14","","9","","","","100.79","","","","","","NA"
"-64.77","46.43","BOUCTOUCHE CDA CS","8100593","2020-12-21 11:00","2020","12","21","11:00","2.9","","2.5","","97","","0.0","","14","","10","","","","100.67","","","","","","NA"
"-64.77","46.43","BOUCTOUCHE CDA CS","8100593","2020-12-21 12:00","2020","12","21","12:00","3.8","","3.1","","95","","0.0","","14","","3","","","","100.55","","","","","","NA"
"-64.77","46.43","BOUCTOUCHE CDA CS","8100593","2020-12-21 13:00","2020","12","21","13:00","4.1","","3.1","","93","","0.0","","36","","4","","","","100.44","","","","","","NA"
"-64.77","46.43","BOUCTOUCHE CDA CS","8100593","2020-12-21 14:00","2020","12","21","14:00","3.9","","2.5","","91","","0.0","","4","","4","","","","100.37","","","","","","NA"
"-64.77","46.43","BOUCTOUCHE CDA CS","8100593","2020-12-21 15:00","2020","12","21","15:00","3.7","","2.5","","92","","0.0","","4","","5","","","","100.30","","","","","","NA"
"-64.77","46.43","BOUCTOUCHE CDA CS","8100593","2020-12-21 16:00","2020","12","21","16:00","2.4","","1.8","","96","","0.0","","6","","6","","","","100.29","","","","","","NA"
"-64.77","46.43","BOUCTOUCHE CDA CS","8100593","2020-12-21 17:00","2020","12","21","17:00","1.9","","1.6","","97","","0.0","","2","","5","","","","100.26","","","","","","NA"
"-64.77","46.43","BOUCTOUCHE CDA CS","8100593","2020-12-21 18:00","2020","12","21","18:00","2.0","","1.7","","98","","0.0","","36","","7","","","","100.20","","","","","","NA"
"-64.77","46.43","BOUCTOUCHE CDA CS","8100593","2020-12-21 19:00","2020","12","21","19:00","1.6","","1.3","","98","","0.0","","2","","18","","","","100.05","","","","","","NA"
"-64.77","46.43","BOUCTOUCHE CDA CS","8100593","2020-12-21 20:00","2020","12","21","20:00","1.7","","1.4","","98","","0.0","","1","","13","","","","99.94","","","","","","NA"
"-64.77","46.43","BOUCTOUCHE CDA CS","8100593","2020-12-21 21:00","2020","12","21","21:00","1.5","","1.2","","97","","0.0","","1","","12","","","","99.80","","","","","","NA"
"-64.77","46.43","BOUCTOUCHE CDA CS","8100593","2020-12-21 22:00","2020","12","21","22:00","0.9","","0.5","","97","","0.2","","36","","15","","","","99.64","","","","","","NA"
"-64.77","46.43","BOUCTOUCHE CDA CS","8100593","2020-12-21 23:00","2020","12","21","23:00","0.1","","-0.3","","98","","0.6","","35","","18","","","","99.48","","","","","","NA"
"-64.77","46.43","BOUCTOUCHE CDA CS","8100593","2020-12-22 00:00","2020","12","22","00:00","0.3","","-0.1","","97","","1.3","","35","","19","","","","99.29","","","","","","NA"
"-64.77","46.43","BOUCTOUCHE CDA CS","8100593","2020-12-22 01:00","2020","12","22","01:00","1.0","","0.5","","96","","2.3","","35","","15","","","","99.15","","","","","","NA"
"-64.77","46.43","BOUCTOUCHE CDA CS","8100593","2020-12-22 02:00","2020","12","22","02:00","0.5","","0.0","","96","","4.0","","34","","18","","","","98.97","","","","","","NA"
"-64.77","46.43","BOUCTOUCHE CDA CS","8100593","2020-12-22 03:00","2020","12","22","03:00","0.2","","-0.3","","97","","2.5","","35","","18","","","","98.94","","","","","","NA"
"-64.77","46.43","BOUCTOUCHE CDA CS","8100593","2020-12-22 04:00","2020","12","22","04:00","0.0","","-0.3","","97","","1.0","","34","","26","","","","98.74","","","","-6","","NA"
"-64.77","46.43","BOUCTOUCHE CDA CS","8100593","2020-12-22 05:00","2020","12","22","05:00","0.0","","-0.4","","97","","0.4","","33","","21","","","","98.66","","","","-5","","NA"
"-64.77","46.43","BOUCTOUCHE CDA CS","8100593","2020-12-22 06:00","2020","12","22","06:00","-0.1","","-0.5","","97","","0.6","","31","","27","","","","98.60","","","","-6","","NA"
"-64.77","46.43","BOUCTOUCHE CDA CS","8100593","2020-12-22 07:00","2020","12","22","07:00","-0.2","","-0.6","","97","","0.7","","30","","19","","","","98.63","","","","-5","","NA"
"-64.77","46.43","BOUCTOUCHE CDA CS","8100593","2020-12-22 08:00","2020","12","22","08:00","-0.4","","-0.7","","98","","0.6","","29","","18","","","","98.64","","","","-5","","NA"
"-64.77","46.43","BOUCTOUCHE CDA CS","8100593","2020-12-22 09:00","2020","12","22","09:00","-0.6","","-0.9","","98","","0.2","","29","","17","","","","98.65","","","","-6","","NA"
"-64.77","46.43","BOUCTOUCHE CDA CS","8100593","2020-12-22 10:00","2020","12","22","10:00","-0.5","","-0.9","","97","","0.0","","27","","19","","","","98.72","","","","-6","","NA"
"-64.77","46.43","BOUCTOUCHE CDA CS","8100593","2020-12-22 11:00","2020","12","22","11:00","-0.5","","-1.0","","97","","0.0","","26","","19","","","","98.75","","","","-6","","NA"
"-64.77","46.43","BOUCTOUCHE CDA CS","8100593","2020-12-22 12:00","2020","12","22","12:00","-0.3","","-0.8","","96","","6.9","","26","","20","","","","98.76","","","","-6","","NA"
"-64.77","46.43","BOUCTOUCHE CDA CS","8100593","2020-12-22 13:00","2020","12","22","13:00","-0.2","","-0.8","","95","","0.2","","26","","22","","","","98.79","","","","-6","","NA"
"-64.77","46.43","BOUCTOUCHE CDA CS","8100593","2020-12-22 14:00","2020","12","22","14:00","-0.2","","-0.9","","95","","0.0","","26","","19","","","","98.83","","","","-5","","NA"
"-64.77","46.43","BOUCTOUCHE CDA CS","8100593","2020-12-22 15:00","2020","12","22","15:00","-0.1","","-0.8","","95","","0.0","","25","","21","","","","98.94","","","","-6","","NA"
"-64.77","46.43","BOUCTOUCHE CDA CS","8100593","2020-12-22 16:00","2020","12","22","16:00","-0.2","","-0.9","","95","","0.0","","25","","18","","","","99.03","","","","-5","","NA"
"-64.77","46.43","BOUCTOUCHE CDA CS","8100593","2020-12-22 17:00","2020","12","22","17:00","-0.5","","-1.3","","94","","0.0","","24","","20","","","","99.15","","","","-6","","NA"
"-64.77","46.43","BOUCTOUCHE CDA CS","8100593","2020-12-22 18:00","2020","12","22","18:00","-0.7","","-1.7","","94","","0.0","","24","","17","","","","99.28","","","","-6","","NA"
"-64.77","46.43","BOUCTOUCHE CDA CS","8100593","2020-12-22 19:00","2020","12","22","19:00","-0.9","","-1.8","","94","","0.0","","24","","15","","","","99.36","","","","-6","","NA"
"-64.77","46.43","BOUCTOUCHE CDA CS","8100593","2020-12-22 20:00","2020","12","22","20:00","-0.8","","-1.8","","93","","0.0","","24","","17","","","","99.47","","","","-6","","NA"
"-64.77","46.43","BOUCTOUCHE CDA CS","8100593","2020-12-22 21:00","2020","12","22","21:00","-0.6","","-1.7","","92","","0.0","","25","","14","","","","99.54","","","","-5","","NA"
"-64.77","46.43","BOUCTOUCHE CDA CS","8100593","2020-12-22 22:00","2020","12","22","22:00","-0.8","","-2.1","","91","","0.0","","25","","18","","","","99.60","","","","-6","","NA"
"-64.77","46.43","BOUCTOUCHE CDA CS","8100593","2020-12-22 23:00","2020","12","22","23:00","-1.0","","-2.3","","91","","0.0","","25","","18","","","","99.71","","","","-6","","NA"
"-64.77","46.43","BOUCTOUCHE CDA CS","8100593","2020-12-23 00:00","2020","12","23","00:00","-1.4","","-2.7","","91","","0.0","","25","","16","","","","99.82","","","","-6","","NA"
"-64.77","46.43","BOUCTOUCHE CDA CS","8100593","2020-12-23 01:00","2020","12","23","01:00","-1.5","","-2.8","","90","","0.0","","26","","20","","","","99.92","","","","-7","","NA"
"-64.77","46.43","BOUCTOUCHE CDA CS","8100593","2020-12-23 02:00","2020","12","23","02:00","-1.5","","-3.0","","89","","0.0","","27","","16","","","","100.02","","","","-6","","NA"
"-64.77","46.43","BOUCTOUCHE CDA CS","8100593","2020-12-23 03:00","2020","12","23","03:00","-1.7","","-2.9","","92","","0.0","","25","","13","","","","100.15","","","","-6","","NA"
"-64.77","46.43","BOUCTOUCHE CDA CS","8100593","2020-12-23 04:00","2020","12","23","04:00","-1.3","","-2.4","","92","","0.0","","26","","10","","","","100.24","","","","-5","","NA"
"-64.77","46.43","BOUCTOUCHE CDA CS","8100593","2020-12-23 05:00","2020","12","23","05:00","-1.2","","-2.2","","92","","0.0","","25","","7","","","","100.32","","","","-4","","NA"
"-64.77","46.43","BOUCTOUCHE CDA CS","8100593","2020-12-23 06:00","2020","12","23","06:00","-0.9","","-2.0","","93","","0.0","","26","","15","","","","100.46","","","","-6","","NA"
"-64.77","46.43","BOUCTOUCHE CDA CS","8100593","2020-12-23 07:00","2020","12","23","07:00","-1.5","","-3.3","","88","","0.0","","28","","20","","","","100.62","","","","-7","","NA"
"-64.77","46.43","BOUCTOUCHE CDA CS","8100593","2020-12-23 08:00","2020","12","23","08:00","-4.5","","-7.1","","82","","0.0","","27","","25","","","","100.87","","","","-12","","NA"
"-64.77","46.43","BOUCTOUCHE CDA CS","8100593","2020-12-23 09:00","2020","12","23","09:00","-6.1","","-8.6","","82","","0.0","","28","","19","","","","101.06","","","","-13","","NA"
"-64.77","46.43","BOUCTOUCHE CDA CS","8100593","2020-12-23 10:00","2020","12","23","10:00","-7.1","","-10.0","","80","","0.0","","29","","21","","","","101.28","","","","-14","","NA"
"-64.77","46.43","BOUCTOUCHE CDA CS","8100593","2020-12-23 11:00","2020","12","23","11:00","-7.2","","-10.2","","79","","0.0","","28","","19","","","","101.43","","","","-14","","NA"
"-64.77","46.43","BOUCTOUCHE CDA CS","8100593","2020-12-23 12:00","2020","12","23","12:00","-7.2","","-10.4","","78","","0.0","","29","","21","","","","101.49","","","","-15","","NA"
"-64.77","46.43","BOUCTOUCHE CDA CS","8100593","2020-12-23 13:00","2020","12","23","13:00","-7.5","","-11.0","","76","","0.0","","30","","16","","","","101.54","","","","-14","","NA"
"-64.77","46.43","BOUCTOUCHE CDA CS","8100593","2020-12-23 14:00","2020","12","23","14:00","-7.3","","-10.5","","78","","0.0","","29","","12","","","","101.64","","","","-13","","NA"
"-64.77","46.43","BOUCTOUCHE CDA CS","8100593","2020-12-23 15:00","2020","12","23","15:00","-7.4","","-10.8","","77","","0.0","","26","","14","","","","101.79","","","","-13","","NA"
"-64.77","46.43","BOUCTOUCHE CDA CS","8100593","2020-12-23 16:00","2020","12","23","16:00","-7.6","","-11.2","","75","","0.0","","26","","11","","","","101.90","","","","-13","","NA"
"-64.77","46.43","BOUCTOUCHE CDA CS","8100593","2020-12-23 17:00","2020","12","23","17:00","-9.0","","-11.9","","79","","0.0","","24","","8","","","","102.04","","","","-13","","NA"
"-64.77","46.43","BOUCTOUCHE CDA CS","8100593","2020-12-23 18:00","2020","12","23","18:00","-9.9","","-12.1","","84","","0.0","","23","","9","","","","102.14","","","","-15","","NA"
"-64.77","46.43","BOUCTOUCHE CDA CS","8100593","2020-12-23 19:00","2020","12","23","19:00","-10.5","","-12.6","","85","","0.0","","24","","9","","","","102.22","","","","-15","","NA"
"-64.77","46.43","BOUCTOUCHE CDA CS","8100593","2020-12-23 20:00","2020","12","23","20:00","-12.2","","-14.0","","86","","0.0","","23","","5","","","","102.25","","","","-15","","NA"
"-64.77","46.43","BOUCTOUCHE CDA CS","8100593","2020-12-23 21:00","2020","12","23","21:00","-13.2","","-15.0","","86","","0.0","","21","","6","","","","102.30","","","","-17","","NA"
"-64.77","46.43","BOUCTOUCHE CDA CS","8100593","2020-12-23 22:00","2020","12","23","22:00","-13.4","","-14.9","","89","","0.0","","22","","9","","","","102.40","","","","-19","","NA"
"-64.77","46.43","BOUCTOUCHE CDA CS","8100593","2020-12-23 23:00","2020","12","23","23:00","-13.6","","-15.2","","88","","0.0","","20","","4","","","","102.48","","","","-16","","NA"
"-64.77","46.43","BOUCTOUCHE CDA CS","8100593","2020-12-24 00:00","2020","12","24","00:00","-14.6","","-16.0","","89","","0.0","","20","","6","","","","102.53","","","","-19","","NA"
"-64.77","46.43","BOUCTOUCHE CDA CS","8100593","2020-12-24 01:00","2020","12","24","01:00","-15.7","","-17.5","","86","","0.0","","21","","6","","","","102.50","","","","-20","","NA"
"-64.77","46.43","BOUCTOUCHE CDA CS","8100593","2020-12-24 02:00","2020","12","24","02:00","-15.1","","-16.8","","87","","0.0","","19","","3","","","","102.51","","","","-17","","NA"
"-64.77","46.43","BOUCTOUCHE CDA CS","8100593","2020-12-24 03:00","2020","12","24","03:00","-14.8","","-16.8","","85","","0.0","","23","","5","","","","102.59","","","","-18","","NA"
"-64.77","46.43","BOUCTOUCHE CDA CS","8100593","2020-12-24 04:00","2020","12","24","04:00","-11.0","","-13.3","","83","","0.0","","17","","3","","","","102.57","","","","-13","","NA"
"-64.77","46.43","BOUCTOUCHE CDA CS","8100593","2020-12-24 05:00","2020","12","24","05:00","-10.1","","-12.7","","81","","0.0","","15","","9","","","","102.49","","","","-15","","NA"
"-64.77","46.43","BOUCTOUCHE CDA CS","8100593","2020-12-24 06:00","2020","12","24","06:00","-9.0","","-12.3","","77","","0.0","","15","","10","","","","102.50","","","","-14","","NA"
"-64.77","46.43","BOUCTOUCHE CDA CS","8100593","2020-12-24 07:00","2020","12","24","07:00","-9.0","","-11.4","","82","","0.0","","15","","5","","","","102.51","","","","-12","","NA"
"-64.77","46.43","BOUCTOUCHE CDA CS","8100593","2020-12-24 08:00","2020","12","24","08:00","-8.6","","-10.5","","86","","0.0","","13","","9","","","","102.53","","","","-13","","NA"
"-64.77","46.43","BOUCTOUCHE CDA CS","8100593","2020-12-24 09:00","2020","12","24","09:00","-6.2","","-8.3","","85","","0.0","","15","","8","","","","102.51","","","","-10","","NA"
"-64.77","46.43","BOUCTOUCHE CDA CS","8100593","2020-12-24 10:00","2020","12","24","10:00","-3.9","","-6.1","","85","","0.0","","16","","13","","","","102.52","","","","-9","","NA"
"-64.77","46.43","BOUCTOUCHE CDA CS","8100593","2020-12-24 11:00","2020","12","24","11:00","-1.1","","-3.3","","85","","0.0","","17","","10","","","","102.41","","","","-5","","NA"
"-64.77","46.43","BOUCTOUCHE CDA CS","8100593","2020-12-24 12:00","2020","12","24","12:00","0.7","","-1.2","","87","","0.0","","17","","13","","","","102.36","","","","","","NA"
"-64.77","46.43","BOUCTOUCHE CDA CS","8100593","2020-12-24 13:00","2020","12","24","13:00","2.2","","0.2","","87","","0.0","","17","","16","","","","102.32","","","","","","NA"
"-64.77","46.43","BOUCTOUCHE CDA CS","8100593","2020-12-24 14:00","2020","12","24","14:00","2.6","","0.9","","89","","0.0","","18","","12","","","","102.29","","","","","","NA"
"-64.77","46.43","BOUCTOUCHE CDA CS","8100593","2020-12-24 15:00","2020","12","24","15:00","4.3","","1.7","","83","","0.0","","17","","18","","","","102.22","","","","","","NA"
"-64.77","46.43","BOUCTOUCHE CDA CS","8100593","2020-12-24 16:00","2020","12","24","16:00","3.6","","1.4","","86","","0.0","","15","","23","","","","102.23","","","","","","NA"
"-64.77","46.43","BOUCTOUCHE CDA CS","8100593","2020-12-24 17:00","2020","12","24","17:00","3.7","","1.1","","83","","0.2","","15","","22","","","","102.26","","","","","","NA"
"-64.77","46.43","BOUCTOUCHE CDA CS","8100593","2020-12-24 18:00","2020","12","24","18:00","3.4","","0.7","","83","","0.0","","16","","20","","","","102.32","","","","","","NA"
"-64.77","46.43","BOUCTOUCHE CDA CS","8100593","2020-12-24 19:00","2020","12","24","19:00","3.2","","1.0","","85","","0.0","","15","","15","","","","102.30","","","","","","NA"
"-64.77","46.43","BOUCTOUCHE CDA CS","8100593","2020-12-24 20:00","2020","12","24","20:00","3.7","","1.4","","85","","0.0","","16","","14","","","","102.31","","","","","","NA"
"-64.77","46.43","BOUCTOUCHE CDA CS","8100593","2020-12-24 21:00","2020","12","24","21:00","3.9","","1.8","","86","","0.0","","15","","16","","","","102.24","","","","","","NA"
"-64.77","46.43","BOUCTOUCHE CDA CS","8100593","2020-12-24 22:00","2020","12","24","22:00","4.4","","2.6","","88","","0.0","","16","","11","","","","102.18","","","","","","NA"
"-64.77","46.43","BOUCTOUCHE CDA CS","8100593","2020-12-24 23:00","2020","12","24","23:00","5.0","","3.1","","88","","0.0","","16","","13","","","","102.10","","","","","","NA"
"-64.77","46.43","BOUCTOUCHE CDA CS","8100593","2020-12-25 00:00","2020","12","25","00:00","5.3","","3.3","","87","","0.0","","16","","12","","","","102.03","","","","","","NA"
"-64.77","46.43","BOUCTOUCHE CDA CS","8100593","2020-12-25 01:00","2020","12","25","01:00","6.1","","3.9","","86","","0.0","","16","","16","","","","101.92","","","","","","NA"
"-64.77","46.43","BOUCTOUCHE CDA CS","8100593","2020-12-25 02:00","2020","12","25","02:00","6.3","","4.1","","86","","0.0","","16","","15","","","","101.88","","","","","","NA"
"-64.77","46.43","BOUCTOUCHE CDA CS","8100593","2020-12-25 03:00","2020","12","25","03:00","7.3","","5.1","","86","","0.0","","16","","19","","","","101.87","","","","","","NA"
"-64.77","46.43","BOUCTOUCHE CDA CS","8100593","2020-12-25 04:00","2020","12","25","04:00","8.1","","6.2","","88","","0.0","","15","","20","","","","101.80","","","","","","NA"
"-64.77","46.43","BOUCTOUCHE CDA CS","8100593","2020-12-25 05:00","2020","12","25","05:00","8.7","","7.2","","90","","0.0","","16","","18","","","","101.68","","","","","","NA"
"-64.77","46.43","BOUCTOUCHE CDA CS","8100593","2020-12-25 06:00","2020","12","25","06:00","9.2","","7.3","","88","","0.0","","15","","20","","","","101.63","","","","","","NA"
"-64.77","46.43","BOUCTOUCHE CDA CS","8100593","2020-12-25 07:00","2020","12","25","07:00","9.8","","8.1","","89","","0.0","","16","","21","","","","101.53","","","","","","NA"
"-64.77","46.43","BOUCTOUCHE CDA CS","8100593","2020-12-25 08:00","2020","12","25","08:00","10.0","","8.2","","88","","0.0","","16","","21","","","","101.50","","","","","","NA"
"-64.77","46.43","BOUCTOUCHE CDA CS","8100593","2020-12-25 09:00","2020","12","25","09:00","10.4","","8.7","","89","","0.0","","16","","25","","","","101.48","","","","","","NA"
"-64.77","46.43","BOUCTOUCHE CDA CS","8100593","2020-12-25 10:00","2020","12","25","10:00","11.4","","9.6","","89","","0.0","","16","","23","","","","101.46","","","","","","NA"
"-64.77","46.43","BOUCTOUCHE CDA CS","8100593","2020-12-25 11:00","2020","12","25","11:00","12.1","","10.1","","88","","0.2","","16","","23","","","","101.39","","","","","","NA"
"-64.77","46.43","BOUCTOUCHE CDA CS","8100593","2020-12-25 12:00","2020","12","25","12:00","12.7","","10.9","","89","","0.0","","15","","24","","","","101.25","","","","","","NA"
"-64.77","46.43","BOUCTOUCHE CDA CS","8100593","2020-12-25 13:00","2020","12","25","13:00","13.4","","11.6","","89","","0.0","","15","","23","","","","101.12","","","","","","NA"
"-64.77","46.43","BOUCTOUCHE CDA CS","8100593","2020-12-25 14:00","2020","12","25","14:00","13.5","","12.0","","91","","0.0","","16","","23","","","","101.01","","","","","","NA"
"-64.77","46.43","BOUCTOUCHE CDA CS","8100593","2020-12-25 15:00","2020","12","25","15:00","14.0","","12.2","","89","","0.0","","16","","21","","","","100.98","","","","","","NA"
"-64.77","46.43","BOUCTOUCHE CDA CS","8100593","2020-12-25 16:00","2020","12","25","16:00","13.9","","12.1","","89","","0.2","","15","","23","","","","100.95","","","","","","NA"
"-64.77","46.43","BOUCTOUCHE CDA CS","8100593","2020-12-25 17:00","2020","12","25","17:00","14.1","","12.2","","88","","0.0","","16","","24","","","","100.88","","","","","","NA"
"-64.77","46.43","BOUCTOUCHE CDA CS","8100593","2020-12-25 18:00","2020","12","25","18:00","14.5","","12.2","","86","","0.0","","16","","26","","","","100.86","","","","","","NA"
"-64.77","46.43","BOUCTOUCHE CDA CS","8100593","2020-12-25 19:00","2020","12","25","19:00","14.8","","12.0","","83","","0.0","","16","","27","","","","100.83","","","","","","NA"
"-64.77","46.43","BOUCTOUCHE CDA CS","8100593","2020-12-25 20:00","2020","12","25","20:00","14.8","","12.2","","84","","0.0","","15","","25","","","","100.75","","","","","","NA"
"-64.77","46.43","BOUCTOUCHE CDA CS","8100593","2020-12-25 21:00","2020","12","25","21:00","14.7","","11.9","","83","","0.0","","15","","28","","","","100.70","","","","","","NA"
"-64.77","46.43","BOUCTOUCHE CDA CS","8100593","2020-12-25 22:00","2020","12","25","22:00","14.5","","12.1","","86","","0.0","","15","","31","","","","100.67","","","","","","NA"
"-64.77","46.43","BOUCTOUCHE CDA CS","8100593","2020-12-25 23:00","2020","12","25","23:00","14.6","","12.5","","87","","0.0","","15","","34","","","","100.57","","","","","","NA"
"-64.77","46.43","BOUCTOUCHE CDA CS","8100593","2020-12-26 00:00","2020","12","26","00:00","14.9","","12.5","","86","","0.0","","16","","25","","","","100.53","","","","","","NA"
"-64.77","46.43","BOUCTOUCHE CDA CS","8100593","2020-12-26 01:00","2020","12","26","01:00","15.2","","12.5","","84","","0.0","","16","","30","","","","100.42","","","","","","NA"
"-64.77","46.43","BOUCTOUCHE CDA CS","8100593","2020-12-26 02:00","2020","12","26","02:00","14.9","","12.8","","87","","0.0","","15","","24","","","","100.34","","","","","","NA"
"-64.77","46.43","BOUCTOUCHE CDA CS","8100593","2020-12-26 03:00","2020","12","26","03:00","15.3","","12.8","","85","","0.0","","15","","29","","","","100.27","","","","","","NA"
"-64.77","46.43","BOUCTOUCHE CDA CS","8100593","2020-12-26 04:00","2020","12","26","04:00","14.3","","13.2","","93","","0.0","","15","","27","","","","100.15","","","","","","NA"
"-64.77","46.43","BOUCTOUCHE CDA CS","8100593","2020-12-26 05:00","2020","12","26","05:00","14.2","","13.2","","94","","0.0","","15","","23","","","","100.09","","","","","","NA"
"-64.77","46.43","BOUCTOUCHE CDA CS","8100593","2020-12-26 06:00","2020","12","26","06:00","14.0","","13.1","","94","","1.6","","16","","19","","","","100.07","","","","","","NA"
"-64.77","46.43","BOUCTOUCHE CDA CS","8100593","2020-12-26 07:00","2020","12","26","07:00","14.2","","13.4","","95","","1.7","","15","","18","","","","99.93","","","","","","NA"
"-64.77","46.43","BOUCTOUCHE CDA CS","8100593","2020-12-26 08:00","2020","12","26","08:00","13.9","","13.0","","95","","0.3","","13","","27","","","","99.84","","","","","","NA"
"-64.77","46.43","BOUCTOUCHE CDA CS","8100593","2020-12-26 09:00","2020","12","26","09:00","13.4","","12.5","","94","","0.3","","14","","29","","","","99.72","","","","","","NA"
"-64.77","46.43","BOUCTOUCHE CDA CS","8100593","2020-12-26 10:00","2020","12","26","10:00","10.2","","9.2","","93","","1.3","","22","","26","","","","99.79","","","","","","NA"
"-64.77","46.43","BOUCTOUCHE CDA CS","8100593","2020-12-26 11:00","2020","12","26","11:00","8.6","","7.7","","94","","1.0","","20","","16","","","","99.81","","","","","","NA"
"-64.77","46.43","BOUCTOUCHE CDA CS","8100593","2020-12-26 12:00","2020","12","26","12:00","6.4","","5.2","","92","","1.4","","23","","22","","","","99.77","","","","","","NA"
"-64.77","46.43","BOUCTOUCHE CDA CS","8100593","2020-12-26 13:00","2020","12","26","13:00","5.1","","4.0","","93","","1.2","","21","","18","","","","99.66","","","","","","NA"
"-64.77","46.43","BOUCTOUCHE CDA CS","8100593","2020-12-26 14:00","2020","12","26","14:00","4.2","","3.4","","94","","1.6","","22","","14","","","","99.61","","","","","","NA"
"-64.77","46.43","BOUCTOUCHE CDA CS","8100593","2020-12-26 15:00","2020","12","26","15:00","1.6","","0.7","","94","","2.3","","23","","16","","","","99.66","","","","","","NA"
"-64.77","46.43","BOUCTOUCHE CDA CS","8100593","2020-12-26 16:00","2020","12","26","16:00","0.6","","0.1","","96","","2.0","","16","","5","","","","99.63","","","","","","NA"
"-64.77","46.43","BOUCTOUCHE CDA CS","8100593","2020-12-26 17:00","2020","12","26","17:00","0.3","","-0.2","","97","","1.1","","16","","5","","","","99.54","","","","","","NA"
"-64.77","46.43","BOUCTOUCHE CDA CS","8100593","2020-12-26 18:00","2020","12","26","18:00","0.2","","-0.2","","97","","0.9","","14","","11","","","","99.52","","","","","","NA"
"-64.77","46.43","BOUCTOUCHE CDA CS","8100593","2020-12-26 19:00","2020","12","26","19:00","0.4","","-0.2","","96","","0.6","","18","","12","","","","99.52","","","","","","NA"
"-64.77","46.43","BOUCTOUCHE CDA CS","8100593","2020-12-26 20:00","2020","12","26","20:00","0.4","","-0.3","","96","","0.4","","17","","12","","","","99.48","","","","","","NA"
"-64.77","46.43","BOUCTOUCHE CDA CS","8100593","2020-12-26 21:00","2020","12","26","21:00","0.0","","-0.9","","93","","1.5","","20","","15","","","","99.52","","","","-4","","NA"
"-64.77","46.43","BOUCTOUCHE CDA CS","8100593","2020-12-26 22:00","2020","12","26","22:00","0.1","","-1.5","","89","","0.0","","21","","19","","","","99.58","","","","","","NA"
"-64.77","46.43","BOUCTOUCHE CDA CS","8100593","2020-12-26 23:00","2020","12","26","23:00","-0.1","","-1.8","","88","","0.0","","23","","20","","","","99.71","","","","-5","","NA"
"-64.77","46.43","BOUCTOUCHE CDA CS","8100593","2020-12-27 00:00","2020","12","27","00:00","-1.0","","-2.7","","88","","0.0","","21","","12","","","","99.80","","","","-5","","NA"
"-64.77","46.43","BOUCTOUCHE CDA CS","8100593","2020-12-27 01:00","2020","12","27","01:00","-1.3","","-2.7","","90","","0.0","","21","","13","","","","99.91","","","","-6","","NA"
"-64.77","46.43","BOUCTOUCHE CDA CS","8100593","2020-12-27 02:00","2020","12","27","02:00","-1.6","","-3.6","","87","","0.0","","21","","14","","","","100.05","","","","-6","","NA"
"-64.77","46.43","BOUCTOUCHE CDA CS","8100593","2020-12-27 03:00","2020","12","27","03:00","-2.1","","-4.3","","85","","0.0","","21","","18","","","","100.19","","","","-8","","NA"
"-64.77","46.43","BOUCTOUCHE CDA CS","8100593","2020-12-27 04:00","2020","12","27","04:00","-2.5","","-5.3","","81","","0.0","","22","","22","","","","100.31","","","","-9","","NA"
"-64.77","46.43","BOUCTOUCHE CDA CS","8100593","2020-12-27 05:00","2020","12","27","05:00","-2.6","","-5.4","","81","","0.0","","22","","22","","","","100.43","","","","-9","","NA"
"-64.77","46.43","BOUCTOUCHE CDA CS","8100593","2020-12-27 06:00","2020","12","27","06:00","-2.8","","-5.4","","82","","0.0","","24","","21","","","","100.62","","","","-9","","NA"
"-64.77","46.43","BOUCTOUCHE CDA CS","8100593","2020-12-27 07:00","2020","12","27","07:00","-4.4","","-8.4","","74","","0.0","","23","","24","","","","100.80","","","","-11","","NA"
"-64.77","46.43","BOUCTOUCHE CDA CS","8100593","2020-12-27 08:00","2020","12","27","08:00","-5.1","","-8.5","","77","","0.0","","23","","16","","","","100.98","","","","-11","","NA"
"-64.77","46.43","BOUCTOUCHE CDA CS","8100593","2020-12-27 09:00","2020","12","27","09:00","-5.1","","-8.4","","78","","0.0","","23","","19","","","","101.12","","","","-12","","NA"
"-64.77","46.43","BOUCTOUCHE CDA CS","8100593","2020-12-27 10:00","2020","12","27","10:00","-4.8","","-8.6","","75","","0.0","","24","","17","","","","101.27","","","","-11","","NA"
"-64.77","46.43","BOUCTOUCHE CDA CS","8100593","2020-12-27 11:00","2020","12","27","11:00","-4.5","","-8.4","","74","","0.0","","25","","20","","","","101.42","","","","-11","","NA"
"-64.77","46.43","BOUCTOUCHE CDA CS","8100593","2020-12-27 12:00","2020","12","27","12:00","-4.5","","-8.9","","71","","0.0","","26","","15","","","","101.46","","","","-10","","NA"
"-64.77","46.43","BOUCTOUCHE CDA CS","8100593","2020-12-27 13:00","2020","12","27","13:00","-4.3","","-8.4","","73","","0.0","","26","","12","","","","101.49","","","","-9","","NA"
"-64.77","46.43","BOUCTOUCHE CDA CS","8100593","2020-12-27 14:00","2020","12","27","14:00","-4.3","","-9.1","","69","","0.0","","26","","14","","","","101.54","","","","-9","","NA"
"-64.77","46.43","BOUCTOUCHE CDA CS","8100593","2020-12-27 15:00","2020","12","27","15:00","-4.2","","-9.5","","66","","0.0","","24","","17","","","","101.68","","","","-10","","NA"
"-64.77","46.43","BOUCTOUCHE CDA CS","8100593","2020-12-27 16:00","2020","12","27","16:00","-4.2","","-9.2","","68","","0.0","","24","","10","","","","101.78","","","","-8","","NA"
"-64.77","46.43","BOUCTOUCHE CDA CS","8100593","2020-12-27 17:00","2020","12","27","17:00","-5.3","","-9.0","","75","","0.0","","25","","7","","","","101.91","","","","-9","","NA"
"-64.77","46.43","BOUCTOUCHE CDA CS","8100593","2020-12-27 18:00","2020","12","27","18:00","-6.3","","-9.1","","80","","0.0","","24","","5","","","","102.03","","","","-9","","NA"
"-64.77","46.43","BOUCTOUCHE CDA CS","8100593","2020-12-27 19:00","2020","12","27","19:00","-6.9","","-9.7","","80","","0.0","","22","","7","","","","102.13","","","","-10","","NA"
"-64.77","46.43","BOUCTOUCHE CDA CS","8100593","2020-12-27 20:00","2020","12","27","20:00","-6.9","","-9.6","","81","","0.0","","23","","9","","","","102.27","","","","-11","","NA"
"-64.77","46.43","BOUCTOUCHE CDA CS","8100593","2020-12-27 21:00","2020","12","27","21:00","-7.6","","-10.3","","81","","0.0","","23","","5","","","","102.33","","","","-10","","NA"
"-64.77","46.43","BOUCTOUCHE CDA CS","8100593","2020-12-27 22:00","2020","12","27","22:00","-8.2","","-10.8","","82","","0.0","","20","","7","","","","102.37","","","","-12","","NA"
"-64.77","46.43","BOUCTOUCHE CDA CS","8100593","2020-12-27 23:00","2020","12","27","23:00","-10.2","","-11.9","","87","","0.0","","17","","3","","","","102.44","","","","-12","","NA"
"-64.77","46.43","BOUCTOUCHE CDA CS","8100593","2020-12-28 00:00","2020","12","28","00:00","-9.8","","-11.2","","89","","0.0","","18","","2","","","","102.45","","","","-11","","NA"
"-64.77","46.43","BOUCTOUCHE CDA CS","8100593","2020-12-28 01:00","2020","12","28","01:00","-10.2","","-11.7","","89","","0.0","","21","","2","","","","102.45","","","","-11","","NA"
"-64.77","46.43","BOUCTOUCHE CDA CS","8100593","2020-12-28 02:00","2020","12","28","02:00","-9.8","","-11.3","","88","","0.0","","21","","6","","","","102.48","","","","-13","","NA"
"-64.77","46.43","BOUCTOUCHE CDA CS","8100593","2020-12-28 03:00","2020","12","28","03:00","-10.3","","-11.8","","89","","0.0","","20","","3","","","","102.51","","","","-12","","NA"
"-64.77","46.43","BOUCTOUCHE CDA CS","8100593","2020-12-28 04:00","2020","12","28","04:00","-10.6","","-11.9","","90","","0.0","","0","","1","","","","102.48","","","","-11","","NA"
"-64.77","46.43","BOUCTOUCHE CDA CS","8100593","2020-12-28 05:00","2020","12","28","05:00","-10.6","","-12.1","","89","","0.0","","20","","2","","","","102.48","","","","-12","","NA"
"-64.77","46.43","BOUCTOUCHE CDA CS","8100593","2020-12-28 06:00","2020","12","28","06:00","-9.8","","-11.3","","89","","0.0","","18","","2","","","","102.52","","","","-11","","NA"
"-64.77","46.43","BOUCTOUCHE CDA CS","8100593","2020-12-28 07:00","2020","12","28","07:00","-10.0","","-11.6","","88","","0.0","","15","","3","","","","102.51","","","","-12","","NA"
"-64.77","46.43","BOUCTOUCHE CDA CS","8100593","2020-12-28 08:00","2020","12","28","08:00","-8.1","","-10.2","","85","","0.0","","14","","10","","","","102.49","","","","-13","","NA"
"-64.77","46.43","BOUCTOUCHE CDA CS","8100593","2020-12-28 09:00","2020","12","28","09:00","-6.1","","-9.1","","80","","0.0","","15","","8","","","","102.50","","","","-10","","NA"
"-64.77","46.43","BOUCTOUCHE CDA CS","8100593","2020-12-28 10:00","2020","12","28","10:00","-5.0","","-7.4","","83","","0.0","","14","","11","","","","102.44","","","","-10","","NA"
"-64.77","46.43","BOUCTOUCHE CDA CS","8100593","2020-12-28 11:00","2020","12","28","11:00","-3.3","","-5.7","","83","","0.0","","15","","15","","","","102.36","","","","-8","","NA"
"-64.77","46.43","BOUCTOUCHE CDA CS","8100593","2020-12-28 12:00","2020","12","28","12:00","-1.7","","-5.3","","76","","0.0","","15","","12","","","","102.28","","","","-6","","NA"
"-64.77","46.43","BOUCTOUCHE CDA CS","8100593","2020-12-28 13:00","2020","12","28","13:00","-0.8","","-4.9","","74","","0.0","","14","","18","","","","102.11","","","","-6","","NA"
"-64.77","46.43","BOUCTOUCHE CDA CS","8100593","2020-12-28 14:00","2020","12","28","14:00","-0.5","","-4.6","","74","","0.0","","13","","18","","","","101.98","","","","-6","","NA"
"-64.77","46.43","BOUCTOUCHE CDA CS","8100593","2020-12-28 15:00","2020","12","28","15:00","-0.1","","-3.8","","76","","0.0","","13","","16","","","","101.90","","","","-5","","NA"
"-64.77","46.43","BOUCTOUCHE CDA CS","8100593","2020-12-28 16:00","2020","12","28","16:00","-0.2","","-3.6","","77","","0.0","","14","","13","","","","101.85","","","","-4","","NA"
"-64.77","46.43","BOUCTOUCHE CDA CS","8100593","2020-12-28 17:00","2020","12","28","17:00","-0.1","","-3.4","","79","","0.0","","14","","18","","","","101.77","","","","-5","","NA"
"-64.77","46.43","BOUCTOUCHE CDA CS","8100593","2020-12-28 18:00","2020","12","28","18:00","-0.3","","-3.3","","80","","0.0","","13","","21","","","","101.64","","","","-6","","NA"
"-64.77","46.43","BOUCTOUCHE CDA CS","8100593","2020-12-28 19:00","2020","12","28","19:00","-0.5","","-3.2","","82","","0.0","","13","","11","","","","101.61","","","","-4","","NA"
"-64.77","46.43","BOUCTOUCHE CDA CS","8100593","2020-12-28 20:00","2020","12","28","20:00","-0.5","","-2.4","","87","","0.0","","12","","15","","","","101.52","","","","-5","","NA"
"-64.77","46.43","BOUCTOUCHE CDA CS","8100593","2020-12-28 21:00","2020","12","28","21:00","0.4","","-1.2","","89","","0.0","","13","","18","","","","101.37","","","","","","NA"
"-64.77","46.43","BOUCTOUCHE CDA CS","8100593","2020-12-28 22:00","2020","12","28","22:00","1.6","","0.4","","91","","0.0","","14","","17","","","","101.27","","","","","","NA"
"-64.77","46.43","BOUCTOUCHE CDA CS","8100593","2020-12-28 23:00","2020","12","28","23:00","1.7","","0.7","","93","","0.0","","14","","16","","","","101.17","","","","","","NA"
"-64.77","46.43","BOUCTOUCHE CDA CS","8100593","2020-12-29 00:00","2020","12","29","00:00","2.8","","1.7","","92","","0.0","","15","","17","","","","101.03","","","","","","NA"
"-64.77","46.43","BOUCTOUCHE CDA CS","8100593","2020-12-29 01:00","2020","12","29","01:00","3.1","","2.1","","93","","0.2","","14","","16","","","","100.89","","","","","","NA"
"-64.77","46.43","BOUCTOUCHE CDA CS","8100593","2020-12-29 02:00","2020","12","29","02:00","3.8","","2.7","","92","","0.0","","15","","17","","","","100.78","","","","","","NA"
"-64.77","46.43","BOUCTOUCHE CDA CS","8100593","2020-12-29 03:00","2020","12","29","03:00","4.1","","3.0","","92","","0.0","","15","","16","","","","100.69","","","","","","NA"
"-64.77","46.43","BOUCTOUCHE CDA CS","8100593","2020-12-29 04:00","2020","12","29","04:00","4.3","","3.3","","93","","0.0","","15","","13","","","","100.56","","","","","","NA"
"-64.77","46.43","BOUCTOUCHE CDA CS","8100593","2020-12-29 05:00","2020","12","29","05:00","4.3","","3.4","","94","","0.0","","16","","12","","","","100.47","","","","","","NA"
"-64.77","46.43","BOUCTOUCHE CDA CS","8100593","2020-12-29 06:00","2020","12","29","06:00","3.5","","2.9","","96","","1.4","","21","","5","","","","100.44","","","","","","NA"
"-64.77","46.43","BOUCTOUCHE CDA CS","8100593","2020-12-29 07:00","2020","12","29","07:00","3.2","","2.6","","96","","0.4","","19","","6","","","","100.38","","","","","","NA"
"-64.77","46.43","BOUCTOUCHE CDA CS","8100593","2020-12-29 08:00","2020","12","29","08:00","3.9","","3.4","","96","","0.0","","23","","10","","","","100.39","","","","","","NA"
"-64.77","46.43","BOUCTOUCHE CDA CS","8100593","2020-12-29 09:00","2020","12","29","09:00","2.0","","0.5","","90","","0.3","","25","","16","","","","100.49","","","","","","NA"
"-64.77","46.43","BOUCTOUCHE CDA CS","8100593","2020-12-29 10:00","2020","12","29","10:00","1.7","","0.3","","90","","0.0","","23","","15","","","","100.56","","","","","","NA"
"-64.77","46.43","BOUCTOUCHE CDA CS","8100593","2020-12-29 11:00","2020","12","29","11:00","1.7","","-1.1","","82","","0.0","","25","","19","","","","100.58","","","","","","NA"
"-64.77","46.43","BOUCTOUCHE CDA CS","8100593","2020-12-29 12:00","2020","12","29","12:00","2.0","","-3.1","","69","","0.0","","25","","19","","","","100.54","","","","","","NA"
"-64.77","46.43","BOUCTOUCHE CDA CS","8100593","2020-12-29 13:00","2020","12","29","13:00","0.6","","-5.8","","62","","0.0","","27","","19","","","","100.52","","","","","","NA"
"-64.77","46.43","BOUCTOUCHE CDA CS","8100593","2020-12-29 14:00","2020","12","29","14:00","-0.8","","-6.8","","63","","0.0","","27","","23","","","","100.58","","","","-7","","NA"
"-64.77","46.43","BOUCTOUCHE CDA CS","8100593","2020-12-29 15:00","2020","12","29","15:00","-1.5","","-9.9","","53","","0.0","","26","","23","","","","100.68","","","","-8","","NA"
"-64.77","46.43","BOUCTOUCHE CDA CS","8100593","2020-12-29 16:00","2020","12","29","16:00","-2.5","","-10.1","","56","","0.0","","27","","24","","","","100.74","","","","-9","","NA"
"-64.77","46.43","BOUCTOUCHE CDA CS","8100593","2020-12-29 17:00","2020","12","29","17:00","-4.1","","-11.3","","57","","0.0","","28","","19","","","","100.84","","","","-10","","NA"
"-64.77","46.43","BOUCTOUCHE CDA CS","8100593","2020-12-29 18:00","2020","12","29","18:00","-5.8","","-11.8","","63","","0.0","","28","","19","","","","100.95","","","","-12","","NA"
"-64.77","46.43","BOUCTOUCHE CDA CS","8100593","2020-12-29 19:00","2020","12","29","19:00","-7.4","","-13.6","","61","","0.0","","28","","21","","","","101.07","","","","-15","","NA"
"-64.77","46.43","BOUCTOUCHE CDA CS","8100593","2020-12-29 20:00","2020","12","29","20:00","-8.1","","-15.1","","57","","0.0","","28","","22","","","","101.13","","","","-16","","NA"
"-64.77","46.43","BOUCTOUCHE CDA CS","8100593","2020-12-29 21:00","2020","12","29","21:00","-8.4","","-15.7","","56","","0.0","","27","","19","","","","101.19","","","","-16","","NA"
"-64.77","46.43","BOUCTOUCHE CDA CS","8100593","2020-12-29 22:00","2020","12","29","22:00","-8.7","","-15.9","","56","","0.0","","27","","18","","","","101.18","","","","-16","","NA"
"-64.77","46.43","BOUCTOUCHE CDA CS","8100593","2020-12-29 23:00","2020","12","29","23:00","-8.7","","-15.8","","56","","0.0","","26","","26","","","","101.16","","","","-17","","NA"
"-64.77","46.43","BOUCTOUCHE CDA CS","8100593","2020-12-30 00:00","2020","12","30","00:00","-8.9","","-15.5","","59","","0.0","","26","","22","","","","101.14","","","","-17","","NA"
"-64.77","46.43","BOUCTOUCHE CDA CS","8100593","2020-12-30 01:00","2020","12","30","01:00","-8.9","","-15.4","","60","","0.0","","26","","23","","","","101.15","","","","-17","","NA"
"-64.77","46.43","BOUCTOUCHE CDA CS","8100593","2020-12-30 02:00","2020","12","30","02:00","-8.8","","-15.3","","59","","0.0","","26","","22","","","","101.27","","","","-17","","NA"
"-64.77","46.43","BOUCTOUCHE CDA CS","8100593","2020-12-30 03:00","2020","12","30","03:00","-8.8","","-15.1","","60","","0.0","","26","","19","","","","101.36","","","","-16","","NA"
"-64.77","46.43","BOUCTOUCHE CDA CS","8100593","2020-12-30 04:00","2020","12","30","04:00","-8.9","","-14.9","","62","","0.0","","26","","18","","","","101.38","","","","-16","","NA"
"-64.77","46.43","BOUCTOUCHE CDA CS","8100593","2020-12-30 05:00","2020","12","30","05:00","-8.7","","-14.4","","63","","0.0","","26","","15","","","","101.43","","","","-15","","NA"
"-64.77","46.43","BOUCTOUCHE CDA CS","8100593","2020-12-30 06:00","2020","12","30","06:00","-8.9","","-14.3","","65","","0.0","","27","","17","","","","101.46","","","","-16","","NA"
"-64.77","46.43","BOUCTOUCHE CDA CS","8100593","2020-12-30 07:00","2020","12","30","07:00","-9.2","","-14.2","","67","","0.0","","26","","16","","","","101.51","","","","-16","","NA"
"-64.77","46.43","BOUCTOUCHE CDA CS","8100593","2020-12-30 08:00","2020","12","30","08:00","-9.4","","-14.3","","68","","0.0","","25","","13","","","","101.54","","","","-15","","NA"
"-64.77","46.43","BOUCTOUCHE CDA CS","8100593","2020-12-30 09:00","2020","12","30","09:00","-8.7","","-14.1","","65","","0.0","","25","","18","","","","101.61","","","","-16","","NA"
"-64.77","46.43","BOUCTOUCHE CDA CS","8100593","2020-12-30 10:00","2020","12","30","10:00","-7.2","","-13.5","","61","","0.0","","25","","19","","","","101.77","","","","-14","","NA"
"-64.77","46.43","BOUCTOUCHE CDA CS","8100593","2020-12-30 11:00","2020","12","30","11:00","-6.4","","-13.1","","59","","0.0","","25","","16","","","","101.77","","","","-13","","NA"
"-64.77","46.43","BOUCTOUCHE CDA CS","8100593","2020-12-30 12:00","2020","12","30","12:00","-5.6","","-13.1","","55","","0.0","","26","","17","","","","101.67","","","","-12","","NA"
"-64.77","46.43","BOUCTOUCHE CDA CS","8100593","2020-12-30 13:00","2020","12","30","13:00","-4.7","","-13.3","","51","","0.0","","27","","13","","","","101.67","","","","-10","","NA"
"-64.77","46.43","BOUCTOUCHE CDA CS","8100593","2020-12-30 14:00","2020","12","30","14:00","-4.6","","-12.7","","53","","0.0","","26","","15","","","","101.64","","","","-10","","NA"
"-64.77","46.43","BOUCTOUCHE CDA CS","8100593","2020-12-30 15:00","2020","12","30","15:00","-3.9","","-12.7","","50","","0.0","","26","","14","","","","101.60","","","","-9","","NA"
"-64.77","46.43","BOUCTOUCHE CDA CS","8100593","2020-12-30 16:00","2020","12","30","16:00","-3.9","","-12.1","","53","","0.0","","25","","10","","","","101.64","","","","-8","","NA"
"-64.77","46.43","BOUCTOUCHE CDA CS","8100593","2020-12-30 17:00","2020","12","30","17:00","-4.6","","-11.5","","58","","0.0","","24","","7","","","","101.63","","","","-8","","NA"
"-64.77","46.43","BOUCTOUCHE CDA CS","8100593","2020-12-30 18:00","2020","12","30","18:00","-4.6","","-11.2","","60","","0.0","","24","","13","","","","101.62","","","","-10","","NA"
"-64.77","46.43","BOUCTOUCHE CDA CS","8100593","2020-12-30 19:00","2020","12","30","19:00","-4.8","","-11.0","","62","","0.0","","23","","10","","","","101.61","","","","-9","","NA"
"-64.77","46.43","BOUCTOUCHE CDA CS","8100593","2020-12-30 20:00","2020","12","30","20:00","-4.9","","-10.7","","64","","0.0","","22","","11","","","","101.57","","","","-9","","NA"
"-64.77","46.43","BOUCTOUCHE CDA CS","8100593","2020-12-30 21:00","2020","12","30","21:00","-5.3","","-11.0","","65","","0.0","","19","","7","","","","101.47","","","","-9","","NA"
"-64.77","46.43","BOUCTOUCHE CDA CS","8100593","2020-12-30 22:00","2020","12","30","22:00","-4.9","","-10.4","","66","","0.0","","15","","6","","","","101.38","","","","-8","","NA"
"-64.77","46.43","BOUCTOUCHE CDA CS","8100593","2020-12-30 23:00","2020","12","30","23:00","-4.6","","-10.2","","65","","0.0","","15","","8","","","","101.27","","","","-8","","NA"
"-64.77","46.43","BOUCTOUCHE CDA CS","8100593","2020-12-31 00:00","2020","12","31","00:00","-4.4","","-10.4","","63","","0.0","","14","","8","","","","101.14","","","","-8","","NA"
"-64.77","46.43","BOUCTOUCHE CDA CS","8100593","2020-12-31 01:00","2020","12","31","01:00","-3.5","","-8.2","","70","","0.0","","14","","13","","","","100.89","","","","-8","","NA"
"-64.77","46.43","BOUCTOUCHE CDA CS","8100593","2020-12-31 02:00","2020","12","31","02:00","-2.8","","-6.1","","78","","0.0","","12","","12","","","","100.77","","","","-7","","NA"
"-64.77","46.43","BOUCTOUCHE CDA CS","8100593","2020-12-31 03:00","2020","12","31","03:00","-2.3","","-4.0","","88","","0.0","","13","","12","","","","100.62","","","","-7","","NA"
"-64.77","46.43","BOUCTOUCHE CDA CS","8100593","2020-12-31 04:00","2020","12","31","04:00","-2.0","","-2.9","","93","","0.2","","13","","13","","","","100.37","","","","-6","","NA"
"-64.77","46.43","BOUCTOUCHE CDA CS","8100593","2020-12-31 05:00","2020","12","31","05:00","-0.7","","-1.2","","96","","1.1","","15","","10","","","","100.22","","","","-4","","NA"
"-64.77","46.43","BOUCTOUCHE CDA CS","8100593","2020-12-31 06:00","2020","12","31","06:00","0.7","","0.2","","96","","0.5","","16","","11","","","","100.05","","","","","","NA"
"-64.77","46.43","BOUCTOUCHE CDA CS","8100593","2020-12-31 07:00","2020","12","31","07:00","1.2","","0.7","","97","","0.9","","18","","6","","","","100.02","","","","","","NA"
"-64.77","46.43","BOUCTOUCHE CDA CS","8100593","2020-12-31 08:00","2020","12","31","08:00","2.6","","1.9","","95","","1.9","","22","","17","","","","100.03","","","","","","NA"
"-64.77","46.43","BOUCTOUCHE CDA CS","8100593","2020-12-31 09:00","2020","12","31","09:00","2.1","","1.0","","93","","2.5","","22","","22","","","","100.03","","","","","","NA"
"-64.77","46.43","BOUCTOUCHE CDA CS","8100593","2020-12-31 10:00","2020","12","31","10:00","1.5","","0.7","","94","","1.9","","22","","18","","","","100.11","","","","","","NA"
"-64.77","46.43","BOUCTOUCHE CDA CS","8100593","2020-12-31 11:00","2020","12","31","11:00","1.9","","0.8","","93","","0.4","","23","","22","","","","100.16","","","","","","NA"
"-64.77","46.43","BOUCTOUCHE CDA CS","8100593","2020-12-31 12:00","2020","12","31","12:00","2.8","","1.0","","89","","0.0","","24","","20","","","","100.15","","","","","","NA"
"-64.77","46.43","BOUCTOUCHE CDA CS","8100593","2020-12-31 13:00","2020","12","31","13:00","2.9","","0.2","","83","","0.0","","23","","23","","","","100.21","","","","","","NA"
"-64.77","46.43","BOUCTOUCHE CDA CS","8100593","2020-12-31 14:00","2020","12","31","14:00","3.4","","-0.2","","78","","0.0","","24","","21","","","","100.28","","","","","","NA"
"-64.77","46.43","BOUCTOUCHE CDA CS","8100593","2020-12-31 15:00","2020","12","31","15:00","2.1","","-0.1","","86","","0.2","","26","","17","","","","100.38","","","","","","NA"
"-64.77","46.43","BOUCTOUCHE CDA CS","8100593","2020-12-31 16:00","2020","12","31","16:00","2.3","","-2.2","","72","","0.0","","25","","18","","","","100.47","","","","","","NA"
"-64.77","46.43","BOUCTOUCHE CDA CS","8100593","2020-12-31 17:00","2020","12","31","17:00","1.2","","-2.8","","75","","0.0","","24","","15","","","","100.57","","","","","","NA"
"-64.77","46.43","BOUCTOUCHE CDA CS","8100593","2020-12-31 18:00","2020","12","31","18:00","0.7","","-2.7","","78","","0.0","","24","","15","","","","100.67","","","","","","NA"
"-64.77","46.43","BOUCTOUCHE CDA CS","8100593","2020-12-31 19:00","2020","12","31","19:00","0.5","","-3.4","","75","","0.0","","25","","14","","","","100.81","","","","","","NA"
"-64.77","46.43","BOUCTOUCHE CDA CS","8100593","2020-12-31 20:00","2020","12","31","20:00","-0.2","","-4.4","","73","","0.0","","27","","16","","","","100.96","","","","-5","","NA"
"-64.77","46.43","BOUCTOUCHE CDA CS","8100593","2020-12-31 21:00","2020","12","31","21:00","-1.2","","-9.7","","52","","0.0","","29","","25","","","","101.12","","","","-7","","NA"
"-64.77","46.43","BOUCTOUCHE CDA CS","8100593","2020-12-31 22:00","2020","12","31","22:00","-2.2","","-10.2","","54","","0.0","","29","","21","","","","101.25","","","","-8","","NA"
"-64.77","46.43","BOUCTOUCHE CDA CS","8100593","2020-12-31 23:00","2020","12","31","23:00","-3.1","","-10.5","","56","","0.0","","29","","19","","","","101.38","","","","-9","","NA"
