"Longitude (x)","Latitude (y)","Station Name","Climate ID","Date/Time (LST)","Year","Month","Day","Time (LST)","Temp (°C)","Temp Flag","Dew Point Temp (°C)","Dew Point Temp Flag","Rel Hum (%)","Rel Hum Flag","Precip. Amount (mm)","Precip. Amount Flag","Wind Dir (10s deg)","Wind Dir Flag","Wind Spd (km/h)","Wind Spd Flag","Visibility (km)","Visibility Flag","Stn Press (kPa)","Stn Press Flag","Hmdx","Hmdx Flag","Wind Chill","Wind Chill Flag","Weather"
"-113.86","53.67","EDMONTON VILLENEUVE A","3012229","2019-04-01 00:00","2019","04","01","00:00","3.1","","0.3","","82","","0.0","","27","","13","","16.1","","94.14","","","","","","NA"
"-113.86","53.67","EDMONTON VILLENEUVE A","3012229","2019-04-01 01:00","2019","04","01","01:00","1.8","","0.0","","88","","0.0","","29","","13","","16.1","","94.14","","","","","","NA"
"-113.86","53.67","EDMONTON VILLENEUVE A","3012229","2019-04-01 02:00","2019","04","01","02:00","1.1","","-0.2","","91","","0.0","","29","","11","","16.1","","94.14","","","","","","NA"
"-113.86","53.67","EDMONTON VILLENEUVE A","3012229","2019-04-01 03:00","2019","04","01","03:00","1.1","","-0.5","","89","","0.0","","30","","13","","16.1","","94.14","","","","","","NA"
"-113.86","53.67","EDMONTON VILLENEUVE A","3012229","2019-04-01 04:00","2019","04","01","04:00","1.0","","-1.2","","85","","0.0","","29","","11","","16.1","","94.14","","","","","","NA"
"-113.86","53.67","EDMONTON VILLENEUVE A","3012229","2019-04-01 05:00","2019","04","01","05:00","0.4","","-1.2","","89","","0.0","","28","","15","","16.1","","94.14","","","","","","NA"
"-113.86","53.67","EDMONTON VILLENEUVE A","3012229","2019-04-01 06:00","2019","04","01","06:00","0.3","","-1.2","","90","","0.0","","28","","15","","16.1","","94.11","","","","","","NA"
"-113.86","53.67","EDMONTON VILLENEUVE A","3012229","2019-04-01 07:00","2019","04","01","07:00","0.5","","-1.0","","90","","0.0","","29","","15","","16.1","","94.08","","","","","","NA"
"-113.86","53.67","EDMONTON VILLENEUVE A","3012229","2019-04-01 08:00","2019","04","01","08:00","1.0","","-0.8","","88","","0.0","","29","","17","","16.1","","94.08","","","","","","NA"
"-113.86","53.67","EDMONTON VILLENEUVE A","3012229","2019-04-01 09:00","2019","04","01","09:00","2.9","","-0.7","","78","","0.0","","30","","17","","16.1","","94.04","","","","","","NA"
"-113.86","53.67","EDMONTON VILLENEUVE A","3012229","2019-04-01 10:00","2019","04","01","10:00","4.8","","-0.8","","67","","0.0","","28","","17","","16.1","","93.99","","","","","","NA"
"-113.86","53.67","EDMONTON VILLENEUVE A","3012229","2019-04-01 11:00","2019","04","01","11:00","6.6","","-3.0","","50","","0.0","","30","","17","","16.1","","93.94","","","","","","NA"
"-113.86","53.67","EDMONTON VILLENEUVE A","3012229","2019-04-01 12:00","2019","04","01","12:00","7.1","","-3.8","","46","","0.0","","31","","21","","16.1","","93.88","","","","","","NA"
"-113.86","53.67","EDMONTON VILLENEUVE A","3012229","2019-04-01 13:00","2019","04","01","13:00","7.2","","-2.7","","50","","0.0","","32","","30","","16.1","","93.84","","","","","","NA"
"-113.86","53.67","EDMONTON VILLENEUVE A","3012229","2019-04-01 14:00","2019","04","01","14:00","6.8","","-1.6","","55","","0.0","","29","","17","","16.1","","93.79","","","","","","NA"
"-113.86","53.67","EDMONTON VILLENEUVE A","3012229","2019-04-01 15:00","2019","04","01","15:00","7.2","","-0.3","","59","","0.0","","28","","24","","16.1","","93.75","","","","","","NA"
"-113.86","53.67","EDMONTON VILLENEUVE A","3012229","2019-04-01 16:00","2019","04","01","16:00","5.3","","-1.3","","63","","0.0","","36","","18","","16.1","","93.71","","","","","","NA"
"-113.86","53.67","EDMONTON VILLENEUVE A","3012229","2019-04-01 17:00","2019","04","01","17:00","7.0","","-0.5","","59","","0.0","","33","","21","","16.1","","93.70","","","","","","NA"
"-113.86","53.67","EDMONTON VILLENEUVE A","3012229","2019-04-01 18:00","2019","04","01","18:00","5.0","","-1.4","","64","","0.0","","34","","37","","16.1","","93.72","","","","","","NA"
"-113.86","53.67","EDMONTON VILLENEUVE A","3012229","2019-04-01 19:00","2019","04","01","19:00","3.4","","-1.2","","72","","0.0","","30","","15","","16.1","","93.71","","","","","","NA"
"-113.86","53.67","EDMONTON VILLENEUVE A","3012229","2019-04-01 20:00","2019","04","01","20:00","1.7","","-1.9","","77","","0.0","","33","","13","","16.1","","93.75","","","","","","NA"
"-113.86","53.67","EDMONTON VILLENEUVE A","3012229","2019-04-01 21:00","2019","04","01","21:00","1.5","","-2.4","","75","","0.0","","31","","13","","16.1","","93.76","","","","","","NA"
"-113.86","53.67","EDMONTON VILLENEUVE A","3012229","2019-04-01 22:00","2019","04","01","22:00","1.2","","-3.3","","72","","0.0","","27","","11","","16.1","","93.78","","","","","","NA"
"-113.86","53.67","EDMONTON VILLENEUVE A","3012229","2019-04-01 23:00","2019","04","01","23:00","0.7","","-2.8","","77","","0.0","","31","","9","","16.1","","93.76","","","","","","NA"
"-113.86","53.67","EDMONTON VILLENEUVE A","3012229","2019-04-02 00:00","2019","04","02","00:00","0.5","","-3.3","","76","","0.0","","28","","11","","16.1","","93.73","","","","","","NA"
"-113.86","53.67","EDMONTON VILLENEUVE A","3012229","2019-04-02 01:00","2019","04","02","01:00","0.2","","-3.9","","74","","0.0","","28","","9","","16.1","","93.74","","","","","","NA"
"-113.86","53.67","EDMONTON VILLENEUVE A","3012229","2019-04-02 02:00","2019","04","02","02:00","0.0","","-4.3","","73","","0.0","","29","","11","","16.1","","93.76","","","","-4","","NA"
"-113.86","53.67","EDMONTON VILLENEUVE A","3012229","2019-04-02 03:00","2019","04","02","03:00","0.0","","-4.3","","73","","0.0","","29","","11","","16.1","","93.74","","","","-4","","NA"
"-113.86","53.67","EDMONTON VILLENEUVE A","3012229","2019-04-02 04:00","2019","04","02","04:00","-0.2","","-4.1","","75","","0.0","","28","","11","","16.1","","93.72","","","","-4","","NA"
"-113.86","53.67","EDMONTON VILLENEUVE A","3012229","2019-04-02 05:00","2019","04","02","05:00","-0.3","","-4.5","","73","","0.0","","28","","11","","16.1","","93.70","","","","-4","","NA"
"-113.86","53.67","EDMONTON VILLENEUVE A","3012229","2019-04-02 06:00","2019","04","02","06:00","-1.0","","-4.9","","75","","0.0","","28","","11","","16.1","","93.68","","","","-5","","NA"
"-113.86","53.67","EDMONTON VILLENEUVE A","3012229","2019-04-02 07:00","2019","04","02","07:00","-0.5","","-4.9","","72","","0.0","","29","","13","","16.1","","93.67","","","","-5","","NA"
"-113.86","53.67","EDMONTON VILLENEUVE A","3012229","2019-04-02 08:00","2019","04","02","08:00","0.8","","-4.7","","67","","0.0","","32","","15","","16.1","","93.67","","","","","","NA"
"-113.86","53.67","EDMONTON VILLENEUVE A","3012229","2019-04-02 09:00","2019","04","02","09:00","1.8","","-4.5","","63","","0.0","","34","","22","","16.1","","93.66","","","","","","NA"
"-113.86","53.67","EDMONTON VILLENEUVE A","3012229","2019-04-02 10:00","2019","04","02","10:00","2.5","","-4.7","","59","","0.0","","35","","24","","16.1","","93.63","","","","","","NA"
"-113.86","53.67","EDMONTON VILLENEUVE A","3012229","2019-04-02 11:00","2019","04","02","11:00","2.7","","-4.6","","59","","0.0","","36","","21","","16.1","","93.61","","","","","","NA"
"-113.86","53.67","EDMONTON VILLENEUVE A","3012229","2019-04-02 12:00","2019","04","02","12:00","3.8","","-5.1","","52","","0.0","","33","","21","","16.1","","93.56","","","","","","NA"
"-113.86","53.67","EDMONTON VILLENEUVE A","3012229","2019-04-02 13:00","2019","04","02","13:00","3.5","","-5.6","","51","","0.0","","30","","15","","16.1","","93.53","","","","","","NA"
"-113.86","53.67","EDMONTON VILLENEUVE A","3012229","2019-04-02 14:00","2019","04","02","14:00","4.2","","-4.9","","52","","0.0","","4","","13","","16.1","","93.51","","","","","","NA"
"-113.86","53.67","EDMONTON VILLENEUVE A","3012229","2019-04-02 15:00","2019","04","02","15:00","4.5","","-5.3","","49","","0.0","","2","","9","","16.1","","93.44","","","","","","NA"
"-113.86","53.67","EDMONTON VILLENEUVE A","3012229","2019-04-02 16:00","2019","04","02","16:00","3.6","","-5.3","","52","","0.0","","4","","11","","16.1","","93.40","","","","","","NA"
"-113.86","53.67","EDMONTON VILLENEUVE A","3012229","2019-04-02 17:00","2019","04","02","17:00","3.9","","-5.9","","49","","0.0","","9","","9","","16.1","","93.32","","","","","","NA"
"-113.86","53.67","EDMONTON VILLENEUVE A","3012229","2019-04-02 18:00","2019","04","02","18:00","3.6","","-5.9","","50","","0.0","","11","","5","","16.1","","93.24","","","","","","NA"
"-113.86","53.67","EDMONTON VILLENEUVE A","3012229","2019-04-02 19:00","2019","04","02","19:00","2.3","","-5.1","","58","","0.0","","8","","9","","16.1","","93.18","","","","","","NA"
"-113.86","53.67","EDMONTON VILLENEUVE A","3012229","2019-04-02 20:00","2019","04","02","20:00","0.8","","-4.5","","68","","0.0","","","M","4","","16.1","","93.18","","","","","","NA"
"-113.86","53.67","EDMONTON VILLENEUVE A","3012229","2019-04-02 21:00","2019","04","02","21:00","0.4","","-5.2","","66","","0.0","","12","","9","","16.1","","93.19","","","","","","NA"
"-113.86","53.67","EDMONTON VILLENEUVE A","3012229","2019-04-02 22:00","2019","04","02","22:00","0.3","","-5.3","","66","","0.0","","13","","5","","16.1","","93.14","","","","","","NA"
"-113.86","53.67","EDMONTON VILLENEUVE A","3012229","2019-04-02 23:00","2019","04","02","23:00","-0.2","","-4.3","","74","","0.0","","13","","4","","16.1","","93.11","","","","-1","","NA"
"-113.86","53.67","EDMONTON VILLENEUVE A","3012229","2019-04-03 00:00","2019","04","03","00:00","0.6","","-4.5","","69","","0.0","","9","","8","","16.1","","93.11","","","","","","NA"
"-113.86","53.67","EDMONTON VILLENEUVE A","3012229","2019-04-03 01:00","2019","04","03","01:00","0.3","","-4.7","","69","","0.0","","11","","11","","16.1","","93.05","","","","","","NA"
"-113.86","53.67","EDMONTON VILLENEUVE A","3012229","2019-04-03 02:00","2019","04","03","02:00","-0.1","","-4.4","","73","","0.0","","13","","11","","16.1","","93.00","","","","-4","","NA"
"-113.86","53.67","EDMONTON VILLENEUVE A","3012229","2019-04-03 03:00","2019","04","03","03:00","-0.4","","-4.1","","76","","0.0","","13","","11","","16.1","","92.92","","","","-4","","NA"
"-113.86","53.67","EDMONTON VILLENEUVE A","3012229","2019-04-03 04:00","2019","04","03","04:00","-1.6","","-4.4","","81","","0.0","","10","","9","","16.1","","92.86","","","","-5","","NA"
"-113.86","53.67","EDMONTON VILLENEUVE A","3012229","2019-04-03 05:00","2019","04","03","05:00","-1.9","","-4.4","","83","","0.0","","12","","5","","16.1","","92.83","","","","-4","","NA"
"-113.86","53.67","EDMONTON VILLENEUVE A","3012229","2019-04-03 06:00","2019","04","03","06:00","-2.4","","-4.1","","88","","0.0","","7","","8","","16.1","","92.83","","","","-6","","NA"
"-113.86","53.67","EDMONTON VILLENEUVE A","3012229","2019-04-03 07:00","2019","04","03","07:00","-1.8","","-3.2","","90","","0.0","","8","","9","","16.1","","92.84","","","","-5","","NA"
"-113.86","53.67","EDMONTON VILLENEUVE A","3012229","2019-04-03 08:00","2019","04","03","08:00","-0.6","","-3.2","","83","","0.0","","8","","15","","16.1","","92.84","","","","-5","","NA"
"-113.86","53.67","EDMONTON VILLENEUVE A","3012229","2019-04-03 09:00","2019","04","03","09:00","1.2","","-2.4","","77","","0.0","","9","","13","","16.1","","92.80","","","","","","NA"
"-113.86","53.67","EDMONTON VILLENEUVE A","3012229","2019-04-03 10:00","2019","04","03","10:00","3.3","","-1.3","","72","","0.0","","9","","13","","16.1","","92.74","","","","","","NA"
"-113.86","53.67","EDMONTON VILLENEUVE A","3012229","2019-04-03 11:00","2019","04","03","11:00","5.0","","-2.7","","58","","0.0","","13","","17","","16.1","","92.70","","","","","","NA"
"-113.86","53.67","EDMONTON VILLENEUVE A","3012229","2019-04-03 12:00","2019","04","03","12:00","6.7","","-1.9","","54","","0.0","","12","","17","","16.1","","92.64","","","","","","NA"
"-113.86","53.67","EDMONTON VILLENEUVE A","3012229","2019-04-03 13:00","2019","04","03","13:00","7.5","","-2.2","","50","","0.0","","13","","18","","16.1","","92.59","","","","","","NA"
"-113.86","53.67","EDMONTON VILLENEUVE A","3012229","2019-04-03 14:00","2019","04","03","14:00","7.7","","-1.6","","52","","0.0","","14","","13","","16.1","","92.55","","","","","","NA"
"-113.86","53.67","EDMONTON VILLENEUVE A","3012229","2019-04-03 15:00","2019","04","03","15:00","9.6","","-1.1","","47","","0.0","","13","","17","","16.1","","92.49","","","","","","NA"
"-113.86","53.67","EDMONTON VILLENEUVE A","3012229","2019-04-03 16:00","2019","04","03","16:00","9.5","","-1.1","","47","","0.0","","12","","13","","16.1","","92.48","","","","","","NA"
"-113.86","53.67","EDMONTON VILLENEUVE A","3012229","2019-04-03 17:00","2019","04","03","17:00","9.5","","0.3","","52","","0.0","","16","","15","","16.1","","92.44","","","","","","NA"
"-113.86","53.67","EDMONTON VILLENEUVE A","3012229","2019-04-03 18:00","2019","04","03","18:00","8.5","","0.3","","56","","0.0","","14","","9","","16.1","","92.42","","","","","","NA"
"-113.86","53.67","EDMONTON VILLENEUVE A","3012229","2019-04-03 19:00","2019","04","03","19:00","4.6","","2.6","","87","","0.0","","2","","8","","16.1","","92.41","","","","","","NA"
"-113.86","53.67","EDMONTON VILLENEUVE A","3012229","2019-04-03 20:00","2019","04","03","20:00","3.0","","1.7","","91","","0.0","","36","","8","","16.1","","92.46","","","","","","NA"
"-113.86","53.67","EDMONTON VILLENEUVE A","3012229","2019-04-03 21:00","2019","04","03","21:00","2.1","","0.8","","91","","0.0","","2","","5","","16.1","","92.49","","","","","","NA"
"-113.86","53.67","EDMONTON VILLENEUVE A","3012229","2019-04-03 22:00","2019","04","03","22:00","1.1","","0.1","","93","","0.0","","1","","8","","16.1","","92.50","","","","","","NA"
"-113.86","53.67","EDMONTON VILLENEUVE A","3012229","2019-04-03 23:00","2019","04","03","23:00","0.1","","-0.6","","95","","0.0","","4","","5","","16.1","","92.51","","","","","","NA"
"-113.86","53.67","EDMONTON VILLENEUVE A","3012229","2019-04-04 00:00","2019","04","04","00:00","0.6","","-0.4","","93","","0.0","","","M","4","","16.1","","92.55","","","","","","NA"
"-113.86","53.67","EDMONTON VILLENEUVE A","3012229","2019-04-04 01:00","2019","04","04","01:00","-0.2","","-1.3","","92","","0.0","","","M","4","","16.1","","92.57","","","","-1","","NA"
"-113.86","53.67","EDMONTON VILLENEUVE A","3012229","2019-04-04 02:00","2019","04","04","02:00","-0.4","","-1.7","","91","","0.0","","5","","9","","16.1","","92.58","","","","-4","","NA"
"-113.86","53.67","EDMONTON VILLENEUVE A","3012229","2019-04-04 03:00","2019","04","04","03:00","-0.4","","-1.8","","90","","0.0","","2","","11","","16.1","","92.66","","","","-4","","NA"
"-113.86","53.67","EDMONTON VILLENEUVE A","3012229","2019-04-04 04:00","2019","04","04","04:00","-0.9","","-2.3","","90","","0.0","","1","","15","","16.1","","92.73","","","","-6","","NA"
"-113.86","53.67","EDMONTON VILLENEUVE A","3012229","2019-04-04 05:00","2019","04","04","05:00","-1.5","","-3.5","","86","","0.0","","35","","21","","16.1","","92.88","","","","-7","","NA"
"-113.86","53.67","EDMONTON VILLENEUVE A","3012229","2019-04-04 06:00","2019","04","04","06:00","-1.7","","-4.4","","82","","0.0","","1","","21","","16.1","","92.93","","","","-8","","NA"
"-113.86","53.67","EDMONTON VILLENEUVE A","3012229","2019-04-04 07:00","2019","04","04","07:00","-1.8","","-4.0","","85","","0.0","","3","","15","","16.1","","92.98","","","","-7","","NA"
"-113.86","53.67","EDMONTON VILLENEUVE A","3012229","2019-04-04 08:00","2019","04","04","08:00","-1.4","","-4.1","","82","","0.0","","36","","15","","16.1","","93.11","","","","-6","","NA"
"-113.86","53.67","EDMONTON VILLENEUVE A","3012229","2019-04-04 09:00","2019","04","04","09:00","-1.5","","-4.2","","82","","0.0","","36","","15","","16.1","","93.17","","","","-6","","Snow"
"-113.86","53.67","EDMONTON VILLENEUVE A","3012229","2019-04-04 10:00","2019","04","04","10:00","-1.3","","-4.1","","81","","0.0","","35","","17","","16.1","","93.24","","","","-6","","Snow"
"-113.86","53.67","EDMONTON VILLENEUVE A","3012229","2019-04-04 11:00","2019","04","04","11:00","-1.6","","-4.2","","83","","0.0","","35","","13","","16.1","","93.33","","","","-6","","NA"
"-113.86","53.67","EDMONTON VILLENEUVE A","3012229","2019-04-04 12:00","2019","04","04","12:00","-0.8","","-3.8","","80","","0.0","","36","","9","","16.1","","93.33","","","","-4","","NA"
"-113.86","53.67","EDMONTON VILLENEUVE A","3012229","2019-04-04 13:00","2019","04","04","13:00","-0.5","","-3.7","","79","","0.0","","2","","8","","16.1","","93.32","","","","-3","","NA"
"-113.86","53.67","EDMONTON VILLENEUVE A","3012229","2019-04-04 14:00","2019","04","04","14:00","0.5","","-3.1","","77","","0.0","","1","","11","","16.1","","93.36","","","","","","NA"
"-113.86","53.67","EDMONTON VILLENEUVE A","3012229","2019-04-04 15:00","2019","04","04","15:00","0.4","","-3.1","","77","","0.0","","36","","9","","16.1","","93.41","","","","","","NA"
"-113.86","53.67","EDMONTON VILLENEUVE A","3012229","2019-04-04 16:00","2019","04","04","16:00","0.6","","-2.8","","78","","0.0","","3","","13","","16.1","","93.41","","","","","","Rain"
"-113.86","53.67","EDMONTON VILLENEUVE A","3012229","2019-04-04 17:00","2019","04","04","17:00","0.5","","-2.9","","78","","0.0","","3","","8","","16.1","","93.46","","","","","","NA"
"-113.86","53.67","EDMONTON VILLENEUVE A","3012229","2019-04-04 18:00","2019","04","04","18:00","0.6","","-2.7","","79","","0.0","","4","","11","","16.1","","93.45","","","","","","NA"
"-113.86","53.67","EDMONTON VILLENEUVE A","3012229","2019-04-04 19:00","2019","04","04","19:00","0.2","","-2.9","","80","","0.0","","7","","9","","16.1","","93.45","","","","","","NA"
"-113.86","53.67","EDMONTON VILLENEUVE A","3012229","2019-04-04 20:00","2019","04","04","20:00","-0.2","","-3.2","","80","","0.0","","4","","8","","16.1","","93.50","","","","-3","","NA"
"-113.86","53.67","EDMONTON VILLENEUVE A","3012229","2019-04-04 21:00","2019","04","04","21:00","-0.3","","-2.9","","83","","0.0","","5","","8","","16.1","","93.52","","","","-3","","NA"
"-113.86","53.67","EDMONTON VILLENEUVE A","3012229","2019-04-04 22:00","2019","04","04","22:00","-0.4","","-2.6","","85","","0.0","","8","","5","","16.1","","93.53","","","","-2","","NA"
"-113.86","53.67","EDMONTON VILLENEUVE A","3012229","2019-04-04 23:00","2019","04","04","23:00","-0.7","","-2.4","","88","","0.0","","8","","5","","16.1","","93.50","","","","-2","","NA"
"-113.86","53.67","EDMONTON VILLENEUVE A","3012229","2019-04-05 00:00","2019","04","05","00:00","-0.9","","-2.2","","91","","0.0","","8","","5","","16.1","","93.48","","","","-3","","NA"
"-113.86","53.67","EDMONTON VILLENEUVE A","3012229","2019-04-05 01:00","2019","04","05","01:00","-1.1","","-2.1","","93","","0.0","","12","","8","","16.1","","93.47","","","","-4","","NA"
"-113.86","53.67","EDMONTON VILLENEUVE A","3012229","2019-04-05 02:00","2019","04","05","02:00","-1.1","","-1.9","","94","","0.0","","12","","11","","16.1","","93.43","","","","-5","","NA"
"-113.86","53.67","EDMONTON VILLENEUVE A","3012229","2019-04-05 03:00","2019","04","05","03:00","-1.0","","-2.0","","93","","0.0","","13","","9","","16.1","","93.39","","","","-4","","NA"
"-113.86","53.67","EDMONTON VILLENEUVE A","3012229","2019-04-05 04:00","2019","04","05","04:00","-0.7","","-2.3","","89","","0.0","","12","","11","","16.1","","93.40","","","","-4","","NA"
"-113.86","53.67","EDMONTON VILLENEUVE A","3012229","2019-04-05 05:00","2019","04","05","05:00","-1.3","","-2.9","","89","","0.0","","12","","13","","16.1","","93.33","","","","-6","","NA"
"-113.86","53.67","EDMONTON VILLENEUVE A","3012229","2019-04-05 06:00","2019","04","05","06:00","-1.5","","-3.3","","88","","0.0","","13","","9","","16.1","","93.31","","","","-5","","NA"
"-113.86","53.67","EDMONTON VILLENEUVE A","3012229","2019-04-05 07:00","2019","04","05","07:00","-1.2","","-3.1","","87","","0.0","","13","","15","","16.1","","93.28","","","","-6","","NA"
"-113.86","53.67","EDMONTON VILLENEUVE A","3012229","2019-04-05 08:00","2019","04","05","08:00","-0.1","","-3.0","","81","","0.0","","14","","17","","16.1","","93.24","","","","-5","","NA"
"-113.86","53.67","EDMONTON VILLENEUVE A","3012229","2019-04-05 09:00","2019","04","05","09:00","1.8","","-2.6","","73","","0.0","","13","","13","","16.1","","93.19","","","","","","NA"
"-113.86","53.67","EDMONTON VILLENEUVE A","3012229","2019-04-05 10:00","2019","04","05","10:00","3.8","","-2.2","","65","","0.0","","13","","18","","16.1","","93.15","","","","","","NA"
"-113.86","53.67","EDMONTON VILLENEUVE A","3012229","2019-04-05 11:00","2019","04","05","11:00","5.4","","-1.4","","62","","0.0","","14","","21","","16.1","","93.11","","","","","","NA"
"-113.86","53.67","EDMONTON VILLENEUVE A","3012229","2019-04-05 12:00","2019","04","05","12:00","5.9","","0.3","","67","","0.0","","15","","24","","16.1","","93.04","","","","","","NA"
"-113.86","53.67","EDMONTON VILLENEUVE A","3012229","2019-04-05 13:00","2019","04","05","13:00","6.5","","1.0","","68","","0.0","","17","","26","","16.1","","92.96","","","","","","NA"
"-113.86","53.67","EDMONTON VILLENEUVE A","3012229","2019-04-05 14:00","2019","04","05","14:00","6.9","","0.2","","62","","0.0","","14","","22","","16.1","","92.88","","","","","","NA"
"-113.86","53.67","EDMONTON VILLENEUVE A","3012229","2019-04-05 15:00","2019","04","05","15:00","7.1","","0.7","","64","","0.0","","14","","18","","16.1","","92.82","","","","","","NA"
"-113.86","53.67","EDMONTON VILLENEUVE A","3012229","2019-04-05 16:00","2019","04","05","16:00","8.2","","1.1","","61","","0.0","","13","","24","","16.1","","92.75","","","","","","NA"
"-113.86","53.67","EDMONTON VILLENEUVE A","3012229","2019-04-05 17:00","2019","04","05","17:00","8.1","","1.2","","62","","0.0","","12","","21","","16.1","","92.70","","","","","","NA"
"-113.86","53.67","EDMONTON VILLENEUVE A","3012229","2019-04-05 18:00","2019","04","05","18:00","7.5","","0.9","","63","","0.0","","12","","21","","16.1","","92.65","","","","","","NA"
"-113.86","53.67","EDMONTON VILLENEUVE A","3012229","2019-04-05 19:00","2019","04","05","19:00","7.1","","1.2","","66","","0.0","","12","","22","","16.1","","92.58","","","","","","NA"
"-113.86","53.67","EDMONTON VILLENEUVE A","3012229","2019-04-05 20:00","2019","04","05","20:00","6.7","","0.9","","66","","0.0","","10","","13","","16.1","","92.53","","","","","","NA"
"-113.86","53.67","EDMONTON VILLENEUVE A","3012229","2019-04-05 21:00","2019","04","05","21:00","5.4","","0.0","","68","","0.0","","12","","21","","16.1","","92.53","","","","","","NA"
"-113.86","53.67","EDMONTON VILLENEUVE A","3012229","2019-04-05 22:00","2019","04","05","22:00","4.3","","-0.7","","70","","0.0","","12","","17","","16.1","","92.50","","","","","","NA"
"-113.86","53.67","EDMONTON VILLENEUVE A","3012229","2019-04-05 23:00","2019","04","05","23:00","4.1","","-0.7","","71","","0.0","","11","","17","","16.1","","92.41","","","","","","NA"
"-113.86","53.67","EDMONTON VILLENEUVE A","3012229","2019-04-06 00:00","2019","04","06","00:00","3.4","","-0.6","","75","","0.0","","12","","17","","16.1","","92.34","","","","","","NA"
"-113.86","53.67","EDMONTON VILLENEUVE A","3012229","2019-04-06 01:00","2019","04","06","01:00","3.7","","-0.2","","76","","0.0","","12","","15","","16.1","","92.29","","","","","","NA"
"-113.86","53.67","EDMONTON VILLENEUVE A","3012229","2019-04-06 02:00","2019","04","06","02:00","2.8","","-0.3","","80","","0.0","","11","","9","","16.1","","92.22","","","","","","NA"
"-113.86","53.67","EDMONTON VILLENEUVE A","3012229","2019-04-06 03:00","2019","04","06","03:00","2.3","","-0.3","","83","","0.0","","11","","9","","16.1","","92.18","","","","","","NA"
"-113.86","53.67","EDMONTON VILLENEUVE A","3012229","2019-04-06 04:00","2019","04","06","04:00","2.0","","0.2","","88","","0.0","","11","","11","","16.1","","92.12","","","","","","NA"
"-113.86","53.67","EDMONTON VILLENEUVE A","3012229","2019-04-06 05:00","2019","04","06","05:00","1.8","","0.2","","89","","0.0","","8","","8","","16.1","","92.08","","","","","","NA"
"-113.86","53.67","EDMONTON VILLENEUVE A","3012229","2019-04-06 06:00","2019","04","06","06:00","1.6","","0.1","","90","","0.0","","8","","17","","16.1","","92.00","","","","","","NA"
"-113.86","53.67","EDMONTON VILLENEUVE A","3012229","2019-04-06 07:00","2019","04","06","07:00","1.8","","0.5","","91","","0.0","","9","","9","","16.1","","92.03","","","","","","NA"
"-113.86","53.67","EDMONTON VILLENEUVE A","3012229","2019-04-06 08:00","2019","04","06","08:00","2.3","","0.8","","90","","0.0","","8","","17","","16.1","","91.96","","","","","","NA"
"-113.86","53.67","EDMONTON VILLENEUVE A","3012229","2019-04-06 09:00","2019","04","06","09:00","3.5","","1.4","","86","","0.0","","7","","15","","16.1","","91.94","","","","","","NA"
"-113.86","53.67","EDMONTON VILLENEUVE A","3012229","2019-04-06 10:00","2019","04","06","10:00","4.0","","1.7","","85","","0.0","","7","","13","","16.1","","91.94","","","","","","NA"
"-113.86","53.67","EDMONTON VILLENEUVE A","3012229","2019-04-06 11:00","2019","04","06","11:00","4.0","","2.0","","87","","0.0","","2","","5","","16.1","","92.00","","","","","","Rain"
"-113.86","53.67","EDMONTON VILLENEUVE A","3012229","2019-04-06 12:00","2019","04","06","12:00","3.7","","2.2","","90","","0.0","","30","","13","","16.1","","92.00","","","","","","Rain"
"-113.86","53.67","EDMONTON VILLENEUVE A","3012229","2019-04-06 13:00","2019","04","06","13:00","3.6","","2.2","","90","","0.0","","29","","15","","16.1","","92.05","","","","","","Rain"
"-113.86","53.67","EDMONTON VILLENEUVE A","3012229","2019-04-06 14:00","2019","04","06","14:00","3.2","","1.6","","89","","0.0","","29","","17","","12.9","","92.07","","","","","","NA"
"-113.86","53.67","EDMONTON VILLENEUVE A","3012229","2019-04-06 15:00","2019","04","06","15:00","3.8","","2.0","","88","","0.0","","30","","17","","16.1","","92.06","","","","","","Rain"
"-113.86","53.67","EDMONTON VILLENEUVE A","3012229","2019-04-06 16:00","2019","04","06","16:00","4.4","","1.6","","82","","0.0","","31","","17","","16.1","","92.05","","","","","","NA"
"-113.86","53.67","EDMONTON VILLENEUVE A","3012229","2019-04-06 17:00","2019","04","06","17:00","6.1","","1.8","","74","","0.0","","33","","18","","16.1","","92.08","","","","","","NA"
"-113.86","53.67","EDMONTON VILLENEUVE A","3012229","2019-04-06 18:00","2019","04","06","18:00","5.6","","1.2","","73","","0.0","","34","","22","","16.1","","92.10","","","","","","NA"
"-113.86","53.67","EDMONTON VILLENEUVE A","3012229","2019-04-06 19:00","2019","04","06","19:00","3.7","","1.3","","84","","0.0","","1","","5","","16.1","","92.13","","","","","","NA"
"-113.86","53.67","EDMONTON VILLENEUVE A","3012229","2019-04-06 20:00","2019","04","06","20:00","0.4","","-1.4","","88","","0.0","","18","","4","","16.1","","92.19","","","","","","NA"
"-113.86","53.67","EDMONTON VILLENEUVE A","3012229","2019-04-06 21:00","2019","04","06","21:00","0.8","","0.1","","95","","0.0","","16","","4","","16.1","","92.21","","","","","","NA"
"-113.86","53.67","EDMONTON VILLENEUVE A","3012229","2019-04-06 22:00","2019","04","06","22:00","-0.8","","-1.9","","92","","0.0","","17","","9","","16.1","","92.24","","","","-4","","NA"
"-113.86","53.67","EDMONTON VILLENEUVE A","3012229","2019-04-06 23:00","2019","04","06","23:00","-1.4","","-2.2","","95","","0.0","","17","","8","","16.1","","92.23","","","","-4","","NA"
"-113.86","53.67","EDMONTON VILLENEUVE A","3012229","2019-04-07 00:00","2019","04","07","00:00","-0.6","","-1.3","","95","","0.0","","21","","9","","14.5","","92.22","","","","-4","","NA"
"-113.86","53.67","EDMONTON VILLENEUVE A","3012229","2019-04-07 01:00","2019","04","07","01:00","-1.6","","-1.7","","99","","0.0","","","M","5","","6.4","","92.27","","","","-3","","Fog"
"-113.86","53.67","EDMONTON VILLENEUVE A","3012229","2019-04-07 02:00","2019","04","07","02:00","-2.9","","-3.0","","99","","0.0","","17","","4","","4.0","","92.29","","","","-4","","Fog"
"-113.86","53.67","EDMONTON VILLENEUVE A","3012229","2019-04-07 03:00","2019","04","07","03:00","-0.6","","-0.6","","100","","0.0","","","M","4","","8.1","","92.31","","","","-2","","Fog"
"-113.86","53.67","EDMONTON VILLENEUVE A","3012229","2019-04-07 04:00","2019","04","07","04:00","-0.1","","-0.5","","97","","0.0","","","M","4","","9.7","","92.30","","","","-1","","Fog"
"-113.86","53.67","EDMONTON VILLENEUVE A","3012229","2019-04-07 05:00","2019","04","07","05:00","0.5","","-2.3","","82","","0.0","","23","","11","","16.1","","92.28","","","","","","NA"
"-113.86","53.67","EDMONTON VILLENEUVE A","3012229","2019-04-07 06:00","2019","04","07","06:00","2.6","","-3.8","","63","","0.0","","26","","9","","16.1","","92.30","","","","","","NA"
"-113.86","53.67","EDMONTON VILLENEUVE A","3012229","2019-04-07 07:00","2019","04","07","07:00","4.3","","-3.8","","56","","0.0","","27","","18","","16.1","","92.30","","","","","","NA"
"-113.86","53.67","EDMONTON VILLENEUVE A","3012229","2019-04-07 08:00","2019","04","07","08:00","6.0","","-3.3","","51","","0.0","","28","","15","","16.1","","92.34","","","","","","NA"
"-113.86","53.67","EDMONTON VILLENEUVE A","3012229","2019-04-07 09:00","2019","04","07","09:00","7.9","","-3.2","","45","","0.0","","29","","18","","16.1","","92.38","","","","","","NA"
"-113.86","53.67","EDMONTON VILLENEUVE A","3012229","2019-04-07 10:00","2019","04","07","10:00","9.2","","-2.0","","45","","0.0","","29","","22","","16.1","","92.40","","","","","","NA"
"-113.86","53.67","EDMONTON VILLENEUVE A","3012229","2019-04-07 11:00","2019","04","07","11:00","10.7","","-1.4","","43","","0.0","","31","","28","","16.1","","92.41","","","","","","NA"
"-113.86","53.67","EDMONTON VILLENEUVE A","3012229","2019-04-07 12:00","2019","04","07","12:00","11.6","","-2.4","","38","","0.0","","31","","26","","16.1","","92.41","","","","","","NA"
"-113.86","53.67","EDMONTON VILLENEUVE A","3012229","2019-04-07 13:00","2019","04","07","13:00","12.2","","-1.6","","38","","0.0","","33","","24","","16.1","","92.42","","","","","","NA"
"-113.86","53.67","EDMONTON VILLENEUVE A","3012229","2019-04-07 14:00","2019","04","07","14:00","12.1","","-2.2","","37","","0.0","","33","","21","","16.1","","92.45","","","","","","NA"
"-113.86","53.67","EDMONTON VILLENEUVE A","3012229","2019-04-07 15:00","2019","04","07","15:00","12.9","","-3.5","","32","","0.0","","31","","15","","16.1","","92.45","","","","","","NA"
"-113.86","53.67","EDMONTON VILLENEUVE A","3012229","2019-04-07 16:00","2019","04","07","16:00","13.5","","-4.5","","28","","0.0","","32","","15","","16.1","","92.48","","","","","","NA"
"-113.86","53.67","EDMONTON VILLENEUVE A","3012229","2019-04-07 17:00","2019","04","07","17:00","12.7","","-3.9","","31","","0.0","","32","","9","","16.1","","92.51","","","","","","NA"
"-113.86","53.67","EDMONTON VILLENEUVE A","3012229","2019-04-07 18:00","2019","04","07","18:00","11.8","","-3.6","","34","","0.0","","33","","13","","16.1","","92.57","","","","","","NA"
"-113.86","53.67","EDMONTON VILLENEUVE A","3012229","2019-04-07 19:00","2019","04","07","19:00","9.3","","-3.2","","41","","0.0","","26","","5","","16.1","","92.63","","","","","","NA"
"-113.86","53.67","EDMONTON VILLENEUVE A","3012229","2019-04-07 20:00","2019","04","07","20:00","8.9","","-2.4","","45","","0.0","","","M","4","","16.1","","92.74","","","","","","NA"
"-113.86","53.67","EDMONTON VILLENEUVE A","3012229","2019-04-07 21:00","2019","04","07","21:00","7.1","","-2.2","","52","","0.0","","21","","17","","16.1","","92.78","","","","","","NA"
"-113.86","53.67","EDMONTON VILLENEUVE A","3012229","2019-04-07 22:00","2019","04","07","22:00","7.3","","-4.0","","44","","0.0","","27","","17","","16.1","","92.85","","","","","","NA"
"-113.86","53.67","EDMONTON VILLENEUVE A","3012229","2019-04-07 23:00","2019","04","07","23:00","6.2","","-4.2","","47","","0.0","","27","","15","","16.1","","92.91","","","","","","NA"
"-113.86","53.67","EDMONTON VILLENEUVE A","3012229","2019-04-08 00:00","2019","04","08","00:00","5.8","","-3.9","","50","","0.0","","28","","15","","16.1","","92.96","","","","","","NA"
"-113.86","53.67","EDMONTON VILLENEUVE A","3012229","2019-04-08 01:00","2019","04","08","01:00","5.4","","-3.8","","52","","0.0","","27","","15","","16.1","","93.03","","","","","","NA"
"-113.86","53.67","EDMONTON VILLENEUVE A","3012229","2019-04-08 02:00","2019","04","08","02:00","5.8","","-3.5","","51","","0.0","","27","","18","","16.1","","93.09","","","","","","NA"
"-113.86","53.67","EDMONTON VILLENEUVE A","3012229","2019-04-08 03:00","2019","04","08","03:00","4.8","","-3.2","","56","","0.0","","28","","21","","16.1","","93.14","","","","","","NA"
"-113.86","53.67","EDMONTON VILLENEUVE A","3012229","2019-04-08 04:00","2019","04","08","04:00","4.6","","-3.5","","56","","0.0","","28","","18","","16.1","","93.22","","","","","","NA"
"-113.86","53.67","EDMONTON VILLENEUVE A","3012229","2019-04-08 05:00","2019","04","08","05:00","3.7","","-3.8","","58","","0.0","","28","","15","","16.1","","93.29","","","","","","NA"
"-113.86","53.67","EDMONTON VILLENEUVE A","3012229","2019-04-08 06:00","2019","04","08","06:00","3.3","","-4.0","","59","","0.0","","27","","13","","16.1","","93.34","","","","","","NA"
"-113.86","53.67","EDMONTON VILLENEUVE A","3012229","2019-04-08 07:00","2019","04","08","07:00","4.4","","-4.0","","55","","0.0","","28","","15","","16.1","","93.38","","","","","","NA"
"-113.86","53.67","EDMONTON VILLENEUVE A","3012229","2019-04-08 08:00","2019","04","08","08:00","6.2","","-3.7","","49","","0.0","","28","","18","","16.1","","93.40","","","","","","NA"
"-113.86","53.67","EDMONTON VILLENEUVE A","3012229","2019-04-08 09:00","2019","04","08","09:00","8.2","","-3.2","","45","","0.0","","29","","18","","16.1","","93.40","","","","","","NA"
"-113.86","53.67","EDMONTON VILLENEUVE A","3012229","2019-04-08 10:00","2019","04","08","10:00","10.5","","-4.0","","36","","0.0","","30","","26","","16.1","","93.41","","","","","","NA"
"-113.86","53.67","EDMONTON VILLENEUVE A","3012229","2019-04-08 11:00","2019","04","08","11:00","11.2","","-4.1","","34","","0.0","","30","","18","","16.1","","93.43","","","","","","NA"
"-113.86","53.67","EDMONTON VILLENEUVE A","3012229","2019-04-08 12:00","2019","04","08","12:00","12.2","","-5.2","","29","","0.0","","28","","18","","16.1","","93.42","","","","","","NA"
"-113.86","53.67","EDMONTON VILLENEUVE A","3012229","2019-04-08 13:00","2019","04","08","13:00","13.0","","-5.3","","28","","0.0","","25","","17","","16.1","","93.38","","","","","","NA"
"-113.86","53.67","EDMONTON VILLENEUVE A","3012229","2019-04-08 14:00","2019","04","08","14:00","13.8","","-5.1","","27","","0.0","","30","","18","","16.1","","93.32","","","","","","NA"
"-113.86","53.67","EDMONTON VILLENEUVE A","3012229","2019-04-08 15:00","2019","04","08","15:00","14.0","","-6.0","","24","","0.0","","32","","18","","16.1","","93.30","","","","","","NA"
"-113.86","53.67","EDMONTON VILLENEUVE A","3012229","2019-04-08 16:00","2019","04","08","16:00","13.9","","-7.3","","22","","0.0","","23","","11","","16.1","","93.29","","","","","","NA"
"-113.86","53.67","EDMONTON VILLENEUVE A","3012229","2019-04-08 17:00","2019","04","08","17:00","13.7","","-8.1","","21","","0.0","","32","","8","","16.1","","93.29","","","","","","NA"
"-113.86","53.67","EDMONTON VILLENEUVE A","3012229","2019-04-08 18:00","2019","04","08","18:00","13.5","","-8.2","","21","","0.0","","36","","5","","16.1","","93.29","","","","","","NA"
"-113.86","53.67","EDMONTON VILLENEUVE A","3012229","2019-04-08 19:00","2019","04","08","19:00","12.2","","-6.2","","27","","0.0","","1","","4","","16.1","","93.29","","","","","","NA"
"-113.86","53.67","EDMONTON VILLENEUVE A","3012229","2019-04-08 20:00","2019","04","08","20:00","7.0","","-3.9","","46","","0.0","","16","","5","","16.1","","93.29","","","","","","NA"
"-113.86","53.67","EDMONTON VILLENEUVE A","3012229","2019-04-08 21:00","2019","04","08","21:00","5.1","","-5.1","","48","","0.0","","15","","8","","16.1","","93.31","","","","","","NA"
"-113.86","53.67","EDMONTON VILLENEUVE A","3012229","2019-04-08 22:00","2019","04","08","22:00","5.5","","-4.9","","47","","0.0","","16","","11","","16.1","","93.29","","","","","","NA"
"-113.86","53.67","EDMONTON VILLENEUVE A","3012229","2019-04-08 23:00","2019","04","08","23:00","3.2","","-5.2","","54","","0.0","","17","","11","","16.1","","93.29","","","","","","NA"
"-113.86","53.67","EDMONTON VILLENEUVE A","3012229","2019-04-09 00:00","2019","04","09","00:00","2.5","","-5.5","","56","","0.0","","18","","13","","16.1","","93.29","","","","","","NA"
"-113.86","53.67","EDMONTON VILLENEUVE A","3012229","2019-04-09 01:00","2019","04","09","01:00","2.8","","-6.0","","52","","0.0","","18","","9","","16.1","","93.29","","","","","","NA"
"-113.86","53.67","EDMONTON VILLENEUVE A","3012229","2019-04-09 02:00","2019","04","09","02:00","2.5","","-5.9","","54","","0.0","","17","","11","","16.1","","93.29","","","","","","NA"
"-113.86","53.67","EDMONTON VILLENEUVE A","3012229","2019-04-09 03:00","2019","04","09","03:00","3.5","","-5.7","","51","","0.0","","16","","11","","16.1","","93.30","","","","","","NA"
"-113.86","53.67","EDMONTON VILLENEUVE A","3012229","2019-04-09 04:00","2019","04","09","04:00","1.6","","-5.5","","60","","0.0","","16","","11","","16.1","","93.32","","","","","","NA"
"-113.86","53.67","EDMONTON VILLENEUVE A","3012229","2019-04-09 05:00","2019","04","09","05:00","3.7","","-4.6","","55","","0.0","","17","","8","","16.1","","93.34","","","","","","NA"
"-113.86","53.67","EDMONTON VILLENEUVE A","3012229","2019-04-09 06:00","2019","04","09","06:00","2.9","","-5.0","","56","","0.0","","14","","8","","16.1","","93.33","","","","","","NA"
"-113.86","53.67","EDMONTON VILLENEUVE A","3012229","2019-04-09 07:00","2019","04","09","07:00","4.1","","-2.9","","60","","0.0","","14","","5","","16.1","","93.36","","","","","","NA"
"-113.86","53.67","EDMONTON VILLENEUVE A","3012229","2019-04-09 08:00","2019","04","09","08:00","6.0","","-2.9","","53","","0.0","","","M","4","","16.1","","93.39","","","","","","NA"
"-113.86","53.67","EDMONTON VILLENEUVE A","3012229","2019-04-09 09:00","2019","04","09","09:00","8.5","","-3.5","","43","","0.0","","17","","15","","16.1","","93.40","","","","","","NA"
"-113.86","53.67","EDMONTON VILLENEUVE A","3012229","2019-04-09 10:00","2019","04","09","10:00","12.4","","-4.1","","31","","0.0","","18","","21","","16.1","","93.41","","","","","","NA"
"-113.86","53.67","EDMONTON VILLENEUVE A","3012229","2019-04-09 11:00","2019","04","09","11:00","13.6","","-4.9","","27","","0.0","","18","","15","","16.1","","93.41","","","","","","NA"
"-113.86","53.67","EDMONTON VILLENEUVE A","3012229","2019-04-09 12:00","2019","04","09","12:00","14.3","","-5.7","","25","","0.0","","15","","15","","16.1","","93.38","","","","","","NA"
"-113.86","53.67","EDMONTON VILLENEUVE A","3012229","2019-04-09 13:00","2019","04","09","13:00","13.7","","-5.4","","26","","0.0","","15","","13","","16.1","","93.36","","","","","","NA"
"-113.86","53.67","EDMONTON VILLENEUVE A","3012229","2019-04-09 14:00","2019","04","09","14:00","14.1","","-5.3","","26","","0.0","","12","","21","","16.1","","93.34","","","","","","NA"
"-113.86","53.67","EDMONTON VILLENEUVE A","3012229","2019-04-09 15:00","2019","04","09","15:00","14.2","","-6.5","","23","","0.0","","14","","15","","16.1","","93.34","","","","","","NA"
"-113.86","53.67","EDMONTON VILLENEUVE A","3012229","2019-04-09 16:00","2019","04","09","16:00","14.5","","-6.1","","23","","0.0","","15","","15","","16.1","","93.31","","","","","","NA"
"-113.86","53.67","EDMONTON VILLENEUVE A","3012229","2019-04-09 17:00","2019","04","09","17:00","14.3","","-6.1","","24","","0.0","","16","","15","","16.1","","93.32","","","","","","NA"
"-113.86","53.67","EDMONTON VILLENEUVE A","3012229","2019-04-09 18:00","2019","04","09","18:00","12.0","","-2.4","","37","","0.0","","29","","9","","16.1","","93.39","","","","","","NA"
"-113.86","53.67","EDMONTON VILLENEUVE A","3012229","2019-04-09 19:00","2019","04","09","19:00","10.8","","-2.9","","38","","0.0","","","M","4","","16.1","","93.42","","","","","","NA"
"-113.86","53.67","EDMONTON VILLENEUVE A","3012229","2019-04-09 20:00","2019","04","09","20:00","8.6","","-0.4","","53","","0.0","","33","","13","","16.1","","93.42","","","","","","NA"
"-113.86","53.67","EDMONTON VILLENEUVE A","3012229","2019-04-09 21:00","2019","04","09","21:00","7.2","","0.3","","62","","0.0","","","M","4","","16.1","","93.47","","","","","","NA"
"-113.86","53.67","EDMONTON VILLENEUVE A","3012229","2019-04-09 22:00","2019","04","09","22:00","8.7","","-1.4","","49","","0.0","","","M","8","","16.1","","93.49","","","","","","NA"
"-113.86","53.67","EDMONTON VILLENEUVE A","3012229","2019-04-09 23:00","2019","04","09","23:00","7.7","","-0.6","","56","","0.0","","","M","4","","16.1","","93.50","","","","","","NA"
"-113.86","53.67","EDMONTON VILLENEUVE A","3012229","2019-04-10 00:00","2019","04","10","00:00","6.4","","-0.4","","62","","0.0","","","","0","","16.1","","93.48","","","","","","NA"
"-113.86","53.67","EDMONTON VILLENEUVE A","3012229","2019-04-10 01:00","2019","04","10","01:00","4.4","","-1.6","","65","","0.0","","","M","4","","16.1","","93.48","","","","","","NA"
"-113.86","53.67","EDMONTON VILLENEUVE A","3012229","2019-04-10 02:00","2019","04","10","02:00","4.8","","-0.3","","69","","0.0","","30","","17","","16.1","","93.46","","","","","","NA"
"-113.86","53.67","EDMONTON VILLENEUVE A","3012229","2019-04-10 03:00","2019","04","10","03:00","5.0","","1.1","","76","","0.0","","28","","9","","16.1","","93.50","","","","","","NA"
"-113.86","53.67","EDMONTON VILLENEUVE A","3012229","2019-04-10 04:00","2019","04","10","04:00","4.6","","2.1","","84","","0.0","","29","","8","","16.1","","93.49","","","","","","Rain"
"-113.86","53.67","EDMONTON VILLENEUVE A","3012229","2019-04-10 05:00","2019","04","10","05:00","4.7","","3.2","","90","","0.2","","24","","8","","16.1","","93.51","","","","","","Rain"
"-113.86","53.67","EDMONTON VILLENEUVE A","3012229","2019-04-10 06:00","2019","04","10","06:00","4.4","","3.2","","92","","0.0","","22","","11","","16.1","","93.53","","","","","","NA"
"-113.86","53.67","EDMONTON VILLENEUVE A","3012229","2019-04-10 07:00","2019","04","10","07:00","3.3","","2.3","","93","","0.0","","24","","8","","16.1","","93.51","","","","","","NA"
"-113.86","53.67","EDMONTON VILLENEUVE A","3012229","2019-04-10 08:00","2019","04","10","08:00","4.3","","3.4","","94","","0.0","","26","","9","","16.1","","93.50","","","","","","NA"
"-113.86","53.67","EDMONTON VILLENEUVE A","3012229","2019-04-10 09:00","2019","04","10","09:00","7.7","","3.3","","74","","0.0","","20","","8","","16.1","","93.49","","","","","","NA"
"-113.86","53.67","EDMONTON VILLENEUVE A","3012229","2019-04-10 10:00","2019","04","10","10:00","9.1","","2.7","","64","","0.0","","","M","11","","16.1","","93.48","","","","","","NA"
"-113.86","53.67","EDMONTON VILLENEUVE A","3012229","2019-04-10 11:00","2019","04","10","11:00","10.7","","3.2","","60","","0.0","","18","","11","","16.1","","93.46","","","","","","NA"
"-113.86","53.67","EDMONTON VILLENEUVE A","3012229","2019-04-10 12:00","2019","04","10","12:00","9.9","","-0.1","","50","","0.0","","35","","5","","16.1","","93.43","","","","","","NA"
"-113.86","53.67","EDMONTON VILLENEUVE A","3012229","2019-04-10 13:00","2019","04","10","13:00","10.7","","1.8","","54","","0.0","","12","","9","","16.1","","93.39","","","","","","NA"
"-113.86","53.67","EDMONTON VILLENEUVE A","3012229","2019-04-10 14:00","2019","04","10","14:00","11.2","","0.5","","47","","0.0","","11","","5","","16.1","","93.36","","","","","","NA"
"-113.86","53.67","EDMONTON VILLENEUVE A","3012229","2019-04-10 15:00","2019","04","10","15:00","11.4","","-3.4","","35","","0.0","","8","","8","","16.1","","93.34","","","","","","NA"
"-113.86","53.67","EDMONTON VILLENEUVE A","3012229","2019-04-10 16:00","2019","04","10","16:00","10.8","","1.9","","54","","0.0","","12","","30","","16.1","","93.32","","","","","","NA"
"-113.86","53.67","EDMONTON VILLENEUVE A","3012229","2019-04-10 17:00","2019","04","10","17:00","8.4","","1.3","","61","","0.0","","18","","26","","16.1","","93.39","","","","","","NA"
"-113.86","53.67","EDMONTON VILLENEUVE A","3012229","2019-04-10 18:00","2019","04","10","18:00","7.3","","3.0","","74","","0.0","","16","","15","","16.1","","93.39","","","","","","Rain"
"-113.86","53.67","EDMONTON VILLENEUVE A","3012229","2019-04-10 19:00","2019","04","10","19:00","7.6","","1.3","","64","","0.0","","4","","8","","16.1","","93.33","","","","","","NA"
"-113.86","53.67","EDMONTON VILLENEUVE A","3012229","2019-04-10 20:00","2019","04","10","20:00","6.8","","1.9","","71","","0.0","","14","","8","","16.1","","93.36","","","","","","NA"
"-113.86","53.67","EDMONTON VILLENEUVE A","3012229","2019-04-10 21:00","2019","04","10","21:00","4.2","","2.1","","86","","0.0","","19","","11","","16.1","","93.39","","","","","","NA"
"-113.86","53.67","EDMONTON VILLENEUVE A","3012229","2019-04-10 22:00","2019","04","10","22:00","5.1","","3.8","","91","","0.2","","20","","8","","16.1","","93.40","","","","","","Rain"
"-113.86","53.67","EDMONTON VILLENEUVE A","3012229","2019-04-10 23:00","2019","04","10","23:00","4.8","","3.8","","93","","0.0","","9","","9","","16.1","","93.35","","","","","","NA"
"-113.86","53.67","EDMONTON VILLENEUVE A","3012229","2019-04-11 00:00","2019","04","11","00:00","6.6","","2.0","","72","","0.0","","11","","22","","16.1","","93.26","","","","","","NA"
"-113.86","53.67","EDMONTON VILLENEUVE A","3012229","2019-04-11 01:00","2019","04","11","01:00","5.0","","2.6","","85","","0.0","","13","","8","","16.1","","93.30","","","","","","NA"
"-113.86","53.67","EDMONTON VILLENEUVE A","3012229","2019-04-11 02:00","2019","04","11","02:00","2.1","","1.5","","96","","0.0","","","","0","","16.1","","93.25","","","","","","NA"
"-113.86","53.67","EDMONTON VILLENEUVE A","3012229","2019-04-11 03:00","2019","04","11","03:00","2.0","","1.4","","96","","0.0","","30","","8","","16.1","","93.24","","","","","","NA"
"-113.86","53.67","EDMONTON VILLENEUVE A","3012229","2019-04-11 04:00","2019","04","11","04:00","0.7","","0.6","","99","","0.0","","32","","5","","8.1","","93.26","","","","","","Fog"
"-113.86","53.67","EDMONTON VILLENEUVE A","3012229","2019-04-11 05:00","2019","04","11","05:00","0.1","","0.0","","99","","0.0","","","","0","","12.9","","93.24","","","","","","NA"
"-113.86","53.67","EDMONTON VILLENEUVE A","3012229","2019-04-11 06:00","2019","04","11","06:00","1.8","","1.2","","96","","0.0","","13","","8","","16.1","","93.27","","","","","","NA"
"-113.86","53.67","EDMONTON VILLENEUVE A","3012229","2019-04-11 07:00","2019","04","11","07:00","2.0","","0.5","","90","","0.0","","15","","8","","16.1","","93.28","","","","","","NA"
"-113.86","53.67","EDMONTON VILLENEUVE A","3012229","2019-04-11 08:00","2019","04","11","08:00","3.0","","-0.6","","77","","0.0","","13","","9","","16.1","","93.28","","","","","","NA"
"-113.86","53.67","EDMONTON VILLENEUVE A","3012229","2019-04-11 09:00","2019","04","11","09:00","4.2","","-0.5","","72","","0.0","","13","","9","","16.1","","93.29","","","","","","NA"
"-113.86","53.67","EDMONTON VILLENEUVE A","3012229","2019-04-11 10:00","2019","04","11","10:00","7.3","","1.0","","64","","0.0","","18","","17","","16.1","","93.31","","","","","","NA"
"-113.86","53.67","EDMONTON VILLENEUVE A","3012229","2019-04-11 11:00","2019","04","11","11:00","7.8","","1.5","","64","","0.0","","17","","18","","16.1","","93.33","","","","","","NA"
"-113.86","53.67","EDMONTON VILLENEUVE A","3012229","2019-04-11 12:00","2019","04","11","12:00","7.5","","0.1","","59","","0.0","","13","","5","","16.1","","93.33","","","","","","NA"
"-113.86","53.67","EDMONTON VILLENEUVE A","3012229","2019-04-11 13:00","2019","04","11","13:00","9.1","","-0.6","","51","","0.0","","13","","13","","16.1","","93.28","","","","","","NA"
"-113.86","53.67","EDMONTON VILLENEUVE A","3012229","2019-04-11 14:00","2019","04","11","14:00","8.9","","0.2","","54","","0.0","","13","","21","","16.1","","93.30","","","","","","Rain"
"-113.86","53.67","EDMONTON VILLENEUVE A","3012229","2019-04-11 15:00","2019","04","11","15:00","6.2","","4.0","","86","","0.2","","20","","11","","11.3","","93.36","","","","","","Rain"
"-113.86","53.67","EDMONTON VILLENEUVE A","3012229","2019-04-11 16:00","2019","04","11","16:00","5.7","","4.5","","92","","1.0","","14","","9","","14.5","","93.38","","","","","","Rain"
"-113.86","53.67","EDMONTON VILLENEUVE A","3012229","2019-04-11 17:00","2019","04","11","17:00","5.5","","3.0","","84","","0.0","","21","","15","","16.1","","93.34","","","","","","Rain"
"-113.86","53.67","EDMONTON VILLENEUVE A","3012229","2019-04-11 18:00","2019","04","11","18:00","5.6","","3.2","","84","","0.0","","21","","15","","16.1","","93.36","","","","","","NA"
"-113.86","53.67","EDMONTON VILLENEUVE A","3012229","2019-04-11 19:00","2019","04","11","19:00","5.4","","3.4","","87","","0.0","","23","","11","","16.1","","93.36","","","","","","NA"
"-113.86","53.67","EDMONTON VILLENEUVE A","3012229","2019-04-11 20:00","2019","04","11","20:00","4.6","","3.4","","92","","0.0","","2","","5","","16.1","","93.43","","","","","","NA"
"-113.86","53.67","EDMONTON VILLENEUVE A","3012229","2019-04-11 21:00","2019","04","11","21:00","3.4","","2.8","","96","","0.0","","32","","4","","16.1","","93.47","","","","","","NA"
"-113.86","53.67","EDMONTON VILLENEUVE A","3012229","2019-04-11 22:00","2019","04","11","22:00","2.6","","1.9","","95","","0.0","","","M","4","","16.1","","93.50","","","","","","NA"
"-113.86","53.67","EDMONTON VILLENEUVE A","3012229","2019-04-11 23:00","2019","04","11","23:00","1.7","","1.3","","97","","0.0","","24","","8","","16.1","","93.51","","","","","","NA"
"-113.86","53.67","EDMONTON VILLENEUVE A","3012229","2019-04-12 00:00","2019","04","12","00:00","0.6","","0.5","","99","","0.0","","25","","9","","12.9","","93.49","","","","","","NA"
"-113.86","53.67","EDMONTON VILLENEUVE A","3012229","2019-04-12 01:00","2019","04","12","01:00","-0.3","","-0.3","","100","","0.0","","24","","11","","8.1","","93.48","","","","-4","","Fog"
"-113.86","53.67","EDMONTON VILLENEUVE A","3012229","2019-04-12 02:00","2019","04","12","02:00","1.8","","1.8","","100","","0.0","","25","","5","","6.4","","93.47","","","","","","Fog"
"-113.86","53.67","EDMONTON VILLENEUVE A","3012229","2019-04-12 03:00","2019","04","12","03:00","1.2","","1.2","","100","","0.0","","22","","9","","0.6","","93.47","","","","","","Fog"
"-113.86","53.67","EDMONTON VILLENEUVE A","3012229","2019-04-12 04:00","2019","04","12","04:00","1.2","","1.2","","100","","0.0","","","","0","","0.6","","93.49","","","","","","Fog"
"-113.86","53.67","EDMONTON VILLENEUVE A","3012229","2019-04-12 05:00","2019","04","12","05:00","1.2","","1.2","","100","","0.0","","","","0","","0.8","","93.49","","","","","","Fog"
"-113.86","53.67","EDMONTON VILLENEUVE A","3012229","2019-04-12 06:00","2019","04","12","06:00","1.4","","1.4","","100","","0.0","","19","","4","","6.4","","93.51","","","","","","Fog"
"-113.86","53.67","EDMONTON VILLENEUVE A","3012229","2019-04-12 07:00","2019","04","12","07:00","1.8","","1.8","","100","","0.0","","16","","5","","8.1","","93.51","","","","","","Fog"
"-113.86","53.67","EDMONTON VILLENEUVE A","3012229","2019-04-12 08:00","2019","04","12","08:00","2.6","","2.6","","100","","0.0","","20","","11","","8.1","","93.51","","","","","","Fog"
"-113.86","53.67","EDMONTON VILLENEUVE A","3012229","2019-04-12 09:00","2019","04","12","09:00","3.2","","2.3","","94","","0.0","","20","","9","","16.1","","93.47","","","","","","NA"
"-113.86","53.67","EDMONTON VILLENEUVE A","3012229","2019-04-12 10:00","2019","04","12","10:00","3.9","","2.3","","89","","0.0","","19","","13","","16.1","","93.45","","","","","","NA"
"-113.86","53.67","EDMONTON VILLENEUVE A","3012229","2019-04-12 11:00","2019","04","12","11:00","6.0","","1.3","","72","","0.0","","19","","17","","16.1","","93.41","","","","","","NA"
"-113.86","53.67","EDMONTON VILLENEUVE A","3012229","2019-04-12 12:00","2019","04","12","12:00","6.4","","0.6","","66","","0.0","","17","","13","","16.1","","93.32","","","","","","NA"
"-113.86","53.67","EDMONTON VILLENEUVE A","3012229","2019-04-12 13:00","2019","04","12","13:00","7.4","","0.1","","60","","0.0","","22","","18","","16.1","","93.26","","","","","","NA"
"-113.86","53.67","EDMONTON VILLENEUVE A","3012229","2019-04-12 14:00","2019","04","12","14:00","7.1","","-0.1","","60","","0.0","","21","","9","","16.1","","93.20","","","","","","NA"
"-113.86","53.67","EDMONTON VILLENEUVE A","3012229","2019-04-12 15:00","2019","04","12","15:00","8.0","","-0.6","","55","","0.0","","19","","11","","16.1","","93.15","","","","","","NA"
"-113.86","53.67","EDMONTON VILLENEUVE A","3012229","2019-04-12 16:00","2019","04","12","16:00","7.8","","0.0","","58","","0.0","","17","","17","","16.1","","93.11","","","","","","NA"
"-113.86","53.67","EDMONTON VILLENEUVE A","3012229","2019-04-12 17:00","2019","04","12","17:00","9.0","","0.0","","53","","0.0","","17","","21","","16.1","","93.04","","","","","","NA"
"-113.86","53.67","EDMONTON VILLENEUVE A","3012229","2019-04-12 18:00","2019","04","12","18:00","8.6","","-1.4","","49","","0.0","","18","","17","","16.1","","92.97","","","","","","NA"
"-113.86","53.67","EDMONTON VILLENEUVE A","3012229","2019-04-12 19:00","2019","04","12","19:00","6.6","","-1.2","","58","","0.0","","17","","11","","16.1","","92.90","","","","","","NA"
"-113.86","53.67","EDMONTON VILLENEUVE A","3012229","2019-04-12 20:00","2019","04","12","20:00","3.6","","-2.1","","66","","0.0","","18","","11","","16.1","","92.87","","","","","","NA"
"-113.86","53.67","EDMONTON VILLENEUVE A","3012229","2019-04-12 21:00","2019","04","12","21:00","3.0","","-2.4","","68","","0.0","","16","","9","","16.1","","92.83","","","","","","NA"
"-113.86","53.67","EDMONTON VILLENEUVE A","3012229","2019-04-12 22:00","2019","04","12","22:00","1.7","","-2.5","","74","","0.0","","19","","15","","16.1","","92.81","","","","","","NA"
"-113.86","53.67","EDMONTON VILLENEUVE A","3012229","2019-04-12 23:00","2019","04","12","23:00","1.0","","-2.6","","77","","0.0","","21","","13","","16.1","","92.76","","","","","","NA"
"-113.86","53.67","EDMONTON VILLENEUVE A","3012229","2019-04-13 00:00","2019","04","13","00:00","1.6","","-2.5","","74","","0.0","","21","","11","","16.1","","92.72","","","","","","NA"
"-113.86","53.67","EDMONTON VILLENEUVE A","3012229","2019-04-13 01:00","2019","04","13","01:00","0.3","","-3.2","","78","","0.0","","6","","5","","16.1","","92.68","","","","","","NA"
"-113.86","53.67","EDMONTON VILLENEUVE A","3012229","2019-04-13 02:00","2019","04","13","02:00","0.7","","-3.1","","76","","0.0","","","M","4","","16.1","","92.62","","","","","","NA"
"-113.86","53.67","EDMONTON VILLENEUVE A","3012229","2019-04-13 03:00","2019","04","13","03:00","1.0","","-2.2","","79","","0.0","","19","","8","","16.1","","92.57","","","","","","NA"
"-113.86","53.67","EDMONTON VILLENEUVE A","3012229","2019-04-13 04:00","2019","04","13","04:00","0.2","","-2.3","","84","","0.0","","24","","5","","16.1","","92.53","","","","","","NA"
"-113.86","53.67","EDMONTON VILLENEUVE A","3012229","2019-04-13 05:00","2019","04","13","05:00","0.0","","-2.2","","85","","0.0","","","M","4","","16.1","","92.53","","","","-1","","NA"
"-113.86","53.67","EDMONTON VILLENEUVE A","3012229","2019-04-13 06:00","2019","04","13","06:00","-0.8","","-2.7","","87","","0.0","","21","","13","","16.1","","92.48","","","","-5","","NA"
"-113.86","53.67","EDMONTON VILLENEUVE A","3012229","2019-04-13 07:00","2019","04","13","07:00","1.0","","-1.4","","84","","0.0","","19","","5","","16.1","","92.45","","","","","","NA"
"-113.86","53.67","EDMONTON VILLENEUVE A","3012229","2019-04-13 08:00","2019","04","13","08:00","3.5","","-0.9","","73","","0.0","","21","","11","","16.1","","92.43","","","","","","NA"
"-113.86","53.67","EDMONTON VILLENEUVE A","3012229","2019-04-13 09:00","2019","04","13","09:00","5.7","","-1.4","","60","","0.0","","20","","8","","16.1","","92.37","","","","","","NA"
"-113.86","53.67","EDMONTON VILLENEUVE A","3012229","2019-04-13 10:00","2019","04","13","10:00","8.8","","-1.6","","48","","0.0","","20","","9","","16.1","","92.34","","","","","","NA"
"-113.86","53.67","EDMONTON VILLENEUVE A","3012229","2019-04-13 11:00","2019","04","13","11:00","11.1","","-6.0","","30","","0.0","","18","","13","","16.1","","92.29","","","","","","NA"
"-113.86","53.67","EDMONTON VILLENEUVE A","3012229","2019-04-13 12:00","2019","04","13","12:00","11.7","","-7.6","","25","","0.0","","22","","18","","16.1","","92.21","","","","","","NA"
"-113.86","53.67","EDMONTON VILLENEUVE A","3012229","2019-04-13 13:00","2019","04","13","13:00","11.6","","-7.2","","26","","0.0","","24","","17","","16.1","","92.12","","","","","","NA"
"-113.86","53.67","EDMONTON VILLENEUVE A","3012229","2019-04-13 14:00","2019","04","13","14:00","12.7","","-8.3","","22","","0.0","","16","","17","","16.1","","92.02","","","","","","NA"
"-113.86","53.67","EDMONTON VILLENEUVE A","3012229","2019-04-13 15:00","2019","04","13","15:00","12.8","","-8.1","","23","","0.0","","17","","17","","16.1","","91.94","","","","","","NA"
"-113.86","53.67","EDMONTON VILLENEUVE A","3012229","2019-04-13 16:00","2019","04","13","16:00","13.0","","-7.3","","24","","0.0","","13","","21","","16.1","","91.86","","","","","","NA"
"-113.86","53.67","EDMONTON VILLENEUVE A","3012229","2019-04-13 17:00","2019","04","13","17:00","13.0","","-7.4","","23","","0.0","","19","","15","","16.1","","91.82","","","","","","NA"
"-113.86","53.67","EDMONTON VILLENEUVE A","3012229","2019-04-13 18:00","2019","04","13","18:00","11.7","","-6.1","","28","","0.0","","18","","17","","16.1","","91.77","","","","","","NA"
"-113.86","53.67","EDMONTON VILLENEUVE A","3012229","2019-04-13 19:00","2019","04","13","19:00","10.2","","-5.0","","34","","0.0","","18","","11","","16.1","","91.70","","","","","","NA"
"-113.86","53.67","EDMONTON VILLENEUVE A","3012229","2019-04-13 20:00","2019","04","13","20:00","6.6","","-4.6","","45","","0.0","","16","","8","","16.1","","91.66","","","","","","NA"
"-113.86","53.67","EDMONTON VILLENEUVE A","3012229","2019-04-13 21:00","2019","04","13","21:00","3.9","","-5.1","","52","","0.0","","16","","5","","16.1","","91.60","","","","","","NA"
"-113.86","53.67","EDMONTON VILLENEUVE A","3012229","2019-04-13 22:00","2019","04","13","22:00","2.2","","-4.9","","60","","0.0","","17","","4","","16.1","","91.57","","","","","","NA"
"-113.86","53.67","EDMONTON VILLENEUVE A","3012229","2019-04-13 23:00","2019","04","13","23:00","1.3","","-3.3","","72","","0.0","","","M","4","","16.1","","91.51","","","","","","NA"
"-113.86","53.67","EDMONTON VILLENEUVE A","3012229","2019-04-14 00:00","2019","04","14","00:00","-0.2","","-4.5","","73","","0.0","","","M","4","","16.1","","91.48","","","","-1","","NA"
"-113.86","53.67","EDMONTON VILLENEUVE A","3012229","2019-04-14 01:00","2019","04","14","01:00","-0.4","","-4.3","","75","","0.0","","30","","9","","16.1","","91.48","","","","-4","","NA"
"-113.86","53.67","EDMONTON VILLENEUVE A","3012229","2019-04-14 02:00","2019","04","14","02:00","1.3","","-3.5","","70","","0.0","","","M","4","","16.1","","91.47","","","","","","NA"
"-113.86","53.67","EDMONTON VILLENEUVE A","3012229","2019-04-14 03:00","2019","04","14","03:00","0.0","","-3.8","","75","","0.0","","","M","4","","16.1","","91.45","","","","-1","","NA"
"-113.86","53.67","EDMONTON VILLENEUVE A","3012229","2019-04-14 04:00","2019","04","14","04:00","-0.2","","-2.6","","84","","0.0","","32","","4","","16.1","","91.46","","","","-1","","NA"
"-113.86","53.67","EDMONTON VILLENEUVE A","3012229","2019-04-14 05:00","2019","04","14","05:00","0.4","","-3.0","","78","","0.0","","","M","4","","16.1","","91.46","","","","","","NA"
"-113.86","53.67","EDMONTON VILLENEUVE A","3012229","2019-04-14 06:00","2019","04","14","06:00","3.5","","-2.7","","64","","0.0","","30","","13","","16.1","","91.51","","","","","","NA"
"-113.86","53.67","EDMONTON VILLENEUVE A","3012229","2019-04-14 07:00","2019","04","14","07:00","4.8","","-1.9","","62","","0.0","","29","","15","","16.1","","91.55","","","","","","NA"
"-113.86","53.67","EDMONTON VILLENEUVE A","3012229","2019-04-14 08:00","2019","04","14","08:00","5.4","","0.4","","70","","0.0","","27","","24","","16.1","","91.57","","","","","","NA"
"-113.86","53.67","EDMONTON VILLENEUVE A","3012229","2019-04-14 09:00","2019","04","14","09:00","6.2","","1.3","","71","","0.0","","28","","17","","16.1","","91.59","","","","","","NA"
"-113.86","53.67","EDMONTON VILLENEUVE A","3012229","2019-04-14 10:00","2019","04","14","10:00","6.6","","2.1","","73","","0.0","","30","","24","","16.1","","91.60","","","","","","NA"
"-113.86","53.67","EDMONTON VILLENEUVE A","3012229","2019-04-14 11:00","2019","04","14","11:00","5.2","","1.7","","78","","0.0","","30","","39","","16.1","","91.66","","","","","","NA"
"-113.86","53.67","EDMONTON VILLENEUVE A","3012229","2019-04-14 12:00","2019","04","14","12:00","5.3","","1.7","","78","","0.0","","30","","39","","16.1","","91.68","","","","","","NA"
"-113.86","53.67","EDMONTON VILLENEUVE A","3012229","2019-04-14 13:00","2019","04","14","13:00","4.2","","2.1","","86","","0.0","","30","","41","","16.1","","91.74","","","","","","Rain"
"-113.86","53.67","EDMONTON VILLENEUVE A","3012229","2019-04-14 14:00","2019","04","14","14:00","6.1","","1.4","","72","","0.0","","31","","50","","16.1","","91.75","","","","","","NA"
"-113.86","53.67","EDMONTON VILLENEUVE A","3012229","2019-04-14 15:00","2019","04","14","15:00","6.6","","1.4","","69","","0.0","","31","","41","","16.1","","91.77","","","","","","NA"
"-113.86","53.67","EDMONTON VILLENEUVE A","3012229","2019-04-14 16:00","2019","04","14","16:00","6.3","","1.8","","73","","0.0","","32","","37","","16.1","","91.82","","","","","","NA"
"-113.86","53.67","EDMONTON VILLENEUVE A","3012229","2019-04-14 17:00","2019","04","14","17:00","5.3","","1.7","","78","","0.0","","32","","30","","16.1","","91.86","","","","","","NA"
"-113.86","53.67","EDMONTON VILLENEUVE A","3012229","2019-04-14 18:00","2019","04","14","18:00","5.3","","1.8","","78","","0.0","","32","","30","","16.1","","91.93","","","","","","NA"
"-113.86","53.67","EDMONTON VILLENEUVE A","3012229","2019-04-14 19:00","2019","04","14","19:00","4.6","","1.3","","79","","0.0","","30","","22","","16.1","","91.96","","","","","","NA"
"-113.86","53.67","EDMONTON VILLENEUVE A","3012229","2019-04-14 20:00","2019","04","14","20:00","4.2","","1.6","","83","","0.0","","32","","15","","16.1","","92.02","","","","","","NA"
"-113.86","53.67","EDMONTON VILLENEUVE A","3012229","2019-04-14 21:00","2019","04","14","21:00","3.0","","1.4","","89","","0.0","","32","","4","","16.1","","92.06","","","","","","NA"
"-113.86","53.67","EDMONTON VILLENEUVE A","3012229","2019-04-14 22:00","2019","04","14","22:00","1.9","","0.6","","91","","0.0","","24","","9","","16.1","","92.08","","","","","","NA"
"-113.86","53.67","EDMONTON VILLENEUVE A","3012229","2019-04-14 23:00","2019","04","14","23:00","3.4","","0.5","","81","","0.0","","28","","9","","16.1","","92.08","","","","","","NA"
"-113.86","53.67","EDMONTON VILLENEUVE A","3012229","2019-04-15 00:00","2019","04","15","00:00","3.1","","-0.2","","79","","0.0","","29","","18","","16.1","","92.08","","","","","","NA"
"-113.86","53.67","EDMONTON VILLENEUVE A","3012229","2019-04-15 01:00","2019","04","15","01:00","2.6","","0.0","","83","","0.0","","28","","13","","16.1","","92.12","","","","","","NA"
"-113.86","53.67","EDMONTON VILLENEUVE A","3012229","2019-04-15 02:00","2019","04","15","02:00","1.8","","-0.6","","84","","0.0","","29","","13","","16.1","","92.14","","","","","","NA"
"-113.86","53.67","EDMONTON VILLENEUVE A","3012229","2019-04-15 03:00","2019","04","15","03:00","1.4","","-1.0","","84","","0.0","","27","","11","","16.1","","92.17","","","","","","NA"
"-113.86","53.67","EDMONTON VILLENEUVE A","3012229","2019-04-15 04:00","2019","04","15","04:00","2.0","","-0.9","","81","","0.0","","28","","17","","16.1","","92.21","","","","","","NA"
"-113.86","53.67","EDMONTON VILLENEUVE A","3012229","2019-04-15 05:00","2019","04","15","05:00","1.2","","-1.5","","82","","0.0","","29","","15","","16.1","","92.23","","","","","","NA"
"-113.86","53.67","EDMONTON VILLENEUVE A","3012229","2019-04-15 06:00","2019","04","15","06:00","1.4","","-1.2","","83","","0.0","","28","","15","","16.1","","92.26","","","","","","NA"
"-113.86","53.67","EDMONTON VILLENEUVE A","3012229","2019-04-15 07:00","2019","04","15","07:00","2.2","","-0.5","","82","","0.0","","29","","17","","16.1","","92.30","","","","","","NA"
"-113.86","53.67","EDMONTON VILLENEUVE A","3012229","2019-04-15 08:00","2019","04","15","08:00","2.8","","-0.6","","78","","0.0","","30","","17","","16.1","","92.32","","","","","","NA"
"-113.86","53.67","EDMONTON VILLENEUVE A","3012229","2019-04-15 09:00","2019","04","15","09:00","3.8","","-0.4","","74","","0.0","","29","","18","","16.1","","92.34","","","","","","NA"
"-113.86","53.67","EDMONTON VILLENEUVE A","3012229","2019-04-15 10:00","2019","04","15","10:00","5.2","","-0.8","","65","","0.0","","31","","22","","16.1","","92.37","","","","","","NA"
"-113.86","53.67","EDMONTON VILLENEUVE A","3012229","2019-04-15 11:00","2019","04","15","11:00","5.5","","-1.1","","63","","0.0","","31","","26","","16.1","","92.39","","","","","","NA"
"-113.86","53.67","EDMONTON VILLENEUVE A","3012229","2019-04-15 12:00","2019","04","15","12:00","6.5","","-0.7","","60","","0.0","","32","","24","","16.1","","92.40","","","","","","NA"
"-113.86","53.67","EDMONTON VILLENEUVE A","3012229","2019-04-15 13:00","2019","04","15","13:00","7.1","","-1.4","","55","","0.0","","32","","18","","16.1","","92.41","","","","","","NA"
"-113.86","53.67","EDMONTON VILLENEUVE A","3012229","2019-04-15 14:00","2019","04","15","14:00","7.4","","-1.1","","55","","0.0","","32","","17","","16.1","","92.45","","","","","","NA"
"-113.86","53.67","EDMONTON VILLENEUVE A","3012229","2019-04-15 15:00","2019","04","15","15:00","7.4","","0.3","","61","","0.0","","35","","17","","16.1","","92.48","","","","","","NA"
"-113.86","53.67","EDMONTON VILLENEUVE A","3012229","2019-04-15 16:00","2019","04","15","16:00","7.9","","0.1","","58","","0.0","","1","","15","","16.1","","92.48","","","","","","NA"
"-113.86","53.67","EDMONTON VILLENEUVE A","3012229","2019-04-15 17:00","2019","04","15","17:00","8.8","","-0.6","","52","","0.0","","2","","11","","16.1","","92.49","","","","","","NA"
"-113.86","53.67","EDMONTON VILLENEUVE A","3012229","2019-04-15 18:00","2019","04","15","18:00","7.7","","0.0","","58","","0.0","","36","","22","","16.1","","92.56","","","","","","NA"
"-113.86","53.67","EDMONTON VILLENEUVE A","3012229","2019-04-15 19:00","2019","04","15","19:00","5.8","","0.6","","69","","0.0","","36","","13","","16.1","","92.59","","","","","","NA"
"-113.86","53.67","EDMONTON VILLENEUVE A","3012229","2019-04-15 20:00","2019","04","15","20:00","2.5","","-0.3","","82","","0.0","","3","","5","","16.1","","92.63","","","","","","NA"
"-113.86","53.67","EDMONTON VILLENEUVE A","3012229","2019-04-15 21:00","2019","04","15","21:00","-0.2","","-1.5","","91","","0.0","","","M","4","","16.1","","92.71","","","","-1","","NA"
"-113.86","53.67","EDMONTON VILLENEUVE A","3012229","2019-04-15 22:00","2019","04","15","22:00","-2.4","","-2.8","","97","","0.0","","22","","5","","16.1","","92.75","","","","-4","","NA"
"-113.86","53.67","EDMONTON VILLENEUVE A","3012229","2019-04-15 23:00","2019","04","15","23:00","1.1","","0.0","","92","","0.0","","","M","4","","16.1","","92.76","","","","","","NA"
"-113.86","53.67","EDMONTON VILLENEUVE A","3012229","2019-04-16 00:00","2019","04","16","00:00","1.0","","-1.4","","84","","0.0","","29","","11","","16.1","","92.79","","","","","","NA"
"-113.86","53.67","EDMONTON VILLENEUVE A","3012229","2019-04-16 01:00","2019","04","16","01:00","0.4","","-1.5","","87","","0.0","","29","","13","","16.1","","92.83","","","","","","NA"
"-113.86","53.67","EDMONTON VILLENEUVE A","3012229","2019-04-16 02:00","2019","04","16","02:00","-0.7","","-1.8","","92","","0.0","","28","","8","","16.1","","92.86","","","","-4","","NA"
"-113.86","53.67","EDMONTON VILLENEUVE A","3012229","2019-04-16 03:00","2019","04","16","03:00","-2.5","","-3.2","","95","","0.0","","25","","8","","16.1","","92.88","","","","-6","","NA"
"-113.86","53.67","EDMONTON VILLENEUVE A","3012229","2019-04-16 04:00","2019","04","16","04:00","-3.7","","-4.0","","98","","0.0","","18","","5","","16.1","","92.93","","","","-6","","NA"
"-113.86","53.67","EDMONTON VILLENEUVE A","3012229","2019-04-16 05:00","2019","04","16","05:00","-0.4","","-1.4","","93","","0.0","","26","","4","","16.1","","92.95","","","","-2","","NA"
"-113.86","53.67","EDMONTON VILLENEUVE A","3012229","2019-04-16 06:00","2019","04","16","06:00","-1.5","","-2.1","","96","","0.0","","","","0","","16.1","","92.97","","","","","","NA"
"-113.86","53.67","EDMONTON VILLENEUVE A","3012229","2019-04-16 07:00","2019","04","16","07:00","-0.1","","-0.7","","96","","0.0","","18","","5","","16.1","","93.02","","","","-2","","NA"
"-113.86","53.67","EDMONTON VILLENEUVE A","3012229","2019-04-16 08:00","2019","04","16","08:00","2.7","","0.6","","86","","0.0","","24","","8","","16.1","","93.03","","","","","","NA"
"-113.86","53.67","EDMONTON VILLENEUVE A","3012229","2019-04-16 09:00","2019","04","16","09:00","3.4","","0.5","","82","","0.0","","25","","8","","16.1","","93.04","","","","","","NA"
"-113.86","53.67","EDMONTON VILLENEUVE A","3012229","2019-04-16 10:00","2019","04","16","10:00","5.6","","0.7","","71","","0.0","","15","","9","","16.1","","93.06","","","","","","NA"
"-113.86","53.67","EDMONTON VILLENEUVE A","3012229","2019-04-16 11:00","2019","04","16","11:00","7.4","","0.0","","59","","0.0","","","M","4","","16.1","","93.02","","","","","","NA"
"-113.86","53.67","EDMONTON VILLENEUVE A","3012229","2019-04-16 12:00","2019","04","16","12:00","9.4","","-2.1","","45","","0.0","","17","","9","","16.1","","92.97","","","","","","NA"
"-113.86","53.67","EDMONTON VILLENEUVE A","3012229","2019-04-16 13:00","2019","04","16","13:00","9.9","","-3.2","","40","","0.0","","18","","13","","16.1","","92.91","","","","","","NA"
"-113.86","53.67","EDMONTON VILLENEUVE A","3012229","2019-04-16 14:00","2019","04","16","14:00","12.3","","-4.5","","31","","0.0","","21","","15","","16.1","","92.88","","","","","","NA"
"-113.86","53.67","EDMONTON VILLENEUVE A","3012229","2019-04-16 15:00","2019","04","16","15:00","11.8","","-4.5","","32","","0.0","","20","","17","","16.1","","92.83","","","","","","NA"
"-113.86","53.67","EDMONTON VILLENEUVE A","3012229","2019-04-16 16:00","2019","04","16","16:00","12.4","","-6.9","","25","","0.0","","20","","9","","16.1","","92.78","","","","","","NA"
"-113.86","53.67","EDMONTON VILLENEUVE A","3012229","2019-04-16 17:00","2019","04","16","17:00","11.9","","-6.4","","27","","0.0","","15","","9","","16.1","","92.78","","","","","","NA"
"-113.86","53.67","EDMONTON VILLENEUVE A","3012229","2019-04-16 18:00","2019","04","16","18:00","11.7","","-6.6","","27","","0.0","","12","","8","","16.1","","92.74","","","","","","NA"
"-113.86","53.67","EDMONTON VILLENEUVE A","3012229","2019-04-16 19:00","2019","04","16","19:00","11.3","","-5.7","","30","","0.0","","14","","8","","16.1","","92.71","","","","","","NA"
"-113.86","53.67","EDMONTON VILLENEUVE A","3012229","2019-04-16 20:00","2019","04","16","20:00","8.8","","-3.1","","43","","0.0","","15","","11","","16.1","","92.72","","","","","","NA"
"-113.86","53.67","EDMONTON VILLENEUVE A","3012229","2019-04-16 21:00","2019","04","16","21:00","7.3","","-1.7","","53","","0.0","","15","","13","","16.1","","92.73","","","","","","NA"
"-113.86","53.67","EDMONTON VILLENEUVE A","3012229","2019-04-16 22:00","2019","04","16","22:00","3.2","","-2.2","","68","","0.0","","17","","11","","16.1","","92.75","","","","","","NA"
"-113.86","53.67","EDMONTON VILLENEUVE A","3012229","2019-04-16 23:00","2019","04","16","23:00","3.7","","-1.7","","68","","0.0","","25","","13","","16.1","","92.76","","","","","","NA"
"-113.86","53.67","EDMONTON VILLENEUVE A","3012229","2019-04-17 00:00","2019","04","17","00:00","0.4","","-2.9","","79","","0.0","","16","","11","","16.1","","92.72","","","","","","NA"
"-113.86","53.67","EDMONTON VILLENEUVE A","3012229","2019-04-17 01:00","2019","04","17","01:00","0.3","","-2.9","","79","","0.0","","19","","13","","16.1","","92.71","","","","","","NA"
"-113.86","53.67","EDMONTON VILLENEUVE A","3012229","2019-04-17 02:00","2019","04","17","02:00","0.1","","-2.7","","81","","0.0","","16","","8","","16.1","","92.70","","","","","","NA"
"-113.86","53.67","EDMONTON VILLENEUVE A","3012229","2019-04-17 03:00","2019","04","17","03:00","-0.3","","-3.5","","79","","0.0","","28","","5","","16.1","","92.71","","","","-2","","NA"
"-113.86","53.67","EDMONTON VILLENEUVE A","3012229","2019-04-17 04:00","2019","04","17","04:00","-1.2","","-2.6","","90","","0.0","","","","0","","16.1","","92.73","","","","","","NA"
"-113.86","53.67","EDMONTON VILLENEUVE A","3012229","2019-04-17 05:00","2019","04","17","05:00","0.3","","-2.7","","80","","0.0","","33","","9","","16.1","","92.76","","","","","","NA"
"-113.86","53.67","EDMONTON VILLENEUVE A","3012229","2019-04-17 06:00","2019","04","17","06:00","2.1","","-4.3","","63","","0.0","","30","","11","","16.1","","92.79","","","","","","NA"
"-113.86","53.67","EDMONTON VILLENEUVE A","3012229","2019-04-17 07:00","2019","04","17","07:00","5.0","","-3.8","","53","","0.0","","28","","15","","16.1","","92.85","","","","","","NA"
"-113.86","53.67","EDMONTON VILLENEUVE A","3012229","2019-04-17 08:00","2019","04","17","08:00","7.3","","-3.5","","46","","0.0","","30","","18","","16.1","","92.91","","","","","","NA"
"-113.86","53.67","EDMONTON VILLENEUVE A","3012229","2019-04-17 09:00","2019","04","17","09:00","9.5","","-3.1","","41","","0.0","","31","","18","","16.1","","92.94","","","","","","NA"
"-113.86","53.67","EDMONTON VILLENEUVE A","3012229","2019-04-17 10:00","2019","04","17","10:00","11.5","","-3.6","","35","","0.0","","32","","21","","16.1","","92.94","","","","","","NA"
"-113.86","53.67","EDMONTON VILLENEUVE A","3012229","2019-04-17 11:00","2019","04","17","11:00","13.0","","-3.9","","31","","0.0","","31","","24","","16.1","","92.93","","","","","","NA"
"-113.86","53.67","EDMONTON VILLENEUVE A","3012229","2019-04-17 12:00","2019","04","17","12:00","12.9","","-5.1","","28","","0.0","","29","","22","","16.1","","92.94","","","","","","NA"
"-113.86","53.67","EDMONTON VILLENEUVE A","3012229","2019-04-17 13:00","2019","04","17","13:00","13.6","","-4.0","","29","","0.0","","27","","18","","16.1","","92.91","","","","","","NA"
"-113.86","53.67","EDMONTON VILLENEUVE A","3012229","2019-04-17 14:00","2019","04","17","14:00","12.6","","-5.2","","29","","0.0","","29","","26","","16.1","","92.93","","","","","","NA"
"-113.86","53.67","EDMONTON VILLENEUVE A","3012229","2019-04-17 15:00","2019","04","17","15:00","9.4","","1.2","","56","","0.0","","31","","37","","16.1","","93.14","","","","","","NA"
"-113.86","53.67","EDMONTON VILLENEUVE A","3012229","2019-04-17 16:00","2019","04","17","16:00","9.8","","-1.7","","45","","0.0","","28","","21","","16.1","","93.16","","","","","","NA"
"-113.86","53.67","EDMONTON VILLENEUVE A","3012229","2019-04-17 17:00","2019","04","17","17:00","9.8","","-0.9","","47","","0.0","","26","","17","","16.1","","93.16","","","","","","NA"
"-113.86","53.67","EDMONTON VILLENEUVE A","3012229","2019-04-17 18:00","2019","04","17","18:00","11.0","","-3.9","","35","","0.0","","26","","15","","16.1","","93.15","","","","","","NA"
"-113.86","53.67","EDMONTON VILLENEUVE A","3012229","2019-04-17 19:00","2019","04","17","19:00","10.5","","-5.6","","32","","0.0","","29","","15","","16.1","","93.22","","","","","","NA"
"-113.86","53.67","EDMONTON VILLENEUVE A","3012229","2019-04-17 20:00","2019","04","17","20:00","7.2","","-5.5","","40","","0.0","","29","","9","","16.1","","93.32","","","","","","NA"
"-113.86","53.67","EDMONTON VILLENEUVE A","3012229","2019-04-17 21:00","2019","04","17","21:00","6.7","","-6.3","","39","","0.0","","27","","8","","16.1","","93.42","","","","","","NA"
"-113.86","53.67","EDMONTON VILLENEUVE A","3012229","2019-04-17 22:00","2019","04","17","22:00","5.8","","-6.5","","41","","0.0","","27","","11","","16.1","","93.49","","","","","","NA"
"-113.86","53.67","EDMONTON VILLENEUVE A","3012229","2019-04-17 23:00","2019","04","17","23:00","3.9","","-6.4","","47","","0.0","","26","","11","","16.1","","93.54","","","","","","NA"
"-113.86","53.67","EDMONTON VILLENEUVE A","3012229","2019-04-18 00:00","2019","04","18","00:00","3.6","","-6.8","","47","","0.0","","26","","13","","16.1","","93.57","","","","","","NA"
"-113.86","53.67","EDMONTON VILLENEUVE A","3012229","2019-04-18 01:00","2019","04","18","01:00","4.6","","-6.9","","43","","0.0","","29","","11","","16.1","","93.58","","","","","","NA"
"-113.86","53.67","EDMONTON VILLENEUVE A","3012229","2019-04-18 02:00","2019","04","18","02:00","4.4","","-6.8","","44","","0.0","","27","","13","","16.1","","93.54","","","","","","NA"
"-113.86","53.67","EDMONTON VILLENEUVE A","3012229","2019-04-18 03:00","2019","04","18","03:00","-0.6","","-6.2","","66","","0.0","","24","","9","","16.1","","93.54","","","","-4","","NA"
"-113.86","53.67","EDMONTON VILLENEUVE A","3012229","2019-04-18 04:00","2019","04","18","04:00","0.1","","-6.1","","63","","0.0","","22","","9","","16.1","","93.57","","","","","","NA"
"-113.86","53.67","EDMONTON VILLENEUVE A","3012229","2019-04-18 05:00","2019","04","18","05:00","3.4","","-4.8","","55","","0.0","","23","","13","","16.1","","93.60","","","","","","NA"
"-113.86","53.67","EDMONTON VILLENEUVE A","3012229","2019-04-18 06:00","2019","04","18","06:00","1.9","","-3.6","","67","","0.0","","","","0","","16.1","","93.61","","","","","","NA"
"-113.86","53.67","EDMONTON VILLENEUVE A","3012229","2019-04-18 07:00","2019","04","18","07:00","4.1","","-1.8","","65","","0.0","","","","0","","16.1","","93.60","","","","","","NA"
"-113.86","53.67","EDMONTON VILLENEUVE A","3012229","2019-04-18 08:00","2019","04","18","08:00","7.3","","-4.5","","43","","0.0","","21","","11","","16.1","","93.59","","","","","","NA"
"-113.86","53.67","EDMONTON VILLENEUVE A","3012229","2019-04-18 09:00","2019","04","18","09:00","9.1","","-4.0","","40","","0.0","","20","","17","","16.1","","93.56","","","","","","NA"
"-113.86","53.67","EDMONTON VILLENEUVE A","3012229","2019-04-18 10:00","2019","04","18","10:00","9.5","","-3.3","","41","","0.0","","17","","11","","16.1","","93.47","","","","","","NA"
"-113.86","53.67","EDMONTON VILLENEUVE A","3012229","2019-04-18 11:00","2019","04","18","11:00","11.9","","-4.4","","32","","0.0","","21","","17","","16.1","","93.48","","","","","","NA"
"-113.86","53.67","EDMONTON VILLENEUVE A","3012229","2019-04-18 12:00","2019","04","18","12:00","12.6","","-3.6","","32","","0.0","","19","","18","","16.1","","93.37","","","","","","NA"
"-113.86","53.67","EDMONTON VILLENEUVE A","3012229","2019-04-18 13:00","2019","04","18","13:00","13.3","","-1.6","","35","","0.0","","23","","15","","16.1","","93.32","","","","","","NA"
"-113.86","53.67","EDMONTON VILLENEUVE A","3012229","2019-04-18 14:00","2019","04","18","14:00","13.9","","-0.2","","38","","0.0","","20","","11","","16.1","","93.23","","","","","","NA"
"-113.86","53.67","EDMONTON VILLENEUVE A","3012229","2019-04-18 15:00","2019","04","18","15:00","14.8","","0.0","","36","","0.0","","17","","11","","16.1","","93.13","","","","","","NA"
"-113.86","53.67","EDMONTON VILLENEUVE A","3012229","2019-04-18 16:00","2019","04","18","16:00","16.2","","0.1","","33","","0.0","","20","","13","","16.1","","93.01","","","","","","NA"
"-113.86","53.67","EDMONTON VILLENEUVE A","3012229","2019-04-18 17:00","2019","04","18","17:00","16.0","","-0.1","","33","","0.0","","17","","13","","16.1","","92.87","","","","","","NA"
"-113.86","53.67","EDMONTON VILLENEUVE A","3012229","2019-04-18 18:00","2019","04","18","18:00","15.3","","0.6","","37","","0.0","","16","","11","","16.1","","92.79","","","","","","NA"
"-113.86","53.67","EDMONTON VILLENEUVE A","3012229","2019-04-18 19:00","2019","04","18","19:00","13.6","","1.2","","43","","0.0","","","","0","","11.3","","92.72","","","","","","NA"
"-113.86","53.67","EDMONTON VILLENEUVE A","3012229","2019-04-18 20:00","2019","04","18","20:00","11.1","","2.2","","54","","0.0","","6","","8","","16.1","","92.65","","","","","","NA"
"-113.86","53.67","EDMONTON VILLENEUVE A","3012229","2019-04-18 21:00","2019","04","18","21:00","9.8","","1.5","","56","","0.0","","5","","5","","16.1","","92.58","","","","","","NA"
"-113.86","53.67","EDMONTON VILLENEUVE A","3012229","2019-04-18 22:00","2019","04","18","22:00","7.3","","1.7","","68","","0.0","","31","","15","","16.1","","92.57","","","","","","NA"
"-113.86","53.67","EDMONTON VILLENEUVE A","3012229","2019-04-18 23:00","2019","04","18","23:00","6.1","","2.0","","75","","0.0","","30","","21","","16.1","","92.59","","","","","","NA"
"-113.86","53.67","EDMONTON VILLENEUVE A","3012229","2019-04-19 00:00","2019","04","19","00:00","6.2","","3.5","","83","","0.0","","32","","18","","16.1","","92.58","","","","","","NA"
"-113.86","53.67","EDMONTON VILLENEUVE A","3012229","2019-04-19 01:00","2019","04","19","01:00","5.8","","3.8","","87","","0.0","","30","","13","","16.1","","92.62","","","","","","NA"
"-113.86","53.67","EDMONTON VILLENEUVE A","3012229","2019-04-19 02:00","2019","04","19","02:00","6.3","","4.5","","88","","0.0","","31","","21","","16.1","","92.67","","","","","","NA"
"-113.86","53.67","EDMONTON VILLENEUVE A","3012229","2019-04-19 03:00","2019","04","19","03:00","6.9","","5.5","","91","","0.0","","30","","21","","16.1","","92.71","","","","","","NA"
"-113.86","53.67","EDMONTON VILLENEUVE A","3012229","2019-04-19 04:00","2019","04","19","04:00","6.3","","3.0","","79","","0.0","","31","","18","","16.1","","92.75","","","","","","NA"
"-113.86","53.67","EDMONTON VILLENEUVE A","3012229","2019-04-19 05:00","2019","04","19","05:00","6.4","","1.3","","70","","0.0","","27","","9","","16.1","","92.73","","","","","","NA"
"-113.86","53.67","EDMONTON VILLENEUVE A","3012229","2019-04-19 06:00","2019","04","19","06:00","5.4","","1.9","","78","","0.0","","29","","13","","16.1","","92.76","","","","","","NA"
"-113.86","53.67","EDMONTON VILLENEUVE A","3012229","2019-04-19 07:00","2019","04","19","07:00","6.3","","2.0","","74","","0.0","","28","","17","","16.1","","92.78","","","","","","NA"
"-113.86","53.67","EDMONTON VILLENEUVE A","3012229","2019-04-19 08:00","2019","04","19","08:00","7.3","","1.8","","68","","0.0","","28","","17","","16.1","","92.79","","","","","","NA"
"-113.86","53.67","EDMONTON VILLENEUVE A","3012229","2019-04-19 09:00","2019","04","19","09:00","8.4","","0.9","","59","","0.0","","29","","18","","16.1","","92.83","","","","","","NA"
"-113.86","53.67","EDMONTON VILLENEUVE A","3012229","2019-04-19 10:00","2019","04","19","10:00","8.6","","-0.3","","53","","0.0","","29","","26","","16.1","","92.79","","","","","","NA"
"-113.86","53.67","EDMONTON VILLENEUVE A","3012229","2019-04-19 11:00","2019","04","19","11:00","9.9","","-2.7","","41","","0.0","","27","","24","","16.1","","92.78","","","","","","NA"
"-113.86","53.67","EDMONTON VILLENEUVE A","3012229","2019-04-19 12:00","2019","04","19","12:00","11.4","","-1.4","","41","","0.0","","26","","24","","16.1","","92.71","","","","","","NA"
"-113.86","53.67","EDMONTON VILLENEUVE A","3012229","2019-04-19 13:00","2019","04","19","13:00","11.9","","-4.2","","32","","0.0","","26","","26","","16.1","","92.66","","","","","","NA"
"-113.86","53.67","EDMONTON VILLENEUVE A","3012229","2019-04-19 14:00","2019","04","19","14:00","11.6","","-5.3","","30","","0.0","","27","","22","","16.1","","92.64","","","","","","NA"
"-113.86","53.67","EDMONTON VILLENEUVE A","3012229","2019-04-19 15:00","2019","04","19","15:00","12.1","","-7.7","","24","","0.0","","29","","24","","16.1","","92.61","","","","","","NA"
"-113.86","53.67","EDMONTON VILLENEUVE A","3012229","2019-04-19 16:00","2019","04","19","16:00","12.3","","-6.5","","26","","0.0","","28","","24","","16.1","","92.61","","","","","","NA"
"-113.86","53.67","EDMONTON VILLENEUVE A","3012229","2019-04-19 17:00","2019","04","19","17:00","11.8","","-7.5","","25","","0.0","","27","","24","","16.1","","92.61","","","","","","NA"
"-113.86","53.67","EDMONTON VILLENEUVE A","3012229","2019-04-19 18:00","2019","04","19","18:00","11.5","","-6.8","","27","","0.0","","27","","15","","16.1","","92.60","","","","","","NA"
"-113.86","53.67","EDMONTON VILLENEUVE A","3012229","2019-04-19 19:00","2019","04","19","19:00","11.1","","-8.8","","24","","0.0","","29","","15","","16.1","","92.60","","","","","","NA"
"-113.86","53.67","EDMONTON VILLENEUVE A","3012229","2019-04-19 20:00","2019","04","19","20:00","7.9","","-8.2","","31","","0.0","","26","","11","","16.1","","92.62","","","","","","NA"
"-113.86","53.67","EDMONTON VILLENEUVE A","3012229","2019-04-19 21:00","2019","04","19","21:00","7.9","","-1.6","","51","","0.0","","24","","15","","16.1","","92.69","","","","","","NA"
"-113.86","53.67","EDMONTON VILLENEUVE A","3012229","2019-04-19 22:00","2019","04","19","22:00","7.9","","-1.1","","53","","0.0","","28","","11","","16.1","","92.74","","","","","","Rain"
"-113.86","53.67","EDMONTON VILLENEUVE A","3012229","2019-04-19 23:00","2019","04","19","23:00","5.1","","-1.7","","62","","0.0","","26","","13","","16.1","","92.78","","","","","","NA"
"-113.86","53.67","EDMONTON VILLENEUVE A","3012229","2019-04-20 00:00","2019","04","20","00:00","5.2","","-4.1","","51","","0.0","","28","","13","","16.1","","92.84","","","","","","NA"
"-113.86","53.67","EDMONTON VILLENEUVE A","3012229","2019-04-20 01:00","2019","04","20","01:00","4.5","","-5.9","","47","","0.0","","28","","15","","16.1","","92.90","","","","","","NA"
"-113.86","53.67","EDMONTON VILLENEUVE A","3012229","2019-04-20 02:00","2019","04","20","02:00","3.3","","-8.0","","43","","0.0","","27","","9","","16.1","","92.91","","","","","","NA"
"-113.86","53.67","EDMONTON VILLENEUVE A","3012229","2019-04-20 03:00","2019","04","20","03:00","3.6","","-7.3","","45","","0.0","","28","","13","","16.1","","92.95","","","","","","NA"
"-113.86","53.67","EDMONTON VILLENEUVE A","3012229","2019-04-20 04:00","2019","04","20","04:00","3.1","","-6.9","","48","","0.0","","27","","15","","16.1","","92.99","","","","","","NA"
"-113.86","53.67","EDMONTON VILLENEUVE A","3012229","2019-04-20 05:00","2019","04","20","05:00","3.6","","-5.9","","50","","0.0","","27","","15","","16.1","","93.05","","","","","","NA"
"-113.86","53.67","EDMONTON VILLENEUVE A","3012229","2019-04-20 06:00","2019","04","20","06:00","2.8","","-5.1","","56","","0.0","","28","","17","","16.1","","93.12","","","","","","NA"
"-113.86","53.67","EDMONTON VILLENEUVE A","3012229","2019-04-20 07:00","2019","04","20","07:00","3.5","","-4.7","","55","","0.0","","30","","22","","16.1","","93.15","","","","","","NA"
"-113.86","53.67","EDMONTON VILLENEUVE A","3012229","2019-04-20 08:00","2019","04","20","08:00","4.8","","-5.3","","48","","0.0","","31","","28","","16.1","","93.18","","","","","","NA"
"-113.86","53.67","EDMONTON VILLENEUVE A","3012229","2019-04-20 09:00","2019","04","20","09:00","6.9","","-5.7","","40","","0.0","","30","","30","","16.1","","93.22","","","","","","NA"
"-113.86","53.67","EDMONTON VILLENEUVE A","3012229","2019-04-20 10:00","2019","04","20","10:00","7.9","","-7.5","","33","","0.0","","30","","39","","16.1","","93.21","","","","","","NA"
"-113.86","53.67","EDMONTON VILLENEUVE A","3012229","2019-04-20 11:00","2019","04","20","11:00","8.8","","-7.9","","30","","0.0","","29","","34","","16.1","","93.24","","","","","","NA"
"-113.86","53.67","EDMONTON VILLENEUVE A","3012229","2019-04-20 12:00","2019","04","20","12:00","9.6","","-8.0","","28","","0.0","","31","","30","","16.1","","93.27","","","","","","NA"
"-113.86","53.67","EDMONTON VILLENEUVE A","3012229","2019-04-20 13:00","2019","04","20","13:00","10.2","","-7.0","","29","","0.0","","29","","26","","16.1","","93.27","","","","","","NA"
"-113.86","53.67","EDMONTON VILLENEUVE A","3012229","2019-04-20 14:00","2019","04","20","14:00","11.2","","-8.1","","25","","0.0","","31","","26","","16.1","","93.26","","","","","","NA"
"-113.86","53.67","EDMONTON VILLENEUVE A","3012229","2019-04-20 15:00","2019","04","20","15:00","11.1","","-4.6","","33","","0.0","","32","","37","","16.1","","93.28","","","","","","NA"
"-113.86","53.67","EDMONTON VILLENEUVE A","3012229","2019-04-20 16:00","2019","04","20","16:00","10.6","","-6.1","","30","","0.0","","34","","30","","16.1","","93.32","","","","","","NA"
"-113.86","53.67","EDMONTON VILLENEUVE A","3012229","2019-04-20 17:00","2019","04","20","17:00","10.0","","-6.4","","31","","0.0","","34","","34","","16.1","","93.38","","","","","","NA"
"-113.86","53.67","EDMONTON VILLENEUVE A","3012229","2019-04-20 18:00","2019","04","20","18:00","9.2","","-7.4","","30","","0.0","","33","","28","","16.1","","93.43","","","","","","NA"
"-113.86","53.67","EDMONTON VILLENEUVE A","3012229","2019-04-20 19:00","2019","04","20","19:00","7.5","","-5.3","","40","","0.0","","36","","15","","16.1","","93.49","","","","","","NA"
"-113.86","53.67","EDMONTON VILLENEUVE A","3012229","2019-04-20 20:00","2019","04","20","20:00","3.7","","-4.6","","55","","0.0","","2","","5","","16.1","","93.55","","","","","","NA"
"-113.86","53.67","EDMONTON VILLENEUVE A","3012229","2019-04-20 21:00","2019","04","20","21:00","-0.1","","-6.7","","61","","0.0","","35","","4","","16.1","","93.62","","","","-1","","NA"
"-113.86","53.67","EDMONTON VILLENEUVE A","3012229","2019-04-20 22:00","2019","04","20","22:00","-4.1","","-7.8","","76","","0.0","","28","","4","","16.1","","93.67","","","","-6","","NA"
"-113.86","53.67","EDMONTON VILLENEUVE A","3012229","2019-04-20 23:00","2019","04","20","23:00","-3.2","","-6.5","","78","","0.0","","24","","8","","16.1","","93.72","","","","-6","","NA"
"-113.86","53.67","EDMONTON VILLENEUVE A","3012229","2019-04-21 00:00","2019","04","21","00:00","-2.8","","-6.7","","75","","0.0","","23","","9","","16.1","","93.78","","","","-6","","NA"
"-113.86","53.67","EDMONTON VILLENEUVE A","3012229","2019-04-21 01:00","2019","04","21","01:00","-3.0","","-6.7","","76","","0.0","","23","","5","","16.1","","93.83","","","","-5","","NA"
"-113.86","53.67","EDMONTON VILLENEUVE A","3012229","2019-04-21 02:00","2019","04","21","02:00","-3.8","","-7.1","","78","","0.0","","24","","8","","16.1","","93.85","","","","-7","","NA"
"-113.86","53.67","EDMONTON VILLENEUVE A","3012229","2019-04-21 03:00","2019","04","21","03:00","-3.8","","-6.6","","81","","0.0","","","","0","","16.1","","93.89","","","","","","NA"
"-113.86","53.67","EDMONTON VILLENEUVE A","3012229","2019-04-21 04:00","2019","04","21","04:00","-3.9","","-5.9","","86","","0.0","","","","0","","16.1","","93.93","","","","","","NA"
"-113.86","53.67","EDMONTON VILLENEUVE A","3012229","2019-04-21 05:00","2019","04","21","05:00","-4.5","","-6.2","","88","","0.0","","13","","4","","16.1","","93.95","","","","-6","","NA"
"-113.86","53.67","EDMONTON VILLENEUVE A","3012229","2019-04-21 06:00","2019","04","21","06:00","-3.7","","-4.7","","93","","0.0","","15","","4","","16.1","","93.97","","","","-5","","NA"
"-113.86","53.67","EDMONTON VILLENEUVE A","3012229","2019-04-21 07:00","2019","04","21","07:00","1.1","","-3.5","","71","","0.0","","","M","4","","16.1","","93.99","","","","","","NA"
"-113.86","53.67","EDMONTON VILLENEUVE A","3012229","2019-04-21 08:00","2019","04","21","08:00","5.5","","-5.1","","47","","0.0","","18","","15","","16.1","","93.98","","","","","","NA"
"-113.86","53.67","EDMONTON VILLENEUVE A","3012229","2019-04-21 09:00","2019","04","21","09:00","7.6","","-4.9","","41","","0.0","","19","","17","","16.1","","93.95","","","","","","NA"
"-113.86","53.67","EDMONTON VILLENEUVE A","3012229","2019-04-21 10:00","2019","04","21","10:00","9.5","","-6.5","","32","","0.0","","20","","13","","16.1","","93.95","","","","","","NA"
"-113.86","53.67","EDMONTON VILLENEUVE A","3012229","2019-04-21 11:00","2019","04","21","11:00","11.2","","-8.9","","24","","0.0","","","M","8","","16.1","","93.93","","","","","","NA"
"-113.86","53.67","EDMONTON VILLENEUVE A","3012229","2019-04-21 12:00","2019","04","21","12:00","12.3","","-10.4","","20","","0.0","","28","","11","","16.1","","93.90","","","","","","NA"
"-113.86","53.67","EDMONTON VILLENEUVE A","3012229","2019-04-21 13:00","2019","04","21","13:00","12.5","","-11.2","","18","","0.0","","26","","15","","16.1","","93.88","","","","","","NA"
"-113.86","53.67","EDMONTON VILLENEUVE A","3012229","2019-04-21 14:00","2019","04","21","14:00","12.7","","-13.0","","15","","0.0","","21","","17","","16.1","","93.85","","","","","","NA"
"-113.86","53.67","EDMONTON VILLENEUVE A","3012229","2019-04-21 15:00","2019","04","21","15:00","13.5","","-11.5","","17","","0.0","","22","","11","","16.1","","93.79","","","","","","NA"
"-113.86","53.67","EDMONTON VILLENEUVE A","3012229","2019-04-21 16:00","2019","04","21","16:00","14.1","","-13.2","","14","","0.0","","23","","8","","16.1","","93.75","","","","","","NA"
"-113.86","53.67","EDMONTON VILLENEUVE A","3012229","2019-04-21 17:00","2019","04","21","17:00","14.2","","-12.5","","15","","0.0","","16","","8","","16.1","","93.74","","","","","","NA"
"-113.86","53.67","EDMONTON VILLENEUVE A","3012229","2019-04-21 18:00","2019","04","21","18:00","14.1","","-14.0","","13","","0.0","","","M","4","","16.1","","93.70","","","","","","NA"
"-113.86","53.67","EDMONTON VILLENEUVE A","3012229","2019-04-21 19:00","2019","04","21","19:00","13.0","","-13.1","","15","","0.0","","9","","8","","16.1","","93.68","","","","","","NA"
"-113.86","53.67","EDMONTON VILLENEUVE A","3012229","2019-04-21 20:00","2019","04","21","20:00","10.2","","-12.5","","19","","0.0","","9","","9","","16.1","","93.69","","","","","","NA"
"-113.86","53.67","EDMONTON VILLENEUVE A","3012229","2019-04-21 21:00","2019","04","21","21:00","7.7","","-10.7","","26","","0.0","","12","","9","","16.1","","93.70","","","","","","NA"
"-113.86","53.67","EDMONTON VILLENEUVE A","3012229","2019-04-21 22:00","2019","04","21","22:00","5.4","","-10.9","","30","","0.0","","14","","5","","16.1","","93.66","","","","","","NA"
"-113.86","53.67","EDMONTON VILLENEUVE A","3012229","2019-04-21 23:00","2019","04","21","23:00","2.4","","-9.3","","42","","0.0","","14","","4","","16.1","","93.64","","","","","","NA"
"-113.86","53.67","EDMONTON VILLENEUVE A","3012229","2019-04-22 00:00","2019","04","22","00:00","-0.5","","-7.5","","59","","0.0","","18","","9","","16.1","","93.64","","","","-4","","NA"
"-113.86","53.67","EDMONTON VILLENEUVE A","3012229","2019-04-22 01:00","2019","04","22","01:00","3.2","","-7.7","","45","","0.0","","22","","4","","16.1","","93.61","","","","","","NA"
"-113.86","53.67","EDMONTON VILLENEUVE A","3012229","2019-04-22 02:00","2019","04","22","02:00","0.5","","-7.4","","56","","0.0","","","M","4","","16.1","","93.55","","","","","","NA"
"-113.86","53.67","EDMONTON VILLENEUVE A","3012229","2019-04-22 03:00","2019","04","22","03:00","-2.0","","-7.9","","64","","0.0","","20","","4","","16.1","","93.52","","","","-3","","NA"
"-113.86","53.67","EDMONTON VILLENEUVE A","3012229","2019-04-22 04:00","2019","04","22","04:00","-3.4","","-7.8","","72","","0.0","","31","","5","","16.1","","93.48","","","","-5","","NA"
"-113.86","53.67","EDMONTON VILLENEUVE A","3012229","2019-04-22 05:00","2019","04","22","05:00","-1.8","","-5.9","","74","","0.0","","13","","4","","16.1","","93.44","","","","-3","","NA"
"-113.86","53.67","EDMONTON VILLENEUVE A","3012229","2019-04-22 06:00","2019","04","22","06:00","0.1","","-5.7","","65","","0.0","","20","","8","","16.1","","93.40","","","","","","NA"
"-113.86","53.67","EDMONTON VILLENEUVE A","3012229","2019-04-22 07:00","2019","04","22","07:00","2.4","","-5.2","","58","","0.0","","17","","11","","16.1","","93.38","","","","","","NA"
"-113.86","53.67","EDMONTON VILLENEUVE A","3012229","2019-04-22 08:00","2019","04","22","08:00","7.2","","-4.9","","42","","0.0","","12","","4","","16.1","","93.31","","","","","","NA"
"-113.86","53.67","EDMONTON VILLENEUVE A","3012229","2019-04-22 09:00","2019","04","22","09:00","12.3","","-3.6","","33","","0.0","","18","","8","","16.1","","93.22","","","","","","NA"
"-113.86","53.67","EDMONTON VILLENEUVE A","3012229","2019-04-22 10:00","2019","04","22","10:00","16.1","","-6.3","","21","","0.0","","19","","18","","16.1","","93.08","","","","","","NA"
"-113.86","53.67","EDMONTON VILLENEUVE A","3012229","2019-04-22 11:00","2019","04","22","11:00","17.3","","-6.6","","19","","0.0","","17","","28","","16.1","","92.94","","","","","","NA"
"-113.86","53.67","EDMONTON VILLENEUVE A","3012229","2019-04-22 12:00","2019","04","22","12:00","18.4","","-6.6","","18","","0.0","","19","","26","","16.1","","92.82","","","","","","NA"
"-113.86","53.67","EDMONTON VILLENEUVE A","3012229","2019-04-22 13:00","2019","04","22","13:00","19.3","","-6.1","","17","","0.0","","18","","28","","16.1","","92.69","","","","","","NA"
"-113.86","53.67","EDMONTON VILLENEUVE A","3012229","2019-04-22 14:00","2019","04","22","14:00","19.9","","-4.7","","19","","0.0","","20","","26","","16.1","","92.58","","","","","","NA"
"-113.86","53.67","EDMONTON VILLENEUVE A","3012229","2019-04-22 15:00","2019","04","22","15:00","20.2","","-2.8","","21","","0.0","","25","","18","","16.1","","92.54","","","","","","NA"
"-113.86","53.67","EDMONTON VILLENEUVE A","3012229","2019-04-22 16:00","2019","04","22","16:00","17.0","","1.8","","36","","0.0","","31","","45","","16.1","","92.58","","","","","","NA"
"-113.86","53.67","EDMONTON VILLENEUVE A","3012229","2019-04-22 17:00","2019","04","22","17:00","12.9","","5.4","","60","","0.0","","31","","22","","16.1","","92.69","","","","","","NA"
"-113.86","53.67","EDMONTON VILLENEUVE A","3012229","2019-04-22 18:00","2019","04","22","18:00","13.2","","5.5","","59","","0.0","","33","","11","","16.1","","92.61","","","","","","NA"
"-113.86","53.67","EDMONTON VILLENEUVE A","3012229","2019-04-22 19:00","2019","04","22","19:00","13.2","","5.4","","59","","0.0","","31","","5","","16.1","","92.54","","","","","","NA"
"-113.86","53.67","EDMONTON VILLENEUVE A","3012229","2019-04-22 20:00","2019","04","22","20:00","6.5","","2.4","","75","","0.0","","21","","8","","16.1","","92.55","","","","","","NA"
"-113.86","53.67","EDMONTON VILLENEUVE A","3012229","2019-04-22 21:00","2019","04","22","21:00","6.0","","2.3","","77","","0.0","","","","0","","16.1","","92.56","","","","","","NA"
"-113.86","53.67","EDMONTON VILLENEUVE A","3012229","2019-04-22 22:00","2019","04","22","22:00","8.3","","3.7","","73","","0.0","","21","","15","","16.1","","92.56","","","","","","NA"
"-113.86","53.67","EDMONTON VILLENEUVE A","3012229","2019-04-22 23:00","2019","04","22","23:00","10.3","","0.6","","51","","0.0","","26","","11","","16.1","","92.59","","","","","","NA"
"-113.86","53.67","EDMONTON VILLENEUVE A","3012229","2019-04-23 00:00","2019","04","23","00:00","9.9","","-0.3","","49","","0.0","","29","","11","","16.1","","92.66","","","","","","NA"
"-113.86","53.67","EDMONTON VILLENEUVE A","3012229","2019-04-23 01:00","2019","04","23","01:00","5.6","","-0.4","","65","","0.0","","30","","9","","16.1","","92.72","","","","","","NA"
"-113.86","53.67","EDMONTON VILLENEUVE A","3012229","2019-04-23 02:00","2019","04","23","02:00","4.6","","-0.8","","68","","0.0","","25","","8","","16.1","","92.74","","","","","","NA"
"-113.86","53.67","EDMONTON VILLENEUVE A","3012229","2019-04-23 03:00","2019","04","23","03:00","5.3","","-0.9","","64","","0.0","","29","","8","","16.1","","92.76","","","","","","NA"
"-113.86","53.67","EDMONTON VILLENEUVE A","3012229","2019-04-23 04:00","2019","04","23","04:00","4.4","","0.0","","73","","0.0","","23","","9","","16.1","","92.79","","","","","","NA"
"-113.86","53.67","EDMONTON VILLENEUVE A","3012229","2019-04-23 05:00","2019","04","23","05:00","5.3","","-0.7","","65","","0.0","","25","","9","","16.1","","92.83","","","","","","NA"
"-113.86","53.67","EDMONTON VILLENEUVE A","3012229","2019-04-23 06:00","2019","04","23","06:00","6.2","","-0.2","","63","","0.0","","28","","8","","16.1","","92.87","","","","","","NA"
"-113.86","53.67","EDMONTON VILLENEUVE A","3012229","2019-04-23 07:00","2019","04","23","07:00","8.2","","-0.1","","56","","0.0","","28","","13","","16.1","","92.95","","","","","","NA"
"-113.86","53.67","EDMONTON VILLENEUVE A","3012229","2019-04-23 08:00","2019","04","23","08:00","10.2","","-1.2","","45","","0.0","","30","","21","","16.1","","92.98","","","","","","NA"
"-113.86","53.67","EDMONTON VILLENEUVE A","3012229","2019-04-23 09:00","2019","04","23","09:00","11.2","","-2.7","","38","","0.0","","30","","26","","16.1","","93.00","","","","","","NA"
"-113.86","53.67","EDMONTON VILLENEUVE A","3012229","2019-04-23 10:00","2019","04","23","10:00","12.9","","-2.7","","34","","0.0","","30","","26","","16.1","","92.98","","","","","","NA"
"-113.86","53.67","EDMONTON VILLENEUVE A","3012229","2019-04-23 11:00","2019","04","23","11:00","14.2","","-4.9","","26","","0.0","","31","","39","","16.1","","92.94","","","","","","NA"
"-113.86","53.67","EDMONTON VILLENEUVE A","3012229","2019-04-23 12:00","2019","04","23","12:00","14.7","","-7.3","","21","","0.0","","28","","30","","16.1","","92.89","","","","","","NA"
"-113.86","53.67","EDMONTON VILLENEUVE A","3012229","2019-04-23 13:00","2019","04","23","13:00","15.7","","-7.0","","20","","0.0","","28","","30","","16.1","","92.86","","","","","","NA"
"-113.86","53.67","EDMONTON VILLENEUVE A","3012229","2019-04-23 14:00","2019","04","23","14:00","16.2","","-6.2","","21","","0.0","","32","","34","","16.1","","92.85","","","","","","NA"
"-113.86","53.67","EDMONTON VILLENEUVE A","3012229","2019-04-23 15:00","2019","04","23","15:00","16.4","","-5.6","","22","","0.0","","30","","22","","16.1","","92.83","","","","","","NA"
"-113.86","53.67","EDMONTON VILLENEUVE A","3012229","2019-04-23 16:00","2019","04","23","16:00","15.4","","-5.5","","23","","0.0","","31","","21","","16.1","","92.81","","","","","","NA"
"-113.86","53.67","EDMONTON VILLENEUVE A","3012229","2019-04-23 17:00","2019","04","23","17:00","15.4","","-6.1","","22","","0.0","","26","","21","","16.1","","92.81","","","","","","NA"
"-113.86","53.67","EDMONTON VILLENEUVE A","3012229","2019-04-23 18:00","2019","04","23","18:00","14.9","","-8.3","","19","","0.0","","32","","41","","16.1","","92.80","","","","","","NA"
"-113.86","53.67","EDMONTON VILLENEUVE A","3012229","2019-04-23 19:00","2019","04","23","19:00","13.8","","-8.8","","20","","0.0","","30","","22","","16.1","","92.85","","","","","","NA"
"-113.86","53.67","EDMONTON VILLENEUVE A","3012229","2019-04-23 20:00","2019","04","23","20:00","10.6","","-8.6","","25","","0.0","","30","","15","","16.1","","92.93","","","","","","NA"
"-113.86","53.67","EDMONTON VILLENEUVE A","3012229","2019-04-23 21:00","2019","04","23","21:00","9.8","","-8.8","","26","","0.0","","27","","13","","16.1","","93.03","","","","","","NA"
"-113.86","53.67","EDMONTON VILLENEUVE A","3012229","2019-04-23 22:00","2019","04","23","22:00","8.1","","-8.9","","29","","0.0","","28","","11","","16.1","","93.10","","","","","","NA"
"-113.86","53.67","EDMONTON VILLENEUVE A","3012229","2019-04-23 23:00","2019","04","23","23:00","6.5","","-8.7","","33","","0.0","","30","","13","","16.1","","93.14","","","","","","NA"
"-113.86","53.67","EDMONTON VILLENEUVE A","3012229","2019-04-24 00:00","2019","04","24","00:00","6.5","","-8.7","","33","","0.0","","29","","13","","16.1","","93.21","","","","","","NA"
"-113.86","53.67","EDMONTON VILLENEUVE A","3012229","2019-04-24 01:00","2019","04","24","01:00","5.6","","-8.6","","35","","0.0","","28","","13","","16.1","","93.25","","","","","","NA"
"-113.86","53.67","EDMONTON VILLENEUVE A","3012229","2019-04-24 02:00","2019","04","24","02:00","4.5","","-8.3","","39","","0.0","","27","","9","","16.1","","93.28","","","","","","NA"
"-113.86","53.67","EDMONTON VILLENEUVE A","3012229","2019-04-24 03:00","2019","04","24","03:00","3.2","","-7.7","","45","","0.0","","32","","17","","16.1","","93.28","","","","","","NA"
"-113.86","53.67","EDMONTON VILLENEUVE A","3012229","2019-04-24 04:00","2019","04","24","04:00","2.2","","-7.5","","49","","0.0","","29","","13","","16.1","","93.30","","","","","","NA"
"-113.86","53.67","EDMONTON VILLENEUVE A","3012229","2019-04-24 05:00","2019","04","24","05:00","3.8","","-7.4","","44","","0.0","","27","","11","","16.1","","93.32","","","","","","NA"
"-113.86","53.67","EDMONTON VILLENEUVE A","3012229","2019-04-24 06:00","2019","04","24","06:00","3.4","","-6.2","","50","","0.0","","24","","13","","16.1","","93.38","","","","","","NA"
"-113.86","53.67","EDMONTON VILLENEUVE A","3012229","2019-04-24 07:00","2019","04","24","07:00","5.7","","-6.3","","42","","0.0","","26","","18","","16.1","","93.43","","","","","","NA"
"-113.86","53.67","EDMONTON VILLENEUVE A","3012229","2019-04-24 08:00","2019","04","24","08:00","6.4","","-6.6","","39","","0.0","","28","","15","","16.1","","93.48","","","","","","NA"
"-113.86","53.67","EDMONTON VILLENEUVE A","3012229","2019-04-24 09:00","2019","04","24","09:00","6.1","","-5.3","","44","","0.0","","27","","35","","16.1","","93.52","","","","","","NA"
"-113.86","53.67","EDMONTON VILLENEUVE A","3012229","2019-04-24 10:00","2019","04","24","10:00","6.6","","-3.6","","48","","0.0","","25","","21","","16.1","","93.49","","","","","","NA"
"-113.86","53.67","EDMONTON VILLENEUVE A","3012229","2019-04-24 11:00","2019","04","24","11:00","7.4","","-2.4","","50","","0.0","","24","","26","","16.1","","93.49","","","","","","NA"
"-113.86","53.67","EDMONTON VILLENEUVE A","3012229","2019-04-24 12:00","2019","04","24","12:00","7.9","","-2.3","","49","","0.0","","23","","22","","16.1","","93.47","","","","","","NA"
"-113.86","53.67","EDMONTON VILLENEUVE A","3012229","2019-04-24 13:00","2019","04","24","13:00","9.5","","-6.6","","32","","0.0","","26","","28","","16.1","","93.43","","","","","","NA"
"-113.86","53.67","EDMONTON VILLENEUVE A","3012229","2019-04-24 14:00","2019","04","24","14:00","5.3","","-3.6","","53","","0.0","","31","","41","","16.1","","93.56","","","","","","NA"
"-113.86","53.67","EDMONTON VILLENEUVE A","3012229","2019-04-24 15:00","2019","04","24","15:00","6.7","","-10.0","","29","","0.0","","29","","34","","16.1","","93.59","","","","","","NA"
"-113.86","53.67","EDMONTON VILLENEUVE A","3012229","2019-04-24 16:00","2019","04","24","16:00","9.5","","-13.6","","18","","0.0","","30","","43","","16.1","","93.55","","","","","","NA"
"-113.86","53.67","EDMONTON VILLENEUVE A","3012229","2019-04-24 17:00","2019","04","24","17:00","8.3","","-12.4","","22","","0.0","","31","","46","","16.1","","93.65","","","","","","NA"
"-113.86","53.67","EDMONTON VILLENEUVE A","3012229","2019-04-24 18:00","2019","04","24","18:00","7.4","","-13.6","","21","","0.0","","31","","48","","16.1","","93.72","","","","","","NA"
"-113.86","53.67","EDMONTON VILLENEUVE A","3012229","2019-04-24 19:00","2019","04","24","19:00","6.1","","-11.6","","27","","0.0","","31","","37","","16.1","","93.82","","","","","","NA"
"-113.86","53.67","EDMONTON VILLENEUVE A","3012229","2019-04-24 20:00","2019","04","24","20:00","4.6","","-12.7","","28","","0.0","","30","","28","","16.1","","93.89","","","","","","NA"
"-113.86","53.67","EDMONTON VILLENEUVE A","3012229","2019-04-24 21:00","2019","04","24","21:00","3.7","","-13.2","","28","","0.0","","29","","22","","16.1","","93.98","","","","","","NA"
"-113.86","53.67","EDMONTON VILLENEUVE A","3012229","2019-04-24 22:00","2019","04","24","22:00","2.8","","-13.2","","30","","0.0","","29","","17","","16.1","","94.06","","","","","","NA"
"-113.86","53.67","EDMONTON VILLENEUVE A","3012229","2019-04-24 23:00","2019","04","24","23:00","1.8","","-12.9","","33","","0.0","","27","","15","","16.1","","94.08","","","","","","NA"
"-113.86","53.67","EDMONTON VILLENEUVE A","3012229","2019-04-25 00:00","2019","04","25","00:00","1.4","","-13.0","","34","","0.0","","26","","13","","16.1","","94.11","","","","","","NA"
"-113.86","53.67","EDMONTON VILLENEUVE A","3012229","2019-04-25 01:00","2019","04","25","01:00","1.1","","-12.8","","35","","0.0","","27","","15","","16.1","","94.13","","","","","","NA"
"-113.86","53.67","EDMONTON VILLENEUVE A","3012229","2019-04-25 02:00","2019","04","25","02:00","0.9","","-13.3","","34","","0.0","","27","","13","","16.1","","94.16","","","","","","NA"
"-113.86","53.67","EDMONTON VILLENEUVE A","3012229","2019-04-25 03:00","2019","04","25","03:00","0.8","","-12.7","","36","","0.0","","27","","15","","16.1","","94.19","","","","","","NA"
"-113.86","53.67","EDMONTON VILLENEUVE A","3012229","2019-04-25 04:00","2019","04","25","04:00","0.8","","-12.7","","36","","0.0","","26","","13","","16.1","","94.21","","","","","","NA"
"-113.86","53.67","EDMONTON VILLENEUVE A","3012229","2019-04-25 05:00","2019","04","25","05:00","0.8","","-11.7","","39","","0.0","","26","","17","","16.1","","94.22","","","","","","NA"
"-113.86","53.67","EDMONTON VILLENEUVE A","3012229","2019-04-25 06:00","2019","04","25","06:00","1.2","","-10.7","","41","","0.0","","27","","17","","16.1","","94.23","","","","","","NA"
"-113.86","53.67","EDMONTON VILLENEUVE A","3012229","2019-04-25 07:00","2019","04","25","07:00","2.7","","-9.5","","41","","0.0","","28","","17","","16.1","","94.24","","","","","","NA"
"-113.86","53.67","EDMONTON VILLENEUVE A","3012229","2019-04-25 08:00","2019","04","25","08:00","4.6","","-9.7","","35","","0.0","","29","","22","","16.1","","94.24","","","","","","NA"
"-113.86","53.67","EDMONTON VILLENEUVE A","3012229","2019-04-25 09:00","2019","04","25","09:00","6.0","","-9.8","","31","","0.0","","30","","22","","16.1","","94.22","","","","","","NA"
"-113.86","53.67","EDMONTON VILLENEUVE A","3012229","2019-04-25 10:00","2019","04","25","10:00","7.4","","-11.3","","25","","0.0","","30","","34","","16.1","","94.17","","","","","","NA"
"-113.86","53.67","EDMONTON VILLENEUVE A","3012229","2019-04-25 11:00","2019","04","25","11:00","7.0","","-11.3","","26","","0.0","","30","","28","","16.1","","94.13","","","","","","NA"
"-113.86","53.67","EDMONTON VILLENEUVE A","3012229","2019-04-25 12:00","2019","04","25","12:00","8.8","","-11.7","","22","","0.0","","30","","35","","16.1","","94.10","","","","","","NA"
"-113.86","53.67","EDMONTON VILLENEUVE A","3012229","2019-04-25 13:00","2019","04","25","13:00","9.7","","-11.2","","22","","0.0","","30","","30","","16.1","","94.03","","","","","","NA"
"-113.86","53.67","EDMONTON VILLENEUVE A","3012229","2019-04-25 14:00","2019","04","25","14:00","8.1","","-11.2","","24","","0.0","","29","","22","","16.1","","94.00","","","","","","NA"
"-113.86","53.67","EDMONTON VILLENEUVE A","3012229","2019-04-25 15:00","2019","04","25","15:00","9.2","","-10.9","","23","","0.0","","30","","13","","16.1","","93.98","","","","","","NA"
"-113.86","53.67","EDMONTON VILLENEUVE A","3012229","2019-04-25 16:00","2019","04","25","16:00","9.9","","-10.8","","22","","0.0","","30","","21","","16.1","","93.92","","","","","","NA"
"-113.86","53.67","EDMONTON VILLENEUVE A","3012229","2019-04-25 17:00","2019","04","25","17:00","10.1","","-10.8","","22","","0.0","","32","","21","","16.1","","93.87","","","","","","NA"
"-113.86","53.67","EDMONTON VILLENEUVE A","3012229","2019-04-25 18:00","2019","04","25","18:00","9.8","","-10.7","","22","","0.0","","34","","22","","16.1","","93.81","","","","","","NA"
"-113.86","53.67","EDMONTON VILLENEUVE A","3012229","2019-04-25 19:00","2019","04","25","19:00","7.6","","-10.7","","26","","0.0","","35","","8","","16.1","","93.81","","","","","","NA"
"-113.86","53.67","EDMONTON VILLENEUVE A","3012229","2019-04-25 20:00","2019","04","25","20:00","6.4","","-10.5","","29","","0.0","","4","","8","","16.1","","93.80","","","","","","NA"
"-113.86","53.67","EDMONTON VILLENEUVE A","3012229","2019-04-25 21:00","2019","04","25","21:00","3.8","","-11.1","","33","","0.0","","","M","4","","16.1","","93.83","","","","","","NA"
"-113.86","53.67","EDMONTON VILLENEUVE A","3012229","2019-04-25 22:00","2019","04","25","22:00","-0.1","","-10.5","","46","","0.0","","","","0","","16.1","","93.84","","","","","","NA"
"-113.86","53.67","EDMONTON VILLENEUVE A","3012229","2019-04-25 23:00","2019","04","25","23:00","0.1","","-8.9","","51","","0.0","","31","","4","","16.1","","93.83","","","","","","NA"
"-113.86","53.67","EDMONTON VILLENEUVE A","3012229","2019-04-26 00:00","2019","04","26","00:00","2.2","","-10.0","","40","","0.0","","","M","4","","16.1","","93.83","","","","","","NA"
"-113.86","53.67","EDMONTON VILLENEUVE A","3012229","2019-04-26 01:00","2019","04","26","01:00","0.4","","-7.9","","54","","0.0","","33","","8","","16.1","","93.87","","","","","","NA"
"-113.86","53.67","EDMONTON VILLENEUVE A","3012229","2019-04-26 02:00","2019","04","26","02:00","1.4","","-9.1","","46","","0.0","","29","","8","","16.1","","93.86","","","","","","NA"
"-113.86","53.67","EDMONTON VILLENEUVE A","3012229","2019-04-26 03:00","2019","04","26","03:00","2.8","","-8.0","","45","","0.0","","2","","9","","16.1","","93.89","","","","","","NA"
"-113.86","53.67","EDMONTON VILLENEUVE A","3012229","2019-04-26 04:00","2019","04","26","04:00","2.7","","-7.8","","46","","0.0","","1","","5","","16.1","","93.90","","","","","","NA"
"-113.86","53.67","EDMONTON VILLENEUVE A","3012229","2019-04-26 05:00","2019","04","26","05:00","2.1","","-6.3","","54","","0.0","","31","","8","","16.1","","93.89","","","","","","NA"
"-113.86","53.67","EDMONTON VILLENEUVE A","3012229","2019-04-26 06:00","2019","04","26","06:00","3.3","","-3.5","","61","","0.0","","27","","5","","16.1","","93.89","","","","","","NA"
"-113.86","53.67","EDMONTON VILLENEUVE A","3012229","2019-04-26 07:00","2019","04","26","07:00","4.1","","-3.0","","60","","0.0","","19","","11","","16.1","","93.84","","","","","","NA"
"-113.86","53.67","EDMONTON VILLENEUVE A","3012229","2019-04-26 08:00","2019","04","26","08:00","5.3","","-3.6","","53","","0.0","","33","","5","","16.1","","93.83","","","","","","NA"
"-113.86","53.67","EDMONTON VILLENEUVE A","3012229","2019-04-26 09:00","2019","04","26","09:00","6.4","","-4.3","","46","","0.0","","33","","13","","16.1","","93.80","","","","","","NA"
"-113.86","53.67","EDMONTON VILLENEUVE A","3012229","2019-04-26 10:00","2019","04","26","10:00","7.0","","-5.9","","39","","0.0","","33","","9","","16.1","","93.77","","","","","","NA"
"-113.86","53.67","EDMONTON VILLENEUVE A","3012229","2019-04-26 11:00","2019","04","26","11:00","7.6","","-10.4","","27","","0.0","","32","","5","","16.1","","93.75","","","","","","NA"
"-113.86","53.67","EDMONTON VILLENEUVE A","3012229","2019-04-26 12:00","2019","04","26","12:00","8.3","","-10.2","","26","","0.0","","","M","9","","16.1","","93.72","","","","","","NA"
"-113.86","53.67","EDMONTON VILLENEUVE A","3012229","2019-04-26 13:00","2019","04","26","13:00","8.3","","-10.2","","26","","0.0","","","","0","","16.1","","93.67","","","","","","NA"
"-113.86","53.67","EDMONTON VILLENEUVE A","3012229","2019-04-26 14:00","2019","04","26","14:00","9.5","","-8.3","","28","","0.0","","10","","11","","16.1","","93.62","","","","","","NA"
"-113.86","53.67","EDMONTON VILLENEUVE A","3012229","2019-04-26 15:00","2019","04","26","15:00","9.6","","-9.8","","24","","0.0","","","M","11","","16.1","","93.59","","","","","","NA"
"-113.86","53.67","EDMONTON VILLENEUVE A","3012229","2019-04-26 16:00","2019","04","26","16:00","9.0","","-9.6","","26","","0.0","","6","","9","","16.1","","93.56","","","","","","NA"
"-113.86","53.67","EDMONTON VILLENEUVE A","3012229","2019-04-26 17:00","2019","04","26","17:00","9.4","","-10.1","","24","","0.0","","8","","15","","16.1","","93.51","","","","","","NA"
"-113.86","53.67","EDMONTON VILLENEUVE A","3012229","2019-04-26 18:00","2019","04","26","18:00","9.4","","-10.1","","24","","0.0","","7","","11","","16.1","","93.46","","","","","","NA"
"-113.86","53.67","EDMONTON VILLENEUVE A","3012229","2019-04-26 19:00","2019","04","26","19:00","8.5","","-10.5","","25","","0.0","","9","","9","","16.1","","93.44","","","","","","NA"
"-113.86","53.67","EDMONTON VILLENEUVE A","3012229","2019-04-26 20:00","2019","04","26","20:00","5.7","","-10.5","","30","","0.0","","12","","11","","16.1","","93.43","","","","","","NA"
"-113.86","53.67","EDMONTON VILLENEUVE A","3012229","2019-04-26 21:00","2019","04","26","21:00","5.0","","-10.2","","32","","0.0","","8","","17","","16.1","","93.43","","","","","","NA"
"-113.86","53.67","EDMONTON VILLENEUVE A","3012229","2019-04-26 22:00","2019","04","26","22:00","5.9","","-10.9","","29","","0.0","","10","","18","","16.1","","93.41","","","","","","NA"
"-113.86","53.67","EDMONTON VILLENEUVE A","3012229","2019-04-26 23:00","2019","04","26","23:00","5.0","","-11.2","","30","","0.0","","10","","21","","16.1","","93.38","","","","","","NA"
"-113.86","53.67","EDMONTON VILLENEUVE A","3012229","2019-04-27 00:00","2019","04","27","00:00","5.0","","-11.2","","30","","0.0","","11","","18","","16.1","","93.36","","","","","","NA"
"-113.86","53.67","EDMONTON VILLENEUVE A","3012229","2019-04-27 01:00","2019","04","27","01:00","4.8","","-8.8","","37","","0.0","","11","","22","","16.1","","93.34","","","","","","NA"
"-113.86","53.67","EDMONTON VILLENEUVE A","3012229","2019-04-27 02:00","2019","04","27","02:00","4.1","","-6.6","","46","","0.0","","10","","21","","16.1","","93.34","","","","","","NA"
"-113.86","53.67","EDMONTON VILLENEUVE A","3012229","2019-04-27 03:00","2019","04","27","03:00","3.5","","-6.0","","50","","0.0","","9","","18","","16.1","","93.29","","","","","","NA"
"-113.86","53.67","EDMONTON VILLENEUVE A","3012229","2019-04-27 04:00","2019","04","27","04:00","2.4","","-3.5","","65","","0.0","","10","","28","","11.3","","93.28","","","","","","NA"
"-113.86","53.67","EDMONTON VILLENEUVE A","3012229","2019-04-27 05:00","2019","04","27","05:00","-0.4","","-0.7","","98","","0.5","","10","","13","","1.6","","93.32","","","","-5","","Snow"
"-113.86","53.67","EDMONTON VILLENEUVE A","3012229","2019-04-27 06:00","2019","04","27","06:00","-0.9","","-1.2","","98","","0.8","","8","","43","","0.6","","93.26","","","","-9","","Moderate Snow"
"-113.86","53.67","EDMONTON VILLENEUVE A","3012229","2019-04-27 07:00","2019","04","27","07:00","-0.9","","-1.7","","95","","0.8","","8","","32","","1.2","","93.34","","","","-8","","Snow"
"-113.86","53.67","EDMONTON VILLENEUVE A","3012229","2019-04-27 08:00","2019","04","27","08:00","0.3","","-4.0","","73","","0.5","","8","","26","","11.3","","93.32","","","","","","Snow"
"-113.86","53.67","EDMONTON VILLENEUVE A","3012229","2019-04-27 09:00","2019","04","27","09:00","1.6","","-4.7","","63","","0.2","","8","","34","","16.1","","93.30","","","","","","NA"
"-113.86","53.67","EDMONTON VILLENEUVE A","3012229","2019-04-27 10:00","2019","04","27","10:00","3.1","","-5.1","","55","","0.0","","8","","41","","16.1","","93.34","","","","","","NA"
"-113.86","53.67","EDMONTON VILLENEUVE A","3012229","2019-04-27 11:00","2019","04","27","11:00","3.2","","-6.7","","48","","0.0","","7","","48","","16.1","","93.45","","","","","","NA"
"-113.86","53.67","EDMONTON VILLENEUVE A","3012229","2019-04-27 12:00","2019","04","27","12:00","3.9","","-7.3","","44","","0.0","","7","","37","","16.1","","93.51","","","","","","NA"
"-113.86","53.67","EDMONTON VILLENEUVE A","3012229","2019-04-27 13:00","2019","04","27","13:00","3.7","","-6.1","","49","","0.0","","6","","41","","16.1","","93.57","","","","","","NA"
"-113.86","53.67","EDMONTON VILLENEUVE A","3012229","2019-04-27 14:00","2019","04","27","14:00","3.9","","-6.8","","46","","0.0","","6","","34","","16.1","","93.65","","","","","","NA"
"-113.86","53.67","EDMONTON VILLENEUVE A","3012229","2019-04-27 15:00","2019","04","27","15:00","4.4","","-8.5","","39","","0.0","","5","","35","","16.1","","93.71","","","","","","NA"
"-113.86","53.67","EDMONTON VILLENEUVE A","3012229","2019-04-27 16:00","2019","04","27","16:00","4.5","","-9.7","","35","","0.0","","4","","34","","16.1","","93.78","","","","","","NA"
"-113.86","53.67","EDMONTON VILLENEUVE A","3012229","2019-04-27 17:00","2019","04","27","17:00","4.7","","-9.6","","35","","0.0","","2","","26","","16.1","","93.86","","","","","","NA"
"-113.86","53.67","EDMONTON VILLENEUVE A","3012229","2019-04-27 18:00","2019","04","27","18:00","4.4","","-8.8","","38","","0.0","","2","","24","","16.1","","93.95","","","","","","NA"
"-113.86","53.67","EDMONTON VILLENEUVE A","3012229","2019-04-27 19:00","2019","04","27","19:00","3.6","","-8.0","","43","","0.0","","1","","26","","16.1","","94.03","","","","","","NA"
"-113.86","53.67","EDMONTON VILLENEUVE A","3012229","2019-04-27 20:00","2019","04","27","20:00","2.3","","-8.0","","47","","0.0","","1","","17","","16.1","","94.13","","","","","","NA"
"-113.86","53.67","EDMONTON VILLENEUVE A","3012229","2019-04-27 21:00","2019","04","27","21:00","-0.1","","-7.5","","57","","0.0","","35","","11","","16.1","","94.21","","","","-4","","NA"
"-113.86","53.67","EDMONTON VILLENEUVE A","3012229","2019-04-27 22:00","2019","04","27","22:00","-2.7","","-8.6","","64","","0.0","","33","","9","","16.1","","94.26","","","","-6","","NA"
"-113.86","53.67","EDMONTON VILLENEUVE A","3012229","2019-04-27 23:00","2019","04","27","23:00","-3.5","","-9.2","","65","","0.0","","29","","5","","16.1","","94.29","","","","-6","","NA"
"-113.86","53.67","EDMONTON VILLENEUVE A","3012229","2019-04-28 00:00","2019","04","28","00:00","-4.8","","-9.6","","69","","0.0","","29","","9","","16.1","","94.31","","","","-9","","NA"
"-113.86","53.67","EDMONTON VILLENEUVE A","3012229","2019-04-28 01:00","2019","04","28","01:00","-1.8","","-9.3","","57","","0.0","","29","","11","","16.1","","94.34","","","","-6","","NA"
"-113.86","53.67","EDMONTON VILLENEUVE A","3012229","2019-04-28 02:00","2019","04","28","02:00","-4.0","","-9.7","","65","","0.0","","29","","9","","16.1","","94.35","","","","-8","","NA"
"-113.86","53.67","EDMONTON VILLENEUVE A","3012229","2019-04-28 03:00","2019","04","28","03:00","-2.6","","-7.4","","70","","0.0","","28","","11","","16.1","","94.37","","","","-7","","NA"
"-113.86","53.67","EDMONTON VILLENEUVE A","3012229","2019-04-28 04:00","2019","04","28","04:00","-3.5","","-6.3","","81","","0.0","","29","","11","","16.1","","94.40","","","","-8","","NA"
"-113.86","53.67","EDMONTON VILLENEUVE A","3012229","2019-04-28 05:00","2019","04","28","05:00","-6.6","","-7.8","","91","","0.0","","","","0","","16.1","","94.44","","","","","","NA"
"-113.86","53.67","EDMONTON VILLENEUVE A","3012229","2019-04-28 06:00","2019","04","28","06:00","-4.9","","-5.9","","93","","0.0","","30","","9","","16.1","","94.45","","","","-9","","NA"
"-113.86","53.67","EDMONTON VILLENEUVE A","3012229","2019-04-28 07:00","2019","04","28","07:00","-2.4","","-3.8","","90","","0.0","","31","","8","","16.1","","94.47","","","","-6","","NA"
"-113.86","53.67","EDMONTON VILLENEUVE A","3012229","2019-04-28 08:00","2019","04","28","08:00","-0.2","","-3.1","","81","","0.0","","27","","9","","16.1","","94.46","","","","-3","","NA"
"-113.86","53.67","EDMONTON VILLENEUVE A","3012229","2019-04-28 09:00","2019","04","28","09:00","0.3","","-3.1","","78","","0.0","","29","","11","","16.1","","94.49","","","","","","NA"
"-113.86","53.67","EDMONTON VILLENEUVE A","3012229","2019-04-28 10:00","2019","04","28","10:00","1.6","","-3.2","","71","","0.0","","30","","9","","16.1","","94.49","","","","","","NA"
"-113.86","53.67","EDMONTON VILLENEUVE A","3012229","2019-04-28 11:00","2019","04","28","11:00","1.8","","-3.7","","67","","0.0","","","M","13","","12.9","","94.50","","","","","","Rain"
"-113.86","53.67","EDMONTON VILLENEUVE A","3012229","2019-04-28 12:00","2019","04","28","12:00","0.1","","-0.3","","97","","0.2","","32","","11","","1.2","","94.55","","","","","","Snow"
"-113.86","53.67","EDMONTON VILLENEUVE A","3012229","2019-04-28 13:00","2019","04","28","13:00","1.5","","-0.8","","84","","0.2","","","M","4","","14.5","","94.50","","","","","","NA"
"-113.86","53.67","EDMONTON VILLENEUVE A","3012229","2019-04-28 14:00","2019","04","28","14:00","3.0","","-1.8","","71","","0.0","","24","","8","","16.1","","94.47","","","","","","NA"
"-113.86","53.67","EDMONTON VILLENEUVE A","3012229","2019-04-28 15:00","2019","04","28","15:00","4.8","","-3.3","","56","","0.0","","26","","13","","16.1","","94.43","","","","","","NA"
"-113.86","53.67","EDMONTON VILLENEUVE A","3012229","2019-04-28 16:00","2019","04","28","16:00","2.5","","-1.0","","78","","0.0","","31","","21","","16.1","","94.47","","","","","","NA"
"-113.86","53.67","EDMONTON VILLENEUVE A","3012229","2019-04-28 17:00","2019","04","28","17:00","4.6","","-1.6","","64","","0.0","","29","","15","","16.1","","94.44","","","","","","NA"
"-113.86","53.67","EDMONTON VILLENEUVE A","3012229","2019-04-28 18:00","2019","04","28","18:00","4.5","","-4.5","","52","","0.0","","31","","11","","16.1","","94.45","","","","","","NA"
"-113.86","53.67","EDMONTON VILLENEUVE A","3012229","2019-04-28 19:00","2019","04","28","19:00","3.5","","-3.2","","61","","0.0","","28","","13","","16.1","","94.43","","","","","","NA"
"-113.86","53.67","EDMONTON VILLENEUVE A","3012229","2019-04-28 20:00","2019","04","28","20:00","1.5","","-2.6","","74","","0.0","","28","","9","","16.1","","94.47","","","","","","NA"
"-113.86","53.67","EDMONTON VILLENEUVE A","3012229","2019-04-28 21:00","2019","04","28","21:00","-0.4","","-3.4","","80","","0.0","","29","","8","","16.1","","94.51","","","","-3","","NA"
"-113.86","53.67","EDMONTON VILLENEUVE A","3012229","2019-04-28 22:00","2019","04","28","22:00","-0.9","","-2.5","","89","","0.0","","29","","11","","16.1","","94.50","","","","-5","","NA"
"-113.86","53.67","EDMONTON VILLENEUVE A","3012229","2019-04-28 23:00","2019","04","28","23:00","-1.2","","-2.2","","93","","0.0","","29","","8","","16.1","","94.48","","","","-4","","NA"
"-113.86","53.67","EDMONTON VILLENEUVE A","3012229","2019-04-29 00:00","2019","04","29","00:00","-0.4","","-1.8","","90","","0.0","","29","","13","","16.1","","94.48","","","","-5","","NA"
"-113.86","53.67","EDMONTON VILLENEUVE A","3012229","2019-04-29 01:00","2019","04","29","01:00","-0.9","","-2.3","","90","","0.0","","30","","11","","16.1","","94.47","","","","-5","","NA"
"-113.86","53.67","EDMONTON VILLENEUVE A","3012229","2019-04-29 02:00","2019","04","29","02:00","-2.1","","-3.4","","91","","0.0","","30","","13","","16.1","","94.43","","","","-7","","NA"
"-113.86","53.67","EDMONTON VILLENEUVE A","3012229","2019-04-29 03:00","2019","04","29","03:00","-3.0","","-3.8","","94","","0.0","","30","","9","","16.1","","94.43","","","","-7","","NA"
"-113.86","53.67","EDMONTON VILLENEUVE A","3012229","2019-04-29 04:00","2019","04","29","04:00","-3.1","","-3.9","","94","","0.0","","29","","11","","16.1","","94.44","","","","-7","","NA"
"-113.86","53.67","EDMONTON VILLENEUVE A","3012229","2019-04-29 05:00","2019","04","29","05:00","-3.0","","-3.8","","94","","0.0","","30","","11","","16.1","","94.43","","","","-7","","NA"
"-113.86","53.67","EDMONTON VILLENEUVE A","3012229","2019-04-29 06:00","2019","04","29","06:00","-2.3","","-3.1","","94","","0.0","","29","","9","","16.1","","94.41","","","","-6","","NA"
"-113.86","53.67","EDMONTON VILLENEUVE A","3012229","2019-04-29 07:00","2019","04","29","07:00","-1.3","","-2.7","","90","","0.0","","31","","11","","16.1","","94.42","","","","-5","","NA"
"-113.86","53.67","EDMONTON VILLENEUVE A","3012229","2019-04-29 08:00","2019","04","29","08:00","0.9","","-2.4","","79","","0.0","","36","","9","","16.1","","94.40","","","","","","NA"
"-113.86","53.67","EDMONTON VILLENEUVE A","3012229","2019-04-29 09:00","2019","04","29","09:00","2.0","","-3.7","","66","","0.0","","1","","11","","16.1","","94.37","","","","","","NA"
"-113.86","53.67","EDMONTON VILLENEUVE A","3012229","2019-04-29 10:00","2019","04","29","10:00","3.5","","-7.0","","46","","0.0","","35","","15","","16.1","","94.34","","","","","","NA"
"-113.86","53.67","EDMONTON VILLENEUVE A","3012229","2019-04-29 11:00","2019","04","29","11:00","3.7","","-8.2","","42","","0.0","","33","","13","","16.1","","94.32","","","","","","NA"
"-113.86","53.67","EDMONTON VILLENEUVE A","3012229","2019-04-29 12:00","2019","04","29","12:00","4.4","","-10.5","","33","","0.0","","34","","15","","16.1","","94.27","","","","","","NA"
"-113.86","53.67","EDMONTON VILLENEUVE A","3012229","2019-04-29 13:00","2019","04","29","13:00","5.0","","-10.6","","32","","0.0","","32","","13","","16.1","","94.21","","","","","","NA"
"-113.86","53.67","EDMONTON VILLENEUVE A","3012229","2019-04-29 14:00","2019","04","29","14:00","5.9","","-11.4","","28","","0.0","","31","","15","","16.1","","94.15","","","","","","NA"
"-113.86","53.67","EDMONTON VILLENEUVE A","3012229","2019-04-29 15:00","2019","04","29","15:00","6.2","","-12.0","","26","","0.0","","34","","9","","16.1","","94.09","","","","","","NA"
"-113.86","53.67","EDMONTON VILLENEUVE A","3012229","2019-04-29 16:00","2019","04","29","16:00","5.6","","-10.6","","30","","0.0","","33","","24","","16.1","","94.04","","","","","","NA"
"-113.86","53.67","EDMONTON VILLENEUVE A","3012229","2019-04-29 17:00","2019","04","29","17:00","6.1","","-10.3","","30","","0.0","","29","","8","","16.1","","94.01","","","","","","NA"
"-113.86","53.67","EDMONTON VILLENEUVE A","3012229","2019-04-29 18:00","2019","04","29","18:00","5.3","","-9.0","","35","","0.0","","28","","15","","16.1","","94.00","","","","","","NA"
"-113.86","53.67","EDMONTON VILLENEUVE A","3012229","2019-04-29 19:00","2019","04","29","19:00","4.5","","-8.7","","38","","0.0","","31","","9","","16.1","","93.95","","","","","","NA"
"-113.86","53.67","EDMONTON VILLENEUVE A","3012229","2019-04-29 20:00","2019","04","29","20:00","3.2","","-8.6","","42","","0.0","","27","","4","","16.1","","93.92","","","","","","NA"
"-113.86","53.67","EDMONTON VILLENEUVE A","3012229","2019-04-29 21:00","2019","04","29","21:00","1.5","","-7.1","","53","","0.0","","23","","9","","16.1","","93.91","","","","","","NA"
"-113.86","53.67","EDMONTON VILLENEUVE A","3012229","2019-04-29 22:00","2019","04","29","22:00","2.2","","-6.6","","52","","0.0","","29","","11","","16.1","","93.91","","","","","","NA"
"-113.86","53.67","EDMONTON VILLENEUVE A","3012229","2019-04-29 23:00","2019","04","29","23:00","1.3","","-6.4","","57","","0.0","","26","","11","","16.1","","93.90","","","","","","NA"
"-113.86","53.67","EDMONTON VILLENEUVE A","3012229","2019-04-30 00:00","2019","04","30","00:00","1.4","","-4.5","","65","","0.0","","36","","18","","16.1","","93.93","","","","","","NA"
"-113.86","53.67","EDMONTON VILLENEUVE A","3012229","2019-04-30 01:00","2019","04","30","01:00","0.1","","-3.1","","79","","0.0","","36","","11","","16.1","","93.91","","","","","","NA"
"-113.86","53.67","EDMONTON VILLENEUVE A","3012229","2019-04-30 02:00","2019","04","30","02:00","0.3","","-3.6","","75","","0.0","","29","","8","","16.1","","93.85","","","","","","NA"
"-113.86","53.67","EDMONTON VILLENEUVE A","3012229","2019-04-30 03:00","2019","04","30","03:00","1.1","","-4.0","","69","","0.0","","29","","13","","16.1","","93.81","","","","","","NA"
"-113.86","53.67","EDMONTON VILLENEUVE A","3012229","2019-04-30 04:00","2019","04","30","04:00","-0.3","","-1.7","","90","","0.0","","30","","18","","4.8","","93.82","","","","-5","","Snow"
"-113.86","53.67","EDMONTON VILLENEUVE A","3012229","2019-04-30 05:00","2019","04","30","05:00","-0.6","","-1.0","","97","","0.0","","30","","9","","3.2","","93.82","","","","-4","","Snow"
"-113.86","53.67","EDMONTON VILLENEUVE A","3012229","2019-04-30 06:00","2019","04","30","06:00","-1.7","","-2.3","","96","","0.2","","36","","15","","4.8","","93.82","","","","-7","","Snow"
"-113.86","53.67","EDMONTON VILLENEUVE A","3012229","2019-04-30 07:00","2019","04","30","07:00","-3.4","","-4.4","","93","","0.2","","4","","24","","11.3","","93.91","","","","-10","","Snow"
"-113.86","53.67","EDMONTON VILLENEUVE A","3012229","2019-04-30 08:00","2019","04","30","08:00","-4.1","","-5.2","","92","","0.0","","2","","22","","2.4","","94.01","","","","-11","","Snow"
"-113.86","53.67","EDMONTON VILLENEUVE A","3012229","2019-04-30 09:00","2019","04","30","09:00","-4.0","","-5.6","","89","","0.0","","2","","18","","8.1","","94.06","","","","-10","","Snow"
"-113.86","53.67","EDMONTON VILLENEUVE A","3012229","2019-04-30 10:00","2019","04","30","10:00","-4.0","","-7.0","","80","","0.2","","36","","18","","16.1","","94.13","","","","-10","","NA"
"-113.86","53.67","EDMONTON VILLENEUVE A","3012229","2019-04-30 11:00","2019","04","30","11:00","-3.0","","-6.5","","77","","0.0","","33","","17","","16.1","","94.15","","","","-9","","Snow"
"-113.86","53.67","EDMONTON VILLENEUVE A","3012229","2019-04-30 12:00","2019","04","30","12:00","-2.0","","-5.3","","78","","0.0","","36","","18","","16.1","","94.13","","","","-7","","Snow"
"-113.86","53.67","EDMONTON VILLENEUVE A","3012229","2019-04-30 13:00","2019","04","30","13:00","-1.3","","-7.6","","63","","0.0","","35","","9","","16.1","","94.09","","","","-5","","NA"
"-113.86","53.67","EDMONTON VILLENEUVE A","3012229","2019-04-30 14:00","2019","04","30","14:00","-0.3","","-7.0","","61","","0.0","","34","","17","","16.1","","94.04","","","","-5","","Snow"
"-113.86","53.67","EDMONTON VILLENEUVE A","3012229","2019-04-30 15:00","2019","04","30","15:00","-0.2","","-8.1","","56","","0.0","","5","","11","","16.1","","93.98","","","","-4","","Rain"
"-113.86","53.67","EDMONTON VILLENEUVE A","3012229","2019-04-30 16:00","2019","04","30","16:00","1.0","","-7.8","","52","","0.0","","32","","8","","16.1","","93.92","","","","","","NA"
"-113.86","53.67","EDMONTON VILLENEUVE A","3012229","2019-04-30 17:00","2019","04","30","17:00","1.7","","-9.5","","43","","0.0","","32","","18","","16.1","","93.88","","","","","","NA"
"-113.86","53.67","EDMONTON VILLENEUVE A","3012229","2019-04-30 18:00","2019","04","30","18:00","1.3","","-8.2","","50","","0.0","","1","","9","","16.1","","93.87","","","","","","NA"
"-113.86","53.67","EDMONTON VILLENEUVE A","3012229","2019-04-30 19:00","2019","04","30","19:00","0.5","","-7.9","","53","","0.0","","36","","11","","16.1","","93.85","","","","","","NA"
"-113.86","53.67","EDMONTON VILLENEUVE A","3012229","2019-04-30 20:00","2019","04","30","20:00","-0.8","","-8.5","","56","","0.0","","5","","13","","16.1","","93.84","","","","-5","","NA"
"-113.86","53.67","EDMONTON VILLENEUVE A","3012229","2019-04-30 21:00","2019","04","30","21:00","-1.3","","-8.8","","57","","0.0","","3","","9","","16.1","","93.86","","","","-5","","NA"
"-113.86","53.67","EDMONTON VILLENEUVE A","3012229","2019-04-30 22:00","2019","04","30","22:00","-1.5","","-8.7","","58","","0.0","","","M","4","","16.1","","93.84","","","","-3","","NA"
"-113.86","53.67","EDMONTON VILLENEUVE A","3012229","2019-04-30 23:00","2019","04","30","23:00","-1.9","","-9.5","","56","","0.0","","7","","5","","16.1","","93.81","","","","-4","","NA"
