"Longitude (x)","Latitude (y)","Station Name","Climate ID","Date/Time","Year","Month","Day","Data Quality","Max Temp (°C)","Max Temp Flag","Min Temp (°C)","Min Temp Flag","Mean Temp (°C)","Mean Temp Flag","Heat Deg Days (°C)","Heat Deg Days Flag","Cool Deg Days (°C)","Cool Deg Days Flag","Total Rain (mm)","Total Rain Flag","Total Snow (cm)","Total Snow Flag","Total Precip (mm)","Total Precip Flag","Snow on Grnd (cm)","Snow on Grnd Flag","Dir of Max Gust (10s deg)","Dir of Max Gust Flag","Spd of Max Gust (km/h)","Spd of Max Gust Flag"
"-85.93","79.99","EUREKA CLIMATE","2401199","2021-01-01","2021","01","01","","-15.7","","-27.0","","-21.3","","39.3","","0.0","","","","","","0.0","","13","","13","","38",""
"-85.93","79.99","EUREKA CLIMATE","2401199","2021-01-02","2021","01","02","","-17.9","","-31.8","","-24.8","","42.8","","0.0","","","","","","0.0","","17","","","M","","M"
"-85.93","79.99","EUREKA CLIMATE","2401199","2021-01-03","2021","01","03","","-28.2","","-34.5","","-31.4","","49.4","","0.0","","","","","","0.0","","15","","","M","","M"
"-85.93","79.99","EUREKA CLIMATE","2401199","2021-01-04","2021","01","04","","-28.4","","-35.2","","-31.8","","49.8","","0.0","","","","","","0.2","","14","","","M","","M"
"-85.93","79.99","EUREKA CLIMATE","2401199","2021-01-05","2021","01","05","","-31.2","","-37.3","","-34.3","","52.3","","0.0","","","","","","0.0","","13","","","M","","M"
"-85.93","79.99","EUREKA CLIMATE","2401199","2021-01-06","2021","01","06","","-31.1","","-37.4","","-34.3","","52.3","","0.0","","","","","","0.2","","13","","","M","","M"
"-85.93","79.99","EUREKA CLIMATE","2401199","2021-01-07","2021","01","07","","-31.7","","-39.1","","-35.4","","53.4","","0.0","","","","","","0.0","","13","","","M","","M"
"-85.93","79.99","EUREKA CLIMATE","2401199","2021-01-08","2021","01","08","","-24.0","","-32.9","","-28.5","","46.5","","0.0","","","","","","0.6","","14","","","M","","M"
"-85.93","79.99","EUREKA CLIMATE","2401199","2021-01-09","2021","01","09","","-27.1","","-37.9","","-32.5","","50.5","","0.0","","","","","","0.0","","15","","","M","","M"
"-85.93","79.99","EUREKA CLIMATE","2401199","2021-01-10","2021","01","10","","-34.8","","-39.7","","-37.2","","55.2","","0.0","","","","","","0.2","","16","","","M","","M"
"-85.93","79.99","EUREKA CLIMATE","2401199","2021-01-11","2021","01","11","","-34.0","","-39.4","","-36.7","","54.7","","0.0","","","","","","0.0","","16","","","M","","M"
"-85.93","79.99","EUREKA CLIMATE","2401199","2021-01-12","2021","01","12","","-37.6","","-41.1","","-39.3","","57.3","","0.0","","","","","","0.0","","16","","","M","","M"
"-85.93","79.99","EUREKA CLIMATE","2401199","2021-01-13","2021","01","13","","-29.5","","-38.0","","-33.7","","51.7","","0.0","","","","","","0.0","","16","","","M","","M"
"-85.93","79.99","EUREKA CLIMATE","2401199","2021-01-14","2021","01","14","","-29.0","","-38.3","","-33.6","","51.6","","0.0","","","","","","0.0","","16","","","M","","M"
"-85.93","79.99","EUREKA CLIMATE","2401199","2021-01-15","2021","01","15","","-29.1","","-32.1","","-30.6","","48.6","","0.0","","","","","","0.0","","16","","","M","","M"
"-85.93","79.99","EUREKA CLIMATE","2401199","2021-01-16","2021","01","16","","-28.2","","-33.3","","-30.7","","48.7","","0.0","","","","","","0.0","","12","","","M","","M"
"-85.93","79.99","EUREKA CLIMATE","2401199","2021-01-17","2021","01","17","","-24.9","","-30.1","","-27.5","","45.5","","0.0","","","","","","0.0","","16","","","M","","M"
"-85.93","79.99","EUREKA CLIMATE","2401199","2021-01-18","2021","01","18","","-23.9","","-25.3","","-24.6","","42.6","","0.0","","","","","","0.0","","16","","","M","","M"
"-85.93","79.99","EUREKA CLIMATE","2401199","2021-01-19","2021","01","19","","-23.2","","-33.2","","-28.2","","46.2","","0.0","","","","","","0.0","","16","","","M","","M"
"-85.93","79.99","EUREKA CLIMATE","2401199","2021-01-20","2021","01","20","","-21.6","","-32.0","","-26.8","","44.8","","0.0","","","","","","0.0","","16","","","M","","M"
"-85.93","79.99","EUREKA CLIMATE","2401199","2021-01-21","2021","01","21","","-19.1","","-23.8","","-21.4","","39.4","","0.0","","","","","","0.0","","16","","","M","","M"
"-85.93","79.99","EUREKA CLIMATE","2401199","2021-01-22","2021","01","22","","-17.3","","-22.9","","-20.1","","38.1","","0.0","","","","","","0.0","","17","","","M","","M"
"-85.93","79.99","EUREKA CLIMATE","2401199","2021-01-23","2021","01","23","","-17.5","","-23.0","","-20.2","","38.2","","0.0","","","","","","0.0","","17","","","M","","M"
"-85.93","79.99","EUREKA CLIMATE","2401199","2021-01-24","2021","01","24","","-18.0","","-24.0","","-21.0","","39.0","","0.0","","","","","","0.0","","17","","","M","","M"
"-85.93","79.99","EUREKA CLIMATE","2401199","2021-01-25","2021","01","25","","","M","","M","","M","","M","","M","","","","","","M","16","","","M","","M"
"-85.93","79.99","EUREKA CLIMATE","2401199","2021-01-26","2021","01","26","","-20.0","","-31.1","","-25.6","","43.6","","0.0","","","","","","0.0","","17","","","M","","M"
"-85.93","79.99","EUREKA CLIMATE","2401199","2021-01-27","2021","01","27","","-26.8","","-39.2","","-33.0","","51.0","","0.0","","","","","","0.2","","16","","","M","","M"
"-85.93","79.99","EUREKA CLIMATE","2401199","2021-01-28","2021","01","28","","-36.7","","-41.8","","-39.2","","57.2","","0.0","","","","","","0.2","","15","","","M","","M"
"-85.93","79.99","EUREKA CLIMATE","2401199","2021-01-29","2021","01","29","","-37.8","","-42.1","","-39.9","","57.9","","0.0","","","","","","0.0","","15","","","M","","M"
"-85.93","79.99","EUREKA CLIMATE","2401199","2021-01-30","2021","01","30","","-39.4","","-45.0","","-42.2","","60.2","","0.0","","","","","","0.0","","15","","","M","","M"
"-85.93","79.99","EUREKA CLIMATE","2401199","2021-01-31","2021","01","31","","-42.2","","-45.7","","-43.9","","61.9","","0.0","","","","","","0.0","","15","","","M","","M"
"-85.93","79.99","EUREKA CLIMATE","2401199","2021-02-01","2021","02","01","","","M","","M","","M","","M","","M","","","","","","M","15","","","M","","M"
"-85.93","79.99","EUREKA CLIMATE","2401199","2021-02-02","2021","02","02","","-35.1","","-42.3","","-38.7","","56.7","","0.0","","","","","","0.0","","16","","","M","","M"
"-85.93","79.99","EUREKA CLIMATE","2401199","2021-02-03","2021","02","03","","-40.6","","-45.3","","-43.0","","61.0","","0.0","","","","","","0.0","","16","","","M","","M"
"-85.93","79.99","EUREKA CLIMATE","2401199","2021-02-04","2021","02","04","","-35.3","","-45.5","","-40.4","","58.4","","0.0","","","","","","0.0","","16","","","M","","M"
"-85.93","79.99","EUREKA CLIMATE","2401199","2021-02-05","2021","02","05","","-40.2","","-45.5","","-42.8","","60.8","","0.0","","","","","","0.0","","16","","","M","","M"
"-85.93","79.99","EUREKA CLIMATE","2401199","2021-02-06","2021","02","06","","-33.4","","-46.2","","-39.8","","57.8","","0.0","","","","","","0.0","","16","","","M","","M"
"-85.93","79.99","EUREKA CLIMATE","2401199","2021-02-07","2021","02","07","","-27.9","","-35.3","","-31.6","","49.6","","0.0","","","","","","0.0","","16","","","M","","M"
"-85.93","79.99","EUREKA CLIMATE","2401199","2021-02-08","2021","02","08","","-27.0","","-32.3","","-29.6","","47.6","","0.0","","","","","","0.0","","16","","","M","","M"
"-85.93","79.99","EUREKA CLIMATE","2401199","2021-02-09","2021","02","09","","-29.1","","-36.7","","-32.9","","50.9","","0.0","","","","","","0.0","","16","","","M","","M"
"-85.93","79.99","EUREKA CLIMATE","2401199","2021-02-10","2021","02","10","","-24.5","","-38.1","","-31.3","","49.3","","0.0","","","","","","0.0","","15","","","M","","M"
"-85.93","79.99","EUREKA CLIMATE","2401199","2021-02-11","2021","02","11","","-18.4","","-33.2","","-25.8","","43.8","","0.0","","","","","","0.0","","17","","","M","","M"
"-85.93","79.99","EUREKA CLIMATE","2401199","2021-02-12","2021","02","12","","-30.1","","-37.6","","-33.9","","51.9","","0.0","","","","","","0.0","","15","","","M","","M"
"-85.93","79.99","EUREKA CLIMATE","2401199","2021-02-13","2021","02","13","","-32.8","","-37.7","","-35.2","","53.2","","0.0","","","","","","0.0","","14","","","M","","M"
"-85.93","79.99","EUREKA CLIMATE","2401199","2021-02-14","2021","02","14","","-26.6","","-36.8","","-31.7","","49.7","","0.0","","","","","","0.0","","14","","","M","","M"
"-85.93","79.99","EUREKA CLIMATE","2401199","2021-02-15","2021","02","15","","-26.3","","-37.0","","-31.6","","49.6","","0.0","","","","","","0.0","","16","","","M","","M"
"-85.93","79.99","EUREKA CLIMATE","2401199","2021-02-16","2021","02","16","","-22.8","","-33.3","","-28.1","","46.1","","0.0","","","","","","0.4","","17","","","M","","M"
"-85.93","79.99","EUREKA CLIMATE","2401199","2021-02-17","2021","02","17","","-24.0","","-39.6","","-31.8","","49.8","","0.0","","","","","","0.2","","15","","","M","","M"
"-85.93","79.99","EUREKA CLIMATE","2401199","2021-02-18","2021","02","18","","-32.7","","-40.0","","-36.4","","54.4","","0.0","","","","","","0.0","","15","","","M","","M"
"-85.93","79.99","EUREKA CLIMATE","2401199","2021-02-19","2021","02","19","","-31.5","","-40.4","","-35.9","","53.9","","0.0","","","","","","0.0","","15","","","M","","M"
"-85.93","79.99","EUREKA CLIMATE","2401199","2021-02-20","2021","02","20","","-32.0","","-46.2","","-39.1","","57.1","","0.0","","","","","","0.2","","13","","","M","","M"
"-85.93","79.99","EUREKA CLIMATE","2401199","2021-02-21","2021","02","21","","-42.7","","-48.0","","-45.4","","63.4","","0.0","","","","","","0.0","","15","","","M","","M"
"-85.93","79.99","EUREKA CLIMATE","2401199","2021-02-22","2021","02","22","","-41.6","","-46.9","","-44.2","","62.2","","0.0","","","","","","0.0","","15","","","M","","M"
"-85.93","79.99","EUREKA CLIMATE","2401199","2021-02-23","2021","02","23","","-32.0","","-43.4","","-37.7","","55.7","","0.0","","","","","","0.0","","15","","","M","","M"
"-85.93","79.99","EUREKA CLIMATE","2401199","2021-02-24","2021","02","24","","-29.5","","-34.6","","-32.0","","50.0","","0.0","","","","","","0.0","","16","","","M","","M"
"-85.93","79.99","EUREKA CLIMATE","2401199","2021-02-25","2021","02","25","","-27.1","","-33.9","","-30.5","","48.5","","0.0","","","","","","0.0","","16","","","M","","M"
"-85.93","79.99","EUREKA CLIMATE","2401199","2021-02-26","2021","02","26","","-24.0","","-35.0","","-29.5","","47.5","","0.0","","","","","","0.0","","16","","","M","","M"
"-85.93","79.99","EUREKA CLIMATE","2401199","2021-02-27","2021","02","27","","-28.3","","-36.6","","-32.5","","50.5","","0.0","","","","","","0.0","","16","","","M","","M"
"-85.93","79.99","EUREKA CLIMATE","2401199","2021-02-28","2021","02","28","","-30.9","","-36.9","","-33.9","","51.9","","0.0","","","","","","0.0","","16","","","M","","M"
"-85.93","79.99","EUREKA CLIMATE","2401199","2021-03-01","2021","03","01","","-23.5","","-33.5","","-28.5","","46.5","","0.0","","","","","","0.0","","15","","","M","","M"
"-85.93","79.99","EUREKA CLIMATE","2401199","2021-03-02","2021","03","02","","-25.3","","-34.8","","-30.1","","48.1","","0.0","","","","","","0.0","","17","","","M","","M"
"-85.93","79.99","EUREKA CLIMATE","2401199","2021-03-03","2021","03","03","","-19.8","","-30.1","","-24.9","","42.9","","0.0","","","","","","0.0","","17","","","M","","M"
"-85.93","79.99","EUREKA CLIMATE","2401199","2021-03-04","2021","03","04","","-23.8","","-33.2","","-28.5","","46.5","","0.0","","","","","","0.2","","15","","","M","","M"
"-85.93","79.99","EUREKA CLIMATE","2401199","2021-03-05","2021","03","05","","-32.8","","-40.2","","-36.5","","54.5","","0.0","","","","","","0.2","","15","","","M","","M"
"-85.93","79.99","EUREKA CLIMATE","2401199","2021-03-06","2021","03","06","","-37.9","","-40.7","","-39.3","","57.3","","0.0","","","","","","0.0","","15","","","M","","M"
"-85.93","79.99","EUREKA CLIMATE","2401199","2021-03-07","2021","03","07","","-39.3","","-42.1","","-40.7","","58.7","","0.0","","","","","","0.0","","15","","","M","","M"
"-85.93","79.99","EUREKA CLIMATE","2401199","2021-03-08","2021","03","08","","-23.0","","-42.1","","-32.6","","50.6","","0.0","","","","","","0.0","","15","","","M","","M"
"-85.93","79.99","EUREKA CLIMATE","2401199","2021-03-09","2021","03","09","","-21.5","","-33.0","","-27.2","","45.2","","0.0","","","","","","0.0","","14","","","M","","M"
"-85.93","79.99","EUREKA CLIMATE","2401199","2021-03-10","2021","03","10","","-27.8","","-36.5","","-32.1","","50.1","","0.0","","","","","","0.0","","14","","","M","","M"
"-85.93","79.99","EUREKA CLIMATE","2401199","2021-03-11","2021","03","11","","-33.1","","-37.4","","-35.3","","53.3","","0.0","","","","","","0.0","","14","","","M","","M"
"-85.93","79.99","EUREKA CLIMATE","2401199","2021-03-12","2021","03","12","","-27.3","","-36.9","","-32.1","","50.1","","0.0","","","","","","0.0","","14","","","M","","M"
"-85.93","79.99","EUREKA CLIMATE","2401199","2021-03-13","2021","03","13","","-26.7","","-36.1","","-31.4","","49.4","","0.0","","","","","","0.0","","14","","","M","","M"
"-85.93","79.99","EUREKA CLIMATE","2401199","2021-03-14","2021","03","14","","-30.5","","-39.9","","-35.2","","53.2","","0.0","","","","","","0.0","","14","","","M","","M"
"-85.93","79.99","EUREKA CLIMATE","2401199","2021-03-15","2021","03","15","","-26.8","","-41.1","","-33.9","","51.9","","0.0","","","","","","0.2","","14","","","M","","M"
"-85.93","79.99","EUREKA CLIMATE","2401199","2021-03-16","2021","03","16","","-23.3","","-35.2","","-29.3","","47.3","","0.0","","","","","","0.0","","14","","","M","","M"
"-85.93","79.99","EUREKA CLIMATE","2401199","2021-03-17","2021","03","17","","-33.4","","-37.3","","-35.4","","53.4","","0.0","","","","","","0.0","","14","","","M","","M"
"-85.93","79.99","EUREKA CLIMATE","2401199","2021-03-18","2021","03","18","","-29.0","","-39.0","","-34.0","","52.0","","0.0","","","","","","0.0","","14","","","M","","M"
"-85.93","79.99","EUREKA CLIMATE","2401199","2021-03-19","2021","03","19","","-28.1","","-32.0","","-30.1","","48.1","","0.0","","","","","","0.0","","14","","","M","","M"
"-85.93","79.99","EUREKA CLIMATE","2401199","2021-03-20","2021","03","20","","-27.7","","-34.0","","-30.9","","48.9","","0.0","","","","","","0.0","","14","","","M","","M"
"-85.93","79.99","EUREKA CLIMATE","2401199","2021-03-21","2021","03","21","","-28.8","","-38.2","","-33.5","","51.5","","0.0","","","","","","0.0","","14","","","M","","M"
"-85.93","79.99","EUREKA CLIMATE","2401199","2021-03-22","2021","03","22","","-23.4","","-39.6","","-31.5","","49.5","","0.0","","","","","","0.0","","14","","","M","","M"
"-85.93","79.99","EUREKA CLIMATE","2401199","2021-03-23","2021","03","23","","-24.9","","-30.1","","-27.5","","45.5","","0.0","","","","","","0.0","","15","","","M","","M"
"-85.93","79.99","EUREKA CLIMATE","2401199","2021-03-24","2021","03","24","","-26.5","","-35.5","","-31.0","","49.0","","0.0","","","","","","0.2","","14","","","M","","M"
"-85.93","79.99","EUREKA CLIMATE","2401199","2021-03-25","2021","03","25","","-20.7","","-32.8","","-26.7","","44.7","","0.0","","","","","","0.0","","14","","","M","","M"
"-85.93","79.99","EUREKA CLIMATE","2401199","2021-03-26","2021","03","26","","-20.4","","-23.2","","-21.8","","39.8","","0.0","","","","","","0.0","","17","","","M","","M"
"-85.93","79.99","EUREKA CLIMATE","2401199","2021-03-27","2021","03","27","","-22.3","","-25.8","","-24.1","","42.1","","0.0","","","","","","0.0","","17","","","M","","M"
"-85.93","79.99","EUREKA CLIMATE","2401199","2021-03-28","2021","03","28","","-24.7","","-34.3","","-29.5","","47.5","","0.0","","","","","","0.0","","15","","","M","","M"
"-85.93","79.99","EUREKA CLIMATE","2401199","2021-03-29","2021","03","29","","-30.6","","-35.6","","-33.1","","51.1","","0.0","","","","","","0.0","","14","","","M","","M"
"-85.93","79.99","EUREKA CLIMATE","2401199","2021-03-30","2021","03","30","","-32.9","","-38.1","","-35.5","","53.5","","0.0","","","","","","0.2","","15","","","M","","M"
"-85.93","79.99","EUREKA CLIMATE","2401199","2021-03-31","2021","03","31","","-30.8","","-38.4","","-34.6","","52.6","","0.0","","","","","","0.0","","15","","","M","","M"
"-85.93","79.99","EUREKA CLIMATE","2401199","2021-04-01","2021","04","01","","-28.2","","-34.5","","-31.4","","49.4","","0.0","","","","","","0.0","","16","","","M","","M"
"-85.93","79.99","EUREKA CLIMATE","2401199","2021-04-02","2021","04","02","","-26.9","","-36.4","","-31.7","","49.7","","0.0","","","","","","0.0","","15","","","M","","M"
"-85.93","79.99","EUREKA CLIMATE","2401199","2021-04-03","2021","04","03","","-23.6","","-29.6","","-26.6","","44.6","","0.0","","","","","","0.0","","17","","","M","","M"
"-85.93","79.99","EUREKA CLIMATE","2401199","2021-04-04","2021","04","04","","-23.3","","-31.3","","-27.3","","45.3","","0.0","","","","","","0.0","","16","","","M","","M"
"-85.93","79.99","EUREKA CLIMATE","2401199","2021-04-05","2021","04","05","","-22.1","","-27.2","","-24.6","","42.6","","0.0","","","","","","0.0","","16","","","M","","M"
"-85.93","79.99","EUREKA CLIMATE","2401199","2021-04-06","2021","04","06","","-19.4","","-27.6","","-23.5","","41.5","","0.0","","","","","","0.0","","15","","","M","","M"
"-85.93","79.99","EUREKA CLIMATE","2401199","2021-04-07","2021","04","07","","-12.9","","-26.6","","-19.8","","37.8","","0.0","","","","","","0.0","","13","","","M","","M"
"-85.93","79.99","EUREKA CLIMATE","2401199","2021-04-08","2021","04","08","","-14.6","","-26.2","","-20.4","","38.4","","0.0","","","","","","0.0","","14","","","M","","M"
"-85.93","79.99","EUREKA CLIMATE","2401199","2021-04-09","2021","04","09","","-19.6","","-29.0","","-24.3","","42.3","","0.0","","","","","","0.0","","14","","","M","","M"
"-85.93","79.99","EUREKA CLIMATE","2401199","2021-04-10","2021","04","10","","-18.3","","-23.4","","-20.8","","38.8","","0.0","","","","","","2.1","","9","","","M","","M"
"-85.93","79.99","EUREKA CLIMATE","2401199","2021-04-11","2021","04","11","","-22.0","","-29.0","","-25.5","","43.5","","0.0","","","","","","0.2","","10","","","M","","M"
"-85.93","79.99","EUREKA CLIMATE","2401199","2021-04-12","2021","04","12","","-25.1","","-32.0","","-28.5","","46.5","","0.0","","","","","","0.2","","9","","","M","","M"
"-85.93","79.99","EUREKA CLIMATE","2401199","2021-04-13","2021","04","13","","-24.4","","-29.7","","-27.0","","45.0","","0.0","","","","","","0.0","","4","","14","","33",""
"-85.93","79.99","EUREKA CLIMATE","2401199","2021-04-14","2021","04","14","","-23.2","","-31.2","","-27.2","","45.2","","0.0","","","","","","0.0","","9","","","M","","M"
"-85.93","79.99","EUREKA CLIMATE","2401199","2021-04-15","2021","04","15","","-19.7","","-24.6","","-22.2","","40.2","","0.0","","","","","","0.6","","9","","","M","","M"
"-85.93","79.99","EUREKA CLIMATE","2401199","2021-04-16","2021","04","16","","-15.8","","-25.1","","-20.4","","38.4","","0.0","","","","","","0.0","","3","","","M","","M"
"-85.93","79.99","EUREKA CLIMATE","2401199","2021-04-17","2021","04","17","","-14.6","","-23.0","","-18.8","","36.8","","0.0","","","","","","0.0","","5","","","M","","M"
"-85.93","79.99","EUREKA CLIMATE","2401199","2021-04-18","2021","04","18","","-15.0","","-22.9","","-18.9","","36.9","","0.0","","","","","","0.0","","10","","","M","","M"
"-85.93","79.99","EUREKA CLIMATE","2401199","2021-04-19","2021","04","19","","-16.6","","-25.6","","-21.1","","39.1","","0.0","","","","","","0.4","","3","","","M","","M"
"-85.93","79.99","EUREKA CLIMATE","2401199","2021-04-20","2021","04","20","","-13.8","","-26.6","","-20.2","","38.2","","0.0","","","","","","0.0","","10","","","M","","M"
"-85.93","79.99","EUREKA CLIMATE","2401199","2021-04-21","2021","04","21","","-12.8","","-21.5","","-17.1","","35.1","","0.0","","","","","","0.0","","5","","","M","","M"
"-85.93","79.99","EUREKA CLIMATE","2401199","2021-04-22","2021","04","22","","-14.2","","-22.3","","-18.3","","36.3","","0.0","","","","","","0.0","","5","","","M","","M"
"-85.93","79.99","EUREKA CLIMATE","2401199","2021-04-23","2021","04","23","","-17.6","","-24.2","","-20.9","","38.9","","0.0","","","","","","0.0","","5","","","M","","M"
"-85.93","79.99","EUREKA CLIMATE","2401199","2021-04-24","2021","04","24","","-14.3","","-24.8","","-19.6","","37.6","","0.0","","","","","","0.0","","5","","","M","","M"
"-85.93","79.99","EUREKA CLIMATE","2401199","2021-04-25","2021","04","25","","-9.3","","-20.5","","-14.9","","32.9","","0.0","","","","","","0.0","","5","","","M","","M"
"-85.93","79.99","EUREKA CLIMATE","2401199","2021-04-26","2021","04","26","","-6.0","","-18.2","","-12.1","","30.1","","0.0","","","","","","0.0","","5","","","M","","M"
"-85.93","79.99","EUREKA CLIMATE","2401199","2021-04-27","2021","04","27","","-9.1","","-16.4","","-12.8","","30.8","","0.0","","","","","","0.0","","5","","","M","","M"
"-85.93","79.99","EUREKA CLIMATE","2401199","2021-04-28","2021","04","28","","-1.9","","-9.7","","-5.8","","23.8","","0.0","","","","","","0.0","","5","","","M","","M"
"-85.93","79.99","EUREKA CLIMATE","2401199","2021-04-29","2021","04","29","","-2.9","","-10.6","","-6.8","","24.8","","0.0","","","","","","0.0","","5","","","M","","M"
"-85.93","79.99","EUREKA CLIMATE","2401199","2021-04-30","2021","04","30","","0.7","","-10.4","","-4.9","","22.9","","0.0","","","","","","0.0","","5","","","M","","M"
"-85.93","79.99","EUREKA CLIMATE","2401199","2021-05-01","2021","05","01","","-1.8","","-6.8","","-4.3","","22.3","","0.0","","","","","","0.0","","5","","","M","","M"
"-85.93","79.99","EUREKA CLIMATE","2401199","2021-05-02","2021","05","02","","0.1","","-8.6","","-4.2","","22.2","","0.0","","","","","","0.0","","5","","17","","39",""
"-85.93","79.99","EUREKA CLIMATE","2401199","2021-05-03","2021","05","03","","-5.7","","-13.7","","-9.7","","27.7","","0.0","","","","","","0.0","","5","","","M","","M"
"-85.93","79.99","EUREKA CLIMATE","2401199","2021-05-04","2021","05","04","","-9.1","","-15.0","","-12.0","","30.0","","0.0","","","","","","0.0","","4","","","M","","M"
"-85.93","79.99","EUREKA CLIMATE","2401199","2021-05-05","2021","05","05","","-8.9","","-15.5","","-12.2","","30.2","","0.0","","","","","","0.0","","4","","","M","","M"
"-85.93","79.99","EUREKA CLIMATE","2401199","2021-05-06","2021","05","06","","-9.4","","-14.5","","-12.0","","30.0","","0.0","","","","","","0.0","","4","","","M","","M"
"-85.93","79.99","EUREKA CLIMATE","2401199","2021-05-07","2021","05","07","","-9.8","","-12.2","","-11.0","","29.0","","0.0","","","","","","0.0","","5","","32","","33",""
"-85.93","79.99","EUREKA CLIMATE","2401199","2021-05-08","2021","05","08","","","M","","M","","M","","M","","M","","","","","","M","5","","","M","","M"
"-85.93","79.99","EUREKA CLIMATE","2401199","2021-05-09","2021","05","09","","-8.8","","-16.0","","-12.4","","30.4","","0.0","","","","","","0.4","","5","","","M","","M"
"-85.93","79.99","EUREKA CLIMATE","2401199","2021-05-10","2021","05","10","","-13.5","","-17.3","","-15.4","","33.4","","0.0","","","","","","0.6","","10","","","M","","M"
"-85.93","79.99","EUREKA CLIMATE","2401199","2021-05-11","2021","05","11","","-14.2","","-21.8","","-18.0","","36.0","","0.0","","","","","","0.0","","4","","","M","","M"
"-85.93","79.99","EUREKA CLIMATE","2401199","2021-05-12","2021","05","12","","-16.1","","-22.7","","-19.4","","37.4","","0.0","","","","","","0.0","","5","","","M","","M"
"-85.93","79.99","EUREKA CLIMATE","2401199","2021-05-13","2021","05","13","","-14.2","","-21.9","","-18.0","","36.0","","0.0","","","","","","0.0","","6","","","M","","M"
"-85.93","79.99","EUREKA CLIMATE","2401199","2021-05-14","2021","05","14","","-9.6","","-19.4","","-14.5","","32.5","","0.0","","","","","","0.0","","5","","","M","","M"
"-85.93","79.99","EUREKA CLIMATE","2401199","2021-05-15","2021","05","15","","-8.3","","-16.1","","-12.2","","30.2","","0.0","","","","","","0.0","","5","","","M","","M"
"-85.93","79.99","EUREKA CLIMATE","2401199","2021-05-16","2021","05","16","","-5.4","","-15.6","","-10.5","","28.5","","0.0","","","","","","0.0","","5","","","M","","M"
"-85.93","79.99","EUREKA CLIMATE","2401199","2021-05-17","2021","05","17","","-3.9","","-10.0","","-6.9","","24.9","","0.0","","","","","","0.0","","11","","27","","39",""
"-85.93","79.99","EUREKA CLIMATE","2401199","2021-05-18","2021","05","18","","-3.6","","-8.9","","-6.2","","24.2","","0.0","","","","","","0.0","","11","","30","","36",""
"-85.93","79.99","EUREKA CLIMATE","2401199","2021-05-19","2021","05","19","","-3.2","","-8.9","","-6.1","","24.1","","0.0","","","","","","0.0","","11","","1","","45",""
"-85.93","79.99","EUREKA CLIMATE","2401199","2021-05-20","2021","05","20","","-2.0","","-7.2","","-4.6","","22.6","","0.0","","","","","","0.0","","8","","35","","53",""
"-85.93","79.99","EUREKA CLIMATE","2401199","2021-05-21","2021","05","21","","-2.5","","-8.0","","-5.3","","23.3","","0.0","","","","","","0.0","","8","","1","","36",""
"-85.93","79.99","EUREKA CLIMATE","2401199","2021-05-22","2021","05","22","","-0.5","","-6.6","","-3.6","","21.6","","0.0","","","","","","0.0","","8","","","M","","M"
"-85.93","79.99","EUREKA CLIMATE","2401199","2021-05-23","2021","05","23","","-1.6","","-7.3","","-4.5","","22.5","","0.0","","","","","","0.0","","7","","28","","47",""
"-85.93","79.99","EUREKA CLIMATE","2401199","2021-05-24","2021","05","24","","-1.1","","-5.3","","-3.2","","21.2","","0.0","","","","","","0.0","","7","","29","","41",""
"-85.93","79.99","EUREKA CLIMATE","2401199","2021-05-25","2021","05","25","","0.2","","-4.9","","-2.4","","20.4","","0.0","","","","","","0.0","","7","","29","","44",""
"-85.93","79.99","EUREKA CLIMATE","2401199","2021-05-26","2021","05","26","","0.5","","-5.7","","-2.6","","20.6","","0.0","","","","","","0.0","","7","","29","","36",""
"-85.93","79.99","EUREKA CLIMATE","2401199","2021-05-27","2021","05","27","","-1.4","","-5.9","","-3.7","","21.7","","0.0","","","","","","0.0","","7","","","M","","M"
"-85.93","79.99","EUREKA CLIMATE","2401199","2021-05-28","2021","05","28","","0.4","","-7.7","","-3.7","","21.7","","0.0","","","","","","0.0","","7","","28","","49",""
"-85.93","79.99","EUREKA CLIMATE","2401199","2021-05-29","2021","05","29","","0.5","","-3.2","","-1.4","","19.4","","0.0","","","","","","0.0","","","","29","","51",""
"-85.93","79.99","EUREKA CLIMATE","2401199","2021-05-30","2021","05","30","","1.1","","-2.3","","-0.6","","18.6","","0.0","","","","","","0.0","","","","","M","","M"
"-85.93","79.99","EUREKA CLIMATE","2401199","2021-05-31","2021","05","31","","-1.0","","-4.1","","-2.5","","20.5","","0.0","","","","","","0.0","","3","","26","","45",""
"-85.93","79.99","EUREKA CLIMATE","2401199","2021-06-01","2021","06","01","","-2.1","","-3.7","","-2.9","","20.9","","0.0","","","","","","2.6","","2","","29","","34",""
"-85.93","79.99","EUREKA CLIMATE","2401199","2021-06-02","2021","06","02","","-0.4","","-3.3","","-1.9","","19.9","","0.0","","","","","","0.2","","8","","","M","","M"
"-85.93","79.99","EUREKA CLIMATE","2401199","2021-06-03","2021","06","03","","1.7","","-2.6","","-0.4","","18.4","","0.0","","","","","","0.0","","8","","","M","","M"
"-85.93","79.99","EUREKA CLIMATE","2401199","2021-06-04","2021","06","04","","3.0","","-1.5","","0.7","","17.3","","0.0","","","","","","0.0","","6","","","M","","M"
"-85.93","79.99","EUREKA CLIMATE","2401199","2021-06-05","2021","06","05","","0.7","","-3.2","","-1.2","","19.2","","0.0","","","","","","0.0","","5","","","M","","M"
"-85.93","79.99","EUREKA CLIMATE","2401199","2021-06-06","2021","06","06","","3.2","","-2.5","","0.4","","17.6","","0.0","","","","","","0.0","","4","","","M","","M"
"-85.93","79.99","EUREKA CLIMATE","2401199","2021-06-07","2021","06","07","","7.4","","-0.5","","3.4","","14.6","","0.0","","","","","","0.0","","0","","33","","36",""
"-85.93","79.99","EUREKA CLIMATE","2401199","2021-06-08","2021","06","08","","3.8","","0.0","","1.9","","16.1","","0.0","","","","","","0.0","","1","","29","","45",""
"-85.93","79.99","EUREKA CLIMATE","2401199","2021-06-09","2021","06","09","","4.0","","0.5","","2.3","","15.7","","0.0","","","","","","0.0","","0","","28","","45",""
"-85.93","79.99","EUREKA CLIMATE","2401199","2021-06-10","2021","06","10","","7.2","","-0.2","","3.5","","14.5","","0.0","","","","","","0.0","","","","29","","39",""
"-85.93","79.99","EUREKA CLIMATE","2401199","2021-06-11","2021","06","11","","4.5","","1.3","","2.9","","15.1","","0.0","","","","","","0.0","","","","27","","40",""
"-85.93","79.99","EUREKA CLIMATE","2401199","2021-06-12","2021","06","12","","4.2","","0.9","","2.6","","15.4","","0.0","","","","","","0.0","","","","27","","41",""
"-85.93","79.99","EUREKA CLIMATE","2401199","2021-06-13","2021","06","13","","9.7","","1.5","","5.6","","12.4","","0.0","","","","","","0.0","","","","2","","32",""
"-85.93","79.99","EUREKA CLIMATE","2401199","2021-06-14","2021","06","14","","8.3","","1.2","","4.7","","13.3","","0.0","","","","","","0.0","","","","15","","53",""
"-85.93","79.99","EUREKA CLIMATE","2401199","2021-06-15","2021","06","15","","6.2","","1.7","","3.9","","14.1","","0.0","","","","","","0.8","","","","13","","62",""
"-85.93","79.99","EUREKA CLIMATE","2401199","2021-06-16","2021","06","16","","8.3","","1.2","","4.8","","13.2","","0.0","","","","","","0.0","","","","17","","35",""
"-85.93","79.99","EUREKA CLIMATE","2401199","2021-06-17","2021","06","17","","12.6","","3.6","","8.1","","9.9","","0.0","","","","","","0.0","","","","","","",""
"-85.93","79.99","EUREKA CLIMATE","2401199","2021-06-18","2021","06","18","","11.7","","3.4","","7.6","","10.4","","0.0","","","","","","0.0","","","","","","",""
"-85.93","79.99","EUREKA CLIMATE","2401199","2021-06-19","2021","06","19","","11.8","","2.9","","7.4","","10.6","","0.0","","","","","","0.0","","","","28","","32",""
"-85.93","79.99","EUREKA CLIMATE","2401199","2021-06-20","2021","06","20","","6.9","","2.8","","4.8","","13.2","","0.0","","","","","","0.0","","","","17","","38",""
"-85.93","79.99","EUREKA CLIMATE","2401199","2021-06-21","2021","06","21","","4.6","","2.2","","3.4","","14.6","","0.0","","","","","","0.0","","","","17","","65",""
"-85.93","79.99","EUREKA CLIMATE","2401199","2021-06-22","2021","06","22","","8.3","","2.4","","5.3","","12.7","","0.0","","","","","","0.2","","","","16","","47",""
"-85.93","79.99","EUREKA CLIMATE","2401199","2021-06-23","2021","06","23","","13.7","","3.7","","8.7","","9.3","","0.0","","","","","","0.0","","","","","","",""
"-85.93","79.99","EUREKA CLIMATE","2401199","2021-06-24","2021","06","24","","12.1","","3.2","","7.6","","10.4","","0.0","","","","","","0.0","","","","29","","32",""
"-85.93","79.99","EUREKA CLIMATE","2401199","2021-06-25","2021","06","25","","10.3","","4.1","","7.2","","10.8","","0.0","","","","","","0.0","","","","17","","32",""
"-85.93","79.99","EUREKA CLIMATE","2401199","2021-06-26","2021","06","26","","9.0","","3.9","","6.4","","11.6","","0.0","","","","","","0.0","","","","17","","49",""
"-85.93","79.99","EUREKA CLIMATE","2401199","2021-06-27","2021","06","27","","6.9","","2.4","","4.7","","13.3","","0.0","","","","","","0.0","","","","17","","50",""
"-85.93","79.99","EUREKA CLIMATE","2401199","2021-06-28","2021","06","28","","5.0","","0.8","","2.9","","15.1","","0.0","","","","","","1.0","","","","13","","54",""
"-85.93","79.99","EUREKA CLIMATE","2401199","2021-06-29","2021","06","29","","5.1","","2.5","","3.8","","14.2","","0.0","","","","","","3.2","","","","17","","44",""
"-85.93","79.99","EUREKA CLIMATE","2401199","2021-06-30","2021","06","30","","4.2","","1.1","","2.6","","15.4","","0.0","","","","","","0.3","","","","17","","36",""
"-85.93","79.99","EUREKA CLIMATE","2401199","2021-07-01","2021","07","01","","4.4","","0.8","","2.6","","15.4","","0.0","","","","","","3.0","","","","27","","33",""
"-85.93","79.99","EUREKA CLIMATE","2401199","2021-07-02","2021","07","02","","3.3","","-0.1","","1.6","","16.4","","0.0","","","","","","0.0","","","","29","","43",""
"-85.93","79.99","EUREKA CLIMATE","2401199","2021-07-03","2021","07","03","","1.9","","-0.2","","0.9","","17.1","","0.0","","","","","","3.0","","","","28","","34",""
"-85.93","79.99","EUREKA CLIMATE","2401199","2021-07-04","2021","07","04","","3.5","","0.3","","1.9","","16.1","","0.0","","","","","","4.3","","","","","","",""
"-85.93","79.99","EUREKA CLIMATE","2401199","2021-07-05","2021","07","05","","7.6","","1.2","","4.4","","13.6","","0.0","","","","","","0.0","","","","","","",""
"-85.93","79.99","EUREKA CLIMATE","2401199","2021-07-06","2021","07","06","","8.7","","0.9","","4.8","","13.2","","0.0","","","","","","0.0","","","","28","","40",""
"-85.93","79.99","EUREKA CLIMATE","2401199","2021-07-07","2021","07","07","","12.5","","3.3","","7.9","","10.1","","0.0","","","","","","0.0","","","","33","","56",""
"-85.93","79.99","EUREKA CLIMATE","2401199","2021-07-08","2021","07","08","","10.7","","2.6","","6.7","","11.3","","0.0","","","","","","0.0","","","","29","","32",""
"-85.93","79.99","EUREKA CLIMATE","2401199","2021-07-09","2021","07","09","","12.3","","6.3","","9.3","","8.7","","0.0","","","","","","0.0","","","","17","","40",""
"-85.93","79.99","EUREKA CLIMATE","2401199","2021-07-10","2021","07","10","","10.5","","3.8","","7.1","","10.9","","0.0","","","","","","0.0","","","","17","","70",""
"-85.93","79.99","EUREKA CLIMATE","2401199","2021-07-11","2021","07","11","","8.4","","3.8","","6.1","","11.9","","0.0","","","","","","0.0","","","","17","","39",""
"-85.93","79.99","EUREKA CLIMATE","2401199","2021-07-12","2021","07","12","","9.9","","3.5","","6.7","","11.3","","0.0","","","","","","1.3","","","","15","","61",""
"-85.93","79.99","EUREKA CLIMATE","2401199","2021-07-13","2021","07","13","","3.8","","1.6","","2.7","","15.3","","0.0","","","","","","3.3","","","","16","","39",""
"-85.93","79.99","EUREKA CLIMATE","2401199","2021-07-14","2021","07","14","","5.2","","2.1","","3.6","","14.4","","0.0","","","","","","0.7","","","","","","",""
"-85.93","79.99","EUREKA CLIMATE","2401199","2021-07-15","2021","07","15","","7.4","","2.1","","4.7","","13.3","","0.0","","","","","","2.0","","","","15","","39",""
"-85.93","79.99","EUREKA CLIMATE","2401199","2021-07-16","2021","07","16","","8.2","","3.5","","5.8","","12.2","","0.0","","","","","","0.0","","","","","","",""
"-85.93","79.99","EUREKA CLIMATE","2401199","2021-07-17","2021","07","17","","5.2","","1.7","","3.4","","14.6","","0.0","","","","","","0.0","","","","27","","33",""
"-85.93","79.99","EUREKA CLIMATE","2401199","2021-07-18","2021","07","18","","5.9","","3.1","","4.5","","13.5","","0.0","","","","","","0.0","","","","17","","31",""
"-85.93","79.99","EUREKA CLIMATE","2401199","2021-07-19","2021","07","19","","10.3","","2.9","","6.6","","11.4","","0.0","","","","","","0.0","","","","","","",""
"-85.93","79.99","EUREKA CLIMATE","2401199","2021-07-20","2021","07","20","","10.7","","2.8","","6.7","","11.3","","0.0","","","","","","0.0","","","","15","","42",""
"-85.93","79.99","EUREKA CLIMATE","2401199","2021-07-21","2021","07","21","","5.4","","2.5","","3.9","","14.1","","0.0","","","","","","1.7","","","","15","","45",""
"-85.93","79.99","EUREKA CLIMATE","2401199","2021-07-22","2021","07","22","","8.9","","1.8","","5.3","","12.7","","0.0","","","","","","0.0","","","","29","","42",""
"-85.93","79.99","EUREKA CLIMATE","2401199","2021-07-23","2021","07","23","","8.3","","2.1","","5.2","","12.8","","0.0","","","","","","0.0","","","","28","","55",""
"-85.93","79.99","EUREKA CLIMATE","2401199","2021-07-24","2021","07","24","","6.0","","2.1","","4.0","","14.0","","0.0","","","","","","0.0","","","","29","","46",""
"-85.93","79.99","EUREKA CLIMATE","2401199","2021-07-25","2021","07","25","","9.1","","2.4","","5.7","","12.3","","0.0","","","","","","0.0","","","","","","",""
"-85.93","79.99","EUREKA CLIMATE","2401199","2021-07-26","2021","07","26","","10.9","","5.3","","8.1","","9.9","","0.0","","","","","","0.0","","","","","","",""
"-85.93","79.99","EUREKA CLIMATE","2401199","2021-07-27","2021","07","27","","10.0","","4.6","","7.3","","10.7","","0.0","","","","","","0.0","","","","","","",""
"-85.93","79.99","EUREKA CLIMATE","2401199","2021-07-28","2021","07","28","","12.3","","6.4","","9.3","","8.7","","0.0","","","","","","0.0","","","","","","",""
"-85.93","79.99","EUREKA CLIMATE","2401199","2021-07-29","2021","07","29","","11.0","","6.1","","8.5","","9.5","","0.0","","","","","","4.8","","","","14","","42",""
"-85.93","79.99","EUREKA CLIMATE","2401199","2021-07-30","2021","07","30","","9.4","","5.0","","7.2","","10.8","","0.0","","","","","","0.7","","","","12","","38",""
"-85.93","79.99","EUREKA CLIMATE","2401199","2021-07-31","2021","07","31","","7.8","","3.7","","5.8","","12.2","","0.0","","","","","","0.0","","","","29","","32",""
"-85.93","79.99","EUREKA CLIMATE","2401199","2021-08-01","2021","08","01","","6.4","","3.5","","5.0","","13.0","","0.0","","","","","","0.0","","","","29","","32",""
"-85.93","79.99","EUREKA CLIMATE","2401199","2021-08-02","2021","08","02","","6.2","","3.5","","4.8","","13.2","","0.0","","","","","","0.0","","","","29","","46",""
"-85.93","79.99","EUREKA CLIMATE","2401199","2021-08-03","2021","08","03","","8.9","","3.3","","6.1","","11.9","","0.0","","","","","","0.0","","","","28","","41",""
"-85.93","79.99","EUREKA CLIMATE","2401199","2021-08-04","2021","08","04","","7.5","","2.7","","5.1","","12.9","","0.0","","","","","","0.0","","","","28","","31",""
"-85.93","79.99","EUREKA CLIMATE","2401199","2021-08-05","2021","08","05","","9.1","","5.7","","7.4","","10.6","","0.0","","","","","","0.0","","","","28","","32",""
"-85.93","79.99","EUREKA CLIMATE","2401199","2021-08-06","2021","08","06","","9.2","","4.7","","7.0","","11.0","","0.0","","","","","","0.0","","","","28","","44",""
"-85.93","79.99","EUREKA CLIMATE","2401199","2021-08-07","2021","08","07","","7.1","","3.6","","5.3","","12.7","","0.0","","","","","","0.0","","","","29","","32",""
"-85.93","79.99","EUREKA CLIMATE","2401199","2021-08-08","2021","08","08","","5.0","","2.6","","3.8","","14.2","","0.0","","","","","","0.0","","","","","","",""
"-85.93","79.99","EUREKA CLIMATE","2401199","2021-08-09","2021","08","09","","11.1","","2.6","","6.9","","11.1","","0.0","","","","","","0.0","","","","17","","45",""
"-85.93","79.99","EUREKA CLIMATE","2401199","2021-08-10","2021","08","10","","10.0","","4.1","","7.1","","10.9","","0.0","","","","","","0.0","","","","","","",""
"-85.93","79.99","EUREKA CLIMATE","2401199","2021-08-11","2021","08","11","","10.6","","2.2","","6.4","","11.6","","0.0","","","","","","0.0","","","","","","",""
"-85.93","79.99","EUREKA CLIMATE","2401199","2021-08-12","2021","08","12","","12.4","","3.1","","7.7","","10.3","","0.0","","","","","","0.0","","","","16","","31",""
"-85.93","79.99","EUREKA CLIMATE","2401199","2021-08-13","2021","08","13","","8.3","","2.7","","5.5","","12.5","","0.0","","","","","","0.0","","","","","","",""
"-85.93","79.99","EUREKA CLIMATE","2401199","2021-08-14","2021","08","14","","11.2","","3.3","","7.3","","10.7","","0.0","","","","","","0.0","","","","36","","38",""
"-85.93","79.99","EUREKA CLIMATE","2401199","2021-08-15","2021","08","15","","8.3","","1.4","","4.9","","13.1","","0.0","","","","","","0.0","","","","28","","50",""
"-85.93","79.99","EUREKA CLIMATE","2401199","2021-08-16","2021","08","16","","4.0","","0.4","","2.2","","15.8","","0.0","","","","","","0.0","","","","","","",""
"-85.93","79.99","EUREKA CLIMATE","2401199","2021-08-17","2021","08","17","","6.6","","0.9","","3.7","","14.3","","0.0","","","","","","0.0","","","","","","",""
"-85.93","79.99","EUREKA CLIMATE","2401199","2021-08-18","2021","08","18","","6.5","","3.9","","5.2","","12.8","","0.0","","","","","","0.0","","","","13","","38",""
"-85.93","79.99","EUREKA CLIMATE","2401199","2021-08-19","2021","08","19","","6.2","","2.5","","4.4","","13.6","","0.0","","","","","","2.6","","","","15","","47",""
"-85.93","79.99","EUREKA CLIMATE","2401199","2021-08-20","2021","08","20","","3.8","","0.3","","2.1","","15.9","","0.0","","","","","","1.0","","","","18","","52",""
"-85.93","79.99","EUREKA CLIMATE","2401199","2021-08-21","2021","08","21","","3.7","","-0.2","","1.7","","16.3","","0.0","","","","","","0.0","","","","17","","51",""
"-85.93","79.99","EUREKA CLIMATE","2401199","2021-08-22","2021","08","22","","4.3","","0.8","","2.6","","15.4","","0.0","","","","","","0.0","","","","18","","48",""
"-85.93","79.99","EUREKA CLIMATE","2401199","2021-08-23","2021","08","23","","5.6","","0.4","","3.0","","15.0","","0.0","","","","","","0.0","","","","17","","37",""
"-85.93","79.99","EUREKA CLIMATE","2401199","2021-08-24","2021","08","24","","7.5","","1.1","","4.3","","13.7","","0.0","","","","","","0.0","","","","","","",""
"-85.93","79.99","EUREKA CLIMATE","2401199","2021-08-25","2021","08","25","","2.8","","-0.1","","1.4","","16.6","","0.0","","","","","","1.5","","","","29","","35",""
"-85.93","79.99","EUREKA CLIMATE","2401199","2021-08-26","2021","08","26","","1.6","","-0.4","","0.6","","17.4","","0.0","","","","","","0.0","","","","28","","34",""
"-85.93","79.99","EUREKA CLIMATE","2401199","2021-08-27","2021","08","27","","1.1","","-0.8","","0.1","","17.9","","0.0","","","","","","0.0","","","","27","","36",""
"-85.93","79.99","EUREKA CLIMATE","2401199","2021-08-28","2021","08","28","","2.5","","0.3","","1.4","","16.6","","0.0","","","","","","0.2","","","","14","","39",""
"-85.93","79.99","EUREKA CLIMATE","2401199","2021-08-29","2021","08","29","","4.1","","1.3","","2.7","","15.3","","0.0","","","","","","0.0","","","","14","","48",""
"-85.93","79.99","EUREKA CLIMATE","2401199","2021-08-30","2021","08","30","","5.4","","1.8","","3.6","","14.4","","0.0","","","","","","0.0","","","","14","","68",""
"-85.93","79.99","EUREKA CLIMATE","2401199","2021-08-31","2021","08","31","","3.7","","-1.0","","1.3","","16.7","","0.0","","","","","","0.0","","","","19","","38",""
"-85.93","79.99","EUREKA CLIMATE","2401199","2021-09-01","2021","09","01","","4.6","","2.6","","3.6","","14.4","","0.0","","","","","","0.0","","","","17","","56",""
"-85.93","79.99","EUREKA CLIMATE","2401199","2021-09-02","2021","09","02","","3.1","","0.4","","1.7","","16.3","","0.0","","","","","","1.2","","","","12","","37",""
"-85.93","79.99","EUREKA CLIMATE","2401199","2021-09-03","2021","09","03","","0.4","","-4.6","","-2.1","","20.1","","0.0","","","","","","3.0","","0","","","","",""
"-85.93","79.99","EUREKA CLIMATE","2401199","2021-09-04","2021","09","04","","-2.0","","-4.3","","-3.1","","21.1","","0.0","","","","","","0.7","","6","","34","","57",""
"-85.93","79.99","EUREKA CLIMATE","2401199","2021-09-05","2021","09","05","","-0.3","","-3.6","","-2.0","","20.0","","0.0","","","","","","0.0","","1","","33","","47",""
"-85.93","79.99","EUREKA CLIMATE","2401199","2021-09-06","2021","09","06","","-1.0","","-4.5","","-2.8","","20.8","","0.0","","","","","","0.0","","0","","29","","49",""
"-85.93","79.99","EUREKA CLIMATE","2401199","2021-09-07","2021","09","07","","-1.7","","-5.0","","-3.3","","21.3","","0.0","","","","","","0.0","","1","","29","","47",""
"-85.93","79.99","EUREKA CLIMATE","2401199","2021-09-08","2021","09","08","","-1.6","","-3.7","","-2.6","","20.6","","0.0","","","","","","0.0","","1","","","","",""
"-85.93","79.99","EUREKA CLIMATE","2401199","2021-09-09","2021","09","09","","-0.7","","-4.6","","-2.7","","20.7","","0.0","","","","","","0.0","","0","","26","","32",""
"-85.93","79.99","EUREKA CLIMATE","2401199","2021-09-10","2021","09","10","","-4.1","","-6.0","","-5.1","","23.1","","0.0","","","","","","0.0","","1","","","","",""
"-85.93","79.99","EUREKA CLIMATE","2401199","2021-09-11","2021","09","11","","-3.6","","-6.0","","-4.8","","22.8","","0.0","","","","","","0.0","","1","","34","","32",""
"-85.93","79.99","EUREKA CLIMATE","2401199","2021-09-12","2021","09","12","","-2.0","","-6.3","","-4.2","","22.2","","0.0","","","","","","0.0","","1","","29","","45",""
"-85.93","79.99","EUREKA CLIMATE","2401199","2021-09-13","2021","09","13","","0.9","","-7.5","","-3.3","","21.3","","0.0","","","","","","0.0","","0","","26","","45",""
"-85.93","79.99","EUREKA CLIMATE","2401199","2021-09-14","2021","09","14","","-0.8","","-4.0","","-2.4","","20.4","","0.0","","","","","","0.6","","1","","28","","35",""
"-85.93","79.99","EUREKA CLIMATE","2401199","2021-09-15","2021","09","15","","-2.7","","-5.1","","-3.9","","21.9","","0.0","","","","","","0.0","","","","","","",""
"-85.93","79.99","EUREKA CLIMATE","2401199","2021-09-16","2021","09","16","","-3.4","","-6.1","","-4.7","","22.7","","0.0","","","","","","0.0","","0","","","","",""
"-85.93","79.99","EUREKA CLIMATE","2401199","2021-09-17","2021","09","17","","-3.2","","-4.9","","-4.0","","22.0","","0.0","","","","","","0.7","","","","","","",""
"-85.93","79.99","EUREKA CLIMATE","2401199","2021-09-18","2021","09","18","","-3.0","","-5.5","","-4.3","","22.3","","0.0","","","","","","0.9","","","","","","",""
"-85.93","79.99","EUREKA CLIMATE","2401199","2021-09-19","2021","09","19","","-4.1","","-5.1","","-4.6","","22.6","","0.0","","","","","","6.1","","1","","35","","44",""
"-85.93","79.99","EUREKA CLIMATE","2401199","2021-09-20","2021","09","20","","-3.8","","-5.7","","-4.8","","22.8","","0.0","","","","","","5.0","","8","","","","",""
"-85.93","79.99","EUREKA CLIMATE","2401199","2021-09-21","2021","09","21","","-3.3","","-6.3","","-4.8","","22.8","","0.0","","","","","","0.2","","11","","","","",""
"-85.93","79.99","EUREKA CLIMATE","2401199","2021-09-22","2021","09","22","","-5.3","","-12.1","","-8.7","","26.7","","0.0","","","","","","0.0","","13","","","","",""
"-85.93","79.99","EUREKA CLIMATE","2401199","2021-09-23","2021","09","23","","-2.0","","-5.3","","-3.7","","21.7","","0.0","","","","","","0.0","","12","","12","","44",""
"-85.93","79.99","EUREKA CLIMATE","2401199","2021-09-24","2021","09","24","","-1.6","","-6.4","","-4.0","","22.0","","0.0","","","","","","0.0","","11","","15","","53",""
"-85.93","79.99","EUREKA CLIMATE","2401199","2021-09-25","2021","09","25","","-0.8","","-7.3","","-4.1","","22.1","","0.0","","","","","","0.0","","11","","18","","58",""
"-85.93","79.99","EUREKA CLIMATE","2401199","2021-09-26","2021","09","26","","-2.4","","-11.1","","-6.8","","24.8","","0.0","","","","","","0.2","","10","","","","",""
"-85.93","79.99","EUREKA CLIMATE","2401199","2021-09-27","2021","09","27","","-5.5","","-10.5","","-8.0","","26.0","","0.0","","","","","","0.0","","10","","","","",""
"-85.93","79.99","EUREKA CLIMATE","2401199","2021-09-28","2021","09","28","","-0.4","","-5.7","","-3.1","","21.1","","0.0","","","","","","0.2","","10","","9","","58",""
"-85.93","79.99","EUREKA CLIMATE","2401199","2021-09-29","2021","09","29","","-1.5","","-8.9","","-5.2","","23.2","","0.0","","","","","","0.0","","10","","20","","37",""
"-85.93","79.99","EUREKA CLIMATE","2401199","2021-09-30","2021","09","30","","0.0","","-6.5","","-3.2","","21.2","","0.0","","","","","","0.9","","10","","13","","45",""
"-85.93","79.99","EUREKA CLIMATE","2401199","2021-10-01","2021","10","01","","0.1","","-3.2","","-1.5","","19.5","","0.0","","","","","","0.0","","10","","18","","51",""
"-85.93","79.99","EUREKA CLIMATE","2401199","2021-10-02","2021","10","02","","-1.5","","-4.3","","-2.9","","20.9","","0.0","","","","","","4.6","","9","","11","","40",""
"-85.93","79.99","EUREKA CLIMATE","2401199","2021-10-03","2021","10","03","","-1.9","","-4.7","","-3.3","","21.3","","0.0","","","","","","0.0","","14","","","","",""
"-85.93","79.99","EUREKA CLIMATE","2401199","2021-10-04","2021","10","04","","-3.4","","-9.5","","-6.4","","24.4","","0.0","","","","","","0.2","","14","","29","","37",""
"-85.93","79.99","EUREKA CLIMATE","2401199","2021-10-05","2021","10","05","","-5.5","","-12.1","","-8.8","","26.8","","0.0","","","","","","0.0","","13","","28","","38",""
"-85.93","79.99","EUREKA CLIMATE","2401199","2021-10-06","2021","10","06","","-8.0","","-18.4","","-13.2","","31.2","","0.0","","","","","","0.2","","13","","1","","34",""
"-85.93","79.99","EUREKA CLIMATE","2401199","2021-10-07","2021","10","07","","-7.2","","-17.2","","-12.2","","30.2","","0.0","","","","","","1.0","","13","","","","",""
"-85.93","79.99","EUREKA CLIMATE","2401199","2021-10-08","2021","10","08","","-4.5","","-7.3","","-5.9","","23.9","","0.0","","","","","","0.0","","13","","28","","31",""
"-85.93","79.99","EUREKA CLIMATE","2401199","2021-10-09","2021","10","09","","-4.2","","-12.6","","-8.4","","26.4","","0.0","","","","","","0.0","","15","","28","","33",""
"-85.93","79.99","EUREKA CLIMATE","2401199","2021-10-10","2021","10","10","","-10.3","","-19.6","","-15.0","","33.0","","0.0","","","","","","0.2","","14","","","","",""
"-85.93","79.99","EUREKA CLIMATE","2401199","2021-10-11","2021","10","11","","-11.0","","-19.9","","-15.4","","33.4","","0.0","","","","","","0.0","","14","","","","",""
"-85.93","79.99","EUREKA CLIMATE","2401199","2021-10-12","2021","10","12","","-10.3","","-15.0","","-12.7","","30.7","","0.0","","","","","","0.0","","16","","","","",""
"-85.93","79.99","EUREKA CLIMATE","2401199","2021-10-13","2021","10","13","","-11.6","","-15.4","","-13.5","","31.5","","0.0","","","","","","0.2","","16","","","","",""
"-85.93","79.99","EUREKA CLIMATE","2401199","2021-10-14","2021","10","14","","-11.2","","-15.2","","-13.2","","31.2","","0.0","","","","","","1.3","","16","","","","",""
"-85.93","79.99","EUREKA CLIMATE","2401199","2021-10-15","2021","10","15","","-14.9","","-24.8","","-19.8","","37.8","","0.0","","","","","","0.2","","17","","","","",""
"-85.93","79.99","EUREKA CLIMATE","2401199","2021-10-16","2021","10","16","","-15.0","","-20.7","","-17.8","","35.8","","0.0","","","","","","1.1","","13","","","","",""
"-85.93","79.99","EUREKA CLIMATE","2401199","2021-10-17","2021","10","17","","-10.9","","-15.3","","-13.1","","31.1","","0.0","","","","","","0.8","","19","","","","",""
"-85.93","79.99","EUREKA CLIMATE","2401199","2021-10-18","2021","10","18","","-0.4","","-11.4","","-5.9","","23.9","","0.0","","","","","","0.2","","19","","10","","64",""
"-85.93","79.99","EUREKA CLIMATE","2401199","2021-10-19","2021","10","19","","-0.9","","-6.1","","-3.5","","21.5","","0.0","","","","","","0.2","","14","","15","","55",""
"-85.93","79.99","EUREKA CLIMATE","2401199","2021-10-20","2021","10","20","","-4.3","","-12.8","","-8.6","","26.6","","0.0","","","","","","0.7","","15","","31","","35",""
"-85.93","79.99","EUREKA CLIMATE","2401199","2021-10-21","2021","10","21","","-12.1","","-23.2","","-17.6","","35.6","","0.0","","","","","","0.2","","15","","","","",""
"-85.93","79.99","EUREKA CLIMATE","2401199","2021-10-22","2021","10","22","","-15.8","","-25.0","","-20.4","","38.4","","0.0","","","","","","0.0","","15","","1","","35",""
"-85.93","79.99","EUREKA CLIMATE","2401199","2021-10-23","2021","10","23","","-15.7","","-27.9","","-21.8","","39.8","","0.0","","","","","","0.0","","15","","36","","31",""
"-85.93","79.99","EUREKA CLIMATE","2401199","2021-10-24","2021","10","24","","-24.8","","-28.6","","-26.7","","44.7","","0.0","","","","","","0.2","","14","","","","",""
"-85.93","79.99","EUREKA CLIMATE","2401199","2021-10-25","2021","10","25","","-14.4","","-27.3","","-20.9","","38.9","","0.0","","","","","","0.0","","14","","","","",""
"-85.93","79.99","EUREKA CLIMATE","2401199","2021-10-26","2021","10","26","","-7.6","","-14.4","","-11.0","","29.0","","0.0","","","","","","3.4","","14","","","","",""
"-85.93","79.99","EUREKA CLIMATE","2401199","2021-10-27","2021","10","27","","-5.6","","-9.7","","-7.6","","25.6","","0.0","","","","","","1.0","","18","","","","",""
"-85.93","79.99","EUREKA CLIMATE","2401199","2021-10-28","2021","10","28","","-5.8","","-10.0","","-7.9","","25.9","","0.0","","","","","","0.4","","19","","29","","31",""
"-85.93","79.99","EUREKA CLIMATE","2401199","2021-10-29","2021","10","29","","-9.1","","-17.0","","-13.1","","31.1","","0.0","","","","","","0.2","","21","","35","","41",""
"-85.93","79.99","EUREKA CLIMATE","2401199","2021-10-30","2021","10","30","","-11.2","","-26.6","","-18.9","","36.9","","0.0","","","","","","0.0","","18","","1","","53",""
"-85.93","79.99","EUREKA CLIMATE","2401199","2021-10-31","2021","10","31","","-14.0","","-20.4","","-17.2","","35.2","","0.0","","","","","","0.0","","29","","36","","54",""
"-85.93","79.99","EUREKA CLIMATE","2401199","2021-11-01","2021","11","01","","-13.2","","-20.0","","-16.6","","34.6","","0.0","","","","","","0.0","","29","","35","","47",""
"-85.93","79.99","EUREKA CLIMATE","2401199","2021-11-02","2021","11","02","","-16.1","","-27.5","","-21.8","","39.8","","0.0","","","","","","0.2","","29","","35","","34",""
"-85.93","79.99","EUREKA CLIMATE","2401199","2021-11-03","2021","11","03","","-15.1","","-27.8","","-21.5","","39.5","","0.0","","","","","","0.0","","28","","29","","31",""
"-85.93","79.99","EUREKA CLIMATE","2401199","2021-11-04","2021","11","04","","-20.0","","-28.8","","-24.4","","42.4","","0.0","","","","","","0.0","","28","","","","",""
"-85.93","79.99","EUREKA CLIMATE","2401199","2021-11-05","2021","11","05","","-5.5","","-20.2","","-12.9","","30.9","","0.0","","","","","","0.0","","28","","18","","60",""
"-85.93","79.99","EUREKA CLIMATE","2401199","2021-11-06","2021","11","06","","-6.9","","-20.1","","-13.5","","31.5","","0.0","","","","","","0.0","","28","","27","","57",""
"-85.93","79.99","EUREKA CLIMATE","2401199","2021-11-07","2021","11","07","","-16.3","","-27.4","","-21.8","","39.8","","0.0","","","","","","0.2","","28","","28","","46",""
"-85.93","79.99","EUREKA CLIMATE","2401199","2021-11-08","2021","11","08","","-16.8","","-28.2","","-22.5","","40.5","","0.0","","","","","","0.0","","28","","26","","33",""
"-85.93","79.99","EUREKA CLIMATE","2401199","2021-11-09","2021","11","09","","-15.1","","-21.6","","-18.3","","36.3","","0.0","","","","","","0.2","","28","","32","","68",""
"-85.93","79.99","EUREKA CLIMATE","2401199","2021-11-10","2021","11","10","","-19.8","","-28.5","","-24.2","","42.2","","0.0","","","","","","0.4","","27","","","","",""
"-85.93","79.99","EUREKA CLIMATE","2401199","2021-11-11","2021","11","11","","-25.0","","-30.3","","-27.6","","45.6","","0.0","","","","","","0.2","","27","","","","",""
"-85.93","79.99","EUREKA CLIMATE","2401199","2021-11-12","2021","11","12","","-29.1","","-32.7","","-30.9","","48.9","","0.0","","","","","","0.0","","27","","","","",""
"-85.93","79.99","EUREKA CLIMATE","2401199","2021-11-13","2021","11","13","","-29.4","","-33.0","","-31.2","","49.2","","0.0","","","","","","0.2","","27","","","","",""
"-85.93","79.99","EUREKA CLIMATE","2401199","2021-11-14","2021","11","14","","-21.3","","-33.4","","-27.4","","45.4","","0.0","","","","","","0.0","","26","","","","",""
"-85.93","79.99","EUREKA CLIMATE","2401199","2021-11-15","2021","11","15","","-13.6","","-22.7","","-18.2","","36.2","","0.0","","","","","","0.2","","27","","15","","63",""
"-85.93","79.99","EUREKA CLIMATE","2401199","2021-11-16","2021","11","16","","-12.1","","-13.8","","-13.0","","31.0","","0.0","","","","","","0.2","","28","","16","","64",""
"-85.93","79.99","EUREKA CLIMATE","2401199","2021-11-17","2021","11","17","","-13.6","","-21.0","","-17.3","","35.3","","0.0","","","","","","1.0","","28","","13","","41",""
"-85.93","79.99","EUREKA CLIMATE","2401199","2021-11-18","2021","11","18","","-20.2","","-30.7","","-25.4","","43.4","","0.0","","","","","","0.2","","28","","","","",""
"-85.93","79.99","EUREKA CLIMATE","2401199","2021-11-19","2021","11","19","","-26.3","","-34.9","","-30.6","","48.6","","0.0","","","","","","0.2","","28","","","","",""
"-85.93","79.99","EUREKA CLIMATE","2401199","2021-11-20","2021","11","20","","-30.0","","-36.0","","-33.0","","51.0","","0.0","","","","","","0.2","","28","","","","",""
"-85.93","79.99","EUREKA CLIMATE","2401199","2021-11-21","2021","11","21","","-29.6","","-35.4","","-32.5","","50.5","","0.0","","","","","","0.4","","28","","","","",""
"-85.93","79.99","EUREKA CLIMATE","2401199","2021-11-22","2021","11","22","","-32.7","","-37.4","","-35.0","","53.0","","0.0","","","","","","0.2","","29","","","","",""
"-85.93","79.99","EUREKA CLIMATE","2401199","2021-11-23","2021","11","23","","-35.6","","-39.5","","-37.5","","55.5","","0.0","","","","","","0.0","","29","","","","",""
"-85.93","79.99","EUREKA CLIMATE","2401199","2021-11-24","2021","11","24","","-36.8","","-40.7","","-38.7","","56.7","","0.0","","","","","","0.0","","29","","","","",""
"-85.93","79.99","EUREKA CLIMATE","2401199","2021-11-25","2021","11","25","","-36.6","","-40.7","","-38.6","","56.6","","0.0","","","","","","0.0","","29","","","","",""
"-85.93","79.99","EUREKA CLIMATE","2401199","2021-11-26","2021","11","26","","-39.3","","-41.7","","-40.5","","58.5","","0.0","","","","","","0.0","","29","","","","",""
"-85.93","79.99","EUREKA CLIMATE","2401199","2021-11-27","2021","11","27","","-35.4","","-40.8","","-38.1","","56.1","","0.0","","","","","","0.2","","29","","","","",""
"-85.93","79.99","EUREKA CLIMATE","2401199","2021-11-28","2021","11","28","","-39.5","","-43.1","","-41.3","","59.3","","0.0","","","","","","0.0","","29","","","","",""
"-85.93","79.99","EUREKA CLIMATE","2401199","2021-11-29","2021","11","29","","-31.1","","-42.7","","-36.9","","54.9","","0.0","","","","","","0.0","","29","","14","","51",""
"-85.93","79.99","EUREKA CLIMATE","2401199","2021-11-30","2021","11","30","","-30.6","","-37.2","","-33.9","","51.9","","0.0","","","","","","0.0","","29","","","","",""
"-85.93","79.99","EUREKA CLIMATE","2401199","2021-12-01","2021","12","01","","-29.6","","-37.3","","-33.4","","51.4","","0.0","","","","","","0.0","","29","","11","","49",""
"-85.93","79.99","EUREKA CLIMATE","2401199","2021-12-02","2021","12","02","","-25.2","","-35.4","","-30.3","","48.3","","0.0","","","","","","0.0","","28","","","M","","M"
"-85.93","79.99","EUREKA CLIMATE","2401199","2021-12-03","2021","12","03","","-30.2","","-35.2","","-32.7","","50.7","","0.0","","","","","","0.2","","28","","","M","","M"
"-85.93","79.99","EUREKA CLIMATE","2401199","2021-12-04","2021","12","04","","-26.4","","-34.3","","-30.4","","48.4","","0.0","","","","","","0.0","","28","","","M","","M"
"-85.93","79.99","EUREKA CLIMATE","2401199","2021-12-05","2021","12","05","","-28.2","","-34.7","","-31.4","","49.4","","0.0","","","","","","0.0","","28","","","M","","M"
"-85.93","79.99","EUREKA CLIMATE","2401199","2021-12-06","2021","12","06","","-30.3","","-34.9","","-32.6","","50.6","","0.0","","","","","","0.0","","28","","","M","","M"
"-85.93","79.99","EUREKA CLIMATE","2401199","2021-12-07","2021","12","07","","-26.8","","-35.3","","-31.1","","49.1","","0.0","","","","","","0.5","","28","","","M","","M"
"-85.93","79.99","EUREKA CLIMATE","2401199","2021-12-08","2021","12","08","","-24.8","","-34.3","","-29.6","","47.6","","0.0","","","","","","0.0","","27","","","M","","M"
"-85.93","79.99","EUREKA CLIMATE","2401199","2021-12-09","2021","12","09","","-23.2","","-31.3","","-27.2","","45.2","","0.0","","","","","","0.0","","27","","","M","","M"
"-85.93","79.99","EUREKA CLIMATE","2401199","2021-12-10","2021","12","10","","-21.4","","-23.8","","-22.6","","40.6","","0.0","","","","","","0.0","","27","","","M","","M"
"-85.93","79.99","EUREKA CLIMATE","2401199","2021-12-11","2021","12","11","","-21.0","","-30.7","","-25.9","","43.9","","0.0","","","","","","0.0","","28","","","M","","M"
"-85.93","79.99","EUREKA CLIMATE","2401199","2021-12-12","2021","12","12","","-30.4","","-36.0","","-33.2","","51.2","","0.0","","","","","","0.0","","27","","","M","","M"
"-85.93","79.99","EUREKA CLIMATE","2401199","2021-12-13","2021","12","13","","-33.6","","-37.8","","-35.7","","53.7","","0.0","","","","","","0.2","","27","","","M","","M"
"-85.93","79.99","EUREKA CLIMATE","2401199","2021-12-14","2021","12","14","","-25.5","","-36.5","","-31.0","","49.0","","0.0","","","","","","0.6","","28","","","M","","M"
"-85.93","79.99","EUREKA CLIMATE","2401199","2021-12-15","2021","12","15","","-25.7","","-30.3","","-28.0","","46.0","","0.0","","","","","","0.2","","29","","","M","","M"
"-85.93","79.99","EUREKA CLIMATE","2401199","2021-12-16","2021","12","16","","-30.2","","-38.8","","-34.5","","52.5","","0.0","","","","","","0.4","","28","","","M","","M"
"-85.93","79.99","EUREKA CLIMATE","2401199","2021-12-17","2021","12","17","","-29.8","","-37.3","","-33.5","","51.5","","0.0","","","","","","0.9","","29","","","M","","M"
"-85.93","79.99","EUREKA CLIMATE","2401199","2021-12-18","2021","12","18","","-35.8","","-42.5","","-39.1","","57.1","","0.0","","","","","","0.2","","28","","","M","","M"
"-85.93","79.99","EUREKA CLIMATE","2401199","2021-12-19","2021","12","19","","-31.1","","-39.7","","-35.4","","53.4","","0.0","","","","","","0.0","","28","","","","",""
"-85.93","79.99","EUREKA CLIMATE","2401199","2021-12-20","2021","12","20","","","M","","M","","M","","M","","M","","","","","","M","28","","","M","","M"
"-85.93","79.99","EUREKA CLIMATE","2401199","2021-12-21","2021","12","21","","","M","","M","","M","","M","","M","","","","","","M","29","","","M","","M"
"-85.93","79.99","EUREKA CLIMATE","2401199","2021-12-22","2021","12","22","","-12.9","","-19.9","","-16.4","","34.4","","0.0","","","","","","0.7","","28","","28","","46",""
"-85.93","79.99","EUREKA CLIMATE","2401199","2021-12-23","2021","12","23","","-3.6","","-18.1","","-10.9","","28.9","","0.0","","","","","","1.2","","28","","","","",""
"-85.93","79.99","EUREKA CLIMATE","2401199","2021-12-24","2021","12","24","","-14.4","","-28.3","","-21.3","","39.3","","0.0","","","","","","0.0","","28","","11","","51",""
"-85.93","79.99","EUREKA CLIMATE","2401199","2021-12-25","2021","12","25","","-18.8","","-26.2","","-22.5","","40.5","","0.0","","","","","","0.4","","28","","28","","47",""
"-85.93","79.99","EUREKA CLIMATE","2401199","2021-12-26","2021","12","26","","-20.6","","-35.6","","-28.1","","46.1","","0.0","","","","","","0.8","","28","","28","","32",""
"-85.93","79.99","EUREKA CLIMATE","2401199","2021-12-27","2021","12","27","","-35.2","","-40.1","","-37.7","","55.7","","0.0","","","","","","0.2","","28","","","M","","M"
"-85.93","79.99","EUREKA CLIMATE","2401199","2021-12-28","2021","12","28","","-38.1","","-40.5","","-39.3","","57.3","","0.0","","","","","","0.2","","28","","","M","","M"
"-85.93","79.99","EUREKA CLIMATE","2401199","2021-12-29","2021","12","29","","-37.4","","-41.3","","-39.3","","57.3","","0.0","","","","","","0.0","","28","","","M","","M"
"-85.93","79.99","EUREKA CLIMATE","2401199","2021-12-30","2021","12","30","","-36.2","","-40.7","","-38.4","","56.4","","0.0","","","","","","0.0","","28","","","M","","M"
"-85.93","79.99","EUREKA CLIMATE","2401199","2021-12-31","2021","12","31","","-38.3","","-42.2","","-40.2","","58.2","","0.0","","","","","","0.2","","27","","","M","","M"
