"Longitude (x)","Latitude (y)","Station Name","Climate ID","Date/Time (LST)","Year","Month","Day","Time (LST)","Temp (°C)","Temp Flag","Dew Point Temp (°C)","Dew Point Temp Flag","Rel Hum (%)","Rel Hum Flag","Precip. Amount (mm)","Precip. Amount Flag","Wind Dir (10s deg)","Wind Dir Flag","Wind Spd (km/h)","Wind Spd Flag","Visibility (km)","Visibility Flag","Stn Press (kPa)","Stn Press Flag","Hmdx","Hmdx Flag","Wind Chill","Wind Chill Flag","Weather"
"-109.50","50.91","LEADER AIRPORT","402DAF0","2023-04-01 00:00","2023","04","01","00:00","-1.1","","-5.6","","71","","0.0","","21","","27","","","","92.52","","","","-8","","NA"
"-109.50","50.91","LEADER AIRPORT","402DAF0","2023-04-01 01:00","2023","04","01","01:00","-1.8","","-5.6","","75","","0.0","","21","","27","","","","92.47","","","","-8","","NA"
"-109.50","50.91","LEADER AIRPORT","402DAF0","2023-04-01 02:00","2023","04","01","02:00","-2.2","","-5.9","","76","","0.0","","19","","26","","","","92.43","","","","-9","","NA"
"-109.50","50.91","LEADER AIRPORT","402DAF0","2023-04-01 03:00","2023","04","01","03:00","-3.3","","-6.8","","77","","0.0","","20","","22","","","","92.35","","","","-10","","NA"
"-109.50","50.91","LEADER AIRPORT","402DAF0","2023-04-01 04:00","2023","04","01","04:00","-4.1","","-7.4","","78","","0.0","","21","","21","","","","92.31","","","","-11","","NA"
"-109.50","50.91","LEADER AIRPORT","402DAF0","2023-04-01 05:00","2023","04","01","05:00","-3.3","","-6.9","","76","","0.0","","21","","20","","","","92.26","","","","-9","","NA"
"-109.50","50.91","LEADER AIRPORT","402DAF0","2023-04-01 06:00","2023","04","01","06:00","-2.6","","-6.3","","76","","0.0","","22","","9","","","","92.25","","","","-6","","NA"
"-109.50","50.91","LEADER AIRPORT","402DAF0","2023-04-01 07:00","2023","04","01","07:00","-3.4","","-6.7","","77","","0.0","","22","","20","","","","92.24","","","","-10","","NA"
"-109.50","50.91","LEADER AIRPORT","402DAF0","2023-04-01 08:00","2023","04","01","08:00","-0.8","","-4.3","","77","","0.0","","23","","25","","","","92.23","","","","-7","","NA"
"-109.50","50.91","LEADER AIRPORT","402DAF0","2023-04-01 09:00","2023","04","01","09:00","0.4","","-3.5","","75","","0.0","","23","","26","","","","92.20","","","","","","NA"
"-109.50","50.91","LEADER AIRPORT","402DAF0","2023-04-01 10:00","2023","04","01","10:00","1.3","","-3.1","","73","","0.0","","23","","27","","","","92.20","","","","","","NA"
"-109.50","50.91","LEADER AIRPORT","402DAF0","2023-04-01 11:00","2023","04","01","11:00","2.0","","-2.9","","70","","0.0","","23","","29","","","","92.17","","","","","","NA"
"-109.50","50.91","LEADER AIRPORT","402DAF0","2023-04-01 12:00","2023","04","01","12:00","2.1","","-2.6","","71","","0.0","","24","","19","","","","92.15","","","","","","NA"
"-109.50","50.91","LEADER AIRPORT","402DAF0","2023-04-01 13:00","2023","04","01","13:00","2.4","","-2.8","","69","","0.0","","25","","18","","","","92.11","","","","","","NA"
"-109.50","50.91","LEADER AIRPORT","402DAF0","2023-04-01 14:00","2023","04","01","14:00","2.9","","-2.7","","66","","0.0","","25","","19","","","","92.12","","","","","","NA"
"-109.50","50.91","LEADER AIRPORT","402DAF0","2023-04-01 15:00","2023","04","01","15:00","2.5","","-2.5","","69","","0.0","","24","","23","","","","92.10","","","","","","NA"
"-109.50","50.91","LEADER AIRPORT","402DAF0","2023-04-01 16:00","2023","04","01","16:00","4.2","","-2.9","","60","","0.0","","27","","18","","","","92.04","","","","","","NA"
"-109.50","50.91","LEADER AIRPORT","402DAF0","2023-04-01 17:00","2023","04","01","17:00","3.2","","-2.5","","66","","0.0","","29","","9","","","","92.04","","","","","","NA"
"-109.50","50.91","LEADER AIRPORT","402DAF0","2023-04-01 18:00","2023","04","01","18:00","3.5","","-2.5","","65","","0.0","","29","","5","","","","92.04","","","","","","NA"
"-109.50","50.91","LEADER AIRPORT","402DAF0","2023-04-01 19:00","2023","04","01","19:00","0.4","","-3.2","","77","","0.0","","8","","11","","","","92.05","","","","","","NA"
"-109.50","50.91","LEADER AIRPORT","402DAF0","2023-04-01 20:00","2023","04","01","20:00","-1.0","","-3.1","","86","","0.0","","7","","11","","","","92.01","","","","-5","","NA"
"-109.50","50.91","LEADER AIRPORT","402DAF0","2023-04-01 21:00","2023","04","01","21:00","-0.9","","-2.9","","86","","0.0","","7","","17","","","","91.97","","","","-6","","NA"
"-109.50","50.91","LEADER AIRPORT","402DAF0","2023-04-01 22:00","2023","04","01","22:00","-0.9","","-2.9","","87","","0.0","","4","","6","","","","92.02","","","","-3","","NA"
"-109.50","50.91","LEADER AIRPORT","402DAF0","2023-04-01 23:00","2023","04","01","23:00","-0.8","","-2.4","","89","","0.2","","8","","10","","","","92.00","","","","-4","","NA"
"-109.50","50.91","LEADER AIRPORT","402DAF0","2023-04-02 00:00","2023","04","02","00:00","-0.8","","-2.1","","91","","1.2","","8","","12","","","","91.95","","","","-5","","NA"
"-109.50","50.91","LEADER AIRPORT","402DAF0","2023-04-02 01:00","2023","04","02","01:00","-1.5","","-2.7","","91","","0.0","","6","","15","","","","91.93","","","","-6","","NA"
"-109.50","50.91","LEADER AIRPORT","402DAF0","2023-04-02 02:00","2023","04","02","02:00","-2.5","","-3.7","","91","","0.7","","5","","17","","","","91.89","","","","-8","","NA"
"-109.50","50.91","LEADER AIRPORT","402DAF0","2023-04-02 03:00","2023","04","02","03:00","-3.8","","-5.1","","91","","0.8","","36","","24","","","","91.92","","","","-11","","NA"
"-109.50","50.91","LEADER AIRPORT","402DAF0","2023-04-02 04:00","2023","04","02","04:00","-4.0","","-5.3","","90","","0.3","","34","","13","","","","91.92","","","","-9","","NA"
"-109.50","50.91","LEADER AIRPORT","402DAF0","2023-04-02 05:00","2023","04","02","05:00","-4.5","","-5.9","","90","","0.3","","30","","23","","","","92.00","","","","-11","","NA"
"-109.50","50.91","LEADER AIRPORT","402DAF0","2023-04-02 06:00","2023","04","02","06:00","-5.0","","-6.4","","90","","0.0","","32","","20","","","","92.10","","","","-12","","NA"
"-109.50","50.91","LEADER AIRPORT","402DAF0","2023-04-02 07:00","2023","04","02","07:00","-5.5","","-7.0","","89","","0.3","","29","","27","","","","92.14","","","","-13","","NA"
"-109.50","50.91","LEADER AIRPORT","402DAF0","2023-04-02 08:00","2023","04","02","08:00","-5.5","","-7.0","","89","","0.0","","29","","20","","","","92.20","","","","-12","","NA"
"-109.50","50.91","LEADER AIRPORT","402DAF0","2023-04-02 09:00","2023","04","02","09:00","-5.4","","-6.9","","89","","0.0","","30","","21","","","","92.24","","","","-12","","NA"
"-109.50","50.91","LEADER AIRPORT","402DAF0","2023-04-02 10:00","2023","04","02","10:00","-5.1","","-6.5","","90","","0.2","","28","","24","","","","92.30","","","","-12","","NA"
"-109.50","50.91","LEADER AIRPORT","402DAF0","2023-04-02 11:00","2023","04","02","11:00","-4.2","","-5.6","","90","","0.0","","30","","23","","","","92.37","","","","-11","","NA"
"-109.50","50.91","LEADER AIRPORT","402DAF0","2023-04-02 12:00","2023","04","02","12:00","-3.8","","-5.2","","90","","0.0","","29","","24","","","","92.44","","","","-11","","NA"
"-109.50","50.91","LEADER AIRPORT","402DAF0","2023-04-02 13:00","2023","04","02","13:00","-3.8","","-5.5","","88","","0.2","","32","","23","","","","92.52","","","","-11","","NA"
"-109.50","50.91","LEADER AIRPORT","402DAF0","2023-04-02 14:00","2023","04","02","14:00","-3.9","","-6.0","","85","","0.0","","1","","16","","","","92.59","","","","-9","","NA"
"-109.50","50.91","LEADER AIRPORT","402DAF0","2023-04-02 15:00","2023","04","02","15:00","-3.7","","-6.0","","84","","0.0","","1","","10","","","","92.63","","","","-8","","NA"
"-109.50","50.91","LEADER AIRPORT","402DAF0","2023-04-02 16:00","2023","04","02","16:00","-3.5","","-6.1","","82","","0.2","","34","","20","","","","92.70","","","","-10","","NA"
"-109.50","50.91","LEADER AIRPORT","402DAF0","2023-04-02 17:00","2023","04","02","17:00","-3.5","","-6.3","","81","","0.0","","36","","15","","","","92.77","","","","-9","","NA"
"-109.50","50.91","LEADER AIRPORT","402DAF0","2023-04-02 18:00","2023","04","02","18:00","-3.5","","-5.6","","85","","0.2","","36","","11","","","","92.83","","","","-8","","NA"
"-109.50","50.91","LEADER AIRPORT","402DAF0","2023-04-02 19:00","2023","04","02","19:00","-3.8","","-5.4","","89","","0.3","","36","","12","","","","92.88","","","","-8","","NA"
"-109.50","50.91","LEADER AIRPORT","402DAF0","2023-04-02 20:00","2023","04","02","20:00","-4.5","","-6.0","","89","","0.2","","3","","12","","","","92.92","","","","-9","","NA"
"-109.50","50.91","LEADER AIRPORT","402DAF0","2023-04-02 21:00","2023","04","02","21:00","-4.9","","-6.4","","89","","0.0","","1","","8","","","","92.99","","","","-8","","NA"
"-109.50","50.91","LEADER AIRPORT","402DAF0","2023-04-02 22:00","2023","04","02","22:00","-5.9","","-7.4","","89","","0.2","","8","","5","","","","93.04","","","","-8","","NA"
"-109.50","50.91","LEADER AIRPORT","402DAF0","2023-04-02 23:00","2023","04","02","23:00","-6.3","","-8.0","","88","","0.3","","8","","13","","","","93.07","","","","-12","","NA"
"-109.50","50.91","LEADER AIRPORT","402DAF0","2023-04-03 00:00","2023","04","03","00:00","-6.9","","-8.6","","88","","0.0","","9","","13","","","","93.08","","","","-12","","NA"
"-109.50","50.91","LEADER AIRPORT","402DAF0","2023-04-03 01:00","2023","04","03","01:00","-7.2","","-8.9","","87","","0.2","","9","","13","","","","93.12","","","","-13","","NA"
"-109.50","50.91","LEADER AIRPORT","402DAF0","2023-04-03 02:00","2023","04","03","02:00","-8.1","","-9.9","","87","","0.0","","8","","15","","","","93.13","","","","-14","","NA"
"-109.50","50.91","LEADER AIRPORT","402DAF0","2023-04-03 03:00","2023","04","03","03:00","-8.7","","-10.5","","86","","0.2","","6","","15","","","","93.17","","","","-15","","NA"
"-109.50","50.91","LEADER AIRPORT","402DAF0","2023-04-03 04:00","2023","04","03","04:00","-9.8","","-11.9","","85","","0.0","","7","","9","","","","93.20","","","","-15","","NA"
"-109.50","50.91","LEADER AIRPORT","402DAF0","2023-04-03 05:00","2023","04","03","05:00","-11.2","","-13.2","","85","","0.0","","8","","9","","","","93.22","","","","-16","","NA"
"-109.50","50.91","LEADER AIRPORT","402DAF0","2023-04-03 06:00","2023","04","03","06:00","-11.4","","-13.5","","85","","0.2","","7","","12","","","","93.26","","","","-18","","NA"
"-109.50","50.91","LEADER AIRPORT","402DAF0","2023-04-03 07:00","2023","04","03","07:00","-11.5","","-13.5","","85","","0.0","","8","","7","","","","93.31","","","","-16","","NA"
"-109.50","50.91","LEADER AIRPORT","402DAF0","2023-04-03 08:00","2023","04","03","08:00","-10.7","","-12.7","","85","","0.0","","5","","6","","","","93.34","","","","-14","","NA"
"-109.50","50.91","LEADER AIRPORT","402DAF0","2023-04-03 09:00","2023","04","03","09:00","-10.0","","-12.2","","84","","0.0","","6","","8","","","","93.39","","","","-14","","NA"
"-109.50","50.91","LEADER AIRPORT","402DAF0","2023-04-03 10:00","2023","04","03","10:00","-9.8","","-12.2","","83","","0.0","","4","","12","","","","93.42","","","","-16","","NA"
"-109.50","50.91","LEADER AIRPORT","402DAF0","2023-04-03 11:00","2023","04","03","11:00","-9.3","","-12.1","","80","","0.2","","6","","12","","","","93.47","","","","-15","","NA"
"-109.50","50.91","LEADER AIRPORT","402DAF0","2023-04-03 12:00","2023","04","03","12:00","-9.0","","-12.0","","79","","0.0","","5","","11","","","","93.53","","","","-14","","NA"
"-109.50","50.91","LEADER AIRPORT","402DAF0","2023-04-03 13:00","2023","04","03","13:00","-8.3","","-11.5","","78","","0.0","","6","","10","","","","93.53","","","","-13","","NA"
"-109.50","50.91","LEADER AIRPORT","402DAF0","2023-04-03 14:00","2023","04","03","14:00","-8.1","","-11.4","","77","","0.0","","6","","12","","","","93.55","","","","-14","","NA"
"-109.50","50.91","LEADER AIRPORT","402DAF0","2023-04-03 15:00","2023","04","03","15:00","-8.2","","-11.7","","76","","0.0","","7","","12","","","","93.58","","","","-14","","NA"
"-109.50","50.91","LEADER AIRPORT","402DAF0","2023-04-03 16:00","2023","04","03","16:00","-8.0","","-11.7","","75","","0.0","","6","","14","","","","93.59","","","","-14","","NA"
"-109.50","50.91","LEADER AIRPORT","402DAF0","2023-04-03 17:00","2023","04","03","17:00","-8.2","","-12.0","","74","","0.0","","7","","15","","","","93.61","","","","-15","","NA"
"-109.50","50.91","LEADER AIRPORT","402DAF0","2023-04-03 18:00","2023","04","03","18:00","-8.8","","-12.1","","77","","0.0","","7","","12","","","","93.64","","","","-14","","NA"
"-109.50","50.91","LEADER AIRPORT","402DAF0","2023-04-03 19:00","2023","04","03","19:00","-9.8","","-12.9","","78","","0.0","","6","","11","","","","93.68","","","","-15","","NA"
"-109.50","50.91","LEADER AIRPORT","402DAF0","2023-04-03 20:00","2023","04","03","20:00","-12.7","","-15.5","","79","","0.0","","7","","13","","","","93.70","","","","-20","","NA"
"-109.50","50.91","LEADER AIRPORT","402DAF0","2023-04-03 21:00","2023","04","03","21:00","-13.9","","-16.5","","81","","0.2","","8","","13","","","","93.74","","","","-21","","NA"
"-109.50","50.91","LEADER AIRPORT","402DAF0","2023-04-03 22:00","2023","04","03","22:00","-15.4","","-18.1","","80","","0.0","","8","","10","","","","93.79","","","","-22","","NA"
"-109.50","50.91","LEADER AIRPORT","402DAF0","2023-04-03 23:00","2023","04","03","23:00","-15.0","","-17.7","","80","","0.0","","9","","9","","","","93.80","","","","-21","","NA"
"-109.50","50.91","LEADER AIRPORT","402DAF0","2023-04-04 00:00","2023","04","04","00:00","-14.0","","-16.5","","81","","0.0","","11","","9","","","","93.80","","","","-20","","NA"
"-109.50","50.91","LEADER AIRPORT","402DAF0","2023-04-04 01:00","2023","04","04","01:00","-13.7","","-16.3","","81","","0.0","","8","","4","","","","93.80","","","","-16","","NA"
"-109.50","50.91","LEADER AIRPORT","402DAF0","2023-04-04 02:00","2023","04","04","02:00","-13.7","","-16.2","","81","","0.0","","6","","4","","","","93.81","","","","-16","","NA"
"-109.50","50.91","LEADER AIRPORT","402DAF0","2023-04-04 03:00","2023","04","04","03:00","-15.5","","-18.4","","78","","0.0","","3","","5","","","","93.79","","","","-19","","NA"
"-109.50","50.91","LEADER AIRPORT","402DAF0","2023-04-04 04:00","2023","04","04","04:00","-15.7","","-18.6","","79","","0.0","","2","","2","","","","93.84","","","","-17","","NA"
"-109.50","50.91","LEADER AIRPORT","402DAF0","2023-04-04 05:00","2023","04","04","05:00","-16.5","","-19.5","","78","","0.0","","6","","2","","","","93.89","","","","-18","","NA"
"-109.50","50.91","LEADER AIRPORT","402DAF0","2023-04-04 06:00","2023","04","04","06:00","-17.4","","-20.4","","77","","0.0","","0","","1","","","","93.90","","","","-18","","NA"
"-109.50","50.91","LEADER AIRPORT","402DAF0","2023-04-04 07:00","2023","04","04","07:00","-17.3","","-20.2","","78","","0.0","","","","0","","","","93.96","","","","","","NA"
"-109.50","50.91","LEADER AIRPORT","402DAF0","2023-04-04 08:00","2023","04","04","08:00","-16.2","","-19.1","","78","","0.0","","","","0","","","","93.97","","","","","","NA"
"-109.50","50.91","LEADER AIRPORT","402DAF0","2023-04-04 09:00","2023","04","04","09:00","-16.2","","-18.9","","80","","0.0","","","","0","","","","94.00","","","","","","NA"
"-109.50","50.91","LEADER AIRPORT","402DAF0","2023-04-04 10:00","2023","04","04","10:00","-13.0","","-15.4","","82","","0.0","","9","","2","","","","94.02","","","","-14","","NA"
"-109.50","50.91","LEADER AIRPORT","402DAF0","2023-04-04 11:00","2023","04","04","11:00","-14.0","","-16.9","","78","","0.0","","36","","2","","","","94.09","","","","-15","","NA"
"-109.50","50.91","LEADER AIRPORT","402DAF0","2023-04-04 12:00","2023","04","04","12:00","-11.9","","-14.6","","81","","0.0","","1","","4","","","","94.11","","","","-14","","NA"
"-109.50","50.91","LEADER AIRPORT","402DAF0","2023-04-04 13:00","2023","04","04","13:00","-10.8","","-13.3","","82","","0.0","","1","","5","","","","94.13","","","","-14","","NA"
"-109.50","50.91","LEADER AIRPORT","402DAF0","2023-04-04 14:00","2023","04","04","14:00","-10.1","","-12.9","","80","","0.0","","2","","3","","","","94.15","","","","-12","","NA"
"-109.50","50.91","LEADER AIRPORT","402DAF0","2023-04-04 15:00","2023","04","04","15:00","-9.5","","-13.0","","76","","0.0","","2","","5","","","","94.14","","","","-12","","NA"
"-109.50","50.91","LEADER AIRPORT","402DAF0","2023-04-04 16:00","2023","04","04","16:00","-8.1","","-11.9","","74","","0.0","","8","","6","","","","94.15","","","","-11","","NA"
"-109.50","50.91","LEADER AIRPORT","402DAF0","2023-04-04 17:00","2023","04","04","17:00","-7.9","","-11.8","","74","","0.0","","8","","5","","","","94.17","","","","-11","","NA"
"-109.50","50.91","LEADER AIRPORT","402DAF0","2023-04-04 18:00","2023","04","04","18:00","-9.8","","-13.0","","77","","0.0","","11","","8","","","","94.18","","","","-14","","NA"
"-109.50","50.91","LEADER AIRPORT","402DAF0","2023-04-04 19:00","2023","04","04","19:00","-10.9","","-14.2","","77","","0.0","","11","","6","","","","94.19","","","","-15","","NA"
"-109.50","50.91","LEADER AIRPORT","402DAF0","2023-04-04 20:00","2023","04","04","20:00","-13.6","","-16.5","","79","","0.0","","12","","10","","","","94.18","","","","-20","","NA"
"-109.50","50.91","LEADER AIRPORT","402DAF0","2023-04-04 21:00","2023","04","04","21:00","-16.4","","-19.6","","76","","0.0","","13","","12","","","","94.21","","","","-24","","NA"
"-109.50","50.91","LEADER AIRPORT","402DAF0","2023-04-04 22:00","2023","04","04","22:00","-18.0","","-21.2","","76","","0.0","","11","","7","","","","94.21","","","","-23","","NA"
"-109.50","50.91","LEADER AIRPORT","402DAF0","2023-04-04 23:00","2023","04","04","23:00","-19.9","","-23.2","","75","","0.0","","16","","4","","","","94.17","","","","-23","","NA"
"-109.50","50.91","LEADER AIRPORT","402DAF0","2023-04-05 00:00","2023","04","05","00:00","-21.1","","-24.5","","74","","0.0","","19","","4","","","","94.14","","","","-25","","NA"
"-109.50","50.91","LEADER AIRPORT","402DAF0","2023-04-05 01:00","2023","04","05","01:00","-21.8","","-25.2","","74","","0.0","","0","","1","","","","94.13","","","","-23","","NA"
"-109.50","50.91","LEADER AIRPORT","402DAF0","2023-04-05 02:00","2023","04","05","02:00","-21.8","","-25.4","","72","","0.0","","20","","3","","","","94.09","","","","-25","","NA"
"-109.50","50.91","LEADER AIRPORT","402DAF0","2023-04-05 03:00","2023","04","05","03:00","-24.5","","-28.3","","71","","0.0","","10","","4","","","","94.06","","","","-28","","NA"
"-109.50","50.91","LEADER AIRPORT","402DAF0","2023-04-05 04:00","2023","04","05","04:00","-23.8","","-27.5","","72","","0.0","","11","","1","","","","94.03","","","","-25","","NA"
"-109.50","50.91","LEADER AIRPORT","402DAF0","2023-04-05 05:00","2023","04","05","05:00","-23.9","","-27.5","","72","","0.0","","10","","5","","","","94.02","","","","-29","","NA"
"-109.50","50.91","LEADER AIRPORT","402DAF0","2023-04-05 06:00","2023","04","05","06:00","-23.9","","-27.6","","71","","0.0","","13","","3","","","","94.02","","","","-27","","NA"
"-109.50","50.91","LEADER AIRPORT","402DAF0","2023-04-05 07:00","2023","04","05","07:00","-24.7","","-28.4","","71","","0.0","","10","","3","","","","94.00","","","","-28","","NA"
"-109.50","50.91","LEADER AIRPORT","402DAF0","2023-04-05 08:00","2023","04","05","08:00","-23.1","","-26.7","","73","","0.0","","0","","1","","","","93.98","","","","-24","","NA"
"-109.50","50.91","LEADER AIRPORT","402DAF0","2023-04-05 09:00","2023","04","05","09:00","-21.0","","-24.4","","74","","0.0","","7","","2","","","","93.98","","","","-23","","NA"
"-109.50","50.91","LEADER AIRPORT","402DAF0","2023-04-05 10:00","2023","04","05","10:00","-17.7","","-20.7","","77","","0.0","","8","","4","","","","93.95","","","","-21","","NA"
"-109.50","50.91","LEADER AIRPORT","402DAF0","2023-04-05 11:00","2023","04","05","11:00","-15.0","","-17.9","","79","","0.0","","7","","5","","","","93.94","","","","-19","","NA"
"-109.50","50.91","LEADER AIRPORT","402DAF0","2023-04-05 12:00","2023","04","05","12:00","-11.1","","-13.4","","83","","0.0","","10","","6","","","","93.91","","","","-15","","NA"
"-109.50","50.91","LEADER AIRPORT","402DAF0","2023-04-05 13:00","2023","04","05","13:00","-8.3","","-10.3","","86","","0.0","","12","","6","","","","93.86","","","","-12","","NA"
"-109.50","50.91","LEADER AIRPORT","402DAF0","2023-04-05 14:00","2023","04","05","14:00","-7.3","","-9.1","","87","","0.0","","8","","8","","","","93.83","","","","-11","","NA"
"-109.50","50.91","LEADER AIRPORT","402DAF0","2023-04-05 15:00","2023","04","05","15:00","-6.5","","-8.2","","87","","0.0","","10","","9","","","","93.81","","","","-11","","NA"
"-109.50","50.91","LEADER AIRPORT","402DAF0","2023-04-05 16:00","2023","04","05","16:00","-7.2","","-9.1","","86","","0.0","","7","","14","","","","93.78","","","","-13","","NA"
"-109.50","50.91","LEADER AIRPORT","402DAF0","2023-04-05 17:00","2023","04","05","17:00","-7.9","","-10.0","","85","","0.0","","9","","13","","","","93.75","","","","-14","","NA"
"-109.50","50.91","LEADER AIRPORT","402DAF0","2023-04-05 18:00","2023","04","05","18:00","-9.7","","-12.0","","83","","0.0","","8","","17","","","","93.74","","","","-17","","NA"
"-109.50","50.91","LEADER AIRPORT","402DAF0","2023-04-05 19:00","2023","04","05","19:00","-11.9","","-14.3","","82","","0.0","","8","","18","","","","93.72","","","","-20","","NA"
"-109.50","50.91","LEADER AIRPORT","402DAF0","2023-04-05 20:00","2023","04","05","20:00","-13.9","","-16.4","","82","","0.0","","9","","17","","","","93.67","","","","-22","","NA"
"-109.50","50.91","LEADER AIRPORT","402DAF0","2023-04-05 21:00","2023","04","05","21:00","-14.6","","-17.1","","81","","0.0","","8","","16","","","","93.70","","","","-23","","NA"
"-109.50","50.91","LEADER AIRPORT","402DAF0","2023-04-05 22:00","2023","04","05","22:00","-15.9","","-18.5","","80","","0.0","","6","","10","","","","93.71","","","","-22","","NA"
"-109.50","50.91","LEADER AIRPORT","402DAF0","2023-04-05 23:00","2023","04","05","23:00","-16.1","","-18.7","","80","","0.0","","7","","10","","","","93.71","","","","-23","","NA"
"-109.50","50.91","LEADER AIRPORT","402DAF0","2023-04-06 00:00","2023","04","06","00:00","-16.0","","-18.6","","80","","0.0","","10","","11","","","","93.71","","","","-23","","NA"
"-109.50","50.91","LEADER AIRPORT","402DAF0","2023-04-06 01:00","2023","04","06","01:00","-17.4","","-20.1","","79","","0.0","","9","","10","","","","93.69","","","","-24","","NA"
"-109.50","50.91","LEADER AIRPORT","402DAF0","2023-04-06 02:00","2023","04","06","02:00","-18.5","","-21.4","","78","","0.0","","9","","10","","","","93.68","","","","-25","","NA"
"-109.50","50.91","LEADER AIRPORT","402DAF0","2023-04-06 03:00","2023","04","06","03:00","-17.6","","-20.4","","79","","0.0","","9","","4","","","","93.70","","","","-21","","NA"
"-109.50","50.91","LEADER AIRPORT","402DAF0","2023-04-06 04:00","2023","04","06","04:00","-19.6","","-22.6","","77","","0.0","","8","","9","","","","93.71","","","","-26","","NA"
"-109.50","50.91","LEADER AIRPORT","402DAF0","2023-04-06 05:00","2023","04","06","05:00","-20.3","","-23.5","","76","","0.0","","7","","9","","","","93.73","","","","-27","","NA"
"-109.50","50.91","LEADER AIRPORT","402DAF0","2023-04-06 06:00","2023","04","06","06:00","-17.9","","-20.9","","78","","0.0","","8","","7","","","","93.73","","","","-23","","NA"
"-109.50","50.91","LEADER AIRPORT","402DAF0","2023-04-06 07:00","2023","04","06","07:00","-17.5","","-20.5","","77","","0.0","","9","","5","","","","93.78","","","","-21","","NA"
"-109.50","50.91","LEADER AIRPORT","402DAF0","2023-04-06 08:00","2023","04","06","08:00","-17.3","","-20.3","","77","","0.0","","9","","3","","","","93.83","","","","-20","","NA"
"-109.50","50.91","LEADER AIRPORT","402DAF0","2023-04-06 09:00","2023","04","06","09:00","-15.8","","-18.6","","79","","0.0","","10","","3","","","","93.88","","","","-18","","NA"
"-109.50","50.91","LEADER AIRPORT","402DAF0","2023-04-06 10:00","2023","04","06","10:00","-14.2","","-16.8","","80","","0.0","","8","","7","","","","93.90","","","","-19","","NA"
"-109.50","50.91","LEADER AIRPORT","402DAF0","2023-04-06 11:00","2023","04","06","11:00","-13.0","","-15.4","","82","","0.0","","7","","16","","","","93.94","","","","-21","","NA"
"-109.50","50.91","LEADER AIRPORT","402DAF0","2023-04-06 12:00","2023","04","06","12:00","-10.7","","-12.9","","84","","0.0","","8","","17","","","","93.94","","","","-18","","NA"
"-109.50","50.91","LEADER AIRPORT","402DAF0","2023-04-06 13:00","2023","04","06","13:00","-9.0","","-11.0","","85","","0.0","","9","","17","","","","93.93","","","","-16","","NA"
"-109.50","50.91","LEADER AIRPORT","402DAF0","2023-04-06 14:00","2023","04","06","14:00","-6.9","","-8.7","","87","","0.0","","9","","19","","","","93.91","","","","-14","","NA"
"-109.50","50.91","LEADER AIRPORT","402DAF0","2023-04-06 15:00","2023","04","06","15:00","-4.8","","-6.4","","88","","0.0","","9","","20","","","","93.92","","","","-11","","NA"
"-109.50","50.91","LEADER AIRPORT","402DAF0","2023-04-06 16:00","2023","04","06","16:00","-5.1","","-6.8","","88","","0.0","","8","","23","","","","93.91","","","","-12","","NA"
"-109.50","50.91","LEADER AIRPORT","402DAF0","2023-04-06 17:00","2023","04","06","17:00","-4.7","","-6.7","","86","","0.0","","8","","23","","","","93.89","","","","-12","","NA"
"-109.50","50.91","LEADER AIRPORT","402DAF0","2023-04-06 18:00","2023","04","06","18:00","-5.0","","-7.7","","82","","0.0","","8","","27","","","","93.88","","","","-13","","NA"
"-109.50","50.91","LEADER AIRPORT","402DAF0","2023-04-06 19:00","2023","04","06","19:00","-6.7","","-9.2","","82","","0.0","","8","","28","","","","93.84","","","","-15","","NA"
"-109.50","50.91","LEADER AIRPORT","402DAF0","2023-04-06 20:00","2023","04","06","20:00","-8.3","","-10.5","","84","","0.0","","8","","24","","","","93.82","","","","-16","","NA"
"-109.50","50.91","LEADER AIRPORT","402DAF0","2023-04-06 21:00","2023","04","06","21:00","-8.9","","-10.9","","85","","0.0","","8","","25","","","","93.80","","","","-17","","NA"
"-109.50","50.91","LEADER AIRPORT","402DAF0","2023-04-06 22:00","2023","04","06","22:00","-10.2","","-12.2","","85","","0.0","","8","","26","","","","93.80","","","","-19","","NA"
"-109.50","50.91","LEADER AIRPORT","402DAF0","2023-04-06 23:00","2023","04","06","23:00","-10.6","","-12.5","","86","","0.0","","9","","21","","","","93.80","","","","-19","","NA"
"-109.50","50.91","LEADER AIRPORT","402DAF0","2023-04-07 00:00","2023","04","07","00:00","-10.6","","-12.5","","86","","0.0","","9","","21","","","","93.75","","","","-19","","NA"
"-109.50","50.91","LEADER AIRPORT","402DAF0","2023-04-07 01:00","2023","04","07","01:00","-8.7","","-10.4","","87","","0.0","","11","","21","","","","93.69","","","","-16","","NA"
"-109.50","50.91","LEADER AIRPORT","402DAF0","2023-04-07 02:00","2023","04","07","02:00","-7.7","","-9.4","","88","","0.0","","10","","17","","","","93.69","","","","-14","","NA"
"-109.50","50.91","LEADER AIRPORT","402DAF0","2023-04-07 03:00","2023","04","07","03:00","-7.0","","-8.6","","88","","0.0","","11","","24","","","","93.57","","","","-15","","NA"
"-109.50","50.91","LEADER AIRPORT","402DAF0","2023-04-07 04:00","2023","04","07","04:00","-6.0","","-7.8","","87","","0.0","","11","","27","","","","93.50","","","","-14","","NA"
"-109.50","50.91","LEADER AIRPORT","402DAF0","2023-04-07 05:00","2023","04","07","05:00","-5.0","","-7.3","","84","","0.0","","12","","28","","","","93.47","","","","-13","","NA"
"-109.50","50.91","LEADER AIRPORT","402DAF0","2023-04-07 06:00","2023","04","07","06:00","-6.6","","-8.7","","85","","0.0","","11","","22","","","","93.45","","","","-14","","NA"
"-109.50","50.91","LEADER AIRPORT","402DAF0","2023-04-07 07:00","2023","04","07","07:00","-5.6","","-7.4","","87","","0.0","","12","","21","","","","93.41","","","","-12","","NA"
"-109.50","50.91","LEADER AIRPORT","402DAF0","2023-04-07 08:00","2023","04","07","08:00","-4.2","","-6.4","","85","","0.0","","13","","27","","","","93.40","","","","-12","","NA"
"-109.50","50.91","LEADER AIRPORT","402DAF0","2023-04-07 09:00","2023","04","07","09:00","-2.3","","-5.1","","81","","0.0","","13","","29","","","","93.37","","","","-9","","NA"
"-109.50","50.91","LEADER AIRPORT","402DAF0","2023-04-07 10:00","2023","04","07","10:00","-0.4","","-3.7","","78","","0.0","","13","","26","","","","93.33","","","","-7","","NA"
"-109.50","50.91","LEADER AIRPORT","402DAF0","2023-04-07 11:00","2023","04","07","11:00","1.3","","-2.3","","77","","0.0","","12","","22","","","","93.32","","","","","","NA"
"-109.50","50.91","LEADER AIRPORT","402DAF0","2023-04-07 12:00","2023","04","07","12:00","1.9","","-2.3","","73","","0.0","","13","","21","","","","93.28","","","","","","NA"
"-109.50","50.91","LEADER AIRPORT","402DAF0","2023-04-07 13:00","2023","04","07","13:00","2.5","","-2.2","","71","","0.0","","13","","26","","","","93.21","","","","","","NA"
"-109.50","50.91","LEADER AIRPORT","402DAF0","2023-04-07 14:00","2023","04","07","14:00","2.9","","-2.0","","70","","0.0","","13","","23","","","","93.18","","","","","","NA"
"-109.50","50.91","LEADER AIRPORT","402DAF0","2023-04-07 15:00","2023","04","07","15:00","3.4","","-2.0","","68","","0.0","","14","","32","","","","93.10","","","","","","NA"
"-109.50","50.91","LEADER AIRPORT","402DAF0","2023-04-07 16:00","2023","04","07","16:00","3.7","","-1.9","","67","","0.0","","13","","28","","","","93.04","","","","","","NA"
"-109.50","50.91","LEADER AIRPORT","402DAF0","2023-04-07 17:00","2023","04","07","17:00","3.6","","-1.8","","68","","0.0","","14","","32","","","","92.99","","","","","","NA"
"-109.50","50.91","LEADER AIRPORT","402DAF0","2023-04-07 18:00","2023","04","07","18:00","2.7","","-1.8","","72","","0.0","","14","","28","","","","92.97","","","","","","NA"
"-109.50","50.91","LEADER AIRPORT","402DAF0","2023-04-07 19:00","2023","04","07","19:00","3.0","","-2.3","","68","","0.0","","14","","33","","","","92.92","","","","","","NA"
"-109.50","50.91","LEADER AIRPORT","402DAF0","2023-04-07 20:00","2023","04","07","20:00","2.3","","-2.4","","71","","0.0","","14","","28","","","","92.87","","","","","","NA"
"-109.50","50.91","LEADER AIRPORT","402DAF0","2023-04-07 21:00","2023","04","07","21:00","2.1","","-2.2","","73","","0.0","","13","","30","","","","92.89","","","","","","NA"
"-109.50","50.91","LEADER AIRPORT","402DAF0","2023-04-07 22:00","2023","04","07","22:00","2.0","","-2.0","","75","","0.0","","14","","34","","","","92.86","","","","","","NA"
"-109.50","50.91","LEADER AIRPORT","402DAF0","2023-04-07 23:00","2023","04","07","23:00","1.9","","-1.9","","76","","0.0","","14","","33","","","","92.81","","","","","","NA"
"-109.50","50.91","LEADER AIRPORT","402DAF0","2023-04-08 00:00","2023","04","08","00:00","1.9","","-1.9","","76","","0.0","","14","","33","","","","92.76","","","","","","NA"
"-109.50","50.91","LEADER AIRPORT","402DAF0","2023-04-08 01:00","2023","04","08","01:00","2.1","","-1.7","","76","","0.0","","15","","31","","","","92.68","","","","","","NA"
"-109.50","50.91","LEADER AIRPORT","402DAF0","2023-04-08 02:00","2023","04","08","02:00","1.5","","-1.8","","78","","0.0","","16","","27","","","","92.66","","","","","","NA"
"-109.50","50.91","LEADER AIRPORT","402DAF0","2023-04-08 03:00","2023","04","08","03:00","0.7","","-2.4","","80","","0.0","","19","","8","","","","92.66","","","","","","NA"
"-109.50","50.91","LEADER AIRPORT","402DAF0","2023-04-08 04:00","2023","04","08","04:00","0.6","","-2.1","","83","","0.0","","13","","13","","","","92.65","","","","","","NA"
"-109.50","50.91","LEADER AIRPORT","402DAF0","2023-04-08 05:00","2023","04","08","05:00","1.6","","-1.6","","79","","0.0","","15","","18","","","","92.68","","","","","","NA"
"-109.50","50.91","LEADER AIRPORT","402DAF0","2023-04-08 06:00","2023","04","08","06:00","1.9","","-1.3","","80","","0.0","","16","","23","","","","92.71","","","","","","NA"
"-109.50","50.91","LEADER AIRPORT","402DAF0","2023-04-08 07:00","2023","04","08","07:00","2.0","","-1.4","","78","","0.0","","16","","24","","","","92.70","","","","","","NA"
"-109.50","50.91","LEADER AIRPORT","402DAF0","2023-04-08 08:00","2023","04","08","08:00","2.0","","-1.4","","78","","0.0","","16","","25","","","","92.69","","","","","","NA"
"-109.50","50.91","LEADER AIRPORT","402DAF0","2023-04-08 09:00","2023","04","08","09:00","2.6","","-1.2","","76","","0.0","","16","","25","","","","92.70","","","","","","NA"
"-109.50","50.91","LEADER AIRPORT","402DAF0","2023-04-08 10:00","2023","04","08","10:00","2.9","","-1.2","","74","","0.0","","18","","23","","","","92.72","","","","","","NA"
"-109.50","50.91","LEADER AIRPORT","402DAF0","2023-04-08 11:00","2023","04","08","11:00","2.8","","-1.0","","76","","0.0","","18","","20","","","","92.71","","","","","","NA"
"-109.50","50.91","LEADER AIRPORT","402DAF0","2023-04-08 12:00","2023","04","08","12:00","3.3","","-1.1","","73","","0.0","","22","","14","","","","92.76","","","","","","NA"
"-109.50","50.91","LEADER AIRPORT","402DAF0","2023-04-08 13:00","2023","04","08","13:00","4.6","","-1.0","","67","","0.0","","22","","17","","","","92.76","","","","","","NA"
"-109.50","50.91","LEADER AIRPORT","402DAF0","2023-04-08 14:00","2023","04","08","14:00","4.4","","-0.9","","69","","0.0","","22","","19","","","","92.76","","","","","","NA"
"-109.50","50.91","LEADER AIRPORT","402DAF0","2023-04-08 15:00","2023","04","08","15:00","5.8","","-0.4","","64","","0.0","","22","","15","","","","92.77","","","","","","NA"
"-109.50","50.91","LEADER AIRPORT","402DAF0","2023-04-08 16:00","2023","04","08","16:00","5.3","","-0.8","","65","","0.0","","22","","14","","","","92.78","","","","","","NA"
"-109.50","50.91","LEADER AIRPORT","402DAF0","2023-04-08 17:00","2023","04","08","17:00","8.5","","-0.1","","55","","0.0","","27","","8","","","","92.78","","","","","","NA"
"-109.50","50.91","LEADER AIRPORT","402DAF0","2023-04-08 18:00","2023","04","08","18:00","4.6","","-0.9","","68","","0.0","","19","","10","","","","92.81","","","","","","NA"
"-109.50","50.91","LEADER AIRPORT","402DAF0","2023-04-08 19:00","2023","04","08","19:00","3.9","","-1.1","","70","","0.0","","19","","14","","","","92.83","","","","","","NA"
"-109.50","50.91","LEADER AIRPORT","402DAF0","2023-04-08 20:00","2023","04","08","20:00","3.3","","-1.1","","73","","0.0","","20","","15","","","","92.82","","","","","","NA"
"-109.50","50.91","LEADER AIRPORT","402DAF0","2023-04-08 21:00","2023","04","08","21:00","4.1","","-0.7","","71","","0.0","","18","","22","","","","92.86","","","","","","NA"
"-109.50","50.91","LEADER AIRPORT","402DAF0","2023-04-08 22:00","2023","04","08","22:00","2.8","","-1.5","","74","","0.0","","22","","25","","","","92.95","","","","","","NA"
"-109.50","50.91","LEADER AIRPORT","402DAF0","2023-04-08 23:00","2023","04","08","23:00","2.3","","-1.7","","75","","0.0","","22","","24","","","","93.00","","","","","","NA"
"-109.50","50.91","LEADER AIRPORT","402DAF0","2023-04-09 00:00","2023","04","09","00:00","1.5","","-2.1","","77","","0.0","","22","","21","","","","93.04","","","","","","NA"
"-109.50","50.91","LEADER AIRPORT","402DAF0","2023-04-09 01:00","2023","04","09","01:00","1.4","","-2.6","","75","","0.0","","22","","15","","","","93.10","","","","","","NA"
"-109.50","50.91","LEADER AIRPORT","402DAF0","2023-04-09 02:00","2023","04","09","02:00","1.2","","-2.9","","74","","0.0","","22","","19","","","","93.12","","","","","","NA"
"-109.50","50.91","LEADER AIRPORT","402DAF0","2023-04-09 03:00","2023","04","09","03:00","1.3","","-2.8","","74","","0.0","","21","","22","","","","93.14","","","","","","NA"
"-109.50","50.91","LEADER AIRPORT","402DAF0","2023-04-09 04:00","2023","04","09","04:00","1.5","","-2.7","","73","","0.0","","23","","23","","","","93.18","","","","","","NA"
"-109.50","50.91","LEADER AIRPORT","402DAF0","2023-04-09 05:00","2023","04","09","05:00","1.2","","-2.9","","74","","0.0","","23","","26","","","","93.25","","","","","","NA"
"-109.50","50.91","LEADER AIRPORT","402DAF0","2023-04-09 06:00","2023","04","09","06:00","0.8","","-3.2","","75","","0.0","","23","","21","","","","93.34","","","","","","NA"
"-109.50","50.91","LEADER AIRPORT","402DAF0","2023-04-09 07:00","2023","04","09","07:00","0.5","","-3.4","","75","","0.0","","23","","16","","","","93.41","","","","","","NA"
"-109.50","50.91","LEADER AIRPORT","402DAF0","2023-04-09 08:00","2023","04","09","08:00","-0.2","","-3.7","","78","","0.0","","23","","21","","","","93.46","","","","-6","","NA"
"-109.50","50.91","LEADER AIRPORT","402DAF0","2023-04-09 09:00","2023","04","09","09:00","1.8","","-2.2","","75","","0.0","","23","","18","","","","93.52","","","","","","NA"
"-109.50","50.91","LEADER AIRPORT","402DAF0","2023-04-09 10:00","2023","04","09","10:00","2.8","","-1.8","","72","","0.0","","24","","19","","","","93.59","","","","","","NA"
"-109.50","50.91","LEADER AIRPORT","402DAF0","2023-04-09 11:00","2023","04","09","11:00","4.6","","-1.8","","64","","0.0","","23","","8","","","","93.65","","","","","","NA"
"-109.50","50.91","LEADER AIRPORT","402DAF0","2023-04-09 12:00","2023","04","09","12:00","4.9","","-1.0","","65","","0.0","","23","","10","","","","93.66","","","","","","NA"
"-109.50","50.91","LEADER AIRPORT","402DAF0","2023-04-09 13:00","2023","04","09","13:00","4.6","","-0.9","","68","","0.0","","14","","13","","","","93.59","","","","","","NA"
"-109.50","50.91","LEADER AIRPORT","402DAF0","2023-04-09 14:00","2023","04","09","14:00","5.5","","-0.7","","64","","0.0","","14","","17","","","","93.57","","","","","","NA"
"-109.50","50.91","LEADER AIRPORT","402DAF0","2023-04-09 15:00","2023","04","09","15:00","6.7","","0.1","","63","","0.0","","14","","18","","","","93.46","","","","","","NA"
"-109.50","50.91","LEADER AIRPORT","402DAF0","2023-04-09 16:00","2023","04","09","16:00","6.3","","-0.4","","62","","0.0","","14","","23","","","","93.35","","","","","","NA"
"-109.50","50.91","LEADER AIRPORT","402DAF0","2023-04-09 17:00","2023","04","09","17:00","7.6","","0.4","","60","","0.0","","22","","6","","","","93.28","","","","","","NA"
"-109.50","50.91","LEADER AIRPORT","402DAF0","2023-04-09 18:00","2023","04","09","18:00","6.9","","0.1","","62","","0.0","","20","","22","","","","93.24","","","","","","NA"
"-109.50","50.91","LEADER AIRPORT","402DAF0","2023-04-09 19:00","2023","04","09","19:00","6.1","","-0.2","","64","","0.0","","19","","21","","","","93.21","","","","","","NA"
"-109.50","50.91","LEADER AIRPORT","402DAF0","2023-04-09 20:00","2023","04","09","20:00","6.0","","-0.1","","65","","0.0","","20","","21","","","","93.16","","","","","","NA"
"-109.50","50.91","LEADER AIRPORT","402DAF0","2023-04-09 21:00","2023","04","09","21:00","6.1","","-0.3","","64","","0.0","","18","","20","","","","93.11","","","","","","NA"
"-109.50","50.91","LEADER AIRPORT","402DAF0","2023-04-09 22:00","2023","04","09","22:00","5.0","","-0.7","","67","","0.0","","18","","26","","","","93.10","","","","","","NA"
"-109.50","50.91","LEADER AIRPORT","402DAF0","2023-04-09 23:00","2023","04","09","23:00","4.5","","-0.4","","70","","0.0","","16","","27","","","","93.02","","","","","","NA"
"-109.50","50.91","LEADER AIRPORT","402DAF0","2023-04-10 00:00","2023","04","10","00:00","3.2","","-1.0","","74","","0.0","","17","","18","","","","92.99","","","","","","NA"
"-109.50","50.91","LEADER AIRPORT","402DAF0","2023-04-10 01:00","2023","04","10","01:00","3.7","","-0.7","","72","","0.0","","18","","22","","","","92.90","","","","","","NA"
"-109.50","50.91","LEADER AIRPORT","402DAF0","2023-04-10 02:00","2023","04","10","02:00","5.2","","-0.5","","67","","0.0","","21","","23","","","","92.93","","","","","","NA"
"-109.50","50.91","LEADER AIRPORT","402DAF0","2023-04-10 03:00","2023","04","10","03:00","5.2","","-0.7","","66","","0.0","","21","","24","","","","93.03","","","","","","NA"
"-109.50","50.91","LEADER AIRPORT","402DAF0","2023-04-10 04:00","2023","04","10","04:00","4.7","","-0.5","","69","","0.0","","18","","20","","","","93.08","","","","","","NA"
"-109.50","50.91","LEADER AIRPORT","402DAF0","2023-04-10 05:00","2023","04","10","05:00","5.7","","-0.1","","66","","0.0","","19","","18","","","","93.12","","","","","","NA"
"-109.50","50.91","LEADER AIRPORT","402DAF0","2023-04-10 06:00","2023","04","10","06:00","5.0","","-0.1","","70","","0.0","","20","","16","","","","93.17","","","","","","NA"
"-109.50","50.91","LEADER AIRPORT","402DAF0","2023-04-10 07:00","2023","04","10","07:00","4.2","","-0.3","","72","","0.0","","22","","22","","","","93.13","","","","","","NA"
"-109.50","50.91","LEADER AIRPORT","402DAF0","2023-04-10 08:00","2023","04","10","08:00","4.4","","0.0","","73","","0.0","","22","","20","","","","93.22","","","","","","NA"
"-109.50","50.91","LEADER AIRPORT","402DAF0","2023-04-10 09:00","2023","04","10","09:00","5.9","","-0.1","","65","","0.0","","32","","24","","","","93.52","","","","","","NA"
"-109.50","50.91","LEADER AIRPORT","402DAF0","2023-04-10 10:00","2023","04","10","10:00","6.7","","-4.0","","46","","0.0","","33","","15","","","","93.55","","","","","","NA"
"-109.50","50.91","LEADER AIRPORT","402DAF0","2023-04-10 11:00","2023","04","10","11:00","6.3","","-4.0","","47","","0.0","","1","","18","","","","93.63","","","","","","NA"
"-109.50","50.91","LEADER AIRPORT","402DAF0","2023-04-10 12:00","2023","04","10","12:00","6.6","","-3.0","","50","","0.0","","3","","15","","","","93.69","","","","","","NA"
"-109.50","50.91","LEADER AIRPORT","402DAF0","2023-04-10 13:00","2023","04","10","13:00","6.8","","-3.8","","46","","0.0","","7","","12","","","","93.64","","","","","","NA"
"-109.50","50.91","LEADER AIRPORT","402DAF0","2023-04-10 14:00","2023","04","10","14:00","7.5","","-2.5","","49","","0.0","","7","","11","","","","93.60","","","","","","NA"
"-109.50","50.91","LEADER AIRPORT","402DAF0","2023-04-10 15:00","2023","04","10","15:00","7.3","","-2.8","","48","","0.0","","8","","13","","","","93.55","","","","","","NA"
"-109.50","50.91","LEADER AIRPORT","402DAF0","2023-04-10 16:00","2023","04","10","16:00","6.9","","-3.4","","48","","0.0","","11","","15","","","","93.49","","","","","","NA"
"-109.50","50.91","LEADER AIRPORT","402DAF0","2023-04-10 17:00","2023","04","10","17:00","5.2","","-2.2","","59","","0.0","","9","","15","","","","93.42","","","","","","NA"
"-109.50","50.91","LEADER AIRPORT","402DAF0","2023-04-10 18:00","2023","04","10","18:00","3.6","","-2.7","","63","","0.0","","7","","18","","","","93.29","","","","","","NA"
"-109.50","50.91","LEADER AIRPORT","402DAF0","2023-04-10 19:00","2023","04","10","19:00","3.5","","-2.7","","64","","0.0","","8","","18","","","","93.14","","","","","","NA"
"-109.50","50.91","LEADER AIRPORT","402DAF0","2023-04-10 20:00","2023","04","10","20:00","2.5","","-2.4","","70","","0.0","","6","","14","","","","93.07","","","","","","NA"
"-109.50","50.91","LEADER AIRPORT","402DAF0","2023-04-10 21:00","2023","04","10","21:00","2.9","","-2.6","","67","","0.0","","6","","21","","","","93.02","","","","","","NA"
"-109.50","50.91","LEADER AIRPORT","402DAF0","2023-04-10 22:00","2023","04","10","22:00","2.8","","-2.0","","70","","0.0","","6","","24","","","","93.00","","","","","","NA"
"-109.50","50.91","LEADER AIRPORT","402DAF0","2023-04-10 23:00","2023","04","10","23:00","2.4","","-2.0","","73","","0.0","","8","","27","","","","92.88","","","","","","NA"
"-109.50","50.91","LEADER AIRPORT","402DAF0","2023-04-11 00:00","2023","04","11","00:00","2.3","","-1.7","","75","","0.0","","8","","23","","","","92.77","","","","","","NA"
"-109.50","50.91","LEADER AIRPORT","402DAF0","2023-04-11 01:00","2023","04","11","01:00","2.2","","-1.3","","77","","0.0","","8","","22","","","","92.70","","","","","","NA"
"-109.50","50.91","LEADER AIRPORT","402DAF0","2023-04-11 02:00","2023","04","11","02:00","2.0","","-1.2","","79","","0.0","","7","","20","","","","92.63","","","","","","NA"
"-109.50","50.91","LEADER AIRPORT","402DAF0","2023-04-11 03:00","2023","04","11","03:00","1.6","","-1.5","","80","","0.0","","6","","15","","","","92.55","","","","","","NA"
"-109.50","50.91","LEADER AIRPORT","402DAF0","2023-04-11 04:00","2023","04","11","04:00","1.3","","-1.7","","80","","0.0","","7","","20","","","","92.42","","","","","","NA"
"-109.50","50.91","LEADER AIRPORT","402DAF0","2023-04-11 05:00","2023","04","11","05:00","1.3","","-1.8","","80","","0.0","","7","","18","","","","92.32","","","","","","NA"
"-109.50","50.91","LEADER AIRPORT","402DAF0","2023-04-11 06:00","2023","04","11","06:00","1.1","","-1.8","","81","","0.0","","5","","15","","","","92.32","","","","","","NA"
"-109.50","50.91","LEADER AIRPORT","402DAF0","2023-04-11 07:00","2023","04","11","07:00","1.3","","-1.2","","83","","0.0","","6","","14","","","","92.28","","","","","","NA"
"-109.50","50.91","LEADER AIRPORT","402DAF0","2023-04-11 08:00","2023","04","11","08:00","1.0","","-1.2","","85","","0.0","","6","","13","","","","92.20","","","","","","NA"
"-109.50","50.91","LEADER AIRPORT","402DAF0","2023-04-11 09:00","2023","04","11","09:00","1.5","","-1.0","","83","","0.0","","9","","14","","","","92.19","","","","","","NA"
"-109.50","50.91","LEADER AIRPORT","402DAF0","2023-04-11 10:00","2023","04","11","10:00","2.3","","-0.8","","80","","0.0","","13","","13","","","","92.19","","","","","","NA"
"-109.50","50.91","LEADER AIRPORT","402DAF0","2023-04-11 11:00","2023","04","11","11:00","3.0","","0.3","","82","","0.0","","23","","11","","","","92.33","","","","","","NA"
"-109.50","50.91","LEADER AIRPORT","402DAF0","2023-04-11 12:00","2023","04","11","12:00","5.4","","0.7","","71","","0.0","","26","","22","","","","92.25","","","","","","NA"
"-109.50","50.91","LEADER AIRPORT","402DAF0","2023-04-11 13:00","2023","04","11","13:00","6.7","","1.0","","67","","0.0","","22","","14","","","","92.35","","","","","","NA"
"-109.50","50.91","LEADER AIRPORT","402DAF0","2023-04-11 14:00","2023","04","11","14:00","9.5","","3.2","","65","","0.0","","25","","11","","","","92.27","","","","","","NA"
"-109.50","50.91","LEADER AIRPORT","402DAF0","2023-04-11 15:00","2023","04","11","15:00","12.0","","1.6","","49","","0.0","","25","","24","","","","92.26","","","","","","NA"
"-109.50","50.91","LEADER AIRPORT","402DAF0","2023-04-11 16:00","2023","04","11","16:00","12.0","","2.0","","50","","0.0","","28","","14","","","","92.26","","","","","","NA"
"-109.50","50.91","LEADER AIRPORT","402DAF0","2023-04-11 17:00","2023","04","11","17:00","13.2","","2.0","","47","","0.0","","23","","3","","","","92.21","","","","","","NA"
"-109.50","50.91","LEADER AIRPORT","402DAF0","2023-04-11 18:00","2023","04","11","18:00","12.5","","-3.6","","32","","0.0","","22","","42","","","","92.20","","","","","","NA"
"-109.50","50.91","LEADER AIRPORT","402DAF0","2023-04-11 19:00","2023","04","11","19:00","12.0","","-4.8","","31","","0.0","","22","","50","","","","92.20","","","","","","NA"
"-109.50","50.91","LEADER AIRPORT","402DAF0","2023-04-11 20:00","2023","04","11","20:00","7.7","","0.2","","59","","0.0","","27","","32","","","","92.36","","","","","","NA"
"-109.50","50.91","LEADER AIRPORT","402DAF0","2023-04-11 21:00","2023","04","11","21:00","4.6","","0.0","","72","","0.0","","25","","19","","","","92.49","","","","","","NA"
"-109.50","50.91","LEADER AIRPORT","402DAF0","2023-04-11 22:00","2023","04","11","22:00","4.2","","-0.5","","71","","0.0","","25","","27","","","","92.64","","","","","","NA"
"-109.50","50.91","LEADER AIRPORT","402DAF0","2023-04-11 23:00","2023","04","11","23:00","3.2","","-1.1","","73","","0.0","","26","","23","","","","92.73","","","","","","NA"
"-109.50","50.91","LEADER AIRPORT","402DAF0","2023-04-12 00:00","2023","04","12","00:00","1.7","","-1.5","","79","","0.0","","25","","24","","","","92.77","","","","","","NA"
"-109.50","50.91","LEADER AIRPORT","402DAF0","2023-04-12 01:00","2023","04","12","01:00","1.9","","-1.8","","76","","0.0","","26","","23","","","","92.90","","","","","","NA"
"-109.50","50.91","LEADER AIRPORT","402DAF0","2023-04-12 02:00","2023","04","12","02:00","1.6","","-2.0","","77","","0.0","","24","","21","","","","92.92","","","","","","NA"
"-109.50","50.91","LEADER AIRPORT","402DAF0","2023-04-12 03:00","2023","04","12","03:00","0.8","","-1.9","","82","","0.0","","25","","20","","","","92.96","","","","","","NA"
"-109.50","50.91","LEADER AIRPORT","402DAF0","2023-04-12 04:00","2023","04","12","04:00","1.0","","-2.1","","80","","0.0","","25","","19","","","","93.03","","","","","","NA"
"-109.50","50.91","LEADER AIRPORT","402DAF0","2023-04-12 05:00","2023","04","12","05:00","1.0","","-1.6","","82","","0.0","","25","","19","","","","93.04","","","","","","NA"
"-109.50","50.91","LEADER AIRPORT","402DAF0","2023-04-12 06:00","2023","04","12","06:00","0.6","","-1.7","","84","","0.0","","26","","16","","","","93.06","","","","","","NA"
"-109.50","50.91","LEADER AIRPORT","402DAF0","2023-04-12 07:00","2023","04","12","07:00","0.4","","-1.6","","86","","0.0","","26","","9","","","","93.13","","","","","","NA"
"-109.50","50.91","LEADER AIRPORT","402DAF0","2023-04-12 08:00","2023","04","12","08:00","0.8","","-1.2","","86","","0.0","","18","","3","","","","93.21","","","","","","NA"
"-109.50","50.91","LEADER AIRPORT","402DAF0","2023-04-12 09:00","2023","04","12","09:00","1.4","","-0.9","","85","","0.0","","25","","6","","","","93.23","","","","","","NA"
"-109.50","50.91","LEADER AIRPORT","402DAF0","2023-04-12 10:00","2023","04","12","10:00","1.7","","-1.3","","81","","0.0","","33","","5","","","","93.24","","","","","","NA"
"-109.50","50.91","LEADER AIRPORT","402DAF0","2023-04-12 11:00","2023","04","12","11:00","3.0","","-2.0","","69","","0.0","","5","","3","","","","93.24","","","","","","NA"
"-109.50","50.91","LEADER AIRPORT","402DAF0","2023-04-12 12:00","2023","04","12","12:00","3.9","","-1.8","","66","","0.0","","19","","6","","","","93.28","","","","","","NA"
"-109.50","50.91","LEADER AIRPORT","402DAF0","2023-04-12 13:00","2023","04","12","13:00","4.5","","-1.7","","64","","0.0","","17","","10","","","","93.24","","","","","","NA"
"-109.50","50.91","LEADER AIRPORT","402DAF0","2023-04-12 14:00","2023","04","12","14:00","6.0","","-1.6","","58","","0.0","","20","","8","","","","93.22","","","","","","NA"
"-109.50","50.91","LEADER AIRPORT","402DAF0","2023-04-12 15:00","2023","04","12","15:00","6.4","","-1.9","","55","","0.0","","15","","11","","","","93.20","","","","","","NA"
"-109.50","50.91","LEADER AIRPORT","402DAF0","2023-04-12 16:00","2023","04","12","16:00","6.4","","-3.3","","50","","0.0","","17","","4","","","","93.20","","","","","","NA"
"-109.50","50.91","LEADER AIRPORT","402DAF0","2023-04-12 17:00","2023","04","12","17:00","7.2","","-2.0","","52","","0.0","","4","","7","","","","93.15","","","","","","NA"
"-109.50","50.91","LEADER AIRPORT","402DAF0","2023-04-12 18:00","2023","04","12","18:00","7.2","","-3.0","","48","","0.0","","9","","7","","","","93.16","","","","","","NA"
"-109.50","50.91","LEADER AIRPORT","402DAF0","2023-04-12 19:00","2023","04","12","19:00","6.6","","-3.4","","49","","0.0","","12","","6","","","","93.15","","","","","","NA"
"-109.50","50.91","LEADER AIRPORT","402DAF0","2023-04-12 20:00","2023","04","12","20:00","4.6","","-2.8","","59","","0.0","","12","","9","","","","93.15","","","","","","NA"
"-109.50","50.91","LEADER AIRPORT","402DAF0","2023-04-12 21:00","2023","04","12","21:00","2.5","","-2.5","","69","","0.0","","14","","11","","","","93.22","","","","","","NA"
"-109.50","50.91","LEADER AIRPORT","402DAF0","2023-04-12 22:00","2023","04","12","22:00","0.9","","-2.4","","79","","0.0","","19","","7","","","","93.26","","","","","","NA"
"-109.50","50.91","LEADER AIRPORT","402DAF0","2023-04-12 23:00","2023","04","12","23:00","0.8","","-2.1","","81","","0.0","","16","","6","","","","93.22","","","","","","NA"
"-109.50","50.91","LEADER AIRPORT","402DAF0","2023-04-13 00:00","2023","04","13","00:00","-0.2","","-2.3","","85","","0.0","","2","","5","","","","93.18","","","","-2","","NA"
"-109.50","50.91","LEADER AIRPORT","402DAF0","2023-04-13 01:00","2023","04","13","01:00","-0.6","","-2.7","","86","","0.0","","0","","1","","","","93.21","","","","-1","","NA"
"-109.50","50.91","LEADER AIRPORT","402DAF0","2023-04-13 02:00","2023","04","13","02:00","-0.3","","-2.5","","85","","0.0","","11","","4","","","","93.22","","","","-2","","NA"
"-109.50","50.91","LEADER AIRPORT","402DAF0","2023-04-13 03:00","2023","04","13","03:00","-0.8","","-2.9","","86","","0.0","","7","","2","","","","93.17","","","","-1","","NA"
"-109.50","50.91","LEADER AIRPORT","402DAF0","2023-04-13 04:00","2023","04","13","04:00","-0.7","","-2.7","","87","","0.0","","1","","5","","","","93.16","","","","-2","","NA"
"-109.50","50.91","LEADER AIRPORT","402DAF0","2023-04-13 05:00","2023","04","13","05:00","-1.1","","-2.9","","88","","0.0","","32","","6","","","","93.17","","","","-3","","NA"
"-109.50","50.91","LEADER AIRPORT","402DAF0","2023-04-13 06:00","2023","04","13","06:00","-1.3","","-3.3","","87","","0.0","","1","","6","","","","93.19","","","","-4","","NA"
"-109.50","50.91","LEADER AIRPORT","402DAF0","2023-04-13 07:00","2023","04","13","07:00","-1.4","","-3.6","","85","","0.0","","6","","4","","","","93.17","","","","-3","","NA"
"-109.50","50.91","LEADER AIRPORT","402DAF0","2023-04-13 08:00","2023","04","13","08:00","-0.2","","-2.8","","83","","0.0","","6","","2","","","","93.18","","","","-1","","NA"
"-109.50","50.91","LEADER AIRPORT","402DAF0","2023-04-13 09:00","2023","04","13","09:00","1.3","","-1.7","","80","","0.0","","3","","4","","","","93.16","","","","","","NA"
"-109.50","50.91","LEADER AIRPORT","402DAF0","2023-04-13 10:00","2023","04","13","10:00","3.0","","-0.5","","77","","0.0","","4","","6","","","","93.17","","","","","","NA"
"-109.50","50.91","LEADER AIRPORT","402DAF0","2023-04-13 11:00","2023","04","13","11:00","3.0","","-1.8","","71","","0.0","","7","","10","","","","93.19","","","","","","NA"
"-109.50","50.91","LEADER AIRPORT","402DAF0","2023-04-13 12:00","2023","04","13","12:00","3.8","","-0.9","","71","","0.0","","10","","4","","","","93.18","","","","","","NA"
"-109.50","50.91","LEADER AIRPORT","402DAF0","2023-04-13 13:00","2023","04","13","13:00","5.1","","-0.6","","67","","0.0","","7","","4","","","","93.13","","","","","","NA"
"-109.50","50.91","LEADER AIRPORT","402DAF0","2023-04-13 14:00","2023","04","13","14:00","6.2","","-0.8","","61","","0.0","","9","","8","","","","93.11","","","","","","NA"
"-109.50","50.91","LEADER AIRPORT","402DAF0","2023-04-13 15:00","2023","04","13","15:00","6.1","","-1.7","","57","","0.0","","10","","13","","","","93.11","","","","","","NA"
"-109.50","50.91","LEADER AIRPORT","402DAF0","2023-04-13 16:00","2023","04","13","16:00","5.4","","0.0","","68","","0.0","","16","","18","","","","93.08","","","","","","NA"
"-109.50","50.91","LEADER AIRPORT","402DAF0","2023-04-13 17:00","2023","04","13","17:00","5.2","","-1.0","","64","","0.0","","16","","11","","","","93.09","","","","","","NA"
"-109.50","50.91","LEADER AIRPORT","402DAF0","2023-04-13 18:00","2023","04","13","18:00","5.4","","-1.6","","61","","0.0","","12","","9","","","","93.12","","","","","","NA"
"-109.50","50.91","LEADER AIRPORT","402DAF0","2023-04-13 19:00","2023","04","13","19:00","4.7","","-0.6","","68","","0.0","","17","","12","","","","93.14","","","","","","NA"
"-109.50","50.91","LEADER AIRPORT","402DAF0","2023-04-13 20:00","2023","04","13","20:00","3.2","","0.2","","80","","0.0","","17","","13","","","","93.18","","","","","","NA"
"-109.50","50.91","LEADER AIRPORT","402DAF0","2023-04-13 21:00","2023","04","13","21:00","1.9","","-0.1","","86","","0.0","","16","","13","","","","93.26","","","","","","NA"
"-109.50","50.91","LEADER AIRPORT","402DAF0","2023-04-13 22:00","2023","04","13","22:00","1.5","","-0.4","","87","","0.0","","15","","14","","","","93.31","","","","","","NA"
"-109.50","50.91","LEADER AIRPORT","402DAF0","2023-04-13 23:00","2023","04","13","23:00","0.6","","-1.1","","88","","0.0","","15","","13","","","","93.31","","","","","","NA"
"-109.50","50.91","LEADER AIRPORT","402DAF0","2023-04-14 00:00","2023","04","14","00:00","0.4","","-1.2","","89","","0.0","","19","","10","","","","93.32","","","","","","NA"
"-109.50","50.91","LEADER AIRPORT","402DAF0","2023-04-14 01:00","2023","04","14","01:00","0.4","","-1.1","","90","","0.0","","20","","10","","","","93.33","","","","","","NA"
"-109.50","50.91","LEADER AIRPORT","402DAF0","2023-04-14 02:00","2023","04","14","02:00","0.1","","-1.4","","90","","0.0","","19","","7","","","","93.33","","","","","","NA"
"-109.50","50.91","LEADER AIRPORT","402DAF0","2023-04-14 03:00","2023","04","14","03:00","0.3","","-1.6","","88","","0.0","","19","","7","","","","93.34","","","","","","NA"
"-109.50","50.91","LEADER AIRPORT","402DAF0","2023-04-14 04:00","2023","04","14","04:00","0.1","","-1.6","","89","","0.0","","32","","4","","","","93.39","","","","","","NA"
"-109.50","50.91","LEADER AIRPORT","402DAF0","2023-04-14 05:00","2023","04","14","05:00","0.2","","-1.5","","88","","0.0","","26","","2","","","","93.42","","","","","","NA"
"-109.50","50.91","LEADER AIRPORT","402DAF0","2023-04-14 06:00","2023","04","14","06:00","-0.5","","-2.1","","89","","0.0","","17","","10","","","","93.39","","","","-4","","NA"
"-109.50","50.91","LEADER AIRPORT","402DAF0","2023-04-14 07:00","2023","04","14","07:00","-1.4","","-3.1","","89","","0.0","","16","","10","","","","93.42","","","","-5","","NA"
"-109.50","50.91","LEADER AIRPORT","402DAF0","2023-04-14 08:00","2023","04","14","08:00","0.7","","-1.2","","87","","0.0","","22","","5","","","","93.43","","","","","","NA"
"-109.50","50.91","LEADER AIRPORT","402DAF0","2023-04-14 09:00","2023","04","14","09:00","2.3","","-1.8","","74","","0.0","","22","","8","","","","93.44","","","","","","NA"
"-109.50","50.91","LEADER AIRPORT","402DAF0","2023-04-14 10:00","2023","04","14","10:00","3.8","","-2.3","","65","","0.0","","18","","8","","","","93.47","","","","","","NA"
"-109.50","50.91","LEADER AIRPORT","402DAF0","2023-04-14 11:00","2023","04","14","11:00","5.0","","-1.8","","61","","0.0","","17","","11","","","","93.52","","","","","","NA"
"-109.50","50.91","LEADER AIRPORT","402DAF0","2023-04-14 12:00","2023","04","14","12:00","6.2","","-1.6","","57","","0.0","","18","","15","","","","93.54","","","","","","NA"
"-109.50","50.91","LEADER AIRPORT","402DAF0","2023-04-14 13:00","2023","04","14","13:00","7.3","","-1.5","","54","","0.0","","16","","17","","","","93.55","","","","","","NA"
"-109.50","50.91","LEADER AIRPORT","402DAF0","2023-04-14 14:00","2023","04","14","14:00","7.9","","-2.3","","48","","0.0","","16","","12","","","","93.55","","","","","","NA"
"-109.50","50.91","LEADER AIRPORT","402DAF0","2023-04-14 15:00","2023","04","14","15:00","9.0","","-1.9","","46","","0.0","","19","","11","","","","93.54","","","","","","NA"
"-109.50","50.91","LEADER AIRPORT","402DAF0","2023-04-14 16:00","2023","04","14","16:00","8.6","","-4.4","","40","","0.0","","16","","15","","","","93.54","","","","","","NA"
"-109.50","50.91","LEADER AIRPORT","402DAF0","2023-04-14 17:00","2023","04","14","17:00","8.6","","-5.5","","36","","0.0","","18","","11","","","","93.56","","","","","","NA"
"-109.50","50.91","LEADER AIRPORT","402DAF0","2023-04-14 18:00","2023","04","14","18:00","8.9","","-5.3","","36","","0.0","","22","","10","","","","93.58","","","","","","NA"
"-109.50","50.91","LEADER AIRPORT","402DAF0","2023-04-14 19:00","2023","04","14","19:00","8.2","","-5.8","","36","","0.0","","19","","6","","","","93.62","","","","","","NA"
"-109.50","50.91","LEADER AIRPORT","402DAF0","2023-04-14 20:00","2023","04","14","20:00","6.4","","-4.2","","47","","0.0","","16","","5","","","","93.68","","","","","","NA"
"-109.50","50.91","LEADER AIRPORT","402DAF0","2023-04-14 21:00","2023","04","14","21:00","2.5","","-2.9","","68","","0.0","","17","","12","","","","93.76","","","","","","NA"
"-109.50","50.91","LEADER AIRPORT","402DAF0","2023-04-14 22:00","2023","04","14","22:00","0.6","","-3.3","","75","","0.0","","18","","14","","","","93.83","","","","","","NA"
"-109.50","50.91","LEADER AIRPORT","402DAF0","2023-04-14 23:00","2023","04","14","23:00","-0.4","","-3.5","","79","","0.0","","17","","13","","","","93.86","","","","-5","","NA"
"-109.50","50.91","LEADER AIRPORT","402DAF0","2023-04-15 00:00","2023","04","15","00:00","0.2","","-3.3","","77","","0.0","","18","","14","","","","93.87","","","","","","NA"
"-109.50","50.91","LEADER AIRPORT","402DAF0","2023-04-15 01:00","2023","04","15","01:00","0.1","","-4.0","","74","","0.0","","21","","15","","","","93.90","","","","","","NA"
"-109.50","50.91","LEADER AIRPORT","402DAF0","2023-04-15 02:00","2023","04","15","02:00","-1.3","","-4.3","","80","","0.0","","20","","15","","","","93.93","","","","-6","","NA"
"-109.50","50.91","LEADER AIRPORT","402DAF0","2023-04-15 03:00","2023","04","15","03:00","-1.5","","-4.4","","81","","0.0","","19","","14","","","","93.94","","","","-6","","NA"
"-109.50","50.91","LEADER AIRPORT","402DAF0","2023-04-15 04:00","2023","04","15","04:00","-2.4","","-4.9","","83","","0.0","","18","","14","","","","93.95","","","","-7","","NA"
"-109.50","50.91","LEADER AIRPORT","402DAF0","2023-04-15 05:00","2023","04","15","05:00","-2.8","","-5.3","","83","","0.0","","19","","12","","","","94.00","","","","-7","","NA"
"-109.50","50.91","LEADER AIRPORT","402DAF0","2023-04-15 06:00","2023","04","15","06:00","-3.2","","-5.7","","83","","0.0","","19","","14","","","","94.02","","","","-8","","NA"
"-109.50","50.91","LEADER AIRPORT","402DAF0","2023-04-15 07:00","2023","04","15","07:00","-2.1","","-4.4","","84","","0.0","","16","","13","","","","94.08","","","","-7","","NA"
"-109.50","50.91","LEADER AIRPORT","402DAF0","2023-04-15 08:00","2023","04","15","08:00","0.3","","-2.9","","79","","0.0","","18","","9","","","","94.12","","","","","","NA"
"-109.50","50.91","LEADER AIRPORT","402DAF0","2023-04-15 09:00","2023","04","15","09:00","2.7","","-2.4","","69","","0.0","","17","","10","","","","94.14","","","","","","NA"
"-109.50","50.91","LEADER AIRPORT","402DAF0","2023-04-15 10:00","2023","04","15","10:00","6.4","","-1.8","","56","","0.0","","17","","12","","","","94.15","","","","","","NA"
"-109.50","50.91","LEADER AIRPORT","402DAF0","2023-04-15 11:00","2023","04","15","11:00","8.6","","-2.6","","45","","0.0","","17","","17","","","","94.14","","","","","","NA"
"-109.50","50.91","LEADER AIRPORT","402DAF0","2023-04-15 12:00","2023","04","15","12:00","9.6","","-2.5","","42","","0.0","","16","","18","","","","94.12","","","","","","NA"
"-109.50","50.91","LEADER AIRPORT","402DAF0","2023-04-15 13:00","2023","04","15","13:00","10.6","","-3.6","","37","","0.0","","18","","20","","","","94.07","","","","","","NA"
"-109.50","50.91","LEADER AIRPORT","402DAF0","2023-04-15 14:00","2023","04","15","14:00","11.4","","-3.1","","36","","0.0","","17","","19","","","","94.03","","","","","","NA"
"-109.50","50.91","LEADER AIRPORT","402DAF0","2023-04-15 15:00","2023","04","15","15:00","11.4","","-6.6","","28","","0.0","","20","","19","","","","94.01","","","","","","NA"
"-109.50","50.91","LEADER AIRPORT","402DAF0","2023-04-15 16:00","2023","04","15","16:00","13.9","","-4.4","","28","","0.0","","19","","17","","","","93.96","","","","","","NA"
"-109.50","50.91","LEADER AIRPORT","402DAF0","2023-04-15 17:00","2023","04","15","17:00","13.3","","-7.0","","24","","0.0","","20","","15","","","","93.96","","","","","","NA"
"-109.50","50.91","LEADER AIRPORT","402DAF0","2023-04-15 18:00","2023","04","15","18:00","13.3","","-7.9","","22","","0.0","","21","","20","","","","93.95","","","","","","NA"
"-109.50","50.91","LEADER AIRPORT","402DAF0","2023-04-15 19:00","2023","04","15","19:00","12.4","","-7.5","","24","","0.0","","21","","15","","","","93.94","","","","","","NA"
"-109.50","50.91","LEADER AIRPORT","402DAF0","2023-04-15 20:00","2023","04","15","20:00","7.4","","-4.0","","44","","0.0","","18","","13","","","","93.96","","","","","","NA"
"-109.50","50.91","LEADER AIRPORT","402DAF0","2023-04-15 21:00","2023","04","15","21:00","6.3","","-1.8","","56","","0.0","","17","","19","","","","93.93","","","","","","NA"
"-109.50","50.91","LEADER AIRPORT","402DAF0","2023-04-15 22:00","2023","04","15","22:00","5.5","","-2.1","","58","","0.0","","16","","22","","","","93.95","","","","","","NA"
"-109.50","50.91","LEADER AIRPORT","402DAF0","2023-04-15 23:00","2023","04","15","23:00","4.2","","-2.3","","63","","0.0","","16","","20","","","","93.95","","","","","","NA"
"-109.50","50.91","LEADER AIRPORT","402DAF0","2023-04-16 00:00","2023","04","16","00:00","2.6","","-2.4","","70","","0.0","","15","","20","","","","93.93","","","","","","NA"
"-109.50","50.91","LEADER AIRPORT","402DAF0","2023-04-16 01:00","2023","04","16","01:00","2.2","","-2.6","","70","","0.0","","15","","19","","","","93.91","","","","","","NA"
"-109.50","50.91","LEADER AIRPORT","402DAF0","2023-04-16 02:00","2023","04","16","02:00","2.0","","-3.1","","69","","0.0","","15","","21","","","","93.89","","","","","","NA"
"-109.50","50.91","LEADER AIRPORT","402DAF0","2023-04-16 03:00","2023","04","16","03:00","2.3","","-3.1","","67","","0.0","","14","","24","","","","93.83","","","","","","NA"
"-109.50","50.91","LEADER AIRPORT","402DAF0","2023-04-16 04:00","2023","04","16","04:00","2.1","","-3.5","","67","","0.0","","14","","24","","","","93.77","","","","","","NA"
"-109.50","50.91","LEADER AIRPORT","402DAF0","2023-04-16 05:00","2023","04","16","05:00","1.8","","-3.9","","66","","0.0","","14","","24","","","","93.74","","","","","","NA"
"-109.50","50.91","LEADER AIRPORT","402DAF0","2023-04-16 06:00","2023","04","16","06:00","1.3","","-4.0","","68","","0.0","","15","","22","","","","93.71","","","","","","NA"
"-109.50","50.91","LEADER AIRPORT","402DAF0","2023-04-16 07:00","2023","04","16","07:00","1.7","","-3.7","","67","","0.0","","16","","20","","","","93.70","","","","","","NA"
"-109.50","50.91","LEADER AIRPORT","402DAF0","2023-04-16 08:00","2023","04","16","08:00","3.6","","-3.1","","61","","0.0","","15","","22","","","","93.67","","","","","","NA"
"-109.50","50.91","LEADER AIRPORT","402DAF0","2023-04-16 09:00","2023","04","16","09:00","5.6","","-2.7","","55","","0.0","","15","","19","","","","93.63","","","","","","NA"
"-109.50","50.91","LEADER AIRPORT","402DAF0","2023-04-16 10:00","2023","04","16","10:00","8.0","","-2.0","","49","","0.0","","17","","20","","","","93.59","","","","","","NA"
"-109.50","50.91","LEADER AIRPORT","402DAF0","2023-04-16 11:00","2023","04","16","11:00","10.0","","-2.7","","41","","0.0","","17","","16","","","","93.55","","","","","","NA"
"-109.50","50.91","LEADER AIRPORT","402DAF0","2023-04-16 12:00","2023","04","16","12:00","12.1","","-2.8","","35","","0.0","","15","","14","","","","93.51","","","","","","NA"
"-109.50","50.91","LEADER AIRPORT","402DAF0","2023-04-16 13:00","2023","04","16","13:00","15.2","","-3.0","","28","","0.0","","17","","21","","","","93.41","","","","","","NA"
"-109.50","50.91","LEADER AIRPORT","402DAF0","2023-04-16 14:00","2023","04","16","14:00","16.6","","-4.3","","24","","0.0","","15","","13","","","","93.34","","","","","","NA"
"-109.50","50.91","LEADER AIRPORT","402DAF0","2023-04-16 15:00","2023","04","16","15:00","17.2","","-4.9","","22","","0.0","","15","","12","","","","93.23","","","","","","NA"
"-109.50","50.91","LEADER AIRPORT","402DAF0","2023-04-16 16:00","2023","04","16","16:00","17.2","","-4.8","","22","","0.0","","21","","16","","","","93.14","","","","","","NA"
"-109.50","50.91","LEADER AIRPORT","402DAF0","2023-04-16 17:00","2023","04","16","17:00","16.8","","-4.6","","23","","0.0","","18","","16","","","","93.07","","","","","","NA"
"-109.50","50.91","LEADER AIRPORT","402DAF0","2023-04-16 18:00","2023","04","16","18:00","16.8","","-3.9","","24","","0.0","","15","","14","","","","93.00","","","","","","NA"
"-109.50","50.91","LEADER AIRPORT","402DAF0","2023-04-16 19:00","2023","04","16","19:00","16.3","","-2.5","","27","","0.0","","19","","15","","","","92.94","","","","","","NA"
"-109.50","50.91","LEADER AIRPORT","402DAF0","2023-04-16 20:00","2023","04","16","20:00","13.2","","-1.8","","35","","0.0","","16","","19","","","","92.87","","","","","","NA"
"-109.50","50.91","LEADER AIRPORT","402DAF0","2023-04-16 21:00","2023","04","16","21:00","10.9","","-1.2","","43","","0.0","","14","","23","","","","92.83","","","","","","NA"
"-109.50","50.91","LEADER AIRPORT","402DAF0","2023-04-16 22:00","2023","04","16","22:00","9.1","","-1.0","","49","","0.0","","13","","22","","","","92.80","","","","","","NA"
"-109.50","50.91","LEADER AIRPORT","402DAF0","2023-04-16 23:00","2023","04","16","23:00","10.0","","-0.6","","48","","0.0","","13","","26","","","","92.73","","","","","","NA"
"-109.50","50.91","LEADER AIRPORT","402DAF0","2023-04-17 00:00","2023","04","17","00:00","10.2","","-1.4","","44","","0.0","","13","","27","","","","92.65","","","","","","NA"
"-109.50","50.91","LEADER AIRPORT","402DAF0","2023-04-17 01:00","2023","04","17","01:00","10.2","","-1.7","","44","","0.0","","13","","23","","","","92.57","","","","","","NA"
"-109.50","50.91","LEADER AIRPORT","402DAF0","2023-04-17 02:00","2023","04","17","02:00","10.2","","-1.9","","43","","0.0","","13","","23","","","","92.51","","","","","","NA"
"-109.50","50.91","LEADER AIRPORT","402DAF0","2023-04-17 03:00","2023","04","17","03:00","9.3","","-0.1","","52","","0.0","","26","","12","","","","92.69","","","","","","NA"
"-109.50","50.91","LEADER AIRPORT","402DAF0","2023-04-17 04:00","2023","04","17","04:00","7.5","","1.7","","66","","0.0","","3","","15","","","","92.45","","","","","","NA"
"-109.50","50.91","LEADER AIRPORT","402DAF0","2023-04-17 05:00","2023","04","17","05:00","5.8","","0.3","","68","","0.0","","12","","16","","","","92.51","","","","","","NA"
"-109.50","50.91","LEADER AIRPORT","402DAF0","2023-04-17 06:00","2023","04","17","06:00","5.0","","0.1","","71","","0.0","","20","","13","","","","92.60","","","","","","NA"
"-109.50","50.91","LEADER AIRPORT","402DAF0","2023-04-17 07:00","2023","04","17","07:00","6.1","","0.4","","67","","0.0","","23","","10","","","","92.59","","","","","","NA"
"-109.50","50.91","LEADER AIRPORT","402DAF0","2023-04-17 08:00","2023","04","17","08:00","8.1","","-0.9","","53","","0.0","","21","","19","","","","92.55","","","","","","NA"
"-109.50","50.91","LEADER AIRPORT","402DAF0","2023-04-17 09:00","2023","04","17","09:00","9.3","","-3.0","","42","","0.0","","21","","26","","","","92.51","","","","","","NA"
"-109.50","50.91","LEADER AIRPORT","402DAF0","2023-04-17 10:00","2023","04","17","10:00","11.4","","-5.0","","31","","0.0","","23","","36","","","","92.47","","","","","","NA"
"-109.50","50.91","LEADER AIRPORT","402DAF0","2023-04-17 11:00","2023","04","17","11:00","13.2","","-7.5","","23","","0.0","","22","","41","","","","92.41","","","","","","NA"
"-109.50","50.91","LEADER AIRPORT","402DAF0","2023-04-17 12:00","2023","04","17","12:00","14.4","","-11.0","","16","","0.0","","22","","45","","","","92.39","","","","","","NA"
"-109.50","50.91","LEADER AIRPORT","402DAF0","2023-04-17 13:00","2023","04","17","13:00","14.7","","-8.3","","20","","0.0","","23","","43","","","","92.45","","","","","","NA"
"-109.50","50.91","LEADER AIRPORT","402DAF0","2023-04-17 14:00","2023","04","17","14:00","16.1","","-8.0","","18","","0.0","","22","","38","","","","92.41","","","","","","NA"
"-109.50","50.91","LEADER AIRPORT","402DAF0","2023-04-17 15:00","2023","04","17","15:00","16.2","","-9.0","","17","","0.0","","22","","42","","","","92.40","","","","","","NA"
"-109.50","50.91","LEADER AIRPORT","402DAF0","2023-04-17 16:00","2023","04","17","16:00","16.0","","-9.3","","17","","0.0","","21","","45","","","","92.39","","","","","","NA"
"-109.50","50.91","LEADER AIRPORT","402DAF0","2023-04-17 17:00","2023","04","17","17:00","15.6","","-9.1","","17","","0.0","","21","","44","","","","92.37","","","","","","NA"
"-109.50","50.91","LEADER AIRPORT","402DAF0","2023-04-17 18:00","2023","04","17","18:00","15.0","","-12.0","","14","","0.0","","21","","40","","","","92.38","","","","","","NA"
"-109.50","50.91","LEADER AIRPORT","402DAF0","2023-04-17 19:00","2023","04","17","19:00","13.1","","-14.5","","13","","0.0","","22","","34","","","","92.41","","","","","","NA"
"-109.50","50.91","LEADER AIRPORT","402DAF0","2023-04-17 20:00","2023","04","17","20:00","10.3","","-13.8","","17","","0.0","","23","","22","","","","92.44","","","","","","NA"
"-109.50","50.91","LEADER AIRPORT","402DAF0","2023-04-17 21:00","2023","04","17","21:00","5.9","","-11.8","","27","","0.0","","24","","16","","","","92.54","","","","","","NA"
"-109.50","50.91","LEADER AIRPORT","402DAF0","2023-04-17 22:00","2023","04","17","22:00","3.3","","-9.9","","37","","0.0","","21","","14","","","","92.56","","","","","","NA"
"-109.50","50.91","LEADER AIRPORT","402DAF0","2023-04-17 23:00","2023","04","17","23:00","2.1","","-9.2","","43","","0.0","","23","","10","","","","92.60","","","","","","NA"
"-109.50","50.91","LEADER AIRPORT","402DAF0","2023-04-18 00:00","2023","04","18","00:00","2.3","","-9.8","","40","","0.0","","24","","11","","","","92.64","","","","","","NA"
"-109.50","50.91","LEADER AIRPORT","402DAF0","2023-04-18 01:00","2023","04","18","01:00","1.8","","-8.8","","45","","0.0","","21","","9","","","","92.66","","","","","","NA"
"-109.50","50.91","LEADER AIRPORT","402DAF0","2023-04-18 02:00","2023","04","18","02:00","0.1","","-7.6","","56","","0.0","","36","","2","","","","92.65","","","","","","NA"
"-109.50","50.91","LEADER AIRPORT","402DAF0","2023-04-18 03:00","2023","04","18","03:00","0.6","","-6.4","","59","","0.0","","6","","2","","","","92.67","","","","","","NA"
"-109.50","50.91","LEADER AIRPORT","402DAF0","2023-04-18 04:00","2023","04","18","04:00","0.8","","-6.6","","57","","0.0","","3","","6","","","","92.63","","","","","","NA"
"-109.50","50.91","LEADER AIRPORT","402DAF0","2023-04-18 05:00","2023","04","18","05:00","-0.6","","-6.8","","63","","0.0","","7","","9","","","","92.65","","","","-4","","NA"
"-109.50","50.91","LEADER AIRPORT","402DAF0","2023-04-18 06:00","2023","04","18","06:00","-1.7","","-6.5","","70","","0.0","","7","","8","","","","92.70","","","","-5","","NA"
"-109.50","50.91","LEADER AIRPORT","402DAF0","2023-04-18 07:00","2023","04","18","07:00","0.9","","-3.4","","73","","0.0","","2","","13","","","","92.70","","","","","","NA"
"-109.50","50.91","LEADER AIRPORT","402DAF0","2023-04-18 08:00","2023","04","18","08:00","3.0","","-2.4","","68","","0.0","","4","","11","","","","92.72","","","","","","NA"
"-109.50","50.91","LEADER AIRPORT","402DAF0","2023-04-18 09:00","2023","04","18","09:00","6.2","","-2.8","","53","","0.0","","5","","23","","","","92.69","","","","","","NA"
"-109.50","50.91","LEADER AIRPORT","402DAF0","2023-04-18 10:00","2023","04","18","10:00","8.2","","-2.4","","47","","0.0","","5","","29","","","","92.66","","","","","","NA"
"-109.50","50.91","LEADER AIRPORT","402DAF0","2023-04-18 11:00","2023","04","18","11:00","9.2","","-3.9","","40","","0.0","","7","","31","","","","92.66","","","","","","NA"
"-109.50","50.91","LEADER AIRPORT","402DAF0","2023-04-18 12:00","2023","04","18","12:00","9.6","","-3.5","","40","","0.0","","7","","34","","","","92.66","","","","","","NA"
"-109.50","50.91","LEADER AIRPORT","402DAF0","2023-04-18 13:00","2023","04","18","13:00","9.9","","-3.3","","39","","0.0","","8","","31","","","","92.64","","","","","","NA"
"-109.50","50.91","LEADER AIRPORT","402DAF0","2023-04-18 14:00","2023","04","18","14:00","10.5","","-3.4","","38","","0.0","","7","","25","","","","92.65","","","","","","NA"
"-109.50","50.91","LEADER AIRPORT","402DAF0","2023-04-18 15:00","2023","04","18","15:00","9.7","","-3.0","","41","","0.0","","6","","27","","","","92.66","","","","","","NA"
"-109.50","50.91","LEADER AIRPORT","402DAF0","2023-04-18 16:00","2023","04","18","16:00","9.5","","-0.5","","50","","0.0","","7","","31","","","","92.68","","","","","","NA"
"-109.50","50.91","LEADER AIRPORT","402DAF0","2023-04-18 17:00","2023","04","18","17:00","8.4","","-1.2","","51","","0.0","","7","","35","","","","92.70","","","","","","NA"
"-109.50","50.91","LEADER AIRPORT","402DAF0","2023-04-18 18:00","2023","04","18","18:00","6.1","","-0.5","","63","","0.0","","6","","30","","","","92.79","","","","","","NA"
"-109.50","50.91","LEADER AIRPORT","402DAF0","2023-04-18 19:00","2023","04","18","19:00","5.2","","-1.2","","63","","0.0","","7","","27","","","","92.80","","","","","","NA"
"-109.50","50.91","LEADER AIRPORT","402DAF0","2023-04-18 20:00","2023","04","18","20:00","3.7","","-2.2","","65","","0.0","","6","","22","","","","92.81","","","","","","NA"
"-109.50","50.91","LEADER AIRPORT","402DAF0","2023-04-18 21:00","2023","04","18","21:00","2.4","","-2.1","","72","","0.0","","7","","20","","","","92.93","","","","","","NA"
"-109.50","50.91","LEADER AIRPORT","402DAF0","2023-04-18 22:00","2023","04","18","22:00","1.9","","-1.9","","76","","0.0","","6","","21","","","","92.99","","","","","","NA"
"-109.50","50.91","LEADER AIRPORT","402DAF0","2023-04-18 23:00","2023","04","18","23:00","1.4","","-2.3","","76","","0.0","","6","","19","","","","92.99","","","","","","NA"
"-109.50","50.91","LEADER AIRPORT","402DAF0","2023-04-19 00:00","2023","04","19","00:00","1.2","","-2.2","","78","","0.0","","5","","18","","","","93.00","","","","","","NA"
"-109.50","50.91","LEADER AIRPORT","402DAF0","2023-04-19 01:00","2023","04","19","01:00","1.1","","-2.3","","78","","0.0","","5","","24","","","","93.00","","","","","","NA"
"-109.50","50.91","LEADER AIRPORT","402DAF0","2023-04-19 02:00","2023","04","19","02:00","0.8","","-2.3","","80","","0.0","","5","","25","","","","93.00","","","","","","NA"
"-109.50","50.91","LEADER AIRPORT","402DAF0","2023-04-19 03:00","2023","04","19","03:00","0.5","","-1.9","","84","","0.0","","5","","27","","","","93.00","","","","","","NA"
"-109.50","50.91","LEADER AIRPORT","402DAF0","2023-04-19 04:00","2023","04","19","04:00","0.3","","-2.0","","85","","0.0","","5","","27","","","","93.04","","","","","","NA"
"-109.50","50.91","LEADER AIRPORT","402DAF0","2023-04-19 05:00","2023","04","19","05:00","0.1","","-2.0","","86","","0.0","","5","","27","","","","93.08","","","","","","NA"
"-109.50","50.91","LEADER AIRPORT","402DAF0","2023-04-19 06:00","2023","04","19","06:00","0.0","","-2.3","","85","","0.0","","4","","28","","","","93.13","","","","-6","","NA"
"-109.50","50.91","LEADER AIRPORT","402DAF0","2023-04-19 07:00","2023","04","19","07:00","-0.4","","-2.5","","86","","0.0","","5","","30","","","","93.19","","","","-7","","NA"
"-109.50","50.91","LEADER AIRPORT","402DAF0","2023-04-19 08:00","2023","04","19","08:00","-0.6","","-2.5","","87","","0.0","","4","","27","","","","93.24","","","","-7","","NA"
"-109.50","50.91","LEADER AIRPORT","402DAF0","2023-04-19 09:00","2023","04","19","09:00","-0.7","","-3.2","","83","","0.0","","4","","30","","","","93.29","","","","-7","","NA"
"-109.50","50.91","LEADER AIRPORT","402DAF0","2023-04-19 10:00","2023","04","19","10:00","-0.7","","-3.5","","82","","0.0","","3","","33","","","","93.31","","","","-8","","NA"
"-109.50","50.91","LEADER AIRPORT","402DAF0","2023-04-19 11:00","2023","04","19","11:00","-0.3","","-2.9","","83","","0.0","","3","","28","","","","93.35","","","","-7","","NA"
"-109.50","50.91","LEADER AIRPORT","402DAF0","2023-04-19 12:00","2023","04","19","12:00","-0.8","","-3.5","","82","","0.0","","3","","30","","","","93.43","","","","-8","","NA"
"-109.50","50.91","LEADER AIRPORT","402DAF0","2023-04-19 13:00","2023","04","19","13:00","-0.5","","-2.8","","84","","0.2","","4","","30","","","","93.47","","","","-7","","NA"
"-109.50","50.91","LEADER AIRPORT","402DAF0","2023-04-19 14:00","2023","04","19","14:00","0.4","","-2.5","","81","","0.0","","4","","29","","","","93.51","","","","","","NA"
"-109.50","50.91","LEADER AIRPORT","402DAF0","2023-04-19 15:00","2023","04","19","15:00","0.4","","-2.2","","83","","0.2","","4","","33","","","","93.58","","","","","","NA"
"-109.50","50.91","LEADER AIRPORT","402DAF0","2023-04-19 16:00","2023","04","19","16:00","0.3","","-3.2","","77","","0.0","","4","","32","","","","93.63","","","","","","NA"
"-109.50","50.91","LEADER AIRPORT","402DAF0","2023-04-19 17:00","2023","04","19","17:00","0.4","","-3.1","","77","","0.0","","4","","28","","","","93.69","","","","","","NA"
"-109.50","50.91","LEADER AIRPORT","402DAF0","2023-04-19 18:00","2023","04","19","18:00","-0.2","","-4.4","","73","","0.0","","3","","32","","","","93.78","","","","-7","","NA"
"-109.50","50.91","LEADER AIRPORT","402DAF0","2023-04-19 19:00","2023","04","19","19:00","-0.8","","-4.2","","77","","0.0","","3","","30","","","","93.87","","","","-8","","NA"
"-109.50","50.91","LEADER AIRPORT","402DAF0","2023-04-19 20:00","2023","04","19","20:00","-1.9","","-4.9","","80","","0.0","","4","","29","","","","93.96","","","","-9","","NA"
"-109.50","50.91","LEADER AIRPORT","402DAF0","2023-04-19 21:00","2023","04","19","21:00","-2.8","","-5.2","","83","","0.2","","4","","31","","","","94.05","","","","-10","","NA"
"-109.50","50.91","LEADER AIRPORT","402DAF0","2023-04-19 22:00","2023","04","19","22:00","-3.2","","-5.5","","84","","0.0","","4","","23","","","","94.10","","","","-10","","NA"
"-109.50","50.91","LEADER AIRPORT","402DAF0","2023-04-19 23:00","2023","04","19","23:00","-3.6","","-5.8","","84","","0.0","","4","","20","","","","94.14","","","","-10","","NA"
"-109.50","50.91","LEADER AIRPORT","402DAF0","2023-04-20 00:00","2023","04","20","00:00","-3.7","","-6.4","","81","","0.0","","3","","20","","","","94.15","","","","-10","","NA"
"-109.50","50.91","LEADER AIRPORT","402DAF0","2023-04-20 01:00","2023","04","20","01:00","-4.0","","-6.4","","83","","0.0","","3","","20","","","","94.19","","","","-10","","NA"
"-109.50","50.91","LEADER AIRPORT","402DAF0","2023-04-20 02:00","2023","04","20","02:00","-4.1","","-6.1","","86","","0.2","","1","","18","","","","94.20","","","","-10","","NA"
"-109.50","50.91","LEADER AIRPORT","402DAF0","2023-04-20 03:00","2023","04","20","03:00","-4.2","","-5.9","","88","","0.0","","36","","17","","","","94.22","","","","-10","","NA"
"-109.50","50.91","LEADER AIRPORT","402DAF0","2023-04-20 04:00","2023","04","20","04:00","-4.2","","-6.0","","87","","0.2","","1","","22","","","","94.24","","","","-11","","NA"
"-109.50","50.91","LEADER AIRPORT","402DAF0","2023-04-20 05:00","2023","04","20","05:00","-4.6","","-6.6","","86","","0.0","","1","","12","","","","94.31","","","","-9","","NA"
"-109.50","50.91","LEADER AIRPORT","402DAF0","2023-04-20 06:00","2023","04","20","06:00","-4.4","","-6.6","","84","","0.0","","2","","18","","","","94.34","","","","-10","","NA"
"-109.50","50.91","LEADER AIRPORT","402DAF0","2023-04-20 07:00","2023","04","20","07:00","-5.4","","-7.4","","85","","0.0","","35","","15","","","","94.40","","","","-11","","NA"
"-109.50","50.91","LEADER AIRPORT","402DAF0","2023-04-20 08:00","2023","04","20","08:00","-4.7","","-7.0","","84","","0.2","","35","","21","","","","94.46","","","","-11","","NA"
"-109.50","50.91","LEADER AIRPORT","402DAF0","2023-04-20 09:00","2023","04","20","09:00","-4.0","","-6.7","","82","","0.0","","35","","21","","","","94.52","","","","-10","","NA"
"-109.50","50.91","LEADER AIRPORT","402DAF0","2023-04-20 10:00","2023","04","20","10:00","-3.3","","-6.8","","77","","0.0","","36","","25","","","","94.52","","","","-10","","NA"
"-109.50","50.91","LEADER AIRPORT","402DAF0","2023-04-20 11:00","2023","04","20","11:00","-2.1","","-6.8","","70","","0.0","","1","","25","","","","94.59","","","","-9","","NA"
"-109.50","50.91","LEADER AIRPORT","402DAF0","2023-04-20 12:00","2023","04","20","12:00","-1.5","","-6.7","","68","","0.0","","2","","26","","","","94.62","","","","-8","","NA"
"-109.50","50.91","LEADER AIRPORT","402DAF0","2023-04-20 13:00","2023","04","20","13:00","-0.9","","-6.3","","67","","0.0","","1","","27","","","","94.62","","","","-7","","NA"
"-109.50","50.91","LEADER AIRPORT","402DAF0","2023-04-20 14:00","2023","04","20","14:00","-0.6","","-5.9","","68","","0.0","","36","","25","","","","94.63","","","","-7","","NA"
"-109.50","50.91","LEADER AIRPORT","402DAF0","2023-04-20 15:00","2023","04","20","15:00","-0.3","","-6.1","","65","","0.0","","36","","24","","","","94.67","","","","-6","","NA"
"-109.50","50.91","LEADER AIRPORT","402DAF0","2023-04-20 16:00","2023","04","20","16:00","-0.1","","-6.2","","64","","0.0","","36","","21","","","","94.68","","","","-6","","NA"
"-109.50","50.91","LEADER AIRPORT","402DAF0","2023-04-20 17:00","2023","04","20","17:00","-0.3","","-6.3","","64","","0.0","","36","","20","","","","94.70","","","","-6","","NA"
"-109.50","50.91","LEADER AIRPORT","402DAF0","2023-04-20 18:00","2023","04","20","18:00","-0.2","","-6.5","","63","","0.0","","36","","19","","","","94.70","","","","-5","","NA"
"-109.50","50.91","LEADER AIRPORT","402DAF0","2023-04-20 19:00","2023","04","20","19:00","-0.4","","-6.2","","65","","0.0","","36","","14","","","","94.73","","","","-5","","NA"
"-109.50","50.91","LEADER AIRPORT","402DAF0","2023-04-20 20:00","2023","04","20","20:00","-0.6","","-6.1","","66","","0.0","","36","","13","","","","94.74","","","","-5","","NA"
"-109.50","50.91","LEADER AIRPORT","402DAF0","2023-04-20 21:00","2023","04","20","21:00","-0.9","","-5.7","","70","","0.0","","2","","8","","","","94.76","","","","-4","","NA"
"-109.50","50.91","LEADER AIRPORT","402DAF0","2023-04-20 22:00","2023","04","20","22:00","-1.2","","-5.1","","75","","0.0","","4","","9","","","","94.77","","","","-4","","NA"
"-109.50","50.91","LEADER AIRPORT","402DAF0","2023-04-20 23:00","2023","04","20","23:00","-2.0","","-4.8","","82","","0.0","","9","","11","","","","94.76","","","","-6","","NA"
"-109.50","50.91","LEADER AIRPORT","402DAF0","2023-04-21 00:00","2023","04","21","00:00","-2.2","","-5.0","","81","","0.0","","9","","6","","","","94.74","","","","-5","","NA"
"-109.50","50.91","LEADER AIRPORT","402DAF0","2023-04-21 01:00","2023","04","21","01:00","-2.4","","-4.7","","84","","0.0","","","","0","","","","94.74","","","","","","NA"
"-109.50","50.91","LEADER AIRPORT","402DAF0","2023-04-21 02:00","2023","04","21","02:00","-2.7","","-4.7","","86","","0.0","","5","","3","","","","94.72","","","","-4","","NA"
"-109.50","50.91","LEADER AIRPORT","402DAF0","2023-04-21 03:00","2023","04","21","03:00","-2.7","","-4.7","","86","","0.0","","7","","2","","","","94.68","","","","-3","","NA"
"-109.50","50.91","LEADER AIRPORT","402DAF0","2023-04-21 04:00","2023","04","21","04:00","-3.1","","-5.0","","86","","0.0","","5","","7","","","","94.67","","","","-6","","NA"
"-109.50","50.91","LEADER AIRPORT","402DAF0","2023-04-21 05:00","2023","04","21","05:00","-3.6","","-5.4","","88","","0.0","","4","","11","","","","94.67","","","","-8","","NA"
"-109.50","50.91","LEADER AIRPORT","402DAF0","2023-04-21 06:00","2023","04","21","06:00","-3.8","","-5.5","","87","","0.0","","5","","12","","","","94.68","","","","-8","","NA"
"-109.50","50.91","LEADER AIRPORT","402DAF0","2023-04-21 07:00","2023","04","21","07:00","-3.5","","-5.3","","87","","0.0","","3","","13","","","","94.70","","","","-8","","NA"
"-109.50","50.91","LEADER AIRPORT","402DAF0","2023-04-21 08:00","2023","04","21","08:00","-3.5","","-5.7","","84","","0.0","","4","","17","","","","94.75","","","","-9","","NA"
"-109.50","50.91","LEADER AIRPORT","402DAF0","2023-04-21 09:00","2023","04","21","09:00","-3.3","","-6.1","","80","","0.0","","5","","17","","","","94.79","","","","-9","","NA"
"-109.50","50.91","LEADER AIRPORT","402DAF0","2023-04-21 10:00","2023","04","21","10:00","-2.7","","-6.0","","78","","0.0","","6","","17","","","","94.81","","","","-8","","NA"
"-109.50","50.91","LEADER AIRPORT","402DAF0","2023-04-21 11:00","2023","04","21","11:00","-1.5","","-6.0","","72","","0.0","","6","","18","","","","94.81","","","","-7","","NA"
"-109.50","50.91","LEADER AIRPORT","402DAF0","2023-04-21 12:00","2023","04","21","12:00","-1.1","","-6.2","","68","","0.0","","5","","18","","","","94.85","","","","-6","","NA"
"-109.50","50.91","LEADER AIRPORT","402DAF0","2023-04-21 13:00","2023","04","21","13:00","-0.7","","-6.8","","64","","0.0","","4","","14","","","","94.88","","","","-5","","NA"
"-109.50","50.91","LEADER AIRPORT","402DAF0","2023-04-21 14:00","2023","04","21","14:00","-0.5","","-6.8","","62","","0.0","","4","","10","","","","94.92","","","","-4","","NA"
"-109.50","50.91","LEADER AIRPORT","402DAF0","2023-04-21 15:00","2023","04","21","15:00","0.0","","-5.9","","65","","0.0","","4","","6","","","","94.94","","","","-2","","NA"
"-109.50","50.91","LEADER AIRPORT","402DAF0","2023-04-21 16:00","2023","04","21","16:00","-0.3","","-6.2","","64","","0.0","","35","","5","","","","94.93","","","","-2","","NA"
"-109.50","50.91","LEADER AIRPORT","402DAF0","2023-04-21 17:00","2023","04","21","17:00","0.3","","-6.0","","62","","0.0","","31","","6","","","","94.91","","","","","","NA"
"-109.50","50.91","LEADER AIRPORT","402DAF0","2023-04-21 18:00","2023","04","21","18:00","0.3","","-5.9","","63","","0.0","","33","","5","","","","94.92","","","","","","NA"
"-109.50","50.91","LEADER AIRPORT","402DAF0","2023-04-21 19:00","2023","04","21","19:00","0.3","","-5.5","","65","","0.0","","27","","7","","","","94.91","","","","","","NA"
"-109.50","50.91","LEADER AIRPORT","402DAF0","2023-04-21 20:00","2023","04","21","20:00","-0.3","","-5.9","","66","","0.0","","27","","8","","","","94.90","","","","-3","","NA"
"-109.50","50.91","LEADER AIRPORT","402DAF0","2023-04-21 21:00","2023","04","21","21:00","-1.5","","-5.5","","74","","0.0","","27","","6","","","","94.92","","","","-4","","NA"
"-109.50","50.91","LEADER AIRPORT","402DAF0","2023-04-21 22:00","2023","04","21","22:00","-1.8","","-5.9","","73","","0.0","","26","","5","","","","94.89","","","","-4","","NA"
"-109.50","50.91","LEADER AIRPORT","402DAF0","2023-04-21 23:00","2023","04","21","23:00","-2.6","","-6.3","","76","","0.0","","29","","8","","","","94.89","","","","-6","","NA"
"-109.50","50.91","LEADER AIRPORT","402DAF0","2023-04-22 00:00","2023","04","22","00:00","-4.9","","-7.8","","80","","0.0","","24","","6","","","","94.85","","","","-8","","NA"
"-109.50","50.91","LEADER AIRPORT","402DAF0","2023-04-22 01:00","2023","04","22","01:00","-5.2","","-7.4","","85","","0.0","","24","","10","","","","94.83","","","","-10","","NA"
"-109.50","50.91","LEADER AIRPORT","402DAF0","2023-04-22 02:00","2023","04","22","02:00","-5.9","","-8.4","","82","","0.0","","26","","7","","","","94.80","","","","-9","","NA"
"-109.50","50.91","LEADER AIRPORT","402DAF0","2023-04-22 03:00","2023","04","22","03:00","-6.3","","-9.1","","80","","0.0","","26","","6","","","","94.77","","","","-9","","NA"
"-109.50","50.91","LEADER AIRPORT","402DAF0","2023-04-22 04:00","2023","04","22","04:00","-5.3","","-7.3","","85","","0.0","","22","","12","","","","94.73","","","","-10","","NA"
"-109.50","50.91","LEADER AIRPORT","402DAF0","2023-04-22 05:00","2023","04","22","05:00","-4.1","","-6.5","","83","","0.0","","25","","4","","","","94.73","","","","-6","","NA"
"-109.50","50.91","LEADER AIRPORT","402DAF0","2023-04-22 06:00","2023","04","22","06:00","-3.9","","-6.6","","82","","0.0","","26","","6","","","","94.70","","","","-7","","NA"
"-109.50","50.91","LEADER AIRPORT","402DAF0","2023-04-22 07:00","2023","04","22","07:00","-3.5","","-5.8","","84","","0.0","","26","","5","","","","94.67","","","","-6","","NA"
"-109.50","50.91","LEADER AIRPORT","402DAF0","2023-04-22 08:00","2023","04","22","08:00","-1.6","","-5.4","","75","","0.0","","0","","1","","","","94.64","","","","-2","","NA"
"-109.50","50.91","LEADER AIRPORT","402DAF0","2023-04-22 09:00","2023","04","22","09:00","0.0","","-6.3","","62","","0.0","","29","","3","","","","94.60","","","","-1","","NA"
"-109.50","50.91","LEADER AIRPORT","402DAF0","2023-04-22 10:00","2023","04","22","10:00","2.4","","-6.4","","52","","0.0","","15","","6","","","","94.56","","","","","","NA"
"-109.50","50.91","LEADER AIRPORT","402DAF0","2023-04-22 11:00","2023","04","22","11:00","1.6","","-7.3","","52","","0.0","","17","","7","","","","94.51","","","","","","NA"
"-109.50","50.91","LEADER AIRPORT","402DAF0","2023-04-22 12:00","2023","04","22","12:00","4.0","","-7.1","","44","","0.0","","17","","10","","","","94.46","","","","","","NA"
"-109.50","50.91","LEADER AIRPORT","402DAF0","2023-04-22 13:00","2023","04","22","13:00","5.2","","-8.4","","37","","0.0","","14","","12","","","","94.40","","","","","","NA"
"-109.50","50.91","LEADER AIRPORT","402DAF0","2023-04-22 14:00","2023","04","22","14:00","6.1","","-7.5","","37","","0.0","","16","","11","","","","94.33","","","","","","NA"
"-109.50","50.91","LEADER AIRPORT","402DAF0","2023-04-22 15:00","2023","04","22","15:00","6.3","","-8.3","","34","","0.0","","15","","16","","","","94.27","","","","","","NA"
"-109.50","50.91","LEADER AIRPORT","402DAF0","2023-04-22 16:00","2023","04","22","16:00","7.0","","-8.5","","32","","0.0","","15","","15","","","","94.20","","","","","","NA"
"-109.50","50.91","LEADER AIRPORT","402DAF0","2023-04-22 17:00","2023","04","22","17:00","6.6","","-8.7","","33","","0.0","","13","","18","","","","94.13","","","","","","NA"
"-109.50","50.91","LEADER AIRPORT","402DAF0","2023-04-22 18:00","2023","04","22","18:00","6.4","","-9.3","","31","","0.0","","18","","18","","","","94.11","","","","","","NA"
"-109.50","50.91","LEADER AIRPORT","402DAF0","2023-04-22 19:00","2023","04","22","19:00","6.2","","-8.8","","33","","0.0","","15","","13","","","","94.07","","","","","","NA"
"-109.50","50.91","LEADER AIRPORT","402DAF0","2023-04-22 20:00","2023","04","22","20:00","4.4","","-7.9","","40","","0.0","","13","","14","","","","94.03","","","","","","NA"
"-109.50","50.91","LEADER AIRPORT","402DAF0","2023-04-22 21:00","2023","04","22","21:00","1.5","","-6.7","","54","","0.0","","12","","15","","","","94.03","","","","","","NA"
"-109.50","50.91","LEADER AIRPORT","402DAF0","2023-04-22 22:00","2023","04","22","22:00","-0.2","","-6.5","","62","","0.0","","12","","16","","","","94.02","","","","-5","","NA"
"-109.50","50.91","LEADER AIRPORT","402DAF0","2023-04-22 23:00","2023","04","22","23:00","0.6","","-6.5","","59","","0.0","","13","","21","","","","93.97","","","","","","NA"
"-109.50","50.91","LEADER AIRPORT","402DAF0","2023-04-23 00:00","2023","04","23","00:00","-0.3","","-6.6","","62","","0.0","","13","","19","","","","93.90","","","","-5","","NA"
"-109.50","50.91","LEADER AIRPORT","402DAF0","2023-04-23 01:00","2023","04","23","01:00","-0.8","","-6.6","","65","","0.0","","12","","20","","","","93.87","","","","-6","","NA"
"-109.50","50.91","LEADER AIRPORT","402DAF0","2023-04-23 02:00","2023","04","23","02:00","-1.4","","-6.5","","68","","0.0","","13","","18","","","","93.85","","","","-7","","NA"
"-109.50","50.91","LEADER AIRPORT","402DAF0","2023-04-23 03:00","2023","04","23","03:00","-2.2","","-6.3","","73","","0.0","","13","","17","","","","93.80","","","","-8","","NA"
"-109.50","50.91","LEADER AIRPORT","402DAF0","2023-04-23 04:00","2023","04","23","04:00","-2.3","","-6.3","","74","","0.0","","12","","18","","","","93.74","","","","-8","","NA"
"-109.50","50.91","LEADER AIRPORT","402DAF0","2023-04-23 05:00","2023","04","23","05:00","-3.1","","-6.7","","76","","0.0","","12","","14","","","","93.74","","","","-8","","NA"
"-109.50","50.91","LEADER AIRPORT","402DAF0","2023-04-23 06:00","2023","04","23","06:00","-3.8","","-6.8","","80","","0.0","","11","","14","","","","93.71","","","","-9","","NA"
"-109.50","50.91","LEADER AIRPORT","402DAF0","2023-04-23 07:00","2023","04","23","07:00","-2.0","","-5.3","","78","","0.0","","11","","13","","","","93.70","","","","-6","","NA"
"-109.50","50.91","LEADER AIRPORT","402DAF0","2023-04-23 08:00","2023","04","23","08:00","1.0","","-5.0","","64","","0.0","","12","","21","","","","93.67","","","","","","NA"
"-109.50","50.91","LEADER AIRPORT","402DAF0","2023-04-23 09:00","2023","04","23","09:00","3.7","","-4.4","","55","","0.0","","12","","23","","","","93.62","","","","","","NA"
"-109.50","50.91","LEADER AIRPORT","402DAF0","2023-04-23 10:00","2023","04","23","10:00","6.8","","-4.3","","45","","0.0","","12","","22","","","","93.57","","","","","","NA"
"-109.50","50.91","LEADER AIRPORT","402DAF0","2023-04-23 11:00","2023","04","23","11:00","9.3","","-4.4","","38","","0.0","","14","","25","","","","93.54","","","","","","NA"
"-109.50","50.91","LEADER AIRPORT","402DAF0","2023-04-23 12:00","2023","04","23","12:00","11.2","","-4.6","","33","","0.0","","13","","23","","","","93.49","","","","","","NA"
"-109.50","50.91","LEADER AIRPORT","402DAF0","2023-04-23 13:00","2023","04","23","13:00","12.4","","-5.0","","29","","0.0","","13","","25","","","","93.44","","","","","","NA"
"-109.50","50.91","LEADER AIRPORT","402DAF0","2023-04-23 14:00","2023","04","23","14:00","13.1","","-5.0","","28","","0.0","","17","","21","","","","93.37","","","","","","NA"
"-109.50","50.91","LEADER AIRPORT","402DAF0","2023-04-23 15:00","2023","04","23","15:00","13.6","","-5.3","","27","","0.0","","13","","19","","","","93.34","","","","","","NA"
"-109.50","50.91","LEADER AIRPORT","402DAF0","2023-04-23 16:00","2023","04","23","16:00","13.9","","-4.7","","27","","0.0","","14","","19","","","","93.28","","","","","","NA"
"-109.50","50.91","LEADER AIRPORT","402DAF0","2023-04-23 17:00","2023","04","23","17:00","14.7","","-4.9","","25","","0.0","","15","","22","","","","93.24","","","","","","NA"
"-109.50","50.91","LEADER AIRPORT","402DAF0","2023-04-23 18:00","2023","04","23","18:00","13.6","","-5.2","","27","","0.0","","16","","27","","","","93.24","","","","","","NA"
"-109.50","50.91","LEADER AIRPORT","402DAF0","2023-04-23 19:00","2023","04","23","19:00","12.3","","-6.4","","27","","0.0","","15","","25","","","","93.23","","","","","","NA"
"-109.50","50.91","LEADER AIRPORT","402DAF0","2023-04-23 20:00","2023","04","23","20:00","9.7","","-5.4","","34","","0.0","","14","","16","","","","93.23","","","","","","NA"
"-109.50","50.91","LEADER AIRPORT","402DAF0","2023-04-23 21:00","2023","04","23","21:00","7.9","","-4.1","","42","","0.0","","12","","21","","","","93.24","","","","","","NA"
"-109.50","50.91","LEADER AIRPORT","402DAF0","2023-04-23 22:00","2023","04","23","22:00","6.5","","-2.7","","52","","0.0","","12","","30","","","","93.24","","","","","","NA"
"-109.50","50.91","LEADER AIRPORT","402DAF0","2023-04-23 23:00","2023","04","23","23:00","5.9","","-3.5","","51","","0.0","","12","","33","","","","93.21","","","","","","NA"
"-109.50","50.91","LEADER AIRPORT","402DAF0","2023-04-24 00:00","2023","04","24","00:00","4.5","","-3.9","","54","","0.0","","11","","28","","","","93.21","","","","","","NA"
"-109.50","50.91","LEADER AIRPORT","402DAF0","2023-04-24 01:00","2023","04","24","01:00","3.6","","-4.1","","57","","0.0","","12","","29","","","","93.20","","","","","","NA"
"-109.50","50.91","LEADER AIRPORT","402DAF0","2023-04-24 02:00","2023","04","24","02:00","2.1","","-4.3","","63","","0.0","","11","","26","","","","93.17","","","","","","NA"
"-109.50","50.91","LEADER AIRPORT","402DAF0","2023-04-24 03:00","2023","04","24","03:00","1.7","","-4.4","","64","","0.0","","11","","28","","","","93.12","","","","","","NA"
"-109.50","50.91","LEADER AIRPORT","402DAF0","2023-04-24 04:00","2023","04","24","04:00","1.4","","-5.2","","61","","0.0","","11","","28","","","","93.10","","","","","","NA"
"-109.50","50.91","LEADER AIRPORT","402DAF0","2023-04-24 05:00","2023","04","24","05:00","1.5","","-5.7","","58","","0.0","","12","","28","","","","93.08","","","","","","NA"
"-109.50","50.91","LEADER AIRPORT","402DAF0","2023-04-24 06:00","2023","04","24","06:00","1.6","","-6.4","","55","","0.0","","11","","23","","","","93.10","","","","","","NA"
"-109.50","50.91","LEADER AIRPORT","402DAF0","2023-04-24 07:00","2023","04","24","07:00","2.1","","-6.4","","53","","0.0","","12","","25","","","","93.10","","","","","","NA"
"-109.50","50.91","LEADER AIRPORT","402DAF0","2023-04-24 08:00","2023","04","24","08:00","3.6","","-6.3","","48","","0.0","","12","","32","","","","93.10","","","","","","NA"
"-109.50","50.91","LEADER AIRPORT","402DAF0","2023-04-24 09:00","2023","04","24","09:00","6.0","","-6.6","","40","","0.0","","14","","31","","","","93.09","","","","","","NA"
"-109.50","50.91","LEADER AIRPORT","402DAF0","2023-04-24 10:00","2023","04","24","10:00","8.4","","-6.5","","34","","0.0","","13","","30","","","","93.07","","","","","","NA"
"-109.50","50.91","LEADER AIRPORT","402DAF0","2023-04-24 11:00","2023","04","24","11:00","12.5","","-6.2","","27","","0.0","","12","","34","","","","93.06","","","","","","NA"
"-109.50","50.91","LEADER AIRPORT","402DAF0","2023-04-24 12:00","2023","04","24","12:00","14.1","","-5.9","","24","","0.0","","12","","32","","","","93.07","","","","","","NA"
"-109.50","50.91","LEADER AIRPORT","402DAF0","2023-04-24 13:00","2023","04","24","13:00","15.0","","-5.5","","24","","0.0","","12","","32","","","","93.03","","","","","","NA"
"-109.50","50.91","LEADER AIRPORT","402DAF0","2023-04-24 14:00","2023","04","24","14:00","14.8","","-5.5","","24","","0.0","","13","","31","","","","93.04","","","","","","NA"
"-109.50","50.91","LEADER AIRPORT","402DAF0","2023-04-24 15:00","2023","04","24","15:00","16.6","","-4.7","","23","","0.0","","13","","27","","","","93.05","","","","","","NA"
"-109.50","50.91","LEADER AIRPORT","402DAF0","2023-04-24 16:00","2023","04","24","16:00","17.6","","-4.0","","23","","0.0","","11","","26","","","","93.03","","","","","","NA"
"-109.50","50.91","LEADER AIRPORT","402DAF0","2023-04-24 17:00","2023","04","24","17:00","16.9","","-4.0","","24","","0.0","","14","","18","","","","93.05","","","","","","NA"
"-109.50","50.91","LEADER AIRPORT","402DAF0","2023-04-24 18:00","2023","04","24","18:00","16.8","","-4.4","","23","","0.0","","17","","20","","","","93.08","","","","","","NA"
"-109.50","50.91","LEADER AIRPORT","402DAF0","2023-04-24 19:00","2023","04","24","19:00","15.7","","-3.2","","27","","0.0","","14","","19","","","","93.10","","","","","","NA"
"-109.50","50.91","LEADER AIRPORT","402DAF0","2023-04-24 20:00","2023","04","24","20:00","12.3","","-2.1","","37","","0.0","","11","","27","","","","93.16","","","","","","NA"
"-109.50","50.91","LEADER AIRPORT","402DAF0","2023-04-24 21:00","2023","04","24","21:00","10.2","","-1.3","","45","","0.0","","11","","24","","","","93.25","","","","","","NA"
"-109.50","50.91","LEADER AIRPORT","402DAF0","2023-04-24 22:00","2023","04","24","22:00","9.2","","-0.9","","49","","0.0","","11","","25","","","","93.34","","","","","","NA"
"-109.50","50.91","LEADER AIRPORT","402DAF0","2023-04-24 23:00","2023","04","24","23:00","7.9","","0.0","","57","","0.0","","9","","17","","","","93.35","","","","","","NA"
"-109.50","50.91","LEADER AIRPORT","402DAF0","2023-04-25 00:00","2023","04","25","00:00","7.3","","-0.3","","59","","0.0","","10","","20","","","","93.37","","","","","","NA"
"-109.50","50.91","LEADER AIRPORT","402DAF0","2023-04-25 01:00","2023","04","25","01:00","6.5","","-0.9","","59","","0.0","","13","","14","","","","93.41","","","","","","NA"
"-109.50","50.91","LEADER AIRPORT","402DAF0","2023-04-25 02:00","2023","04","25","02:00","6.8","","-0.7","","59","","0.0","","13","","17","","","","93.39","","","","","","NA"
"-109.50","50.91","LEADER AIRPORT","402DAF0","2023-04-25 03:00","2023","04","25","03:00","7.3","","-0.7","","57","","0.0","","14","","17","","","","93.37","","","","","","NA"
"-109.50","50.91","LEADER AIRPORT","402DAF0","2023-04-25 04:00","2023","04","25","04:00","7.3","","-0.8","","56","","0.0","","15","","24","","","","93.36","","","","","","NA"
"-109.50","50.91","LEADER AIRPORT","402DAF0","2023-04-25 05:00","2023","04","25","05:00","7.3","","-0.8","","57","","0.0","","17","","16","","","","93.40","","","","","","NA"
"-109.50","50.91","LEADER AIRPORT","402DAF0","2023-04-25 06:00","2023","04","25","06:00","7.3","","-0.1","","59","","0.0","","16","","14","","","","93.38","","","","","","NA"
"-109.50","50.91","LEADER AIRPORT","402DAF0","2023-04-25 07:00","2023","04","25","07:00","5.5","","-0.3","","66","","0.0","","18","","11","","","","93.42","","","","","","NA"
"-109.50","50.91","LEADER AIRPORT","402DAF0","2023-04-25 08:00","2023","04","25","08:00","8.7","","-0.1","","54","","0.0","","18","","19","","","","93.40","","","","","","NA"
"-109.50","50.91","LEADER AIRPORT","402DAF0","2023-04-25 09:00","2023","04","25","09:00","12.1","","-0.9","","41","","0.0","","19","","21","","","","93.41","","","","","","NA"
"-109.50","50.91","LEADER AIRPORT","402DAF0","2023-04-25 10:00","2023","04","25","10:00","14.2","","0.1","","38","","0.0","","20","","18","","","","93.36","","","","","","NA"
"-109.50","50.91","LEADER AIRPORT","402DAF0","2023-04-25 11:00","2023","04","25","11:00","15.9","","1.0","","36","","0.0","","19","","16","","","","93.33","","","","","","NA"
"-109.50","50.91","LEADER AIRPORT","402DAF0","2023-04-25 12:00","2023","04","25","12:00","18.3","","1.4","","32","","0.0","","19","","20","","","","93.30","","","","","","NA"
"-109.50","50.91","LEADER AIRPORT","402DAF0","2023-04-25 13:00","2023","04","25","13:00","18.5","","1.5","","32","","0.0","","20","","19","","","","93.24","","","","","","NA"
"-109.50","50.91","LEADER AIRPORT","402DAF0","2023-04-25 14:00","2023","04","25","14:00","18.7","","0.1","","28","","0.0","","22","","21","","","","93.16","","","","","","NA"
"-109.50","50.91","LEADER AIRPORT","402DAF0","2023-04-25 15:00","2023","04","25","15:00","19.0","","-1.8","","24","","0.0","","22","","20","","","","93.11","","","","","","NA"
"-109.50","50.91","LEADER AIRPORT","402DAF0","2023-04-25 16:00","2023","04","25","16:00","19.0","","-1.9","","24","","0.0","","24","","23","","","","93.07","","","","","","NA"
"-109.50","50.91","LEADER AIRPORT","402DAF0","2023-04-25 17:00","2023","04","25","17:00","18.9","","-1.0","","26","","0.0","","26","","28","","","","93.04","","","","","","NA"
"-109.50","50.91","LEADER AIRPORT","402DAF0","2023-04-25 18:00","2023","04","25","18:00","18.6","","-1.4","","26","","0.0","","25","","31","","","","93.00","","","","","","NA"
"-109.50","50.91","LEADER AIRPORT","402DAF0","2023-04-25 19:00","2023","04","25","19:00","17.8","","-2.2","","26","","0.0","","24","","18","","","","92.97","","","","","","NA"
"-109.50","50.91","LEADER AIRPORT","402DAF0","2023-04-25 20:00","2023","04","25","20:00","15.1","","-1.3","","32","","0.0","","27","","13","","","","92.96","","","","","","NA"
"-109.50","50.91","LEADER AIRPORT","402DAF0","2023-04-25 21:00","2023","04","25","21:00","13.1","","-1.0","","38","","0.0","","27","","11","","","","92.99","","","","","","NA"
"-109.50","50.91","LEADER AIRPORT","402DAF0","2023-04-25 22:00","2023","04","25","22:00","8.3","","1.0","","60","","0.0","","35","","46","","","","93.13","","","","","","NA"
"-109.50","50.91","LEADER AIRPORT","402DAF0","2023-04-25 23:00","2023","04","25","23:00","5.5","","0.7","","71","","0.0","","35","","45","","","","93.33","","","","","","NA"
"-109.50","50.91","LEADER AIRPORT","402DAF0","2023-04-26 00:00","2023","04","26","00:00","4.7","","0.0","","71","","0.0","","36","","31","","","","93.45","","","","","","NA"
"-109.50","50.91","LEADER AIRPORT","402DAF0","2023-04-26 01:00","2023","04","26","01:00","3.9","","-0.5","","73","","0.0","","1","","15","","","","93.55","","","","","","NA"
"-109.50","50.91","LEADER AIRPORT","402DAF0","2023-04-26 02:00","2023","04","26","02:00","3.9","","-0.3","","74","","0.0","","30","","15","","","","93.65","","","","","","NA"
"-109.50","50.91","LEADER AIRPORT","402DAF0","2023-04-26 03:00","2023","04","26","03:00","3.9","","-0.5","","73","","0.0","","30","","8","","","","93.68","","","","","","NA"
"-109.50","50.91","LEADER AIRPORT","402DAF0","2023-04-26 04:00","2023","04","26","04:00","1.2","","-2.1","","78","","0.0","","26","","13","","","","93.71","","","","","","NA"
"-109.50","50.91","LEADER AIRPORT","402DAF0","2023-04-26 05:00","2023","04","26","05:00","0.8","","-1.9","","82","","0.0","","25","","17","","","","93.76","","","","","","NA"
"-109.50","50.91","LEADER AIRPORT","402DAF0","2023-04-26 06:00","2023","04","26","06:00","1.8","","-1.4","","79","","0.0","","27","","17","","","","93.79","","","","","","NA"
"-109.50","50.91","LEADER AIRPORT","402DAF0","2023-04-26 07:00","2023","04","26","07:00","2.5","","-1.7","","74","","0.0","","27","","15","","","","93.81","","","","","","NA"
"-109.50","50.91","LEADER AIRPORT","402DAF0","2023-04-26 08:00","2023","04","26","08:00","5.4","","-3.5","","53","","0.0","","27","","18","","","","93.82","","","","","","NA"
"-109.50","50.91","LEADER AIRPORT","402DAF0","2023-04-26 09:00","2023","04","26","09:00","7.3","","-5.4","","40","","0.0","","29","","16","","","","93.77","","","","","","NA"
"-109.50","50.91","LEADER AIRPORT","402DAF0","2023-04-26 10:00","2023","04","26","10:00","9.3","","-6.0","","33","","0.0","","27","","18","","","","93.73","","","","","","NA"
"-109.50","50.91","LEADER AIRPORT","402DAF0","2023-04-26 11:00","2023","04","26","11:00","10.8","","-6.1","","30","","0.0","","27","","19","","","","93.68","","","","","","NA"
"-109.50","50.91","LEADER AIRPORT","402DAF0","2023-04-26 12:00","2023","04","26","12:00","11.6","","-6.6","","27","","0.0","","27","","24","","","","93.61","","","","","","NA"
"-109.50","50.91","LEADER AIRPORT","402DAF0","2023-04-26 13:00","2023","04","26","13:00","13.1","","-7.7","","23","","0.0","","26","","21","","","","93.49","","","","","","NA"
"-109.50","50.91","LEADER AIRPORT","402DAF0","2023-04-26 14:00","2023","04","26","14:00","13.1","","-6.5","","25","","0.0","","23","","22","","","","93.35","","","","","","NA"
"-109.50","50.91","LEADER AIRPORT","402DAF0","2023-04-26 15:00","2023","04","26","15:00","14.2","","-5.3","","25","","0.0","","23","","22","","","","93.22","","","","","","NA"
"-109.50","50.91","LEADER AIRPORT","402DAF0","2023-04-26 16:00","2023","04","26","16:00","15.0","","-4.7","","25","","0.0","","22","","18","","","","93.06","","","","","","NA"
"-109.50","50.91","LEADER AIRPORT","402DAF0","2023-04-26 17:00","2023","04","26","17:00","14.9","","-3.9","","27","","0.0","","23","","12","","","","92.92","","","","","","NA"
"-109.50","50.91","LEADER AIRPORT","402DAF0","2023-04-26 18:00","2023","04","26","18:00","15.4","","-4.1","","26","","0.0","","22","","9","","","","92.81","","","","","","NA"
"-109.50","50.91","LEADER AIRPORT","402DAF0","2023-04-26 19:00","2023","04","26","19:00","14.8","","-3.6","","28","","0.0","","5","","7","","","","92.69","","","","","","NA"
"-109.50","50.91","LEADER AIRPORT","402DAF0","2023-04-26 20:00","2023","04","26","20:00","13.1","","-3.6","","31","","0.0","","5","","11","","","","92.66","","","","","","NA"
"-109.50","50.91","LEADER AIRPORT","402DAF0","2023-04-26 21:00","2023","04","26","21:00","11.6","","-3.9","","34","","0.0","","7","","22","","","","92.64","","","","","","NA"
"-109.50","50.91","LEADER AIRPORT","402DAF0","2023-04-26 22:00","2023","04","26","22:00","10.1","","-4.3","","36","","0.0","","9","","20","","","","92.59","","","","","","NA"
"-109.50","50.91","LEADER AIRPORT","402DAF0","2023-04-26 23:00","2023","04","26","23:00","7.2","","-3.6","","46","","0.0","","5","","16","","","","92.58","","","","","","NA"
"-109.50","50.91","LEADER AIRPORT","402DAF0","2023-04-27 00:00","2023","04","27","00:00","7.1","","1.0","","65","","0.0","","36","","26","","","","92.74","","","","","","NA"
"-109.50","50.91","LEADER AIRPORT","402DAF0","2023-04-27 01:00","2023","04","27","01:00","6.3","","3.7","","83","","1.5","","5","","10","","","","92.72","","","","","","NA"
"-109.50","50.91","LEADER AIRPORT","402DAF0","2023-04-27 02:00","2023","04","27","02:00","6.2","","3.8","","84","","0.0","","25","","10","","","","92.84","","","","","","NA"
"-109.50","50.91","LEADER AIRPORT","402DAF0","2023-04-27 03:00","2023","04","27","03:00","6.1","","3.8","","85","","0.0","","30","","8","","","","92.87","","","","","","NA"
"-109.50","50.91","LEADER AIRPORT","402DAF0","2023-04-27 04:00","2023","04","27","04:00","5.9","","3.2","","83","","0.0","","31","","15","","","","92.97","","","","","","NA"
"-109.50","50.91","LEADER AIRPORT","402DAF0","2023-04-27 05:00","2023","04","27","05:00","6.3","","3.3","","81","","0.0","","28","","17","","","","93.04","","","","","","NA"
"-109.50","50.91","LEADER AIRPORT","402DAF0","2023-04-27 06:00","2023","04","27","06:00","5.6","","2.7","","81","","0.0","","27","","20","","","","93.16","","","","","","NA"
"-109.50","50.91","LEADER AIRPORT","402DAF0","2023-04-27 07:00","2023","04","27","07:00","5.6","","2.6","","81","","0.0","","29","","30","","","","93.30","","","","","","NA"
"-109.50","50.91","LEADER AIRPORT","402DAF0","2023-04-27 08:00","2023","04","27","08:00","5.8","","2.8","","81","","0.0","","29","","34","","","","93.44","","","","","","NA"
"-109.50","50.91","LEADER AIRPORT","402DAF0","2023-04-27 09:00","2023","04","27","09:00","6.8","","2.7","","75","","0.0","","32","","33","","","","93.56","","","","","","NA"
"-109.50","50.91","LEADER AIRPORT","402DAF0","2023-04-27 10:00","2023","04","27","10:00","8.8","","2.6","","65","","0.0","","33","","32","","","","93.66","","","","","","NA"
"-109.50","50.91","LEADER AIRPORT","402DAF0","2023-04-27 11:00","2023","04","27","11:00","8.3","","2.8","","68","","0.0","","30","","25","","","","93.76","","","","","","NA"
"-109.50","50.91","LEADER AIRPORT","402DAF0","2023-04-27 12:00","2023","04","27","12:00","9.1","","1.9","","61","","0.0","","29","","28","","","","93.83","","","","","","NA"
"-109.50","50.91","LEADER AIRPORT","402DAF0","2023-04-27 13:00","2023","04","27","13:00","9.7","","0.3","","52","","0.0","","29","","25","","","","93.86","","","","","","NA"
"-109.50","50.91","LEADER AIRPORT","402DAF0","2023-04-27 14:00","2023","04","27","14:00","10.3","","-0.6","","47","","0.0","","29","","34","","","","93.90","","","","","","NA"
"-109.50","50.91","LEADER AIRPORT","402DAF0","2023-04-27 15:00","2023","04","27","15:00","10.8","","-1.9","","41","","0.0","","29","","27","","","","93.93","","","","","","NA"
"-109.50","50.91","LEADER AIRPORT","402DAF0","2023-04-27 16:00","2023","04","27","16:00","11.0","","-2.6","","38","","0.0","","29","","26","","","","93.91","","","","","","NA"
"-109.50","50.91","LEADER AIRPORT","402DAF0","2023-04-27 17:00","2023","04","27","17:00","11.4","","-1.5","","41","","0.0","","28","","24","","","","93.95","","","","","","NA"
"-109.50","50.91","LEADER AIRPORT","402DAF0","2023-04-27 18:00","2023","04","27","18:00","11.2","","-2.5","","38","","0.0","","32","","19","","","","93.99","","","","","","NA"
"-109.50","50.91","LEADER AIRPORT","402DAF0","2023-04-27 19:00","2023","04","27","19:00","11.1","","-3.0","","37","","0.0","","33","","23","","","","94.01","","","","","","NA"
"-109.50","50.91","LEADER AIRPORT","402DAF0","2023-04-27 20:00","2023","04","27","20:00","10.5","","-2.6","","40","","0.0","","34","","18","","","","94.04","","","","","","NA"
"-109.50","50.91","LEADER AIRPORT","402DAF0","2023-04-27 21:00","2023","04","27","21:00","6.8","","-2.3","","52","","0.0","","2","","7","","","","94.07","","","","","","NA"
"-109.50","50.91","LEADER AIRPORT","402DAF0","2023-04-27 22:00","2023","04","27","22:00","4.6","","-3.2","","57","","0.0","","8","","6","","","","94.09","","","","","","NA"
"-109.50","50.91","LEADER AIRPORT","402DAF0","2023-04-27 23:00","2023","04","27","23:00","3.6","","-2.0","","67","","0.0","","12","","9","","","","94.09","","","","","","NA"
"-109.50","50.91","LEADER AIRPORT","402DAF0","2023-04-28 00:00","2023","04","28","00:00","1.0","","-2.8","","76","","0.0","","19","","15","","","","94.08","","","","","","NA"
"-109.50","50.91","LEADER AIRPORT","402DAF0","2023-04-28 01:00","2023","04","28","01:00","-0.2","","-3.4","","79","","0.0","","19","","12","","","","94.08","","","","-4","","NA"
"-109.50","50.91","LEADER AIRPORT","402DAF0","2023-04-28 02:00","2023","04","28","02:00","0.0","","-2.9","","81","","0.0","","18","","15","","","","94.03","","","","-4","","NA"
"-109.50","50.91","LEADER AIRPORT","402DAF0","2023-04-28 03:00","2023","04","28","03:00","-0.4","","-3.2","","81","","0.0","","17","","11","","","","94.03","","","","-4","","NA"
"-109.50","50.91","LEADER AIRPORT","402DAF0","2023-04-28 04:00","2023","04","28","04:00","2.3","","-1.3","","77","","0.0","","20","","10","","","","94.01","","","","","","NA"
"-109.50","50.91","LEADER AIRPORT","402DAF0","2023-04-28 05:00","2023","04","28","05:00","3.7","","-0.7","","73","","0.0","","19","","11","","","","93.96","","","","","","NA"
"-109.50","50.91","LEADER AIRPORT","402DAF0","2023-04-28 06:00","2023","04","28","06:00","4.5","","-1.1","","67","","0.0","","19","","13","","","","93.90","","","","","","NA"
"-109.50","50.91","LEADER AIRPORT","402DAF0","2023-04-28 07:00","2023","04","28","07:00","5.3","","-0.9","","64","","0.0","","19","","12","","","","93.91","","","","","","NA"
"-109.50","50.91","LEADER AIRPORT","402DAF0","2023-04-28 08:00","2023","04","28","08:00","7.5","","-1.2","","54","","0.0","","22","","14","","","","93.92","","","","","","NA"
"-109.50","50.91","LEADER AIRPORT","402DAF0","2023-04-28 09:00","2023","04","28","09:00","9.7","","-2.2","","43","","0.0","","23","","21","","","","93.90","","","","","","NA"
"-109.50","50.91","LEADER AIRPORT","402DAF0","2023-04-28 10:00","2023","04","28","10:00","12.0","","-3.0","","35","","0.0","","27","","24","","","","93.91","","","","","","NA"
"-109.50","50.91","LEADER AIRPORT","402DAF0","2023-04-28 11:00","2023","04","28","11:00","13.7","","-2.3","","33","","0.0","","27","","21","","","","93.90","","","","","","NA"
"-109.50","50.91","LEADER AIRPORT","402DAF0","2023-04-28 12:00","2023","04","28","12:00","15.8","","-3.3","","27","","0.0","","28","","29","","","","93.84","","","","","","NA"
"-109.50","50.91","LEADER AIRPORT","402DAF0","2023-04-28 13:00","2023","04","28","13:00","16.4","","-4.0","","24","","0.0","","29","","32","","","","93.79","","","","","","NA"
"-109.50","50.91","LEADER AIRPORT","402DAF0","2023-04-28 14:00","2023","04","28","14:00","17.2","","-4.5","","22","","0.0","","30","","34","","","","93.76","","","","","","NA"
"-109.50","50.91","LEADER AIRPORT","402DAF0","2023-04-28 15:00","2023","04","28","15:00","18.4","","-4.3","","21","","0.0","","30","","39","","","","93.74","","","","","","NA"
"-109.50","50.91","LEADER AIRPORT","402DAF0","2023-04-28 16:00","2023","04","28","16:00","18.5","","-5.8","","19","","0.0","","30","","38","","","","93.74","","","","","","NA"
"-109.50","50.91","LEADER AIRPORT","402DAF0","2023-04-28 17:00","2023","04","28","17:00","18.4","","-6.7","","17","","0.0","","31","","37","","","","93.75","","","","","","NA"
"-109.50","50.91","LEADER AIRPORT","402DAF0","2023-04-28 18:00","2023","04","28","18:00","17.8","","-7.1","","18","","0.0","","31","","37","","","","93.78","","","","","","NA"
"-109.50","50.91","LEADER AIRPORT","402DAF0","2023-04-28 19:00","2023","04","28","19:00","16.7","","-7.8","","18","","0.0","","31","","33","","","","93.81","","","","","","NA"
"-109.50","50.91","LEADER AIRPORT","402DAF0","2023-04-28 20:00","2023","04","28","20:00","14.6","","-6.8","","22","","0.0","","33","","26","","","","93.86","","","","","","NA"
"-109.50","50.91","LEADER AIRPORT","402DAF0","2023-04-28 21:00","2023","04","28","21:00","10.8","","-6.5","","29","","0.0","","34","","12","","","","93.92","","","","","","NA"
"-109.50","50.91","LEADER AIRPORT","402DAF0","2023-04-28 22:00","2023","04","28","22:00","8.8","","-7.2","","32","","0.0","","1","","9","","","","93.93","","","","","","NA"
"-109.50","50.91","LEADER AIRPORT","402DAF0","2023-04-28 23:00","2023","04","28","23:00","7.4","","-7.1","","35","","0.0","","30","","7","","","","93.99","","","","","","NA"
"-109.50","50.91","LEADER AIRPORT","402DAF0","2023-04-29 00:00","2023","04","29","00:00","5.6","","-6.3","","42","","0.0","","28","","9","","","","94.05","","","","","","NA"
"-109.50","50.91","LEADER AIRPORT","402DAF0","2023-04-29 01:00","2023","04","29","01:00","6.8","","-7.1","","37","","0.0","","31","","8","","","","94.09","","","","","","NA"
"-109.50","50.91","LEADER AIRPORT","402DAF0","2023-04-29 02:00","2023","04","29","02:00","6.6","","-5.8","","40","","0.0","","29","","10","","","","94.11","","","","","","NA"
"-109.50","50.91","LEADER AIRPORT","402DAF0","2023-04-29 03:00","2023","04","29","03:00","5.2","","-6.0","","44","","0.0","","33","","8","","","","94.12","","","","","","NA"
"-109.50","50.91","LEADER AIRPORT","402DAF0","2023-04-29 04:00","2023","04","29","04:00","3.6","","-5.7","","50","","0.0","","34","","7","","","","94.15","","","","","","NA"
"-109.50","50.91","LEADER AIRPORT","402DAF0","2023-04-29 05:00","2023","04","29","05:00","3.0","","-5.7","","53","","0.0","","1","","7","","","","94.20","","","","","","NA"
"-109.50","50.91","LEADER AIRPORT","402DAF0","2023-04-29 06:00","2023","04","29","06:00","2.2","","-6.5","","53","","0.0","","4","","6","","","","94.24","","","","","","NA"
"-109.50","50.91","LEADER AIRPORT","402DAF0","2023-04-29 07:00","2023","04","29","07:00","3.1","","-5.9","","52","","0.0","","6","","6","","","","94.29","","","","","","NA"
"-109.50","50.91","LEADER AIRPORT","402DAF0","2023-04-29 08:00","2023","04","29","08:00","5.5","","-5.4","","46","","0.0","","9","","6","","","","94.32","","","","","","NA"
"-109.50","50.91","LEADER AIRPORT","402DAF0","2023-04-29 09:00","2023","04","29","09:00","9.5","","-4.0","","38","","0.0","","12","","6","","","","94.34","","","","","","NA"
"-109.50","50.91","LEADER AIRPORT","402DAF0","2023-04-29 10:00","2023","04","29","10:00","12.9","","-3.9","","31","","0.0","","15","","6","","","","94.33","","","","","","NA"
"-109.50","50.91","LEADER AIRPORT","402DAF0","2023-04-29 11:00","2023","04","29","11:00","15.0","","-4.7","","25","","0.0","","12","","6","","","","94.31","","","","","","NA"
"-109.50","50.91","LEADER AIRPORT","402DAF0","2023-04-29 12:00","2023","04","29","12:00","15.3","","-6.2","","22","","0.0","","9","","9","","","","94.29","","","","","","NA"
"-109.50","50.91","LEADER AIRPORT","402DAF0","2023-04-29 13:00","2023","04","29","13:00","16.0","","-6.0","","21","","0.0","","10","","9","","","","94.24","","","","","","NA"
"-109.50","50.91","LEADER AIRPORT","402DAF0","2023-04-29 14:00","2023","04","29","14:00","17.1","","-6.9","","19","","0.0","","23","","6","","","","94.22","","","","","","NA"
"-109.50","50.91","LEADER AIRPORT","402DAF0","2023-04-29 15:00","2023","04","29","15:00","17.6","","-7.8","","17","","0.0","","36","","11","","","","94.18","","","","","","NA"
"-109.50","50.91","LEADER AIRPORT","402DAF0","2023-04-29 16:00","2023","04","29","16:00","17.4","","-7.7","","17","","0.0","","36","","13","","","","94.14","","","","","","NA"
"-109.50","50.91","LEADER AIRPORT","402DAF0","2023-04-29 17:00","2023","04","29","17:00","17.7","","-7.8","","17","","0.0","","36","","14","","","","94.10","","","","","","NA"
"-109.50","50.91","LEADER AIRPORT","402DAF0","2023-04-29 18:00","2023","04","29","18:00","17.1","","-8.7","","16","","0.0","","3","","19","","","","94.09","","","","","","NA"
"-109.50","50.91","LEADER AIRPORT","402DAF0","2023-04-29 19:00","2023","04","29","19:00","16.5","","-8.1","","18","","0.0","","6","","11","","","","94.07","","","","","","NA"
"-109.50","50.91","LEADER AIRPORT","402DAF0","2023-04-29 20:00","2023","04","29","20:00","15.6","","-7.3","","20","","0.0","","8","","16","","","","94.05","","","","","","NA"
"-109.50","50.91","LEADER AIRPORT","402DAF0","2023-04-29 21:00","2023","04","29","21:00","9.1","","-7.7","","30","","0.0","","8","","14","","","","94.07","","","","","","NA"
"-109.50","50.91","LEADER AIRPORT","402DAF0","2023-04-29 22:00","2023","04","29","22:00","7.3","","-8.0","","33","","0.0","","9","","13","","","","94.12","","","","","","NA"
"-109.50","50.91","LEADER AIRPORT","402DAF0","2023-04-29 23:00","2023","04","29","23:00","5.2","","-8.9","","35","","0.0","","9","","16","","","","94.11","","","","","","NA"
"-109.50","50.91","LEADER AIRPORT","402DAF0","2023-04-30 00:00","2023","04","30","00:00","4.8","","-9.3","","35","","0.0","","9","","17","","","","94.11","","","","","","NA"
"-109.50","50.91","LEADER AIRPORT","402DAF0","2023-04-30 01:00","2023","04","30","01:00","3.9","","-8.8","","39","","0.0","","10","","21","","","","94.10","","","","","","NA"
"-109.50","50.91","LEADER AIRPORT","402DAF0","2023-04-30 02:00","2023","04","30","02:00","2.8","","-7.5","","46","","0.0","","11","","14","","","","94.09","","","","","","NA"
"-109.50","50.91","LEADER AIRPORT","402DAF0","2023-04-30 03:00","2023","04","30","03:00","0.5","","-7.7","","54","","0.0","","10","","15","","","","94.07","","","","","","NA"
"-109.50","50.91","LEADER AIRPORT","402DAF0","2023-04-30 04:00","2023","04","30","04:00","2.4","","-6.6","","51","","0.0","","12","","17","","","","94.03","","","","","","NA"
"-109.50","50.91","LEADER AIRPORT","402DAF0","2023-04-30 05:00","2023","04","30","05:00","0.1","","-7.2","","58","","0.0","","10","","12","","","","94.02","","","","","","NA"
"-109.50","50.91","LEADER AIRPORT","402DAF0","2023-04-30 06:00","2023","04","30","06:00","-0.4","","-6.6","","63","","0.0","","10","","15","","","","94.01","","","","-5","","NA"
"-109.50","50.91","LEADER AIRPORT","402DAF0","2023-04-30 07:00","2023","04","30","07:00","2.1","","-5.4","","58","","0.0","","10","","13","","","","93.98","","","","","","NA"
"-109.50","50.91","LEADER AIRPORT","402DAF0","2023-04-30 08:00","2023","04","30","08:00","8.9","","-6.5","","33","","0.0","","12","","17","","","","93.97","","","","","","NA"
"-109.50","50.91","LEADER AIRPORT","402DAF0","2023-04-30 09:00","2023","04","30","09:00","12.1","","-6.3","","27","","0.0","","14","","23","","","","93.93","","","","","","NA"
"-109.50","50.91","LEADER AIRPORT","402DAF0","2023-04-30 10:00","2023","04","30","10:00","14.6","","-6.7","","22","","0.0","","12","","22","","","","93.91","","","","","","NA"
"-109.50","50.91","LEADER AIRPORT","402DAF0","2023-04-30 11:00","2023","04","30","11:00","15.9","","-7.5","","19","","0.0","","11","","26","","","","93.84","","","","","","NA"
"-109.50","50.91","LEADER AIRPORT","402DAF0","2023-04-30 12:00","2023","04","30","12:00","17.6","","-8.3","","16","","0.0","","11","","27","","","","93.82","","","","","","NA"
"-109.50","50.91","LEADER AIRPORT","402DAF0","2023-04-30 13:00","2023","04","30","13:00","18.7","","-7.9","","16","","0.0","","11","","28","","","","93.76","","","","","","NA"
"-109.50","50.91","LEADER AIRPORT","402DAF0","2023-04-30 14:00","2023","04","30","14:00","20.1","","-8.2","","14","","0.0","","11","","25","","","","93.71","","","","","","NA"
"-109.50","50.91","LEADER AIRPORT","402DAF0","2023-04-30 15:00","2023","04","30","15:00","20.5","","-8.0","","14","","0.0","","11","","25","","","","93.64","","","","","","NA"
"-109.50","50.91","LEADER AIRPORT","402DAF0","2023-04-30 16:00","2023","04","30","16:00","20.8","","-7.2","","15","","0.0","","11","","24","","","","93.58","","","","","","NA"
"-109.50","50.91","LEADER AIRPORT","402DAF0","2023-04-30 17:00","2023","04","30","17:00","21.4","","-7.4","","14","","0.0","","12","","24","","","","93.54","","","","","","NA"
"-109.50","50.91","LEADER AIRPORT","402DAF0","2023-04-30 18:00","2023","04","30","18:00","20.7","","-7.4","","14","","0.0","","10","","29","","","","93.49","","","","","","NA"
"-109.50","50.91","LEADER AIRPORT","402DAF0","2023-04-30 19:00","2023","04","30","19:00","19.9","","-7.5","","15","","0.0","","10","","28","","","","93.48","","","","","","NA"
"-109.50","50.91","LEADER AIRPORT","402DAF0","2023-04-30 20:00","2023","04","30","20:00","17.5","","-7.1","","18","","0.0","","10","","21","","","","93.45","","","","","","NA"
"-109.50","50.91","LEADER AIRPORT","402DAF0","2023-04-30 21:00","2023","04","30","21:00","13.5","","-6.5","","24","","0.0","","9","","23","","","","93.47","","","","","","NA"
"-109.50","50.91","LEADER AIRPORT","402DAF0","2023-04-30 22:00","2023","04","30","22:00","10.8","","-7.2","","28","","0.0","","9","","25","","","","93.48","","","","","","NA"
"-109.50","50.91","LEADER AIRPORT","402DAF0","2023-04-30 23:00","2023","04","30","23:00","9.3","","-6.8","","32","","0.0","","10","","29","","","","93.48","","","","","","NA"
