"Longitude (x)","Latitude (y)","Station Name","Climate ID","Date/Time (LST)","Year","Month","Day","Time (LST)","Temp (°C)","Temp Flag","Dew Point Temp (°C)","Dew Point Temp Flag","Rel Hum (%)","Rel Hum Flag","Precip. Amount (mm)","Precip. Amount Flag","Wind Dir (10s deg)","Wind Dir Flag","Wind Spd (km/h)","Wind Spd Flag","Visibility (km)","Visibility Flag","Stn Press (kPa)","Stn Press Flag","Hmdx","Hmdx Flag","Wind Chill","Wind Chill Flag","Weather"
"-110.80","51.07","CAPPON","3021200","2022-05-01 00:00","2022","05","01","00:00","6.9","","-3.4","","48","","0.0","","9","","21","","","","","","","","","","NA"
"-110.80","51.07","CAPPON","3021200","2022-05-01 01:00","2022","05","01","01:00","3.5","","-3.5","","60","","0.0","","8","","19","","","","","","","","","","NA"
"-110.80","51.07","CAPPON","3021200","2022-05-01 02:00","2022","05","01","02:00","5.5","","-4.0","","50","","0.0","","10","","22","","","","","","","","","","NA"
"-110.80","51.07","CAPPON","3021200","2022-05-01 03:00","2022","05","01","03:00","5.3","","-4.1","","51","","0.0","","10","","21","","","","","","","","","","NA"
"-110.80","51.07","CAPPON","3021200","2022-05-01 04:00","2022","05","01","04:00","5.1","","-3.9","","52","","0.0","","10","","20","","","","","","","","","","NA"
"-110.80","51.07","CAPPON","3021200","2022-05-01 05:00","2022","05","01","05:00","4.9","","-3.8","","53","","0.0","","10","","16","","","","","","","","","","NA"
"-110.80","51.07","CAPPON","3021200","2022-05-01 06:00","2022","05","01","06:00","5.3","","-3.4","","53","","0.0","","9","","15","","","","","","","","","","NA"
"-110.80","51.07","CAPPON","3021200","2022-05-01 07:00","2022","05","01","07:00","6.9","","-2.5","","51","","0.0","","9","","16","","","","","","","","","","NA"
"-110.80","51.07","CAPPON","3021200","2022-05-01 08:00","2022","05","01","08:00","10.2","","-1.7","","43","","0.0","","10","","16","","","","","","","","","","NA"
"-110.80","51.07","CAPPON","3021200","2022-05-01 09:00","2022","05","01","09:00","12.4","","-2.0","","37","","0.0","","11","","17","","","","","","","","","","NA"
"-110.80","51.07","CAPPON","3021200","2022-05-01 10:00","2022","05","01","10:00","13.9","","-2.3","","33","","0.0","","14","","15","","","","","","","","","","NA"
"-110.80","51.07","CAPPON","3021200","2022-05-01 11:00","2022","05","01","11:00","14.9","","-4.3","","26","","0.0","","14","","18","","","","","","","","","","NA"
"-110.80","51.07","CAPPON","3021200","2022-05-01 12:00","2022","05","01","12:00","15.0","","-4.6","","26","","0.0","","14","","21","","","","","","","","","","NA"
"-110.80","51.07","CAPPON","3021200","2022-05-01 13:00","2022","05","01","13:00","16.5","","-3.2","","26","","0.0","","8","","14","","","","","","","","","","NA"
"-110.80","51.07","CAPPON","3021200","2022-05-01 14:00","2022","05","01","14:00","16.4","","-4.0","","24","","0.0","","16","","22","","","","","","","","","","NA"
"-110.80","51.07","CAPPON","3021200","2022-05-01 15:00","2022","05","01","15:00","15.6","","-5.3","","23","","0.0","","14","","26","","","","","","","","","","NA"
"-110.80","51.07","CAPPON","3021200","2022-05-01 16:00","2022","05","01","16:00","15.5","","-5.2","","24","","0.0","","12","","21","","","","","","","","","","NA"
"-110.80","51.07","CAPPON","3021200","2022-05-01 17:00","2022","05","01","17:00","15.2","","-5.7","","23","","0.0","","13","","24","","","","","","","","","","NA"
"-110.80","51.07","CAPPON","3021200","2022-05-01 18:00","2022","05","01","18:00","15.6","","-5.2","","24","","0.0","","16","","22","","","","","","","","","","NA"
"-110.80","51.07","CAPPON","3021200","2022-05-01 19:00","2022","05","01","19:00","14.1","","-4.0","","28","","0.0","","18","","23","","","","","","","","","","NA"
"-110.80","51.07","CAPPON","3021200","2022-05-01 20:00","2022","05","01","20:00","12.6","","-2.1","","36","","0.0","","17","","18","","","","","","","","","","NA"
"-110.80","51.07","CAPPON","3021200","2022-05-01 21:00","2022","05","01","21:00","11.7","","-0.5","","43","","0.0","","15","","19","","","","","","","","","","NA"
"-110.80","51.07","CAPPON","3021200","2022-05-01 22:00","2022","05","01","22:00","11.1","","-0.1","","46","","0.0","","14","","17","","","","","","","","","","NA"
"-110.80","51.07","CAPPON","3021200","2022-05-01 23:00","2022","05","01","23:00","10.0","","-0.1","","49","","0.0","","12","","17","","","","","","","","","","NA"
"-110.80","51.07","CAPPON","3021200","2022-05-02 00:00","2022","05","02","00:00","9.3","","-1.0","","48","","0.0","","12","","18","","","","","","","","","","NA"
"-110.80","51.07","CAPPON","3021200","2022-05-02 01:00","2022","05","02","01:00","9.0","","0.3","","55","","0.0","","15","","23","","","","","","","","","","NA"
"-110.80","51.07","CAPPON","3021200","2022-05-02 02:00","2022","05","02","02:00","8.0","","-0.3","","56","","0.0","","12","","18","","","","","","","","","","NA"
"-110.80","51.07","CAPPON","3021200","2022-05-02 03:00","2022","05","02","03:00","6.8","","-1.2","","57","","0.0","","10","","16","","","","","","","","","","NA"
"-110.80","51.07","CAPPON","3021200","2022-05-02 04:00","2022","05","02","04:00","5.9","","-2.0","","57","","0.0","","15","","16","","","","","","","","","","NA"
"-110.80","51.07","CAPPON","3021200","2022-05-02 05:00","2022","05","02","05:00","5.3","","-2.4","","58","","0.0","","14","","24","","","","","","","","","","NA"
"-110.80","51.07","CAPPON","3021200","2022-05-02 06:00","2022","05","02","06:00","7.5","","-1.8","","52","","0.0","","14","","29","","","","","","","","","","NA"
"-110.80","51.07","CAPPON","3021200","2022-05-02 07:00","2022","05","02","07:00","9.1","","-0.8","","50","","0.0","","15","","27","","","","","","","","","","NA"
"-110.80","51.07","CAPPON","3021200","2022-05-02 08:00","2022","05","02","08:00","10.7","","-0.5","","46","","0.0","","16","","33","","","","","","","","","","NA"
"-110.80","51.07","CAPPON","3021200","2022-05-02 09:00","2022","05","02","09:00","11.9","","0.0","","44","","0.0","","16","","28","","","","","","","","","","NA"
"-110.80","51.07","CAPPON","3021200","2022-05-02 10:00","2022","05","02","10:00","14.1","","0.3","","39","","0.0","","16","","26","","","","","","","","","","NA"
"-110.80","51.07","CAPPON","3021200","2022-05-02 11:00","2022","05","02","11:00","16.7","","-0.4","","31","","0.0","","17","","28","","","","","","","","","","NA"
"-110.80","51.07","CAPPON","3021200","2022-05-02 12:00","2022","05","02","12:00","16.0","","-1.3","","31","","0.0","","18","","25","","","","","","","","","","NA"
"-110.80","51.07","CAPPON","3021200","2022-05-02 13:00","2022","05","02","13:00","16.7","","-1.7","","28","","0.0","","16","","22","","","","","","","","","","NA"
"-110.80","51.07","CAPPON","3021200","2022-05-02 14:00","2022","05","02","14:00","16.6","","-2.4","","27","","0.0","","13","","19","","","","","","","","","","NA"
"-110.80","51.07","CAPPON","3021200","2022-05-02 15:00","2022","05","02","15:00","17.4","","-2.5","","26","","0.0","","19","","18","","","","","","","","","","NA"
"-110.80","51.07","CAPPON","3021200","2022-05-02 16:00","2022","05","02","16:00","18.0","","-3.0","","24","","0.0","","16","","12","","","","","","","","","","NA"
"-110.80","51.07","CAPPON","3021200","2022-05-02 17:00","2022","05","02","17:00","17.7","","-3.1","","24","","0.0","","14","","12","","","","","","","","","","NA"
"-110.80","51.07","CAPPON","3021200","2022-05-02 18:00","2022","05","02","18:00","17.5","","-3.3","","24","","0.0","","13","","10","","","","","","","","","","NA"
"-110.80","51.07","CAPPON","3021200","2022-05-02 19:00","2022","05","02","19:00","15.8","","-1.4","","31","","0.0","","13","","9","","","","","","","","","","NA"
"-110.80","51.07","CAPPON","3021200","2022-05-02 20:00","2022","05","02","20:00","12.8","","-0.4","","40","","0.0","","13","","13","","","","","","","","","","NA"
"-110.80","51.07","CAPPON","3021200","2022-05-02 21:00","2022","05","02","21:00","11.7","","0.0","","44","","0.0","","14","","11","","","","","","","","","","NA"
"-110.80","51.07","CAPPON","3021200","2022-05-02 22:00","2022","05","02","22:00","12.4","","0.5","","44","","0.0","","14","","15","","","","","","","","","","NA"
"-110.80","51.07","CAPPON","3021200","2022-05-02 23:00","2022","05","02","23:00","10.4","","1.3","","53","","0.0","","15","","15","","","","","","","","","","NA"
"-110.80","51.07","CAPPON","3021200","2022-05-03 00:00","2022","05","03","00:00","8.5","","1.1","","60","","0.0","","17","","11","","","","","","","","","","NA"
"-110.80","51.07","CAPPON","3021200","2022-05-03 01:00","2022","05","03","01:00","8.1","","0.8","","60","","0.0","","15","","5","","","","","","","","","","NA"
"-110.80","51.07","CAPPON","3021200","2022-05-03 02:00","2022","05","03","02:00","5.1","","-0.1","","69","","0.0","","17","","2","","","","","","","","","","NA"
"-110.80","51.07","CAPPON","3021200","2022-05-03 03:00","2022","05","03","03:00","1.8","","0.3","","89","","0.0","","35","","14","","","","","","","","","","NA"
"-110.80","51.07","CAPPON","3021200","2022-05-03 04:00","2022","05","03","04:00","2.8","","1.4","","91","","0.0","","35","","15","","","","","","","","","","NA"
"-110.80","51.07","CAPPON","3021200","2022-05-03 05:00","2022","05","03","05:00","2.2","","1.3","","94","","0.0","","36","","13","","","","","","","","","","NA"
"-110.80","51.07","CAPPON","3021200","2022-05-03 06:00","2022","05","03","06:00","3.1","","2.0","","93","","0.0","","36","","16","","","","","","","","","","NA"
"-110.80","51.07","CAPPON","3021200","2022-05-03 07:00","2022","05","03","07:00","3.5","","2.0","","90","","0.0","","1","","19","","","","","","","","","","NA"
"-110.80","51.07","CAPPON","3021200","2022-05-03 08:00","2022","05","03","08:00","5.6","","3.1","","84","","0.0","","2","","14","","","","","","","","","","NA"
"-110.80","51.07","CAPPON","3021200","2022-05-03 09:00","2022","05","03","09:00","10.0","","3.9","","66","","0.0","","3","","19","","","","","","","","","","NA"
"-110.80","51.07","CAPPON","3021200","2022-05-03 10:00","2022","05","03","10:00","13.5","","2.9","","49","","0.0","","2","","18","","","","","","","","","","NA"
"-110.80","51.07","CAPPON","3021200","2022-05-03 11:00","2022","05","03","11:00","14.9","","2.7","","44","","0.0","","36","","15","","","","","","","","","","NA"
"-110.80","51.07","CAPPON","3021200","2022-05-03 12:00","2022","05","03","12:00","16.5","","1.4","","36","","0.0","","35","","12","","","","","","","","","","NA"
"-110.80","51.07","CAPPON","3021200","2022-05-03 13:00","2022","05","03","13:00","17.6","","-0.1","","30","","0.0","","3","","12","","","","","","","","","","NA"
"-110.80","51.07","CAPPON","3021200","2022-05-03 14:00","2022","05","03","14:00","18.7","","-0.9","","27","","0.0","","3","","10","","","","","","","","","","NA"
"-110.80","51.07","CAPPON","3021200","2022-05-03 15:00","2022","05","03","15:00","18.6","","-1.3","","26","","0.0","","2","","8","","","","","","","","","","NA"
"-110.80","51.07","CAPPON","3021200","2022-05-03 16:00","2022","05","03","16:00","19.5","","-1.6","","24","","0.0","","30","","7","","","","","","","","","","NA"
"-110.80","51.07","CAPPON","3021200","2022-05-03 17:00","2022","05","03","17:00","18.6","","-2.0","","25","","0.0","","5","","8","","","","","","","","","","NA"
"-110.80","51.07","CAPPON","3021200","2022-05-03 18:00","2022","05","03","18:00","17.7","","-2.0","","26","","0.0","","6","","12","","","","","","","","","","NA"
"-110.80","51.07","CAPPON","3021200","2022-05-03 19:00","2022","05","03","19:00","15.1","","-0.4","","35","","0.0","","8","","11","","","","","","","","","","NA"
"-110.80","51.07","CAPPON","3021200","2022-05-03 20:00","2022","05","03","20:00","11.0","","-0.2","","46","","0.0","","8","","11","","","","","","","","","","NA"
"-110.80","51.07","CAPPON","3021200","2022-05-03 21:00","2022","05","03","21:00","10.9","","-1.8","","41","","0.0","","10","","15","","","","","","","","","","NA"
"-110.80","51.07","CAPPON","3021200","2022-05-03 22:00","2022","05","03","22:00","10.3","","-1.6","","44","","0.0","","11","","15","","","","","","","","","","NA"
"-110.80","51.07","CAPPON","3021200","2022-05-03 23:00","2022","05","03","23:00","9.4","","-1.8","","45","","0.0","","11","","15","","","","","","","","","","NA"
"-110.80","51.07","CAPPON","3021200","2022-05-04 00:00","2022","05","04","00:00","9.1","","-1.9","","46","","0.0","","10","","16","","","","","","","","","","NA"
"-110.80","51.07","CAPPON","3021200","2022-05-04 01:00","2022","05","04","01:00","8.1","","-1.8","","50","","0.0","","12","","18","","","","","","","","","","NA"
"-110.80","51.07","CAPPON","3021200","2022-05-04 02:00","2022","05","04","02:00","7.0","","-1.9","","53","","0.0","","13","","15","","","","","","","","","","NA"
"-110.80","51.07","CAPPON","3021200","2022-05-04 03:00","2022","05","04","03:00","6.3","","-2.1","","55","","0.0","","15","","6","","","","","","","","","","NA"
"-110.80","51.07","CAPPON","3021200","2022-05-04 04:00","2022","05","04","04:00","6.8","","-2.5","","51","","0.0","","11","","17","","","","","","","","","","NA"
"-110.80","51.07","CAPPON","3021200","2022-05-04 05:00","2022","05","04","05:00","6.1","","-2.0","","56","","0.0","","12","","20","","","","","","","","","","NA"
"-110.80","51.07","CAPPON","3021200","2022-05-04 06:00","2022","05","04","06:00","8.0","","0.1","","57","","0.0","","13","","9","","","","","","","","","","NA"
"-110.80","51.07","CAPPON","3021200","2022-05-04 07:00","2022","05","04","07:00","10.7","","1.0","","51","","0.0","","19","","16","","","","","","","","","","NA"
"-110.80","51.07","CAPPON","3021200","2022-05-04 08:00","2022","05","04","08:00","11.9","","1.6","","49","","0.0","","20","","14","","","","","","","","","","NA"
"-110.80","51.07","CAPPON","3021200","2022-05-04 09:00","2022","05","04","09:00","14.4","","1.2","","41","","0.0","","23","","14","","","","","","","","","","NA"
"-110.80","51.07","CAPPON","3021200","2022-05-04 10:00","2022","05","04","10:00","16.1","","1.1","","36","","0.0","","23","","14","","","","","","","","","","NA"
"-110.80","51.07","CAPPON","3021200","2022-05-04 11:00","2022","05","04","11:00","20.2","","-0.7","","25","","0.0","","23","","14","","","","","","","","","","NA"
"-110.80","51.07","CAPPON","3021200","2022-05-04 12:00","2022","05","04","12:00","21.0","","-1.0","","23","","0.0","","21","","14","","","","","","","","","","NA"
"-110.80","51.07","CAPPON","3021200","2022-05-04 13:00","2022","05","04","13:00","21.9","","-0.6","","22","","0.0","","20","","22","","","","","","","","","","NA"
"-110.80","51.07","CAPPON","3021200","2022-05-04 14:00","2022","05","04","14:00","21.9","","0.1","","23","","0.0","","23","","23","","","","","","","","","","NA"
"-110.80","51.07","CAPPON","3021200","2022-05-04 15:00","2022","05","04","15:00","21.7","","0.7","","25","","0.0","","24","","21","","","","","","","","","","NA"
"-110.80","51.07","CAPPON","3021200","2022-05-04 16:00","2022","05","04","16:00","22.6","","1.2","","24","","0.0","","22","","28","","","","","","","","","","NA"
"-110.80","51.07","CAPPON","3021200","2022-05-04 17:00","2022","05","04","17:00","22.9","","1.0","","24","","0.0","","24","","25","","","","","","","","","","NA"
"-110.80","51.07","CAPPON","3021200","2022-05-04 18:00","2022","05","04","18:00","21.9","","0.6","","24","","0.0","","25","","27","","","","","","","","","","NA"
"-110.80","51.07","CAPPON","3021200","2022-05-04 19:00","2022","05","04","19:00","18.9","","1.0","","30","","0.0","","25","","27","","","","","","","","","","NA"
"-110.80","51.07","CAPPON","3021200","2022-05-04 20:00","2022","05","04","20:00","16.3","","1.9","","38","","0.0","","23","","22","","","","","","","","","","NA"
"-110.80","51.07","CAPPON","3021200","2022-05-04 21:00","2022","05","04","21:00","13.7","","2.3","","46","","0.0","","23","","14","","","","","","","","","","NA"
"-110.80","51.07","CAPPON","3021200","2022-05-04 22:00","2022","05","04","22:00","13.5","","2.8","","48","","0.0","","23","","17","","","","","","","","","","NA"
"-110.80","51.07","CAPPON","3021200","2022-05-04 23:00","2022","05","04","23:00","12.5","","2.7","","51","","0.0","","24","","18","","","","","","","","","","NA"
"-110.80","51.07","CAPPON","3021200","2022-05-05 00:00","2022","05","05","00:00","11.9","","2.6","","53","","0.0","","27","","21","","","","","","","","","","NA"
"-110.80","51.07","CAPPON","3021200","2022-05-05 01:00","2022","05","05","01:00","9.6","","2.3","","60","","0.0","","29","","11","","","","","","","","","","NA"
"-110.80","51.07","CAPPON","3021200","2022-05-05 02:00","2022","05","05","02:00","10.3","","2.3","","57","","0.0","","29","","5","","","","","","","","","","NA"
"-110.80","51.07","CAPPON","3021200","2022-05-05 03:00","2022","05","05","03:00","8.0","","2.2","","67","","0.0","","20","","7","","","","","","","","","","NA"
"-110.80","51.07","CAPPON","3021200","2022-05-05 04:00","2022","05","05","04:00","8.9","","2.5","","64","","0.0","","25","","9","","","","","","","","","","NA"
"-110.80","51.07","CAPPON","3021200","2022-05-05 05:00","2022","05","05","05:00","7.6","","2.5","","71","","0.0","","17","","9","","","","","","","","","","NA"
"-110.80","51.07","CAPPON","3021200","2022-05-05 06:00","2022","05","05","06:00","10.0","","3.6","","65","","0.0","","18","","7","","","","","","","","","","NA"
"-110.80","51.07","CAPPON","3021200","2022-05-05 07:00","2022","05","05","07:00","13.2","","3.8","","53","","0.0","","20","","13","","","","","","","","","","NA"
"-110.80","51.07","CAPPON","3021200","2022-05-05 08:00","2022","05","05","08:00","15.7","","3.8","","45","","0.0","","20","","20","","","","","","","","","","NA"
"-110.80","51.07","CAPPON","3021200","2022-05-05 09:00","2022","05","05","09:00","17.6","","3.8","","40","","0.0","","20","","18","","","","","","","","","","NA"
"-110.80","51.07","CAPPON","3021200","2022-05-05 10:00","2022","05","05","10:00","19.8","","3.1","","33","","0.0","","20","","21","","","","","","","","","","NA"
"-110.80","51.07","CAPPON","3021200","2022-05-05 11:00","2022","05","05","11:00","20.9","","3.0","","31","","0.0","","21","","18","","","","","","","","","","NA"
"-110.80","51.07","CAPPON","3021200","2022-05-05 12:00","2022","05","05","12:00","23.2","","3.6","","28","","0.0","","17","","18","","","","","","","","","","NA"
"-110.80","51.07","CAPPON","3021200","2022-05-05 13:00","2022","05","05","13:00","23.5","","2.6","","25","","0.0","","21","","31","","","","","","","","","","NA"
"-110.80","51.07","CAPPON","3021200","2022-05-05 14:00","2022","05","05","14:00","23.5","","1.9","","24","","0.0","","20","","28","","","","","","","","","","NA"
"-110.80","51.07","CAPPON","3021200","2022-05-05 15:00","2022","05","05","15:00","23.8","","1.0","","22","","0.0","","20","","26","","","","","","","","","","NA"
"-110.80","51.07","CAPPON","3021200","2022-05-05 16:00","2022","05","05","16:00","24.6","","1.0","","21","","0.0","","17","","21","","","","","","","","","","NA"
"-110.80","51.07","CAPPON","3021200","2022-05-05 17:00","2022","05","05","17:00","24.8","","0.9","","21","","0.0","","15","","23","","","","","","","","","","NA"
"-110.80","51.07","CAPPON","3021200","2022-05-05 18:00","2022","05","05","18:00","23.7","","0.5","","22","","0.0","","22","","33","","","","","","","","","","NA"
"-110.80","51.07","CAPPON","3021200","2022-05-05 19:00","2022","05","05","19:00","21.8","","1.5","","26","","0.0","","16","","9","","","","","","","","","","NA"
"-110.80","51.07","CAPPON","3021200","2022-05-05 20:00","2022","05","05","20:00","22.3","","1.2","","25","","0.0","","23","","25","","","","","","","","","","NA"
"-110.80","51.07","CAPPON","3021200","2022-05-05 21:00","2022","05","05","21:00","19.3","","4.7","","38","","0.0","","18","","17","","","","","","","","","","NA"
"-110.80","51.07","CAPPON","3021200","2022-05-05 22:00","2022","05","05","22:00","13.7","","10.0","","79","","0.0","","23","","21","","","","","","","","","","NA"
"-110.80","51.07","CAPPON","3021200","2022-05-05 23:00","2022","05","05","23:00","13.1","","9.1","","77","","0.0","","25","","21","","","","","","","","","","NA"
"-110.80","51.07","CAPPON","3021200","2022-05-06 00:00","2022","05","06","00:00","12.4","","9.3","","81","","0.0","","16","","6","","","","","","","","","","NA"
"-110.80","51.07","CAPPON","3021200","2022-05-06 01:00","2022","05","06","01:00","12.1","","9.3","","83","","0.0","","17","","14","","","","","","","","","","NA"
"-110.80","51.07","CAPPON","3021200","2022-05-06 02:00","2022","05","06","02:00","12.6","","5.3","","61","","0.0","","22","","35","","","","","","","","","","NA"
"-110.80","51.07","CAPPON","3021200","2022-05-06 03:00","2022","05","06","03:00","11.8","","3.8","","58","","0.0","","21","","29","","","","","","","","","","NA"
"-110.80","51.07","CAPPON","3021200","2022-05-06 04:00","2022","05","06","04:00","11.2","","3.2","","58","","0.0","","22","","39","","","","","","","","","","NA"
"-110.80","51.07","CAPPON","3021200","2022-05-06 05:00","2022","05","06","05:00","9.5","","2.5","","62","","0.0","","22","","35","","","","","","","","","","NA"
"-110.80","51.07","CAPPON","3021200","2022-05-06 06:00","2022","05","06","06:00","10.0","","3.1","","62","","0.0","","21","","43","","","","","","","","","","NA"
"-110.80","51.07","CAPPON","3021200","2022-05-06 07:00","2022","05","06","07:00","11.5","","2.7","","55","","0.5","","22","","43","","","","","","","","","","NA"
"-110.80","51.07","CAPPON","3021200","2022-05-06 08:00","2022","05","06","08:00","13.9","","0.9","","41","","0.0","","23","","47","","","","","","","","","","NA"
"-110.80","51.07","CAPPON","3021200","2022-05-06 09:00","2022","05","06","09:00","16.4","","0.1","","33","","0.0","","27","","37","","","","","","","","","","NA"
"-110.80","51.07","CAPPON","3021200","2022-05-06 10:00","2022","05","06","10:00","17.5","","0.0","","31","","0.0","","27","","32","","","","","","","","","","NA"
"-110.80","51.07","CAPPON","3021200","2022-05-06 11:00","2022","05","06","11:00","18.1","","-2.8","","24","","0.0","","26","","38","","","","","","","","","","NA"
"-110.80","51.07","CAPPON","3021200","2022-05-06 12:00","2022","05","06","12:00","14.3","","6.5","","60","","0.0","","35","","28","","","","","","","","","","NA"
"-110.80","51.07","CAPPON","3021200","2022-05-06 13:00","2022","05","06","13:00","16.2","","2.0","","38","","0.0","","33","","11","","","","","","","","","","NA"
"-110.80","51.07","CAPPON","3021200","2022-05-06 14:00","2022","05","06","14:00","17.9","","-1.2","","27","","0.0","","26","","10","","","","","","","","","","NA"
"-110.80","51.07","CAPPON","3021200","2022-05-06 15:00","2022","05","06","15:00","19.2","","-5.6","","18","","0.0","","26","","20","","","","","","","","","","NA"
"-110.80","51.07","CAPPON","3021200","2022-05-06 16:00","2022","05","06","16:00","19.7","","-8.2","","14","","0.0","","23","","31","","","","","","","","","","NA"
"-110.80","51.07","CAPPON","3021200","2022-05-06 17:00","2022","05","06","17:00","20.2","","-8.6","","14","","0.0","","23","","43","","","","","","","","","","NA"
"-110.80","51.07","CAPPON","3021200","2022-05-06 18:00","2022","05","06","18:00","19.6","","-9.6","","13","","0.0","","25","","38","","","","","","","","","","NA"
"-110.80","51.07","CAPPON","3021200","2022-05-06 19:00","2022","05","06","19:00","17.4","","-7.2","","18","","0.0","","23","","30","","","","","","","","","","NA"
"-110.80","51.07","CAPPON","3021200","2022-05-06 20:00","2022","05","06","20:00","14.1","","-5.8","","25","","0.0","","23","","23","","","","","","","","","","NA"
"-110.80","51.07","CAPPON","3021200","2022-05-06 21:00","2022","05","06","21:00","13.3","","-4.1","","30","","0.0","","21","","27","","","","","","","","","","NA"
"-110.80","51.07","CAPPON","3021200","2022-05-06 22:00","2022","05","06","22:00","12.5","","-2.8","","34","","0.0","","22","","25","","","","","","","","","","NA"
"-110.80","51.07","CAPPON","3021200","2022-05-06 23:00","2022","05","06","23:00","10.7","","-2.4","","40","","0.0","","21","","24","","","","","","","","","","NA"
"-110.80","51.07","CAPPON","3021200","2022-05-07 00:00","2022","05","07","00:00","9.9","","-1.0","","46","","0.0","","23","","26","","","","","","","","","","NA"
"-110.80","51.07","CAPPON","3021200","2022-05-07 01:00","2022","05","07","01:00","7.3","","-1.9","","52","","0.0","","23","","19","","","","","","","","","","NA"
"-110.80","51.07","CAPPON","3021200","2022-05-07 02:00","2022","05","07","02:00","5.0","","-2.6","","58","","0.0","","27","","18","","","","","","","","","","NA"
"-110.80","51.07","CAPPON","3021200","2022-05-07 03:00","2022","05","07","03:00","1.7","","-4.0","","66","","0.0","","27","","6","","","","","","","","","","NA"
"-110.80","51.07","CAPPON","3021200","2022-05-07 04:00","2022","05","07","04:00","5.2","","0.6","","72","","0.0","","36","","17","","","","","","","","","","NA"
"-110.80","51.07","CAPPON","3021200","2022-05-07 05:00","2022","05","07","05:00","4.4","","1.0","","78","","0.0","","1","","24","","","","","","","","","","NA"
"-110.80","51.07","CAPPON","3021200","2022-05-07 06:00","2022","05","07","06:00","6.6","","3.9","","83","","0.0","","3","","17","","","","","","","","","","NA"
"-110.80","51.07","CAPPON","3021200","2022-05-07 07:00","2022","05","07","07:00","8.1","","0.6","","59","","0.0","","4","","28","","","","","","","","","","NA"
"-110.80","51.07","CAPPON","3021200","2022-05-07 08:00","2022","05","07","08:00","9.6","","-1.8","","45","","0.0","","3","","31","","","","","","","","","","NA"
"-110.80","51.07","CAPPON","3021200","2022-05-07 09:00","2022","05","07","09:00","11.0","","-1.7","","41","","0.0","","1","","31","","","","","","","","","","NA"
"-110.80","51.07","CAPPON","3021200","2022-05-07 10:00","2022","05","07","10:00","11.2","","-2.2","","39","","0.0","","2","","25","","","","","","","","","","NA"
"-110.80","51.07","CAPPON","3021200","2022-05-07 11:00","2022","05","07","11:00","12.3","","-2.4","","36","","0.0","","2","","17","","","","","","","","","","NA"
"-110.80","51.07","CAPPON","3021200","2022-05-07 12:00","2022","05","07","12:00","13.3","","-2.1","","34","","0.0","","5","","11","","","","","","","","","","NA"
"-110.80","51.07","CAPPON","3021200","2022-05-07 13:00","2022","05","07","13:00","14.9","","-1.5","","32","","0.0","","36","","9","","","","","","","","","","NA"
"-110.80","51.07","CAPPON","3021200","2022-05-07 14:00","2022","05","07","14:00","13.4","","-2.0","","34","","0.0","","3","","6","","","","","","","","","","NA"
"-110.80","51.07","CAPPON","3021200","2022-05-07 15:00","2022","05","07","15:00","13.3","","0.1","","40","","0.0","","27","","11","","","","","","","","","","NA"
"-110.80","51.07","CAPPON","3021200","2022-05-07 16:00","2022","05","07","16:00","14.6","","-0.4","","36","","0.0","","30","","2","","","","","","","","","","NA"
"-110.80","51.07","CAPPON","3021200","2022-05-07 17:00","2022","05","07","17:00","11.2","","0.8","","49","","0.0","","33","","34","","","","","","","","","","NA"
"-110.80","51.07","CAPPON","3021200","2022-05-07 18:00","2022","05","07","18:00","10.4","","1.4","","54","","0.0","","4","","20","","","","","","","","","","NA"
"-110.80","51.07","CAPPON","3021200","2022-05-07 19:00","2022","05","07","19:00","10.3","","2.4","","58","","0.0","","24","","11","","","","","","","","","","NA"
"-110.80","51.07","CAPPON","3021200","2022-05-07 20:00","2022","05","07","20:00","9.1","","0.6","","55","","0.0","","36","","12","","","","","","","","","","NA"
"-110.80","51.07","CAPPON","3021200","2022-05-07 21:00","2022","05","07","21:00","7.8","","0.1","","58","","0.0","","3","","10","","","","","","","","","","NA"
"-110.80","51.07","CAPPON","3021200","2022-05-07 22:00","2022","05","07","22:00","5.9","","1.4","","73","","0.0","","35","","12","","","","","","","","","","NA"
"-110.80","51.07","CAPPON","3021200","2022-05-07 23:00","2022","05","07","23:00","6.4","","1.8","","73","","0.0","","32","","6","","","","","","","","","","NA"
"-110.80","51.07","CAPPON","3021200","2022-05-08 00:00","2022","05","08","00:00","7.0","","1.7","","69","","0.0","","21","","5","","","","","","","","","","NA"
"-110.80","51.07","CAPPON","3021200","2022-05-08 01:00","2022","05","08","01:00","5.8","","2.0","","76","","0.0","","5","","5","","","","","","","","","","NA"
"-110.80","51.07","CAPPON","3021200","2022-05-08 02:00","2022","05","08","02:00","5.7","","1.5","","75","","0.0","","34","","14","","","","","","","","","","NA"
"-110.80","51.07","CAPPON","3021200","2022-05-08 03:00","2022","05","08","03:00","5.9","","0.5","","68","","0.0","","1","","10","","","","","","","","","","NA"
"-110.80","51.07","CAPPON","3021200","2022-05-08 04:00","2022","05","08","04:00","4.6","","0.0","","72","","0.0","","35","","13","","","","","","","","","","NA"
"-110.80","51.07","CAPPON","3021200","2022-05-08 05:00","2022","05","08","05:00","4.4","","-0.7","","69","","0.0","","36","","9","","","","","","","","","","NA"
"-110.80","51.07","CAPPON","3021200","2022-05-08 06:00","2022","05","08","06:00","5.2","","0.1","","69","","0.0","","6","","16","","","","","","","","","","NA"
"-110.80","51.07","CAPPON","3021200","2022-05-08 07:00","2022","05","08","07:00","4.1","","0.3","","76","","0.0","","2","","15","","","","","","","","","","NA"
"-110.80","51.07","CAPPON","3021200","2022-05-08 08:00","2022","05","08","08:00","3.0","","1.0","","87","","1.8","","4","","10","","","","","","","","","","NA"
"-110.80","51.07","CAPPON","3021200","2022-05-08 09:00","2022","05","08","09:00","2.9","","1.2","","89","","0.7","","4","","5","","","","","","","","","","NA"
"-110.80","51.07","CAPPON","3021200","2022-05-08 10:00","2022","05","08","10:00","4.7","","3.1","","90","","0.0","","8","","11","","","","","","","","","","NA"
"-110.80","51.07","CAPPON","3021200","2022-05-08 11:00","2022","05","08","11:00","7.2","","1.5","","67","","0.0","","11","","10","","","","","","","","","","NA"
"-110.80","51.07","CAPPON","3021200","2022-05-08 12:00","2022","05","08","12:00","8.1","","2.5","","68","","0.0","","17","","15","","","","","","","","","","NA"
"-110.80","51.07","CAPPON","3021200","2022-05-08 13:00","2022","05","08","13:00","7.7","","2.5","","69","","0.0","","16","","16","","","","","","","","","","NA"
"-110.80","51.07","CAPPON","3021200","2022-05-08 14:00","2022","05","08","14:00","9.3","","2.0","","60","","0.0","","20","","19","","","","","","","","","","NA"
"-110.80","51.07","CAPPON","3021200","2022-05-08 15:00","2022","05","08","15:00","10.6","","1.5","","53","","0.0","","19","","11","","","","","","","","","","NA"
"-110.80","51.07","CAPPON","3021200","2022-05-08 16:00","2022","05","08","16:00","10.6","","0.3","","49","","0.0","","22","","10","","","","","","","","","","NA"
"-110.80","51.07","CAPPON","3021200","2022-05-08 17:00","2022","05","08","17:00","11.0","","0.0","","47","","0.0","","18","","8","","","","","","","","","","NA"
"-110.80","51.07","CAPPON","3021200","2022-05-08 18:00","2022","05","08","18:00","11.5","","0.6","","47","","0.0","","12","","7","","","","","","","","","","NA"
"-110.80","51.07","CAPPON","3021200","2022-05-08 19:00","2022","05","08","19:00","10.8","","-0.4","","46","","0.0","","13","","7","","","","","","","","","","NA"
"-110.80","51.07","CAPPON","3021200","2022-05-08 20:00","2022","05","08","20:00","6.9","","1.1","","67","","0.0","","12","","9","","","","","","","","","","NA"
"-110.80","51.07","CAPPON","3021200","2022-05-08 21:00","2022","05","08","21:00","5.1","","1.6","","78","","0.0","","19","","7","","","","","","","","","","NA"
"-110.80","51.07","CAPPON","3021200","2022-05-08 22:00","2022","05","08","22:00","5.4","","3.0","","84","","0.0","","24","","15","","","","","","","","","","NA"
"-110.80","51.07","CAPPON","3021200","2022-05-08 23:00","2022","05","08","23:00","5.0","","2.9","","86","","0.5","","11","","8","","","","","","","","","","NA"
"-110.80","51.07","CAPPON","3021200","2022-05-09 00:00","2022","05","09","00:00","4.1","","2.6","","90","","0.0","","6","","11","","","","","","","","","","NA"
"-110.80","51.07","CAPPON","3021200","2022-05-09 01:00","2022","05","09","01:00","2.8","","1.5","","91","","0.0","","7","","12","","","","","","","","","","NA"
"-110.80","51.07","CAPPON","3021200","2022-05-09 02:00","2022","05","09","02:00","2.5","","1.6","","93","","0.0","","36","","15","","","","","","","","","","NA"
"-110.80","51.07","CAPPON","3021200","2022-05-09 03:00","2022","05","09","03:00","2.0","","1.2","","95","","0.0","","1","","19","","","","","","","","","","NA"
"-110.80","51.07","CAPPON","3021200","2022-05-09 04:00","2022","05","09","04:00","1.9","","0.3","","89","","0.0","","1","","23","","","","","","","","","","NA"
"-110.80","51.07","CAPPON","3021200","2022-05-09 05:00","2022","05","09","05:00","1.9","","0.5","","90","","0.0","","2","","22","","","","","","","","","","NA"
"-110.80","51.07","CAPPON","3021200","2022-05-09 06:00","2022","05","09","06:00","1.5","","0.4","","92","","0.0","","1","","20","","","","","","","","","","NA"
"-110.80","51.07","CAPPON","3021200","2022-05-09 07:00","2022","05","09","07:00","4.5","","1.5","","81","","0.0","","1","","22","","","","","","","","","","NA"
"-110.80","51.07","CAPPON","3021200","2022-05-09 08:00","2022","05","09","08:00","6.3","","0.8","","68","","0.0","","2","","23","","","","","","","","","","NA"
"-110.80","51.07","CAPPON","3021200","2022-05-09 09:00","2022","05","09","09:00","7.7","","0.3","","59","","0.0","","3","","16","","","","","","","","","","NA"
"-110.80","51.07","CAPPON","3021200","2022-05-09 10:00","2022","05","09","10:00","8.8","","-0.2","","53","","0.0","","5","","13","","","","","","","","","","NA"
"-110.80","51.07","CAPPON","3021200","2022-05-09 11:00","2022","05","09","11:00","10.4","","-0.4","","47","","0.0","","3","","8","","","","","","","","","","NA"
"-110.80","51.07","CAPPON","3021200","2022-05-09 12:00","2022","05","09","12:00","9.9","","-1.2","","46","","0.0","","3","","9","","","","","","","","","","NA"
"-110.80","51.07","CAPPON","3021200","2022-05-09 13:00","2022","05","09","13:00","10.5","","-1.8","","42","","0.0","","36","","16","","","","","","","","","","NA"
"-110.80","51.07","CAPPON","3021200","2022-05-09 14:00","2022","05","09","14:00","11.8","","-1.8","","39","","0.0","","33","","18","","","","","","","","","","NA"
"-110.80","51.07","CAPPON","3021200","2022-05-09 15:00","2022","05","09","15:00","11.1","","-2.8","","38","","0.0","","34","","19","","","","","","","","","","NA"
"-110.80","51.07","CAPPON","3021200","2022-05-09 16:00","2022","05","09","16:00","10.9","","-2.9","","38","","0.0","","36","","19","","","","","","","","","","NA"
"-110.80","51.07","CAPPON","3021200","2022-05-09 17:00","2022","05","09","17:00","7.4","","2.4","","71","","0.0","","18","","21","","","","","","","","","","NA"
"-110.80","51.07","CAPPON","3021200","2022-05-09 18:00","2022","05","09","18:00","7.6","","2.0","","67","","0.0","","19","","19","","","","","","","","","","NA"
"-110.80","51.07","CAPPON","3021200","2022-05-09 19:00","2022","05","09","19:00","6.9","","2.1","","71","","0.0","","20","","17","","","","","","","","","","NA"
"-110.80","51.07","CAPPON","3021200","2022-05-09 20:00","2022","05","09","20:00","6.0","","2.2","","77","","0.0","","21","","14","","","","","","","","","","NA"
"-110.80","51.07","CAPPON","3021200","2022-05-09 21:00","2022","05","09","21:00","4.4","","1.7","","82","","0.0","","21","","12","","","","","","","","","","NA"
"-110.80","51.07","CAPPON","3021200","2022-05-09 22:00","2022","05","09","22:00","3.9","","1.7","","86","","0.0","","23","","6","","","","","","","","","","NA"
"-110.80","51.07","CAPPON","3021200","2022-05-09 23:00","2022","05","09","23:00","3.6","","1.4","","86","","0.0","","21","","6","","","","","","","","","","NA"
"-110.80","51.07","CAPPON","3021200","2022-05-10 00:00","2022","05","10","00:00","3.8","","1.3","","83","","0.0","","15","","5","","","","","","","","","","NA"
"-110.80","51.07","CAPPON","3021200","2022-05-10 01:00","2022","05","10","01:00","1.8","","0.3","","90","","0.0","","14","","7","","","","","","","","","","NA"
"-110.80","51.07","CAPPON","3021200","2022-05-10 02:00","2022","05","10","02:00","1.9","","0.4","","90","","0.0","","17","","11","","","","","","","","","","NA"
"-110.80","51.07","CAPPON","3021200","2022-05-10 03:00","2022","05","10","03:00","1.9","","0.7","","92","","0.0","","18","","10","","","","","","","","","","NA"
"-110.80","51.07","CAPPON","3021200","2022-05-10 04:00","2022","05","10","04:00","0.5","","-0.5","","94","","0.0","","17","","10","","","","","","","","","","NA"
"-110.80","51.07","CAPPON","3021200","2022-05-10 05:00","2022","05","10","05:00","1.2","","0.4","","94","","0.0","","18","","8","","","","","","","","","","NA"
"-110.80","51.07","CAPPON","3021200","2022-05-10 06:00","2022","05","10","06:00","1.3","","0.7","","96","","0.0","","13","","8","","","","","","","","","","NA"
"-110.80","51.07","CAPPON","3021200","2022-05-10 07:00","2022","05","10","07:00","4.9","","2.3","","83","","0.0","","17","","13","","","","","","","","","","NA"
"-110.80","51.07","CAPPON","3021200","2022-05-10 08:00","2022","05","10","08:00","5.6","","2.6","","81","","0.0","","33","","9","","","","","","","","","","NA"
"-110.80","51.07","CAPPON","3021200","2022-05-10 09:00","2022","05","10","09:00","6.1","","2.0","","75","","0.0","","34","","13","","","","","","","","","","NA"
"-110.80","51.07","CAPPON","3021200","2022-05-10 10:00","2022","05","10","10:00","8.3","","2.0","","64","","0.0","","34","","12","","","","","","","","","","NA"
"-110.80","51.07","CAPPON","3021200","2022-05-10 11:00","2022","05","10","11:00","9.6","","0.7","","54","","0.0","","34","","14","","","","","","","","","","NA"
"-110.80","51.07","CAPPON","3021200","2022-05-10 12:00","2022","05","10","12:00","10.2","","0.2","","50","","0.0","","29","","13","","","","","","","","","","NA"
"-110.80","51.07","CAPPON","3021200","2022-05-10 13:00","2022","05","10","13:00","12.1","","0.2","","44","","0.0","","29","","15","","","","","","","","","","NA"
"-110.80","51.07","CAPPON","3021200","2022-05-10 14:00","2022","05","10","14:00","12.4","","-2.0","","37","","0.0","","30","","17","","","","","","","","","","NA"
"-110.80","51.07","CAPPON","3021200","2022-05-10 15:00","2022","05","10","15:00","13.0","","-2.2","","35","","0.0","","29","","14","","","","","","","","","","NA"
"-110.80","51.07","CAPPON","3021200","2022-05-10 16:00","2022","05","10","16:00","12.8","","-2.7","","34","","0.0","","30","","16","","","","","","","","","","NA"
"-110.80","51.07","CAPPON","3021200","2022-05-10 17:00","2022","05","10","17:00","10.7","","-0.7","","45","","0.0","","32","","29","","","","","","","","","","NA"
"-110.80","51.07","CAPPON","3021200","2022-05-10 18:00","2022","05","10","18:00","11.1","","-1.2","","42","","0.0","","24","","22","","","","","","","","","","NA"
"-110.80","51.07","CAPPON","3021200","2022-05-10 19:00","2022","05","10","19:00","9.2","","1.4","","58","","0.0","","28","","32","","","","","","","","","","NA"
"-110.80","51.07","CAPPON","3021200","2022-05-10 20:00","2022","05","10","20:00","6.3","","-0.1","","64","","0.0","","29","","16","","","","","","","","","","NA"
"-110.80","51.07","CAPPON","3021200","2022-05-10 21:00","2022","05","10","21:00","3.5","","-1.6","","69","","0.0","","29","","10","","","","","","","","","","NA"
"-110.80","51.07","CAPPON","3021200","2022-05-10 22:00","2022","05","10","22:00","2.3","","-1.8","","75","","0.0","","32","","9","","","","","","","","","","NA"
"-110.80","51.07","CAPPON","3021200","2022-05-10 23:00","2022","05","10","23:00","0.7","","-2.1","","81","","0.0","","28","","3","","","","","","","","","","NA"
"-110.80","51.07","CAPPON","3021200","2022-05-11 00:00","2022","05","11","00:00","-0.3","","-2.9","","82","","0.0","","0","","1","","","","","","","","-1","","NA"
"-110.80","51.07","CAPPON","3021200","2022-05-11 01:00","2022","05","11","01:00","-0.8","","-2.3","","89","","0.0","","11","","4","","","","","","","","-2","","NA"
"-110.80","51.07","CAPPON","3021200","2022-05-11 02:00","2022","05","11","02:00"
"-110.80","51.07","CAPPON","3021200","2022-05-11 03:00","2022","05","11","03:00"
"-110.80","51.07","CAPPON","3021200","2022-05-11 04:00","2022","05","11","04:00","-0.8","","-2.3","","89","","0.0","","31","","2","","","","","","","","-1","","NA"
"-110.80","51.07","CAPPON","3021200","2022-05-11 05:00","2022","05","11","05:00","-0.5","","-1.9","","90","","0.0","","8","","2","","","","","","","","-1","","NA"
"-110.80","51.07","CAPPON","3021200","2022-05-11 06:00","2022","05","11","06:00","2.7","","-0.1","","82","","0.0","","12","","3","","","","","","","","","","NA"
"-110.80","51.07","CAPPON","3021200","2022-05-11 07:00","2022","05","11","07:00","7.0","","2.2","","72","","0.0","","17","","13","","","","","","","","","","NA"
"-110.80","51.07","CAPPON","3021200","2022-05-11 08:00","2022","05","11","08:00","10.3","","0.1","","49","","0.0","","17","","18","","","","","","","","","","NA"
"-110.80","51.07","CAPPON","3021200","2022-05-11 09:00","2022","05","11","09:00","11.3","","-3.2","","36","","0.0","","15","","16","","","","","","","","","","NA"
"-110.80","51.07","CAPPON","3021200","2022-05-11 10:00","2022","05","11","10:00","13.5","","-3.5","","31","","0.0","","15","","18","","","","","","","","","","NA"
"-110.80","51.07","CAPPON","3021200","2022-05-11 11:00","2022","05","11","11:00","14.4","","-2.4","","31","","0.0","","19","","14","","","","","","","","","","NA"
"-110.80","51.07","CAPPON","3021200","2022-05-11 12:00","2022","05","11","12:00","14.6","","-3.4","","29","","0.0","","18","","12","","","","","","","","","","NA"
"-110.80","51.07","CAPPON","3021200","2022-05-11 13:00","2022","05","11","13:00","16.0","","-4.3","","24","","0.0","","17","","15","","","","","","","","","","NA"
"-110.80","51.07","CAPPON","3021200","2022-05-11 14:00","2022","05","11","14:00","16.9","","-6.0","","20","","0.0","","19","","18","","","","","","","","","","NA"
"-110.80","51.07","CAPPON","3021200","2022-05-11 15:00","2022","05","11","15:00","17.0","","-6.6","","19","","0.0","","19","","16","","","","","","","","","","NA"
"-110.80","51.07","CAPPON","3021200","2022-05-11 16:00","2022","05","11","16:00","16.1","","-7.1","","20","","0.0","","17","","18","","","","","","","","","","NA"
"-110.80","51.07","CAPPON","3021200","2022-05-11 17:00","2022","05","11","17:00","17.0","","-7.3","","18","","0.0","","19","","17","","","","","","","","","","NA"
"-110.80","51.07","CAPPON","3021200","2022-05-11 18:00","2022","05","11","18:00","17.0","","-7.3","","18","","0.0","","17","","17","","","","","","","","","","NA"
"-110.80","51.07","CAPPON","3021200","2022-05-11 19:00","2022","05","11","19:00","14.3","","-6.7","","23","","0.0","","19","","18","","","","","","","","","","NA"
"-110.80","51.07","CAPPON","3021200","2022-05-11 20:00","2022","05","11","20:00","10.2","","-5.8","","32","","0.0","","18","","7","","","","","","","","","","NA"
"-110.80","51.07","CAPPON","3021200","2022-05-11 21:00","2022","05","11","21:00","8.8","","-6.3","","34","","0.0","","16","","4","","","","","","","","","","NA"
"-110.80","51.07","CAPPON","3021200","2022-05-11 22:00","2022","05","11","22:00","5.1","","-6.0","","45","","0.0","","7","","4","","","","","","","","","","NA"
"-110.80","51.07","CAPPON","3021200","2022-05-11 23:00","2022","05","11","23:00","2.0","","-5.6","","57","","0.0","","11","","7","","","","","","","","","","NA"
"-110.80","51.07","CAPPON","3021200","2022-05-12 00:00","2022","05","12","00:00","2.3","","-5.9","","55","","0.0","","10","","3","","","","","","","","","","NA"
"-110.80","51.07","CAPPON","3021200","2022-05-12 01:00","2022","05","12","01:00","1.5","","-6.0","","57","","0.0","","10","","8","","","","","","","","","","NA"
"-110.80","51.07","CAPPON","3021200","2022-05-12 02:00","2022","05","12","02:00","4.1","","-5.9","","48","","0.0","","13","","4","","","","","","","","","","NA"
"-110.80","51.07","CAPPON","3021200","2022-05-12 03:00","2022","05","12","03:00","3.0","","-5.0","","55","","0.0","","10","","7","","","","","","","","","","NA"
"-110.80","51.07","CAPPON","3021200","2022-05-12 04:00","2022","05","12","04:00","1.5","","-5.0","","62","","0.0","","1","","2","","","","","","","","","","NA"
"-110.80","51.07","CAPPON","3021200","2022-05-12 05:00","2022","05","12","05:00","-0.1","","-5.2","","68","","0.0","","36","","2","","","","","","","","-1","","NA"
"-110.80","51.07","CAPPON","3021200","2022-05-12 06:00","2022","05","12","06:00","2.5","","-4.5","","60","","0.0","","17","","1","","","","","","","","","","NA"
"-110.80","51.07","CAPPON","3021200","2022-05-12 07:00","2022","05","12","07:00","10.4","","-4.0","","36","","0.0","","17","","2","","","","","","","","","","NA"
"-110.80","51.07","CAPPON","3021200","2022-05-12 08:00","2022","05","12","08:00","12.4","","-3.0","","34","","0.0","","30","","11","","","","","","","","","","NA"
"-110.80","51.07","CAPPON","3021200","2022-05-12 09:00","2022","05","12","09:00","15.7","","-4.0","","26","","0.0","","34","","6","","","","","","","","","","NA"
"-110.80","51.07","CAPPON","3021200","2022-05-12 10:00","2022","05","12","10:00","16.0","","-4.6","","24","","0.0","","23","","13","","","","","","","","","","NA"
"-110.80","51.07","CAPPON","3021200","2022-05-12 11:00","2022","05","12","11:00","16.7","","-4.8","","23","","0.0","","27","","8","","","","","","","","","","NA"
"-110.80","51.07","CAPPON","3021200","2022-05-12 12:00","2022","05","12","12:00","17.2","","-5.7","","21","","0.0","","22","","25","","","","","","","","","","NA"
"-110.80","51.07","CAPPON","3021200","2022-05-12 13:00","2022","05","12","13:00","18.0","","-6.2","","19","","0.0","","27","","12","","","","","","","","","","NA"
"-110.80","51.07","CAPPON","3021200","2022-05-12 14:00","2022","05","12","14:00","18.5","","-4.2","","21","","0.0","","33","","11","","","","","","","","","","NA"
"-110.80","51.07","CAPPON","3021200","2022-05-12 15:00","2022","05","12","15:00","17.5","","-3.2","","24","","0.0","","6","","17","","","","","","","","","","NA"
"-110.80","51.07","CAPPON","3021200","2022-05-12 16:00","2022","05","12","16:00","18.0","","-2.9","","24","","0.0","","2","","10","","","","","","","","","","NA"
"-110.80","51.07","CAPPON","3021200","2022-05-12 17:00","2022","05","12","17:00","16.4","","-0.7","","31","","0.0","","21","","13","","","","","","","","","","NA"
"-110.80","51.07","CAPPON","3021200","2022-05-12 18:00","2022","05","12","18:00","16.4","","-1.0","","30","","0.0","","21","","5","","","","","","","","","","NA"
"-110.80","51.07","CAPPON","3021200","2022-05-12 19:00","2022","05","12","19:00","14.8","","2.1","","42","","0.0","","12","","20","","","","","","","","","","NA"
"-110.80","51.07","CAPPON","3021200","2022-05-12 20:00","2022","05","12","20:00","12.5","","4.0","","56","","0.0","","10","","24","","","","","","","","","","NA"
"-110.80","51.07","CAPPON","3021200","2022-05-12 21:00","2022","05","12","21:00","13.1","","2.6","","49","","0.0","","13","","40","","","","","","","","","","NA"
"-110.80","51.07","CAPPON","3021200","2022-05-12 22:00","2022","05","12","22:00","10.2","","4.9","","69","","0.0","","18","","6","","","","","","","","","","NA"
"-110.80","51.07","CAPPON","3021200","2022-05-12 23:00","2022","05","12","23:00","7.9","","4.2","","77","","0.0","","30","","9","","","","","","","","","","NA"
"-110.80","51.07","CAPPON","3021200","2022-05-13 00:00","2022","05","13","00:00","5.4","","3.6","","88","","0.0","","7","","5","","","","","","","","","","NA"
"-110.80","51.07","CAPPON","3021200","2022-05-13 01:00","2022","05","13","01:00","6.5","","4.2","","85","","0.0","","4","","7","","","","","","","","","","NA"
"-110.80","51.07","CAPPON","3021200","2022-05-13 02:00","2022","05","13","02:00","7.0","","5.0","","87","","0.0","","7","","14","","","","","","","","","","NA"
"-110.80","51.07","CAPPON","3021200","2022-05-13 03:00","2022","05","13","03:00","7.3","","4.3","","82","","0.0","","17","","10","","","","","","","","","","NA"
"-110.80","51.07","CAPPON","3021200","2022-05-13 04:00","2022","05","13","04:00","6.7","","4.7","","87","","0.0","","","","0","","","","","","","","","","NA"
"-110.80","51.07","CAPPON","3021200","2022-05-13 05:00","2022","05","13","05:00","7.3","","4.7","","83","","0.0","","18","","5","","","","","","","","","","NA"
"-110.80","51.07","CAPPON","3021200","2022-05-13 06:00","2022","05","13","06:00","8.0","","5.4","","84","","0.0","","7","","10","","","","","","","","","","NA"
"-110.80","51.07","CAPPON","3021200","2022-05-13 07:00","2022","05","13","07:00","9.5","","5.5","","76","","0.0","","20","","7","","","","","","","","","","NA"
"-110.80","51.07","CAPPON","3021200","2022-05-13 08:00","2022","05","13","08:00","10.8","","5.6","","70","","0.0","","28","","8","","","","","","","","","","NA"
"-110.80","51.07","CAPPON","3021200","2022-05-13 09:00","2022","05","13","09:00","12.1","","5.4","","63","","0.0","","28","","4","","","","","","","","","","NA"
"-110.80","51.07","CAPPON","3021200","2022-05-13 10:00","2022","05","13","10:00","11.7","","4.6","","62","","0.0","","9","","8","","","","","","","","","","NA"
"-110.80","51.07","CAPPON","3021200","2022-05-13 11:00","2022","05","13","11:00","10.7","","6.2","","74","","0.4","","10","","16","","","","","","","","","","NA"
"-110.80","51.07","CAPPON","3021200","2022-05-13 12:00","2022","05","13","12:00","11.7","","4.7","","62","","0.0","","19","","15","","","","","","","","","","NA"
"-110.80","51.07","CAPPON","3021200","2022-05-13 13:00","2022","05","13","13:00","9.7","","6.7","","82","","0.0","","15","","15","","","","","","","","","","NA"
"-110.80","51.07","CAPPON","3021200","2022-05-13 14:00","2022","05","13","14:00","9.8","","5.2","","73","","0.6","","19","","16","","","","","","","","","","NA"
"-110.80","51.07","CAPPON","3021200","2022-05-13 15:00","2022","05","13","15:00","11.2","","4.9","","65","","0.0","","14","","8","","","","","","","","","","NA"
"-110.80","51.07","CAPPON","3021200","2022-05-13 16:00","2022","05","13","16:00","11.3","","3.0","","56","","0.0","","2","","1","","","","","","","","","","NA"
"-110.80","51.07","CAPPON","3021200","2022-05-13 17:00","2022","05","13","17:00","10.2","","5.8","","74","","0.0","","28","","12","","","","","","","","","","NA"
"-110.80","51.07","CAPPON","3021200","2022-05-13 18:00","2022","05","13","18:00","10.1","","5.3","","72","","0.0","","27","","10","","","","","","","","","","NA"
"-110.80","51.07","CAPPON","3021200","2022-05-13 19:00","2022","05","13","19:00","10.0","","5.0","","71","","0.0","","22","","16","","","","","","","","","","NA"
"-110.80","51.07","CAPPON","3021200","2022-05-13 20:00","2022","05","13","20:00","8.7","","6.5","","86","","0.0","","24","","12","","","","","","","","","","NA"
"-110.80","51.07","CAPPON","3021200","2022-05-13 21:00","2022","05","13","21:00","8.0","","5.6","","85","","0.0","","3","","9","","","","","","","","","","NA"
"-110.80","51.07","CAPPON","3021200","2022-05-13 22:00","2022","05","13","22:00","7.5","","5.6","","88","","0.0","","25","","7","","","","","","","","","","NA"
"-110.80","51.07","CAPPON","3021200","2022-05-13 23:00","2022","05","13","23:00","6.9","","5.3","","90","","0.0","","25","","17","","","","","","","","","","NA"
"-110.80","51.07","CAPPON","3021200","2022-05-14 00:00","2022","05","14","00:00","6.7","","5.2","","91","","0.0","","24","","22","","","","","","","","","","NA"
"-110.80","51.07","CAPPON","3021200","2022-05-14 01:00","2022","05","14","01:00","6.0","","5.0","","93","","0.0","","28","","14","","","","","","","","","","NA"
"-110.80","51.07","CAPPON","3021200","2022-05-14 02:00","2022","05","14","02:00","5.6","","4.9","","95","","0.0","","29","","11","","","","","","","","","","NA"
"-110.80","51.07","CAPPON","3021200","2022-05-14 03:00","2022","05","14","03:00","5.2","","4.6","","96","","0.0","","29","","8","","","","","","","","","","NA"
"-110.80","51.07","CAPPON","3021200","2022-05-14 04:00","2022","05","14","04:00","5.2","","4.6","","96","","0.0","","28","","10","","","","","","","","","","NA"
"-110.80","51.07","CAPPON","3021200","2022-05-14 05:00","2022","05","14","05:00","5.0","","4.5","","96","","0.0","","28","","9","","","","","","","","","","NA"
"-110.80","51.07","CAPPON","3021200","2022-05-14 06:00","2022","05","14","06:00","5.4","","4.7","","95","","0.0","","28","","11","","","","","","","","","","NA"
"-110.80","51.07","CAPPON","3021200","2022-05-14 07:00","2022","05","14","07:00","6.8","","5.5","","91","","0.0","","27","","12","","","","","","","","","","NA"
"-110.80","51.07","CAPPON","3021200","2022-05-14 08:00","2022","05","14","08:00","8.4","","5.8","","83","","0.0","","29","","21","","","","","","","","","","NA"
"-110.80","51.07","CAPPON","3021200","2022-05-14 09:00","2022","05","14","09:00","9.8","","6.1","","78","","0.0","","30","","27","","","","","","","","","","NA"
"-110.80","51.07","CAPPON","3021200","2022-05-14 10:00","2022","05","14","10:00","12.8","","5.4","","61","","0.0","","31","","21","","","","","","","","","","NA"
"-110.80","51.07","CAPPON","3021200","2022-05-14 11:00","2022","05","14","11:00","13.8","","3.9","","51","","0.0","","31","","20","","","","","","","","","","NA"
"-110.80","51.07","CAPPON","3021200","2022-05-14 12:00","2022","05","14","12:00","13.3","","4.3","","54","","0.0","","29","","24","","","","","","","","","","NA"
"-110.80","51.07","CAPPON","3021200","2022-05-14 13:00","2022","05","14","13:00","15.4","","3.9","","46","","0.0","","29","","25","","","","","","","","","","NA"
"-110.80","51.07","CAPPON","3021200","2022-05-14 14:00","2022","05","14","14:00","14.9","","3.4","","46","","0.0","","31","","25","","","","","","","","","","NA"
"-110.80","51.07","CAPPON","3021200","2022-05-14 15:00","2022","05","14","15:00","16.5","","0.6","","34","","0.0","","29","","31","","","","","","","","","","NA"
"-110.80","51.07","CAPPON","3021200","2022-05-14 16:00","2022","05","14","16:00","16.3","","-0.7","","31","","0.0","","31","","32","","","","","","","","","","NA"
"-110.80","51.07","CAPPON","3021200","2022-05-14 17:00","2022","05","14","17:00","16.8","","-1.8","","28","","0.0","","31","","30","","","","","","","","","","NA"
"-110.80","51.07","CAPPON","3021200","2022-05-14 18:00","2022","05","14","18:00","16.1","","-3.0","","27","","0.0","","31","","26","","","","","","","","","","NA"
"-110.80","51.07","CAPPON","3021200","2022-05-14 19:00","2022","05","14","19:00","15.0","","-2.4","","30","","0.0","","32","","21","","","","","","","","","","NA"
"-110.80","51.07","CAPPON","3021200","2022-05-14 20:00","2022","05","14","20:00","10.3","","-1.7","","43","","0.0","","31","","11","","","","","","","","","","NA"
"-110.80","51.07","CAPPON","3021200","2022-05-14 21:00","2022","05","14","21:00","7.1","","-1.6","","54","","0.0","","7","","3","","","","","","","","","","NA"
"-110.80","51.07","CAPPON","3021200","2022-05-14 22:00","2022","05","14","22:00","2.7","","-3.1","","65","","0.0","","19","","4","","","","","","","","","","NA"
"-110.80","51.07","CAPPON","3021200","2022-05-14 23:00","2022","05","14","23:00","2.1","","-2.6","","71","","0.0","","10","","3","","","","","","","","","","NA"
"-110.80","51.07","CAPPON","3021200","2022-05-15 00:00","2022","05","15","00:00","0.6","","-3.2","","75","","0.0","","8","","3","","","","","","","","","","NA"
"-110.80","51.07","CAPPON","3021200","2022-05-15 01:00","2022","05","15","01:00","-0.9","","-4.3","","78","","0.0","","11","","1","","","","","","","","-1","","NA"
"-110.80","51.07","CAPPON","3021200","2022-05-15 02:00","2022","05","15","02:00","-0.4","","-3.3","","81","","0.0","","8","","3","","","","","","","","-1","","NA"
"-110.80","51.07","CAPPON","3021200","2022-05-15 03:00","2022","05","15","03:00","-1.2","","-4.4","","79","","0.0","","0","","1","","","","","","","","-2","","NA"
"-110.80","51.07","CAPPON","3021200","2022-05-15 04:00","2022","05","15","04:00","-0.8","","-3.5","","82","","0.0","","7","","6","","","","","","","","-3","","NA"
"-110.80","51.07","CAPPON","3021200","2022-05-15 05:00","2022","05","15","05:00","-1.7","","-4.1","","84","","0.0","","11","","2","","","","","","","","-2","","NA"
"-110.80","51.07","CAPPON","3021200","2022-05-15 06:00","2022","05","15","06:00","3.2","","-2.1","","68","","0.0","","18","","1","","","","","","","","","","NA"
"-110.80","51.07","CAPPON","3021200","2022-05-15 07:00","2022","05","15","07:00","10.6","","1.4","","53","","0.0","","20","","7","","","","","","","","","","NA"
"-110.80","51.07","CAPPON","3021200","2022-05-15 08:00","2022","05","15","08:00","13.2","","0.0","","40","","0.0","","22","","10","","","","","","","","","","NA"
"-110.80","51.07","CAPPON","3021200","2022-05-15 09:00","2022","05","15","09:00","15.5","","-1.6","","31","","0.0","","17","","13","","","","","","","","","","NA"
"-110.80","51.07","CAPPON","3021200","2022-05-15 10:00","2022","05","15","10:00","16.9","","-3.0","","25","","0.0","","14","","15","","","","","","","","","","NA"
"-110.80","51.07","CAPPON","3021200","2022-05-15 11:00","2022","05","15","11:00","17.9","","-2.8","","24","","0.0","","15","","20","","","","","","","","","","NA"
"-110.80","51.07","CAPPON","3021200","2022-05-15 12:00","2022","05","15","12:00","18.5","","-3.4","","22","","0.0","","17","","13","","","","","","","","","","NA"
"-110.80","51.07","CAPPON","3021200","2022-05-15 13:00","2022","05","15","13:00","18.9","","-4.1","","21","","0.0","","25","","9","","","","","","","","","","NA"
"-110.80","51.07","CAPPON","3021200","2022-05-15 14:00","2022","05","15","14:00","19.9","","-4.7","","19","","0.0","","25","","16","","","","","","","","","","NA"
"-110.80","51.07","CAPPON","3021200","2022-05-15 15:00","2022","05","15","15:00","19.6","","-5.8","","17","","0.0","","22","","10","","","","","","","","","","NA"
"-110.80","51.07","CAPPON","3021200","2022-05-15 16:00","2022","05","15","16:00","20.1","","-6.5","","16","","0.0","","29","","18","","","","","","","","","","NA"
"-110.80","51.07","CAPPON","3021200","2022-05-15 17:00","2022","05","15","17:00","20.1","","-5.9","","17","","0.0","","26","","13","","","","","","","","","","NA"
"-110.80","51.07","CAPPON","3021200","2022-05-15 18:00","2022","05","15","18:00","19.4","","-5.8","","18","","0.0","","28","","10","","","","","","","","","","NA"
"-110.80","51.07","CAPPON","3021200","2022-05-15 19:00","2022","05","15","19:00","17.9","","-5.6","","20","","0.0","","32","","6","","","","","","","","","","NA"
"-110.80","51.07","CAPPON","3021200","2022-05-15 20:00","2022","05","15","20:00","13.4","","-2.0","","34","","0.0","","3","","3","","","","","","","","","","NA"
"-110.80","51.07","CAPPON","3021200","2022-05-15 21:00","2022","05","15","21:00","11.0","","-2.4","","39","","0.0","","14","","3","","","","","","","","","","NA"
"-110.80","51.07","CAPPON","3021200","2022-05-15 22:00","2022","05","15","22:00","10.2","","-2.2","","42","","0.0","","6","","9","","","","","","","","","","NA"
"-110.80","51.07","CAPPON","3021200","2022-05-15 23:00","2022","05","15","23:00","12.2","","-2.2","","37","","0.0","","9","","7","","","","","","","","","","NA"
"-110.80","51.07","CAPPON","3021200","2022-05-16 00:00","2022","05","16","00:00","10.1","","-1.4","","45","","0.0","","10","","8","","","","","","","","","","NA"
"-110.80","51.07","CAPPON","3021200","2022-05-16 01:00","2022","05","16","01:00","12.5","","-2.4","","35","","0.0","","17","","10","","","","","","","","","","NA"
"-110.80","51.07","CAPPON","3021200","2022-05-16 02:00","2022","05","16","02:00","11.4","","-1.1","","42","","0.0","","8","","11","","","","","","","","","","NA"
"-110.80","51.07","CAPPON","3021200","2022-05-16 03:00","2022","05","16","03:00","11.8","","-1.8","","39","","0.0","","12","","11","","","","","","","","","","NA"
"-110.80","51.07","CAPPON","3021200","2022-05-16 04:00","2022","05","16","04:00","11.3","","-1.6","","41","","0.0","","11","","12","","","","","","","","","","NA"
"-110.80","51.07","CAPPON","3021200","2022-05-16 05:00","2022","05","16","05:00","10.4","","-0.4","","47","","0.0","","8","","12","","","","","","","","","","NA"
"-110.80","51.07","CAPPON","3021200","2022-05-16 06:00","2022","05","16","06:00","10.9","","0.5","","49","","0.0","","9","","13","","","","","","","","","","NA"
"-110.80","51.07","CAPPON","3021200","2022-05-16 07:00","2022","05","16","07:00","11.9","","1.6","","50","","0.0","","9","","18","","","","","","","","","","NA"
"-110.80","51.07","CAPPON","3021200","2022-05-16 08:00","2022","05","16","08:00","13.7","","2.1","","45","","0.0","","10","","15","","","","","","","","","","NA"
"-110.80","51.07","CAPPON","3021200","2022-05-16 09:00","2022","05","16","09:00","16.6","","2.3","","38","","0.0","","9","","12","","","","","","","","","","NA"
"-110.80","51.07","CAPPON","3021200","2022-05-16 10:00","2022","05","16","10:00","18.7","","2.3","","33","","0.0","","10","","10","","","","","","","","","","NA"
"-110.80","51.07","CAPPON","3021200","2022-05-16 11:00","2022","05","16","11:00","20.4","","3.1","","32","","0.0","","6","","6","","","","","","","","","","NA"
"-110.80","51.07","CAPPON","3021200","2022-05-16 12:00","2022","05","16","12:00","21.6","","3.0","","29","","0.0","","30","","9","","","","","","","","","","NA"
"-110.80","51.07","CAPPON","3021200","2022-05-16 13:00","2022","05","16","13:00","22.5","","2.2","","26","","0.0","","21","","9","","","","","","","","","","NA"
"-110.80","51.07","CAPPON","3021200","2022-05-16 14:00","2022","05","16","14:00","22.6","","1.8","","25","","0.0","","18","","13","","","","","","","","","","NA"
"-110.80","51.07","CAPPON","3021200","2022-05-16 15:00","2022","05","16","15:00","23.2","","1.5","","24","","0.0","","25","","13","","","","","","","","","","NA"
"-110.80","51.07","CAPPON","3021200","2022-05-16 16:00","2022","05","16","16:00","23.1","","0.2","","22","","0.0","","21","","8","","","","","","","","","","NA"
"-110.80","51.07","CAPPON","3021200","2022-05-16 17:00","2022","05","16","17:00","23.2","","0.1","","22","","0.0","","25","","8","","","","","","","","","","NA"
"-110.80","51.07","CAPPON","3021200","2022-05-16 18:00","2022","05","16","18:00","23.2","","0.0","","21","","0.0","","20","","14","","","","","","","","","","NA"
"-110.80","51.07","CAPPON","3021200","2022-05-16 19:00","2022","05","16","19:00","21.8","","0.1","","24","","0.0","","21","","3","","","","","","","","","","NA"
"-110.80","51.07","CAPPON","3021200","2022-05-16 20:00","2022","05","16","20:00","16.4","","2.6","","40","","0.0","","8","","7","","","","","","","","","","NA"
"-110.80","51.07","CAPPON","3021200","2022-05-16 21:00","2022","05","16","21:00","15.4","","4.4","","48","","0.0","","9","","29","","","","","","","","","","NA"
"-110.80","51.07","CAPPON","3021200","2022-05-16 22:00","2022","05","16","22:00","15.5","","2.5","","42","","0.0","","17","","9","","","","","","","","","","NA"
"-110.80","51.07","CAPPON","3021200","2022-05-16 23:00","2022","05","16","23:00","13.9","","1.4","","42","","0.0","","22","","20","","","","","","","","","","NA"
"-110.80","51.07","CAPPON","3021200","2022-05-17 00:00","2022","05","17","00:00","12.7","","1.2","","45","","0.0","","23","","16","","","","","","","","","","NA"
"-110.80","51.07","CAPPON","3021200","2022-05-17 01:00","2022","05","17","01:00","10.5","","1.1","","52","","0.0","","25","","18","","","","","","","","","","NA"
"-110.80","51.07","CAPPON","3021200","2022-05-17 02:00","2022","05","17","02:00","7.6","","0.8","","62","","0.0","","29","","9","","","","","","","","","","NA"
"-110.80","51.07","CAPPON","3021200","2022-05-17 03:00","2022","05","17","03:00","5.9","","0.6","","69","","0.0","","28","","15","","","","","","","","","","NA"
"-110.80","51.07","CAPPON","3021200","2022-05-17 04:00","2022","05","17","04:00","6.0","","0.6","","68","","0.0","","28","","16","","","","","","","","","","NA"
"-110.80","51.07","CAPPON","3021200","2022-05-17 05:00","2022","05","17","05:00","8.1","","1.5","","63","","0.0","","27","","26","","","","","","","","","","NA"
"-110.80","51.07","CAPPON","3021200","2022-05-17 06:00","2022","05","17","06:00","6.9","","2.8","","75","","0.0","","29","","24","","","","","","","","","","NA"
"-110.80","51.07","CAPPON","3021200","2022-05-17 07:00","2022","05","17","07:00","8.2","","3.4","","72","","0.0","","30","","21","","","","","","","","","","NA"
"-110.80","51.07","CAPPON","3021200","2022-05-17 08:00","2022","05","17","08:00","11.8","","4.0","","59","","0.0","","33","","36","","","","","","","","","","NA"
"-110.80","51.07","CAPPON","3021200","2022-05-17 09:00","2022","05","17","09:00","13.0","","4.5","","56","","0.0","","34","","37","","","","","","","","","","NA"
"-110.80","51.07","CAPPON","3021200","2022-05-17 10:00","2022","05","17","10:00","14.9","","4.8","","51","","0.0","","35","","32","","","","","","","","","","NA"
"-110.80","51.07","CAPPON","3021200","2022-05-17 11:00","2022","05","17","11:00","16.8","","4.2","","43","","0.0","","33","","32","","","","","","","","","","NA"
"-110.80","51.07","CAPPON","3021200","2022-05-17 12:00","2022","05","17","12:00","17.2","","5.7","","47","","0.0","","34","","33","","","","","","","","","","NA"
"-110.80","51.07","CAPPON","3021200","2022-05-17 13:00","2022","05","17","13:00","16.1","","6.0","","51","","0.0","","34","","28","","","","","","","","","","NA"
"-110.80","51.07","CAPPON","3021200","2022-05-17 14:00","2022","05","17","14:00","15.9","","5.8","","51","","0.0","","34","","26","","","","","","","","","","NA"
"-110.80","51.07","CAPPON","3021200","2022-05-17 15:00","2022","05","17","15:00","15.8","","4.3","","46","","0.0","","33","","23","","","","","","","","","","NA"
"-110.80","51.07","CAPPON","3021200","2022-05-17 16:00","2022","05","17","16:00","15.8","","3.9","","45","","0.0","","32","","16","","","","","","","","","","NA"
"-110.80","51.07","CAPPON","3021200","2022-05-17 17:00","2022","05","17","17:00","15.5","","3.5","","45","","0.0","","31","","18","","","","","","","","","","NA"
"-110.80","51.07","CAPPON","3021200","2022-05-17 18:00","2022","05","17","18:00","11.3","","7.0","","75","","0.0","","31","","22","","","","","","","","","","NA"
"-110.80","51.07","CAPPON","3021200","2022-05-17 19:00","2022","05","17","19:00","10.9","","7.3","","78","","0.0","","32","","10","","","","","","","","","","NA"
"-110.80","51.07","CAPPON","3021200","2022-05-17 20:00","2022","05","17","20:00","9.6","","6.1","","79","","0.0","","33","","22","","","","","","","","","","NA"
"-110.80","51.07","CAPPON","3021200","2022-05-17 21:00","2022","05","17","21:00","9.0","","6.3","","84","","0.0","","27","","11","","","","","","","","","","NA"
"-110.80","51.07","CAPPON","3021200","2022-05-17 22:00","2022","05","17","22:00","7.9","","6.9","","94","","1.6","","26","","21","","","","","","","","","","NA"
"-110.80","51.07","CAPPON","3021200","2022-05-17 23:00","2022","05","17","23:00","8.2","","6.0","","86","","0.7","","25","","22","","","","","","","","","","NA"
"-110.80","51.07","CAPPON","3021200","2022-05-18 00:00","2022","05","18","00:00","7.6","","6.1","","90","","0.0","","26","","17","","","","","","","","","","NA"
"-110.80","51.07","CAPPON","3021200","2022-05-18 01:00","2022","05","18","01:00","7.6","","5.0","","84","","0.0","","32","","13","","","","","","","","","","NA"
"-110.80","51.07","CAPPON","3021200","2022-05-18 02:00","2022","05","18","02:00","5.6","","4.7","","93","","0.0","","27","","15","","","","","","","","","","NA"
"-110.80","51.07","CAPPON","3021200","2022-05-18 03:00","2022","05","18","03:00","4.1","","3.1","","93","","0.0","","28","","10","","","","","","","","","","NA"
"-110.80","51.07","CAPPON","3021200","2022-05-18 04:00","2022","05","18","04:00","2.6","","1.6","","93","","0.0","","29","","12","","","","","","","","","","NA"
"-110.80","51.07","CAPPON","3021200","2022-05-18 05:00","2022","05","18","05:00","2.9","","2.0","","94","","0.0","","5","","1","","","","","","","","","","NA"
"-110.80","51.07","CAPPON","3021200","2022-05-18 06:00","2022","05","18","06:00","5.9","","3.9","","87","","0.0","","29","","7","","","","","","","","","","NA"
"-110.80","51.07","CAPPON","3021200","2022-05-18 07:00","2022","05","18","07:00","7.6","","4.8","","83","","0.0","","26","","11","","","","","","","","","","NA"
"-110.80","51.07","CAPPON","3021200","2022-05-18 08:00","2022","05","18","08:00","9.2","","4.4","","72","","0.0","","27","","7","","","","","","","","","","NA"
"-110.80","51.07","CAPPON","3021200","2022-05-18 09:00","2022","05","18","09:00","10.9","","5.3","","68","","0.0","","19","","4","","","","","","","","","","NA"
"-110.80","51.07","CAPPON","3021200","2022-05-18 10:00","2022","05","18","10:00","12.7","","3.9","","55","","0.0","","19","","13","","","","","","","","","","NA"
"-110.80","51.07","CAPPON","3021200","2022-05-18 11:00","2022","05","18","11:00","13.3","","2.5","","48","","0.0","","20","","20","","","","","","","","","","NA"
"-110.80","51.07","CAPPON","3021200","2022-05-18 12:00","2022","05","18","12:00","14.9","","-0.2","","36","","0.0","","18","","23","","","","","","","","","","NA"
"-110.80","51.07","CAPPON","3021200","2022-05-18 13:00","2022","05","18","13:00","15.9","","-1.6","","30","","0.0","","21","","24","","","","","","","","","","NA"
"-110.80","51.07","CAPPON","3021200","2022-05-18 14:00","2022","05","18","14:00","16.0","","-2.4","","28","","0.0","","19","","28","","","","","","","","","","NA"
"-110.80","51.07","CAPPON","3021200","2022-05-18 15:00","2022","05","18","15:00","15.6","","-1.4","","31","","0.0","","18","","19","","","","","","","","","","NA"
"-110.80","51.07","CAPPON","3021200","2022-05-18 16:00","2022","05","18","16:00","16.7","","-1.2","","30","","0.0","","15","","28","","","","","","","","","","NA"
"-110.80","51.07","CAPPON","3021200","2022-05-18 17:00","2022","05","18","17:00","17.1","","-1.6","","28","","0.0","","19","","38","","","","","","","","","","NA"
"-110.80","51.07","CAPPON","3021200","2022-05-18 18:00","2022","05","18","18:00","17.8","","-1.7","","26","","0.0","","23","","48","","","","","","","","","","NA"
"-110.80","51.07","CAPPON","3021200","2022-05-18 19:00","2022","05","18","19:00","15.5","","-0.9","","32","","0.0","","23","","43","","","","","","","","","","NA"
"-110.80","51.07","CAPPON","3021200","2022-05-18 20:00","2022","05","18","20:00","12.8","","-1.7","","37","","0.0","","28","","30","","","","","","","","","","NA"
"-110.80","51.07","CAPPON","3021200","2022-05-18 21:00","2022","05","18","21:00","10.2","","-0.9","","46","","0.0","","25","","31","","","","","","","","","","NA"
"-110.80","51.07","CAPPON","3021200","2022-05-18 22:00","2022","05","18","22:00","8.0","","3.1","","71","","0.0","","29","","17","","","","","","","","","","NA"
"-110.80","51.07","CAPPON","3021200","2022-05-18 23:00","2022","05","18","23:00","4.9","","2.4","","84","","0.0","","27","","17","","","","","","","","","","NA"
"-110.80","51.07","CAPPON","3021200","2022-05-19 00:00","2022","05","19","00:00","3.3","","1.7","","89","","0.0","","28","","16","","","","","","","","","","NA"
"-110.80","51.07","CAPPON","3021200","2022-05-19 01:00","2022","05","19","01:00","4.7","","1.7","","81","","0.0","","27","","31","","","","","","","","","","NA"
"-110.80","51.07","CAPPON","3021200","2022-05-19 02:00","2022","05","19","02:00","5.7","","2.3","","79","","0.0","","29","","45","","","","","","","","","","NA"
"-110.80","51.07","CAPPON","3021200","2022-05-19 03:00","2022","05","19","03:00","4.6","","3.1","","90","","0.9","","27","","40","","","","","","","","","","NA"
"-110.80","51.07","CAPPON","3021200","2022-05-19 04:00","2022","05","19","04:00","5.2","","4.1","","92","","1.0","","27","","43","","","","","","","","","","NA"
"-110.80","51.07","CAPPON","3021200","2022-05-19 05:00","2022","05","19","05:00","5.5","","4.4","","93","","1.0","","29","","45","","","","","","","","","","NA"
"-110.80","51.07","CAPPON","3021200","2022-05-19 06:00","2022","05","19","06:00","5.1","","3.7","","91","","1.4","","30","","55","","","","","","","","","","NA"
"-110.80","51.07","CAPPON","3021200","2022-05-19 07:00","2022","05","19","07:00","3.3","","2.4","","94","","1.1","","32","","45","","","","","","","","","","NA"
"-110.80","51.07","CAPPON","3021200","2022-05-19 08:00","2022","05","19","08:00","4.3","","3.1","","92","","2.8","","32","","48","","","","","","","","","","NA"
"-110.80","51.07","CAPPON","3021200","2022-05-19 09:00","2022","05","19","09:00","4.2","","3.0","","92","","1.1","","34","","53","","","","","","","","","","NA"
"-110.80","51.07","CAPPON","3021200","2022-05-19 10:00","2022","05","19","10:00","5.1","","3.9","","92","","0.0","","35","","51","","","","","","","","","","NA"
"-110.80","51.07","CAPPON","3021200","2022-05-19 11:00","2022","05","19","11:00","5.4","","4.0","","91","","0.0","","35","","50","","","","","","","","","","NA"
"-110.80","51.07","CAPPON","3021200","2022-05-19 12:00","2022","05","19","12:00","4.5","","3.3","","92","","0.0","","36","","50","","","","","","","","","","NA"
"-110.80","51.07","CAPPON","3021200","2022-05-19 13:00","2022","05","19","13:00","4.7","","3.7","","93","","0.5","","36","","48","","","","","","","","","","NA"
"-110.80","51.07","CAPPON","3021200","2022-05-19 14:00","2022","05","19","14:00","5.0","","3.4","","89","","0.0","","2","","51","","","","","","","","","","NA"
"-110.80","51.07","CAPPON","3021200","2022-05-19 15:00","2022","05","19","15:00","5.2","","2.1","","80","","0.0","","3","","55","","","","","","","","","","NA"
"-110.80","51.07","CAPPON","3021200","2022-05-19 16:00","2022","05","19","16:00","5.6","","3.4","","86","","0.0","","3","","52","","","","","","","","","","NA"
"-110.80","51.07","CAPPON","3021200","2022-05-19 17:00","2022","05","19","17:00","5.1","","2.8","","85","","0.0","","3","","45","","","","","","","","","","NA"
"-110.80","51.07","CAPPON","3021200","2022-05-19 18:00","2022","05","19","18:00","6.5","","2.5","","76","","0.0","","4","","36","","","","","","","","","","NA"
"-110.80","51.07","CAPPON","3021200","2022-05-19 19:00","2022","05","19","19:00","6.7","","2.0","","72","","0.0","","3","","28","","","","","","","","","","NA"
"-110.80","51.07","CAPPON","3021200","2022-05-19 20:00","2022","05","19","20:00","6.4","","3.2","","80","","0.0","","34","","17","","","","","","","","","","NA"
"-110.80","51.07","CAPPON","3021200","2022-05-19 21:00","2022","05","19","21:00","5.0","","3.4","","89","","0.0","","33","","24","","","","","","","","","","NA"
"-110.80","51.07","CAPPON","3021200","2022-05-19 22:00","2022","05","19","22:00","5.1","","3.7","","91","","0.0","","33","","26","","","","","","","","","","NA"
"-110.80","51.07","CAPPON","3021200","2022-05-19 23:00","2022","05","19","23:00","4.7","","3.2","","90","","0.9","","36","","30","","","","","","","","","","NA"
"-110.80","51.07","CAPPON","3021200","2022-05-20 00:00","2022","05","20","00:00","5.0","","3.8","","92","","0.0","","34","","24","","","","","","","","","","NA"
"-110.80","51.07","CAPPON","3021200","2022-05-20 01:00","2022","05","20","01:00","4.8","","3.5","","91","","0.5","","35","","24","","","","","","","","","","NA"
"-110.80","51.07","CAPPON","3021200","2022-05-20 02:00","2022","05","20","02:00","4.5","","3.0","","90","","0.0","","35","","24","","","","","","","","","","NA"
"-110.80","51.07","CAPPON","3021200","2022-05-20 03:00","2022","05","20","03:00","4.0","","2.6","","91","","0.0","","34","","23","","","","","","","","","","NA"
"-110.80","51.07","CAPPON","3021200","2022-05-20 04:00","2022","05","20","04:00","3.5","","1.9","","89","","0.0","","34","","23","","","","","","","","","","NA"
"-110.80","51.07","CAPPON","3021200","2022-05-20 05:00","2022","05","20","05:00","3.3","","1.4","","87","","0.0","","35","","23","","","","","","","","","","NA"
"-110.80","51.07","CAPPON","3021200","2022-05-20 06:00","2022","05","20","06:00","3.6","","-0.1","","77","","0.0","","36","","26","","","","","","","","","","NA"
"-110.80","51.07","CAPPON","3021200","2022-05-20 07:00","2022","05","20","07:00","5.2","","-0.6","","66","","0.0","","36","","29","","","","","","","","","","NA"
"-110.80","51.07","CAPPON","3021200","2022-05-20 08:00","2022","05","20","08:00","6.5","","-0.6","","60","","0.0","","35","","32","","","","","","","","","","NA"
"-110.80","51.07","CAPPON","3021200","2022-05-20 09:00","2022","05","20","09:00","7.0","","-1.6","","54","","0.0","","34","","34","","","","","","","","","","NA"
"-110.80","51.07","CAPPON","3021200","2022-05-20 10:00","2022","05","20","10:00","7.9","","-2.6","","47","","0.0","","35","","33","","","","","","","","","","NA"
"-110.80","51.07","CAPPON","3021200","2022-05-20 11:00","2022","05","20","11:00","7.7","","-2.3","","49","","0.0","","34","","41","","","","","","","","","","NA"
"-110.80","51.07","CAPPON","3021200","2022-05-20 12:00","2022","05","20","12:00","7.7","","-1.7","","52","","0.0","","34","","39","","","","","","","","","","NA"
"-110.80","51.07","CAPPON","3021200","2022-05-20 13:00","2022","05","20","13:00","8.0","","-1.7","","50","","0.0","","34","","35","","","","","","","","","","NA"
"-110.80","51.07","CAPPON","3021200","2022-05-20 14:00","2022","05","20","14:00","8.8","","-3.7","","41","","0.0","","35","","39","","","","","","","","","","NA"
"-110.80","51.07","CAPPON","3021200","2022-05-20 15:00","2022","05","20","15:00","8.9","","-3.9","","40","","0.0","","35","","36","","","","","","","","","","NA"
"-110.80","51.07","CAPPON","3021200","2022-05-20 16:00","2022","05","20","16:00","10.0","","-6.3","","31","","0.0","","34","","40","","","","","","","","","","NA"
"-110.80","51.07","CAPPON","3021200","2022-05-20 17:00","2022","05","20","17:00","9.6","","-7.2","","30","","0.0","","36","","32","","","","","","","","","","NA"
"-110.80","51.07","CAPPON","3021200","2022-05-20 18:00","2022","05","20","18:00","8.5","","-6.7","","33","","0.0","","36","","28","","","","","","","","","","NA"
"-110.80","51.07","CAPPON","3021200","2022-05-20 19:00","2022","05","20","19:00","7.5","","-5.8","","39","","0.0","","1","","31","","","","","","","","","","NA"
"-110.80","51.07","CAPPON","3021200","2022-05-20 20:00","2022","05","20","20:00","6.6","","-5.9","","40","","0.0","","36","","22","","","","","","","","","","NA"
"-110.80","51.07","CAPPON","3021200","2022-05-20 21:00","2022","05","20","21:00","5.1","","-6.7","","42","","0.0","","3","","20","","","","","","","","","","NA"
"-110.80","51.07","CAPPON","3021200","2022-05-20 22:00","2022","05","20","22:00","4.4","","-5.2","","50","","0.0","","1","","15","","","","","","","","","","NA"
"-110.80","51.07","CAPPON","3021200","2022-05-20 23:00","2022","05","20","23:00","3.5","","-3.6","","60","","0.0","","36","","13","","","","","","","","","","NA"
"-110.80","51.07","CAPPON","3021200","2022-05-21 00:00","2022","05","21","00:00","2.8","","-3.1","","65","","0.0","","2","","10","","","","","","","","","","NA"
"-110.80","51.07","CAPPON","3021200","2022-05-21 01:00","2022","05","21","01:00","2.9","","-2.8","","66","","0.0","","36","","12","","","","","","","","","","NA"
"-110.80","51.07","CAPPON","3021200","2022-05-21 02:00","2022","05","21","02:00","0.4","","-2.3","","82","","0.0","","35","","11","","","","","","","","","","NA"
"-110.80","51.07","CAPPON","3021200","2022-05-21 03:00","2022","05","21","03:00","1.0","","-2.5","","77","","0.0","","0","","1","","","","","","","","","","NA"
"-110.80","51.07","CAPPON","3021200","2022-05-21 04:00","2022","05","21","04:00","0.0","","-2.2","","85","","0.0","","17","","3","","","","","","","","-1","","NA"
"-110.80","51.07","CAPPON","3021200","2022-05-21 05:00","2022","05","21","05:00","-0.7","","-2.7","","86","","0.0","","27","","10","","","","","","","","-4","","NA"
"-110.80","51.07","CAPPON","3021200","2022-05-21 06:00","2022","05","21","06:00","2.4","","-1.6","","75","","0.0","","25","","2","","","","","","","","","","NA"
"-110.80","51.07","CAPPON","3021200","2022-05-21 07:00","2022","05","21","07:00","5.9","","-2.9","","53","","0.0","","31","","12","","","","","","","","","","NA"
"-110.80","51.07","CAPPON","3021200","2022-05-21 08:00","2022","05","21","08:00","8.3","","-5.7","","37","","0.0","","32","","15","","","","","","","","","","NA"
"-110.80","51.07","CAPPON","3021200","2022-05-21 09:00","2022","05","21","09:00","8.8","","-4.8","","38","","0.0","","31","","17","","","","","","","","","","NA"
"-110.80","51.07","CAPPON","3021200","2022-05-21 10:00","2022","05","21","10:00","9.1","","-7.4","","30","","0.0","","30","","18","","","","","","","","","","NA"
"-110.80","51.07","CAPPON","3021200","2022-05-21 11:00","2022","05","21","11:00","10.4","","-8.7","","25","","0.0","","32","","15","","","","","","","","","","NA"
"-110.80","51.07","CAPPON","3021200","2022-05-21 12:00","2022","05","21","12:00","11.3","","-9.3","","23","","0.0","","34","","10","","","","","","","","","","NA"
"-110.80","51.07","CAPPON","3021200","2022-05-21 13:00","2022","05","21","13:00","12.2","","-9.4","","21","","0.0","","36","","10","","","","","","","","","","NA"
"-110.80","51.07","CAPPON","3021200","2022-05-21 14:00","2022","05","21","14:00","11.9","","-9.3","","22","","0.0","","36","","10","","","","","","","","","","NA"
"-110.80","51.07","CAPPON","3021200","2022-05-21 15:00","2022","05","21","15:00","13.3","","-9.3","","20","","0.0","","35","","13","","","","","","","","","","NA"
"-110.80","51.07","CAPPON","3021200","2022-05-21 16:00","2022","05","21","16:00","13.3","","-9.5","","20","","0.0","","24","","10","","","","","","","","","","NA"
"-110.80","51.07","CAPPON","3021200","2022-05-21 17:00","2022","05","21","17:00","13.3","","-8.6","","21","","0.0","","29","","16","","","","","","","","","","NA"
"-110.80","51.07","CAPPON","3021200","2022-05-21 18:00","2022","05","21","18:00","12.1","","-8.3","","23","","0.0","","28","","14","","","","","","","","","","NA"
"-110.80","51.07","CAPPON","3021200","2022-05-21 19:00","2022","05","21","19:00","11.5","","-7.1","","26","","0.0","","28","","7","","","","","","","","","","NA"
"-110.80","51.07","CAPPON","3021200","2022-05-21 20:00","2022","05","21","20:00","8.6","","-4.7","","39","","0.0","","24","","9","","","","","","","","","","NA"
"-110.80","51.07","CAPPON","3021200","2022-05-21 21:00","2022","05","21","21:00","5.3","","-4.1","","51","","0.0","","23","","17","","","","","","","","","","NA"
"-110.80","51.07","CAPPON","3021200","2022-05-21 22:00","2022","05","21","22:00","4.4","","-4.0","","54","","0.0","","24","","13","","","","","","","","","","NA"
"-110.80","51.07","CAPPON","3021200","2022-05-21 23:00","2022","05","21","23:00","4.4","","-5.0","","50","","0.0","","25","","8","","","","","","","","","","NA"
"-110.80","51.07","CAPPON","3021200","2022-05-22 00:00","2022","05","22","00:00","4.7","","-3.9","","54","","0.0","","27","","12","","","","","","","","","","NA"
"-110.80","51.07","CAPPON","3021200","2022-05-22 01:00","2022","05","22","01:00","1.4","","-4.0","","68","","0.0","","30","","10","","","","","","","","","","NA"
"-110.80","51.07","CAPPON","3021200","2022-05-22 02:00","2022","05","22","02:00","-1.4","","-4.7","","78","","0.0","","33","","4","","","","","","","","-3","","NA"
"-110.80","51.07","CAPPON","3021200","2022-05-22 03:00","2022","05","22","03:00","-1.7","","-4.3","","82","","0.0","","11","","1","","","","","","","","-2","","NA"
"-110.80","51.07","CAPPON","3021200","2022-05-22 04:00","2022","05","22","04:00","-2.7","","-4.8","","85","","0.0","","15","","3","","","","","","","","-4","","NA"
"-110.80","51.07","CAPPON","3021200","2022-05-22 05:00","2022","05","22","05:00","-2.8","","-4.9","","85","","0.0","","10","","3","","","","","","","","-4","","NA"
"-110.80","51.07","CAPPON","3021200","2022-05-22 06:00","2022","05","22","06:00","2.7","","-2.2","","70","","0.0","","10","","1","","","","","","","","","","NA"
"-110.80","51.07","CAPPON","3021200","2022-05-22 07:00","2022","05","22","07:00","7.2","","-3.0","","49","","0.0","","22","","13","","","","","","","","","","NA"
"-110.80","51.07","CAPPON","3021200","2022-05-22 08:00","2022","05","22","08:00","9.4","","-3.2","","41","","0.0","","20","","17","","","","","","","","","","NA"
"-110.80","51.07","CAPPON","3021200","2022-05-22 09:00","2022","05","22","09:00","11.1","","-4.3","","34","","0.0","","21","","15","","","","","","","","","","NA"
"-110.80","51.07","CAPPON","3021200","2022-05-22 10:00","2022","05","22","10:00","12.0","","-5.8","","28","","0.0","","20","","16","","","","","","","","","","NA"
"-110.80","51.07","CAPPON","3021200","2022-05-22 11:00","2022","05","22","11:00","12.5","","-5.8","","27","","0.0","","19","","15","","","","","","","","","","NA"
"-110.80","51.07","CAPPON","3021200","2022-05-22 12:00","2022","05","22","12:00","12.7","","-6.2","","26","","0.0","","20","","16","","","","","","","","","","NA"
"-110.80","51.07","CAPPON","3021200","2022-05-22 13:00","2022","05","22","13:00","14.1","","-5.2","","26","","0.0","","19","","15","","","","","","","","","","NA"
"-110.80","51.07","CAPPON","3021200","2022-05-22 14:00","2022","05","22","14:00","14.8","","-5.7","","24","","0.0","","20","","16","","","","","","","","","","NA"
"-110.80","51.07","CAPPON","3021200","2022-05-22 15:00","2022","05","22","15:00","14.0","","-5.9","","25","","0.0","","26","","10","","","","","","","","","","NA"
"-110.80","51.07","CAPPON","3021200","2022-05-22 16:00","2022","05","22","16:00","14.9","","-5.5","","24","","0.0","","28","","4","","","","","","","","","","NA"
"-110.80","51.07","CAPPON","3021200","2022-05-22 17:00","2022","05","22","17:00","15.4","","-5.8","","23","","0.0","","27","","9","","","","","","","","","","NA"
"-110.80","51.07","CAPPON","3021200","2022-05-22 18:00","2022","05","22","18:00","15.9","","-5.4","","23","","0.0","","30","","8","","","","","","","","","","NA"
"-110.80","51.07","CAPPON","3021200","2022-05-22 19:00","2022","05","22","19:00","15.6","","-5.6","","23","","0.0","","29","","5","","","","","","","","","","NA"
"-110.80","51.07","CAPPON","3021200","2022-05-22 20:00","2022","05","22","20:00","12.6","","-3.9","","31","","0.0","","20","","4","","","","","","","","","","NA"
"-110.80","51.07","CAPPON","3021200","2022-05-22 21:00","2022","05","22","21:00","7.1","","-1.3","","55","","0.0","","11","","4","","","","","","","","","","NA"
"-110.80","51.07","CAPPON","3021200","2022-05-22 22:00","2022","05","22","22:00","5.2","","-2.6","","57","","0.0","","14","","4","","","","","","","","","","NA"
"-110.80","51.07","CAPPON","3021200","2022-05-22 23:00","2022","05","22","23:00","4.8","","-2.3","","60","","0.0","","16","","4","","","","","","","","","","NA"
"-110.80","51.07","CAPPON","3021200","2022-05-23 00:00","2022","05","23","00:00","4.5","","-2.3","","61","","0.0","","17","","5","","","","","","","","","","NA"
"-110.80","51.07","CAPPON","3021200","2022-05-23 01:00","2022","05","23","01:00","4.1","","-2.4","","62","","0.0","","0","","1","","","","","","","","","","NA"
"-110.80","51.07","CAPPON","3021200","2022-05-23 02:00","2022","05","23","02:00","2.7","","-2.7","","67","","0.0","","18","","1","","","","","","","","","","NA"
"-110.80","51.07","CAPPON","3021200","2022-05-23 03:00","2022","05","23","03:00","2.8","","-2.7","","67","","0.0","","24","","2","","","","","","","","","","NA"
"-110.80","51.07","CAPPON","3021200","2022-05-23 04:00","2022","05","23","04:00","0.4","","-3.4","","76","","0.0","","","","0","","","","","","","","","","NA"
"-110.80","51.07","CAPPON","3021200","2022-05-23 05:00","2022","05","23","05:00","0.6","","-2.5","","80","","0.0","","","","0","","","","","","","","","","NA"
"-110.80","51.07","CAPPON","3021200","2022-05-23 06:00","2022","05","23","06:00","4.9","","-1.1","","65","","0.0","","13","","1","","","","","","","","","","NA"
"-110.80","51.07","CAPPON","3021200","2022-05-23 07:00","2022","05","23","07:00","11.2","","-2.2","","39","","0.0","","24","","7","","","","","","","","","","NA"
"-110.80","51.07","CAPPON","3021200","2022-05-23 08:00","2022","05","23","08:00","13.9","","-2.2","","33","","0.0","","24","","14","","","","","","","","","","NA"
"-110.80","51.07","CAPPON","3021200","2022-05-23 09:00","2022","05","23","09:00","16.3","","-2.8","","27","","0.0","","24","","15","","","","","","","","","","NA"
"-110.80","51.07","CAPPON","3021200","2022-05-23 10:00","2022","05","23","10:00","17.6","","-3.1","","24","","0.0","","24","","15","","","","","","","","","","NA"
"-110.80","51.07","CAPPON","3021200","2022-05-23 11:00","2022","05","23","11:00","19.4","","-5.9","","17","","0.0","","26","","9","","","","","","","","","","NA"
"-110.80","51.07","CAPPON","3021200","2022-05-23 12:00","2022","05","23","12:00","20.0","","-6.2","","17","","0.0","","25","","13","","","","","","","","","","NA"
"-110.80","51.07","CAPPON","3021200","2022-05-23 13:00","2022","05","23","13:00","19.5","","-7.1","","16","","0.0","","27","","7","","","","","","","","","","NA"
"-110.80","51.07","CAPPON","3021200","2022-05-23 14:00","2022","05","23","14:00","21.5","","-6.7","","14","","0.0","","22","","18","","","","","","","","","","NA"
"-110.80","51.07","CAPPON","3021200","2022-05-23 15:00","2022","05","23","15:00","21.3","","-6.9","","14","","0.0","","26","","11","","","","","","","","","","NA"
"-110.80","51.07","CAPPON","3021200","2022-05-23 16:00","2022","05","23","16:00","20.9","","-7.5","","14","","0.0","","16","","9","","","","","","","","","","NA"
"-110.80","51.07","CAPPON","3021200","2022-05-23 17:00","2022","05","23","17:00","20.6","","-7.5","","14","","0.0","","20","","10","","","","","","","","","","NA"
"-110.80","51.07","CAPPON","3021200","2022-05-23 18:00","2022","05","23","18:00","20.5","","-7.9","","14","","0.0","","18","","13","","","","","","","","","","NA"
"-110.80","51.07","CAPPON","3021200","2022-05-23 19:00","2022","05","23","19:00","19.5","","-5.6","","18","","0.0","","21","","12","","","","","","","","","","NA"
"-110.80","51.07","CAPPON","3021200","2022-05-23 20:00","2022","05","23","20:00","14.5","","-2.1","","32","","0.0","","16","","9","","","","","","","","","","NA"
"-110.80","51.07","CAPPON","3021200","2022-05-23 21:00","2022","05","23","21:00","10.4","","-3.4","","38","","0.0","","14","","6","","","","","","","","","","NA"
"-110.80","51.07","CAPPON","3021200","2022-05-23 22:00","2022","05","23","22:00","9.4","","-4.1","","38","","0.0","","15","","5","","","","","","","","","","NA"
"-110.80","51.07","CAPPON","3021200","2022-05-23 23:00","2022","05","23","23:00","8.4","","-3.0","","44","","0.0","","13","","5","","","","","","","","","","NA"
"-110.80","51.07","CAPPON","3021200","2022-05-24 00:00","2022","05","24","00:00","7.4","","-2.4","","50","","0.0","","13","","4","","","","","","","","","","NA"
"-110.80","51.07","CAPPON","3021200","2022-05-24 01:00","2022","05","24","01:00","7.0","","-2.3","","51","","0.0","","13","","6","","","","","","","","","","NA"
"-110.80","51.07","CAPPON","3021200","2022-05-24 02:00","2022","05","24","02:00","6.3","","-1.5","","58","","0.0","","10","","7","","","","","","","","","","NA"
"-110.80","51.07","CAPPON","3021200","2022-05-24 03:00","2022","05","24","03:00","6.4","","-1.2","","58","","0.0","","10","","9","","","","","","","","","","NA"
"-110.80","51.07","CAPPON","3021200","2022-05-24 04:00","2022","05","24","04:00","5.5","","-0.8","","64","","0.0","","11","","11","","","","","","","","","","NA"
"-110.80","51.07","CAPPON","3021200","2022-05-24 05:00","2022","05","24","05:00","4.8","","0.2","","73","","0.0","","14","","5","","","","","","","","","","NA"
"-110.80","51.07","CAPPON","3021200","2022-05-24 06:00","2022","05","24","06:00","7.0","","1.9","","70","","0.0","","14","","5","","","","","","","","","","NA"
"-110.80","51.07","CAPPON","3021200","2022-05-24 07:00","2022","05","24","07:00","10.3","","2.3","","58","","0.0","","19","","12","","","","","","","","","","NA"
"-110.80","51.07","CAPPON","3021200","2022-05-24 08:00","2022","05","24","08:00","12.5","","2.7","","51","","0.0","","22","","9","","","","","","","","","","NA"
"-110.80","51.07","CAPPON","3021200","2022-05-24 09:00","2022","05","24","09:00","15.5","","2.6","","42","","0.0","","20","","12","","","","","","","","","","NA"
"-110.80","51.07","CAPPON","3021200","2022-05-24 10:00","2022","05","24","10:00","19.0","","1.5","","31","","0.0","","21","","22","","","","","","","","","","NA"
"-110.80","51.07","CAPPON","3021200","2022-05-24 11:00","2022","05","24","11:00","19.6","","1.1","","29","","0.0","","21","","22","","","","","","","","","","NA"
"-110.80","51.07","CAPPON","3021200","2022-05-24 12:00","2022","05","24","12:00","20.9","","-1.1","","23","","0.0","","20","","21","","","","","","","","","","NA"
"-110.80","51.07","CAPPON","3021200","2022-05-24 13:00","2022","05","24","13:00","22.0","","-3.2","","18","","0.0","","19","","17","","","","","","","","","","NA"
"-110.80","51.07","CAPPON","3021200","2022-05-24 14:00","2022","05","24","14:00","19.6","","-1.6","","24","","0.0","","32","","26","","","","","","","","","","NA"
"-110.80","51.07","CAPPON","3021200","2022-05-24 15:00","2022","05","24","15:00","18.4","","5.0","","41","","0.0","","30","","31","","","","","","","","","","NA"
"-110.80","51.07","CAPPON","3021200","2022-05-24 16:00","2022","05","24","16:00","20.1","","-2.2","","22","","0.0","","31","","15","","","","","","","","","","NA"
"-110.80","51.07","CAPPON","3021200","2022-05-24 17:00","2022","05","24","17:00","20.8","","-1.0","","23","","0.0","","9","","11","","","","","","","","","","NA"
"-110.80","51.07","CAPPON","3021200","2022-05-24 18:00","2022","05","24","18:00","18.2","","0.1","","29","","0.0","","19","","16","","","","","","","","","","NA"
"-110.80","51.07","CAPPON","3021200","2022-05-24 19:00","2022","05","24","19:00","16.0","","3.2","","42","","0.0","","31","","21","","","","","","","","","","NA"
"-110.80","51.07","CAPPON","3021200","2022-05-24 20:00","2022","05","24","20:00","13.0","","2.9","","50","","0.0","","34","","7","","","","","","","","","","NA"
"-110.80","51.07","CAPPON","3021200","2022-05-24 21:00","2022","05","24","21:00","9.7","","3.7","","66","","0.0","","35","","14","","","","","","","","","","NA"
"-110.80","51.07","CAPPON","3021200","2022-05-24 22:00","2022","05","24","22:00","9.2","","4.2","","71","","0.0","","4","","11","","","","","","","","","","NA"
"-110.80","51.07","CAPPON","3021200","2022-05-24 23:00","2022","05","24","23:00","8.1","","4.1","","76","","0.0","","8","","11","","","","","","","","","","NA"
"-110.80","51.07","CAPPON","3021200","2022-05-25 00:00","2022","05","25","00:00","6.9","","3.4","","78","","0.0","","15","","6","","","","","","","","","","NA"
"-110.80","51.07","CAPPON","3021200","2022-05-25 01:00","2022","05","25","01:00","7.2","","3.3","","76","","0.0","","15","","6","","","","","","","","","","NA"
"-110.80","51.07","CAPPON","3021200","2022-05-25 02:00","2022","05","25","02:00","8.7","","3.6","","70","","0.0","","12","","5","","","","","","","","","","NA"
"-110.80","51.07","CAPPON","3021200","2022-05-25 03:00","2022","05","25","03:00","8.0","","3.4","","73","","0.0","","15","","6","","","","","","","","","","NA"
"-110.80","51.07","CAPPON","3021200","2022-05-25 04:00","2022","05","25","04:00","6.8","","2.4","","73","","0.0","","15","","6","","","","","","","","","","NA"
"-110.80","51.07","CAPPON","3021200","2022-05-25 05:00","2022","05","25","05:00","6.5","","2.1","","74","","0.0","","17","","7","","","","","","","","","","NA"
"-110.80","51.07","CAPPON","3021200","2022-05-25 06:00","2022","05","25","06:00","8.2","","2.9","","69","","0.0","","19","","13","","","","","","","","","","NA"
"-110.80","51.07","CAPPON","3021200","2022-05-25 07:00","2022","05","25","07:00","10.1","","3.0","","62","","0.0","","22","","11","","","","","","","","","","NA"
"-110.80","51.07","CAPPON","3021200","2022-05-25 08:00","2022","05","25","08:00","11.5","","3.3","","57","","0.0","","23","","14","","","","","","","","","","NA"
"-110.80","51.07","CAPPON","3021200","2022-05-25 09:00","2022","05","25","09:00","14.4","","3.7","","49","","0.0","","25","","15","","","","","","","","","","NA"
"-110.80","51.07","CAPPON","3021200","2022-05-25 10:00","2022","05","25","10:00","17.3","","2.7","","38","","0.0","","27","","15","","","","","","","","","","NA"
"-110.80","51.07","CAPPON","3021200","2022-05-25 11:00","2022","05","25","11:00","18.6","","2.7","","35","","0.0","","26","","14","","","","","","","","","","NA"
"-110.80","51.07","CAPPON","3021200","2022-05-25 12:00","2022","05","25","12:00","19.9","","1.6","","29","","0.0","","27","","17","","","","","","","","","","NA"
"-110.80","51.07","CAPPON","3021200","2022-05-25 13:00","2022","05","25","13:00","21.1","","-0.4","","24","","0.0","","28","","16","","","","","","","","","","NA"
"-110.80","51.07","CAPPON","3021200","2022-05-25 14:00","2022","05","25","14:00","21.3","","-1.8","","21","","0.0","","29","","22","","","","","","","","","","NA"
"-110.80","51.07","CAPPON","3021200","2022-05-25 15:00","2022","05","25","15:00","20.2","","0.5","","27","","0.0","","27","","15","","","","","","","","","","NA"
"-110.80","51.07","CAPPON","3021200","2022-05-25 16:00","2022","05","25","16:00","20.6","","-0.8","","24","","0.0","","26","","19","","","","","","","","","","NA"
"-110.80","51.07","CAPPON","3021200","2022-05-25 17:00","2022","05","25","17:00","20.6","","-1.3","","23","","0.0","","27","","20","","","","","","","","","","NA"
"-110.80","51.07","CAPPON","3021200","2022-05-25 18:00","2022","05","25","18:00","20.9","","-0.9","","23","","0.0","","28","","12","","","","","","","","","","NA"
"-110.80","51.07","CAPPON","3021200","2022-05-25 19:00","2022","05","25","19:00","20.2","","-1.1","","24","","0.0","","28","","13","","","","","","","","","","NA"
"-110.80","51.07","CAPPON","3021200","2022-05-25 20:00","2022","05","25","20:00","17.0","","-0.4","","31","","0.0","","26","","6","","","","","","","","","","NA"
"-110.80","51.07","CAPPON","3021200","2022-05-25 21:00","2022","05","25","21:00","11.3","","1.3","","50","","0.0","","9","","3","","","","","","","","","","NA"
"-110.80","51.07","CAPPON","3021200","2022-05-25 22:00","2022","05","25","22:00","8.5","","1.1","","60","","0.0","","9","","3","","","","","","","","","","NA"
"-110.80","51.07","CAPPON","3021200","2022-05-25 23:00","2022","05","25","23:00","8.1","","0.2","","57","","0.0","","7","","6","","","","","","","","","","NA"
"-110.80","51.07","CAPPON","3021200","2022-05-26 00:00","2022","05","26","00:00","8.4","","1.5","","62","","0.0","","9","","5","","","","","","","","","","NA"
"-110.80","51.07","CAPPON","3021200","2022-05-26 01:00","2022","05","26","01:00","7.2","","1.6","","67","","0.0","","6","","7","","","","","","","","","","NA"
"-110.80","51.07","CAPPON","3021200","2022-05-26 02:00","2022","05","26","02:00","4.6","","0.4","","74","","0.0","","19","","4","","","","","","","","","","NA"
"-110.80","51.07","CAPPON","3021200","2022-05-26 03:00","2022","05","26","03:00","5.3","","0.5","","71","","0.0","","28","","6","","","","","","","","","","NA"
"-110.80","51.07","CAPPON","3021200","2022-05-26 04:00","2022","05","26","04:00","3.6","","0.3","","79","","0.0","","28","","6","","","","","","","","","","NA"
"-110.80","51.07","CAPPON","3021200","2022-05-26 05:00","2022","05","26","05:00","8.6","","4.9","","78","","0.0","","4","","23","","","","","","","","","","NA"
"-110.80","51.07","CAPPON","3021200","2022-05-26 06:00","2022","05","26","06:00","10.5","","5.4","","71","","0.0","","33","","2","","","","","","","","","","NA"
"-110.80","51.07","CAPPON","3021200","2022-05-26 07:00","2022","05","26","07:00","12.6","","5.6","","62","","0.0","","14","","1","","","","","","","","","","NA"
"-110.80","51.07","CAPPON","3021200","2022-05-26 08:00","2022","05","26","08:00","13.7","","6.1","","60","","0.0","","29","","7","","","","","","","","","","NA"
"-110.80","51.07","CAPPON","3021200","2022-05-26 09:00","2022","05","26","09:00","15.8","","6.2","","53","","0.0","","28","","12","","","","","","","","","","NA"
"-110.80","51.07","CAPPON","3021200","2022-05-26 10:00","2022","05","26","10:00","17.9","","4.9","","42","","0.0","","31","","18","","","","","","","","","","NA"
"-110.80","51.07","CAPPON","3021200","2022-05-26 11:00","2022","05","26","11:00","19.2","","3.3","","35","","0.0","","31","","16","","","","","","","","","","NA"
"-110.80","51.07","CAPPON","3021200","2022-05-26 12:00","2022","05","26","12:00","19.7","","1.7","","30","","0.0","","32","","15","","","","","","","","","","NA"
"-110.80","51.07","CAPPON","3021200","2022-05-26 13:00","2022","05","26","13:00","20.9","","0.3","","25","","0.0","","29","","16","","","","","","","","","","NA"
"-110.80","51.07","CAPPON","3021200","2022-05-26 14:00","2022","05","26","14:00","20.9","","-1.4","","22","","0.0","","25","","14","","","","","","","","","","NA"
"-110.80","51.07","CAPPON","3021200","2022-05-26 15:00","2022","05","26","15:00","22.1","","-2.5","","19","","0.0","","22","","13","","","","","","","","","","NA"
"-110.80","51.07","CAPPON","3021200","2022-05-26 16:00","2022","05","26","16:00","22.5","","-3.5","","17","","0.0","","27","","7","","","","","","","","","","NA"
"-110.80","51.07","CAPPON","3021200","2022-05-26 17:00","2022","05","26","17:00","22.5","","-3.4","","17","","0.0","","24","","7","","","","","","","","","","NA"
"-110.80","51.07","CAPPON","3021200","2022-05-26 18:00","2022","05","26","18:00","21.8","","-4.7","","17","","0.0","","20","","10","","","","","","","","","","NA"
"-110.80","51.07","CAPPON","3021200","2022-05-26 19:00","2022","05","26","19:00","21.1","","-3.6","","19","","0.0","","16","","8","","","","","","","","","","NA"
"-110.80","51.07","CAPPON","3021200","2022-05-26 20:00","2022","05","26","20:00","17.4","","-0.5","","30","","0.0","","11","","10","","","","","","","","","","NA"
"-110.80","51.07","CAPPON","3021200","2022-05-26 21:00","2022","05","26","21:00","11.7","","-0.1","","44","","0.0","","8","","5","","","","","","","","","","NA"
"-110.80","51.07","CAPPON","3021200","2022-05-26 22:00","2022","05","26","22:00","11.9","","-1.2","","40","","0.0","","11","","10","","","","","","","","","","NA"
"-110.80","51.07","CAPPON","3021200","2022-05-26 23:00","2022","05","26","23:00","12.2","","-1.5","","39","","0.0","","11","","13","","","","","","","","","","NA"
"-110.80","51.07","CAPPON","3021200","2022-05-27 00:00","2022","05","27","00:00","11.3","","-0.7","","43","","0.0","","12","","15","","","","","","","","","","NA"
"-110.80","51.07","CAPPON","3021200","2022-05-27 01:00","2022","05","27","01:00","10.8","","-1.3","","43","","0.0","","10","","14","","","","","","","","","","NA"
"-110.80","51.07","CAPPON","3021200","2022-05-27 02:00","2022","05","27","02:00","12.3","","-0.8","","40","","0.0","","11","","12","","","","","","","","","","NA"
"-110.80","51.07","CAPPON","3021200","2022-05-27 03:00","2022","05","27","03:00","12.7","","-0.5","","40","","0.0","","11","","16","","","","","","","","","","NA"
"-110.80","51.07","CAPPON","3021200","2022-05-27 04:00","2022","05","27","04:00","11.8","","0.7","","47","","0.0","","10","","11","","","","","","","","","","NA"
"-110.80","51.07","CAPPON","3021200","2022-05-27 05:00","2022","05","27","05:00","12.1","","1.3","","48","","0.0","","12","","14","","","","","","","","","","NA"
"-110.80","51.07","CAPPON","3021200","2022-05-27 06:00","2022","05","27","06:00","13.0","","2.0","","47","","0.0","","11","","13","","","","","","","","","","NA"
"-110.80","51.07","CAPPON","3021200","2022-05-27 07:00","2022","05","27","07:00","14.2","","2.0","","44","","0.0","","14","","13","","","","","","","","","","NA"
"-110.80","51.07","CAPPON","3021200","2022-05-27 08:00","2022","05","27","08:00","14.8","","2.3","","43","","0.0","","16","","19","","","","","","","","","","NA"
"-110.80","51.07","CAPPON","3021200","2022-05-27 09:00","2022","05","27","09:00","15.4","","8.9","","65","","0.0","","17","","23","","","","","","","","","","NA"
"-110.80","51.07","CAPPON","3021200","2022-05-27 10:00","2022","05","27","10:00","13.6","","9.6","","76","","0.0","","18","","22","","","","","","","","","","NA"
"-110.80","51.07","CAPPON","3021200","2022-05-27 11:00","2022","05","27","11:00","14.4","","10.7","","78","","0.0","","15","","27","","","","","","","","","","NA"
"-110.80","51.07","CAPPON","3021200","2022-05-27 12:00","2022","05","27","12:00","17.1","","9.2","","60","","0.0","","17","","27","","","","","","","","","","NA"
"-110.80","51.07","CAPPON","3021200","2022-05-27 13:00","2022","05","27","13:00","19.4","","9.1","","51","","0.0","","16","","32","","","","","","","","","","NA"
"-110.80","51.07","CAPPON","3021200","2022-05-27 14:00","2022","05","27","14:00","19.4","","9.8","","54","","0.0","","15","","34","","","","","","","","","","NA"
"-110.80","51.07","CAPPON","3021200","2022-05-27 15:00","2022","05","27","15:00","19.8","","9.4","","51","","0.0","","13","","37","","","","","","","","","","NA"
"-110.80","51.07","CAPPON","3021200","2022-05-27 16:00","2022","05","27","16:00","19.9","","10.1","","53","","0.0","","13","","40","","","","","","","","","","NA"
"-110.80","51.07","CAPPON","3021200","2022-05-27 17:00","2022","05","27","17:00","18.4","","10.1","","59","","0.0","","14","","40","","","","","","","","","","NA"
"-110.80","51.07","CAPPON","3021200","2022-05-27 18:00","2022","05","27","18:00","17.9","","10.5","","62","","0.0","","14","","48","","","","","","","","","","NA"
"-110.80","51.07","CAPPON","3021200","2022-05-27 19:00","2022","05","27","19:00","17.7","","10.7","","64","","0.0","","13","","40","","","","","","","","","","NA"
"-110.80","51.07","CAPPON","3021200","2022-05-27 20:00","2022","05","27","20:00","18.9","","5.8","","42","","0.0","","17","","21","","","","","","","","","","NA"
"-110.80","51.07","CAPPON","3021200","2022-05-27 21:00","2022","05","27","21:00","16.6","","4.6","","45","","0.0","","22","","23","","","","","","","","","","NA"
"-110.80","51.07","CAPPON","3021200","2022-05-27 22:00","2022","05","27","22:00","15.7","","3.4","","44","","0.0","","24","","28","","","","","","","","","","NA"
"-110.80","51.07","CAPPON","3021200","2022-05-27 23:00","2022","05","27","23:00","14.1","","2.6","","46","","0.0","","22","","27","","","","","","","","","","NA"
"-110.80","51.07","CAPPON","3021200","2022-05-28 00:00","2022","05","28","00:00","12.7","","2.1","","48","","0.0","","23","","20","","","","","","","","","","NA"
"-110.80","51.07","CAPPON","3021200","2022-05-28 01:00","2022","05","28","01:00","11.6","","2.4","","53","","0.0","","25","","20","","","","","","","","","","NA"
"-110.80","51.07","CAPPON","3021200","2022-05-28 02:00","2022","05","28","02:00","9.2","","3.2","","66","","0.0","","28","","19","","","","","","","","","","NA"
"-110.80","51.07","CAPPON","3021200","2022-05-28 03:00","2022","05","28","03:00","8.6","","6.0","","84","","0.0","","32","","15","","","","","","","","","","NA"
"-110.80","51.07","CAPPON","3021200","2022-05-28 04:00","2022","05","28","04:00","10.6","","8.6","","88","","0.0","","33","","23","","","","","","","","","","NA"
"-110.80","51.07","CAPPON","3021200","2022-05-28 05:00","2022","05","28","05:00","10.4","","8.7","","89","","0.0","","30","","20","","","","","","","","","","NA"
"-110.80","51.07","CAPPON","3021200","2022-05-28 06:00","2022","05","28","06:00","10.8","","7.9","","82","","0.0","","32","","25","","","","","","","","","","NA"
"-110.80","51.07","CAPPON","3021200","2022-05-28 07:00","2022","05","28","07:00","10.5","","7.4","","81","","0.0","","30","","19","","","","","","","","","","NA"
"-110.80","51.07","CAPPON","3021200","2022-05-28 08:00","2022","05","28","08:00","11.8","","7.5","","75","","0.0","","31","","17","","","","","","","","","","NA"
"-110.80","51.07","CAPPON","3021200","2022-05-28 09:00","2022","05","28","09:00","13.8","","7.0","","63","","0.0","","31","","19","","","","","","","","","","NA"
"-110.80","51.07","CAPPON","3021200","2022-05-28 10:00","2022","05","28","10:00","16.2","","4.7","","46","","0.0","","33","","24","","","","","","","","","","NA"
"-110.80","51.07","CAPPON","3021200","2022-05-28 11:00","2022","05","28","11:00","18.7","","2.2","","33","","0.0","","34","","26","","","","","","","","","","NA"
"-110.80","51.07","CAPPON","3021200","2022-05-28 12:00","2022","05","28","12:00","17.9","","1.8","","34","","0.0","","36","","18","","","","","","","","","","NA"
"-110.80","51.07","CAPPON","3021200","2022-05-28 13:00","2022","05","28","13:00","19.7","","1.0","","29","","0.0","","33","","14","","","","","","","","","","NA"
"-110.80","51.07","CAPPON","3021200","2022-05-28 14:00","2022","05","28","14:00","19.9","","-0.5","","26","","0.0","","31","","15","","","","","","","","","","NA"
"-110.80","51.07","CAPPON","3021200","2022-05-28 15:00","2022","05","28","15:00","20.4","","0.2","","26","","0.0","","32","","13","","","","","","","","","","NA"
"-110.80","51.07","CAPPON","3021200","2022-05-28 16:00","2022","05","28","16:00","19.2","","-0.1","","27","","0.0","","30","","15","","","","","","","","","","NA"
"-110.80","51.07","CAPPON","3021200","2022-05-28 17:00","2022","05","28","17:00","18.9","","-0.6","","27","","0.0","","30","","13","","","","","","","","","","NA"
"-110.80","51.07","CAPPON","3021200","2022-05-28 18:00","2022","05","28","18:00","19.6","","-0.8","","25","","0.0","","29","","18","","","","","","","","","","NA"
"-110.80","51.07","CAPPON","3021200","2022-05-28 19:00","2022","05","28","19:00","18.3","","-1.4","","26","","0.0","","31","","15","","","","","","","","","","NA"
"-110.80","51.07","CAPPON","3021200","2022-05-28 20:00","2022","05","28","20:00","13.1","","-0.4","","39","","0.0","","32","","7","","","","","","","","","","NA"
"-110.80","51.07","CAPPON","3021200","2022-05-28 21:00","2022","05","28","21:00","10.3","","0.0","","49","","0.0","","34","","3","","","","","","","","","","NA"
"-110.80","51.07","CAPPON","3021200","2022-05-28 22:00","2022","05","28","22:00","7.4","","-0.8","","56","","0.0","","12","","5","","","","","","","","","","NA"
"-110.80","51.07","CAPPON","3021200","2022-05-28 23:00","2022","05","28","23:00","5.8","","-0.2","","66","","0.0","","6","","4","","","","","","","","","","NA"
"-110.80","51.07","CAPPON","3021200","2022-05-29 00:00","2022","05","29","00:00","4.9","","-1.3","","64","","0.0","","","","0","","","","","","","","","","NA"
"-110.80","51.07","CAPPON","3021200","2022-05-29 01:00","2022","05","29","01:00","3.8","","-1.4","","69","","0.0","","20","","2","","","","","","","","","","NA"
"-110.80","51.07","CAPPON","3021200","2022-05-29 02:00","2022","05","29","02:00","3.5","","-0.8","","73","","0.0","","","","0","","","","","","","","","","NA"
"-110.80","51.07","CAPPON","3021200","2022-05-29 03:00","2022","05","29","03:00","2.1","","-1.5","","77","","0.0","","","","0","","","","","","","","","","NA"
"-110.80","51.07","CAPPON","3021200","2022-05-29 04:00","2022","05","29","04:00","1.6","","-1.8","","78","","0.0","","","","0","","","","","","","","","","NA"
"-110.80","51.07","CAPPON","3021200","2022-05-29 05:00","2022","05","29","05:00","2.3","","-1.8","","74","","0.0","","11","","1","","","","","","","","","","NA"
"-110.80","51.07","CAPPON","3021200","2022-05-29 06:00","2022","05","29","06:00","9.4","","2.0","","60","","0.0","","33","","1","","","","","","","","","","NA"
"-110.80","51.07","CAPPON","3021200","2022-05-29 07:00","2022","05","29","07:00","13.9","","4.1","","52","","0.0","","32","","2","","","","","","","","","","NA"
"-110.80","51.07","CAPPON","3021200","2022-05-29 08:00","2022","05","29","08:00","18.6","","0.7","","30","","0.0","","6","","10","","","","","","","","","","NA"
"-110.80","51.07","CAPPON","3021200","2022-05-29 09:00","2022","05","29","09:00","16.5","","2.7","","40","","0.0","","34","","23","","","","","","","","","","NA"
"-110.80","51.07","CAPPON","3021200","2022-05-29 10:00","2022","05","29","10:00","19.0","","0.5","","29","","0.0","","36","","21","","","","","","","","","","NA"
"-110.80","51.07","CAPPON","3021200","2022-05-29 11:00","2022","05","29","11:00","18.3","","1.2","","32","","0.0","","35","","28","","","","","","","","","","NA"
"-110.80","51.07","CAPPON","3021200","2022-05-29 12:00","2022","05","29","12:00","19.0","","0.7","","29","","0.0","","1","","22","","","","","","","","","","NA"
"-110.80","51.07","CAPPON","3021200","2022-05-29 13:00","2022","05","29","13:00","21.2","","-1.1","","22","","0.0","","34","","19","","","","","","","","","","NA"
"-110.80","51.07","CAPPON","3021200","2022-05-29 14:00","2022","05","29","14:00","18.6","","0.6","","30","","0.0","","1","","22","","","","","","","","","","NA"
"-110.80","51.07","CAPPON","3021200","2022-05-29 15:00","2022","05","29","15:00","20.3","","-0.1","","26","","0.0","","34","","25","","","","","","","","","","NA"
"-110.80","51.07","CAPPON","3021200","2022-05-29 16:00","2022","05","29","16:00","19.8","","-0.6","","25","","0.0","","34","","30","","","","","","","","","","NA"
"-110.80","51.07","CAPPON","3021200","2022-05-29 17:00","2022","05","29","17:00","19.3","","-0.3","","27","","0.0","","34","","33","","","","","","","","","","NA"
"-110.80","51.07","CAPPON","3021200","2022-05-29 18:00","2022","05","29","18:00","18.9","","0.0","","28","","0.0","","34","","30","","","","","","","","","","NA"
"-110.80","51.07","CAPPON","3021200","2022-05-29 19:00","2022","05","29","19:00","18.4","","0.9","","31","","0.0","","36","","30","","","","","","","","","","NA"
"-110.80","51.07","CAPPON","3021200","2022-05-29 20:00","2022","05","29","20:00","15.5","","1.9","","40","","0.0","","35","","31","","","","","","","","","","NA"
"-110.80","51.07","CAPPON","3021200","2022-05-29 21:00","2022","05","29","21:00","12.4","","2.7","","52","","0.0","","35","","25","","","","","","","","","","NA"
"-110.80","51.07","CAPPON","3021200","2022-05-29 22:00","2022","05","29","22:00","11.2","","3.3","","58","","0.0","","34","","30","","","","","","","","","","NA"
"-110.80","51.07","CAPPON","3021200","2022-05-29 23:00","2022","05","29","23:00","9.6","","3.9","","68","","0.0","","34","","24","","","","","","","","","","NA"
"-110.80","51.07","CAPPON","3021200","2022-05-30 00:00","2022","05","30","00:00","8.5","","4.3","","75","","0.0","","34","","30","","","","","","","","","","NA"
"-110.80","51.07","CAPPON","3021200","2022-05-30 01:00","2022","05","30","01:00","6.9","","4.3","","83","","0.0","","34","","25","","","","","","","","","","NA"
"-110.80","51.07","CAPPON","3021200","2022-05-30 02:00","2022","05","30","02:00","6.4","","4.4","","87","","0.0","","34","","25","","","","","","","","","","NA"
"-110.80","51.07","CAPPON","3021200","2022-05-30 03:00","2022","05","30","03:00","5.9","","4.3","","89","","0.0","","34","","24","","","","","","","","","","NA"
"-110.80","51.07","CAPPON","3021200","2022-05-30 04:00","2022","05","30","04:00","5.9","","4.7","","92","","0.0","","33","","27","","","","","","","","","","NA"
"-110.80","51.07","CAPPON","3021200","2022-05-30 05:00","2022","05","30","05:00","8.1","","6.5","","90","","0.0","","32","","27","","","","","","","","","","NA"
"-110.80","51.07","CAPPON","3021200","2022-05-30 06:00","2022","05","30","06:00","9.8","","7.5","","86","","0.0","","33","","32","","","","","","","","","","NA"
"-110.80","51.07","CAPPON","3021200","2022-05-30 07:00","2022","05","30","07:00","10.4","","7.5","","82","","0.0","","36","","29","","","","","","","","","","NA"
"-110.80","51.07","CAPPON","3021200","2022-05-30 08:00","2022","05","30","08:00","10.7","","7.0","","78","","0.0","","1","","29","","","","","","","","","","NA"
"-110.80","51.07","CAPPON","3021200","2022-05-30 09:00","2022","05","30","09:00","11.4","","7.3","","76","","0.0","","36","","35","","","","","","","","","","NA"
"-110.80","51.07","CAPPON","3021200","2022-05-30 10:00","2022","05","30","10:00","12.1","","7.1","","72","","0.0","","1","","42","","","","","","","","","","NA"
"-110.80","51.07","CAPPON","3021200","2022-05-30 11:00","2022","05","30","11:00","13.0","","6.4","","64","","0.0","","36","","37","","","","","","","","","","NA"
"-110.80","51.07","CAPPON","3021200","2022-05-30 12:00","2022","05","30","12:00","15.5","","3.9","","46","","0.0","","36","","40","","","","","","","","","","NA"
"-110.80","51.07","CAPPON","3021200","2022-05-30 13:00","2022","05","30","13:00","16.9","","1.7","","36","","0.0","","36","","37","","","","","","","","","","NA"
"-110.80","51.07","CAPPON","3021200","2022-05-30 14:00","2022","05","30","14:00","17.7","","0.4","","31","","0.0","","36","","34","","","","","","","","","","NA"
"-110.80","51.07","CAPPON","3021200","2022-05-30 15:00","2022","05","30","15:00","18.3","","-0.6","","28","","0.0","","36","","35","","","","","","","","","","NA"
"-110.80","51.07","CAPPON","3021200","2022-05-30 16:00","2022","05","30","16:00","18.0","","-1.1","","27","","0.0","","36","","34","","","","","","","","","","NA"
"-110.80","51.07","CAPPON","3021200","2022-05-30 17:00","2022","05","30","17:00","17.6","","-2.0","","26","","0.0","","1","","33","","","","","","","","","","NA"
"-110.80","51.07","CAPPON","3021200","2022-05-30 18:00","2022","05","30","18:00","16.8","","-3.6","","25","","0.0","","36","","31","","","","","","","","","","NA"
"-110.80","51.07","CAPPON","3021200","2022-05-30 19:00","2022","05","30","19:00","16.1","","-3.0","","27","","0.0","","36","","30","","","","","","","","","","NA"
"-110.80","51.07","CAPPON","3021200","2022-05-30 20:00","2022","05","30","20:00","14.2","","-3.7","","29","","0.0","","1","","24","","","","","","","","","","NA"
"-110.80","51.07","CAPPON","3021200","2022-05-30 21:00","2022","05","30","21:00","8.8","","-3.6","","41","","0.0","","36","","15","","","","","","","","","","NA"
"-110.80","51.07","CAPPON","3021200","2022-05-30 22:00","2022","05","30","22:00","4.4","","-3.2","","58","","0.0","","35","","16","","","","","","","","","","NA"
"-110.80","51.07","CAPPON","3021200","2022-05-30 23:00","2022","05","30","23:00","6.7","","-2.0","","54","","0.0","","36","","17","","","","","","","","","","NA"
"-110.80","51.07","CAPPON","3021200","2022-05-31 00:00","2022","05","31","00:00","3.8","","-2.1","","65","","0.0","","35","","18","","","","","","","","","","NA"
"-110.80","51.07","CAPPON","3021200","2022-05-31 01:00","2022","05","31","01:00","3.6","","-1.7","","68","","0.0","","35","","17","","","","","","","","","","NA"
"-110.80","51.07","CAPPON","3021200","2022-05-31 02:00","2022","05","31","02:00","3.7","","-1.5","","68","","0.0","","36","","19","","","","","","","","","","NA"
"-110.80","51.07","CAPPON","3021200","2022-05-31 03:00","2022","05","31","03:00","3.1","","-1.5","","72","","0.0","","36","","19","","","","","","","","","","NA"
"-110.80","51.07","CAPPON","3021200","2022-05-31 04:00","2022","05","31","04:00","0.4","","-3.1","","78","","0.0","","35","","6","","","","","","","","","","NA"
"-110.80","51.07","CAPPON","3021200","2022-05-31 05:00","2022","05","31","05:00","1.2","","-2.4","","77","","0.0","","0","","1","","","","","","","","","","NA"
"-110.80","51.07","CAPPON","3021200","2022-05-31 06:00","2022","05","31","06:00","5.7","","-0.4","","65","","0.0","","34","","8","","","","","","","","","","NA"
"-110.80","51.07","CAPPON","3021200","2022-05-31 07:00","2022","05","31","07:00","9.7","","-1.1","","47","","0.0","","36","","13","","","","","","","","","","NA"
"-110.80","51.07","CAPPON","3021200","2022-05-31 08:00","2022","05","31","08:00","12.1","","-3.2","","34","","0.0","","32","","14","","","","","","","","","","NA"
"-110.80","51.07","CAPPON","3021200","2022-05-31 09:00","2022","05","31","09:00","13.9","","-4.8","","27","","0.0","","36","","23","","","","","","","","","","NA"
"-110.80","51.07","CAPPON","3021200","2022-05-31 10:00","2022","05","31","10:00","14.0","","-4.3","","28","","0.0","","36","","25","","","","","","","","","","NA"
"-110.80","51.07","CAPPON","3021200","2022-05-31 11:00","2022","05","31","11:00","14.7","","-3.8","","28","","0.0","","35","","25","","","","","","","","","","NA"
"-110.80","51.07","CAPPON","3021200","2022-05-31 12:00","2022","05","31","12:00","16.7","","-3.4","","25","","0.0","","35","","22","","","","","","","","","","NA"
"-110.80","51.07","CAPPON","3021200","2022-05-31 13:00","2022","05","31","13:00","17.5","","-4.4","","22","","0.0","","32","","25","","","","","","","","","","NA"
"-110.80","51.07","CAPPON","3021200","2022-05-31 14:00","2022","05","31","14:00","17.2","","-4.5","","22","","0.0","","33","","22","","","","","","","","","","NA"
"-110.80","51.07","CAPPON","3021200","2022-05-31 15:00","2022","05","31","15:00","17.0","","-5.9","","20","","0.0","","33","","23","","","","","","","","","","NA"
"-110.80","51.07","CAPPON","3021200","2022-05-31 16:00","2022","05","31","16:00","18.9","","-6.6","","17","","0.0","","33","","25","","","","","","","","","","NA"
"-110.80","51.07","CAPPON","3021200","2022-05-31 17:00","2022","05","31","17:00","18.4","","-5.1","","20","","0.0","","34","","23","","","","","","","","","","NA"
"-110.80","51.07","CAPPON","3021200","2022-05-31 18:00","2022","05","31","18:00","18.3","","-6.3","","18","","0.0","","33","","24","","","","","","","","","","NA"
"-110.80","51.07","CAPPON","3021200","2022-05-31 19:00","2022","05","31","19:00","17.4","","-6.5","","19","","0.0","","33","","23","","","","","","","","","","NA"
"-110.80","51.07","CAPPON","3021200","2022-05-31 20:00","2022","05","31","20:00","13.9","","-5.8","","25","","0.0","","33","","15","","","","","","","","","","NA"
"-110.80","51.07","CAPPON","3021200","2022-05-31 21:00","2022","05","31","21:00","9.5","","-6.0","","33","","0.0","","32","","5","","","","","","","","","","NA"
"-110.80","51.07","CAPPON","3021200","2022-05-31 22:00","2022","05","31","22:00","6.0","","-6.5","","40","","0.0","","","","0","","","","","","","","","","NA"
"-110.80","51.07","CAPPON","3021200","2022-05-31 23:00","2022","05","31","23:00","4.2","","-6.8","","45","","0.0","","","","0","","","","","","","","","","NA"
