"Longitude (x)","Latitude (y)","Station Name","Climate ID","Date/Time (LST)","Year","Month","Day","Time (LST)","Temp (°C)","Temp Flag","Dew Point Temp (°C)","Dew Point Temp Flag","Rel Hum (%)","Rel Hum Flag","Precip. Amount (mm)","Precip. Amount Flag","Wind Dir (10s deg)","Wind Dir Flag","Wind Spd (km/h)","Wind Spd Flag","Visibility (km)","Visibility Flag","Stn Press (kPa)","Stn Press Flag","Hmdx","Hmdx Flag","Wind Chill","Wind Chill Flag","Weather"
"-82.96","42.28","WINDSOR A","6139530","2019-06-01 00:00","2019","06","01","00:00","19.2","","13.9","","71","","0.0","","24","","15","","16.1","","98.72","","","","","","NA"
"-82.96","42.28","WINDSOR A","6139530","2019-06-01 01:00","2019","06","01","01:00","18.7","","14.2","","75","","0.0","","22","","15","","16.1","","98.67","","","","","","NA"
"-82.96","42.28","WINDSOR A","6139530","2019-06-01 02:00","2019","06","01","02:00","17.6","","14.2","","80","","0.0","","23","","13","","16.1","","98.63","","","","","","NA"
"-82.96","42.28","WINDSOR A","6139530","2019-06-01 03:00","2019","06","01","03:00","18.0","","14.4","","79","","0.0","","24","","17","","16.1","","98.62","","","","","","NA"
"-82.96","42.28","WINDSOR A","6139530","2019-06-01 04:00","2019","06","01","04:00","18.4","","14.6","","78","","0.0","","25","","21","","16.1","","98.63","","","","","","NA"
"-82.96","42.28","WINDSOR A","6139530","2019-06-01 05:00","2019","06","01","05:00","19.1","","15.0","","77","","0.0","","24","","22","","16.1","","98.57","","","","","","NA"
"-82.96","42.28","WINDSOR A","6139530","2019-06-01 06:00","2019","06","01","06:00","18.4","","15.3","","82","","0.0","","23","","24","","16.1","","98.56","","","","","","NA"
"-82.96","42.28","WINDSOR A","6139530","2019-06-01 07:00","2019","06","01","07:00","19.6","","16.0","","79","","0.0","","25","","13","","16.1","","98.63","","","","","","NA"
"-82.96","42.28","WINDSOR A","6139530","2019-06-01 08:00","2019","06","01","08:00","20.8","","16.2","","74","","0.0","","33","","13","","14.5","","98.73","","26","","","","NA"
"-82.96","42.28","WINDSOR A","6139530","2019-06-01 09:00","2019","06","01","09:00","21.7","","15.5","","67","","0.0","","","M","4","","16.1","","98.72","","26","","","","NA"
"-82.96","42.28","WINDSOR A","6139530","2019-06-01 10:00","2019","06","01","10:00","22.7","","16.0","","66","","0.0","","","M","4","","16.1","","98.66","","27","","","","NA"
"-82.96","42.28","WINDSOR A","6139530","2019-06-01 11:00","2019","06","01","11:00","23.3","","17.0","","67","","0.0","","29","","8","","16.1","","98.70","","29","","","","NA"
"-82.96","42.28","WINDSOR A","6139530","2019-06-01 12:00","2019","06","01","12:00","24.2","","17.0","","64","","0.0","","","M","4","","16.1","","98.61","","29","","","","NA"
"-82.96","42.28","WINDSOR A","6139530","2019-06-01 13:00","2019","06","01","13:00","24.5","","18.0","","67","","0.0","","16","","11","","16.1","","98.54","","31","","","","NA"
"-82.96","42.28","WINDSOR A","6139530","2019-06-01 14:00","2019","06","01","14:00","22.5","","17.9","","75","","0.0","","31","","37","","16.1","","98.74","","28","","","","Thunderstorms,Rain"
"-82.96","42.28","WINDSOR A","6139530","2019-06-01 15:00","2019","06","01","15:00","17.4","","15.6","","89","","4.5","","2","","11","","16.1","","98.71","","","","","","Rain"
"-82.96","42.28","WINDSOR A","6139530","2019-06-01 16:00","2019","06","01","16:00","16.7","","15.7","","94","","0.5","","11","","9","","16.1","","98.59","","","","","","Rain"
"-82.96","42.28","WINDSOR A","6139530","2019-06-01 17:00","2019","06","01","17:00","17.0","","15.5","","91","","0.0","","15","","5","","16.1","","98.55","","","","","","NA"
"-82.96","42.28","WINDSOR A","6139530","2019-06-01 18:00","2019","06","01","18:00","17.2","","15.7","","91","","0.0","","19","","11","","16.1","","98.53","","","","","","NA"
"-82.96","42.28","WINDSOR A","6139530","2019-06-01 19:00","2019","06","01","19:00","16.9","","15.3","","90","","0.0","","20","","18","","16.1","","98.54","","","","","","Rain"
"-82.96","42.28","WINDSOR A","6139530","2019-06-01 20:00","2019","06","01","20:00","16.7","","15.1","","90","","1.3","","19","","22","","16.1","","98.55","","","","","","Thunderstorms,Rain"
"-82.96","42.28","WINDSOR A","6139530","2019-06-01 21:00","2019","06","01","21:00","16.5","","15.0","","91","","0.2","","20","","15","","16.1","","98.53","","","","","","NA"
"-82.96","42.28","WINDSOR A","6139530","2019-06-01 22:00","2019","06","01","22:00","16.4","","15.4","","94","","4.8","","31","","13","","4.8","","98.68","","","","","","Thunderstorms,Moderate Rain,Fog"
"-82.96","42.28","WINDSOR A","6139530","2019-06-01 23:00","2019","06","01","23:00","16.1","","15.5","","96","","2.0","","18","","11","","8.1","","98.52","","","","","","Rain,Fog"
"-82.96","42.28","WINDSOR A","6139530","2019-06-02 00:00","2019","06","02","00:00","16.0","","15.4","","96","","0.5","","14","","4","","11.3","","98.47","","","","","","Rain"
"-82.96","42.28","WINDSOR A","6139530","2019-06-02 01:00","2019","06","02","01:00","16.3","","15.7","","96","","0.0","","23","","11","","11.3","","98.47","","","","","","NA"
"-82.96","42.28","WINDSOR A","6139530","2019-06-02 02:00","2019","06","02","02:00","16.2","","15.6","","96","","0.0","","24","","11","","11.3","","98.44","","","","","","NA"
"-82.96","42.28","WINDSOR A","6139530","2019-06-02 03:00","2019","06","02","03:00","15.8","","14.9","","94","","0.0","","26","","15","","8.1","","98.41","","","","","","Fog"
"-82.96","42.28","WINDSOR A","6139530","2019-06-02 04:00","2019","06","02","04:00","16.0","","14.9","","93","","0.0","","27","","17","","14.5","","98.46","","","","","","NA"
"-82.96","42.28","WINDSOR A","6139530","2019-06-02 05:00","2019","06","02","05:00","16.0","","14.7","","92","","0.0","","28","","15","","16.1","","98.46","","","","","","NA"
"-82.96","42.28","WINDSOR A","6139530","2019-06-02 06:00","2019","06","02","06:00","13.7","","12.4","","92","","0.0","","2","","18","","16.1","","98.58","","","","","","NA"
"-82.96","42.28","WINDSOR A","6139530","2019-06-02 07:00","2019","06","02","07:00","13.5","","11.3","","87","","0.0","","1","","17","","16.1","","98.68","","","","","","NA"
"-82.96","42.28","WINDSOR A","6139530","2019-06-02 08:00","2019","06","02","08:00","13.7","","9.9","","78","","0.0","","3","","15","","16.1","","98.70","","","","","","NA"
"-82.96","42.28","WINDSOR A","6139530","2019-06-02 09:00","2019","06","02","09:00","15.1","","9.5","","69","","0.0","","1","","17","","16.1","","98.81","","","","","","NA"
"-82.96","42.28","WINDSOR A","6139530","2019-06-02 10:00","2019","06","02","10:00","17.0","","5.7","","47","","0.0","","36","","22","","16.1","","98.86","","","","","","NA"
"-82.96","42.28","WINDSOR A","6139530","2019-06-02 11:00","2019","06","02","11:00","18.0","","6.0","","45","","0.0","","5","","9","","16.1","","98.89","","","","","","NA"
"-82.96","42.28","WINDSOR A","6139530","2019-06-02 12:00","2019","06","02","12:00","18.1","","7.1","","48","","0.0","","9","","5","","16.1","","98.88","","","","","","NA"
"-82.96","42.28","WINDSOR A","6139530","2019-06-02 13:00","2019","06","02","13:00","19.8","","7.1","","43","","0.0","","","M","5","","16.1","","98.86","","","","","","NA"
"-82.96","42.28","WINDSOR A","6139530","2019-06-02 14:00","2019","06","02","14:00","20.4","","6.8","","41","","0.0","","29","","24","","16.1","","98.84","","","","","","NA"
"-82.96","42.28","WINDSOR A","6139530","2019-06-02 15:00","2019","06","02","15:00","21.2","","5.2","","35","","0.0","","31","","17","","16.1","","98.82","","","","","","NA"
"-82.96","42.28","WINDSOR A","6139530","2019-06-02 16:00","2019","06","02","16:00","21.1","","6.2","","38","","0.0","","32","","18","","16.1","","98.85","","","","","","NA"
"-82.96","42.28","WINDSOR A","6139530","2019-06-02 17:00","2019","06","02","17:00","20.1","","9.2","","49","","0.0","","2","","11","","16.1","","98.86","","","","","","NA"
"-82.96","42.28","WINDSOR A","6139530","2019-06-02 18:00","2019","06","02","18:00","19.6","","7.2","","44","","0.0","","34","","18","","16.1","","98.89","","","","","","NA"
"-82.96","42.28","WINDSOR A","6139530","2019-06-02 19:00","2019","06","02","19:00","19.0","","6.0","","42","","0.0","","32","","15","","16.1","","98.93","","","","","","NA"
"-82.96","42.28","WINDSOR A","6139530","2019-06-02 20:00","2019","06","02","20:00","13.5","","8.7","","73","","0.0","","3","","22","","16.1","","99.03","","","","","","NA"
"-82.96","42.28","WINDSOR A","6139530","2019-06-02 21:00","2019","06","02","21:00","11.8","","5.3","","64","","0.0","","5","","18","","16.1","","99.19","","","","","","NA"
"-82.96","42.28","WINDSOR A","6139530","2019-06-02 22:00","2019","06","02","22:00","10.7","","4.1","","64","","0.0","","4","","13","","16.1","","99.27","","","","","","NA"
"-82.96","42.28","WINDSOR A","6139530","2019-06-02 23:00","2019","06","02","23:00","9.3","","4.5","","72","","0.0","","4","","11","","16.1","","99.28","","","","","","NA"
"-82.96","42.28","WINDSOR A","6139530","2019-06-03 00:00","2019","06","03","00:00","8.8","","6.1","","83","","0.0","","6","","5","","16.1","","99.29","","","","","","NA"
"-82.96","42.28","WINDSOR A","6139530","2019-06-03 01:00","2019","06","03","01:00","8.4","","5.0","","79","","0.0","","26","","5","","16.1","","99.33","","","","","","NA"
"-82.96","42.28","WINDSOR A","6139530","2019-06-03 02:00","2019","06","03","02:00","8.9","","2.3","","63","","0.0","","34","","15","","16.1","","99.35","","","","","","NA"
"-82.96","42.28","WINDSOR A","6139530","2019-06-03 03:00","2019","06","03","03:00","8.8","","0.8","","57","","0.0","","33","","15","","16.1","","99.42","","","","","","NA"
"-82.96","42.28","WINDSOR A","6139530","2019-06-03 04:00","2019","06","03","04:00","8.2","","0.6","","59","","0.0","","33","","13","","16.1","","99.49","","","","","","NA"
"-82.96","42.28","WINDSOR A","6139530","2019-06-03 05:00","2019","06","03","05:00","7.8","","0.6","","60","","0.0","","32","","9","","16.1","","99.56","","","","","","NA"
"-82.96","42.28","WINDSOR A","6139530","2019-06-03 06:00","2019","06","03","06:00","8.5","","0.8","","58","","0.0","","32","","17","","16.1","","99.64","","","","","","NA"
"-82.96","42.28","WINDSOR A","6139530","2019-06-03 07:00","2019","06","03","07:00","9.6","","2.2","","60","","0.0","","33","","18","","16.1","","99.70","","","","","","NA"
"-82.96","42.28","WINDSOR A","6139530","2019-06-03 08:00","2019","06","03","08:00","10.9","","2.7","","57","","0.0","","1","","18","","16.1","","99.75","","","","","","NA"
"-82.96","42.28","WINDSOR A","6139530","2019-06-03 09:00","2019","06","03","09:00","11.9","","2.0","","50","","0.0","","35","","15","","16.1","","99.83","","","","","","NA"
"-82.96","42.28","WINDSOR A","6139530","2019-06-03 10:00","2019","06","03","10:00","13.4","","2.5","","48","","0.0","","33","","13","","16.1","","99.84","","","","","","NA"
"-82.96","42.28","WINDSOR A","6139530","2019-06-03 11:00","2019","06","03","11:00","14.4","","2.6","","45","","0.0","","32","","17","","16.1","","99.89","","","","","","NA"
"-82.96","42.28","WINDSOR A","6139530","2019-06-03 12:00","2019","06","03","12:00","15.5","","1.5","","39","","0.0","","","M","8","","16.1","","99.87","","","","","","NA"
"-82.96","42.28","WINDSOR A","6139530","2019-06-03 13:00","2019","06","03","13:00","16.4","","2.6","","39","","0.0","","27","","13","","16.1","","99.81","","","","","","NA"
"-82.96","42.28","WINDSOR A","6139530","2019-06-03 14:00","2019","06","03","14:00","16.6","","4.8","","45","","0.0","","10","","13","","16.1","","99.74","","","","","","NA"
"-82.96","42.28","WINDSOR A","6139530","2019-06-03 15:00","2019","06","03","15:00","17.3","","6.8","","50","","0.0","","17","","18","","16.1","","99.73","","","","","","NA"
"-82.96","42.28","WINDSOR A","6139530","2019-06-03 16:00","2019","06","03","16:00","17.0","","5.6","","47","","0.0","","19","","18","","16.1","","99.73","","","","","","NA"
"-82.96","42.28","WINDSOR A","6139530","2019-06-03 17:00","2019","06","03","17:00","16.8","","6.2","","49","","0.0","","17","","22","","16.1","","99.71","","","","","","NA"
"-82.96","42.28","WINDSOR A","6139530","2019-06-03 18:00","2019","06","03","18:00","16.6","","5.8","","49","","0.0","","17","","22","","16.1","","99.68","","","","","","NA"
"-82.96","42.28","WINDSOR A","6139530","2019-06-03 19:00","2019","06","03","19:00","15.2","","6.5","","56","","0.0","","18","","15","","16.1","","99.66","","","","","","NA"
"-82.96","42.28","WINDSOR A","6139530","2019-06-03 20:00","2019","06","03","20:00","13.5","","7.7","","68","","0.0","","17","","8","","16.1","","99.70","","","","","","NA"
"-82.96","42.28","WINDSOR A","6139530","2019-06-03 21:00","2019","06","03","21:00","12.7","","9.0","","78","","0.0","","","","0","","16.1","","99.70","","","","","","NA"
"-82.96","42.28","WINDSOR A","6139530","2019-06-03 22:00","2019","06","03","22:00","10.9","","9.2","","89","","0.0","","15","","5","","16.1","","99.71","","","","","","NA"
"-82.96","42.28","WINDSOR A","6139530","2019-06-03 23:00","2019","06","03","23:00","11.7","","8.2","","79","","0.0","","19","","4","","16.1","","99.71","","","","","","NA"
"-82.96","42.28","WINDSOR A","6139530","2019-06-04 00:00","2019","06","04","00:00","10.4","","8.0","","85","","0.0","","","M","4","","16.1","","99.68","","","","","","NA"
"-82.96","42.28","WINDSOR A","6139530","2019-06-04 01:00","2019","06","04","01:00","10.5","","7.9","","84","","0.0","","16","","5","","16.1","","99.62","","","","","","NA"
"-82.96","42.28","WINDSOR A","6139530","2019-06-04 02:00","2019","06","04","02:00","11.3","","8.3","","82","","0.0","","","","0","","16.1","","99.64","","","","","","NA"
"-82.96","42.28","WINDSOR A","6139530","2019-06-04 03:00","2019","06","04","03:00","11.1","","8.5","","84","","0.0","","21","","5","","16.1","","99.67","","","","","","NA"
"-82.96","42.28","WINDSOR A","6139530","2019-06-04 04:00","2019","06","04","04:00","11.3","","8.9","","85","","0.0","","22","","8","","16.1","","99.64","","","","","","NA"
"-82.96","42.28","WINDSOR A","6139530","2019-06-04 05:00","2019","06","04","05:00","11.8","","9.7","","87","","0.0","","22","","8","","16.1","","99.63","","","","","","NA"
"-82.96","42.28","WINDSOR A","6139530","2019-06-04 06:00","2019","06","04","06:00","11.5","","9.9","","90","","0.0","","21","","8","","16.1","","99.62","","","","","","NA"
"-82.96","42.28","WINDSOR A","6139530","2019-06-04 07:00","2019","06","04","07:00","14.0","","9.4","","74","","0.0","","20","","13","","16.1","","99.61","","","","","","NA"
"-82.96","42.28","WINDSOR A","6139530","2019-06-04 08:00","2019","06","04","08:00","16.7","","10.2","","65","","0.0","","20","","18","","16.1","","99.57","","","","","","NA"
"-82.96","42.28","WINDSOR A","6139530","2019-06-04 09:00","2019","06","04","09:00","18.8","","10.0","","56","","0.0","","21","","24","","16.1","","99.51","","","","","","NA"
"-82.96","42.28","WINDSOR A","6139530","2019-06-04 10:00","2019","06","04","10:00","20.0","","10.8","","55","","0.0","","22","","18","","16.1","","99.50","","","","","","NA"
"-82.96","42.28","WINDSOR A","6139530","2019-06-04 11:00","2019","06","04","11:00","21.0","","12.3","","57","","0.0","","20","","17","","16.1","","99.46","","","","","","NA"
"-82.96","42.28","WINDSOR A","6139530","2019-06-04 12:00","2019","06","04","12:00","22.9","","12.6","","52","","0.0","","21","","18","","16.1","","99.38","","25","","","","NA"
"-82.96","42.28","WINDSOR A","6139530","2019-06-04 13:00","2019","06","04","13:00","23.4","","12.8","","51","","0.0","","22","","22","","16.1","","99.32","","26","","","","NA"
"-82.96","42.28","WINDSOR A","6139530","2019-06-04 14:00","2019","06","04","14:00","22.9","","13.0","","53","","0.0","","24","","24","","16.1","","99.24","","26","","","","NA"
"-82.96","42.28","WINDSOR A","6139530","2019-06-04 15:00","2019","06","04","15:00","22.3","","13.1","","55","","0.0","","22","","30","","16.1","","99.13","","25","","","","NA"
"-82.96","42.28","WINDSOR A","6139530","2019-06-04 16:00","2019","06","04","16:00","21.9","","14.2","","61","","0.0","","21","","22","","16.1","","99.07","","25","","","","NA"
"-82.96","42.28","WINDSOR A","6139530","2019-06-04 17:00","2019","06","04","17:00","21.9","","13.9","","60","","0.0","","21","","21","","16.1","","99.02","","25","","","","NA"
"-82.96","42.28","WINDSOR A","6139530","2019-06-04 18:00","2019","06","04","18:00","21.9","","14.1","","61","","0.0","","22","","15","","16.1","","98.98","","25","","","","NA"
"-82.96","42.28","WINDSOR A","6139530","2019-06-04 19:00","2019","06","04","19:00","21.8","","14.4","","62","","0.0","","22","","11","","16.1","","98.94","","25","","","","NA"
"-82.96","42.28","WINDSOR A","6139530","2019-06-04 20:00","2019","06","04","20:00","20.1","","14.9","","72","","0.0","","17","","8","","16.1","","98.86","","","","","","NA"
"-82.96","42.28","WINDSOR A","6139530","2019-06-04 21:00","2019","06","04","21:00","19.5","","15.2","","76","","0.0","","19","","5","","16.1","","98.88","","","","","","NA"
"-82.96","42.28","WINDSOR A","6139530","2019-06-04 22:00","2019","06","04","22:00","18.9","","15.4","","80","","0.0","","16","","8","","16.1","","98.88","","","","","","NA"
"-82.96","42.28","WINDSOR A","6139530","2019-06-04 23:00","2019","06","04","23:00","18.9","","15.0","","78","","0.0","","21","","17","","16.1","","98.85","","","","","","NA"
"-82.96","42.28","WINDSOR A","6139530","2019-06-05 00:00","2019","06","05","00:00","18.5","","15.2","","81","","0.0","","19","","17","","16.1","","98.77","","","","","","NA"
"-82.96","42.28","WINDSOR A","6139530","2019-06-05 01:00","2019","06","05","01:00","19.3","","15.0","","76","","0.0","","19","","21","","16.1","","98.72","","","","","","NA"
"-82.96","42.28","WINDSOR A","6139530","2019-06-05 02:00","2019","06","05","02:00","18.6","","14.5","","77","","0.0","","20","","15","","16.1","","98.68","","","","","","NA"
"-82.96","42.28","WINDSOR A","6139530","2019-06-05 03:00","2019","06","05","03:00","18.4","","14.6","","78","","0.0","","19","","15","","16.1","","98.62","","","","","","NA"
"-82.96","42.28","WINDSOR A","6139530","2019-06-05 04:00","2019","06","05","04:00","17.8","","14.4","","81","","0.0","","19","","11","","16.1","","98.57","","","","","","NA"
"-82.96","42.28","WINDSOR A","6139530","2019-06-05 05:00","2019","06","05","05:00","17.7","","14.3","","80","","0.0","","19","","9","","16.1","","98.54","","","","","","NA"
"-82.96","42.28","WINDSOR A","6139530","2019-06-05 06:00","2019","06","05","06:00","18.4","","14.4","","77","","0.0","","21","","15","","16.1","","98.55","","","","","","NA"
"-82.96","42.28","WINDSOR A","6139530","2019-06-05 07:00","2019","06","05","07:00","18.1","","15.6","","85","","0.5","","26","","22","","14.5","","98.59","","","","","","Rain"
"-82.96","42.28","WINDSOR A","6139530","2019-06-05 08:00","2019","06","05","08:00","17.4","","16.6","","95","","2.2","","11","","13","","16.1","","98.29","","","","","","NA"
"-82.96","42.28","WINDSOR A","6139530","2019-06-05 09:00","2019","06","05","09:00","19.2","","17.4","","89","","0.0","","22","","8","","16.1","","98.36","","","","","","NA"
"-82.96","42.28","WINDSOR A","6139530","2019-06-05 10:00","2019","06","05","10:00","19.6","","18.0","","91","","0.0","","21","","21","","16.1","","98.40","","","","","","NA"
"-82.96","42.28","WINDSOR A","6139530","2019-06-05 11:00","2019","06","05","11:00","22.3","","19.1","","82","","0.0","","25","","21","","16.1","","98.43","","29","","","","NA"
"-82.96","42.28","WINDSOR A","6139530","2019-06-05 12:00","2019","06","05","12:00","22.7","","18.8","","79","","0.0","","23","","17","","16.1","","98.43","","29","","","","NA"
"-82.96","42.28","WINDSOR A","6139530","2019-06-05 13:00","2019","06","05","13:00","24.1","","18.9","","72","","0.0","","24","","15","","16.1","","98.37","","31","","","","NA"
"-82.96","42.28","WINDSOR A","6139530","2019-06-05 14:00","2019","06","05","14:00","25.3","","19.5","","70","","0.0","","27","","13","","16.1","","98.30","","32","","","","NA"
"-82.96","42.28","WINDSOR A","6139530","2019-06-05 15:00","2019","06","05","15:00","23.9","","18.9","","73","","0.0","","2","","8","","16.1","","98.27","","31","","","","NA"
"-82.96","42.28","WINDSOR A","6139530","2019-06-05 16:00","2019","06","05","16:00","21.2","","19.9","","92","","11.1","","9","","5","","6.4","","98.27","","29","","","","Rain,Fog"
"-82.96","42.28","WINDSOR A","6139530","2019-06-05 17:00","2019","06","05","17:00","21.7","","19.4","","87","","8.6","","","M","9","","2.0","","98.24","","29","","","","Heavy Rain"
"-82.96","42.28","WINDSOR A","6139530","2019-06-05 18:00","2019","06","05","18:00","22.3","","20.3","","88","","0.0","","14","","11","","16.1","","98.25","","30","","","","NA"
"-82.96","42.28","WINDSOR A","6139530","2019-06-05 19:00","2019","06","05","19:00","19.3","","18.3","","94","","3.5","","2","","11","","6.4","","98.37","","","","","","Moderate Rain,Fog"
"-82.96","42.28","WINDSOR A","6139530","2019-06-05 20:00","2019","06","05","20:00","19.5","","18.7","","95","","0.2","","8","","8","","16.1","","98.44","","","","","","NA"
"-82.96","42.28","WINDSOR A","6139530","2019-06-05 21:00","2019","06","05","21:00","18.7","","18.1","","96","","0.0","","3","","18","","16.1","","98.49","","","","","","Rain"
"-82.96","42.28","WINDSOR A","6139530","2019-06-05 22:00","2019","06","05","22:00","16.9","","16.3","","96","","0.0","","3","","17","","8.1","","98.67","","","","","","Fog"
"-82.96","42.28","WINDSOR A","6139530","2019-06-05 23:00","2019","06","05","23:00","16.4","","15.9","","97","","0.0","","2","","11","","4.8","","98.67","","","","","","Fog"
"-82.96","42.28","WINDSOR A","6139530","2019-06-06 00:00","2019","06","06","00:00","16.7","","16.2","","97","","0.0","","36","","5","","4.8","","98.68","","","","","","Fog"
"-82.96","42.28","WINDSOR A","6139530","2019-06-06 01:00","2019","06","06","01:00","16.5","","15.7","","95","","0.0","","35","","11","","11.3","","98.68","","","","","","NA"
"-82.96","42.28","WINDSOR A","6139530","2019-06-06 02:00","2019","06","06","02:00","15.2","","14.6","","96","","0.0","","4","","15","","8.1","","98.72","","","","","","Fog"
"-82.96","42.28","WINDSOR A","6139530","2019-06-06 03:00","2019","06","06","03:00","14.5","","13.9","","96","","0.0","","1","","15","","6.4","","98.77","","","","","","Fog"
"-82.96","42.28","WINDSOR A","6139530","2019-06-06 04:00","2019","06","06","04:00","14.0","","13.4","","96","","0.0","","1","","13","","8.1","","98.85","","","","","","Fog"
"-82.96","42.28","WINDSOR A","6139530","2019-06-06 05:00","2019","06","06","05:00","14.0","","13.4","","96","","0.0","","35","","11","","9.7","","98.89","","","","","","Fog"
"-82.96","42.28","WINDSOR A","6139530","2019-06-06 06:00","2019","06","06","06:00","14.0","","13.5","","97","","0.0","","35","","13","","4.0","","98.95","","","","","","Fog"
"-82.96","42.28","WINDSOR A","6139530","2019-06-06 07:00","2019","06","06","07:00","14.2","","13.6","","96","","0.0","","36","","11","","4.8","","99.00","","","","","","Fog"
"-82.96","42.28","WINDSOR A","6139530","2019-06-06 08:00","2019","06","06","08:00","13.6","","13.1","","97","","0.0","","4","","15","","3.2","","99.04","","","","","","Fog"
"-82.96","42.28","WINDSOR A","6139530","2019-06-06 09:00","2019","06","06","09:00","14.1","","13.3","","95","","0.0","","4","","9","","4.8","","99.11","","","","","","Fog"
"-82.96","42.28","WINDSOR A","6139530","2019-06-06 10:00","2019","06","06","10:00","15.0","","13.7","","92","","0.0","","2","","5","","12.9","","99.13","","","","","","NA"
"-82.96","42.28","WINDSOR A","6139530","2019-06-06 11:00","2019","06","06","11:00","17.1","","14.5","","84","","0.0","","33","","5","","16.1","","99.13","","","","","","NA"
"-82.96","42.28","WINDSOR A","6139530","2019-06-06 12:00","2019","06","06","12:00","18.7","","14.4","","76","","0.0","","","M","5","","16.1","","99.14","","","","","","NA"
"-82.96","42.28","WINDSOR A","6139530","2019-06-06 13:00","2019","06","06","13:00","19.5","","14.6","","73","","0.0","","","M","5","","16.1","","99.14","","","","","","NA"
"-82.96","42.28","WINDSOR A","6139530","2019-06-06 14:00","2019","06","06","14:00","20.3","","15.0","","71","","0.0","","21","","8","","16.1","","99.12","","","","","","NA"
"-82.96","42.28","WINDSOR A","6139530","2019-06-06 15:00","2019","06","06","15:00","21.5","","15.7","","69","","0.0","","","M","5","","16.1","","99.09","","26","","","","NA"
"-82.96","42.28","WINDSOR A","6139530","2019-06-06 16:00","2019","06","06","16:00","21.6","","16.2","","71","","0.0","","10","","11","","16.1","","99.08","","26","","","","NA"
"-82.96","42.28","WINDSOR A","6139530","2019-06-06 17:00","2019","06","06","17:00","21.5","","16.1","","71","","0.0","","12","","5","","16.1","","99.07","","26","","","","NA"
"-82.96","42.28","WINDSOR A","6139530","2019-06-06 18:00","2019","06","06","18:00","20.8","","16.7","","77","","0.0","","18","","11","","16.1","","99.07","","26","","","","NA"
"-82.96","42.28","WINDSOR A","6139530","2019-06-06 19:00","2019","06","06","19:00","19.5","","16.0","","80","","0.0","","20","","13","","16.1","","99.11","","","","","","NA"
"-82.96","42.28","WINDSOR A","6139530","2019-06-06 20:00","2019","06","06","20:00","18.1","","15.5","","85","","0.0","","21","","11","","16.1","","99.14","","","","","","NA"
"-82.96","42.28","WINDSOR A","6139530","2019-06-06 21:00","2019","06","06","21:00","17.1","","14.8","","86","","0.0","","23","","5","","16.1","","99.14","","","","","","NA"
"-82.96","42.28","WINDSOR A","6139530","2019-06-06 22:00","2019","06","06","22:00","16.1","","14.3","","89","","0.0","","23","","8","","16.1","","99.17","","","","","","NA"
"-82.96","42.28","WINDSOR A","6139530","2019-06-06 23:00","2019","06","06","23:00","15.8","","14.3","","91","","0.0","","","","0","","16.1","","99.18","","","","","","NA"
"-82.96","42.28","WINDSOR A","6139530","2019-06-07 00:00","2019","06","07","00:00","14.4","","13.5","","94","","0.0","","11","","5","","14.5","","99.19","","","","","","NA"
"-82.96","42.28","WINDSOR A","6139530","2019-06-07 01:00","2019","06","07","01:00","14.0","","13.2","","95","","0.0","","34","","4","","16.1","","99.17","","","","","","NA"
"-82.96","42.28","WINDSOR A","6139530","2019-06-07 02:00","2019","06","07","02:00","14.5","","13.6","","94","","0.0","","4","","4","","9.7","","99.18","","","","","","Fog"
"-82.96","42.28","WINDSOR A","6139530","2019-06-07 03:00","2019","06","07","03:00","14.2","","13.8","","98","","0.0","","","M","4","","4.0","","99.18","","","","","","Fog"
"-82.96","42.28","WINDSOR A","6139530","2019-06-07 04:00","2019","06","07","04:00","14.0","","13.5","","97","","0.0","","3","","4","","4.8","","99.19","","","","","","Fog"
"-82.96","42.28","WINDSOR A","6139530","2019-06-07 05:00","2019","06","07","05:00","13.3","","13.0","","98","","0.0","","2","","5","","4.8","","99.25","","","","","","Fog"
"-82.96","42.28","WINDSOR A","6139530","2019-06-07 06:00","2019","06","07","06:00","15.1","","14.3","","95","","0.2","","","","0","","14.5","","99.29","","","","","","NA"
"-82.96","42.28","WINDSOR A","6139530","2019-06-07 07:00","2019","06","07","07:00","17.2","","14.9","","86","","0.0","","3","","8","","16.1","","99.32","","","","","","NA"
"-82.96","42.28","WINDSOR A","6139530","2019-06-07 08:00","2019","06","07","08:00","18.5","","12.8","","69","","0.0","","4","","15","","16.1","","99.39","","","","","","NA"
"-82.96","42.28","WINDSOR A","6139530","2019-06-07 09:00","2019","06","07","09:00","19.8","","13.3","","66","","0.0","","5","","15","","16.1","","99.42","","","","","","NA"
"-82.96","42.28","WINDSOR A","6139530","2019-06-07 10:00","2019","06","07","10:00","21.5","","14.5","","64","","0.0","","5","","15","","16.1","","99.45","","25","","","","NA"
"-82.96","42.28","WINDSOR A","6139530","2019-06-07 11:00","2019","06","07","11:00","22.0","","12.7","","55","","0.0","","6","","17","","16.1","","99.47","","25","","","","NA"
"-82.96","42.28","WINDSOR A","6139530","2019-06-07 12:00","2019","06","07","12:00","22.9","","12.9","","53","","0.0","","5","","21","","16.1","","99.45","","26","","","","NA"
"-82.96","42.28","WINDSOR A","6139530","2019-06-07 13:00","2019","06","07","13:00","23.7","","13.8","","53","","0.0","","6","","17","","16.1","","99.40","","27","","","","NA"
"-82.96","42.28","WINDSOR A","6139530","2019-06-07 14:00","2019","06","07","14:00","24.4","","13.0","","49","","0.0","","2","","21","","16.1","","99.37","","27","","","","NA"
"-82.96","42.28","WINDSOR A","6139530","2019-06-07 15:00","2019","06","07","15:00","24.6","","12.4","","46","","0.0","","2","","22","","16.1","","99.37","","27","","","","NA"
"-82.96","42.28","WINDSOR A","6139530","2019-06-07 16:00","2019","06","07","16:00","24.5","","10.7","","41","","0.0","","","M","","M","16.1","","99.34","","26","","","","NA"
"-82.96","42.28","WINDSOR A","6139530","2019-06-07 17:00","2019","06","07","17:00","24.3","","9.5","","39","","0.0","","3","","24","","16.1","","99.36","","25","","","","NA"
"-82.96","42.28","WINDSOR A","6139530","2019-06-07 18:00","2019","06","07","18:00","23.5","","9.9","","42","","0.0","","4","","21","","16.1","","99.33","","25","","","","NA"
"-82.96","42.28","WINDSOR A","6139530","2019-06-07 19:00","2019","06","07","19:00","22.1","","9.5","","44","","0.0","","4","","21","","16.1","","99.35","","","","","","NA"
"-82.96","42.28","WINDSOR A","6139530","2019-06-07 20:00","2019","06","07","20:00","19.5","","10.1","","54","","0.0","","4","","18","","16.1","","99.41","","","","","","NA"
"-82.96","42.28","WINDSOR A","6139530","2019-06-07 21:00","2019","06","07","21:00","17.8","","9.0","","56","","0.0","","4","","21","","16.1","","99.48","","","","","","NA"
"-82.96","42.28","WINDSOR A","6139530","2019-06-07 22:00","2019","06","07","22:00","15.6","","9.8","","68","","0.0","","4","","13","","16.1","","99.53","","","","","","NA"
"-82.96","42.28","WINDSOR A","6139530","2019-06-07 23:00","2019","06","07","23:00","14.6","","9.3","","70","","0.0","","5","","11","","16.1","","99.53","","","","","","NA"
"-82.96","42.28","WINDSOR A","6139530","2019-06-08 00:00","2019","06","08","00:00","14.4","","9.7","","73","","0.0","","3","","13","","16.1","","99.54","","","","","","NA"
"-82.96","42.28","WINDSOR A","6139530","2019-06-08 01:00","2019","06","08","01:00","13.6","","10.3","","80","","0.0","","3","","11","","16.1","","99.52","","","","","","NA"
"-82.96","42.28","WINDSOR A","6139530","2019-06-08 02:00","2019","06","08","02:00","13.8","","11.2","","84","","0.0","","3","","15","","16.1","","99.52","","","","","","NA"
"-82.96","42.28","WINDSOR A","6139530","2019-06-08 03:00","2019","06","08","03:00","13.4","","11.3","","87","","0.0","","4","","13","","16.1","","99.52","","","","","","NA"
"-82.96","42.28","WINDSOR A","6139530","2019-06-08 04:00","2019","06","08","04:00","13.6","","11.7","","88","","0.0","","3","","13","","16.1","","99.56","","","","","","NA"
"-82.96","42.28","WINDSOR A","6139530","2019-06-08 05:00","2019","06","08","05:00","13.6","","11.8","","89","","0.0","","5","","13","","16.1","","99.56","","","","","","NA"
"-82.96","42.28","WINDSOR A","6139530","2019-06-08 06:00","2019","06","08","06:00","17.3","","11.2","","67","","0.0","","8","","17","","16.1","","99.58","","","","","","NA"
"-82.96","42.28","WINDSOR A","6139530","2019-06-08 07:00","2019","06","08","07:00","18.2","","11.0","","63","","0.0","","8","","21","","16.1","","99.61","","","","","","NA"
"-82.96","42.28","WINDSOR A","6139530","2019-06-08 08:00","2019","06","08","08:00","19.9","","12.0","","60","","0.0","","9","","15","","16.1","","99.67","","","","","","NA"
"-82.96","42.28","WINDSOR A","6139530","2019-06-08 09:00","2019","06","08","09:00","21.9","","12.5","","55","","0.0","","9","","21","","16.1","","99.69","","","","","","NA"
"-82.96","42.28","WINDSOR A","6139530","2019-06-08 10:00","2019","06","08","10:00","23.5","","13.1","","52","","0.0","","","M","","M","16.1","","99.69","","26","","","","NA"
"-82.96","42.28","WINDSOR A","6139530","2019-06-08 11:00","2019","06","08","11:00","24.3","","11.6","","44","","0.0","","","M","","M","16.1","","99.68","","26","","","","NA"
"-82.96","42.28","WINDSOR A","6139530","2019-06-08 12:00","2019","06","08","12:00","25.6","","10.6","","39","","0.0","","","M","","M","16.1","","99.68","","27","","","","NA"
"-82.96","42.28","WINDSOR A","6139530","2019-06-08 13:00","2019","06","08","13:00","25.9","","10.8","","38","","0.0","","","M","","M","16.1","","99.65","","28","","","","NA"
"-82.96","42.28","WINDSOR A","6139530","2019-06-08 14:00","2019","06","08","14:00","25.7","","11.2","","40","","0.0","","","M","","M","16.1","","99.59","","28","","","","NA"
"-82.96","42.28","WINDSOR A","6139530","2019-06-08 15:00","2019","06","08","15:00","26.9","","11.5","","38","","0.0","","","M","","M","16.1","","99.59","","29","","","","NA"
"-82.96","42.28","WINDSOR A","6139530","2019-06-08 16:00","2019","06","08","16:00","25.5","","11.3","","41","","0.0","","","M","","M","16.1","","99.57","","27","","","","NA"
"-82.96","42.28","WINDSOR A","6139530","2019-06-08 17:00","2019","06","08","17:00","25.3","","11.8","","42","","0.0","","","M","","M","16.1","","99.57","","27","","","","NA"
"-82.96","42.28","WINDSOR A","6139530","2019-06-08 18:00","2019","06","08","18:00","23.9","","11.0","","44","","0.0","","9","","26","","16.1","","99.56","","26","","","","NA"
"-82.96","42.28","WINDSOR A","6139530","2019-06-08 19:00","2019","06","08","19:00","22.9","","11.7","","49","","0.0","","9","","17","","16.1","","99.57","","25","","","","NA"
"-82.96","42.28","WINDSOR A","6139530","2019-06-08 20:00","2019","06","08","20:00","21.6","","11.5","","52","","0.0","","9","","18","","16.1","","99.54","","","","","","NA"
"-82.96","42.28","WINDSOR A","6139530","2019-06-08 21:00","2019","06","08","21:00","20.9","","11.8","","56","","0.0","","9","","21","","16.1","","99.55","","","","","","NA"
"-82.96","42.28","WINDSOR A","6139530","2019-06-08 22:00","2019","06","08","22:00","20.1","","11.6","","58","","0.0","","9","","17","","16.1","","99.57","","","","","","NA"
"-82.96","42.28","WINDSOR A","6139530","2019-06-08 23:00","2019","06","08","23:00","19.0","","11.3","","60","","0.0","","8","","13","","16.1","","99.58","","","","","","NA"
"-82.96","42.28","WINDSOR A","6139530","2019-06-09 00:00","2019","06","09","00:00","18.4","","10.8","","61","","0.0","","9","","13","","16.1","","99.57","","","","","","NA"
"-82.96","42.28","WINDSOR A","6139530","2019-06-09 01:00","2019","06","09","01:00","18.2","","10.6","","61","","0.0","","10","","15","","16.1","","99.54","","","","","","NA"
"-82.96","42.28","WINDSOR A","6139530","2019-06-09 02:00","2019","06","09","02:00","17.6","","12.3","","71","","0.0","","9","","13","","16.1","","99.51","","","","","","NA"
"-82.96","42.28","WINDSOR A","6139530","2019-06-09 03:00","2019","06","09","03:00","17.9","","12.8","","72","","0.0","","9","","15","","16.1","","99.48","","","","","","NA"
"-82.96","42.28","WINDSOR A","6139530","2019-06-09 04:00","2019","06","09","04:00","17.7","","13.1","","74","","0.0","","8","","9","","16.1","","99.51","","","","","","NA"
"-82.96","42.28","WINDSOR A","6139530","2019-06-09 05:00","2019","06","09","05:00","18.0","","13.4","","74","","0.0","","9","","13","","16.1","","99.55","","","","","","NA"
"-82.96","42.28","WINDSOR A","6139530","2019-06-09 06:00","2019","06","09","06:00","18.6","","13.5","","72","","0.0","","10","","15","","16.1","","99.56","","","","","","NA"
"-82.96","42.28","WINDSOR A","6139530","2019-06-09 07:00","2019","06","09","07:00","19.5","","14.0","","70","","0.0","","10","","18","","16.1","","99.57","","","","","","NA"
"-82.96","42.28","WINDSOR A","6139530","2019-06-09 08:00","2019","06","09","08:00","20.0","","14.6","","71","","0.0","","11","","17","","16.1","","99.59","","","","","","NA"
"-82.96","42.28","WINDSOR A","6139530","2019-06-09 09:00","2019","06","09","09:00","18.6","","16.0","","85","","0.2","","12","","8","","16.1","","99.62","","","","","","Rain"
"-82.96","42.28","WINDSOR A","6139530","2019-06-09 10:00","2019","06","09","10:00","18.1","","16.2","","89","","0.0","","11","","17","","16.1","","99.61","","","","","","NA"
"-82.96","42.28","WINDSOR A","6139530","2019-06-09 11:00","2019","06","09","11:00","19.0","","16.2","","84","","0.0","","12","","11","","16.1","","99.58","","","","","","NA"
"-82.96","42.28","WINDSOR A","6139530","2019-06-09 12:00","2019","06","09","12:00","19.7","","16.9","","84","","0.0","","11","","13","","16.1","","99.61","","","","","","NA"
"-82.96","42.28","WINDSOR A","6139530","2019-06-09 13:00","2019","06","09","13:00","20.4","","16.8","","80","","0.0","","14","","8","","16.1","","99.57","","26","","","","NA"
"-82.96","42.28","WINDSOR A","6139530","2019-06-09 14:00","2019","06","09","14:00","21.1","","17.2","","78","","0.0","","9","","13","","16.1","","99.48","","27","","","","NA"
"-82.96","42.28","WINDSOR A","6139530","2019-06-09 15:00","2019","06","09","15:00","23.2","","17.4","","69","","0.0","","10","","11","","16.1","","99.44","","29","","","","NA"
"-82.96","42.28","WINDSOR A","6139530","2019-06-09 16:00","2019","06","09","16:00","24.7","","17.9","","66","","0.0","","10","","15","","16.1","","99.39","","31","","","","NA"
"-82.96","42.28","WINDSOR A","6139530","2019-06-09 17:00","2019","06","09","17:00","24.8","","17.8","","65","","0.0","","11","","21","","16.1","","99.34","","31","","","","NA"
"-82.96","42.28","WINDSOR A","6139530","2019-06-09 18:00","2019","06","09","18:00","23.5","","17.9","","70","","0.0","","12","","17","","16.1","","99.33","","29","","","","NA"
"-82.96","42.28","WINDSOR A","6139530","2019-06-09 19:00","2019","06","09","19:00","23.3","","18.0","","72","","0.0","","10","","15","","16.1","","99.31","","29","","","","NA"
"-82.96","42.28","WINDSOR A","6139530","2019-06-09 20:00","2019","06","09","20:00","22.0","","17.1","","74","","0.0","","12","","15","","16.1","","99.28","","27","","","","NA"
"-82.96","42.28","WINDSOR A","6139530","2019-06-09 21:00","2019","06","09","21:00","21.4","","17.5","","78","","0.0","","12","","11","","16.1","","99.25","","27","","","","NA"
"-82.96","42.28","WINDSOR A","6139530","2019-06-09 22:00","2019","06","09","22:00","21.4","","17.5","","78","","0.0","","13","","13","","16.1","","99.24","","27","","","","NA"
"-82.96","42.28","WINDSOR A","6139530","2019-06-09 23:00","2019","06","09","23:00","22.3","","17.7","","75","","0.0","","15","","18","","16.1","","99.21","","28","","","","Rain"
"-82.96","42.28","WINDSOR A","6139530","2019-06-10 00:00","2019","06","10","00:00","22.0","","17.9","","77","","0.0","","17","","26","","16.1","","99.18","","28","","","","NA"
"-82.96","42.28","WINDSOR A","6139530","2019-06-10 01:00","2019","06","10","01:00","20.9","","18.1","","84","","0.0","","17","","22","","16.1","","99.15","","27","","","","NA"
"-82.96","42.28","WINDSOR A","6139530","2019-06-10 02:00","2019","06","10","02:00","20.0","","18.0","","88","","0.0","","16","","15","","16.1","","99.08","","26","","","","Rain"
"-82.96","42.28","WINDSOR A","6139530","2019-06-10 03:00","2019","06","10","03:00","19.5","","18.0","","91","","0.0","","15","","13","","16.1","","99.02","","","","","","Rain"
"-82.96","42.28","WINDSOR A","6139530","2019-06-10 04:00","2019","06","10","04:00","19.0","","17.7","","92","","0.5","","15","","15","","16.1","","98.97","","","","","","NA"
"-82.96","42.28","WINDSOR A","6139530","2019-06-10 05:00","2019","06","10","05:00","18.8","","17.3","","91","","0.0","","15","","13","","16.1","","98.94","","","","","","NA"
"-82.96","42.28","WINDSOR A","6139530","2019-06-10 06:00","2019","06","10","06:00","18.9","","17.4","","91","","0.0","","15","","11","","16.1","","98.92","","","","","","NA"
"-82.96","42.28","WINDSOR A","6139530","2019-06-10 07:00","2019","06","10","07:00","19.8","","17.8","","88","","0.0","","17","","17","","16.1","","98.90","","","","","","NA"
"-82.96","42.28","WINDSOR A","6139530","2019-06-10 08:00","2019","06","10","08:00","20.2","","18.2","","88","","0.0","","18","","17","","16.1","","98.86","","26","","","","NA"
"-82.96","42.28","WINDSOR A","6139530","2019-06-10 09:00","2019","06","10","09:00","20.7","","18.5","","87","","0.0","","19","","22","","16.1","","98.82","","27","","","","NA"
"-82.96","42.28","WINDSOR A","6139530","2019-06-10 10:00","2019","06","10","10:00","20.4","","19.4","","94","","0.5","","22","","17","","16.1","","98.79","","27","","","","Rain"
"-82.96","42.28","WINDSOR A","6139530","2019-06-10 11:00","2019","06","10","11:00","20.8","","19.2","","90","","0.2","","30","","26","","14.5","","98.81","","28","","","","Rain"
"-82.96","42.28","WINDSOR A","6139530","2019-06-10 12:00","2019","06","10","12:00","20.5","","18.0","","86","","1.8","","30","","28","","16.1","","98.86","","27","","","","NA"
"-82.96","42.28","WINDSOR A","6139530","2019-06-10 13:00","2019","06","10","13:00","20.2","","17.1","","82","","0.0","","31","","28","","16.1","","98.89","","26","","","","NA"
"-82.96","42.28","WINDSOR A","6139530","2019-06-10 14:00","2019","06","10","14:00","20.0","","16.3","","79","","0.0","","","M","","M","16.1","","98.94","","25","","","","NA"
"-82.96","42.28","WINDSOR A","6139530","2019-06-10 15:00","2019","06","10","15:00","17.5","","14.6","","83","","0.0","","31","","34","","16.1","","99.09","","","","","","NA"
"-82.96","42.28","WINDSOR A","6139530","2019-06-10 16:00","2019","06","10","16:00","18.0","","12.5","","70","","0.0","","31","","35","","16.1","","99.17","","","","","","NA"
"-82.96","42.28","WINDSOR A","6139530","2019-06-10 17:00","2019","06","10","17:00","18.2","","12.0","","67","","0.0","","31","","30","","16.1","","99.23","","","","","","NA"
"-82.96","42.28","WINDSOR A","6139530","2019-06-10 18:00","2019","06","10","18:00","17.4","","10.7","","64","","0.0","","31","","35","","16.1","","99.33","","","","","","NA"
"-82.96","42.28","WINDSOR A","6139530","2019-06-10 19:00","2019","06","10","19:00","17.4","","9.6","","60","","0.0","","","M","","M","12.9","","99.44","","","","","","NA"
"-82.96","42.28","WINDSOR A","6139530","2019-06-10 20:00","2019","06","10","20:00","16.4","","10.0","","65","","0.0","","32","","15","","16.1","","99.52","","","","","","NA"
"-82.96","42.28","WINDSOR A","6139530","2019-06-10 21:00","2019","06","10","21:00","15.0","","10.0","","72","","0.0","","29","","11","","16.1","","99.59","","","","","","NA"
"-82.96","42.28","WINDSOR A","6139530","2019-06-10 22:00","2019","06","10","22:00","13.1","","9.5","","79","","0.0","","27","","13","","16.1","","99.65","","","","","","NA"
"-82.96","42.28","WINDSOR A","6139530","2019-06-10 23:00","2019","06","10","23:00","13.5","","9.0","","74","","0.0","","28","","11","","16.1","","99.68","","","","","","NA"
"-82.96","42.28","WINDSOR A","6139530","2019-06-11 00:00","2019","06","11","00:00","13.2","","8.9","","75","","0.0","","28","","13","","16.1","","99.71","","","","","","NA"
"-82.96","42.28","WINDSOR A","6139530","2019-06-11 01:00","2019","06","11","01:00","11.5","","8.4","","81","","0.0","","28","","11","","16.1","","99.74","","","","","","NA"
"-82.96","42.28","WINDSOR A","6139530","2019-06-11 02:00","2019","06","11","02:00","9.9","","7.9","","87","","0.0","","27","","13","","16.1","","99.76","","","","","","NA"
"-82.96","42.28","WINDSOR A","6139530","2019-06-11 03:00","2019","06","11","03:00","9.6","","7.9","","89","","0.0","","26","","11","","16.1","","99.76","","","","","","NA"
"-82.96","42.28","WINDSOR A","6139530","2019-06-11 04:00","2019","06","11","04:00","9.4","","7.9","","90","","0.0","","25","","11","","16.1","","99.77","","","","","","NA"
"-82.96","42.28","WINDSOR A","6139530","2019-06-11 05:00","2019","06","11","05:00","9.0","","7.6","","91","","0.0","","28","","9","","16.1","","99.87","","","","","","NA"
"-82.96","42.28","WINDSOR A","6139530","2019-06-11 06:00","2019","06","11","06:00","10.7","","9.3","","91","","0.0","","24","","8","","16.1","","99.94","","","","","","NA"
"-82.96","42.28","WINDSOR A","6139530","2019-06-11 07:00","2019","06","11","07:00","14.1","","10.1","","77","","0.0","","26","","11","","16.1","","99.99","","","","","","NA"
"-82.96","42.28","WINDSOR A","6139530","2019-06-11 08:00","2019","06","11","08:00","16.8","","10.2","","65","","0.0","","26","","15","","16.1","","100.01","","","","","","NA"
"-82.96","42.28","WINDSOR A","6139530","2019-06-11 09:00","2019","06","11","09:00","18.3","","8.8","","53","","0.0","","31","","15","","16.1","","99.99","","","","","","NA"
"-82.96","42.28","WINDSOR A","6139530","2019-06-11 10:00","2019","06","11","10:00","20.0","","9.7","","51","","0.0","","29","","17","","16.1","","99.96","","","","","","NA"
"-82.96","42.28","WINDSOR A","6139530","2019-06-11 11:00","2019","06","11","11:00","21.4","","8.2","","42","","0.0","","30","","13","","16.1","","99.97","","","","","","NA"
"-82.96","42.28","WINDSOR A","6139530","2019-06-11 12:00","2019","06","11","12:00","22.4","","8.2","","40","","0.0","","29","","21","","16.1","","99.94","","","","","","NA"
"-82.96","42.28","WINDSOR A","6139530","2019-06-11 13:00","2019","06","11","13:00","23.3","","7.1","","35","","0.0","","","M","","M","16.1","","99.90","","","","","","NA"
"-82.96","42.28","WINDSOR A","6139530","2019-06-11 14:00","2019","06","11","14:00","23.4","","7.3","","35","","0.0","","","M","","M","16.1","","99.88","","","","","","NA"
"-82.96","42.28","WINDSOR A","6139530","2019-06-11 15:00","2019","06","11","15:00","24.0","","7.3","","34","","0.0","","","M","","M","16.1","","99.82","","","","","","NA"
"-82.96","42.28","WINDSOR A","6139530","2019-06-11 16:00","2019","06","11","16:00","24.6","","7.8","","34","","0.0","","","M","","M","16.1","","99.77","","25","","","","NA"
"-82.96","42.28","WINDSOR A","6139530","2019-06-11 17:00","2019","06","11","17:00","24.7","","8.6","","36","","0.0","","","M","","M","16.1","","99.72","","25","","","","NA"
"-82.96","42.28","WINDSOR A","6139530","2019-06-11 18:00","2019","06","11","18:00","22.5","","9.5","","43","","0.0","","8","","11","","16.1","","99.70","","","","","","NA"
"-82.96","42.28","WINDSOR A","6139530","2019-06-11 19:00","2019","06","11","19:00","21.4","","10.4","","49","","0.0","","10","","8","","16.1","","99.71","","","","","","NA"
"-82.96","42.28","WINDSOR A","6139530","2019-06-11 20:00","2019","06","11","20:00","18.9","","11.4","","61","","0.0","","11","","11","","16.1","","99.69","","","","","","NA"
"-82.96","42.28","WINDSOR A","6139530","2019-06-11 21:00","2019","06","11","21:00","17.0","","12.8","","76","","0.0","","15","","9","","16.1","","99.73","","","","","","NA"
"-82.96","42.28","WINDSOR A","6139530","2019-06-11 22:00","2019","06","11","22:00","15.7","","13.2","","85","","0.0","","17","","9","","16.1","","99.76","","","","","","NA"
"-82.96","42.28","WINDSOR A","6139530","2019-06-11 23:00","2019","06","11","23:00","15.2","","12.0","","81","","0.0","","16","","9","","16.1","","99.75","","","","","","NA"
"-82.96","42.28","WINDSOR A","6139530","2019-06-12 00:00","2019","06","12","00:00","14.7","","11.4","","80","","0.0","","15","","8","","16.1","","99.73","","","","","","NA"
"-82.96","42.28","WINDSOR A","6139530","2019-06-12 01:00","2019","06","12","01:00","14.5","","11.1","","80","","0.0","","17","","11","","16.1","","99.70","","","","","","NA"
"-82.96","42.28","WINDSOR A","6139530","2019-06-12 02:00","2019","06","12","02:00","13.3","","11.2","","87","","0.0","","15","","11","","16.1","","99.67","","","","","","NA"
"-82.96","42.28","WINDSOR A","6139530","2019-06-12 03:00","2019","06","12","03:00","13.2","","11.1","","87","","0.0","","17","","9","","16.1","","99.63","","","","","","NA"
"-82.96","42.28","WINDSOR A","6139530","2019-06-12 04:00","2019","06","12","04:00","13.9","","11.6","","86","","0.0","","16","","5","","16.1","","99.61","","","","","","NA"
"-82.96","42.28","WINDSOR A","6139530","2019-06-12 05:00","2019","06","12","05:00","13.1","","11.5","","90","","0.0","","17","","9","","16.1","","99.62","","","","","","NA"
"-82.96","42.28","WINDSOR A","6139530","2019-06-12 06:00","2019","06","12","06:00","14.9","","12.6","","86","","0.0","","16","","9","","16.1","","99.61","","","","","","NA"
"-82.96","42.28","WINDSOR A","6139530","2019-06-12 07:00","2019","06","12","07:00","17.5","","13.0","","74","","0.0","","16","","11","","16.1","","99.59","","","","","","NA"
"-82.96","42.28","WINDSOR A","6139530","2019-06-12 08:00","2019","06","12","08:00","19.4","","10.9","","58","","0.0","","18","","21","","16.1","","99.56","","","","","","NA"
"-82.96","42.28","WINDSOR A","6139530","2019-06-12 09:00","2019","06","12","09:00","21.1","","10.4","","50","","0.0","","19","","21","","16.1","","99.52","","","","","","NA"
"-82.96","42.28","WINDSOR A","6139530","2019-06-12 10:00","2019","06","12","10:00","21.8","","10.1","","47","","0.0","","20","","18","","16.1","","99.45","","","","","","NA"
"-82.96","42.28","WINDSOR A","6139530","2019-06-12 11:00","2019","06","12","11:00","22.6","","10.2","","45","","0.0","","18","","22","","16.1","","99.40","","","","","","NA"
"-82.96","42.28","WINDSOR A","6139530","2019-06-12 12:00","2019","06","12","12:00","22.8","","10.1","","44","","0.0","","17","","24","","16.1","","99.31","","","","","","NA"
"-82.96","42.28","WINDSOR A","6139530","2019-06-12 13:00","2019","06","12","13:00","23.6","","8.2","","37","","0.0","","18","","24","","16.1","","99.20","","","","","","NA"
"-82.96","42.28","WINDSOR A","6139530","2019-06-12 14:00","2019","06","12","14:00","24.0","","7.2","","34","","0.0","","17","","22","","16.1","","99.14","","","","","","NA"
"-82.96","42.28","WINDSOR A","6139530","2019-06-12 15:00","2019","06","12","15:00","24.4","","5.4","","29","","0.0","","15","","24","","16.1","","99.07","","","","","","NA"
"-82.96","42.28","WINDSOR A","6139530","2019-06-12 16:00","2019","06","12","16:00","23.7","","7.3","","35","","0.0","","18","","17","","16.1","","99.00","","","","","","NA"
"-82.96","42.28","WINDSOR A","6139530","2019-06-12 17:00","2019","06","12","17:00","23.2","","9.0","","40","","0.0","","13","","11","","16.1","","98.89","","","","","","NA"
"-82.96","42.28","WINDSOR A","6139530","2019-06-12 18:00","2019","06","12","18:00","22.2","","9.8","","45","","0.0","","12","","17","","16.1","","98.83","","","","","","NA"
"-82.96","42.28","WINDSOR A","6139530","2019-06-12 19:00","2019","06","12","19:00","20.8","","8.0","","43","","0.0","","11","","18","","16.1","","98.78","","","","","","NA"
"-82.96","42.28","WINDSOR A","6139530","2019-06-12 20:00","2019","06","12","20:00","19.5","","7.6","","46","","0.0","","10","","21","","16.1","","98.70","","","","","","NA"
"-82.96","42.28","WINDSOR A","6139530","2019-06-12 21:00","2019","06","12","21:00","18.4","","8.3","","51","","0.0","","10","","21","","16.1","","98.65","","","","","","NA"
"-82.96","42.28","WINDSOR A","6139530","2019-06-12 22:00","2019","06","12","22:00","17.8","","11.0","","64","","0.0","","13","","26","","16.1","","98.59","","","","","","NA"
"-82.96","42.28","WINDSOR A","6139530","2019-06-12 23:00","2019","06","12","23:00","17.1","","15.4","","90","","0.2","","17","","26","","16.1","","98.57","","","","","","Rain"
"-82.96","42.28","WINDSOR A","6139530","2019-06-13 00:00","2019","06","13","00:00","16.4","","15.3","","93","","3.5","","18","","13","","9.7","","98.52","","","","","","Rain,Fog"
"-82.96","42.28","WINDSOR A","6139530","2019-06-13 01:00","2019","06","13","01:00","16.1","","15.5","","96","","1.5","","19","","9","","16.1","","98.44","","","","","","NA"
"-82.96","42.28","WINDSOR A","6139530","2019-06-13 02:00","2019","06","13","02:00","16.0","","15.5","","97","","0.0","","","M","4","","16.1","","98.34","","","","","","NA"
"-82.96","42.28","WINDSOR A","6139530","2019-06-13 03:00","2019","06","13","03:00","15.9","","15.4","","97","","0.2","","12","","11","","16.1","","98.21","","","","","","Rain"
"-82.96","42.28","WINDSOR A","6139530","2019-06-13 04:00","2019","06","13","04:00","16.2","","15.6","","96","","0.0","","17","","15","","16.1","","98.15","","","","","","NA"
"-82.96","42.28","WINDSOR A","6139530","2019-06-13 05:00","2019","06","13","05:00","13.6","","12.3","","92","","4.2","","34","","13","","8.1","","98.19","","","","","","Rain,Fog"
"-82.96","42.28","WINDSOR A","6139530","2019-06-13 06:00","2019","06","13","06:00","13.4","","12.3","","93","","4.2","","4","","8","","16.1","","98.18","","","","","","NA"
"-82.96","42.28","WINDSOR A","6139530","2019-06-13 07:00","2019","06","13","07:00","14.1","","12.7","","91","","0.0","","","","0","","16.1","","98.19","","","","","","NA"
"-82.96","42.28","WINDSOR A","6139530","2019-06-13 08:00","2019","06","13","08:00","14.4","","13.1","","92","","0.0","","","","0","","16.1","","98.16","","","","","","NA"
"-82.96","42.28","WINDSOR A","6139530","2019-06-13 09:00","2019","06","13","09:00","14.5","","13.2","","92","","0.0","","23","","13","","16.1","","98.23","","","","","","NA"
"-82.96","42.28","WINDSOR A","6139530","2019-06-13 10:00","2019","06","13","10:00","15.4","","13.7","","89","","0.0","","24","","13","","16.1","","98.20","","","","","","NA"
"-82.96","42.28","WINDSOR A","6139530","2019-06-13 11:00","2019","06","13","11:00","15.6","","12.8","","83","","0.0","","25","","9","","16.1","","98.19","","","","","","NA"
"-82.96","42.28","WINDSOR A","6139530","2019-06-13 12:00","2019","06","13","12:00","17.6","","12.2","","70","","0.0","","29","","15","","16.1","","98.15","","","","","","NA"
"-82.96","42.28","WINDSOR A","6139530","2019-06-13 13:00","2019","06","13","13:00","17.2","","11.7","","70","","0.0","","24","","15","","16.1","","98.13","","","","","","NA"
"-82.96","42.28","WINDSOR A","6139530","2019-06-13 14:00","2019","06","13","14:00","17.1","","12.3","","73","","0.0","","24","","15","","16.1","","98.14","","","","","","NA"
"-82.96","42.28","WINDSOR A","6139530","2019-06-13 15:00","2019","06","13","15:00","15.8","","13.7","","87","","1.0","","25","","11","","16.1","","98.17","","","","","","Rain"
"-82.96","42.28","WINDSOR A","6139530","2019-06-13 16:00","2019","06","13","16:00","14.8","","12.4","","85","","0.0","","33","","17","","16.1","","98.25","","","","","","NA"
"-82.96","42.28","WINDSOR A","6139530","2019-06-13 17:00","2019","06","13","17:00","14.7","","11.7","","82","","0.0","","33","","21","","16.1","","98.33","","","","","","NA"
"-82.96","42.28","WINDSOR A","6139530","2019-06-13 18:00","2019","06","13","18:00","14.1","","12.3","","89","","0.5","","34","","13","","16.1","","98.43","","","","","","Rain"
"-82.96","42.28","WINDSOR A","6139530","2019-06-13 19:00","2019","06","13","19:00","13.3","","11.9","","91","","0.8","","32","","17","","16.1","","98.54","","","","","","Rain"
"-82.96","42.28","WINDSOR A","6139530","2019-06-13 20:00","2019","06","13","20:00","12.9","","11.2","","89","","0.5","","32","","24","","16.1","","98.65","","","","","","Rain"
"-82.96","42.28","WINDSOR A","6139530","2019-06-13 21:00","2019","06","13","21:00","12.8","","10.5","","86","","0.0","","32","","22","","16.1","","98.79","","","","","","NA"
"-82.96","42.28","WINDSOR A","6139530","2019-06-13 22:00","2019","06","13","22:00","13.0","","10.4","","84","","0.2","","32","","18","","16.1","","98.90","","","","","","NA"
"-82.96","42.28","WINDSOR A","6139530","2019-06-13 23:00","2019","06","13","23:00","12.6","","10.7","","88","","0.0","","","","0","","16.1","","98.96","","","","","","NA"
"-82.96","42.28","WINDSOR A","6139530","2019-06-14 00:00","2019","06","14","00:00","12.1","","9.0","","81","","0.0","","28","","17","","16.1","","98.99","","","","","","NA"
"-82.96","42.28","WINDSOR A","6139530","2019-06-14 01:00","2019","06","14","01:00","11.3","","6.6","","73","","0.0","","28","","18","","16.1","","99.05","","","","","","NA"
"-82.96","42.28","WINDSOR A","6139530","2019-06-14 02:00","2019","06","14","02:00","10.6","","5.8","","72","","0.0","","28","","18","","16.1","","99.11","","","","","","NA"
"-82.96","42.28","WINDSOR A","6139530","2019-06-14 03:00","2019","06","14","03:00","10.3","","5.9","","74","","0.0","","27","","15","","16.1","","99.16","","","","","","NA"
"-82.96","42.28","WINDSOR A","6139530","2019-06-14 04:00","2019","06","14","04:00","9.4","","6.0","","79","","0.0","","26","","15","","16.1","","99.22","","","","","","NA"
"-82.96","42.28","WINDSOR A","6139530","2019-06-14 05:00","2019","06","14","05:00","8.9","","6.0","","82","","0.0","","26","","13","","16.1","","99.30","","","","","","NA"
"-82.96","42.28","WINDSOR A","6139530","2019-06-14 06:00","2019","06","14","06:00","10.4","","6.8","","78","","0.0","","26","","11","","16.1","","99.36","","","","","","NA"
"-82.96","42.28","WINDSOR A","6139530","2019-06-14 07:00","2019","06","14","07:00","12.6","","6.9","","68","","0.0","","26","","17","","16.1","","99.41","","","","","","NA"
"-82.96","42.28","WINDSOR A","6139530","2019-06-14 08:00","2019","06","14","08:00","14.5","","8.2","","65","","0.0","","26","","17","","16.1","","99.47","","","","","","NA"
"-82.96","42.28","WINDSOR A","6139530","2019-06-14 09:00","2019","06","14","09:00","16.9","","9.2","","60","","0.0","","26","","18","","16.1","","99.51","","","","","","NA"
"-82.96","42.28","WINDSOR A","6139530","2019-06-14 10:00","2019","06","14","10:00","19.3","","9.3","","52","","0.0","","25","","17","","16.1","","99.48","","","","","","NA"
"-82.96","42.28","WINDSOR A","6139530","2019-06-14 11:00","2019","06","14","11:00","20.5","","9.3","","48","","0.0","","24","","28","","16.1","","99.48","","","","","","NA"
"-82.96","42.28","WINDSOR A","6139530","2019-06-14 12:00","2019","06","14","12:00","21.6","","8.7","","43","","0.0","","25","","26","","16.1","","99.45","","","","","","NA"
"-82.96","42.28","WINDSOR A","6139530","2019-06-14 13:00","2019","06","14","13:00","22.7","","8.1","","39","","0.0","","25","","28","","16.1","","99.41","","","","","","NA"
"-82.96","42.28","WINDSOR A","6139530","2019-06-14 14:00","2019","06","14","14:00","22.7","","8.8","","41","","0.0","","24","","32","","16.1","","99.34","","","","","","NA"
"-82.96","42.28","WINDSOR A","6139530","2019-06-14 15:00","2019","06","14","15:00","21.4","","8.2","","42","","0.0","","22","","28","","16.1","","99.31","","","","","","NA"
"-82.96","42.28","WINDSOR A","6139530","2019-06-14 16:00","2019","06","14","16:00","22.1","","8.0","","40","","0.0","","22","","30","","16.1","","99.25","","","","","","NA"
"-82.96","42.28","WINDSOR A","6139530","2019-06-14 17:00","2019","06","14","17:00","21.6","","8.2","","42","","0.0","","21","","24","","16.1","","99.20","","","","","","NA"
"-82.96","42.28","WINDSOR A","6139530","2019-06-14 18:00","2019","06","14","18:00","22.4","","7.9","","39","","0.0","","20","","22","","16.1","","99.15","","","","","","NA"
"-82.96","42.28","WINDSOR A","6139530","2019-06-14 19:00","2019","06","14","19:00","21.0","","9.7","","48","","0.0","","20","","13","","16.1","","99.13","","","","","","NA"
"-82.96","42.28","WINDSOR A","6139530","2019-06-14 20:00","2019","06","14","20:00","18.8","","10.3","","57","","0.0","","19","","11","","16.1","","99.09","","","","","","NA"
"-82.96","42.28","WINDSOR A","6139530","2019-06-14 21:00","2019","06","14","21:00","19.1","","11.0","","59","","0.0","","19","","15","","16.1","","99.11","","","","","","NA"
"-82.96","42.28","WINDSOR A","6139530","2019-06-14 22:00","2019","06","14","22:00","19.1","","9.8","","54","","0.0","","19","","15","","16.1","","99.10","","","","","","NA"
"-82.96","42.28","WINDSOR A","6139530","2019-06-14 23:00","2019","06","14","23:00","19.0","","10.3","","57","","0.0","","19","","24","","16.1","","99.06","","","","","","NA"
"-82.96","42.28","WINDSOR A","6139530","2019-06-15 00:00","2019","06","15","00:00","18.9","","10.6","","58","","0.0","","21","","21","","16.1","","99.04","","","","","","NA"
"-82.96","42.28","WINDSOR A","6139530","2019-06-15 01:00","2019","06","15","01:00","18.4","","11.3","","63","","0.0","","20","","18","","16.1","","99.02","","","","","","NA"
"-82.96","42.28","WINDSOR A","6139530","2019-06-15 02:00","2019","06","15","02:00","18.1","","11.2","","64","","0.0","","21","","22","","16.1","","98.98","","","","","","NA"
"-82.96","42.28","WINDSOR A","6139530","2019-06-15 03:00","2019","06","15","03:00","18.6","","9.8","","56","","0.0","","22","","26","","16.1","","98.97","","","","","","NA"
"-82.96","42.28","WINDSOR A","6139530","2019-06-15 04:00","2019","06","15","04:00","18.5","","10.3","","58","","0.0","","23","","35","","16.1","","98.98","","","","","","NA"
"-82.96","42.28","WINDSOR A","6139530","2019-06-15 05:00","2019","06","15","05:00","17.7","","11.6","","67","","0.0","","22","","21","","16.1","","99.00","","","","","","NA"
"-82.96","42.28","WINDSOR A","6139530","2019-06-15 06:00","2019","06","15","06:00","17.6","","12.0","","69","","0.0","","20","","21","","16.1","","98.99","","","","","","NA"
"-82.96","42.28","WINDSOR A","6139530","2019-06-15 07:00","2019","06","15","07:00","17.9","","12.4","","70","","0.0","","20","","28","","16.1","","98.97","","","","","","NA"
"-82.96","42.28","WINDSOR A","6139530","2019-06-15 08:00","2019","06","15","08:00","18.0","","12.3","","69","","0.0","","21","","26","","16.1","","98.94","","","","","","NA"
"-82.96","42.28","WINDSOR A","6139530","2019-06-15 09:00","2019","06","15","09:00","17.9","","14.1","","78","","0.0","","21","","22","","16.1","","98.93","","","","","","NA"
"-82.96","42.28","WINDSOR A","6139530","2019-06-15 10:00","2019","06","15","10:00","18.1","","14.3","","78","","0.0","","22","","26","","16.1","","98.94","","","","","","NA"
"-82.96","42.28","WINDSOR A","6139530","2019-06-15 11:00","2019","06","15","11:00","18.5","","14.8","","79","","0.0","","23","","18","","16.1","","98.95","","","","","","NA"
"-82.96","42.28","WINDSOR A","6139530","2019-06-15 12:00","2019","06","15","12:00","19.1","","15.1","","77","","0.0","","22","","28","","16.1","","98.94","","","","","","NA"
"-82.96","42.28","WINDSOR A","6139530","2019-06-15 13:00","2019","06","15","13:00","20.8","","16.3","","75","","0.0","","23","","21","","16.1","","98.88","","26","","","","NA"
"-82.96","42.28","WINDSOR A","6139530","2019-06-15 14:00","2019","06","15","14:00","20.1","","16.4","","79","","0.0","","23","","22","","16.1","","98.89","","25","","","","NA"
"-82.96","42.28","WINDSOR A","6139530","2019-06-15 15:00","2019","06","15","15:00","19.8","","16.9","","83","","0.0","","21","","28","","16.1","","98.88","","","","","","NA"
"-82.96","42.28","WINDSOR A","6139530","2019-06-15 16:00","2019","06","15","16:00","19.6","","17.2","","86","","0.0","","22","","17","","16.1","","98.83","","","","","","NA"
"-82.96","42.28","WINDSOR A","6139530","2019-06-15 17:00","2019","06","15","17:00","20.2","","17.5","","84","","0.0","","22","","21","","16.1","","98.77","","26","","","","NA"
"-82.96","42.28","WINDSOR A","6139530","2019-06-15 18:00","2019","06","15","18:00","19.2","","17.9","","92","","0.0","","23","","21","","11.3","","98.80","","","","","","NA"
"-82.96","42.28","WINDSOR A","6139530","2019-06-15 19:00","2019","06","15","19:00","18.5","","18.0","","97","","0.5","","22","","9","","4.8","","98.81","","","","","","Rain,Fog"
"-82.96","42.28","WINDSOR A","6139530","2019-06-15 20:00","2019","06","15","20:00","18.4","","18.1","","98","","0.8","","26","","5","","4.0","","98.79","","","","","","Fog"
"-82.96","42.28","WINDSOR A","6139530","2019-06-15 21:00","2019","06","15","21:00","18.5","","18.2","","98","","0.0","","22","","5","","4.8","","98.81","","","","","","Fog"
"-82.96","42.28","WINDSOR A","6139530","2019-06-15 22:00","2019","06","15","22:00","14.9","","14.4","","97","","0.0","","3","","13","","4.8","","98.88","","","","","","Fog"
"-82.96","42.28","WINDSOR A","6139530","2019-06-15 23:00","2019","06","15","23:00","14.5","","14.2","","98","","0.0","","4","","18","","3.2","","98.84","","","","","","Fog"
"-82.96","42.28","WINDSOR A","6139530","2019-06-16 00:00","2019","06","16","00:00","14.6","","14.1","","97","","0.0","","4","","21","","4.8","","98.81","","","","","","Fog"
"-82.96","42.28","WINDSOR A","6139530","2019-06-16 01:00","2019","06","16","01:00","14.3","","13.7","","96","","0.0","","4","","21","","4.8","","98.74","","","","","","Fog"
"-82.96","42.28","WINDSOR A","6139530","2019-06-16 02:00","2019","06","16","02:00","14.3","","13.7","","96","","0.0","","4","","18","","4.8","","98.73","","","","","","Fog"
"-82.96","42.28","WINDSOR A","6139530","2019-06-16 03:00","2019","06","16","03:00","14.1","","13.6","","97","","0.0","","2","","15","","8.1","","98.66","","","","","","Fog"
"-82.96","42.28","WINDSOR A","6139530","2019-06-16 04:00","2019","06","16","04:00","14.2","","13.6","","96","","0.0","","3","","15","","9.7","","98.67","","","","","","Fog"
"-82.96","42.28","WINDSOR A","6139530","2019-06-16 05:00","2019","06","16","05:00","14.5","","13.6","","94","","0.0","","3","","18","","16.1","","98.67","","","","","","NA"
"-82.96","42.28","WINDSOR A","6139530","2019-06-16 06:00","2019","06","16","06:00","14.8","","13.9","","94","","0.0","","4","","15","","16.1","","98.68","","","","","","NA"
"-82.96","42.28","WINDSOR A","6139530","2019-06-16 07:00","2019","06","16","07:00","14.2","","12.8","","91","","0.0","","2","","15","","16.1","","98.78","","","","","","NA"
"-82.96","42.28","WINDSOR A","6139530","2019-06-16 08:00","2019","06","16","08:00","13.9","","13.1","","95","","1.5","","4","","13","","4.8","","98.83","","","","","","Rain,Fog"
"-82.96","42.28","WINDSOR A","6139530","2019-06-16 09:00","2019","06","16","09:00","14.0","","13.5","","97","","4.2","","4","","15","","6.4","","98.82","","","","","","Rain,Fog"
"-82.96","42.28","WINDSOR A","6139530","2019-06-16 10:00","2019","06","16","10:00","13.8","","13.4","","98","","9.3","","3","","18","","4.8","","98.84","","","","","","Moderate Rain,Fog"
"-82.96","42.28","WINDSOR A","6139530","2019-06-16 11:00","2019","06","16","11:00","14.1","","13.6","","97","","5.8","","3","","22","","9.7","","98.87","","","","","","Rain,Fog"
"-82.96","42.28","WINDSOR A","6139530","2019-06-16 12:00","2019","06","16","12:00","14.6","","14.1","","97","","0.2","","4","","15","","11.3","","98.88","","","","","","NA"
"-82.96","42.28","WINDSOR A","6139530","2019-06-16 13:00","2019","06","16","13:00","15.4","","14.8","","96","","0.2","","5","","13","","8.1","","98.89","","","","","","Rain,Fog"
"-82.96","42.28","WINDSOR A","6139530","2019-06-16 14:00","2019","06","16","14:00","16.0","","15.4","","96","","0.0","","3","","15","","8.1","","98.95","","","","","","Rain,Fog"
"-82.96","42.28","WINDSOR A","6139530","2019-06-16 15:00","2019","06","16","15:00","16.0","","15.4","","96","","0.2","","4","","17","","6.4","","98.95","","","","","","Fog"
"-82.96","42.28","WINDSOR A","6139530","2019-06-16 16:00","2019","06","16","16:00","16.0","","15.1","","95","","0.0","","4","","13","","11.3","","98.99","","","","","","NA"
"-82.96","42.28","WINDSOR A","6139530","2019-06-16 17:00","2019","06","16","17:00","15.7","","15.1","","96","","0.0","","4","","15","","4.8","","99.04","","","","","","Fog"
"-82.96","42.28","WINDSOR A","6139530","2019-06-16 18:00","2019","06","16","18:00","15.1","","14.8","","98","","0.0","","4","","15","","2.4","","99.04","","","","","","Fog"
"-82.96","42.28","WINDSOR A","6139530","2019-06-16 19:00","2019","06","16","19:00","15.1","","14.8","","98","","0.0","","3","","11","","3.6","","99.07","","","","","","Fog"
"-82.96","42.28","WINDSOR A","6139530","2019-06-16 20:00","2019","06","16","20:00","15.1","","14.5","","96","","0.0","","4","","9","","16.1","","99.08","","","","","","NA"
"-82.96","42.28","WINDSOR A","6139530","2019-06-16 21:00","2019","06","16","21:00","15.4","","14.5","","94","","0.0","","5","","11","","16.1","","99.10","","","","","","NA"
"-82.96","42.28","WINDSOR A","6139530","2019-06-16 22:00","2019","06","16","22:00","15.1","","13.3","","89","","0.0","","4","","13","","16.1","","99.13","","","","","","NA"
"-82.96","42.28","WINDSOR A","6139530","2019-06-16 23:00","2019","06","16","23:00","14.9","","13.1","","89","","0.0","","2","","9","","16.1","","99.20","","","","","","NA"
"-82.96","42.28","WINDSOR A","6139530","2019-06-17 00:00","2019","06","17","00:00","14.6","","12.5","","87","","0.0","","2","","8","","16.1","","99.18","","","","","","NA"
"-82.96","42.28","WINDSOR A","6139530","2019-06-17 01:00","2019","06","17","01:00","14.4","","12.2","","87","","0.0","","2","","9","","16.1","","99.18","","","","","","NA"
"-82.96","42.28","WINDSOR A","6139530","2019-06-17 02:00","2019","06","17","02:00","14.2","","12.0","","86","","0.0","","4","","8","","16.1","","99.20","","","","","","NA"
"-82.96","42.28","WINDSOR A","6139530","2019-06-17 03:00","2019","06","17","03:00","14.1","","12.0","","87","","0.0","","3","","11","","16.1","","99.17","","","","","","NA"
"-82.96","42.28","WINDSOR A","6139530","2019-06-17 04:00","2019","06","17","04:00","13.9","","12.0","","88","","0.0","","5","","9","","16.1","","99.19","","","","","","NA"
"-82.96","42.28","WINDSOR A","6139530","2019-06-17 05:00","2019","06","17","05:00","13.7","","11.6","","87","","0.0","","4","","13","","16.1","","99.22","","","","","","NA"
"-82.96","42.28","WINDSOR A","6139530","2019-06-17 06:00","2019","06","17","06:00","13.6","","11.8","","89","","0.0","","4","","13","","16.1","","99.30","","","","","","NA"
"-82.96","42.28","WINDSOR A","6139530","2019-06-17 07:00","2019","06","17","07:00","14.5","","12.4","","87","","0.0","","3","","13","","16.1","","99.33","","","","","","NA"
"-82.96","42.28","WINDSOR A","6139530","2019-06-17 08:00","2019","06","17","08:00","15.2","","12.3","","83","","0.0","","36","","11","","16.1","","99.36","","","","","","NA"
"-82.96","42.28","WINDSOR A","6139530","2019-06-17 09:00","2019","06","17","09:00","16.4","","12.8","","79","","0.0","","4","","13","","16.1","","99.34","","","","","","NA"
"-82.96","42.28","WINDSOR A","6139530","2019-06-17 10:00","2019","06","17","10:00","17.4","","12.9","","75","","0.0","","4","","21","","16.1","","99.35","","","","","","NA"
"-82.96","42.28","WINDSOR A","6139530","2019-06-17 11:00","2019","06","17","11:00","18.1","","12.1","","68","","0.0","","7","","9","","16.1","","99.42","","","","","","NA"
"-82.96","42.28","WINDSOR A","6139530","2019-06-17 12:00","2019","06","17","12:00","19.3","","12.7","","65","","0.0","","9","","8","","16.1","","99.45","","","","","","NA"
"-82.96","42.28","WINDSOR A","6139530","2019-06-17 13:00","2019","06","17","13:00","20.2","","10.2","","52","","0.0","","","M","","M","16.1","","99.42","","","","","","NA"
"-82.96","42.28","WINDSOR A","6139530","2019-06-17 14:00","2019","06","17","14:00","20.3","","11.3","","56","","0.0","","","M","4","","16.1","","99.41","","","","","","NA"
"-82.96","42.28","WINDSOR A","6139530","2019-06-17 15:00","2019","06","17","15:00","20.3","","12.9","","62","","0.0","","","M","4","","16.1","","99.39","","","","","","NA"
"-82.96","42.28","WINDSOR A","6139530","2019-06-17 16:00","2019","06","17","16:00","21.0","","12.7","","59","","0.0","","5","","8","","16.1","","99.32","","","","","","NA"
"-82.96","42.28","WINDSOR A","6139530","2019-06-17 17:00","2019","06","17","17:00","20.3","","14.2","","68","","0.0","","8","","9","","16.1","","99.28","","","","","","NA"
"-82.96","42.28","WINDSOR A","6139530","2019-06-17 18:00","2019","06","17","18:00","20.2","","15.5","","74","","0.0","","9","","8","","16.1","","99.25","","","","","","NA"
"-82.96","42.28","WINDSOR A","6139530","2019-06-17 19:00","2019","06","17","19:00","19.9","","15.4","","75","","0.0","","9","","5","","16.1","","99.31","","","","","","NA"
"-82.96","42.28","WINDSOR A","6139530","2019-06-17 20:00","2019","06","17","20:00","18.3","","15.5","","83","","0.0","","8","","5","","16.1","","99.29","","","","","","NA"
"-82.96","42.28","WINDSOR A","6139530","2019-06-17 21:00","2019","06","17","21:00","18.0","","16.4","","90","","0.0","","","","0","","16.1","","99.33","","","","","","NA"
"-82.96","42.28","WINDSOR A","6139530","2019-06-17 22:00","2019","06","17","22:00","17.0","","14.9","","87","","0.0","","3","","8","","16.1","","99.32","","","","","","NA"
"-82.96","42.28","WINDSOR A","6139530","2019-06-17 23:00","2019","06","17","23:00","16.5","","15.1","","91","","0.0","","9","","4","","16.1","","99.31","","","","","","NA"
"-82.96","42.28","WINDSOR A","6139530","2019-06-18 00:00","2019","06","18","00:00","16.1","","13.7","","86","","0.0","","3","","11","","16.1","","99.32","","","","","","NA"
"-82.96","42.28","WINDSOR A","6139530","2019-06-18 01:00","2019","06","18","01:00","15.4","","12.2","","81","","0.0","","1","","11","","16.1","","99.32","","","","","","NA"
"-82.96","42.28","WINDSOR A","6139530","2019-06-18 02:00","2019","06","18","02:00","15.0","","11.8","","81","","0.0","","3","","11","","16.1","","99.23","","","","","","NA"
"-82.96","42.28","WINDSOR A","6139530","2019-06-18 03:00","2019","06","18","03:00","13.8","","11.3","","85","","0.0","","3","","9","","16.1","","99.24","","","","","","NA"
"-82.96","42.28","WINDSOR A","6139530","2019-06-18 04:00","2019","06","18","04:00","14.6","","12.0","","84","","0.0","","4","","9","","16.1","","99.22","","","","","","NA"
"-82.96","42.28","WINDSOR A","6139530","2019-06-18 05:00","2019","06","18","05:00","13.1","","11.4","","89","","0.0","","8","","5","","16.1","","99.22","","","","","","NA"
"-82.96","42.28","WINDSOR A","6139530","2019-06-18 06:00","2019","06","18","06:00","15.2","","11.8","","80","","0.0","","4","","5","","16.1","","99.24","","","","","","NA"
"-82.96","42.28","WINDSOR A","6139530","2019-06-18 07:00","2019","06","18","07:00","16.2","","12.6","","79","","0.0","","9","","4","","16.1","","99.27","","","","","","NA"
"-82.96","42.28","WINDSOR A","6139530","2019-06-18 08:00","2019","06","18","08:00","17.3","","12.8","","75","","0.0","","","M","4","","16.1","","99.29","","","","","","NA"
"-82.96","42.28","WINDSOR A","6139530","2019-06-18 09:00","2019","06","18","09:00","17.6","","13.3","","76","","0.0","","2","","5","","16.1","","99.30","","","","","","NA"
"-82.96","42.28","WINDSOR A","6139530","2019-06-18 10:00","2019","06","18","10:00","18.7","","13.7","","73","","0.0","","","","0","","16.1","","99.29","","","","","","NA"
"-82.96","42.28","WINDSOR A","6139530","2019-06-18 11:00","2019","06","18","11:00","21.5","","14.3","","63","","0.0","","","M","","M","16.1","","99.25","","25","","","","NA"
"-82.96","42.28","WINDSOR A","6139530","2019-06-18 12:00","2019","06","18","12:00","22.2","","15.3","","65","","0.0","","","M","5","","16.1","","99.23","","26","","","","NA"
"-82.96","42.28","WINDSOR A","6139530","2019-06-18 13:00","2019","06","18","13:00","22.6","","15.6","","64","","0.0","","","M","4","","16.1","","99.17","","27","","","","NA"
"-82.96","42.28","WINDSOR A","6139530","2019-06-18 14:00","2019","06","18","14:00","24.1","","16.2","","61","","0.0","","","M","8","","16.1","","99.12","","29","","","","NA"
"-82.96","42.28","WINDSOR A","6139530","2019-06-18 15:00","2019","06","18","15:00","24.6","","16.4","","60","","0.0","","18","","8","","16.1","","99.06","","29","","","","NA"
"-82.96","42.28","WINDSOR A","6139530","2019-06-18 16:00","2019","06","18","16:00","23.7","","16.9","","65","","0.0","","","M","11","","16.1","","99.01","","29","","","","NA"
"-82.96","42.28","WINDSOR A","6139530","2019-06-18 17:00","2019","06","18","17:00","24.2","","16.7","","63","","0.0","","19","","13","","16.1","","98.95","","29","","","","NA"
"-82.96","42.28","WINDSOR A","6139530","2019-06-18 18:00","2019","06","18","18:00","23.7","","16.6","","64","","0.0","","16","","11","","16.1","","98.92","","29","","","","NA"
"-82.96","42.28","WINDSOR A","6139530","2019-06-18 19:00","2019","06","18","19:00","22.8","","16.1","","66","","0.0","","20","","13","","16.1","","98.94","","27","","","","NA"
"-82.96","42.28","WINDSOR A","6139530","2019-06-18 20:00","2019","06","18","20:00","20.4","","16.3","","77","","0.0","","17","","8","","16.1","","98.93","","25","","","","NA"
"-82.96","42.28","WINDSOR A","6139530","2019-06-18 21:00","2019","06","18","21:00","19.4","","15.9","","80","","0.0","","17","","5","","16.1","","98.95","","","","","","NA"
"-82.96","42.28","WINDSOR A","6139530","2019-06-18 22:00","2019","06","18","22:00","17.4","","15.9","","91","","0.0","","13","","8","","16.1","","98.96","","","","","","NA"
"-82.96","42.28","WINDSOR A","6139530","2019-06-18 23:00","2019","06","18","23:00","17.7","","15.7","","88","","0.0","","","M","4","","16.1","","98.97","","","","","","NA"
"-82.96","42.28","WINDSOR A","6139530","2019-06-19 00:00","2019","06","19","00:00","17.7","","15.0","","84","","0.0","","26","","5","","16.1","","98.94","","","","","","NA"
"-82.96","42.28","WINDSOR A","6139530","2019-06-19 01:00","2019","06","19","01:00","15.9","","15.0","","94","","0.0","","16","","5","","16.1","","98.90","","","","","","NA"
"-82.96","42.28","WINDSOR A","6139530","2019-06-19 02:00","2019","06","19","02:00","16.5","","15.2","","92","","0.0","","","","0","","16.1","","98.84","","","","","","NA"
"-82.96","42.28","WINDSOR A","6139530","2019-06-19 03:00","2019","06","19","03:00","16.0","","14.9","","93","","0.0","","","","0","","14.5","","98.81","","","","","","NA"
"-82.96","42.28","WINDSOR A","6139530","2019-06-19 04:00","2019","06","19","04:00","15.2","","14.6","","96","","0.0","","21","","4","","12.9","","98.82","","","","","","NA"
"-82.96","42.28","WINDSOR A","6139530","2019-06-19 05:00","2019","06","19","05:00","14.5","","13.7","","95","","0.0","","","","0","","14.5","","98.80","","","","","","NA"
"-82.96","42.28","WINDSOR A","6139530","2019-06-19 06:00","2019","06","19","06:00","15.7","","15.2","","97","","0.0","","","","0","","4.0","","98.78","","","","","","Fog"
"-82.96","42.28","WINDSOR A","6139530","2019-06-19 07:00","2019","06","19","07:00","18.7","","17.4","","92","","0.0","","","M","4","","12.9","","98.76","","","","","","NA"
"-82.96","42.28","WINDSOR A","6139530","2019-06-19 08:00","2019","06","19","08:00","20.7","","16.6","","77","","0.0","","","M","4","","16.1","","98.75","","26","","","","NA"
"-82.96","42.28","WINDSOR A","6139530","2019-06-19 09:00","2019","06","19","09:00","22.5","","15.8","","66","","0.0","","17","","8","","16.1","","98.71","","27","","","","NA"
"-82.96","42.28","WINDSOR A","6139530","2019-06-19 10:00","2019","06","19","10:00","23.6","","15.8","","61","","0.0","","20","","9","","16.1","","98.66","","28","","","","NA"
"-82.96","42.28","WINDSOR A","6139530","2019-06-19 11:00","2019","06","19","11:00","24.3","","16.1","","60","","0.0","","","M","8","","16.1","","98.67","","29","","","","NA"
"-82.96","42.28","WINDSOR A","6139530","2019-06-19 12:00","2019","06","19","12:00","25.1","","17.0","","60","","0.0","","21","","8","","16.1","","98.65","","30","","","","NA"
"-82.96","42.28","WINDSOR A","6139530","2019-06-19 13:00","2019","06","19","13:00","25.4","","16.5","","57","","0.0","","14","","15","","16.1","","98.58","","30","","","","NA"
"-82.96","42.28","WINDSOR A","6139530","2019-06-19 14:00","2019","06","19","14:00","25.8","","16.5","","56","","0.0","","17","","11","","16.1","","98.51","","31","","","","NA"
"-82.96","42.28","WINDSOR A","6139530","2019-06-19 15:00","2019","06","19","15:00","26.6","","16.9","","55","","0.0","","14","","13","","16.1","","98.43","","32","","","","NA"
"-82.96","42.28","WINDSOR A","6139530","2019-06-19 16:00","2019","06","19","16:00","25.9","","16.8","","57","","0.0","","12","","11","","16.1","","98.36","","31","","","","NA"
"-82.96","42.28","WINDSOR A","6139530","2019-06-19 17:00","2019","06","19","17:00","25.8","","17.5","","60","","0.0","","15","","13","","16.1","","98.33","","31","","","","NA"
"-82.96","42.28","WINDSOR A","6139530","2019-06-19 18:00","2019","06","19","18:00","24.5","","16.0","","59","","0.0","","18","","17","","16.1","","98.31","","29","","","","NA"
"-82.96","42.28","WINDSOR A","6139530","2019-06-19 19:00","2019","06","19","19:00","23.3","","15.7","","62","","0.0","","17","","11","","16.1","","98.32","","28","","","","NA"
"-82.96","42.28","WINDSOR A","6139530","2019-06-19 20:00","2019","06","19","20:00","21.9","","16.9","","73","","0.0","","14","","8","","16.1","","98.31","","27","","","","NA"
"-82.96","42.28","WINDSOR A","6139530","2019-06-19 21:00","2019","06","19","21:00","19.8","","16.5","","81","","0.0","","2","","15","","16.1","","98.31","","","","","","NA"
"-82.96","42.28","WINDSOR A","6139530","2019-06-19 22:00","2019","06","19","22:00","19.1","","16.2","","83","","0.0","","3","","17","","16.1","","98.31","","","","","","NA"
"-82.96","42.28","WINDSOR A","6139530","2019-06-19 23:00","2019","06","19","23:00","17.5","","14.8","","84","","0.0","","4","","15","","16.1","","98.25","","","","","","NA"
"-82.96","42.28","WINDSOR A","6139530","2019-06-20 00:00","2019","06","20","00:00","17.1","","15.1","","88","","0.0","","4","","13","","16.1","","98.21","","","","","","NA"
"-82.96","42.28","WINDSOR A","6139530","2019-06-20 01:00","2019","06","20","01:00","16.7","","15.6","","93","","0.0","","3","","13","","16.1","","98.15","","","","","","Rain"
"-82.96","42.28","WINDSOR A","6139530","2019-06-20 02:00","2019","06","20","02:00","16.6","","15.3","","92","","0.0","","4","","11","","16.1","","98.10","","","","","","NA"
"-82.96","42.28","WINDSOR A","6139530","2019-06-20 03:00","2019","06","20","03:00","16.8","","15.7","","93","","0.0","","4","","11","","16.1","","98.00","","","","","","Rain"
"-82.96","42.28","WINDSOR A","6139530","2019-06-20 04:00","2019","06","20","04:00","17.1","","15.6","","91","","0.0","","1","","13","","16.1","","98.00","","","","","","NA"
"-82.96","42.28","WINDSOR A","6139530","2019-06-20 05:00","2019","06","20","05:00","16.7","","15.7","","94","","0.0","","4","","15","","12.9","","98.01","","","","","","NA"
"-82.96","42.28","WINDSOR A","6139530","2019-06-20 06:00","2019","06","20","06:00","16.2","","15.4","","95","","0.0","","3","","18","","14.5","","98.00","","","","","","NA"
"-82.96","42.28","WINDSOR A","6139530","2019-06-20 07:00","2019","06","20","07:00","16.5","","15.4","","93","","0.0","","5","","17","","12.9","","98.02","","","","","","NA"
"-82.96","42.28","WINDSOR A","6139530","2019-06-20 08:00","2019","06","20","08:00","16.5","","15.4","","93","","0.0","","4","","15","","11.3","","98.05","","","","","","NA"
"-82.96","42.28","WINDSOR A","6139530","2019-06-20 09:00","2019","06","20","09:00","16.3","","15.7","","96","","1.5","","3","","15","","4.8","","98.06","","","","","","Moderate Rain,Fog"
"-82.96","42.28","WINDSOR A","6139530","2019-06-20 10:00","2019","06","20","10:00","16.8","","16.3","","97","","3.0","","4","","15","","4.8","","98.02","","","","","","Rain,Fog"
"-82.96","42.28","WINDSOR A","6139530","2019-06-20 11:00","2019","06","20","11:00","16.8","","16.2","","96","","0.8","","4","","15","","4.0","","98.03","","","","","","Rain,Fog"
"-82.96","42.28","WINDSOR A","6139530","2019-06-20 12:00","2019","06","20","12:00","17.3","","16.6","","96","","1.0","","3","","21","","4.0","","98.01","","","","","","Rain,Fog"
"-82.96","42.28","WINDSOR A","6139530","2019-06-20 13:00","2019","06","20","13:00","17.3","","16.7","","96","","0.2","","3","","18","","4.8","","98.00","","","","","","Rain,Fog"
"-82.96","42.28","WINDSOR A","6139530","2019-06-20 14:00","2019","06","20","14:00","17.2","","16.1","","93","","0.5","","2","","13","","14.5","","98.01","","","","","","Rain"
"-82.96","42.28","WINDSOR A","6139530","2019-06-20 15:00","2019","06","20","15:00","17.2","","16.3","","94","","1.8","","3","","22","","3.2","","98.04","","","","","","Rain,Fog"
"-82.96","42.28","WINDSOR A","6139530","2019-06-20 16:00","2019","06","20","16:00","17.2","","16.4","","95","","2.5","","36","","22","","8.1","","98.09","","","","","","Rain,Fog"
"-82.96","42.28","WINDSOR A","6139530","2019-06-20 17:00","2019","06","20","17:00","17.1","","16.1","","94","","2.2","","1","","26","","16.1","","98.16","","","","","","Rain"
"-82.96","42.28","WINDSOR A","6139530","2019-06-20 18:00","2019","06","20","18:00","16.9","","15.6","","92","","0.2","","36","","22","","16.1","","98.24","","","","","","NA"
"-82.96","42.28","WINDSOR A","6139530","2019-06-20 19:00","2019","06","20","19:00","16.6","","15.1","","91","","0.0","","35","","22","","16.1","","98.32","","","","","","NA"
"-82.96","42.28","WINDSOR A","6139530","2019-06-20 20:00","2019","06","20","20:00","16.5","","14.8","","90","","0.0","","35","","18","","16.1","","98.42","","","","","","NA"
"-82.96","42.28","WINDSOR A","6139530","2019-06-20 21:00","2019","06","20","21:00","15.9","","14.1","","89","","0.0","","34","","18","","16.1","","98.53","","","","","","NA"
"-82.96","42.28","WINDSOR A","6139530","2019-06-20 22:00","2019","06","20","22:00","15.5","","12.7","","83","","0.0","","33","","13","","16.1","","98.64","","","","","","NA"
"-82.96","42.28","WINDSOR A","6139530","2019-06-20 23:00","2019","06","20","23:00","14.6","","11.4","","81","","0.0","","33","","15","","16.1","","98.71","","","","","","NA"
"-82.96","42.28","WINDSOR A","6139530","2019-06-21 00:00","2019","06","21","00:00","14.1","","10.9","","81","","0.0","","33","","9","","16.1","","98.77","","","","","","NA"
"-82.96","42.28","WINDSOR A","6139530","2019-06-21 01:00","2019","06","21","01:00","13.5","","10.3","","81","","0.0","","33","","9","","16.1","","98.79","","","","","","NA"
"-82.96","42.28","WINDSOR A","6139530","2019-06-21 02:00","2019","06","21","02:00","13.3","","10.0","","80","","0.0","","31","","9","","16.1","","98.80","","","","","","NA"
"-82.96","42.28","WINDSOR A","6139530","2019-06-21 03:00","2019","06","21","03:00","13.9","","10.1","","78","","0.0","","31","","17","","16.1","","98.84","","","","","","NA"
"-82.96","42.28","WINDSOR A","6139530","2019-06-21 04:00","2019","06","21","04:00","12.2","","10.5","","90","","0.0","","29","","13","","16.1","","98.92","","","","","","NA"
"-82.96","42.28","WINDSOR A","6139530","2019-06-21 05:00","2019","06","21","05:00","12.6","","10.5","","87","","0.0","","29","","11","","16.1","","98.99","","","","","","NA"
"-82.96","42.28","WINDSOR A","6139530","2019-06-21 06:00","2019","06","21","06:00","14.2","","11.6","","84","","0.0","","31","","9","","16.1","","99.08","","","","","","NA"
"-82.96","42.28","WINDSOR A","6139530","2019-06-21 07:00","2019","06","21","07:00","16.4","","12.0","","75","","0.0","","32","","13","","16.1","","99.14","","","","","","NA"
"-82.96","42.28","WINDSOR A","6139530","2019-06-21 08:00","2019","06","21","08:00","17.6","","11.4","","67","","0.0","","33","","17","","16.1","","99.24","","","","","","NA"
"-82.96","42.28","WINDSOR A","6139530","2019-06-21 09:00","2019","06","21","09:00","19.5","","12.0","","61","","0.0","","35","","9","","16.1","","99.26","","","","","","NA"
"-82.96","42.28","WINDSOR A","6139530","2019-06-21 10:00","2019","06","21","10:00","21.1","","12.1","","56","","0.0","","28","","13","","16.1","","99.27","","","","","","NA"
"-82.96","42.28","WINDSOR A","6139530","2019-06-21 11:00","2019","06","21","11:00","22.2","","11.5","","50","","0.0","","33","","13","","16.1","","99.29","","","","","","NA"
"-82.96","42.28","WINDSOR A","6139530","2019-06-21 12:00","2019","06","21","12:00","22.7","","10.1","","44","","0.0","","35","","13","","16.1","","99.30","","","","","","NA"
"-82.96","42.28","WINDSOR A","6139530","2019-06-21 13:00","2019","06","21","13:00","24.0","","9.5","","39","","0.0","","35","","18","","16.1","","99.34","","25","","","","NA"
"-82.96","42.28","WINDSOR A","6139530","2019-06-21 14:00","2019","06","21","14:00","23.1","","8.7","","39","","0.0","","34","","13","","16.1","","99.28","","","","","","NA"
"-82.96","42.28","WINDSOR A","6139530","2019-06-21 15:00","2019","06","21","15:00","23.5","","8.4","","38","","0.0","","8","","8","","16.1","","99.25","","","","","","NA"
"-82.96","42.28","WINDSOR A","6139530","2019-06-21 16:00","2019","06","21","16:00","23.1","","10.4","","44","","0.0","","8","","11","","16.1","","99.27","","25","","","","NA"
"-82.96","42.28","WINDSOR A","6139530","2019-06-21 17:00","2019","06","21","17:00","24.2","","9.7","","39","","0.0","","6","","11","","16.1","","99.30","","25","","","","NA"
"-82.96","42.28","WINDSOR A","6139530","2019-06-21 18:00","2019","06","21","18:00","20.6","","12.5","","59","","0.0","","6","","21","","16.1","","99.36","","","","","","NA"
"-82.96","42.28","WINDSOR A","6139530","2019-06-21 19:00","2019","06","21","19:00","20.0","","12.4","","61","","0.0","","7","","17","","16.1","","99.40","","","","","","NA"
"-82.96","42.28","WINDSOR A","6139530","2019-06-21 20:00","2019","06","21","20:00","17.7","","12.4","","71","","0.0","","7","","11","","16.1","","99.39","","","","","","NA"
"-82.96","42.28","WINDSOR A","6139530","2019-06-21 21:00","2019","06","21","21:00","15.6","","11.3","","75","","0.0","","6","","15","","16.1","","99.43","","","","","","NA"
"-82.96","42.28","WINDSOR A","6139530","2019-06-21 22:00","2019","06","21","22:00","15.3","","10.2","","71","","0.0","","5","","13","","16.1","","99.44","","","","","","NA"
"-82.96","42.28","WINDSOR A","6139530","2019-06-21 23:00","2019","06","21","23:00","15.5","","9.7","","68","","0.0","","3","","17","","16.1","","99.53","","","","","","NA"
"-82.96","42.28","WINDSOR A","6139530","2019-06-22 00:00","2019","06","22","00:00","15.0","","9.0","","67","","0.0","","3","","17","","16.1","","99.58","","","","","","NA"
"-82.96","42.28","WINDSOR A","6139530","2019-06-22 01:00","2019","06","22","01:00","13.8","","9.3","","74","","0.0","","4","","13","","16.1","","99.56","","","","","","NA"
"-82.96","42.28","WINDSOR A","6139530","2019-06-22 02:00","2019","06","22","02:00","13.0","","9.2","","77","","0.0","","3","","9","","16.1","","99.59","","","","","","NA"
"-82.96","42.28","WINDSOR A","6139530","2019-06-22 03:00","2019","06","22","03:00","12.3","","8.8","","79","","0.0","","6","","4","","16.1","","99.63","","","","","","NA"
"-82.96","42.28","WINDSOR A","6139530","2019-06-22 04:00","2019","06","22","04:00","11.4","","9.0","","85","","0.0","","","","0","","16.1","","99.63","","","","","","NA"
"-82.96","42.28","WINDSOR A","6139530","2019-06-22 05:00","2019","06","22","05:00","11.6","","9.5","","87","","0.0","","4","","9","","16.1","","99.64","","","","","","NA"
"-82.96","42.28","WINDSOR A","6139530","2019-06-22 06:00","2019","06","22","06:00","13.8","","10.5","","81","","0.0","","3","","9","","16.1","","99.73","","","","","","NA"
"-82.96","42.28","WINDSOR A","6139530","2019-06-22 07:00","2019","06","22","07:00","15.9","","10.3","","69","","0.0","","5","","11","","16.1","","99.78","","","","","","NA"
"-82.96","42.28","WINDSOR A","6139530","2019-06-22 08:00","2019","06","22","08:00","17.8","","10.0","","60","","0.0","","3","","13","","16.1","","99.81","","","","","","NA"
"-82.96","42.28","WINDSOR A","6139530","2019-06-22 09:00","2019","06","22","09:00","19.3","","10.0","","55","","0.0","","3","","13","","16.1","","99.82","","","","","","NA"
"-82.96","42.28","WINDSOR A","6139530","2019-06-22 10:00","2019","06","22","10:00","20.5","","10.2","","51","","0.0","","8","","13","","16.1","","99.81","","","","","","NA"
"-82.96","42.28","WINDSOR A","6139530","2019-06-22 11:00","2019","06","22","11:00","21.4","","10.2","","48","","0.0","","4","","13","","16.1","","99.84","","","","","","NA"
"-82.96","42.28","WINDSOR A","6139530","2019-06-22 12:00","2019","06","22","12:00","22.2","","9.6","","44","","0.0","","10","","13","","16.1","","99.86","","","","","","NA"
"-82.96","42.28","WINDSOR A","6139530","2019-06-22 13:00","2019","06","22","13:00","23.1","","9.7","","42","","0.0","","6","","13","","16.1","","99.82","","","","","","NA"
"-82.96","42.28","WINDSOR A","6139530","2019-06-22 14:00","2019","06","22","14:00","23.8","","10.1","","42","","0.0","","5","","17","","16.1","","99.80","","25","","","","NA"
"-82.96","42.28","WINDSOR A","6139530","2019-06-22 15:00","2019","06","22","15:00","23.9","","9.3","","39","","0.0","","2","","17","","16.1","","99.79","","25","","","","NA"
"-82.96","42.28","WINDSOR A","6139530","2019-06-22 16:00","2019","06","22","16:00","24.4","","8.9","","37","","0.0","","3","","17","","16.1","","99.75","","25","","","","NA"
"-82.96","42.28","WINDSOR A","6139530","2019-06-22 17:00","2019","06","22","17:00","23.8","","9.6","","40","","0.0","","7","","11","","16.1","","99.73","","25","","","","NA"
"-82.96","42.28","WINDSOR A","6139530","2019-06-22 18:00","2019","06","22","18:00","23.6","","9.9","","41","","0.0","","11","","11","","16.1","","99.74","","25","","","","NA"
"-82.96","42.28","WINDSOR A","6139530","2019-06-22 19:00","2019","06","22","19:00","22.0","","10.2","","47","","0.0","","8","","11","","16.1","","99.69","","","","","","NA"
"-82.96","42.28","WINDSOR A","6139530","2019-06-22 20:00","2019","06","22","20:00","19.5","","12.7","","64","","0.0","","12","","5","","16.1","","99.64","","","","","","NA"
"-82.96","42.28","WINDSOR A","6139530","2019-06-22 21:00","2019","06","22","21:00","18.8","","11.2","","61","","0.0","","10","","8","","16.1","","99.65","","","","","","NA"
"-82.96","42.28","WINDSOR A","6139530","2019-06-22 22:00","2019","06","22","22:00","15.9","","10.9","","72","","0.0","","6","","11","","16.1","","99.70","","","","","","NA"
"-82.96","42.28","WINDSOR A","6139530","2019-06-22 23:00","2019","06","22","23:00","16.9","","10.4","","65","","0.0","","","M","4","","16.1","","99.78","","","","","","NA"
"-82.96","42.28","WINDSOR A","6139530","2019-06-23 00:00","2019","06","23","00:00","14.6","","10.3","","75","","0.0","","36","","9","","16.1","","99.80","","","","","","NA"
"-82.96","42.28","WINDSOR A","6139530","2019-06-23 01:00","2019","06","23","01:00","14.9","","9.5","","70","","0.0","","33","","5","","16.1","","99.79","","","","","","NA"
"-82.96","42.28","WINDSOR A","6139530","2019-06-23 02:00","2019","06","23","02:00","11.8","","10.2","","90","","0.0","","7","","4","","16.1","","99.76","","","","","","NA"
"-82.96","42.28","WINDSOR A","6139530","2019-06-23 03:00","2019","06","23","03:00","12.8","","10.0","","83","","0.0","","1","","4","","16.1","","99.75","","","","","","NA"
"-82.96","42.28","WINDSOR A","6139530","2019-06-23 04:00","2019","06","23","04:00","12.4","","10.1","","86","","0.0","","","M","4","","16.1","","99.79","","","","","","NA"
"-82.96","42.28","WINDSOR A","6139530","2019-06-23 05:00","2019","06","23","05:00","11.9","","9.8","","87","","0.0","","1","","4","","16.1","","99.77","","","","","","NA"
"-82.96","42.28","WINDSOR A","6139530","2019-06-23 06:00","2019","06","23","06:00","13.3","","11.6","","89","","0.0","","4","","8","","16.1","","99.72","","","","","","NA"
"-82.96","42.28","WINDSOR A","6139530","2019-06-23 07:00","2019","06","23","07:00","17.0","","13.2","","78","","0.0","","6","","9","","16.1","","99.70","","","","","","NA"
"-82.96","42.28","WINDSOR A","6139530","2019-06-23 08:00","2019","06","23","08:00","19.1","","13.0","","67","","0.0","","11","","11","","16.1","","99.66","","","","","","NA"
"-82.96","42.28","WINDSOR A","6139530","2019-06-23 09:00","2019","06","23","09:00","21.0","","11.8","","55","","0.0","","11","","13","","16.1","","99.62","","","","","","NA"
"-82.96","42.28","WINDSOR A","6139530","2019-06-23 10:00","2019","06","23","10:00","23.0","","12.4","","51","","0.0","","14","","15","","16.1","","99.53","","25","","","","NA"
"-82.96","42.28","WINDSOR A","6139530","2019-06-23 11:00","2019","06","23","11:00","23.4","","10.7","","44","","0.0","","16","","17","","16.1","","99.53","","25","","","","NA"
"-82.96","42.28","WINDSOR A","6139530","2019-06-23 12:00","2019","06","23","12:00","24.0","","10.6","","42","","0.0","","16","","13","","16.1","","99.42","","26","","","","NA"
"-82.96","42.28","WINDSOR A","6139530","2019-06-23 13:00","2019","06","23","13:00","24.6","","9.9","","39","","0.0","","13","","11","","16.1","","99.38","","26","","","","NA"
"-82.96","42.28","WINDSOR A","6139530","2019-06-23 14:00","2019","06","23","14:00","24.3","","11.2","","43","","0.0","","19","","17","","16.1","","99.31","","26","","","","NA"
"-82.96","42.28","WINDSOR A","6139530","2019-06-23 15:00","2019","06","23","15:00","24.6","","7.8","","34","","0.0","","11","","13","","16.1","","99.25","","25","","","","NA"
"-82.96","42.28","WINDSOR A","6139530","2019-06-23 16:00","2019","06","23","16:00","25.7","","8.5","","33","","0.0","","15","","15","","16.1","","99.15","","26","","","","NA"
"-82.96","42.28","WINDSOR A","6139530","2019-06-23 17:00","2019","06","23","17:00","25.4","","12.1","","43","","0.0","","15","","9","","16.1","","99.10","","28","","","","NA"
"-82.96","42.28","WINDSOR A","6139530","2019-06-23 18:00","2019","06","23","18:00","25.5","","12.2","","43","","0.0","","15","","15","","16.1","","99.05","","28","","","","NA"
"-82.96","42.28","WINDSOR A","6139530","2019-06-23 19:00","2019","06","23","19:00","23.8","","13.5","","52","","0.0","","11","","13","","16.1","","98.98","","27","","","","NA"
"-82.96","42.28","WINDSOR A","6139530","2019-06-23 20:00","2019","06","23","20:00","21.3","","13.1","","59","","0.0","","13","","18","","16.1","","98.94","","","","","","NA"
"-82.96","42.28","WINDSOR A","6139530","2019-06-23 21:00","2019","06","23","21:00","19.4","","11.7","","61","","0.0","","11","","15","","16.1","","98.89","","","","","","NA"
"-82.96","42.28","WINDSOR A","6139530","2019-06-23 22:00","2019","06","23","22:00","19.3","","12.9","","66","","0.0","","12","","17","","16.1","","98.83","","","","","","NA"
"-82.96","42.28","WINDSOR A","6139530","2019-06-23 23:00","2019","06","23","23:00","19.4","","13.2","","67","","0.0","","12","","15","","16.1","","98.82","","","","","","NA"
"-82.96","42.28","WINDSOR A","6139530","2019-06-24 00:00","2019","06","24","00:00","19.2","","13.6","","70","","0.0","","12","","8","","16.1","","98.77","","","","","","NA"
"-82.96","42.28","WINDSOR A","6139530","2019-06-24 01:00","2019","06","24","01:00","18.9","","14.8","","77","","0.0","","13","","9","","16.1","","98.67","","","","","","Rain"
"-82.96","42.28","WINDSOR A","6139530","2019-06-24 02:00","2019","06","24","02:00","18.7","","15.6","","82","","0.0","","10","","5","","16.1","","98.60","","","","","","NA"
"-82.96","42.28","WINDSOR A","6139530","2019-06-24 03:00","2019","06","24","03:00","18.3","","16.7","","90","","0.0","","7","","4","","16.1","","98.54","","","","","","NA"
"-82.96","42.28","WINDSOR A","6139530","2019-06-24 04:00","2019","06","24","04:00","18.7","","16.7","","88","","0.0","","14","","11","","16.1","","98.44","","","","","","NA"
"-82.96","42.28","WINDSOR A","6139530","2019-06-24 05:00","2019","06","24","05:00","20.3","","17.6","","84","","0.0","","15","","13","","16.1","","98.45","","26","","","","NA"
"-82.96","42.28","WINDSOR A","6139530","2019-06-24 06:00","2019","06","24","06:00","20.6","","18.1","","85","","0.0","","17","","9","","16.1","","98.43","","27","","","","NA"
"-82.96","42.28","WINDSOR A","6139530","2019-06-24 07:00","2019","06","24","07:00","21.9","","19.0","","83","","0.0","","20","","13","","16.1","","98.43","","29","","","","NA"
"-82.96","42.28","WINDSOR A","6139530","2019-06-24 08:00","2019","06","24","08:00","22.5","","19.5","","83","","0.0","","20","","17","","16.1","","98.43","","30","","","","NA"
"-82.96","42.28","WINDSOR A","6139530","2019-06-24 09:00","2019","06","24","09:00","23.2","","19.8","","81","","0.0","","","M","","M","","M","98.41","","31","","","","NA"
"-82.96","42.28","WINDSOR A","6139530","2019-06-24 10:00","2019","06","24","10:00","24.0","","20.2","","79","","0.0","","20","","21","","16.1","","98.39","","32","","","","NA"
"-82.96","42.28","WINDSOR A","6139530","2019-06-24 11:00","2019","06","24","11:00","23.5","","20.0","","80","","0.0","","21","","26","","16.1","","98.39","","31","","","","NA"
"-82.96","42.28","WINDSOR A","6139530","2019-06-24 12:00","2019","06","24","12:00","24.0","","20.1","","79","","0.0","","19","","22","","16.1","","98.37","","32","","","","NA"
"-82.96","42.28","WINDSOR A","6139530","2019-06-24 13:00","2019","06","24","13:00","26.7","","20.5","","69","","0.0","","21","","26","","16.1","","98.30","","35","","","","NA"
"-82.96","42.28","WINDSOR A","6139530","2019-06-24 14:00","2019","06","24","14:00","26.9","","20.0","","65","","0.0","","23","","24","","16.1","","98.27","","34","","","","NA"
"-82.96","42.28","WINDSOR A","6139530","2019-06-24 15:00","2019","06","24","15:00","26.4","","19.4","","65","","0.0","","21","","30","","16.1","","98.25","","33","","","","NA"
"-82.96","42.28","WINDSOR A","6139530","2019-06-24 16:00","2019","06","24","16:00","25.5","","19.2","","68","","0.0","","21","","22","","16.1","","98.18","","32","","","","NA"
"-82.96","42.28","WINDSOR A","6139530","2019-06-24 17:00","2019","06","24","17:00","25.1","","18.7","","67","","0.0","","21","","21","","16.1","","98.11","","32","","","","NA"
"-82.96","42.28","WINDSOR A","6139530","2019-06-24 18:00","2019","06","24","18:00","24.9","","18.9","","69","","0.0","","21","","21","","16.1","","98.11","","32","","","","NA"
"-82.96","42.28","WINDSOR A","6139530","2019-06-24 19:00","2019","06","24","19:00","24.2","","18.5","","70","","0.0","","21","","22","","16.1","","98.15","","31","","","","NA"
"-82.96","42.28","WINDSOR A","6139530","2019-06-24 20:00","2019","06","24","20:00","23.5","","18.5","","73","","0.0","","23","","21","","16.1","","98.24","","30","","","","NA"
"-82.96","42.28","WINDSOR A","6139530","2019-06-24 21:00","2019","06","24","21:00","20.1","","17.5","","85","","0.0","","25","","8","","16.1","","98.29","","26","","","","NA"
"-82.96","42.28","WINDSOR A","6139530","2019-06-24 22:00","2019","06","24","22:00","19.0","","17.5","","91","","0.0","","20","","8","","16.1","","98.29","","","","","","NA"
"-82.96","42.28","WINDSOR A","6139530","2019-06-24 23:00","2019","06","24","23:00","19.6","","17.5","","88","","0.0","","20","","11","","16.1","","98.28","","","","","","NA"
"-82.96","42.28","WINDSOR A","6139530","2019-06-25 00:00","2019","06","25","00:00","19.9","","18.1","","89","","0.0","","22","","17","","16.1","","98.29","","","","","","NA"
"-82.96","42.28","WINDSOR A","6139530","2019-06-25 01:00","2019","06","25","01:00","20.0","","18.0","","88","","0.0","","23","","18","","16.1","","98.31","","26","","","","NA"
"-82.96","42.28","WINDSOR A","6139530","2019-06-25 02:00","2019","06","25","02:00","19.4","","16.7","","84","","0.0","","23","","18","","16.1","","98.37","","","","","","NA"
"-82.96","42.28","WINDSOR A","6139530","2019-06-25 03:00","2019","06","25","03:00","18.8","","16.1","","84","","0.0","","25","","22","","16.1","","98.45","","","","","","NA"
"-82.96","42.28","WINDSOR A","6139530","2019-06-25 04:00","2019","06","25","04:00","18.1","","15.9","","87","","0.0","","24","","15","","16.1","","98.51","","","","","","NA"
"-82.96","42.28","WINDSOR A","6139530","2019-06-25 05:00","2019","06","25","05:00","17.7","","15.9","","89","","0.0","","23","","17","","16.1","","98.58","","","","","","NA"
"-82.96","42.28","WINDSOR A","6139530","2019-06-25 06:00","2019","06","25","06:00","18.6","","15.9","","84","","0.0","","24","","22","","16.1","","98.63","","","","","","NA"
"-82.96","42.28","WINDSOR A","6139530","2019-06-25 07:00","2019","06","25","07:00","19.7","","15.4","","76","","0.0","","25","","30","","16.1","","98.70","","","","","","NA"
"-82.96","42.28","WINDSOR A","6139530","2019-06-25 08:00","2019","06","25","08:00","20.6","","16.0","","75","","0.0","","27","","26","","16.1","","98.75","","25","","","","NA"
"-82.96","42.28","WINDSOR A","6139530","2019-06-25 09:00","2019","06","25","09:00","22.2","","15.0","","63","","0.0","","26","","34","","16.1","","98.82","","26","","","","NA"
"-82.96","42.28","WINDSOR A","6139530","2019-06-25 10:00","2019","06","25","10:00","23.7","","14.2","","55","","0.0","","28","","39","","16.1","","98.86","","27","","","","NA"
"-82.96","42.28","WINDSOR A","6139530","2019-06-25 11:00","2019","06","25","11:00","24.7","","13.7","","50","","0.0","","27","","35","","16.1","","98.94","","28","","","","NA"
"-82.96","42.28","WINDSOR A","6139530","2019-06-25 12:00","2019","06","25","12:00","25.7","","13.2","","46","","0.0","","28","","43","","16.1","","98.99","","29","","","","NA"
"-82.96","42.28","WINDSOR A","6139530","2019-06-25 13:00","2019","06","25","13:00","26.6","","14.4","","47","","0.0","","27","","30","","16.1","","99.03","","30","","","","NA"
"-82.96","42.28","WINDSOR A","6139530","2019-06-25 14:00","2019","06","25","14:00","27.1","","14.3","","45","","0.0","","26","","24","","16.1","","99.01","","31","","","","NA"
"-82.96","42.28","WINDSOR A","6139530","2019-06-25 15:00","2019","06","25","15:00","28.0","","13.3","","40","","0.0","","25","","21","","16.1","","98.99","","31","","","","NA"
"-82.96","42.28","WINDSOR A","6139530","2019-06-25 16:00","2019","06","25","16:00","28.6","","14.1","","40","","0.0","","24","","28","","16.1","","98.97","","32","","","","NA"
"-82.96","42.28","WINDSOR A","6139530","2019-06-25 17:00","2019","06","25","17:00","28.3","","14.7","","43","","0.0","","24","","24","","16.1","","98.93","","32","","","","NA"
"-82.96","42.28","WINDSOR A","6139530","2019-06-25 18:00","2019","06","25","18:00","27.6","","15.2","","46","","0.0","","25","","26","","16.1","","98.94","","32","","","","NA"
"-82.96","42.28","WINDSOR A","6139530","2019-06-25 19:00","2019","06","25","19:00","26.9","","15.5","","49","","0.0","","25","","21","","16.1","","98.96","","31","","","","NA"
"-82.96","42.28","WINDSOR A","6139530","2019-06-25 20:00","2019","06","25","20:00","25.1","","16.1","","57","","0.0","","24","","15","","16.1","","98.98","","30","","","","NA"
"-82.96","42.28","WINDSOR A","6139530","2019-06-25 21:00","2019","06","25","21:00","23.9","","16.6","","63","","0.0","","22","","13","","16.1","","99.05","","29","","","","NA"
"-82.96","42.28","WINDSOR A","6139530","2019-06-25 22:00","2019","06","25","22:00","24.5","","16.2","","59","","0.0","","23","","18","","16.1","","99.07","","29","","","","NA"
"-82.96","42.28","WINDSOR A","6139530","2019-06-25 23:00","2019","06","25","23:00","24.0","","16.0","","61","","0.0","","23","","17","","16.1","","99.08","","29","","","","NA"
"-82.96","42.28","WINDSOR A","6139530","2019-06-26 00:00","2019","06","26","00:00","23.2","","16.0","","64","","0.0","","22","","17","","16.1","","99.11","","28","","","","NA"
"-82.96","42.28","WINDSOR A","6139530","2019-06-26 01:00","2019","06","26","01:00","22.4","","15.9","","66","","0.0","","22","","21","","16.1","","99.10","","27","","","","NA"
"-82.96","42.28","WINDSOR A","6139530","2019-06-26 02:00","2019","06","26","02:00","22.2","","15.9","","67","","0.0","","24","","17","","16.1","","99.12","","27","","","","NA"
"-82.96","42.28","WINDSOR A","6139530","2019-06-26 03:00","2019","06","26","03:00","21.4","","16.2","","72","","0.0","","24","","13","","16.1","","99.14","","26","","","","NA"
"-82.96","42.28","WINDSOR A","6139530","2019-06-26 04:00","2019","06","26","04:00","21.1","","16.2","","73","","0.0","","23","","17","","16.1","","99.18","","26","","","","NA"
"-82.96","42.28","WINDSOR A","6139530","2019-06-26 05:00","2019","06","26","05:00","20.0","","16.4","","79","","0.0","","22","","11","","16.1","","99.24","","25","","","","NA"
"-82.96","42.28","WINDSOR A","6139530","2019-06-26 06:00","2019","06","26","06:00","20.6","","16.8","","79","","0.0","","24","","11","","16.1","","99.30","","26","","","","NA"
"-82.96","42.28","WINDSOR A","6139530","2019-06-26 07:00","2019","06","26","07:00","22.1","","17.4","","74","","0.0","","24","","13","","16.1","","99.38","","28","","","","NA"
"-82.96","42.28","WINDSOR A","6139530","2019-06-26 08:00","2019","06","26","08:00","23.6","","17.7","","69","","0.0","","23","","15","","16.1","","99.44","","29","","","","NA"
"-82.96","42.28","WINDSOR A","6139530","2019-06-26 09:00","2019","06","26","09:00","24.8","","17.9","","65","","0.0","","22","","15","","16.1","","99.45","","31","","","","NA"
"-82.96","42.28","WINDSOR A","6139530","2019-06-26 10:00","2019","06","26","10:00","26.1","","17.2","","58","","0.0","","23","","15","","16.1","","99.47","","32","","","","NA"
"-82.96","42.28","WINDSOR A","6139530","2019-06-26 11:00","2019","06","26","11:00","26.7","","17.1","","55","","0.0","","26","","8","","16.1","","99.51","","32","","","","NA"
"-82.96","42.28","WINDSOR A","6139530","2019-06-26 12:00","2019","06","26","12:00","28.7","","14.7","","42","","0.0","","28","","24","","16.1","","99.54","","32","","","","NA"
"-82.96","42.28","WINDSOR A","6139530","2019-06-26 13:00","2019","06","26","13:00","28.3","","13.2","","39","","0.0","","29","","21","","16.1","","99.51","","31","","","","NA"
"-82.96","42.28","WINDSOR A","6139530","2019-06-26 14:00","2019","06","26","14:00","30.0","","15.0","","39","","0.0","","27","","26","","16.1","","99.53","","34","","","","NA"
"-82.96","42.28","WINDSOR A","6139530","2019-06-26 15:00","2019","06","26","15:00","30.0","","14.6","","39","","0.0","","25","","22","","16.1","","99.51","","34","","","","NA"
"-82.96","42.28","WINDSOR A","6139530","2019-06-26 16:00","2019","06","26","16:00","30.1","","13.7","","36","","0.0","","25","","26","","16.1","","99.48","","33","","","","NA"
"-82.96","42.28","WINDSOR A","6139530","2019-06-26 17:00","2019","06","26","17:00","29.8","","14.3","","38","","0.0","","27","","18","","16.1","","99.47","","33","","","","NA"
"-82.96","42.28","WINDSOR A","6139530","2019-06-26 18:00","2019","06","26","18:00","29.3","","14.5","","40","","0.0","","25","","22","","16.1","","99.49","","33","","","","NA"
"-82.96","42.28","WINDSOR A","6139530","2019-06-26 19:00","2019","06","26","19:00","28.1","","14.9","","44","","0.0","","24","","13","","16.1","","99.52","","32","","","","NA"
"-82.96","42.28","WINDSOR A","6139530","2019-06-26 20:00","2019","06","26","20:00","25.2","","15.1","","53","","0.0","","27","","13","","16.1","","99.54","","29","","","","NA"
"-82.96","42.28","WINDSOR A","6139530","2019-06-26 21:00","2019","06","26","21:00","23.6","","15.2","","59","","0.0","","26","","5","","16.1","","99.61","","28","","","","NA"
"-82.96","42.28","WINDSOR A","6139530","2019-06-26 22:00","2019","06","26","22:00","22.6","","15.1","","62","","0.0","","28","","8","","16.1","","99.70","","27","","","","NA"
"-82.96","42.28","WINDSOR A","6139530","2019-06-26 23:00","2019","06","26","23:00","24.6","","14.3","","52","","0.0","","32","","9","","16.1","","99.73","","28","","","","NA"
"-82.96","42.28","WINDSOR A","6139530","2019-06-27 00:00","2019","06","27","00:00","23.2","","14.6","","58","","0.0","","33","","9","","16.1","","99.77","","27","","","","NA"
"-82.96","42.28","WINDSOR A","6139530","2019-06-27 01:00","2019","06","27","01:00","21.1","","14.7","","67","","0.0","","35","","8","","16.1","","99.78","","25","","","","NA"
"-82.96","42.28","WINDSOR A","6139530","2019-06-27 02:00","2019","06","27","02:00","20.0","","14.8","","72","","0.0","","8","","5","","16.1","","99.79","","","","","","NA"
"-82.96","42.28","WINDSOR A","6139530","2019-06-27 03:00","2019","06","27","03:00","19.8","","15.4","","75","","0.0","","36","","4","","16.1","","99.81","","","","","","NA"
"-82.96","42.28","WINDSOR A","6139530","2019-06-27 04:00","2019","06","27","04:00","18.8","","16.7","","87","","0.0","","21","","5","","16.1","","99.90","","","","","","NA"
"-82.96","42.28","WINDSOR A","6139530","2019-06-27 05:00","2019","06","27","05:00","20.1","","15.6","","75","","0.0","","26","","21","","16.1","","99.99","","","","","","NA"
"-82.96","42.28","WINDSOR A","6139530","2019-06-27 06:00","2019","06","27","06:00","19.8","","16.7","","82","","0.0","","","M","4","","16.1","","100.01","","","","","","NA"
"-82.96","42.28","WINDSOR A","6139530","2019-06-27 07:00","2019","06","27","07:00","20.9","","17.0","","78","","0.0","","11","","5","","16.1","","99.92","","26","","","","NA"
"-82.96","42.28","WINDSOR A","6139530","2019-06-27 08:00","2019","06","27","08:00","23.1","","16.5","","66","","0.0","","18","","9","","16.1","","99.96","","28","","","","NA"
"-82.96","42.28","WINDSOR A","6139530","2019-06-27 09:00","2019","06","27","09:00","25.5","","14.9","","51","","0.0","","","M","","M","","M","99.96","","29","","","","NA"
"-82.96","42.28","WINDSOR A","6139530","2019-06-27 10:00","2019","06","27","10:00","26.4","","14.7","","48","","0.0","","","M","","M","","M","100.02","","30","","","","NA"
"-82.96","42.28","WINDSOR A","6139530","2019-06-27 11:00","2019","06","27","11:00","27.1","","14.2","","45","","0.0","","3","","8","","16.1","","100.02","","31","","","","NA"
"-82.96","42.28","WINDSOR A","6139530","2019-06-27 12:00","2019","06","27","12:00","27.5","","15.1","","46","","0.0","","11","","5","","16.1","","100.00","","32","","","","NA"
"-82.96","42.28","WINDSOR A","6139530","2019-06-27 13:00","2019","06","27","13:00","28.8","","14.3","","41","","0.0","","","","0","","16.1","","99.92","","32","","","","NA"
"-82.96","42.28","WINDSOR A","6139530","2019-06-27 14:00","2019","06","27","14:00","29.3","","15.5","","43","","0.0","","26","","9","","16.1","","99.94","","34","","","","NA"
"-82.96","42.28","WINDSOR A","6139530","2019-06-27 15:00","2019","06","27","15:00","29.9","","14.5","","39","","0.0","","","M","9","","16.1","","99.88","","34","","","","NA"
"-82.96","42.28","WINDSOR A","6139530","2019-06-27 16:00","2019","06","27","16:00","30.3","","14.1","","37","","0.0","","","M","8","","16.1","","99.84","","34","","","","NA"
"-82.96","42.28","WINDSOR A","6139530","2019-06-27 17:00","2019","06","27","17:00","30.5","","14.8","","38","","0.0","","","M","8","","16.1","","99.77","","34","","","","NA"
"-82.96","42.28","WINDSOR A","6139530","2019-06-27 18:00","2019","06","27","18:00","30.0","","14.3","","38","","0.0","","23","","8","","16.1","","99.80","","34","","","","NA"
"-82.96","42.28","WINDSOR A","6139530","2019-06-27 19:00","2019","06","27","19:00","28.7","","15.6","","44","","0.0","","24","","9","","16.1","","99.82","","33","","","","NA"
"-82.96","42.28","WINDSOR A","6139530","2019-06-27 20:00","2019","06","27","20:00","26.6","","16.9","","55","","0.0","","21","","5","","16.1","","99.87","","32","","","","NA"
"-82.96","42.28","WINDSOR A","6139530","2019-06-27 21:00","2019","06","27","21:00","24.8","","17.1","","62","","0.0","","20","","11","","16.1","","99.89","","30","","","","NA"
"-82.96","42.28","WINDSOR A","6139530","2019-06-27 22:00","2019","06","27","22:00","23.0","","18.3","","75","","0.0","","18","","9","","16.1","","99.96","","29","","","","NA"
"-82.96","42.28","WINDSOR A","6139530","2019-06-27 23:00","2019","06","27","23:00","21.6","","17.9","","79","","0.0","","23","","5","","16.1","","99.96","","28","","","","NA"
"-82.96","42.28","WINDSOR A","6139530","2019-06-28 00:00","2019","06","28","00:00","20.8","","18.2","","85","","0.0","","20","","5","","16.1","","99.96","","27","","","","NA"
"-82.96","42.28","WINDSOR A","6139530","2019-06-28 01:00","2019","06","28","01:00","20.3","","17.9","","86","","0.0","","","","0","","16.1","","99.89","","26","","","","NA"
"-82.96","42.28","WINDSOR A","6139530","2019-06-28 02:00","2019","06","28","02:00","19.6","","17.4","","87","","0.0","","15","","5","","16.1","","99.80","","","","","","NA"
"-82.96","42.28","WINDSOR A","6139530","2019-06-28 03:00","2019","06","28","03:00","19.3","","17.1","","87","","0.0","","17","","8","","16.1","","99.76","","","","","","NA"
"-82.96","42.28","WINDSOR A","6139530","2019-06-28 04:00","2019","06","28","04:00","19.8","","17.1","","84","","0.0","","21","","8","","16.1","","99.81","","","","","","NA"
"-82.96","42.28","WINDSOR A","6139530","2019-06-28 05:00","2019","06","28","05:00","18.8","","16.8","","88","","0.0","","","M","4","","16.1","","99.87","","","","","","NA"
"-82.96","42.28","WINDSOR A","6139530","2019-06-28 06:00","2019","06","28","06:00","19.7","","18.2","","91","","0.0","","","","0","","16.1","","99.90","","","","","","NA"
"-82.96","42.28","WINDSOR A","6139530","2019-06-28 07:00","2019","06","28","07:00","23.1","","20.1","","83","","0.0","","","","0","","16.1","","99.94","","31","","","","NA"
"-82.96","42.28","WINDSOR A","6139530","2019-06-28 08:00","2019","06","28","08:00","25.9","","19.4","","67","","0.0","","25","","11","","16.1","","99.97","","33","","","","NA"
"-82.96","42.28","WINDSOR A","6139530","2019-06-28 09:00","2019","06","28","09:00","27.7","","19.3","","60","","0.0","","25","","9","","16.1","","99.91","","35","","","","NA"
"-82.96","42.28","WINDSOR A","6139530","2019-06-28 10:00","2019","06","28","10:00","29.5","","20.0","","56","","0.0","","24","","21","","16.1","","99.92","","37","","","","NA"
"-82.96","42.28","WINDSOR A","6139530","2019-06-28 11:00","2019","06","28","11:00","29.9","","20.2","","55","","0.0","","31","","21","","12.9","","99.89","","38","","","","NA"
"-82.96","42.28","WINDSOR A","6139530","2019-06-28 12:00","2019","06","28","12:00","30.8","","20.3","","53","","0.0","","24","","15","","16.1","","99.84","","39","","","","NA"
"-82.96","42.28","WINDSOR A","6139530","2019-06-28 13:00","2019","06","28","13:00","28.2","","21.2","","65","","0.0","","5","","22","","16.1","","99.81","","37","","","","Thunderstorms"
"-82.96","42.28","WINDSOR A","6139530","2019-06-28 14:00","2019","06","28","14:00","29.4","","21.7","","63","","0.0","","10","","9","","16.1","","99.75","","38","","","","NA"
"-82.96","42.28","WINDSOR A","6139530","2019-06-28 15:00","2019","06","28","15:00","29.7","","21.0","","59","","0.0","","9","","11","","16.1","","99.69","","38","","","","NA"
"-82.96","42.28","WINDSOR A","6139530","2019-06-28 16:00","2019","06","28","16:00","24.0","","21.3","","85","","0.0","","2","","18","","16.1","","99.70","","33","","","","Thunderstorms,Rain"
"-82.96","42.28","WINDSOR A","6139530","2019-06-28 17:00","2019","06","28","17:00","26.3","","21.6","","75","","0.0","","6","","9","","16.1","","99.65","","35","","","","NA"
"-82.96","42.28","WINDSOR A","6139530","2019-06-28 18:00","2019","06","28","18:00","27.8","","20.3","","63","","0.0","","7","","11","","16.1","","99.58","","36","","","","NA"
"-82.96","42.28","WINDSOR A","6139530","2019-06-28 19:00","2019","06","28","19:00","28.4","","19.9","","60","","0.0","","17","","9","","16.1","","99.57","","36","","","","NA"
"-82.96","42.28","WINDSOR A","6139530","2019-06-28 20:00","2019","06","28","20:00","26.5","","20.9","","71","","0.0","","18","","11","","16.1","","99.58","","35","","","","NA"
"-82.96","42.28","WINDSOR A","6139530","2019-06-28 21:00","2019","06","28","21:00","24.9","","19.6","","72","","0.0","","18","","11","","16.1","","99.66","","32","","","","NA"
"-82.96","42.28","WINDSOR A","6139530","2019-06-28 22:00","2019","06","28","22:00","23.4","","20.1","","81","","0.0","","19","","8","","16.1","","99.67","","31","","","","NA"
"-82.96","42.28","WINDSOR A","6139530","2019-06-28 23:00","2019","06","28","23:00","23.0","","20.4","","85","","0.0","","17","","4","","16.1","","99.65","","31","","","","NA"
"-82.96","42.28","WINDSOR A","6139530","2019-06-29 00:00","2019","06","29","00:00","22.1","","20.1","","88","","0.0","","35","","4","","16.1","","99.63","","30","","","","NA"
"-82.96","42.28","WINDSOR A","6139530","2019-06-29 01:00","2019","06","29","01:00","22.0","","20.3","","90","","0.0","","","","0","","16.1","","99.60","","30","","","","NA"
"-82.96","42.28","WINDSOR A","6139530","2019-06-29 02:00","2019","06","29","02:00","22.7","","20.7","","88","","0.0","","22","","5","","16.1","","99.57","","31","","","","NA"
"-82.96","42.28","WINDSOR A","6139530","2019-06-29 03:00","2019","06","29","03:00","23.0","","21.5","","91","","0.0","","27","","11","","16.1","","99.55","","32","","","","NA"
"-82.96","42.28","WINDSOR A","6139530","2019-06-29 04:00","2019","06","29","04:00","22.5","","21.3","","93","","0.0","","","","0","","16.1","","99.54","","31","","","","NA"
"-82.96","42.28","WINDSOR A","6139530","2019-06-29 05:00","2019","06","29","05:00","21.5","","20.9","","96","","0.0","","20","","5","","8.1","","99.53","","30","","","","Fog"
"-82.96","42.28","WINDSOR A","6139530","2019-06-29 06:00","2019","06","29","06:00","23.0","","21.3","","90","","0.0","","26","","13","","16.1","","99.56","","32","","","","NA"
"-82.96","42.28","WINDSOR A","6139530","2019-06-29 07:00","2019","06","29","07:00","24.9","","21.0","","79","","0.0","","26","","17","","16.1","","99.57","","33","","","","NA"
"-82.96","42.28","WINDSOR A","6139530","2019-06-29 08:00","2019","06","29","08:00","25.1","","21.1","","78","","0.0","","28","","17","","16.1","","99.62","","34","","","","NA"
"-82.96","42.28","WINDSOR A","6139530","2019-06-29 09:00","2019","06","29","09:00","26.5","","21.4","","73","","0.0","","29","","11","","16.1","","99.60","","35","","","","NA"
"-82.96","42.28","WINDSOR A","6139530","2019-06-29 10:00","2019","06","29","10:00","28.2","","21.3","","66","","0.0","","27","","15","","16.1","","99.57","","37","","","","NA"
"-82.96","42.28","WINDSOR A","6139530","2019-06-29 11:00","2019","06","29","11:00","28.8","","20.4","","60","","0.0","","28","","13","","16.1","","99.58","","37","","","","NA"
"-82.96","42.28","WINDSOR A","6139530","2019-06-29 12:00","2019","06","29","12:00","29.9","","20.6","","57","","0.0","","27","","18","","16.1","","99.53","","38","","","","NA"
"-82.96","42.28","WINDSOR A","6139530","2019-06-29 13:00","2019","06","29","13:00","29.8","","19.5","","53","","0.0","","31","","21","","16.1","","99.48","","37","","","","NA"
"-82.96","42.28","WINDSOR A","6139530","2019-06-29 14:00","2019","06","29","14:00","29.9","","19.8","","54","","0.0","","31","","15","","16.1","","99.44","","37","","","","NA"
"-82.96","42.28","WINDSOR A","6139530","2019-06-29 15:00","2019","06","29","15:00","31.3","","19.1","","48","","0.0","","31","","24","","16.1","","99.41","","38","","","","NA"
"-82.96","42.28","WINDSOR A","6139530","2019-06-29 16:00","2019","06","29","16:00","30.1","","18.1","","48","","0.0","","35","","17","","16.1","","99.35","","36","","","","NA"
"-82.96","42.28","WINDSOR A","6139530","2019-06-29 17:00","2019","06","29","17:00","30.6","","17.6","","45","","0.0","","34","","18","","16.1","","99.36","","36","","","","NA"
"-82.96","42.28","WINDSOR A","6139530","2019-06-29 18:00","2019","06","29","18:00","26.9","","20.5","","67","","0.0","","4","","18","","16.1","","99.38","","35","","","","NA"
"-82.96","42.28","WINDSOR A","6139530","2019-06-29 19:00","2019","06","29","19:00","27.0","","19.9","","65","","0.0","","5","","13","","16.1","","99.35","","34","","","","NA"
"-82.96","42.28","WINDSOR A","6139530","2019-06-29 20:00","2019","06","29","20:00","24.9","","19.3","","71","","0.0","","4","","8","","16.1","","99.36","","32","","","","NA"
"-82.96","42.28","WINDSOR A","6139530","2019-06-29 21:00","2019","06","29","21:00","23.1","","18.3","","74","","0.0","","7","","9","","16.1","","99.40","","29","","","","NA"
"-82.96","42.28","WINDSOR A","6139530","2019-06-29 22:00","2019","06","29","22:00","23.1","","19.5","","80","","0.0","","","","0","","16.1","","99.42","","30","","","","NA"
"-82.96","42.28","WINDSOR A","6139530","2019-06-29 23:00","2019","06","29","23:00","22.7","","19.7","","83","","0.0","","22","","4","","16.1","","99.41","","30","","","","NA"
"-82.96","42.28","WINDSOR A","6139530","2019-06-30 00:00","2019","06","30","00:00","21.3","","19.6","","90","","0.0","","","","0","","16.1","","99.39","","29","","","","NA"
"-82.96","42.28","WINDSOR A","6139530","2019-06-30 01:00","2019","06","30","01:00","21.2","","18.8","","86","","0.0","","25","","8","","16.1","","99.39","","28","","","","NA"
"-82.96","42.28","WINDSOR A","6139530","2019-06-30 02:00","2019","06","30","02:00","20.6","","18.3","","87","","0.0","","27","","9","","16.1","","99.38","","27","","","","NA"
"-82.96","42.28","WINDSOR A","6139530","2019-06-30 03:00","2019","06","30","03:00","22.0","","18.6","","81","","0.0","","28","","8","","16.1","","99.40","","28","","","","NA"
"-82.96","42.28","WINDSOR A","6139530","2019-06-30 04:00","2019","06","30","04:00","21.5","","16.2","","72","","0.0","","33","","11","","16.1","","99.36","","26","","","","NA"
"-82.96","42.28","WINDSOR A","6139530","2019-06-30 05:00","2019","06","30","05:00","20.3","","15.4","","73","","0.0","","36","","11","","16.1","","99.39","","25","","","","NA"
"-82.96","42.28","WINDSOR A","6139530","2019-06-30 06:00","2019","06","30","06:00","21.0","","15.8","","72","","0.0","","1","","8","","16.1","","99.43","","25","","","","NA"
"-82.96","42.28","WINDSOR A","6139530","2019-06-30 07:00","2019","06","30","07:00","21.9","","15.8","","68","","0.0","","1","","11","","16.1","","99.47","","26","","","","NA"
"-82.96","42.28","WINDSOR A","6139530","2019-06-30 08:00","2019","06","30","08:00","22.5","","15.5","","64","","0.0","","3","","13","","16.1","","99.47","","27","","","","NA"
"-82.96","42.28","WINDSOR A","6139530","2019-06-30 09:00","2019","06","30","09:00","23.6","","16.0","","62","","0.0","","5","","11","","16.1","","99.50","","28","","","","NA"
"-82.96","42.28","WINDSOR A","6139530","2019-06-30 10:00","2019","06","30","10:00","23.8","","12.9","","50","","0.0","","4","","13","","16.1","","99.53","","27","","","","NA"
"-82.96","42.28","WINDSOR A","6139530","2019-06-30 11:00","2019","06","30","11:00","24.4","","13.6","","51","","0.0","","7","","9","","16.1","","99.53","","28","","","","NA"
"-82.96","42.28","WINDSOR A","6139530","2019-06-30 12:00","2019","06","30","12:00","25.1","","15.0","","53","","0.0","","6","","17","","16.1","","99.50","","29","","","","NA"
"-82.96","42.28","WINDSOR A","6139530","2019-06-30 13:00","2019","06","30","13:00","25.8","","14.5","","49","","0.0","","6","","15","","16.1","","99.49","","29","","","","NA"
"-82.96","42.28","WINDSOR A","6139530","2019-06-30 14:00","2019","06","30","14:00","25.9","","14.9","","50","","0.0","","8","","15","","16.1","","99.45","","30","","","","NA"
"-82.96","42.28","WINDSOR A","6139530","2019-06-30 15:00","2019","06","30","15:00","26.3","","15.3","","50","","0.0","","6","","17","","16.1","","99.42","","30","","","","NA"
"-82.96","42.28","WINDSOR A","6139530","2019-06-30 16:00","2019","06","30","16:00","26.7","","14.6","","47","","0.0","","9","","17","","16.1","","99.38","","30","","","","NA"
"-82.96","42.28","WINDSOR A","6139530","2019-06-30 17:00","2019","06","30","17:00","26.3","","14.5","","48","","0.0","","8","","8","","16.1","","99.34","","30","","","","NA"
"-82.96","42.28","WINDSOR A","6139530","2019-06-30 18:00","2019","06","30","18:00","26.1","","15.3","","51","","0.0","","6","","11","","16.1","","99.30","","30","","","","NA"
"-82.96","42.28","WINDSOR A","6139530","2019-06-30 19:00","2019","06","30","19:00","24.3","","16.1","","60","","0.0","","7","","17","","16.1","","99.24","","29","","","","NA"
"-82.96","42.28","WINDSOR A","6139530","2019-06-30 20:00","2019","06","30","20:00","22.1","","15.1","","64","","0.0","","8","","15","","16.1","","99.28","","26","","","","NA"
"-82.96","42.28","WINDSOR A","6139530","2019-06-30 21:00","2019","06","30","21:00","20.5","","15.1","","71","","0.0","","4","","11","","16.1","","99.44","","25","","","","NA"
"-82.96","42.28","WINDSOR A","6139530","2019-06-30 22:00","2019","06","30","22:00","19.3","","16.0","","81","","0.0","","7","","8","","16.1","","99.49","","","","","","NA"
"-82.96","42.28","WINDSOR A","6139530","2019-06-30 23:00","2019","06","30","23:00","18.0","","15.1","","83","","0.0","","6","","11","","16.1","","99.49","","","","","","NA"
