"Longitude (x)","Latitude (y)","Station Name","Climate ID","Date/Time (LST)","Year","Month","Day","Time (LST)","Temp (°C)","Temp Flag","Dew Point Temp (°C)","Dew Point Temp Flag","Rel Hum (%)","Rel Hum Flag","Precip. Amount (mm)","Precip. Amount Flag","Wind Dir (10s deg)","Wind Dir Flag","Wind Spd (km/h)","Wind Spd Flag","Visibility (km)","Visibility Flag","Stn Press (kPa)","Stn Press Flag","Hmdx","Hmdx Flag","Wind Chill","Wind Chill Flag","Weather"
"-124.14","52.11","PUNTZI MOUNTAIN (AUT)","1086558","2021-06-01 00:00","2021","06","01","00:00","11.2","","7.3","","77","","0.0","","0","","1","","","","91.75","","","","","","NA"
"-124.14","52.11","PUNTZI MOUNTAIN (AUT)","1086558","2021-06-01 01:00","2021","06","01","01:00","8.8","","6.1","","83","","0.0","","32","","2","","","","91.73","","","","","","NA"
"-124.14","52.11","PUNTZI MOUNTAIN (AUT)","1086558","2021-06-01 02:00","2021","06","01","02:00","8.8","","6.5","","85","","0.0","","25","","3","","","","91.75","","","","","","NA"
"-124.14","52.11","PUNTZI MOUNTAIN (AUT)","1086558","2021-06-01 03:00","2021","06","01","03:00","8.8","","6.2","","84","","0.0","","30","","3","","","","91.72","","","","","","NA"
"-124.14","52.11","PUNTZI MOUNTAIN (AUT)","1086558","2021-06-01 04:00","2021","06","01","04:00","8.1","","6.2","","88","","0.0","","27","","1","","","","91.70","","","","","","NA"
"-124.14","52.11","PUNTZI MOUNTAIN (AUT)","1086558","2021-06-01 05:00","2021","06","01","05:00","8.9","","7.1","","88","","0.0","","27","","2","","","","91.70","","","","","","NA"
"-124.14","52.11","PUNTZI MOUNTAIN (AUT)","1086558","2021-06-01 06:00","2021","06","01","06:00","10.0","","7.4","","84","","0.0","","","","0","","","","91.70","","","","","","NA"
"-124.14","52.11","PUNTZI MOUNTAIN (AUT)","1086558","2021-06-01 07:00","2021","06","01","07:00","12.4","","8.1","","75","","0.0","","12","","1","","","","91.68","","","","","","NA"
"-124.14","52.11","PUNTZI MOUNTAIN (AUT)","1086558","2021-06-01 08:00","2021","06","01","08:00","15.0","","7.9","","62","","0.0","","19","","2","","","","91.63","","","","","","NA"
"-124.14","52.11","PUNTZI MOUNTAIN (AUT)","1086558","2021-06-01 09:00","2021","06","01","09:00","18.6","","7.9","","50","","0.0","","30","","2","","","","91.56","","","","","","NA"
"-124.14","52.11","PUNTZI MOUNTAIN (AUT)","1086558","2021-06-01 10:00","2021","06","01","10:00","20.5","","6.3","","40","","0.0","","23","","5","","","","91.51","","","","","","NA"
"-124.14","52.11","PUNTZI MOUNTAIN (AUT)","1086558","2021-06-01 11:00","2021","06","01","11:00","21.0","","5.6","","37","","0.0","","20","","4","","","","91.45","","","","","","NA"
"-124.14","52.11","PUNTZI MOUNTAIN (AUT)","1086558","2021-06-01 12:00","2021","06","01","12:00","23.1","","5.1","","31","","0.0","","12","","4","","","","91.36","","","","","","NA"
"-124.14","52.11","PUNTZI MOUNTAIN (AUT)","1086558","2021-06-01 13:00","2021","06","01","13:00","25.4","","5.0","","27","","0.0","","19","","5","","","","91.27","","25","","","","NA"
"-124.14","52.11","PUNTZI MOUNTAIN (AUT)","1086558","2021-06-01 14:00","2021","06","01","14:00","26.6","","4.4","","24","","0.0","","16","","4","","","","91.18","","26","","","","NA"
"-124.14","52.11","PUNTZI MOUNTAIN (AUT)","1086558","2021-06-01 15:00","2021","06","01","15:00","26.1","","5.1","","26","","0.0","","6","","5","","","","91.10","","25","","","","NA"
"-124.14","52.11","PUNTZI MOUNTAIN (AUT)","1086558","2021-06-01 16:00","2021","06","01","16:00","26.7","","-0.1","","17","","0.0","","28","","14","","","","91.04","","25","","","","NA"
"-124.14","52.11","PUNTZI MOUNTAIN (AUT)","1086558","2021-06-01 17:00","2021","06","01","17:00","27.7","","0.6","","17","","0.0","","28","","11","","","","90.96","","26","","","","NA"
"-124.14","52.11","PUNTZI MOUNTAIN (AUT)","1086558","2021-06-01 18:00","2021","06","01","18:00","27.2","","0.5","","18","","0.0","","25","","12","","","","90.93","","25","","","","NA"
"-124.14","52.11","PUNTZI MOUNTAIN (AUT)","1086558","2021-06-01 19:00","2021","06","01","19:00","24.5","","1.7","","22","","0.0","","27","","11","","","","90.89","","","","","","NA"
"-124.14","52.11","PUNTZI MOUNTAIN (AUT)","1086558","2021-06-01 20:00","2021","06","01","20:00","20.7","","-0.1","","25","","0.0","","26","","8","","","","90.91","","","","","","NA"
"-124.14","52.11","PUNTZI MOUNTAIN (AUT)","1086558","2021-06-01 21:00","2021","06","01","21:00","14.5","","1.9","","43","","0.0","","30","","5","","","","90.94","","","","","","NA"
"-124.14","52.11","PUNTZI MOUNTAIN (AUT)","1086558","2021-06-01 22:00","2021","06","01","22:00","11.4","","2.0","","52","","0.0","","30","","4","","","","90.94","","","","","","NA"
"-124.14","52.11","PUNTZI MOUNTAIN (AUT)","1086558","2021-06-01 23:00","2021","06","01","23:00","10.1","","2.5","","59","","0.0","","0","","1","","","","90.93","","","","","","NA"
"-124.14","52.11","PUNTZI MOUNTAIN (AUT)","1086558","2021-06-02 00:00","2021","06","02","00:00","10.1","","3.9","","65","","0.0","","4","","4","","","","90.89","","","","","","NA"
"-124.14","52.11","PUNTZI MOUNTAIN (AUT)","1086558","2021-06-02 01:00","2021","06","02","01:00","8.4","","3.0","","69","","0.0","","30","","3","","","","90.92","","","","","","NA"
"-124.14","52.11","PUNTZI MOUNTAIN (AUT)","1086558","2021-06-02 02:00","2021","06","02","02:00","7.1","","2.6","","73","","0.0","","0","","1","","","","90.91","","","","","","NA"
"-124.14","52.11","PUNTZI MOUNTAIN (AUT)","1086558","2021-06-02 03:00","2021","06","02","03:00","7.5","","4.6","","82","","0.0","","7","","4","","","","90.91","","","","","","NA"
"-124.14","52.11","PUNTZI MOUNTAIN (AUT)","1086558","2021-06-02 04:00","2021","06","02","04:00","6.9","","4.8","","86","","0.0","","15","","1","","","","90.89","","","","","","NA"
"-124.14","52.11","PUNTZI MOUNTAIN (AUT)","1086558","2021-06-02 05:00","2021","06","02","05:00","7.0","","4.6","","85","","0.0","","","","0","","","","90.88","","","","","","NA"
"-124.14","52.11","PUNTZI MOUNTAIN (AUT)","1086558","2021-06-02 06:00","2021","06","02","06:00","9.6","","4.7","","72","","0.0","","6","","1","","","","90.91","","","","","","NA"
"-124.14","52.11","PUNTZI MOUNTAIN (AUT)","1086558","2021-06-02 07:00","2021","06","02","07:00","11.2","","5.2","","66","","0.0","","","","0","","","","90.89","","","","","","NA"
"-124.14","52.11","PUNTZI MOUNTAIN (AUT)","1086558","2021-06-02 08:00","2021","06","02","08:00","13.1","","4.9","","57","","0.0","","13","","3","","","","90.87","","","","","","NA"
"-124.14","52.11","PUNTZI MOUNTAIN (AUT)","1086558","2021-06-02 09:00","2021","06","02","09:00","14.9","","4.8","","51","","0.0","","8","","5","","","","90.81","","","","","","NA"
"-124.14","52.11","PUNTZI MOUNTAIN (AUT)","1086558","2021-06-02 10:00","2021","06","02","10:00","17.6","","4.9","","43","","0.0","","6","","7","","","","90.78","","","","","","NA"
"-124.14","52.11","PUNTZI MOUNTAIN (AUT)","1086558","2021-06-02 11:00","2021","06","02","11:00","19.6","","6.3","","42","","0.0","","10","","5","","","","90.78","","","","","","NA"
"-124.14","52.11","PUNTZI MOUNTAIN (AUT)","1086558","2021-06-02 12:00","2021","06","02","12:00","21.5","","8.0","","42","","0.0","","9","","6","","","","90.74","","","","","","NA"
"-124.14","52.11","PUNTZI MOUNTAIN (AUT)","1086558","2021-06-02 13:00","2021","06","02","13:00","24.8","","4.7","","27","","0.0","","6","","10","","","","90.67","","","","","","NA"
"-124.14","52.11","PUNTZI MOUNTAIN (AUT)","1086558","2021-06-02 14:00","2021","06","02","14:00","27.0","","1.5","","19","","0.0","","19","","14","","","","90.58","","25","","","","NA"
"-124.14","52.11","PUNTZI MOUNTAIN (AUT)","1086558","2021-06-02 15:00","2021","06","02","15:00","25.9","","2.2","","22","","0.0","","21","","10","","","","90.58","","","","","","NA"
"-124.14","52.11","PUNTZI MOUNTAIN (AUT)","1086558","2021-06-02 16:00","2021","06","02","16:00","24.1","","2.5","","24","","0.0","","19","","14","","","","90.58","","","","","","NA"
"-124.14","52.11","PUNTZI MOUNTAIN (AUT)","1086558","2021-06-02 17:00","2021","06","02","17:00","23.8","","2.0","","24","","0.0","","23","","16","","","","90.59","","","","","","NA"
"-124.14","52.11","PUNTZI MOUNTAIN (AUT)","1086558","2021-06-02 18:00","2021","06","02","18:00","21.7","","2.3","","28","","0.0","","24","","23","","","","90.64","","","","","","NA"
"-124.14","52.11","PUNTZI MOUNTAIN (AUT)","1086558","2021-06-02 19:00","2021","06","02","19:00","19.9","","3.1","","33","","0.0","","25","","13","","","","90.69","","","","","","NA"
"-124.14","52.11","PUNTZI MOUNTAIN (AUT)","1086558","2021-06-02 20:00","2021","06","02","20:00","19.0","","2.9","","34","","0.0","","24","","15","","","","90.71","","","","","","NA"
"-124.14","52.11","PUNTZI MOUNTAIN (AUT)","1086558","2021-06-02 21:00","2021","06","02","21:00","17.5","","3.7","","40","","0.0","","27","","18","","","","90.74","","","","","","NA"
"-124.14","52.11","PUNTZI MOUNTAIN (AUT)","1086558","2021-06-02 22:00","2021","06","02","22:00","15.5","","4.0","","46","","0.0","","25","","9","","","","90.76","","","","","","NA"
"-124.14","52.11","PUNTZI MOUNTAIN (AUT)","1086558","2021-06-02 23:00","2021","06","02","23:00","10.7","","3.3","","60","","0.0","","29","","5","","","","90.74","","","","","","NA"
"-124.14","52.11","PUNTZI MOUNTAIN (AUT)","1086558","2021-06-03 00:00","2021","06","03","00:00","8.7","","3.3","","69","","0.0","","27","","7","","","","90.79","","","","","","NA"
"-124.14","52.11","PUNTZI MOUNTAIN (AUT)","1086558","2021-06-03 01:00","2021","06","03","01:00","8.3","","3.6","","72","","0.0","","36","","3","","","","90.77","","","","","","NA"
"-124.14","52.11","PUNTZI MOUNTAIN (AUT)","1086558","2021-06-03 02:00","2021","06","03","02:00","6.8","","3.6","","80","","0.0","","26","","5","","","","90.79","","","","","","NA"
"-124.14","52.11","PUNTZI MOUNTAIN (AUT)","1086558","2021-06-03 03:00","2021","06","03","03:00","6.6","","3.4","","80","","0.0","","27","","2","","","","90.80","","","","","","NA"
"-124.14","52.11","PUNTZI MOUNTAIN (AUT)","1086558","2021-06-03 04:00","2021","06","03","04:00","6.0","","3.4","","84","","0.0","","35","","4","","","","90.85","","","","","","NA"
"-124.14","52.11","PUNTZI MOUNTAIN (AUT)","1086558","2021-06-03 05:00","2021","06","03","05:00","5.3","","3.2","","86","","0.0","","28","","2","","","","90.88","","","","","","NA"
"-124.14","52.11","PUNTZI MOUNTAIN (AUT)","1086558","2021-06-03 06:00","2021","06","03","06:00","7.0","","4.6","","84","","0.0","","","","0","","","","90.89","","","","","","NA"
"-124.14","52.11","PUNTZI MOUNTAIN (AUT)","1086558","2021-06-03 07:00","2021","06","03","07:00","9.2","","5.2","","76","","0.2","","0","","1","","","","90.91","","","","","","NA"
"-124.14","52.11","PUNTZI MOUNTAIN (AUT)","1086558","2021-06-03 08:00","2021","06","03","08:00","12.5","","4.9","","60","","0.0","","9","","2","","","","90.90","","","","","","NA"
"-124.14","52.11","PUNTZI MOUNTAIN (AUT)","1086558","2021-06-03 09:00","2021","06","03","09:00","17.4","","4.5","","42","","0.0","","12","","3","","","","90.86","","","","","","NA"
"-124.14","52.11","PUNTZI MOUNTAIN (AUT)","1086558","2021-06-03 10:00","2021","06","03","10:00","19.1","","2.3","","33","","0.0","","14","","5","","","","90.82","","","","","","NA"
"-124.14","52.11","PUNTZI MOUNTAIN (AUT)","1086558","2021-06-03 11:00","2021","06","03","11:00","21.1","","0.8","","26","","0.0","","25","","12","","","","90.75","","","","","","NA"
"-124.14","52.11","PUNTZI MOUNTAIN (AUT)","1086558","2021-06-03 12:00","2021","06","03","12:00","22.0","","-0.1","","23","","0.0","","25","","11","","","","90.68","","","","","","NA"
"-124.14","52.11","PUNTZI MOUNTAIN (AUT)","1086558","2021-06-03 13:00","2021","06","03","13:00","22.7","","-1.4","","20","","0.0","","36","","7","","","","90.60","","","","","","NA"
"-124.14","52.11","PUNTZI MOUNTAIN (AUT)","1086558","2021-06-03 14:00","2021","06","03","14:00","24.2","","-2.1","","17","","0.0","","25","","21","","","","90.57","","","","","","NA"
"-124.14","52.11","PUNTZI MOUNTAIN (AUT)","1086558","2021-06-03 15:00","2021","06","03","15:00","24.3","","-1.5","","18","","0.0","","23","","11","","","","90.54","","","","","","NA"
"-124.14","52.11","PUNTZI MOUNTAIN (AUT)","1086558","2021-06-03 16:00","2021","06","03","16:00","23.6","","-2.0","","18","","0.0","","23","","17","","","","90.53","","","","","","NA"
"-124.14","52.11","PUNTZI MOUNTAIN (AUT)","1086558","2021-06-03 17:00","2021","06","03","17:00","22.2","","-2.6","","19","","0.0","","27","","20","","","","90.52","","","","","","NA"
"-124.14","52.11","PUNTZI MOUNTAIN (AUT)","1086558","2021-06-03 18:00","2021","06","03","18:00","20.0","","-1.4","","23","","0.0","","27","","18","","","","90.55","","","","","","NA"
"-124.14","52.11","PUNTZI MOUNTAIN (AUT)","1086558","2021-06-03 19:00","2021","06","03","19:00","18.1","","-1.3","","27","","0.0","","28","","11","","","","90.57","","","","","","NA"
"-124.14","52.11","PUNTZI MOUNTAIN (AUT)","1086558","2021-06-03 20:00","2021","06","03","20:00","16.4","","-0.8","","31","","0.0","","26","","10","","","","90.57","","","","","","NA"
"-124.14","52.11","PUNTZI MOUNTAIN (AUT)","1086558","2021-06-03 21:00","2021","06","03","21:00","14.4","","-0.1","","37","","0.0","","28","","5","","","","90.60","","","","","","NA"
"-124.14","52.11","PUNTZI MOUNTAIN (AUT)","1086558","2021-06-03 22:00","2021","06","03","22:00","12.0","","0.1","","44","","0.0","","22","","2","","","","90.61","","","","","","NA"
"-124.14","52.11","PUNTZI MOUNTAIN (AUT)","1086558","2021-06-03 23:00","2021","06","03","23:00","10.6","","0.9","","51","","0.0","","29","","1","","","","90.59","","","","","","NA"
"-124.14","52.11","PUNTZI MOUNTAIN (AUT)","1086558","2021-06-04 00:00","2021","06","04","00:00","9.7","","1.1","","55","","0.0","","0","","1","","","","90.60","","","","","","NA"
"-124.14","52.11","PUNTZI MOUNTAIN (AUT)","1086558","2021-06-04 01:00","2021","06","04","01:00","9.3","","1.3","","57","","0.0","","","","0","","","","90.58","","","","","","NA"
"-124.14","52.11","PUNTZI MOUNTAIN (AUT)","1086558","2021-06-04 02:00","2021","06","04","02:00","9.0","","1.9","","61","","0.0","","24","","3","","","","90.58","","","","","","NA"
"-124.14","52.11","PUNTZI MOUNTAIN (AUT)","1086558","2021-06-04 03:00","2021","06","04","03:00","8.3","","2.7","","68","","0.0","","31","","2","","","","90.55","","","","","","NA"
"-124.14","52.11","PUNTZI MOUNTAIN (AUT)","1086558","2021-06-04 04:00","2021","06","04","04:00","8.7","","2.6","","66","","0.0","","4","","3","","","","90.50","","","","","","NA"
"-124.14","52.11","PUNTZI MOUNTAIN (AUT)","1086558","2021-06-04 05:00","2021","06","04","05:00","8.5","","3.5","","71","","0.0","","33","","3","","","","90.49","","","","","","NA"
"-124.14","52.11","PUNTZI MOUNTAIN (AUT)","1086558","2021-06-04 06:00","2021","06","04","06:00","9.6","","3.9","","67","","0.0","","26","","4","","","","90.49","","","","","","NA"
"-124.14","52.11","PUNTZI MOUNTAIN (AUT)","1086558","2021-06-04 07:00","2021","06","04","07:00","12.7","","3.9","","55","","0.0","","21","","4","","","","90.46","","","","","","NA"
"-124.14","52.11","PUNTZI MOUNTAIN (AUT)","1086558","2021-06-04 08:00","2021","06","04","08:00","13.1","","2.5","","49","","0.0","","29","","10","","","","90.49","","","","","","NA"
"-124.14","52.11","PUNTZI MOUNTAIN (AUT)","1086558","2021-06-04 09:00","2021","06","04","09:00","15.0","","1.5","","40","","0.0","","25","","9","","","","90.45","","","","","","NA"
"-124.14","52.11","PUNTZI MOUNTAIN (AUT)","1086558","2021-06-04 10:00","2021","06","04","10:00","16.3","","-1.0","","31","","0.0","","22","","11","","","","90.43","","","","","","NA"
"-124.14","52.11","PUNTZI MOUNTAIN (AUT)","1086558","2021-06-04 11:00","2021","06","04","11:00","17.9","","-1.0","","28","","0.0","","21","","8","","","","90.38","","","","","","NA"
"-124.14","52.11","PUNTZI MOUNTAIN (AUT)","1086558","2021-06-04 12:00","2021","06","04","12:00","19.7","","0.2","","27","","0.0","","22","","14","","","","90.32","","","","","","NA"
"-124.14","52.11","PUNTZI MOUNTAIN (AUT)","1086558","2021-06-04 13:00","2021","06","04","13:00","18.5","","-0.2","","28","","0.0","","22","","11","","","","90.30","","","","","","NA"
"-124.14","52.11","PUNTZI MOUNTAIN (AUT)","1086558","2021-06-04 14:00","2021","06","04","14:00","20.2","","-0.2","","26","","0.0","","24","","20","","","","90.26","","","","","","NA"
"-124.14","52.11","PUNTZI MOUNTAIN (AUT)","1086558","2021-06-04 15:00","2021","06","04","15:00","20.0","","-1.1","","24","","0.0","","24","","17","","","","90.26","","","","","","NA"
"-124.14","52.11","PUNTZI MOUNTAIN (AUT)","1086558","2021-06-04 16:00","2021","06","04","16:00","18.9","","0.8","","30","","0.0","","21","","13","","","","90.25","","","","","","NA"
"-124.14","52.11","PUNTZI MOUNTAIN (AUT)","1086558","2021-06-04 17:00","2021","06","04","17:00","17.5","","-0.4","","30","","0.0","","22","","17","","","","90.26","","","","","","NA"
"-124.14","52.11","PUNTZI MOUNTAIN (AUT)","1086558","2021-06-04 18:00","2021","06","04","18:00","15.6","","0.5","","36","","0.0","","21","","10","","","","90.25","","","","","","NA"
"-124.14","52.11","PUNTZI MOUNTAIN (AUT)","1086558","2021-06-04 19:00","2021","06","04","19:00","15.4","","0.9","","37","","0.0","","21","","10","","","","90.23","","","","","","NA"
"-124.14","52.11","PUNTZI MOUNTAIN (AUT)","1086558","2021-06-04 20:00","2021","06","04","20:00","12.0","","1.1","","47","","0.0","","21","","7","","","","90.23","","","","","","NA"
"-124.14","52.11","PUNTZI MOUNTAIN (AUT)","1086558","2021-06-04 21:00","2021","06","04","21:00","9.9","","0.9","","53","","0.0","","22","","7","","","","90.25","","","","","","NA"
"-124.14","52.11","PUNTZI MOUNTAIN (AUT)","1086558","2021-06-04 22:00","2021","06","04","22:00","6.8","","0.4","","64","","0.0","","27","","8","","","","90.25","","","","","","NA"
"-124.14","52.11","PUNTZI MOUNTAIN (AUT)","1086558","2021-06-04 23:00","2021","06","04","23:00","6.0","","0.5","","68","","0.0","","33","","3","","","","90.26","","","","","","NA"
"-124.14","52.11","PUNTZI MOUNTAIN (AUT)","1086558","2021-06-05 00:00","2021","06","05","00:00","5.1","","0.9","","74","","0.0","","25","","5","","","","90.27","","","","","","NA"
"-124.14","52.11","PUNTZI MOUNTAIN (AUT)","1086558","2021-06-05 01:00","2021","06","05","01:00","4.4","","0.6","","77","","0.0","","26","","8","","","","90.24","","","","","","NA"
"-124.14","52.11","PUNTZI MOUNTAIN (AUT)","1086558","2021-06-05 02:00","2021","06","05","02:00","3.8","","1.1","","82","","0.0","","23","","2","","","","90.24","","","","","","NA"
"-124.14","52.11","PUNTZI MOUNTAIN (AUT)","1086558","2021-06-05 03:00","2021","06","05","03:00","2.6","","0.1","","84","","0.0","","27","","5","","","","90.23","","","","","","NA"
"-124.14","52.11","PUNTZI MOUNTAIN (AUT)","1086558","2021-06-05 04:00","2021","06","05","04:00","2.4","","0.3","","86","","0.0","","29","","5","","","","90.23","","","","","","NA"
"-124.14","52.11","PUNTZI MOUNTAIN (AUT)","1086558","2021-06-05 05:00","2021","06","05","05:00","3.4","","0.6","","82","","0.0","","3","","2","","","","90.22","","","","","","NA"
"-124.14","52.11","PUNTZI MOUNTAIN (AUT)","1086558","2021-06-05 06:00","2021","06","05","06:00","5.4","","1.4","","75","","0.0","","3","","3","","","","90.25","","","","","","NA"
"-124.14","52.11","PUNTZI MOUNTAIN (AUT)","1086558","2021-06-05 07:00","2021","06","05","07:00","7.7","","2.3","","69","","0.0","","27","","5","","","","90.22","","","","","","NA"
"-124.14","52.11","PUNTZI MOUNTAIN (AUT)","1086558","2021-06-05 08:00","2021","06","05","08:00","9.2","","2.9","","65","","0.0","","23","","7","","","","90.23","","","","","","NA"
"-124.14","52.11","PUNTZI MOUNTAIN (AUT)","1086558","2021-06-05 09:00","2021","06","05","09:00","11.9","","2.5","","52","","0.0","","26","","10","","","","90.21","","","","","","NA"
"-124.14","52.11","PUNTZI MOUNTAIN (AUT)","1086558","2021-06-05 10:00","2021","06","05","10:00","9.9","","0.9","","53","","0.0","","27","","26","","","","90.22","","","","","","NA"
"-124.14","52.11","PUNTZI MOUNTAIN (AUT)","1086558","2021-06-05 11:00","2021","06","05","11:00","9.0","","2.8","","65","","0.0","","19","","10","","","","90.27","","","","","","NA"
"-124.14","52.11","PUNTZI MOUNTAIN (AUT)","1086558","2021-06-05 12:00","2021","06","05","12:00","11.5","","1.0","","48","","0.0","","22","","8","","","","90.27","","","","","","NA"
"-124.14","52.11","PUNTZI MOUNTAIN (AUT)","1086558","2021-06-05 13:00","2021","06","05","13:00","13.2","","3.1","","50","","0.0","","18","","7","","","","90.26","","","","","","NA"
"-124.14","52.11","PUNTZI MOUNTAIN (AUT)","1086558","2021-06-05 14:00","2021","06","05","14:00","14.8","","0.3","","37","","0.0","","22","","15","","","","90.22","","","","","","NA"
"-124.14","52.11","PUNTZI MOUNTAIN (AUT)","1086558","2021-06-05 15:00","2021","06","05","15:00","12.3","","-0.2","","42","","0.0","","19","","12","","","","90.22","","","","","","NA"
"-124.14","52.11","PUNTZI MOUNTAIN (AUT)","1086558","2021-06-05 16:00","2021","06","05","16:00","15.5","","-5.9","","22","","0.0","","26","","30","","","","90.23","","","","","","NA"
"-124.14","52.11","PUNTZI MOUNTAIN (AUT)","1086558","2021-06-05 17:00","2021","06","05","17:00","14.6","","-5.9","","24","","0.0","","26","","25","","","","90.26","","","","","","NA"
"-124.14","52.11","PUNTZI MOUNTAIN (AUT)","1086558","2021-06-05 18:00","2021","06","05","18:00","13.0","","-6.7","","25","","0.0","","25","","31","","","","90.32","","","","","","NA"
"-124.14","52.11","PUNTZI MOUNTAIN (AUT)","1086558","2021-06-05 19:00","2021","06","05","19:00","11.9","","-5.8","","28","","0.0","","27","","22","","","","90.37","","","","","","NA"
"-124.14","52.11","PUNTZI MOUNTAIN (AUT)","1086558","2021-06-05 20:00","2021","06","05","20:00","9.9","","-5.6","","33","","0.0","","28","","18","","","","90.40","","","","","","NA"
"-124.14","52.11","PUNTZI MOUNTAIN (AUT)","1086558","2021-06-05 21:00","2021","06","05","21:00","7.6","","-4.6","","42","","0.0","","27","","11","","","","90.47","","","","","","NA"
"-124.14","52.11","PUNTZI MOUNTAIN (AUT)","1086558","2021-06-05 22:00","2021","06","05","22:00","6.2","","-3.9","","48","","0.0","","27","","7","","","","90.52","","","","","","NA"
"-124.14","52.11","PUNTZI MOUNTAIN (AUT)","1086558","2021-06-05 23:00","2021","06","05","23:00","6.1","","-2.4","","55","","0.0","","24","","9","","","","90.54","","","","","","NA"
"-124.14","52.11","PUNTZI MOUNTAIN (AUT)","1086558","2021-06-06 00:00","2021","06","06","00:00","4.7","","-2.4","","60","","0.0","","27","","4","","","","90.58","","","","","","NA"
"-124.14","52.11","PUNTZI MOUNTAIN (AUT)","1086558","2021-06-06 01:00","2021","06","06","01:00","4.8","","-1.8","","62","","0.0","","4","","3","","","","90.57","","","","","","NA"
"-124.14","52.11","PUNTZI MOUNTAIN (AUT)","1086558","2021-06-06 02:00","2021","06","06","02:00","3.2","","-2.1","","68","","0.0","","29","","1","","","","90.58","","","","","","NA"
"-124.14","52.11","PUNTZI MOUNTAIN (AUT)","1086558","2021-06-06 03:00","2021","06","06","03:00","0.9","","-3.0","","75","","0.0","","30","","4","","","","90.57","","","","","","NA"
"-124.14","52.11","PUNTZI MOUNTAIN (AUT)","1086558","2021-06-06 04:00","2021","06","06","04:00","0.9","","-2.2","","80","","0.0","","0","","1","","","","90.58","","","","","","NA"
"-124.14","52.11","PUNTZI MOUNTAIN (AUT)","1086558","2021-06-06 05:00","2021","06","06","05:00","2.4","","-0.8","","79","","0.0","","27","","2","","","","90.60","","","","","","NA"
"-124.14","52.11","PUNTZI MOUNTAIN (AUT)","1086558","2021-06-06 06:00","2021","06","06","06:00","4.0","","1.2","","82","","0.0","","5","","1","","","","90.59","","","","","","NA"
"-124.14","52.11","PUNTZI MOUNTAIN (AUT)","1086558","2021-06-06 07:00","2021","06","06","07:00","5.5","","0.5","","70","","0.0","","","","0","","","","90.58","","","","","","NA"
"-124.14","52.11","PUNTZI MOUNTAIN (AUT)","1086558","2021-06-06 08:00","2021","06","06","08:00","7.7","","-1.5","","52","","0.0","","5","","6","","","","90.56","","","","","","NA"
"-124.14","52.11","PUNTZI MOUNTAIN (AUT)","1086558","2021-06-06 09:00","2021","06","06","09:00","9.3","","-1.8","","46","","0.0","","13","","3","","","","90.53","","","","","","NA"
"-124.14","52.11","PUNTZI MOUNTAIN (AUT)","1086558","2021-06-06 10:00","2021","06","06","10:00","10.2","","-1.6","","44","","0.0","","34","","3","","","","90.50","","","","","","NA"
"-124.14","52.11","PUNTZI MOUNTAIN (AUT)","1086558","2021-06-06 11:00","2021","06","06","11:00","11.2","","-2.3","","39","","0.0","","8","","5","","","","90.43","","","","","","NA"
"-124.14","52.11","PUNTZI MOUNTAIN (AUT)","1086558","2021-06-06 12:00","2021","06","06","12:00","10.5","","0.3","","49","","0.0","","36","","15","","","","90.38","","","","","","NA"
"-124.14","52.11","PUNTZI MOUNTAIN (AUT)","1086558","2021-06-06 13:00","2021","06","06","13:00","12.4","","-1.4","","38","","0.0","","9","","8","","","","90.30","","","","","","NA"
"-124.14","52.11","PUNTZI MOUNTAIN (AUT)","1086558","2021-06-06 14:00","2021","06","06","14:00","13.1","","-1.4","","37","","0.0","","32","","8","","","","90.22","","","","","","NA"
"-124.14","52.11","PUNTZI MOUNTAIN (AUT)","1086558","2021-06-06 15:00","2021","06","06","15:00","12.0","","-1.0","","40","","0.0","","15","","11","","","","90.20","","","","","","NA"
"-124.14","52.11","PUNTZI MOUNTAIN (AUT)","1086558","2021-06-06 16:00","2021","06","06","16:00","10.3","","2.3","","58","","0.0","","20","","3","","","","90.24","","","","","","NA"
"-124.14","52.11","PUNTZI MOUNTAIN (AUT)","1086558","2021-06-06 17:00","2021","06","06","17:00","6.5","","4.2","","86","","4.8","","27","","10","","","","90.33","","","","","","NA"
"-124.14","52.11","PUNTZI MOUNTAIN (AUT)","1086558","2021-06-06 18:00","2021","06","06","18:00","6.8","","4.4","","85","","2.0","","27","","14","","","","90.31","","","","","","NA"
"-124.14","52.11","PUNTZI MOUNTAIN (AUT)","1086558","2021-06-06 19:00","2021","06","06","19:00","6.7","","3.7","","81","","0.0","","23","","5","","","","90.33","","","","","","NA"
"-124.14","52.11","PUNTZI MOUNTAIN (AUT)","1086558","2021-06-06 20:00","2021","06","06","20:00","6.5","","4.6","","88","","0.0","","26","","3","","","","90.36","","","","","","NA"
"-124.14","52.11","PUNTZI MOUNTAIN (AUT)","1086558","2021-06-06 21:00","2021","06","06","21:00","5.7","","4.3","","91","","0.0","","31","","3","","","","90.40","","","","","","NA"
"-124.14","52.11","PUNTZI MOUNTAIN (AUT)","1086558","2021-06-06 22:00","2021","06","06","22:00","5.1","","3.8","","91","","0.0","","27","","4","","","","90.41","","","","","","NA"
"-124.14","52.11","PUNTZI MOUNTAIN (AUT)","1086558","2021-06-06 23:00","2021","06","06","23:00","3.9","","2.9","","94","","0.0","","29","","2","","","","90.42","","","","","","NA"
"-124.14","52.11","PUNTZI MOUNTAIN (AUT)","1086558","2021-06-07 00:00","2021","06","07","00:00","3.4","","2.7","","95","","0.0","","26","","1","","","","90.40","","","","","","NA"
"-124.14","52.11","PUNTZI MOUNTAIN (AUT)","1086558","2021-06-07 01:00","2021","06","07","01:00","1.2","","0.4","","94","","0.0","","32","","5","","","","90.44","","","","","","NA"
"-124.14","52.11","PUNTZI MOUNTAIN (AUT)","1086558","2021-06-07 02:00","2021","06","07","02:00","1.0","","0.4","","96","","0.0","","28","","4","","","","90.47","","","","","","NA"
"-124.14","52.11","PUNTZI MOUNTAIN (AUT)","1086558","2021-06-07 03:00","2021","06","07","03:00","1.6","","0.8","","95","","0.0","","27","","5","","","","90.49","","","","","","NA"
"-124.14","52.11","PUNTZI MOUNTAIN (AUT)","1086558","2021-06-07 04:00","2021","06","07","04:00","1.4","","0.8","","95","","0.0","","28","","6","","","","90.50","","","","","","NA"
"-124.14","52.11","PUNTZI MOUNTAIN (AUT)","1086558","2021-06-07 05:00","2021","06","07","05:00","1.8","","1.0","","94","","0.0","","30","","4","","","","90.53","","","","","","NA"
"-124.14","52.11","PUNTZI MOUNTAIN (AUT)","1086558","2021-06-07 06:00","2021","06","07","06:00","3.7","","2.5","","92","","0.0","","28","","4","","","","90.57","","","","","","NA"
"-124.14","52.11","PUNTZI MOUNTAIN (AUT)","1086558","2021-06-07 07:00","2021","06","07","07:00","5.4","","3.8","","89","","0.0","","29","","3","","","","90.60","","","","","","NA"
"-124.14","52.11","PUNTZI MOUNTAIN (AUT)","1086558","2021-06-07 08:00","2021","06","07","08:00","7.7","","3.6","","76","","0.0","","21","","4","","","","90.62","","","","","","NA"
"-124.14","52.11","PUNTZI MOUNTAIN (AUT)","1086558","2021-06-07 09:00","2021","06","07","09:00","10.3","","3.8","","64","","0.0","","16","","6","","","","90.57","","","","","","NA"
"-124.14","52.11","PUNTZI MOUNTAIN (AUT)","1086558","2021-06-07 10:00","2021","06","07","10:00","10.4","","3.6","","62","","0.2","","10","","2","","","","90.57","","","","","","NA"
"-124.14","52.11","PUNTZI MOUNTAIN (AUT)","1086558","2021-06-07 11:00","2021","06","07","11:00","7.3","","4.5","","82","","0.5","","5","","13","","","","90.66","","","","","","NA"
"-124.14","52.11","PUNTZI MOUNTAIN (AUT)","1086558","2021-06-07 12:00","2021","06","07","12:00","9.8","","3.2","","64","","0.0","","24","","2","","","","90.67","","","","","","NA"
"-124.14","52.11","PUNTZI MOUNTAIN (AUT)","1086558","2021-06-07 13:00","2021","06","07","13:00","12.6","","3.0","","52","","0.0","","18","","7","","","","90.63","","","","","","NA"
"-124.14","52.11","PUNTZI MOUNTAIN (AUT)","1086558","2021-06-07 14:00","2021","06","07","14:00","9.7","","2.8","","62","","0.3","","35","","6","","","","90.65","","","","","","NA"
"-124.14","52.11","PUNTZI MOUNTAIN (AUT)","1086558","2021-06-07 15:00","2021","06","07","15:00","9.9","","5.1","","72","","0.0","","27","","7","","","","90.63","","","","","","NA"
"-124.14","52.11","PUNTZI MOUNTAIN (AUT)","1086558","2021-06-07 16:00","2021","06","07","16:00","7.6","","5.9","","89","","0.7","","12","","10","","","","90.71","","","","","","NA"
"-124.14","52.11","PUNTZI MOUNTAIN (AUT)","1086558","2021-06-07 17:00","2021","06","07","17:00","7.1","","4.7","","85","","0.0","","25","","9","","","","90.73","","","","","","NA"
"-124.14","52.11","PUNTZI MOUNTAIN (AUT)","1086558","2021-06-07 18:00","2021","06","07","18:00","6.4","","5.5","","93","","2.6","","28","","5","","","","90.78","","","","","","NA"
"-124.14","52.11","PUNTZI MOUNTAIN (AUT)","1086558","2021-06-07 19:00","2021","06","07","19:00","6.3","","5.0","","91","","1.2","","24","","9","","","","90.74","","","","","","NA"
"-124.14","52.11","PUNTZI MOUNTAIN (AUT)","1086558","2021-06-07 20:00","2021","06","07","20:00","5.7","","4.7","","93","","0.5","","23","","6","","","","90.79","","","","","","NA"
"-124.14","52.11","PUNTZI MOUNTAIN (AUT)","1086558","2021-06-07 21:00","2021","06","07","21:00","5.5","","4.5","","93","","1.3","","30","","4","","","","90.81","","","","","","NA"
"-124.14","52.11","PUNTZI MOUNTAIN (AUT)","1086558","2021-06-07 22:00","2021","06","07","22:00","5.2","","4.6","","96","","0.9","","30","","2","","","","90.81","","","","","","NA"
"-124.14","52.11","PUNTZI MOUNTAIN (AUT)","1086558","2021-06-07 23:00","2021","06","07","23:00","5.1","","4.0","","92","","0.0","","5","","3","","","","90.82","","","","","","NA"
"-124.14","52.11","PUNTZI MOUNTAIN (AUT)","1086558","2021-06-08 00:00","2021","06","08","00:00","4.9","","4.0","","94","","0.3","","4","","6","","","","90.82","","","","","","NA"
"-124.14","52.11","PUNTZI MOUNTAIN (AUT)","1086558","2021-06-08 01:00","2021","06","08","01:00","4.6","","3.6","","93","","0.0","","7","","6","","","","90.81","","","","","","NA"
"-124.14","52.11","PUNTZI MOUNTAIN (AUT)","1086558","2021-06-08 02:00","2021","06","08","02:00","4.6","","3.7","","94","","0.0","","6","","3","","","","90.84","","","","","","NA"
"-124.14","52.11","PUNTZI MOUNTAIN (AUT)","1086558","2021-06-08 03:00","2021","06","08","03:00","4.0","","3.3","","95","","0.0","","7","","6","","","","90.83","","","","","","NA"
"-124.14","52.11","PUNTZI MOUNTAIN (AUT)","1086558","2021-06-08 04:00","2021","06","08","04:00","3.2","","2.5","","96","","0.0","","8","","4","","","","90.85","","","","","","NA"
"-124.14","52.11","PUNTZI MOUNTAIN (AUT)","1086558","2021-06-08 05:00","2021","06","08","05:00","3.9","","3.3","","96","","0.0","","0","","1","","","","90.88","","","","","","NA"
"-124.14","52.11","PUNTZI MOUNTAIN (AUT)","1086558","2021-06-08 06:00","2021","06","08","06:00","4.4","","3.6","","94","","0.0","","8","","5","","","","90.92","","","","","","NA"
"-124.14","52.11","PUNTZI MOUNTAIN (AUT)","1086558","2021-06-08 07:00","2021","06","08","07:00","5.0","","3.9","","92","","0.0","","35","","4","","","","90.94","","","","","","NA"
"-124.14","52.11","PUNTZI MOUNTAIN (AUT)","1086558","2021-06-08 08:00","2021","06","08","08:00","5.6","","3.8","","88","","0.0","","14","","3","","","","90.97","","","","","","NA"
"-124.14","52.11","PUNTZI MOUNTAIN (AUT)","1086558","2021-06-08 09:00","2021","06","08","09:00","6.3","","3.5","","82","","0.0","","10","","7","","","","90.99","","","","","","NA"
"-124.14","52.11","PUNTZI MOUNTAIN (AUT)","1086558","2021-06-08 10:00","2021","06","08","10:00","7.1","","3.4","","77","","0.0","","6","","4","","","","91.00","","","","","","NA"
"-124.14","52.11","PUNTZI MOUNTAIN (AUT)","1086558","2021-06-08 11:00","2021","06","08","11:00","9.2","","3.1","","66","","0.0","","5","","4","","","","90.98","","","","","","NA"
"-124.14","52.11","PUNTZI MOUNTAIN (AUT)","1086558","2021-06-08 12:00","2021","06","08","12:00","10.7","","3.2","","60","","0.0","","22","","5","","","","90.95","","","","","","NA"
"-124.14","52.11","PUNTZI MOUNTAIN (AUT)","1086558","2021-06-08 13:00","2021","06","08","13:00","12.7","","2.7","","50","","0.0","","18","","5","","","","90.91","","","","","","NA"
"-124.14","52.11","PUNTZI MOUNTAIN (AUT)","1086558","2021-06-08 14:00","2021","06","08","14:00","14.3","","0.6","","39","","0.0","","16","","4","","","","90.85","","","","","","NA"
"-124.14","52.11","PUNTZI MOUNTAIN (AUT)","1086558","2021-06-08 15:00","2021","06","08","15:00","8.2","","4.1","","75","","0.0","","15","","25","","","","90.94","","","","","","NA"
"-124.14","52.11","PUNTZI MOUNTAIN (AUT)","1086558","2021-06-08 16:00","2021","06","08","16:00","9.5","","6.6","","82","","1.5","","25","","21","","","","90.94","","","","","","NA"
"-124.14","52.11","PUNTZI MOUNTAIN (AUT)","1086558","2021-06-08 17:00","2021","06","08","17:00","12.4","","2.5","","51","","0.0","","33","","10","","","","90.87","","","","","","NA"
"-124.14","52.11","PUNTZI MOUNTAIN (AUT)","1086558","2021-06-08 18:00","2021","06","08","18:00","12.5","","1.7","","48","","0.0","","23","","3","","","","90.85","","","","","","NA"
"-124.14","52.11","PUNTZI MOUNTAIN (AUT)","1086558","2021-06-08 19:00","2021","06","08","19:00","12.4","","1.2","","46","","0.0","","6","","9","","","","90.89","","","","","","NA"
"-124.14","52.11","PUNTZI MOUNTAIN (AUT)","1086558","2021-06-08 20:00","2021","06","08","20:00","10.0","","3.7","","65","","0.0","","9","","19","","","","90.94","","","","","","NA"
"-124.14","52.11","PUNTZI MOUNTAIN (AUT)","1086558","2021-06-08 21:00","2021","06","08","21:00","8.5","","3.8","","72","","0.0","","4","","15","","","","91.03","","","","","","NA"
"-124.14","52.11","PUNTZI MOUNTAIN (AUT)","1086558","2021-06-08 22:00","2021","06","08","22:00","7.8","","3.0","","72","","0.0","","5","","13","","","","91.00","","","","","","NA"
"-124.14","52.11","PUNTZI MOUNTAIN (AUT)","1086558","2021-06-08 23:00","2021","06","08","23:00","6.5","","2.8","","77","","0.0","","4","","7","","","","91.00","","","","","","NA"
"-124.14","52.11","PUNTZI MOUNTAIN (AUT)","1086558","2021-06-09 00:00","2021","06","09","00:00","4.6","","2.1","","84","","0.0","","31","","3","","","","91.00","","","","","","NA"
"-124.14","52.11","PUNTZI MOUNTAIN (AUT)","1086558","2021-06-09 01:00","2021","06","09","01:00","3.4","","1.9","","89","","0.0","","8","","2","","","","91.03","","","","","","NA"
"-124.14","52.11","PUNTZI MOUNTAIN (AUT)","1086558","2021-06-09 02:00","2021","06","09","02:00","1.5","","0.5","","93","","0.0","","35","","1","","","","91.06","","","","","","NA"
"-124.14","52.11","PUNTZI MOUNTAIN (AUT)","1086558","2021-06-09 03:00","2021","06","09","03:00","1.9","","1.2","","95","","0.0","","28","","2","","","","91.06","","","","","","NA"
"-124.14","52.11","PUNTZI MOUNTAIN (AUT)","1086558","2021-06-09 04:00","2021","06","09","04:00","2.8","","2.3","","96","","0.0","","0","","1","","","","91.07","","","","","","NA"
"-124.14","52.11","PUNTZI MOUNTAIN (AUT)","1086558","2021-06-09 05:00","2021","06","09","05:00","3.1","","2.5","","96","","0.0","","25","","3","","","","91.09","","","","","","NA"
"-124.14","52.11","PUNTZI MOUNTAIN (AUT)","1086558","2021-06-09 06:00","2021","06","09","06:00","4.4","","3.5","","94","","0.2","","29","","5","","","","91.10","","","","","","NA"
"-124.14","52.11","PUNTZI MOUNTAIN (AUT)","1086558","2021-06-09 07:00","2021","06","09","07:00","7.3","","4.7","","84","","0.4","","16","","4","","","","91.10","","","","","","NA"
"-124.14","52.11","PUNTZI MOUNTAIN (AUT)","1086558","2021-06-09 08:00","2021","06","09","08:00","9.6","","5.2","","74","","0.0","","23","","4","","","","91.08","","","","","","NA"
"-124.14","52.11","PUNTZI MOUNTAIN (AUT)","1086558","2021-06-09 09:00","2021","06","09","09:00","11.2","","4.2","","62","","0.0","","23","","7","","","","91.05","","","","","","NA"
"-124.14","52.11","PUNTZI MOUNTAIN (AUT)","1086558","2021-06-09 10:00","2021","06","09","10:00","11.9","","2.2","","52","","0.0","","8","","5","","","","91.00","","","","","","NA"
"-124.14","52.11","PUNTZI MOUNTAIN (AUT)","1086558","2021-06-09 11:00","2021","06","09","11:00","6.9","","4.8","","86","","4.0","","36","","9","","","","91.02","","","","","","NA"
"-124.14","52.11","PUNTZI MOUNTAIN (AUT)","1086558","2021-06-09 12:00","2021","06","09","12:00","10.8","","2.4","","56","","0.0","","33","","8","","","","90.99","","","","","","NA"
"-124.14","52.11","PUNTZI MOUNTAIN (AUT)","1086558","2021-06-09 13:00","2021","06","09","13:00","10.8","","3.2","","59","","0.0","","7","","7","","","","90.97","","","","","","NA"
"-124.14","52.11","PUNTZI MOUNTAIN (AUT)","1086558","2021-06-09 14:00","2021","06","09","14:00","12.8","","2.3","","49","","0.0","","11","","6","","","","90.92","","","","","","NA"
"-124.14","52.11","PUNTZI MOUNTAIN (AUT)","1086558","2021-06-09 15:00","2021","06","09","15:00","12.5","","0.9","","45","","0.0","","30","","11","","","","90.93","","","","","","NA"
"-124.14","52.11","PUNTZI MOUNTAIN (AUT)","1086558","2021-06-09 16:00","2021","06","09","16:00","12.3","","0.3","","44","","0.0","","19","","3","","","","90.94","","","","","","NA"
"-124.14","52.11","PUNTZI MOUNTAIN (AUT)","1086558","2021-06-09 17:00","2021","06","09","17:00","10.3","","2.5","","58","","0.0","","30","","18","","","","91.00","","","","","","NA"
"-124.14","52.11","PUNTZI MOUNTAIN (AUT)","1086558","2021-06-09 18:00","2021","06","09","18:00","10.9","","3.4","","60","","0.0","","21","","5","","","","91.00","","","","","","NA"
"-124.14","52.11","PUNTZI MOUNTAIN (AUT)","1086558","2021-06-09 19:00","2021","06","09","19:00","9.8","","3.1","","63","","0.0","","18","","2","","","","91.04","","","","","","NA"
"-124.14","52.11","PUNTZI MOUNTAIN (AUT)","1086558","2021-06-09 20:00","2021","06","09","20:00","9.4","","3.2","","66","","0.0","","25","","6","","","","91.06","","","","","","NA"
"-124.14","52.11","PUNTZI MOUNTAIN (AUT)","1086558","2021-06-09 21:00","2021","06","09","21:00","7.7","","4.4","","80","","0.0","","33","","2","","","","91.09","","","","","","NA"
"-124.14","52.11","PUNTZI MOUNTAIN (AUT)","1086558","2021-06-09 22:00","2021","06","09","22:00","6.8","","4.2","","84","","0.0","","5","","2","","","","91.09","","","","","","NA"
"-124.14","52.11","PUNTZI MOUNTAIN (AUT)","1086558","2021-06-09 23:00","2021","06","09","23:00","4.8","","2.8","","87","","0.0","","1","","3","","","","91.09","","","","","","NA"
"-124.14","52.11","PUNTZI MOUNTAIN (AUT)","1086558","2021-06-10 00:00","2021","06","10","00:00","5.9","","4.0","","87","","0.0","","17","","3","","","","91.08","","","","","","NA"
"-124.14","52.11","PUNTZI MOUNTAIN (AUT)","1086558","2021-06-10 01:00","2021","06","10","01:00","3.7","","2.9","","95","","0.0","","31","","4","","","","91.07","","","","","","NA"
"-124.14","52.11","PUNTZI MOUNTAIN (AUT)","1086558","2021-06-10 02:00","2021","06","10","02:00","3.2","","2.8","","97","","0.0","","33","","3","","","","91.07","","","","","","NA"
"-124.14","52.11","PUNTZI MOUNTAIN (AUT)","1086558","2021-06-10 03:00","2021","06","10","03:00","2.4","","2.0","","97","","0.0","","0","","1","","","","91.07","","","","","","NA"
"-124.14","52.11","PUNTZI MOUNTAIN (AUT)","1086558","2021-06-10 04:00","2021","06","10","04:00","1.6","","1.0","","96","","0.0","","25","","4","","","","91.10","","","","","","NA"
"-124.14","52.11","PUNTZI MOUNTAIN (AUT)","1086558","2021-06-10 05:00","2021","06","10","05:00","2.3","","1.9","","97","","0.0","","29","","4","","","","91.12","","","","","","NA"
"-124.14","52.11","PUNTZI MOUNTAIN (AUT)","1086558","2021-06-10 06:00","2021","06","10","06:00","4.6","","3.4","","92","","0.0","","20","","2","","","","91.10","","","","","","NA"
"-124.14","52.11","PUNTZI MOUNTAIN (AUT)","1086558","2021-06-10 07:00","2021","06","10","07:00","7.6","","2.6","","71","","0.3","","24","","9","","","","91.07","","","","","","NA"
"-124.14","52.11","PUNTZI MOUNTAIN (AUT)","1086558","2021-06-10 08:00","2021","06","10","08:00","9.8","","2.7","","61","","0.0","","25","","7","","","","91.05","","","","","","NA"
"-124.14","52.11","PUNTZI MOUNTAIN (AUT)","1086558","2021-06-10 09:00","2021","06","10","09:00","11.0","","0.7","","49","","0.0","","20","","6","","","","91.00","","","","","","NA"
"-124.14","52.11","PUNTZI MOUNTAIN (AUT)","1086558","2021-06-10 10:00","2021","06","10","10:00","11.7","","-0.3","","44","","0.0","","21","","6","","","","90.96","","","","","","NA"
"-124.14","52.11","PUNTZI MOUNTAIN (AUT)","1086558","2021-06-10 11:00","2021","06","10","11:00","12.3","","-2.4","","36","","0.0","","25","","9","","","","90.92","","","","","","NA"
"-124.14","52.11","PUNTZI MOUNTAIN (AUT)","1086558","2021-06-10 12:00","2021","06","10","12:00","13.3","","-1.1","","37","","0.0","","29","","17","","","","90.90","","","","","","NA"
"-124.14","52.11","PUNTZI MOUNTAIN (AUT)","1086558","2021-06-10 13:00","2021","06","10","13:00","13.7","","-2.7","","32","","0.0","","7","","4","","","","90.90","","","","","","NA"
"-124.14","52.11","PUNTZI MOUNTAIN (AUT)","1086558","2021-06-10 14:00","2021","06","10","14:00","14.7","","0.3","","37","","0.0","","25","","12","","","","90.89","","","","","","NA"
"-124.14","52.11","PUNTZI MOUNTAIN (AUT)","1086558","2021-06-10 15:00","2021","06","10","15:00","14.0","","-1.6","","34","","0.0","","18","","10","","","","90.90","","","","","","NA"
"-124.14","52.11","PUNTZI MOUNTAIN (AUT)","1086558","2021-06-10 16:00","2021","06","10","16:00","12.6","","-1.5","","37","","0.0","","28","","15","","","","90.92","","","","","","NA"
"-124.14","52.11","PUNTZI MOUNTAIN (AUT)","1086558","2021-06-10 17:00","2021","06","10","17:00","12.4","","-1.1","","39","","0.0","","23","","13","","","","90.90","","","","","","NA"
"-124.14","52.11","PUNTZI MOUNTAIN (AUT)","1086558","2021-06-10 18:00","2021","06","10","18:00","10.4","","0.3","","50","","0.0","","23","","10","","","","90.94","","","","","","NA"
"-124.14","52.11","PUNTZI MOUNTAIN (AUT)","1086558","2021-06-10 19:00","2021","06","10","19:00","12.3","","-0.3","","42","","0.0","","23","","14","","","","90.93","","","","","","NA"
"-124.14","52.11","PUNTZI MOUNTAIN (AUT)","1086558","2021-06-10 20:00","2021","06","10","20:00","10.6","","0.8","","51","","0.0","","24","","6","","","","90.95","","","","","","NA"
"-124.14","52.11","PUNTZI MOUNTAIN (AUT)","1086558","2021-06-10 21:00","2021","06","10","21:00","9.4","","2.3","","61","","0.0","","30","","2","","","","90.99","","","","","","NA"
"-124.14","52.11","PUNTZI MOUNTAIN (AUT)","1086558","2021-06-10 22:00","2021","06","10","22:00","8.2","","2.3","","67","","0.0","","32","","2","","","","91.02","","","","","","NA"
"-124.14","52.11","PUNTZI MOUNTAIN (AUT)","1086558","2021-06-10 23:00","2021","06","10","23:00","5.2","","1.9","","79","","0.0","","30","","4","","","","91.02","","","","","","NA"
"-124.14","52.11","PUNTZI MOUNTAIN (AUT)","1086558","2021-06-11 00:00","2021","06","11","00:00","3.0","","0.4","","83","","0.0","","28","","4","","","","91.03","","","","","","NA"
"-124.14","52.11","PUNTZI MOUNTAIN (AUT)","1086558","2021-06-11 01:00","2021","06","11","01:00","2.6","","1.4","","92","","0.0","","5","","4","","","","91.02","","","","","","NA"
"-124.14","52.11","PUNTZI MOUNTAIN (AUT)","1086558","2021-06-11 02:00","2021","06","11","02:00","2.2","","0.6","","90","","0.0","","28","","3","","","","90.99","","","","","","NA"
"-124.14","52.11","PUNTZI MOUNTAIN (AUT)","1086558","2021-06-11 03:00","2021","06","11","03:00","2.6","","1.4","","92","","0.0","","6","","4","","","","90.92","","","","","","NA"
"-124.14","52.11","PUNTZI MOUNTAIN (AUT)","1086558","2021-06-11 04:00","2021","06","11","04:00","1.1","","0.0","","92","","0.0","","","","0","","","","90.88","","","","","","NA"
"-124.14","52.11","PUNTZI MOUNTAIN (AUT)","1086558","2021-06-11 05:00","2021","06","11","05:00","2.8","","1.4","","91","","0.0","","0","","1","","","","90.87","","","","","","NA"
"-124.14","52.11","PUNTZI MOUNTAIN (AUT)","1086558","2021-06-11 06:00","2021","06","11","06:00","4.4","","1.7","","83","","0.0","","0","","1","","","","90.83","","","","","","NA"
"-124.14","52.11","PUNTZI MOUNTAIN (AUT)","1086558","2021-06-11 07:00","2021","06","11","07:00","7.1","","2.5","","72","","0.0","","6","","2","","","","90.77","","","","","","NA"
"-124.14","52.11","PUNTZI MOUNTAIN (AUT)","1086558","2021-06-11 08:00","2021","06","11","08:00","10.1","","2.2","","58","","0.0","","9","","11","","","","90.71","","","","","","NA"
"-124.14","52.11","PUNTZI MOUNTAIN (AUT)","1086558","2021-06-11 09:00","2021","06","11","09:00","11.0","","0.4","","48","","0.0","","8","","7","","","","90.65","","","","","","NA"
"-124.14","52.11","PUNTZI MOUNTAIN (AUT)","1086558","2021-06-11 10:00","2021","06","11","10:00","13.7","","-1.3","","36","","0.0","","6","","17","","","","90.56","","","","","","NA"
"-124.14","52.11","PUNTZI MOUNTAIN (AUT)","1086558","2021-06-11 11:00","2021","06","11","11:00","13.8","","-1.8","","34","","0.0","","12","","11","","","","90.49","","","","","","NA"
"-124.14","52.11","PUNTZI MOUNTAIN (AUT)","1086558","2021-06-11 12:00","2021","06","11","12:00","13.5","","-2.7","","32","","0.0","","8","","13","","","","90.45","","","","","","NA"
"-124.14","52.11","PUNTZI MOUNTAIN (AUT)","1086558","2021-06-11 13:00","2021","06","11","13:00","13.9","","-2.7","","32","","0.0","","11","","15","","","","90.41","","","","","","NA"
"-124.14","52.11","PUNTZI MOUNTAIN (AUT)","1086558","2021-06-11 14:00","2021","06","11","14:00","15.4","","-1.9","","30","","0.0","","19","","4","","","","90.39","","","","","","NA"
"-124.14","52.11","PUNTZI MOUNTAIN (AUT)","1086558","2021-06-11 15:00","2021","06","11","15:00","15.3","","-2.4","","29","","0.0","","19","","6","","","","90.39","","","","","","NA"
"-124.14","52.11","PUNTZI MOUNTAIN (AUT)","1086558","2021-06-11 16:00","2021","06","11","16:00","15.5","","-3.0","","28","","0.0","","22","","9","","","","90.37","","","","","","NA"
"-124.14","52.11","PUNTZI MOUNTAIN (AUT)","1086558","2021-06-11 17:00","2021","06","11","17:00","15.4","","-0.9","","33","","0.0","","21","","6","","","","90.34","","","","","","NA"
"-124.14","52.11","PUNTZI MOUNTAIN (AUT)","1086558","2021-06-11 18:00","2021","06","11","18:00","14.5","","-0.4","","36","","0.0","","20","","5","","","","90.36","","","","","","NA"
"-124.14","52.11","PUNTZI MOUNTAIN (AUT)","1086558","2021-06-11 19:00","2021","06","11","19:00","14.4","","-0.3","","36","","0.0","","17","","12","","","","90.37","","","","","","NA"
"-124.14","52.11","PUNTZI MOUNTAIN (AUT)","1086558","2021-06-11 20:00","2021","06","11","20:00","13.3","","-0.6","","38","","0.0","","25","","8","","","","90.38","","","","","","NA"
"-124.14","52.11","PUNTZI MOUNTAIN (AUT)","1086558","2021-06-11 21:00","2021","06","11","21:00","11.7","","1.0","","48","","0.0","","27","","6","","","","90.44","","","","","","NA"
"-124.14","52.11","PUNTZI MOUNTAIN (AUT)","1086558","2021-06-11 22:00","2021","06","11","22:00","9.2","","1.4","","58","","0.0","","30","","3","","","","90.48","","","","","","NA"
"-124.14","52.11","PUNTZI MOUNTAIN (AUT)","1086558","2021-06-11 23:00","2021","06","11","23:00","6.0","","1.1","","71","","0.0","","30","","4","","","","90.51","","","","","","NA"
"-124.14","52.11","PUNTZI MOUNTAIN (AUT)","1086558","2021-06-12 00:00","2021","06","12","00:00","5.6","","1.1","","73","","0.0","","30","","4","","","","90.55","","","","","","NA"
"-124.14","52.11","PUNTZI MOUNTAIN (AUT)","1086558","2021-06-12 01:00","2021","06","12","01:00","3.2","","-0.1","","79","","0.0","","30","","5","","","","90.58","","","","","","NA"
"-124.14","52.11","PUNTZI MOUNTAIN (AUT)","1086558","2021-06-12 02:00","2021","06","12","02:00","2.2","","0.2","","87","","0.0","","8","","3","","","","90.65","","","","","","NA"
"-124.14","52.11","PUNTZI MOUNTAIN (AUT)","1086558","2021-06-12 03:00","2021","06","12","03:00","1.5","","-0.2","","88","","0.0","","32","","1","","","","90.66","","","","","","NA"
"-124.14","52.11","PUNTZI MOUNTAIN (AUT)","1086558","2021-06-12 04:00","2021","06","12","04:00","1.8","","0.0","","88","","0.0","","26","","2","","","","90.72","","","","","","NA"
"-124.14","52.11","PUNTZI MOUNTAIN (AUT)","1086558","2021-06-12 05:00","2021","06","12","05:00","2.6","","0.2","","84","","0.0","","3","","2","","","","90.77","","","","","","NA"
"-124.14","52.11","PUNTZI MOUNTAIN (AUT)","1086558","2021-06-12 06:00","2021","06","12","06:00","4.4","","2.0","","84","","0.0","","0","","1","","","","90.80","","","","","","NA"
"-124.14","52.11","PUNTZI MOUNTAIN (AUT)","1086558","2021-06-12 07:00","2021","06","12","07:00","7.9","","2.0","","66","","0.0","","8","","2","","","","90.84","","","","","","NA"
"-124.14","52.11","PUNTZI MOUNTAIN (AUT)","1086558","2021-06-12 08:00","2021","06","12","08:00","10.6","","2.3","","56","","0.0","","25","","4","","","","90.86","","","","","","NA"
"-124.14","52.11","PUNTZI MOUNTAIN (AUT)","1086558","2021-06-12 09:00","2021","06","12","09:00","13.5","","0.9","","42","","0.0","","28","","7","","","","90.85","","","","","","NA"
"-124.14","52.11","PUNTZI MOUNTAIN (AUT)","1086558","2021-06-12 10:00","2021","06","12","10:00","14.9","","1.3","","40","","0.0","","24","","8","","","","90.84","","","","","","NA"
"-124.14","52.11","PUNTZI MOUNTAIN (AUT)","1086558","2021-06-12 11:00","2021","06","12","11:00","16.9","","0.9","","34","","0.0","","16","","8","","","","90.80","","","","","","NA"
"-124.14","52.11","PUNTZI MOUNTAIN (AUT)","1086558","2021-06-12 12:00","2021","06","12","12:00","15.9","","0.3","","34","","0.0","","26","","10","","","","90.78","","","","","","NA"
"-124.14","52.11","PUNTZI MOUNTAIN (AUT)","1086558","2021-06-12 13:00","2021","06","12","13:00","16.5","","0.0","","33","","0.0","","24","","12","","","","90.83","","","","","","NA"
"-124.14","52.11","PUNTZI MOUNTAIN (AUT)","1086558","2021-06-12 14:00","2021","06","12","14:00","16.7","","-1.8","","28","","0.0","","28","","8","","","","90.78","","","","","","NA"
"-124.14","52.11","PUNTZI MOUNTAIN (AUT)","1086558","2021-06-12 15:00","2021","06","12","15:00","17.0","","-0.7","","30","","0.0","","19","","6","","","","90.75","","","","","","NA"
"-124.14","52.11","PUNTZI MOUNTAIN (AUT)","1086558","2021-06-12 16:00","2021","06","12","16:00","17.2","","-0.2","","31","","0.0","","3","","9","","","","90.73","","","","","","NA"
"-124.14","52.11","PUNTZI MOUNTAIN (AUT)","1086558","2021-06-12 17:00","2021","06","12","17:00","17.1","","-0.1","","31","","0.0","","5","","10","","","","90.71","","","","","","NA"
"-124.14","52.11","PUNTZI MOUNTAIN (AUT)","1086558","2021-06-12 18:00","2021","06","12","18:00","16.4","","0.6","","34","","0.0","","23","","6","","","","90.70","","","","","","NA"
"-124.14","52.11","PUNTZI MOUNTAIN (AUT)","1086558","2021-06-12 19:00","2021","06","12","19:00","15.6","","-0.1","","34","","0.0","","23","","9","","","","90.67","","","","","","NA"
"-124.14","52.11","PUNTZI MOUNTAIN (AUT)","1086558","2021-06-12 20:00","2021","06","12","20:00","14.1","","1.6","","43","","0.0","","25","","4","","","","90.67","","","","","","NA"
"-124.14","52.11","PUNTZI MOUNTAIN (AUT)","1086558","2021-06-12 21:00","2021","06","12","21:00","10.6","","2.9","","59","","0.0","","30","","2","","","","90.69","","","","","","NA"
"-124.14","52.11","PUNTZI MOUNTAIN (AUT)","1086558","2021-06-12 22:00","2021","06","12","22:00","9.8","","3.0","","63","","0.0","","6","","4","","","","90.68","","","","","","NA"
"-124.14","52.11","PUNTZI MOUNTAIN (AUT)","1086558","2021-06-12 23:00","2021","06","12","23:00","9.3","","4.8","","73","","0.0","","17","","4","","","","90.58","","","","","","NA"
"-124.14","52.11","PUNTZI MOUNTAIN (AUT)","1086558","2021-06-13 00:00","2021","06","13","00:00","9.2","","3.4","","67","","0.0","","7","","4","","","","90.55","","","","","","NA"
"-124.14","52.11","PUNTZI MOUNTAIN (AUT)","1086558","2021-06-13 01:00","2021","06","13","01:00","10.3","","1.3","","54","","0.0","","7","","8","","","","90.54","","","","","","NA"
"-124.14","52.11","PUNTZI MOUNTAIN (AUT)","1086558","2021-06-13 02:00","2021","06","13","02:00","10.8","","2.6","","57","","0.0","","7","","7","","","","90.55","","","","","","NA"
"-124.14","52.11","PUNTZI MOUNTAIN (AUT)","1086558","2021-06-13 03:00","2021","06","13","03:00","10.0","","3.5","","64","","0.0","","8","","10","","","","90.52","","","","","","NA"
"-124.14","52.11","PUNTZI MOUNTAIN (AUT)","1086558","2021-06-13 04:00","2021","06","13","04:00","8.8","","4.2","","73","","0.0","","4","","8","","","","90.39","","","","","","NA"
"-124.14","52.11","PUNTZI MOUNTAIN (AUT)","1086558","2021-06-13 05:00","2021","06","13","05:00","8.7","","4.7","","76","","0.0","","35","","2","","","","90.46","","","","","","NA"
"-124.14","52.11","PUNTZI MOUNTAIN (AUT)","1086558","2021-06-13 06:00","2021","06","13","06:00","9.4","","4.2","","70","","0.0","","31","","3","","","","90.45","","","","","","NA"
"-124.14","52.11","PUNTZI MOUNTAIN (AUT)","1086558","2021-06-13 07:00","2021","06","13","07:00","10.4","","4.4","","66","","0.0","","1","","3","","","","90.42","","","","","","NA"
"-124.14","52.11","PUNTZI MOUNTAIN (AUT)","1086558","2021-06-13 08:00","2021","06","13","08:00","11.5","","4.6","","63","","0.0","","7","","7","","","","90.43","","","","","","NA"
"-124.14","52.11","PUNTZI MOUNTAIN (AUT)","1086558","2021-06-13 09:00","2021","06","13","09:00","15.0","","5.4","","52","","0.0","","5","","12","","","","90.40","","","","","","NA"
"-124.14","52.11","PUNTZI MOUNTAIN (AUT)","1086558","2021-06-13 10:00","2021","06","13","10:00","17.4","","4.2","","42","","0.0","","13","","17","","","","90.38","","","","","","NA"
"-124.14","52.11","PUNTZI MOUNTAIN (AUT)","1086558","2021-06-13 11:00","2021","06","13","11:00","19.3","","1.2","","30","","0.0","","15","","17","","","","90.37","","","","","","NA"
"-124.14","52.11","PUNTZI MOUNTAIN (AUT)","1086558","2021-06-13 12:00","2021","06","13","12:00","20.8","","-0.5","","24","","0.0","","18","","14","","","","90.35","","","","","","NA"
"-124.14","52.11","PUNTZI MOUNTAIN (AUT)","1086558","2021-06-13 13:00","2021","06","13","13:00","21.4","","-2.1","","21","","0.0","","21","","14","","","","90.35","","","","","","NA"
"-124.14","52.11","PUNTZI MOUNTAIN (AUT)","1086558","2021-06-13 14:00","2021","06","13","14:00","20.7","","-3.0","","20","","0.0","","20","","12","","","","90.36","","","","","","NA"
"-124.14","52.11","PUNTZI MOUNTAIN (AUT)","1086558","2021-06-13 15:00","2021","06","13","15:00","20.8","","0.8","","26","","0.0","","19","","8","","","","90.39","","","","","","NA"
"-124.14","52.11","PUNTZI MOUNTAIN (AUT)","1086558","2021-06-13 16:00","2021","06","13","16:00","20.1","","2.0","","30","","0.0","","17","","9","","","","90.42","","","","","","NA"
"-124.14","52.11","PUNTZI MOUNTAIN (AUT)","1086558","2021-06-13 17:00","2021","06","13","17:00","18.6","","0.1","","29","","0.0","","18","","8","","","","90.45","","","","","","NA"
"-124.14","52.11","PUNTZI MOUNTAIN (AUT)","1086558","2021-06-13 18:00","2021","06","13","18:00","17.9","","0.0","","30","","0.0","","17","","8","","","","90.49","","","","","","NA"
"-124.14","52.11","PUNTZI MOUNTAIN (AUT)","1086558","2021-06-13 19:00","2021","06","13","19:00","16.7","","1.2","","35","","0.0","","20","","5","","","","90.52","","","","","","NA"
"-124.14","52.11","PUNTZI MOUNTAIN (AUT)","1086558","2021-06-13 20:00","2021","06","13","20:00","15.3","","0.7","","37","","0.0","","22","","2","","","","90.58","","","","","","NA"
"-124.14","52.11","PUNTZI MOUNTAIN (AUT)","1086558","2021-06-13 21:00","2021","06","13","21:00","14.5","","-0.3","","36","","0.0","","29","","6","","","","90.58","","","","","","NA"
"-124.14","52.11","PUNTZI MOUNTAIN (AUT)","1086558","2021-06-13 22:00","2021","06","13","22:00","13.4","","0.1","","40","","0.0","","28","","7","","","","90.60","","","","","","NA"
"-124.14","52.11","PUNTZI MOUNTAIN (AUT)","1086558","2021-06-13 23:00","2021","06","13","23:00","12.0","","3.4","","56","","0.0","","21","","4","","","","90.60","","","","","","NA"
"-124.14","52.11","PUNTZI MOUNTAIN (AUT)","1086558","2021-06-14 00:00","2021","06","14","00:00","10.1","","2.8","","60","","0.0","","7","","3","","","","90.62","","","","","","NA"
"-124.14","52.11","PUNTZI MOUNTAIN (AUT)","1086558","2021-06-14 01:00","2021","06","14","01:00","9.4","","2.4","","61","","0.0","","36","","2","","","","90.61","","","","","","NA"
"-124.14","52.11","PUNTZI MOUNTAIN (AUT)","1086558","2021-06-14 02:00","2021","06","14","02:00","9.2","","3.4","","67","","0.0","","28","","5","","","","90.60","","","","","","NA"
"-124.14","52.11","PUNTZI MOUNTAIN (AUT)","1086558","2021-06-14 03:00","2021","06","14","03:00","8.4","","5.6","","82","","0.0","","27","","4","","","","90.62","","","","","","NA"
"-124.14","52.11","PUNTZI MOUNTAIN (AUT)","1086558","2021-06-14 04:00","2021","06","14","04:00","8.3","","5.1","","80","","0.0","","33","","3","","","","90.67","","","","","","NA"
"-124.14","52.11","PUNTZI MOUNTAIN (AUT)","1086558","2021-06-14 05:00","2021","06","14","05:00","8.6","","6.7","","88","","0.0","","4","","2","","","","90.71","","","","","","NA"
"-124.14","52.11","PUNTZI MOUNTAIN (AUT)","1086558","2021-06-14 06:00","2021","06","14","06:00","9.6","","6.6","","82","","0.0","","27","","3","","","","90.76","","","","","","NA"
"-124.14","52.11","PUNTZI MOUNTAIN (AUT)","1086558","2021-06-14 07:00","2021","06","14","07:00","13.1","","5.8","","61","","0.2","","26","","13","","","","90.80","","","","","","NA"
"-124.14","52.11","PUNTZI MOUNTAIN (AUT)","1086558","2021-06-14 08:00","2021","06","14","08:00","15.2","","5.2","","51","","0.0","","20","","4","","","","90.80","","","","","","NA"
"-124.14","52.11","PUNTZI MOUNTAIN (AUT)","1086558","2021-06-14 09:00","2021","06","14","09:00","16.6","","3.2","","41","","0.0","","6","","5","","","","90.79","","","","","","NA"
"-124.14","52.11","PUNTZI MOUNTAIN (AUT)","1086558","2021-06-14 10:00","2021","06","14","10:00","17.0","","3.1","","39","","0.0","","10","","7","","","","90.78","","","","","","NA"
"-124.14","52.11","PUNTZI MOUNTAIN (AUT)","1086558","2021-06-14 11:00","2021","06","14","11:00","19.6","","0.9","","29","","0.0","","20","","10","","","","90.78","","","","","","NA"
"-124.14","52.11","PUNTZI MOUNTAIN (AUT)","1086558","2021-06-14 12:00","2021","06","14","12:00","20.3","","1.4","","28","","0.0","","21","","8","","","","90.77","","","","","","NA"
"-124.14","52.11","PUNTZI MOUNTAIN (AUT)","1086558","2021-06-14 13:00","2021","06","14","13:00","21.1","","2.3","","29","","0.0","","21","","9","","","","90.75","","","","","","NA"
"-124.14","52.11","PUNTZI MOUNTAIN (AUT)","1086558","2021-06-14 14:00","2021","06","14","14:00","21.2","","1.2","","26","","0.0","","24","","11","","","","90.72","","","","","","NA"
"-124.14","52.11","PUNTZI MOUNTAIN (AUT)","1086558","2021-06-14 15:00","2021","06","14","15:00","21.2","","-0.7","","23","","0.0","","19","","10","","","","90.75","","","","","","NA"
"-124.14","52.11","PUNTZI MOUNTAIN (AUT)","1086558","2021-06-14 16:00","2021","06","14","16:00","21.0","","-1.5","","22","","0.0","","24","","19","","","","90.72","","","","","","NA"
"-124.14","52.11","PUNTZI MOUNTAIN (AUT)","1086558","2021-06-14 17:00","2021","06","14","17:00","20.4","","-3.0","","20","","0.0","","25","","25","","","","90.75","","","","","","NA"
"-124.14","52.11","PUNTZI MOUNTAIN (AUT)","1086558","2021-06-14 18:00","2021","06","14","18:00","18.8","","-1.4","","25","","0.0","","21","","12","","","","90.77","","","","","","NA"
"-124.14","52.11","PUNTZI MOUNTAIN (AUT)","1086558","2021-06-14 19:00","2021","06","14","19:00","18.3","","-0.6","","28","","0.0","","25","","21","","","","90.76","","","","","","NA"
"-124.14","52.11","PUNTZI MOUNTAIN (AUT)","1086558","2021-06-14 20:00","2021","06","14","20:00","15.9","","0.0","","34","","0.0","","24","","18","","","","90.83","","","","","","NA"
"-124.14","52.11","PUNTZI MOUNTAIN (AUT)","1086558","2021-06-14 21:00","2021","06","14","21:00","12.9","","0.3","","42","","0.0","","26","","11","","","","90.88","","","","","","NA"
"-124.14","52.11","PUNTZI MOUNTAIN (AUT)","1086558","2021-06-14 22:00","2021","06","14","22:00","12.2","","0.2","","43","","0.0","","23","","10","","","","90.89","","","","","","NA"
"-124.14","52.11","PUNTZI MOUNTAIN (AUT)","1086558","2021-06-14 23:00","2021","06","14","23:00","10.9","","1.0","","50","","0.0","","27","","7","","","","90.91","","","","","","NA"
"-124.14","52.11","PUNTZI MOUNTAIN (AUT)","1086558","2021-06-15 00:00","2021","06","15","00:00","8.9","","1.0","","58","","0.0","","25","","7","","","","90.92","","","","","","NA"
"-124.14","52.11","PUNTZI MOUNTAIN (AUT)","1086558","2021-06-15 01:00","2021","06","15","01:00","6.0","","1.2","","71","","0.0","","28","","6","","","","90.93","","","","","","NA"
"-124.14","52.11","PUNTZI MOUNTAIN (AUT)","1086558","2021-06-15 02:00","2021","06","15","02:00","5.9","","1.8","","75","","0.0","","27","","6","","","","90.95","","","","","","NA"
"-124.14","52.11","PUNTZI MOUNTAIN (AUT)","1086558","2021-06-15 03:00","2021","06","15","03:00","7.1","","2.6","","73","","0.0","","29","","7","","","","90.97","","","","","","NA"
"-124.14","52.11","PUNTZI MOUNTAIN (AUT)","1086558","2021-06-15 04:00","2021","06","15","04:00","3.8","","1.2","","83","","0.0","","29","","5","","","","91.00","","","","","","NA"
"-124.14","52.11","PUNTZI MOUNTAIN (AUT)","1086558","2021-06-15 05:00","2021","06","15","05:00","6.1","","2.0","","75","","0.0","","27","","6","","","","91.02","","","","","","NA"
"-124.14","52.11","PUNTZI MOUNTAIN (AUT)","1086558","2021-06-15 06:00","2021","06","15","06:00","9.2","","3.5","","67","","0.0","","29","","8","","","","91.08","","","","","","NA"
"-124.14","52.11","PUNTZI MOUNTAIN (AUT)","1086558","2021-06-15 07:00","2021","06","15","07:00","12.3","","3.4","","55","","0.0","","25","","13","","","","91.06","","","","","","NA"
"-124.14","52.11","PUNTZI MOUNTAIN (AUT)","1086558","2021-06-15 08:00","2021","06","15","08:00","13.9","","2.4","","46","","0.0","","25","","9","","","","91.03","","","","","","NA"
"-124.14","52.11","PUNTZI MOUNTAIN (AUT)","1086558","2021-06-15 09:00","2021","06","15","09:00","15.1","","0.7","","38","","0.0","","24","","8","","","","91.01","","","","","","NA"
"-124.14","52.11","PUNTZI MOUNTAIN (AUT)","1086558","2021-06-15 10:00","2021","06","15","10:00","16.6","","-2.2","","28","","0.0","","26","","11","","","","91.00","","","","","","NA"
"-124.14","52.11","PUNTZI MOUNTAIN (AUT)","1086558","2021-06-15 11:00","2021","06","15","11:00","17.3","","0.4","","32","","0.0","","24","","13","","","","90.99","","","","","","NA"
"-124.14","52.11","PUNTZI MOUNTAIN (AUT)","1086558","2021-06-15 12:00","2021","06","15","12:00","16.6","","-1.5","","29","","0.0","","29","","16","","","","90.99","","","","","","NA"
"-124.14","52.11","PUNTZI MOUNTAIN (AUT)","1086558","2021-06-15 13:00","2021","06","15","13:00","16.6","","-0.2","","32","","0.0","","27","","17","","","","91.06","","","","","","NA"
"-124.14","52.11","PUNTZI MOUNTAIN (AUT)","1086558","2021-06-15 14:00","2021","06","15","14:00","15.0","","0.7","","38","","0.0","","9","","8","","","","91.14","","","","","","NA"
"-124.14","52.11","PUNTZI MOUNTAIN (AUT)","1086558","2021-06-15 15:00","2021","06","15","15:00","17.8","","-0.2","","30","","0.0","","21","","7","","","","91.13","","","","","","NA"
"-124.14","52.11","PUNTZI MOUNTAIN (AUT)","1086558","2021-06-15 16:00","2021","06","15","16:00","16.4","","3.5","","42","","0.0","","18","","10","","","","91.23","","","","","","NA"
"-124.14","52.11","PUNTZI MOUNTAIN (AUT)","1086558","2021-06-15 17:00","2021","06","15","17:00","15.7","","1.2","","37","","0.0","","24","","19","","","","91.23","","","","","","NA"
"-124.14","52.11","PUNTZI MOUNTAIN (AUT)","1086558","2021-06-15 18:00","2021","06","15","18:00","15.7","","1.7","","39","","0.0","","18","","5","","","","91.26","","","","","","NA"
"-124.14","52.11","PUNTZI MOUNTAIN (AUT)","1086558","2021-06-15 19:00","2021","06","15","19:00","16.1","","-1.4","","30","","0.0","","27","","20","","","","91.33","","","","","","NA"
"-124.14","52.11","PUNTZI MOUNTAIN (AUT)","1086558","2021-06-15 20:00","2021","06","15","20:00","13.7","","0.4","","40","","0.0","","26","","16","","","","91.39","","","","","","NA"
"-124.14","52.11","PUNTZI MOUNTAIN (AUT)","1086558","2021-06-15 21:00","2021","06","15","21:00","12.1","","0.8","","46","","0.0","","25","","21","","","","91.53","","","","","","NA"
"-124.14","52.11","PUNTZI MOUNTAIN (AUT)","1086558","2021-06-15 22:00","2021","06","15","22:00","10.1","","1.1","","54","","0.0","","24","","14","","","","91.61","","","","","","NA"
"-124.14","52.11","PUNTZI MOUNTAIN (AUT)","1086558","2021-06-15 23:00","2021","06","15","23:00","8.2","","0.9","","60","","0.0","","24","","8","","","","91.68","","","","","","NA"
"-124.14","52.11","PUNTZI MOUNTAIN (AUT)","1086558","2021-06-16 00:00","2021","06","16","00:00","6.3","","1.1","","70","","0.0","","32","","4","","","","91.74","","","","","","NA"
"-124.14","52.11","PUNTZI MOUNTAIN (AUT)","1086558","2021-06-16 01:00","2021","06","16","01:00","4.8","","0.9","","76","","0.0","","28","","4","","","","91.77","","","","","","NA"
"-124.14","52.11","PUNTZI MOUNTAIN (AUT)","1086558","2021-06-16 02:00","2021","06","16","02:00","3.8","","1.0","","82","","0.0","","29","","3","","","","91.82","","","","","","NA"
"-124.14","52.11","PUNTZI MOUNTAIN (AUT)","1086558","2021-06-16 03:00","2021","06","16","03:00","3.4","","0.9","","83","","0.0","","27","","5","","","","91.85","","","","","","NA"
"-124.14","52.11","PUNTZI MOUNTAIN (AUT)","1086558","2021-06-16 04:00","2021","06","16","04:00","1.4","","-0.2","","89","","0.0","","26","","3","","","","91.90","","","","","","NA"
"-124.14","52.11","PUNTZI MOUNTAIN (AUT)","1086558","2021-06-16 05:00","2021","06","16","05:00","2.1","","-0.3","","84","","0.0","","25","","3","","","","91.95","","","","","","NA"
"-124.14","52.11","PUNTZI MOUNTAIN (AUT)","1086558","2021-06-16 06:00","2021","06","16","06:00","5.6","","1.7","","76","","0.3","","24","","3","","","","91.96","","","","","","NA"
"-124.14","52.11","PUNTZI MOUNTAIN (AUT)","1086558","2021-06-16 07:00","2021","06","16","07:00","9.1","","1.9","","61","","0.0","","30","","1","","","","91.95","","","","","","NA"
"-124.14","52.11","PUNTZI MOUNTAIN (AUT)","1086558","2021-06-16 08:00","2021","06","16","08:00","12.6","","2.1","","49","","0.0","","21","","6","","","","91.94","","","","","","NA"
"-124.14","52.11","PUNTZI MOUNTAIN (AUT)","1086558","2021-06-16 09:00","2021","06","16","09:00","14.6","","2.1","","43","","0.0","","22","","8","","","","91.92","","","","","","NA"
"-124.14","52.11","PUNTZI MOUNTAIN (AUT)","1086558","2021-06-16 10:00","2021","06","16","10:00","16.4","","3.1","","41","","0.0","","28","","9","","","","91.89","","","","","","NA"
"-124.14","52.11","PUNTZI MOUNTAIN (AUT)","1086558","2021-06-16 11:00","2021","06","16","11:00","16.7","","0.5","","34","","0.0","","22","","14","","","","91.86","","","","","","NA"
"-124.14","52.11","PUNTZI MOUNTAIN (AUT)","1086558","2021-06-16 12:00","2021","06","16","12:00","18.1","","-3.6","","23","","0.0","","27","","18","","","","91.80","","","","","","NA"
"-124.14","52.11","PUNTZI MOUNTAIN (AUT)","1086558","2021-06-16 13:00","2021","06","16","13:00","18.9","","-0.5","","27","","0.0","","23","","11","","","","91.75","","","","","","NA"
"-124.14","52.11","PUNTZI MOUNTAIN (AUT)","1086558","2021-06-16 14:00","2021","06","16","14:00","19.7","","-3.6","","20","","0.0","","28","","18","","","","91.72","","","","","","NA"
"-124.14","52.11","PUNTZI MOUNTAIN (AUT)","1086558","2021-06-16 15:00","2021","06","16","15:00","19.7","","-6.0","","17","","0.0","","28","","14","","","","91.69","","","","","","NA"
"-124.14","52.11","PUNTZI MOUNTAIN (AUT)","1086558","2021-06-16 16:00","2021","06","16","16:00","20.0","","-4.4","","19","","0.0","","27","","14","","","","91.65","","","","","","NA"
"-124.14","52.11","PUNTZI MOUNTAIN (AUT)","1086558","2021-06-16 17:00","2021","06","16","17:00","19.8","","-3.3","","21","","0.0","","27","","17","","","","91.64","","","","","","NA"
"-124.14","52.11","PUNTZI MOUNTAIN (AUT)","1086558","2021-06-16 18:00","2021","06","16","18:00","19.1","","-2.8","","22","","0.0","","26","","17","","","","91.64","","","","","","NA"
"-124.14","52.11","PUNTZI MOUNTAIN (AUT)","1086558","2021-06-16 19:00","2021","06","16","19:00","17.8","","-2.2","","26","","0.0","","26","","21","","","","91.64","","","","","","NA"
"-124.14","52.11","PUNTZI MOUNTAIN (AUT)","1086558","2021-06-16 20:00","2021","06","16","20:00","15.4","","-1.7","","31","","0.0","","26","","15","","","","91.65","","","","","","NA"
"-124.14","52.11","PUNTZI MOUNTAIN (AUT)","1086558","2021-06-16 21:00","2021","06","16","21:00","12.5","","-1.4","","38","","0.0","","23","","8","","","","91.70","","","","","","NA"
"-124.14","52.11","PUNTZI MOUNTAIN (AUT)","1086558","2021-06-16 22:00","2021","06","16","22:00","9.4","","-1.6","","46","","0.0","","25","","7","","","","91.74","","","","","","NA"
"-124.14","52.11","PUNTZI MOUNTAIN (AUT)","1086558","2021-06-16 23:00","2021","06","16","23:00","6.6","","-1.7","","55","","0.0","","27","","5","","","","91.76","","","","","","NA"
"-124.14","52.11","PUNTZI MOUNTAIN (AUT)","1086558","2021-06-17 00:00","2021","06","17","00:00","5.8","","-0.9","","62","","0.0","","32","","3","","","","91.75","","","","","","NA"
"-124.14","52.11","PUNTZI MOUNTAIN (AUT)","1086558","2021-06-17 01:00","2021","06","17","01:00","4.2","","-0.3","","73","","0.0","","32","","2","","","","91.76","","","","","","NA"
"-124.14","52.11","PUNTZI MOUNTAIN (AUT)","1086558","2021-06-17 02:00","2021","06","17","02:00","1.7","","-1.8","","77","","0.0","","27","","5","","","","91.76","","","","","","NA"
"-124.14","52.11","PUNTZI MOUNTAIN (AUT)","1086558","2021-06-17 03:00","2021","06","17","03:00","1.1","","-1.5","","83","","0.0","","0","","1","","","","91.75","","","","","","NA"
"-124.14","52.11","PUNTZI MOUNTAIN (AUT)","1086558","2021-06-17 04:00","2021","06","17","04:00","1.0","","-1.1","","86","","0.0","","","","0","","","","91.76","","","","","","NA"
"-124.14","52.11","PUNTZI MOUNTAIN (AUT)","1086558","2021-06-17 05:00","2021","06","17","05:00","1.7","","-1.0","","82","","0.0","","29","","1","","","","91.75","","","","","","NA"
"-124.14","52.11","PUNTZI MOUNTAIN (AUT)","1086558","2021-06-17 06:00","2021","06","17","06:00","4.4","","0.8","","78","","0.0","","27","","3","","","","91.76","","","","","","NA"
"-124.14","52.11","PUNTZI MOUNTAIN (AUT)","1086558","2021-06-17 07:00","2021","06","17","07:00","7.8","","1.2","","63","","0.3","","14","","2","","","","91.74","","","","","","NA"
"-124.14","52.11","PUNTZI MOUNTAIN (AUT)","1086558","2021-06-17 08:00","2021","06","17","08:00","11.6","","2.0","","52","","0.0","","15","","4","","","","91.70","","","","","","NA"
"-124.14","52.11","PUNTZI MOUNTAIN (AUT)","1086558","2021-06-17 09:00","2021","06","17","09:00"
"-124.14","52.11","PUNTZI MOUNTAIN (AUT)","1086558","2021-06-17 10:00","2021","06","17","10:00","16.3","","1.1","","36","","0.0","","26","","6","","","","91.58","","","","","","NA"
"-124.14","52.11","PUNTZI MOUNTAIN (AUT)","1086558","2021-06-17 11:00","2021","06","17","11:00","18.6","","1.1","","31","","0.0","","11","","4","","","","91.51","","","","","","NA"
"-124.14","52.11","PUNTZI MOUNTAIN (AUT)","1086558","2021-06-17 12:00","2021","06","17","12:00","19.1","","-0.8","","26","","0.0","","29","","3","","","","91.43","","","","","","NA"
"-124.14","52.11","PUNTZI MOUNTAIN (AUT)","1086558","2021-06-17 13:00","2021","06","17","13:00","21.4","","1.5","","27","","0.0","","27","","5","","","","91.34","","","","","","NA"
"-124.14","52.11","PUNTZI MOUNTAIN (AUT)","1086558","2021-06-17 14:00","2021","06","17","14:00","22.5","","0.5","","23","","0.0","","7","","10","","","","91.29","","","","","","NA"
"-124.14","52.11","PUNTZI MOUNTAIN (AUT)","1086558","2021-06-17 15:00","2021","06","17","15:00","21.3","","0.8","","26","","0.0","","3","","4","","","","91.25","","","","","","NA"
"-124.14","52.11","PUNTZI MOUNTAIN (AUT)","1086558","2021-06-17 16:00","2021","06","17","16:00","21.4","","2.1","","28","","0.0","","0","","1","","","","91.23","","","","","","NA"
"-124.14","52.11","PUNTZI MOUNTAIN (AUT)","1086558","2021-06-17 17:00","2021","06","17","17:00","20.9","","1.1","","27","","0.0","","21","","2","","","","91.23","","","","","","NA"
"-124.14","52.11","PUNTZI MOUNTAIN (AUT)","1086558","2021-06-17 18:00","2021","06","17","18:00","21.8","","1.6","","26","","0.0","","24","","18","","","","91.21","","","","","","NA"
"-124.14","52.11","PUNTZI MOUNTAIN (AUT)","1086558","2021-06-17 19:00","2021","06","17","19:00","19.0","","2.1","","32","","0.0","","23","","15","","","","91.23","","","","","","NA"
"-124.14","52.11","PUNTZI MOUNTAIN (AUT)","1086558","2021-06-17 20:00","2021","06","17","20:00","17.7","","2.4","","36","","0.0","","24","","16","","","","91.29","","","","","","NA"
"-124.14","52.11","PUNTZI MOUNTAIN (AUT)","1086558","2021-06-17 21:00","2021","06","17","21:00","16.1","","1.7","","38","","0.0","","28","","7","","","","91.36","","","","","","NA"
"-124.14","52.11","PUNTZI MOUNTAIN (AUT)","1086558","2021-06-17 22:00","2021","06","17","22:00","14.0","","2.5","","46","","0.0","","28","","3","","","","91.39","","","","","","NA"
"-124.14","52.11","PUNTZI MOUNTAIN (AUT)","1086558","2021-06-17 23:00","2021","06","17","23:00","13.3","","2.4","","48","","0.0","","28","","5","","","","91.41","","","","","","NA"
"-124.14","52.11","PUNTZI MOUNTAIN (AUT)","1086558","2021-06-18 00:00","2021","06","18","00:00","11.3","","2.4","","54","","0.0","","30","","4","","","","91.40","","","","","","NA"
"-124.14","52.11","PUNTZI MOUNTAIN (AUT)","1086558","2021-06-18 01:00","2021","06","18","01:00","9.9","","1.7","","56","","0.0","","27","","5","","","","91.38","","","","","","NA"
"-124.14","52.11","PUNTZI MOUNTAIN (AUT)","1086558","2021-06-18 02:00","2021","06","18","02:00","8.2","","2.1","","65","","0.0","","24","","3","","","","91.39","","","","","","NA"
"-124.14","52.11","PUNTZI MOUNTAIN (AUT)","1086558","2021-06-18 03:00","2021","06","18","03:00","8.6","","3.3","","69","","0.0","","32","","4","","","","91.39","","","","","","NA"
"-124.14","52.11","PUNTZI MOUNTAIN (AUT)","1086558","2021-06-18 04:00","2021","06","18","04:00","7.5","","3.0","","73","","0.0","","29","","2","","","","91.39","","","","","","NA"
"-124.14","52.11","PUNTZI MOUNTAIN (AUT)","1086558","2021-06-18 05:00","2021","06","18","05:00","6.7","","3.5","","80","","0.0","","0","","1","","","","91.41","","","","","","NA"
"-124.14","52.11","PUNTZI MOUNTAIN (AUT)","1086558","2021-06-18 06:00","2021","06","18","06:00","8.9","","4.3","","73","","0.0","","0","","1","","","","91.44","","","","","","NA"
"-124.14","52.11","PUNTZI MOUNTAIN (AUT)","1086558","2021-06-18 07:00","2021","06","18","07:00","10.8","","4.4","","65","","0.0","","8","","2","","","","91.43","","","","","","NA"
"-124.14","52.11","PUNTZI MOUNTAIN (AUT)","1086558","2021-06-18 08:00","2021","06","18","08:00","14.5","","4.9","","52","","0.0","","9","","2","","","","91.37","","","","","","NA"
"-124.14","52.11","PUNTZI MOUNTAIN (AUT)","1086558","2021-06-18 09:00","2021","06","18","09:00","16.8","","5.5","","47","","0.0","","9","","4","","","","91.34","","","","","","NA"
"-124.14","52.11","PUNTZI MOUNTAIN (AUT)","1086558","2021-06-18 10:00","2021","06","18","10:00","18.0","","3.9","","39","","0.0","","15","","4","","","","91.29","","","","","","NA"
"-124.14","52.11","PUNTZI MOUNTAIN (AUT)","1086558","2021-06-18 11:00","2021","06","18","11:00","18.1","","3.0","","37","","0.0","","15","","4","","","","91.24","","","","","","NA"
"-124.14","52.11","PUNTZI MOUNTAIN (AUT)","1086558","2021-06-18 12:00","2021","06","18","12:00","19.4","","1.1","","29","","0.0","","33","","7","","","","91.20","","","","","","NA"
"-124.14","52.11","PUNTZI MOUNTAIN (AUT)","1086558","2021-06-18 13:00","2021","06","18","13:00","20.3","","2.3","","30","","0.0","","34","","9","","","","91.18","","","","","","NA"
"-124.14","52.11","PUNTZI MOUNTAIN (AUT)","1086558","2021-06-18 14:00","2021","06","18","14:00","20.4","","2.1","","30","","0.0","","21","","8","","","","91.14","","","","","","NA"
"-124.14","52.11","PUNTZI MOUNTAIN (AUT)","1086558","2021-06-18 15:00","2021","06","18","15:00","21.6","","2.4","","28","","0.0","","23","","9","","","","91.11","","","","","","NA"
"-124.14","52.11","PUNTZI MOUNTAIN (AUT)","1086558","2021-06-18 16:00","2021","06","18","16:00","21.6","","3.0","","29","","0.0","","21","","4","","","","91.06","","","","","","NA"
"-124.14","52.11","PUNTZI MOUNTAIN (AUT)","1086558","2021-06-18 17:00","2021","06","18","17:00","21.2","","2.6","","29","","0.0","","30","","6","","","","91.03","","","","","","NA"
"-124.14","52.11","PUNTZI MOUNTAIN (AUT)","1086558","2021-06-18 18:00","2021","06","18","18:00","21.2","","1.5","","27","","0.0","","25","","18","","","","91.00","","","","","","NA"
"-124.14","52.11","PUNTZI MOUNTAIN (AUT)","1086558","2021-06-18 19:00","2021","06","18","19:00","20.5","","0.9","","27","","0.0","","28","","16","","","","91.02","","","","","","NA"
"-124.14","52.11","PUNTZI MOUNTAIN (AUT)","1086558","2021-06-18 20:00","2021","06","18","20:00","18.5","","1.8","","33","","0.0","","30","","15","","","","91.06","","","","","","NA"
"-124.14","52.11","PUNTZI MOUNTAIN (AUT)","1086558","2021-06-18 21:00","2021","06","18","21:00","16.3","","1.7","","37","","0.0","","29","","7","","","","91.12","","","","","","NA"
"-124.14","52.11","PUNTZI MOUNTAIN (AUT)","1086558","2021-06-18 22:00","2021","06","18","22:00","15.0","","1.8","","41","","0.0","","27","","7","","","","91.16","","","","","","NA"
"-124.14","52.11","PUNTZI MOUNTAIN (AUT)","1086558","2021-06-18 23:00","2021","06","18","23:00","12.9","","3.4","","52","","0.0","","22","","5","","","","91.17","","","","","","NA"
"-124.14","52.11","PUNTZI MOUNTAIN (AUT)","1086558","2021-06-19 00:00","2021","06","19","00:00","12.8","","3.1","","52","","0.0","","1","","3","","","","91.17","","","","","","NA"
"-124.14","52.11","PUNTZI MOUNTAIN (AUT)","1086558","2021-06-19 01:00","2021","06","19","01:00","11.0","","3.1","","58","","0.0","","27","","2","","","","91.16","","","","","","NA"
"-124.14","52.11","PUNTZI MOUNTAIN (AUT)","1086558","2021-06-19 02:00","2021","06","19","02:00","10.6","","3.6","","62","","0.0","","35","","2","","","","91.14","","","","","","NA"
"-124.14","52.11","PUNTZI MOUNTAIN (AUT)","1086558","2021-06-19 03:00","2021","06","19","03:00","10.5","","4.1","","65","","0.0","","3","","1","","","","91.15","","","","","","NA"
"-124.14","52.11","PUNTZI MOUNTAIN (AUT)","1086558","2021-06-19 04:00","2021","06","19","04:00","9.3","","6.5","","83","","0.0","","25","","4","","","","91.18","","","","","","NA"
"-124.14","52.11","PUNTZI MOUNTAIN (AUT)","1086558","2021-06-19 05:00","2021","06","19","05:00","9.1","","7.9","","92","","0.5","","6","","3","","","","91.21","","","","","","NA"
"-124.14","52.11","PUNTZI MOUNTAIN (AUT)","1086558","2021-06-19 06:00","2021","06","19","06:00","9.2","","8.2","","93","","1.0","","0","","1","","","","91.23","","","","","","NA"
"-124.14","52.11","PUNTZI MOUNTAIN (AUT)","1086558","2021-06-19 07:00","2021","06","19","07:00","9.5","","8.5","","94","","0.3","","27","","1","","","","91.25","","","","","","NA"
"-124.14","52.11","PUNTZI MOUNTAIN (AUT)","1086558","2021-06-19 08:00","2021","06","19","08:00","9.8","","8.1","","89","","0.6","","14","","2","","","","91.24","","","","","","NA"
"-124.14","52.11","PUNTZI MOUNTAIN (AUT)","1086558","2021-06-19 09:00","2021","06","19","09:00","11.0","","8.1","","82","","0.0","","22","","1","","","","91.23","","","","","","NA"
"-124.14","52.11","PUNTZI MOUNTAIN (AUT)","1086558","2021-06-19 10:00","2021","06","19","10:00","11.5","","8.0","","79","","0.2","","16","","2","","","","91.24","","","","","","NA"
"-124.14","52.11","PUNTZI MOUNTAIN (AUT)","1086558","2021-06-19 11:00","2021","06","19","11:00","12.4","","9.2","","81","","0.0","","30","","2","","","","91.29","","","","","","NA"
"-124.14","52.11","PUNTZI MOUNTAIN (AUT)","1086558","2021-06-19 12:00","2021","06","19","12:00","13.0","","8.6","","75","","0.0","","5","","3","","","","91.30","","","","","","NA"
"-124.14","52.11","PUNTZI MOUNTAIN (AUT)","1086558","2021-06-19 13:00","2021","06","19","13:00","12.6","","9.2","","80","","0.0","","29","","5","","","","91.33","","","","","","NA"
"-124.14","52.11","PUNTZI MOUNTAIN (AUT)","1086558","2021-06-19 14:00","2021","06","19","14:00","12.6","","8.2","","74","","0.0","","2","","7","","","","91.38","","","","","","NA"
"-124.14","52.11","PUNTZI MOUNTAIN (AUT)","1086558","2021-06-19 15:00","2021","06","19","15:00","13.9","","10.1","","78","","0.0","","16","","7","","","","91.42","","","","","","NA"
"-124.14","52.11","PUNTZI MOUNTAIN (AUT)","1086558","2021-06-19 16:00","2021","06","19","16:00","13.3","","9.7","","79","","0.0","","22","","5","","","","91.45","","","","","","NA"
"-124.14","52.11","PUNTZI MOUNTAIN (AUT)","1086558","2021-06-19 17:00","2021","06","19","17:00","15.5","","10.1","","70","","0.0","","22","","6","","","","91.45","","","","","","NA"
"-124.14","52.11","PUNTZI MOUNTAIN (AUT)","1086558","2021-06-19 18:00","2021","06","19","18:00","15.7","","9.4","","66","","0.0","","22","","9","","","","91.44","","","","","","NA"
"-124.14","52.11","PUNTZI MOUNTAIN (AUT)","1086558","2021-06-19 19:00","2021","06","19","19:00","15.1","","9.0","","67","","0.0","","23","","7","","","","91.51","","","","","","NA"
"-124.14","52.11","PUNTZI MOUNTAIN (AUT)","1086558","2021-06-19 20:00","2021","06","19","20:00","13.8","","8.7","","71","","0.0","","27","","5","","","","91.55","","","","","","NA"
"-124.14","52.11","PUNTZI MOUNTAIN (AUT)","1086558","2021-06-19 21:00","2021","06","19","21:00","9.2","","7.8","","91","","0.0","","28","","2","","","","91.59","","","","","","NA"
"-124.14","52.11","PUNTZI MOUNTAIN (AUT)","1086558","2021-06-19 22:00","2021","06","19","22:00","6.9","","5.7","","92","","0.0","","28","","4","","","","91.63","","","","","","NA"
"-124.14","52.11","PUNTZI MOUNTAIN (AUT)","1086558","2021-06-19 23:00","2021","06","19","23:00","5.8","","5.1","","95","","0.0","","27","","7","","","","91.66","","","","","","NA"
"-124.14","52.11","PUNTZI MOUNTAIN (AUT)","1086558","2021-06-20 00:00","2021","06","20","00:00","5.5","","4.8","","95","","0.0","","28","","3","","","","91.70","","","","","","NA"
"-124.14","52.11","PUNTZI MOUNTAIN (AUT)","1086558","2021-06-20 01:00","2021","06","20","01:00","4.2","","3.6","","95","","0.0","","33","","3","","","","91.75","","","","","","NA"
"-124.14","52.11","PUNTZI MOUNTAIN (AUT)","1086558","2021-06-20 02:00","2021","06","20","02:00","3.7","","2.8","","94","","0.0","","26","","2","","","","91.78","","","","","","NA"
"-124.14","52.11","PUNTZI MOUNTAIN (AUT)","1086558","2021-06-20 03:00","2021","06","20","03:00","4.9","","4.7","","98","","0.0","","1","","4","","","","91.78","","","","","","NA"
"-124.14","52.11","PUNTZI MOUNTAIN (AUT)","1086558","2021-06-20 04:00","2021","06","20","04:00","4.4","","4.2","","99","","0.0","","22","","2","","","","91.79","","","","","","NA"
"-124.14","52.11","PUNTZI MOUNTAIN (AUT)","1086558","2021-06-20 05:00","2021","06","20","05:00","4.0","","3.8","","99","","0.0","","19","","3","","","","91.82","","","","","","NA"
"-124.14","52.11","PUNTZI MOUNTAIN (AUT)","1086558","2021-06-20 06:00","2021","06","20","06:00","4.8","","4.6","","99","","0.0","","9","","2","","","","91.84","","","","","","NA"
"-124.14","52.11","PUNTZI MOUNTAIN (AUT)","1086558","2021-06-20 07:00","2021","06","20","07:00","5.9","","5.6","","98","","0.2","","34","","2","","","","91.85","","","","","","NA"
"-124.14","52.11","PUNTZI MOUNTAIN (AUT)","1086558","2021-06-20 08:00","2021","06","20","08:00","9.1","","5.6","","79","","0.0","","12","","2","","","","91.82","","","","","","NA"
"-124.14","52.11","PUNTZI MOUNTAIN (AUT)","1086558","2021-06-20 09:00","2021","06","20","09:00","15.7","","5.9","","52","","0.0","","7","","9","","","","91.76","","","","","","NA"
"-124.14","52.11","PUNTZI MOUNTAIN (AUT)","1086558","2021-06-20 10:00","2021","06","20","10:00","18.0","","6.7","","48","","0.0","","6","","10","","","","91.73","","","","","","NA"
"-124.14","52.11","PUNTZI MOUNTAIN (AUT)","1086558","2021-06-20 11:00","2021","06","20","11:00","20.3","","7.5","","44","","0.0","","12","","11","","","","91.69","","","","","","NA"
"-124.14","52.11","PUNTZI MOUNTAIN (AUT)","1086558","2021-06-20 12:00","2021","06","20","12:00","20.8","","6.8","","40","","0.0","","7","","8","","","","91.61","","","","","","NA"
"-124.14","52.11","PUNTZI MOUNTAIN (AUT)","1086558","2021-06-20 13:00","2021","06","20","13:00","22.3","","7.2","","38","","0.0","","15","","9","","","","91.56","","","","","","NA"
"-124.14","52.11","PUNTZI MOUNTAIN (AUT)","1086558","2021-06-20 14:00","2021","06","20","14:00","22.7","","5.1","","32","","0.0","","9","","9","","","","91.50","","","","","","NA"
"-124.14","52.11","PUNTZI MOUNTAIN (AUT)","1086558","2021-06-20 15:00","2021","06","20","15:00","23.8","","5.3","","30","","0.0","","15","","6","","","","91.43","","","","","","NA"
"-124.14","52.11","PUNTZI MOUNTAIN (AUT)","1086558","2021-06-20 16:00","2021","06","20","16:00","24.4","","5.5","","30","","0.0","","8","","7","","","","91.37","","","","","","NA"
"-124.14","52.11","PUNTZI MOUNTAIN (AUT)","1086558","2021-06-20 17:00","2021","06","20","17:00","24.4","","4.6","","28","","0.0","","7","","9","","","","91.32","","","","","","NA"
"-124.14","52.11","PUNTZI MOUNTAIN (AUT)","1086558","2021-06-20 18:00","2021","06","20","18:00","24.4","","3.7","","26","","0.0","","5","","11","","","","91.27","","","","","","NA"
"-124.14","52.11","PUNTZI MOUNTAIN (AUT)","1086558","2021-06-20 19:00","2021","06","20","19:00","23.5","","4.2","","28","","0.0","","5","","10","","","","91.25","","","","","","NA"
"-124.14","52.11","PUNTZI MOUNTAIN (AUT)","1086558","2021-06-20 20:00","2021","06","20","20:00","20.6","","6.5","","40","","0.0","","1","","6","","","","91.24","","","","","","NA"
"-124.14","52.11","PUNTZI MOUNTAIN (AUT)","1086558","2021-06-20 21:00","2021","06","20","21:00","15.3","","6.5","","56","","0.0","","2","","2","","","","91.24","","","","","","NA"
"-124.14","52.11","PUNTZI MOUNTAIN (AUT)","1086558","2021-06-20 22:00","2021","06","20","22:00","12.0","","5.5","","64","","0.0","","6","","2","","","","91.24","","","","","","NA"
"-124.14","52.11","PUNTZI MOUNTAIN (AUT)","1086558","2021-06-20 23:00","2021","06","20","23:00","10.3","","5.3","","72","","0.0","","","","0","","","","91.23","","","","","","NA"
"-124.14","52.11","PUNTZI MOUNTAIN (AUT)","1086558","2021-06-21 00:00","2021","06","21","00:00","8.8","","5.6","","80","","0.0","","27","","3","","","","91.25","","","","","","NA"
"-124.14","52.11","PUNTZI MOUNTAIN (AUT)","1086558","2021-06-21 01:00","2021","06","21","01:00","7.7","","4.8","","82","","0.0","","0","","1","","","","91.24","","","","","","NA"
"-124.14","52.11","PUNTZI MOUNTAIN (AUT)","1086558","2021-06-21 02:00","2021","06","21","02:00","6.8","","4.9","","88","","0.0","","0","","1","","","","91.26","","","","","","NA"
"-124.14","52.11","PUNTZI MOUNTAIN (AUT)","1086558","2021-06-21 03:00","2021","06","21","03:00","5.6","","4.2","","91","","0.0","","31","","2","","","","91.24","","","","","","NA"
"-124.14","52.11","PUNTZI MOUNTAIN (AUT)","1086558","2021-06-21 04:00","2021","06","21","04:00","4.7","","3.3","","91","","0.0","","28","","2","","","","91.24","","","","","","NA"
"-124.14","52.11","PUNTZI MOUNTAIN (AUT)","1086558","2021-06-21 05:00","2021","06","21","05:00","6.4","","4.4","","87","","0.0","","30","","2","","","","91.24","","","","","","NA"
"-124.14","52.11","PUNTZI MOUNTAIN (AUT)","1086558","2021-06-21 06:00","2021","06","21","06:00","10.3","","5.6","","73","","0.0","","27","","4","","","","91.21","","","","","","NA"
"-124.14","52.11","PUNTZI MOUNTAIN (AUT)","1086558","2021-06-21 07:00","2021","06","21","07:00","14.6","","6.9","","60","","0.0","","27","","7","","","","91.19","","","","","","NA"
"-124.14","52.11","PUNTZI MOUNTAIN (AUT)","1086558","2021-06-21 08:00","2021","06","21","08:00","18.0","","8.2","","53","","0.0","","25","","8","","","","91.14","","","","","","NA"
"-124.14","52.11","PUNTZI MOUNTAIN (AUT)","1086558","2021-06-21 09:00","2021","06","21","09:00","20.9","","7.6","","42","","0.0","","22","","6","","","","91.05","","","","","","NA"
"-124.14","52.11","PUNTZI MOUNTAIN (AUT)","1086558","2021-06-21 10:00","2021","06","21","10:00","23.5","","8.4","","38","","0.0","","24","","8","","","","91.00","","","","","","NA"
"-124.14","52.11","PUNTZI MOUNTAIN (AUT)","1086558","2021-06-21 11:00","2021","06","21","11:00","25.0","","5.4","","28","","0.0","","17","","6","","","","90.91","","","","","","NA"
"-124.14","52.11","PUNTZI MOUNTAIN (AUT)","1086558","2021-06-21 12:00","2021","06","21","12:00","27.0","","5.7","","26","","0.0","","19","","7","","","","90.85","","27","","","","NA"
"-124.14","52.11","PUNTZI MOUNTAIN (AUT)","1086558","2021-06-21 13:00","2021","06","21","13:00","27.9","","4.9","","23","","0.0","","23","","10","","","","90.78","","27","","","","NA"
"-124.14","52.11","PUNTZI MOUNTAIN (AUT)","1086558","2021-06-21 14:00","2021","06","21","14:00","29.5","","6.5","","23","","0.0","","19","","6","","","","90.70","","29","","","","NA"
"-124.14","52.11","PUNTZI MOUNTAIN (AUT)","1086558","2021-06-21 15:00","2021","06","21","15:00","29.8","","3.7","","19","","0.0","","29","","14","","","","90.64","","29","","","","NA"
"-124.14","52.11","PUNTZI MOUNTAIN (AUT)","1086558","2021-06-21 16:00","2021","06","21","16:00","30.0","","4.0","","19","","0.0","","29","","13","","","","90.60","","29","","","","NA"
"-124.14","52.11","PUNTZI MOUNTAIN (AUT)","1086558","2021-06-21 17:00","2021","06","21","17:00","29.4","","2.8","","18","","0.0","","26","","15","","","","90.55","","28","","","","NA"
"-124.14","52.11","PUNTZI MOUNTAIN (AUT)","1086558","2021-06-21 18:00","2021","06","21","18:00","28.9","","3.1","","19","","0.0","","28","","17","","","","90.52","","28","","","","NA"
"-124.14","52.11","PUNTZI MOUNTAIN (AUT)","1086558","2021-06-21 19:00","2021","06","21","19:00","26.5","","3.6","","23","","0.0","","30","","15","","","","90.54","","25","","","","NA"
"-124.14","52.11","PUNTZI MOUNTAIN (AUT)","1086558","2021-06-21 20:00","2021","06","21","20:00","24.4","","4.0","","27","","0.0","","30","","12","","","","90.57","","","","","","NA"
"-124.14","52.11","PUNTZI MOUNTAIN (AUT)","1086558","2021-06-21 21:00","2021","06","21","21:00","21.6","","2.4","","28","","0.0","","27","","11","","","","90.63","","","","","","NA"
"-124.14","52.11","PUNTZI MOUNTAIN (AUT)","1086558","2021-06-21 22:00","2021","06","21","22:00","18.1","","4.5","","41","","0.0","","24","","10","","","","90.66","","","","","","NA"
"-124.14","52.11","PUNTZI MOUNTAIN (AUT)","1086558","2021-06-21 23:00","2021","06","21","23:00","15.8","","5.2","","49","","0.0","","27","","5","","","","90.66","","","","","","NA"
"-124.14","52.11","PUNTZI MOUNTAIN (AUT)","1086558","2021-06-22 00:00","2021","06","22","00:00","12.1","","5.0","","62","","0.0","","28","","1","","","","90.70","","","","","","NA"
"-124.14","52.11","PUNTZI MOUNTAIN (AUT)","1086558","2021-06-22 01:00","2021","06","22","01:00","9.7","","4.7","","71","","0.0","","24","","4","","","","90.69","","","","","","NA"
"-124.14","52.11","PUNTZI MOUNTAIN (AUT)","1086558","2021-06-22 02:00","2021","06","22","02:00","8.5","","4.3","","75","","0.0","","27","","6","","","","90.71","","","","","","NA"
"-124.14","52.11","PUNTZI MOUNTAIN (AUT)","1086558","2021-06-22 03:00","2021","06","22","03:00","6.5","","3.8","","83","","0.0","","28","","2","","","","90.73","","","","","","NA"
"-124.14","52.11","PUNTZI MOUNTAIN (AUT)","1086558","2021-06-22 04:00","2021","06","22","04:00","5.4","","3.3","","86","","0.0","","36","","1","","","","90.74","","","","","","NA"
"-124.14","52.11","PUNTZI MOUNTAIN (AUT)","1086558","2021-06-22 05:00","2021","06","22","05:00","7.0","","4.3","","83","","0.0","","34","","1","","","","90.74","","","","","","NA"
"-124.14","52.11","PUNTZI MOUNTAIN (AUT)","1086558","2021-06-22 06:00","2021","06","22","06:00","9.3","","5.5","","77","","0.3","","32","","1","","","","90.76","","","","","","NA"
"-124.14","52.11","PUNTZI MOUNTAIN (AUT)","1086558","2021-06-22 07:00","2021","06","22","07:00","12.7","","6.2","","65","","0.0","","12","","2","","","","90.73","","","","","","NA"
"-124.14","52.11","PUNTZI MOUNTAIN (AUT)","1086558","2021-06-22 08:00","2021","06","22","08:00","16.2","","7.4","","56","","0.0","","12","","3","","","","90.70","","","","","","NA"
"-124.14","52.11","PUNTZI MOUNTAIN (AUT)","1086558","2021-06-22 09:00","2021","06","22","09:00","19.6","","7.3","","45","","0.0","","13","","4","","","","90.65","","","","","","NA"
"-124.14","52.11","PUNTZI MOUNTAIN (AUT)","1086558","2021-06-22 10:00","2021","06","22","10:00","22.0","","5.8","","35","","0.0","","18","","5","","","","90.57","","","","","","NA"
"-124.14","52.11","PUNTZI MOUNTAIN (AUT)","1086558","2021-06-22 11:00","2021","06","22","11:00","24.3","","5.6","","30","","0.0","","16","","8","","","","90.51","","","","","","NA"
"-124.14","52.11","PUNTZI MOUNTAIN (AUT)","1086558","2021-06-22 12:00","2021","06","22","12:00","26.1","","3.4","","23","","0.0","","14","","7","","","","90.43","","25","","","","NA"
"-124.14","52.11","PUNTZI MOUNTAIN (AUT)","1086558","2021-06-22 13:00","2021","06","22","13:00","28.1","","0.1","","16","","0.0","","25","","13","","","","90.41","","26","","","","NA"
"-124.14","52.11","PUNTZI MOUNTAIN (AUT)","1086558","2021-06-22 14:00","2021","06","22","14:00","28.8","","2.3","","18","","0.0","","28","","15","","","","90.37","","27","","","","NA"
"-124.14","52.11","PUNTZI MOUNTAIN (AUT)","1086558","2021-06-22 15:00","2021","06","22","15:00","27.9","","-1.0","","15","","0.0","","30","","19","","","","90.35","","25","","","","NA"
"-124.14","52.11","PUNTZI MOUNTAIN (AUT)","1086558","2021-06-22 16:00","2021","06","22","16:00","28.2","","0.2","","16","","0.0","","28","","21","","","","90.32","","26","","","","NA"
"-124.14","52.11","PUNTZI MOUNTAIN (AUT)","1086558","2021-06-22 17:00","2021","06","22","17:00","27.5","","2.2","","20","","0.0","","30","","23","","","","90.32","","26","","","","NA"
"-124.14","52.11","PUNTZI MOUNTAIN (AUT)","1086558","2021-06-22 18:00","2021","06","22","18:00","26.4","","3.1","","22","","0.0","","29","","22","","","","90.37","","25","","","","NA"
"-124.14","52.11","PUNTZI MOUNTAIN (AUT)","1086558","2021-06-22 19:00","2021","06","22","19:00","25.2","","3.6","","25","","0.0","","29","","19","","","","90.41","","","","","","NA"
"-124.14","52.11","PUNTZI MOUNTAIN (AUT)","1086558","2021-06-22 20:00","2021","06","22","20:00","22.9","","4.3","","30","","0.0","","28","","13","","","","90.44","","","","","","NA"
"-124.14","52.11","PUNTZI MOUNTAIN (AUT)","1086558","2021-06-22 21:00","2021","06","22","21:00","20.7","","4.8","","35","","0.0","","30","","12","","","","90.50","","","","","","NA"
"-124.14","52.11","PUNTZI MOUNTAIN (AUT)","1086558","2021-06-22 22:00","2021","06","22","22:00","18.7","","5.2","","41","","0.0","","15","","4","","","","90.56","","","","","","NA"
"-124.14","52.11","PUNTZI MOUNTAIN (AUT)","1086558","2021-06-22 23:00","2021","06","22","23:00","15.5","","4.8","","49","","0.0","","1","","3","","","","90.60","","","","","","NA"
"-124.14","52.11","PUNTZI MOUNTAIN (AUT)","1086558","2021-06-23 00:00","2021","06","23","00:00","15.4","","5.4","","51","","0.0","","27","","3","","","","90.65","","","","","","NA"
"-124.14","52.11","PUNTZI MOUNTAIN (AUT)","1086558","2021-06-23 01:00","2021","06","23","01:00","13.9","","5.7","","58","","0.0","","25","","2","","","","90.70","","","","","","NA"
"-124.14","52.11","PUNTZI MOUNTAIN (AUT)","1086558","2021-06-23 02:00","2021","06","23","02:00","11.7","","5.8","","67","","0.0","","27","","4","","","","90.72","","","","","","NA"
"-124.14","52.11","PUNTZI MOUNTAIN (AUT)","1086558","2021-06-23 03:00","2021","06","23","03:00","10.5","","5.1","","69","","0.0","","28","","5","","","","90.75","","","","","","NA"
"-124.14","52.11","PUNTZI MOUNTAIN (AUT)","1086558","2021-06-23 04:00","2021","06","23","04:00","9.5","","5.1","","74","","0.0","","29","","3","","","","90.76","","","","","","NA"
"-124.14","52.11","PUNTZI MOUNTAIN (AUT)","1086558","2021-06-23 05:00","2021","06","23","05:00","10.8","","5.3","","69","","0.0","","33","","2","","","","90.78","","","","","","NA"
"-124.14","52.11","PUNTZI MOUNTAIN (AUT)","1086558","2021-06-23 06:00","2021","06","23","06:00","11.8","","6.5","","70","","0.0","","27","","3","","","","90.80","","","","","","NA"
"-124.14","52.11","PUNTZI MOUNTAIN (AUT)","1086558","2021-06-23 07:00","2021","06","23","07:00","13.5","","8.0","","69","","0.0","","27","","3","","","","90.81","","","","","","NA"
"-124.14","52.11","PUNTZI MOUNTAIN (AUT)","1086558","2021-06-23 08:00","2021","06","23","08:00","14.8","","7.9","","63","","0.0","","28","","3","","","","90.85","","","","","","NA"
"-124.14","52.11","PUNTZI MOUNTAIN (AUT)","1086558","2021-06-23 09:00","2021","06","23","09:00","14.9","","9.2","","69","","0.0","","24","","3","","","","90.88","","","","","","NA"
"-124.14","52.11","PUNTZI MOUNTAIN (AUT)","1086558","2021-06-23 10:00","2021","06","23","10:00","16.8","","8.6","","58","","0.0","","24","","5","","","","90.90","","","","","","NA"
"-124.14","52.11","PUNTZI MOUNTAIN (AUT)","1086558","2021-06-23 11:00","2021","06","23","11:00","18.8","","9.3","","54","","0.0","","14","","4","","","","90.90","","","","","","NA"
"-124.14","52.11","PUNTZI MOUNTAIN (AUT)","1086558","2021-06-23 12:00","2021","06","23","12:00","20.7","","9.5","","49","","0.0","","18","","6","","","","90.90","","","","","","NA"
"-124.14","52.11","PUNTZI MOUNTAIN (AUT)","1086558","2021-06-23 13:00","2021","06","23","13:00","21.2","","8.0","","43","","0.0","","30","","4","","","","90.87","","","","","","NA"
"-124.14","52.11","PUNTZI MOUNTAIN (AUT)","1086558","2021-06-23 14:00","2021","06","23","14:00","21.6","","10.3","","49","","0.0","","18","","4","","","","90.86","","","","","","NA"
"-124.14","52.11","PUNTZI MOUNTAIN (AUT)","1086558","2021-06-23 15:00","2021","06","23","15:00","21.3","","10.5","","50","","0.0","","34","","10","","","","90.92","","","","","","NA"
"-124.14","52.11","PUNTZI MOUNTAIN (AUT)","1086558","2021-06-23 16:00","2021","06","23","16:00","20.9","","12.3","","58","","0.0","","2","","15","","","","90.95","","","","","","NA"
"-124.14","52.11","PUNTZI MOUNTAIN (AUT)","1086558","2021-06-23 17:00","2021","06","23","17:00","21.2","","10.4","","50","","0.0","","3","","7","","","","90.96","","","","","","NA"
"-124.14","52.11","PUNTZI MOUNTAIN (AUT)","1086558","2021-06-23 18:00","2021","06","23","18:00","20.6","","12.3","","59","","0.0","","11","","4","","","","90.98","","","","","","NA"
"-124.14","52.11","PUNTZI MOUNTAIN (AUT)","1086558","2021-06-23 19:00","2021","06","23","19:00","20.3","","11.3","","56","","0.0","","10","","6","","","","91.00","","","","","","NA"
"-124.14","52.11","PUNTZI MOUNTAIN (AUT)","1086558","2021-06-23 20:00","2021","06","23","20:00","18.8","","12.1","","65","","0.0","","12","","6","","","","91.07","","","","","","NA"
"-124.14","52.11","PUNTZI MOUNTAIN (AUT)","1086558","2021-06-23 21:00","2021","06","23","21:00","17.5","","11.6","","68","","0.0","","32","","4","","","","91.14","","","","","","NA"
"-124.14","52.11","PUNTZI MOUNTAIN (AUT)","1086558","2021-06-23 22:00","2021","06","23","22:00","14.5","","10.1","","75","","0.0","","3","","2","","","","91.19","","","","","","NA"
"-124.14","52.11","PUNTZI MOUNTAIN (AUT)","1086558","2021-06-23 23:00","2021","06","23","23:00","13.2","","8.9","","75","","0.0","","29","","7","","","","91.23","","","","","","NA"
"-124.14","52.11","PUNTZI MOUNTAIN (AUT)","1086558","2021-06-24 00:00","2021","06","24","00:00","14.1","","9.0","","71","","0.0","","28","","3","","","","91.29","","","","","","NA"
"-124.14","52.11","PUNTZI MOUNTAIN (AUT)","1086558","2021-06-24 01:00","2021","06","24","01:00","13.6","","9.1","","74","","0.0","","23","","4","","","","91.34","","","","","","NA"
"-124.14","52.11","PUNTZI MOUNTAIN (AUT)","1086558","2021-06-24 02:00","2021","06","24","02:00","13.8","","9.0","","73","","0.0","","32","","3","","","","91.36","","","","","","NA"
"-124.14","52.11","PUNTZI MOUNTAIN (AUT)","1086558","2021-06-24 03:00","2021","06","24","03:00","13.2","","9.2","","77","","0.0","","31","","7","","","","91.41","","","","","","NA"
"-124.14","52.11","PUNTZI MOUNTAIN (AUT)","1086558","2021-06-24 04:00","2021","06","24","04:00","12.7","","9.3","","80","","0.0","","0","","1","","","","91.46","","","","","","NA"
"-124.14","52.11","PUNTZI MOUNTAIN (AUT)","1086558","2021-06-24 05:00","2021","06","24","05:00","13.1","","10.1","","82","","0.0","","30","","3","","","","91.51","","","","","","NA"
"-124.14","52.11","PUNTZI MOUNTAIN (AUT)","1086558","2021-06-24 06:00","2021","06","24","06:00","14.3","","9.7","","74","","0.0","","25","","3","","","","91.54","","","","","","NA"
"-124.14","52.11","PUNTZI MOUNTAIN (AUT)","1086558","2021-06-24 07:00","2021","06","24","07:00","16.1","","10.3","","68","","0.0","","19","","1","","","","91.58","","","","","","NA"
"-124.14","52.11","PUNTZI MOUNTAIN (AUT)","1086558","2021-06-24 08:00","2021","06","24","08:00","17.9","","8.2","","53","","0.0","","22","","11","","","","91.56","","","","","","NA"
"-124.14","52.11","PUNTZI MOUNTAIN (AUT)","1086558","2021-06-24 09:00","2021","06","24","09:00","18.8","","8.5","","51","","0.0","","31","","10","","","","91.57","","","","","","NA"
"-124.14","52.11","PUNTZI MOUNTAIN (AUT)","1086558","2021-06-24 10:00","2021","06","24","10:00","19.0","","9.0","","52","","0.0","","35","","11","","","","91.60","","","","","","NA"
"-124.14","52.11","PUNTZI MOUNTAIN (AUT)","1086558","2021-06-24 11:00","2021","06","24","11:00","20.4","","8.4","","46","","0.0","","30","","5","","","","91.60","","","","","","NA"
"-124.14","52.11","PUNTZI MOUNTAIN (AUT)","1086558","2021-06-24 12:00","2021","06","24","12:00","22.2","","8.4","","41","","0.0","","33","","8","","","","91.58","","","","","","NA"
"-124.14","52.11","PUNTZI MOUNTAIN (AUT)","1086558","2021-06-24 13:00","2021","06","24","13:00","23.2","","6.9","","35","","0.0","","29","","9","","","","91.60","","","","","","NA"
"-124.14","52.11","PUNTZI MOUNTAIN (AUT)","1086558","2021-06-24 14:00","2021","06","24","14:00","25.0","","8.4","","35","","0.0","","34","","5","","","","91.59","","26","","","","NA"
"-124.14","52.11","PUNTZI MOUNTAIN (AUT)","1086558","2021-06-24 15:00","2021","06","24","15:00","26.2","","8.0","","31","","0.0","","33","","8","","","","91.57","","27","","","","NA"
"-124.14","52.11","PUNTZI MOUNTAIN (AUT)","1086558","2021-06-24 16:00","2021","06","24","16:00","24.1","","9.4","","39","","0.0","","19","","5","","","","91.55","","25","","","","NA"
"-124.14","52.11","PUNTZI MOUNTAIN (AUT)","1086558","2021-06-24 17:00","2021","06","24","17:00","24.7","","7.8","","34","","0.0","","27","","10","","","","91.54","","25","","","","NA"
"-124.14","52.11","PUNTZI MOUNTAIN (AUT)","1086558","2021-06-24 18:00","2021","06","24","18:00","24.2","","6.7","","33","","0.0","","28","","13","","","","91.54","","","","","","NA"
"-124.14","52.11","PUNTZI MOUNTAIN (AUT)","1086558","2021-06-24 19:00","2021","06","24","19:00","24.7","","7.5","","33","","0.0","","28","","8","","","","91.57","","25","","","","NA"
"-124.14","52.11","PUNTZI MOUNTAIN (AUT)","1086558","2021-06-24 20:00","2021","06","24","20:00","21.6","","8.7","","43","","0.0","","32","","6","","","","91.61","","","","","","NA"
"-124.14","52.11","PUNTZI MOUNTAIN (AUT)","1086558","2021-06-24 21:00","2021","06","24","21:00","19.0","","7.1","","46","","0.0","","32","","7","","","","91.66","","","","","","NA"
"-124.14","52.11","PUNTZI MOUNTAIN (AUT)","1086558","2021-06-24 22:00","2021","06","24","22:00","16.6","","7.0","","53","","0.0","","31","","5","","","","91.72","","","","","","NA"
"-124.14","52.11","PUNTZI MOUNTAIN (AUT)","1086558","2021-06-24 23:00","2021","06","24","23:00","14.2","","7.2","","63","","0.0","","","","0","","","","91.76","","","","","","NA"
"-124.14","52.11","PUNTZI MOUNTAIN (AUT)","1086558","2021-06-25 00:00","2021","06","25","00:00","12.5","","7.1","","70","","0.0","","1","","2","","","","91.78","","","","","","NA"
"-124.14","52.11","PUNTZI MOUNTAIN (AUT)","1086558","2021-06-25 01:00","2021","06","25","01:00","12.0","","8.0","","77","","0.0","","6","","4","","","","91.81","","","","","","NA"
"-124.14","52.11","PUNTZI MOUNTAIN (AUT)","1086558","2021-06-25 02:00","2021","06","25","02:00","10.3","","6.3","","76","","0.0","","23","","3","","","","91.85","","","","","","NA"
"-124.14","52.11","PUNTZI MOUNTAIN (AUT)","1086558","2021-06-25 03:00","2021","06","25","03:00","9.3","","5.7","","78","","0.0","","29","","1","","","","91.88","","","","","","NA"
"-124.14","52.11","PUNTZI MOUNTAIN (AUT)","1086558","2021-06-25 04:00","2021","06","25","04:00","9.0","","5.7","","80","","0.0","","29","","3","","","","91.91","","","","","","NA"
"-124.14","52.11","PUNTZI MOUNTAIN (AUT)","1086558","2021-06-25 05:00","2021","06","25","05:00","10.1","","5.9","","75","","0.0","","0","","1","","","","91.98","","","","","","NA"
"-124.14","52.11","PUNTZI MOUNTAIN (AUT)","1086558","2021-06-25 06:00","2021","06","25","06:00","12.9","","7.5","","70","","0.0","","19","","2","","","","92.02","","","","","","NA"
"-124.14","52.11","PUNTZI MOUNTAIN (AUT)","1086558","2021-06-25 07:00","2021","06","25","07:00","16.9","","8.6","","58","","0.0","","16","","2","","","","92.05","","","","","","NA"
"-124.14","52.11","PUNTZI MOUNTAIN (AUT)","1086558","2021-06-25 08:00","2021","06","25","08:00","20.3","","7.5","","43","","0.0","","18","","3","","","","92.01","","","","","","NA"
"-124.14","52.11","PUNTZI MOUNTAIN (AUT)","1086558","2021-06-25 09:00","2021","06","25","09:00","22.8","","7.5","","37","","0.0","","23","","5","","","","91.99","","","","","","NA"
"-124.14","52.11","PUNTZI MOUNTAIN (AUT)","1086558","2021-06-25 10:00","2021","06","25","10:00","25.2","","9.9","","38","","0.0","","20","","3","","","","91.91","","26","","","","NA"
"-124.14","52.11","PUNTZI MOUNTAIN (AUT)","1086558","2021-06-25 11:00","2021","06","25","11:00","26.2","","9.8","","36","","0.0","","16","","7","","","","91.88","","27","","","","NA"
"-124.14","52.11","PUNTZI MOUNTAIN (AUT)","1086558","2021-06-25 12:00","2021","06","25","12:00","27.9","","9.8","","32","","0.0","","12","","4","","","","91.83","","29","","","","NA"
"-124.14","52.11","PUNTZI MOUNTAIN (AUT)","1086558","2021-06-25 13:00","2021","06","25","13:00","28.8","","9.8","","31","","0.0","","13","","8","","","","91.77","","30","","","","NA"
"-124.14","52.11","PUNTZI MOUNTAIN (AUT)","1086558","2021-06-25 14:00","2021","06","25","14:00","30.2","","10.7","","30","","0.0","","12","","7","","","","91.73","","32","","","","NA"
"-124.14","52.11","PUNTZI MOUNTAIN (AUT)","1086558","2021-06-25 15:00","2021","06","25","15:00","30.5","","10.1","","28","","0.0","","17","","4","","","","91.68","","32","","","","NA"
"-124.14","52.11","PUNTZI MOUNTAIN (AUT)","1086558","2021-06-25 16:00","2021","06","25","16:00","32.3","","10.9","","27","","0.0","","32","","13","","","","91.61","","34","","","","NA"
"-124.14","52.11","PUNTZI MOUNTAIN (AUT)","1086558","2021-06-25 17:00","2021","06","25","17:00","32.2","","9.5","","25","","0.0","","32","","10","","","","91.58","","33","","","","NA"
"-124.14","52.11","PUNTZI MOUNTAIN (AUT)","1086558","2021-06-25 18:00","2021","06","25","18:00","31.7","","10.2","","27","","0.0","","7","","11","","","","91.59","","33","","","","NA"
"-124.14","52.11","PUNTZI MOUNTAIN (AUT)","1086558","2021-06-25 19:00","2021","06","25","19:00","30.4","","10.8","","30","","0.0","","5","","16","","","","91.61","","32","","","","NA"
"-124.14","52.11","PUNTZI MOUNTAIN (AUT)","1086558","2021-06-25 20:00","2021","06","25","20:00","28.2","","10.6","","33","","0.0","","3","","10","","","","91.66","","30","","","","NA"
"-124.14","52.11","PUNTZI MOUNTAIN (AUT)","1086558","2021-06-25 21:00","2021","06","25","21:00","21.8","","10.8","","50","","0.0","","7","","1","","","","91.72","","","","","","NA"
"-124.14","52.11","PUNTZI MOUNTAIN (AUT)","1086558","2021-06-25 22:00","2021","06","25","22:00","18.8","","10.6","","59","","0.0","","2","","1","","","","91.76","","","","","","NA"
"-124.14","52.11","PUNTZI MOUNTAIN (AUT)","1086558","2021-06-25 23:00","2021","06","25","23:00","17.6","","11.6","","68","","0.0","","34","","3","","","","91.82","","","","","","NA"
"-124.14","52.11","PUNTZI MOUNTAIN (AUT)","1086558","2021-06-26 00:00","2021","06","26","00:00","15.8","","10.5","","71","","0.0","","29","","2","","","","91.87","","","","","","NA"
"-124.14","52.11","PUNTZI MOUNTAIN (AUT)","1086558","2021-06-26 01:00","2021","06","26","01:00","14.5","","10.4","","76","","0.0","","27","","4","","","","91.89","","","","","","NA"
"-124.14","52.11","PUNTZI MOUNTAIN (AUT)","1086558","2021-06-26 02:00","2021","06","26","02:00","13.3","","10.6","","84","","0.0","","6","","3","","","","91.92","","","","","","NA"
"-124.14","52.11","PUNTZI MOUNTAIN (AUT)","1086558","2021-06-26 03:00","2021","06","26","03:00","11.5","","8.9","","84","","0.0","","0","","1","","","","91.94","","","","","","NA"
"-124.14","52.11","PUNTZI MOUNTAIN (AUT)","1086558","2021-06-26 04:00","2021","06","26","04:00","11.3","","9.3","","87","","0.0","","32","","3","","","","91.96","","","","","","NA"
"-124.14","52.11","PUNTZI MOUNTAIN (AUT)","1086558","2021-06-26 05:00","2021","06","26","05:00","12.4","","10.1","","86","","0.0","","28","","2","","","","91.98","","","","","","NA"
"-124.14","52.11","PUNTZI MOUNTAIN (AUT)","1086558","2021-06-26 06:00","2021","06","26","06:00","15.9","","11.5","","75","","0.0","","12","","1","","","","91.96","","","","","","NA"
"-124.14","52.11","PUNTZI MOUNTAIN (AUT)","1086558","2021-06-26 07:00","2021","06","26","07:00","18.0","","11.4","","65","","0.0","","0","","1","","","","91.93","","","","","","NA"
"-124.14","52.11","PUNTZI MOUNTAIN (AUT)","1086558","2021-06-26 08:00","2021","06","26","08:00","22.9","","13.9","","57","","0.0","","10","","3","","","","91.91","","26","","","","NA"
"-124.14","52.11","PUNTZI MOUNTAIN (AUT)","1086558","2021-06-26 09:00","2021","06","26","09:00","26.7","","13.2","","43","","0.0","","11","","9","","","","91.87","","30","","","","NA"
"-124.14","52.11","PUNTZI MOUNTAIN (AUT)","1086558","2021-06-26 10:00","2021","06","26","10:00","29.0","","13.5","","39","","0.0","","12","","3","","","","91.81","","32","","","","NA"
"-124.14","52.11","PUNTZI MOUNTAIN (AUT)","1086558","2021-06-26 11:00","2021","06","26","11:00","30.7","","10.1","","28","","0.0","","8","","8","","","","91.77","","32","","","","NA"
"-124.14","52.11","PUNTZI MOUNTAIN (AUT)","1086558","2021-06-26 12:00","2021","06","26","12:00","31.6","","9.8","","26","","0.0","","8","","8","","","","91.72","","33","","","","NA"
"-124.14","52.11","PUNTZI MOUNTAIN (AUT)","1086558","2021-06-26 13:00","2021","06","26","13:00","34.0","","11.3","","25","","0.0","","2","","7","","","","91.65","","36","","","","NA"
"-124.14","52.11","PUNTZI MOUNTAIN (AUT)","1086558","2021-06-26 14:00","2021","06","26","14:00","33.5","","8.0","","21","","0.0","","5","","4","","","","91.61","","34","","","","NA"
"-124.14","52.11","PUNTZI MOUNTAIN (AUT)","1086558","2021-06-26 15:00","2021","06","26","15:00","34.9","","10.2","","22","","0.0","","2","","9","","","","91.57","","36","","","","NA"
"-124.14","52.11","PUNTZI MOUNTAIN (AUT)","1086558","2021-06-26 16:00","2021","06","26","16:00","35.1","","9.1","","20","","0.0","","8","","9","","","","91.51","","36","","","","NA"
"-124.14","52.11","PUNTZI MOUNTAIN (AUT)","1086558","2021-06-26 17:00","2021","06","26","17:00","34.8","","7.8","","19","","0.0","","8","","10","","","","91.47","","35","","","","NA"
"-124.14","52.11","PUNTZI MOUNTAIN (AUT)","1086558","2021-06-26 18:00","2021","06","26","18:00","34.1","","9.1","","22","","0.0","","12","","10","","","","91.44","","35","","","","NA"
"-124.14","52.11","PUNTZI MOUNTAIN (AUT)","1086558","2021-06-26 19:00","2021","06","26","19:00","33.5","","9.2","","23","","0.0","","6","","9","","","","91.44","","34","","","","NA"
"-124.14","52.11","PUNTZI MOUNTAIN (AUT)","1086558","2021-06-26 20:00","2021","06","26","20:00","29.2","","10.6","","32","","0.0","","2","","4","","","","91.44","","31","","","","NA"
"-124.14","52.11","PUNTZI MOUNTAIN (AUT)","1086558","2021-06-26 21:00","2021","06","26","21:00","25.4","","12.5","","45","","0.0","","6","","2","","","","91.49","","28","","","","NA"
"-124.14","52.11","PUNTZI MOUNTAIN (AUT)","1086558","2021-06-26 22:00","2021","06","26","22:00","26.7","","12.4","","41","","0.0","","3","","11","","","","91.49","","29","","","","NA"
"-124.14","52.11","PUNTZI MOUNTAIN (AUT)","1086558","2021-06-26 23:00","2021","06","26","23:00","22.3","","13.1","","56","","0.0","","23","","5","","","","91.52","","25","","","","NA"
"-124.14","52.11","PUNTZI MOUNTAIN (AUT)","1086558","2021-06-27 00:00","2021","06","27","00:00","19.3","","12.1","","63","","0.0","","30","","2","","","","91.57","","","","","","NA"
"-124.14","52.11","PUNTZI MOUNTAIN (AUT)","1086558","2021-06-27 01:00","2021","06","27","01:00","17.6","","11.9","","69","","0.0","","4","","1","","","","91.58","","","","","","NA"
"-124.14","52.11","PUNTZI MOUNTAIN (AUT)","1086558","2021-06-27 02:00","2021","06","27","02:00","15.6","","11.2","","75","","0.0","","30","","1","","","","91.60","","","","","","NA"
"-124.14","52.11","PUNTZI MOUNTAIN (AUT)","1086558","2021-06-27 03:00","2021","06","27","03:00","14.7","","11.2","","79","","0.0","","4","","3","","","","91.60","","","","","","NA"
"-124.14","52.11","PUNTZI MOUNTAIN (AUT)","1086558","2021-06-27 04:00","2021","06","27","04:00","13.1","","10.1","","82","","0.0","","27","","1","","","","91.62","","","","","","NA"
"-124.14","52.11","PUNTZI MOUNTAIN (AUT)","1086558","2021-06-27 05:00","2021","06","27","05:00","13.6","","9.8","","78","","0.0","","28","","2","","","","91.64","","","","","","NA"
"-124.14","52.11","PUNTZI MOUNTAIN (AUT)","1086558","2021-06-27 06:00","2021","06","27","06:00","17.3","","11.9","","71","","0.0","","34","","2","","","","91.66","","","","","","NA"
"-124.14","52.11","PUNTZI MOUNTAIN (AUT)","1086558","2021-06-27 07:00","2021","06","27","07:00","20.1","","12.8","","63","","0.0","","18","","2","","","","91.63","","","","","","NA"
"-124.14","52.11","PUNTZI MOUNTAIN (AUT)","1086558","2021-06-27 08:00","2021","06","27","08:00","23.0","","12.7","","52","","0.0","","16","","4","","","","91.60","","26","","","","NA"
"-124.14","52.11","PUNTZI MOUNTAIN (AUT)","1086558","2021-06-27 09:00","2021","06","27","09:00","27.4","","13.3","","42","","0.0","","15","","3","","","","91.56","","30","","","","NA"
"-124.14","52.11","PUNTZI MOUNTAIN (AUT)","1086558","2021-06-27 10:00","2021","06","27","10:00","30.2","","12.2","","33","","0.0","","10","","7","","","","91.51","","33","","","","NA"
"-124.14","52.11","PUNTZI MOUNTAIN (AUT)","1086558","2021-06-27 11:00","2021","06","27","11:00","32.7","","13.0","","30","","0.0","","14","","4","","","","91.44","","35","","","","NA"
"-124.14","52.11","PUNTZI MOUNTAIN (AUT)","1086558","2021-06-27 12:00","2021","06","27","12:00","34.5","","12.7","","27","","0.0","","13","","4","","","","91.37","","37","","","","NA"
"-124.14","52.11","PUNTZI MOUNTAIN (AUT)","1086558","2021-06-27 13:00","2021","06","27","13:00","36.0","","11.5","","23","","0.0","","12","","4","","","","91.30","","38","","","","NA"
"-124.14","52.11","PUNTZI MOUNTAIN (AUT)","1086558","2021-06-27 14:00","2021","06","27","14:00","36.9","","10.1","","20","","0.0","","6","","3","","","","91.24","","38","","","","NA"
"-124.14","52.11","PUNTZI MOUNTAIN (AUT)","1086558","2021-06-27 15:00","2021","06","27","15:00","37.6","","10.5","","20","","0.0","","30","","9","","","","91.18","","39","","","","NA"
"-124.14","52.11","PUNTZI MOUNTAIN (AUT)","1086558","2021-06-27 16:00","2021","06","27","16:00","37.7","","12.6","","22","","0.0","","19","","5","","","","91.13","","40","","","","NA"
"-124.14","52.11","PUNTZI MOUNTAIN (AUT)","1086558","2021-06-27 17:00","2021","06","27","17:00","38.1","","10.6","","19","","0.0","","20","","5","","","","91.09","","40","","","","NA"
"-124.14","52.11","PUNTZI MOUNTAIN (AUT)","1086558","2021-06-27 18:00","2021","06","27","18:00","36.2","","12.8","","25","","0.0","","22","","7","","","","91.06","","39","","","","NA"
"-124.14","52.11","PUNTZI MOUNTAIN (AUT)","1086558","2021-06-27 19:00","2021","06","27","19:00","34.8","","8.9","","20","","0.0","","24","","13","","","","91.07","","36","","","","NA"
"-124.14","52.11","PUNTZI MOUNTAIN (AUT)","1086558","2021-06-27 20:00","2021","06","27","20:00","31.6","","8.9","","24","","0.0","","26","","8","","","","91.08","","32","","","","NA"
"-124.14","52.11","PUNTZI MOUNTAIN (AUT)","1086558","2021-06-27 21:00","2021","06","27","21:00","26.4","","9.8","","35","","0.0","","28","","6","","","","91.12","","28","","","","NA"
"-124.14","52.11","PUNTZI MOUNTAIN (AUT)","1086558","2021-06-27 22:00","2021","06","27","22:00","22.5","","10.3","","46","","0.0","","29","","6","","","","91.16","","","","","","NA"
"-124.14","52.11","PUNTZI MOUNTAIN (AUT)","1086558","2021-06-27 23:00","2021","06","27","23:00","20.2","","9.9","","51","","0.0","","28","","6","","","","91.18","","","","","","NA"
"-124.14","52.11","PUNTZI MOUNTAIN (AUT)","1086558","2021-06-28 00:00","2021","06","28","00:00","22.0","","9.6","","45","","0.0","","27","","10","","","","91.19","","","","","","NA"
"-124.14","52.11","PUNTZI MOUNTAIN (AUT)","1086558","2021-06-28 01:00","2021","06","28","01:00","21.1","","9.1","","46","","0.0","","28","","9","","","","91.20","","","","","","NA"
"-124.14","52.11","PUNTZI MOUNTAIN (AUT)","1086558","2021-06-28 02:00","2021","06","28","02:00","18.6","","9.5","","55","","0.0","","28","","6","","","","91.20","","","","","","NA"
"-124.14","52.11","PUNTZI MOUNTAIN (AUT)","1086558","2021-06-28 03:00","2021","06","28","03:00","18.4","","9.6","","57","","0.0","","28","","7","","","","91.22","","","","","","NA"
"-124.14","52.11","PUNTZI MOUNTAIN (AUT)","1086558","2021-06-28 04:00","2021","06","28","04:00","15.3","","8.0","","62","","0.0","","28","","7","","","","91.24","","","","","","NA"
"-124.14","52.11","PUNTZI MOUNTAIN (AUT)","1086558","2021-06-28 05:00","2021","06","28","05:00","16.1","","8.7","","61","","0.0","","26","","7","","","","91.27","","","","","","NA"
"-124.14","52.11","PUNTZI MOUNTAIN (AUT)","1086558","2021-06-28 06:00","2021","06","28","06:00","19.1","","9.0","","52","","0.0","","27","","9","","","","91.28","","","","","","NA"
"-124.14","52.11","PUNTZI MOUNTAIN (AUT)","1086558","2021-06-28 07:00","2021","06","28","07:00","22.1","","9.2","","44","","0.0","","25","","7","","","","91.26","","","","","","NA"
"-124.14","52.11","PUNTZI MOUNTAIN (AUT)","1086558","2021-06-28 08:00","2021","06","28","08:00","25.5","","9.1","","35","","0.0","","25","","6","","","","91.23","","26","","","","NA"
"-124.14","52.11","PUNTZI MOUNTAIN (AUT)","1086558","2021-06-28 09:00","2021","06","28","09:00","28.7","","9.9","","31","","0.0","","24","","6","","","","91.19","","30","","","","NA"
"-124.14","52.11","PUNTZI MOUNTAIN (AUT)","1086558","2021-06-28 10:00","2021","06","28","10:00","31.6","","10.5","","27","","0.0","","19","","4","","","","91.14","","33","","","","NA"
"-124.14","52.11","PUNTZI MOUNTAIN (AUT)","1086558","2021-06-28 11:00","2021","06","28","11:00","34.6","","8.7","","20","","0.0","","29","","3","","","","91.11","","35","","","","NA"
"-124.14","52.11","PUNTZI MOUNTAIN (AUT)","1086558","2021-06-28 12:00","2021","06","28","12:00","35.9","","7.7","","18","","0.0","","10","","4","","","","91.04","","36","","","","NA"
"-124.14","52.11","PUNTZI MOUNTAIN (AUT)","1086558","2021-06-28 13:00","2021","06","28","13:00","36.6","","7.0","","16","","0.0","","24","","3","","","","90.98","","37","","","","NA"
"-124.14","52.11","PUNTZI MOUNTAIN (AUT)","1086558","2021-06-28 14:00","2021","06","28","14:00","37.8","","8.6","","17","","0.0","","19","","6","","","","90.90","","38","","","","NA"
"-124.14","52.11","PUNTZI MOUNTAIN (AUT)","1086558","2021-06-28 15:00","2021","06","28","15:00","38.4","","9.6","","18","","0.0","","19","","4","","","","90.86","","39","","","","NA"
"-124.14","52.11","PUNTZI MOUNTAIN (AUT)","1086558","2021-06-28 16:00","2021","06","28","16:00","38.5","","7.9","","16","","0.0","","18","","7","","","","90.80","","39","","","","NA"
"-124.14","52.11","PUNTZI MOUNTAIN (AUT)","1086558","2021-06-28 17:00","2021","06","28","17:00","37.9","","6.6","","15","","0.0","","23","","14","","","","90.76","","38","","","","NA"
"-124.14","52.11","PUNTZI MOUNTAIN (AUT)","1086558","2021-06-28 18:00","2021","06","28","18:00","36.8","","7.8","","17","","0.0","","23","","12","","","","90.75","","37","","","","NA"
"-124.14","52.11","PUNTZI MOUNTAIN (AUT)","1086558","2021-06-28 19:00","2021","06","28","19:00","34.7","","8.0","","19","","0.0","","23","","11","","","","90.78","","35","","","","NA"
"-124.14","52.11","PUNTZI MOUNTAIN (AUT)","1086558","2021-06-28 20:00","2021","06","28","20:00","31.0","","7.8","","24","","0.0","","26","","10","","","","90.81","","31","","","","NA"
"-124.14","52.11","PUNTZI MOUNTAIN (AUT)","1086558","2021-06-28 21:00","2021","06","28","21:00","25.3","","8.7","","35","","0.0","","29","","5","","","","90.86","","26","","","","NA"
"-124.14","52.11","PUNTZI MOUNTAIN (AUT)","1086558","2021-06-28 22:00","2021","06","28","22:00","21.4","","8.4","","43","","0.0","","29","","6","","","","90.93","","","","","","NA"
"-124.14","52.11","PUNTZI MOUNTAIN (AUT)","1086558","2021-06-28 23:00","2021","06","28","23:00","21.7","","9.0","","44","","0.0","","28","","8","","","","90.94","","","","","","NA"
"-124.14","52.11","PUNTZI MOUNTAIN (AUT)","1086558","2021-06-29 00:00","2021","06","29","00:00","18.1","","7.7","","51","","0.0","","27","","7","","","","90.98","","","","","","NA"
"-124.14","52.11","PUNTZI MOUNTAIN (AUT)","1086558","2021-06-29 01:00","2021","06","29","01:00","17.1","","7.8","","54","","0.0","","29","","6","","","","91.00","","","","","","NA"
"-124.14","52.11","PUNTZI MOUNTAIN (AUT)","1086558","2021-06-29 02:00","2021","06","29","02:00","15.5","","8.1","","61","","0.0","","25","","8","","","","91.01","","","","","","NA"
"-124.14","52.11","PUNTZI MOUNTAIN (AUT)","1086558","2021-06-29 03:00","2021","06","29","03:00","13.5","","7.2","","65","","0.0","","24","","4","","","","91.05","","","","","","NA"
"-124.14","52.11","PUNTZI MOUNTAIN (AUT)","1086558","2021-06-29 04:00","2021","06","29","04:00","13.1","","7.6","","69","","0.0","","27","","3","","","","91.06","","","","","","NA"
"-124.14","52.11","PUNTZI MOUNTAIN (AUT)","1086558","2021-06-29 05:00","2021","06","29","05:00","13.0","","7.6","","70","","0.0","","27","","2","","","","91.10","","","","","","NA"
"-124.14","52.11","PUNTZI MOUNTAIN (AUT)","1086558","2021-06-29 06:00","2021","06","29","06:00","16.2","","8.8","","61","","0.0","","32","","3","","","","91.11","","","","","","NA"
"-124.14","52.11","PUNTZI MOUNTAIN (AUT)","1086558","2021-06-29 07:00","2021","06","29","07:00","20.1","","11.1","","56","","0.0","","0","","1","","","","91.11","","","","","","NA"
"-124.14","52.11","PUNTZI MOUNTAIN (AUT)","1086558","2021-06-29 08:00","2021","06","29","08:00","24.3","","11.7","","45","","0.0","","12","","4","","","","91.04","","26","","","","NA"
"-124.14","52.11","PUNTZI MOUNTAIN (AUT)","1086558","2021-06-29 09:00","2021","06","29","09:00","27.8","","10.1","","33","","0.0","","13","","3","","","","90.96","","29","","","","NA"
"-124.14","52.11","PUNTZI MOUNTAIN (AUT)","1086558","2021-06-29 10:00","2021","06","29","10:00","31.9","","11.3","","28","","0.0","","9","","3","","","","90.89","","34","","","","NA"
"-124.14","52.11","PUNTZI MOUNTAIN (AUT)","1086558","2021-06-29 11:00","2021","06","29","11:00","35.0","","10.6","","23","","0.0","","8","","8","","","","90.82","","37","","","","NA"
"-124.14","52.11","PUNTZI MOUNTAIN (AUT)","1086558","2021-06-29 12:00","2021","06","29","12:00","37.0","","9.8","","19","","0.0","","5","","4","","","","90.75","","38","","","","NA"
"-124.14","52.11","PUNTZI MOUNTAIN (AUT)","1086558","2021-06-29 13:00","2021","06","29","13:00","38.0","","11.2","","20","","0.0","","18","","4","","","","90.69","","40","","","","NA"
"-124.14","52.11","PUNTZI MOUNTAIN (AUT)","1086558","2021-06-29 14:00","2021","06","29","14:00","38.9","","6.7","","14","","0.0","","18","","4","","","","90.63","","39","","","","NA"
"-124.14","52.11","PUNTZI MOUNTAIN (AUT)","1086558","2021-06-29 15:00","2021","06","29","15:00","38.9","","6.8","","14","","0.0","","25","","10","","","","90.59","","39","","","","NA"
"-124.14","52.11","PUNTZI MOUNTAIN (AUT)","1086558","2021-06-29 16:00","2021","06","29","16:00","38.9","","8.1","","16","","0.0","","23","","8","","","","90.52","","39","","","","NA"
"-124.14","52.11","PUNTZI MOUNTAIN (AUT)","1086558","2021-06-29 17:00","2021","06","29","17:00","38.9","","6.5","","14","","0.0","","31","","2","","","","90.47","","39","","","","NA"
"-124.14","52.11","PUNTZI MOUNTAIN (AUT)","1086558","2021-06-29 18:00","2021","06","29","18:00","37.2","","7.2","","16","","0.0","","21","","8","","","","90.42","","37","","","","NA"
"-124.14","52.11","PUNTZI MOUNTAIN (AUT)","1086558","2021-06-29 19:00","2021","06","29","19:00","36.2","","8.3","","18","","0.0","","21","","5","","","","90.43","","37","","","","NA"
"-124.14","52.11","PUNTZI MOUNTAIN (AUT)","1086558","2021-06-29 20:00","2021","06","29","20:00","32.3","","8.7","","23","","0.0","","25","","11","","","","90.46","","33","","","","NA"
"-124.14","52.11","PUNTZI MOUNTAIN (AUT)","1086558","2021-06-29 21:00","2021","06","29","21:00","26.6","","9.0","","33","","0.0","","22","","3","","","","90.54","","27","","","","NA"
"-124.14","52.11","PUNTZI MOUNTAIN (AUT)","1086558","2021-06-29 22:00","2021","06","29","22:00","23.4","","8.5","","39","","0.0","","27","","5","","","","90.56","","","","","","NA"
"-124.14","52.11","PUNTZI MOUNTAIN (AUT)","1086558","2021-06-29 23:00","2021","06","29","23:00","21.4","","8.3","","43","","0.0","","29","","7","","","","90.59","","","","","","NA"
"-124.14","52.11","PUNTZI MOUNTAIN (AUT)","1086558","2021-06-30 00:00","2021","06","30","00:00","21.7","","8.8","","44","","0.0","","29","","8","","","","90.64","","","","","","NA"
"-124.14","52.11","PUNTZI MOUNTAIN (AUT)","1086558","2021-06-30 01:00","2021","06","30","01:00","19.6","","8.6","","49","","0.0","","26","","8","","","","90.68","","","","","","NA"
"-124.14","52.11","PUNTZI MOUNTAIN (AUT)","1086558","2021-06-30 02:00","2021","06","30","02:00","16.2","","8.2","","59","","0.0","","25","","4","","","","90.73","","","","","","NA"
"-124.14","52.11","PUNTZI MOUNTAIN (AUT)","1086558","2021-06-30 03:00","2021","06","30","03:00","15.9","","9.1","","64","","0.0","","28","","3","","","","90.75","","","","","","NA"
"-124.14","52.11","PUNTZI MOUNTAIN (AUT)","1086558","2021-06-30 04:00","2021","06","30","04:00","14.5","","8.7","","68","","0.0","","29","","3","","","","90.77","","","","","","NA"
"-124.14","52.11","PUNTZI MOUNTAIN (AUT)","1086558","2021-06-30 05:00","2021","06","30","05:00","14.5","","8.5","","67","","0.0","","28","","3","","","","90.79","","","","","","NA"
"-124.14","52.11","PUNTZI MOUNTAIN (AUT)","1086558","2021-06-30 06:00","2021","06","30","06:00","18.1","","11.2","","64","","0.0","","","","0","","","","90.77","","","","","","NA"
"-124.14","52.11","PUNTZI MOUNTAIN (AUT)","1086558","2021-06-30 07:00","2021","06","30","07:00","20.9","","11.8","","56","","0.0","","17","","2","","","","90.72","","","","","","NA"
"-124.14","52.11","PUNTZI MOUNTAIN (AUT)","1086558","2021-06-30 08:00","2021","06","30","08:00","24.0","","9.7","","40","","0.0","","15","","3","","","","90.69","","25","","","","NA"
"-124.14","52.11","PUNTZI MOUNTAIN (AUT)","1086558","2021-06-30 09:00","2021","06","30","09:00","26.9","","11.3","","38","","0.0","","19","","2","","","","90.64","","29","","","","NA"
"-124.14","52.11","PUNTZI MOUNTAIN (AUT)","1086558","2021-06-30 10:00","2021","06","30","10:00","29.9","","11.7","","32","","0.0","","11","","6","","","","90.56","","32","","","","NA"
"-124.14","52.11","PUNTZI MOUNTAIN (AUT)","1086558","2021-06-30 11:00","2021","06","30","11:00","30.9","","10.4","","28","","0.0","","11","","4","","","","90.49","","32","","","","NA"
"-124.14","52.11","PUNTZI MOUNTAIN (AUT)","1086558","2021-06-30 12:00","2021","06","30","12:00","32.7","","10.7","","26","","0.0","","11","","9","","","","90.41","","34","","","","NA"
"-124.14","52.11","PUNTZI MOUNTAIN (AUT)","1086558","2021-06-30 13:00","2021","06","30","13:00","34.2","","11.5","","25","","0.0","","15","","5","","","","90.35","","36","","","","NA"
"-124.14","52.11","PUNTZI MOUNTAIN (AUT)","1086558","2021-06-30 14:00","2021","06","30","14:00","35.7","","12.0","","24","","0.0","","18","","4","","","","90.29","","38","","","","NA"
"-124.14","52.11","PUNTZI MOUNTAIN (AUT)","1086558","2021-06-30 15:00","2021","06","30","15:00","36.5","","12.3","","23","","0.0","","16","","7","","","","90.23","","39","","","","NA"
"-124.14","52.11","PUNTZI MOUNTAIN (AUT)","1086558","2021-06-30 16:00","2021","06","30","16:00","35.8","","14.0","","27","","0.0","","22","","6","","","","90.17","","39","","","","NA"
"-124.14","52.11","PUNTZI MOUNTAIN (AUT)","1086558","2021-06-30 17:00","2021","06","30","17:00","35.5","","10.5","","22","","0.0","","23","","14","","","","90.18","","37","","","","NA"
"-124.14","52.11","PUNTZI MOUNTAIN (AUT)","1086558","2021-06-30 18:00","2021","06","30","18:00","34.3","","11.5","","25","","0.0","","26","","20","","","","90.22","","36","","","","NA"
"-124.14","52.11","PUNTZI MOUNTAIN (AUT)","1086558","2021-06-30 19:00","2021","06","30","19:00","32.4","","11.5","","28","","0.0","","28","","15","","","","90.31","","34","","","","NA"
"-124.14","52.11","PUNTZI MOUNTAIN (AUT)","1086558","2021-06-30 20:00","2021","06","30","20:00","29.2","","11.9","","34","","0.0","","26","","11","","","","90.37","","31","","","","NA"
"-124.14","52.11","PUNTZI MOUNTAIN (AUT)","1086558","2021-06-30 21:00","2021","06","30","21:00","26.5","","11.4","","39","","0.0","","27","","6","","","","90.45","","28","","","","NA"
"-124.14","52.11","PUNTZI MOUNTAIN (AUT)","1086558","2021-06-30 22:00","2021","06","30","22:00","23.6","","11.5","","47","","0.0","","26","","9","","","","90.55","","26","","","","NA"
"-124.14","52.11","PUNTZI MOUNTAIN (AUT)","1086558","2021-06-30 23:00","2021","06","30","23:00","22.4","","11.7","","51","","0.0","","25","","12","","","","90.61","","25","","","","NA"
