"Longitude (x)","Latitude (y)","Station Name","Climate ID","Date/Time (LST)","Year","Month","Day","Time (LST)","Temp (°C)","Temp Flag","Dew Point Temp (°C)","Dew Point Temp Flag","Rel Hum (%)","Rel Hum Flag","Precip. Amount (mm)","Precip. Amount Flag","Wind Dir (10s deg)","Wind Dir Flag","Wind Spd (km/h)","Wind Spd Flag","Visibility (km)","Visibility Flag","Stn Press (kPa)","Stn Press Flag","Hmdx","Hmdx Flag","Wind Chill","Wind Chill Flag","Weather"
"-122.68","53.88","PRINCE GEORGE","1096439","2021-07-01 00:00","2021","07","01","00:00","19.6","","17.6","","88","","0.0","","19","","8","","16.1","","92.80","","","","","","NA"
"-122.68","53.88","PRINCE GEORGE","1096439","2021-07-01 01:00","2021","07","01","01:00","19.9","","15.1","","73","","0.0","","27","","11","","16.1","","92.86","","","","","","NA"
"-122.68","53.88","PRINCE GEORGE","1096439","2021-07-01 02:00","2021","07","01","02:00","19.6","","14.2","","71","","0.0","","26","","5","","16.1","","92.94","","","","","","NA"
"-122.68","53.88","PRINCE GEORGE","1096439","2021-07-01 03:00","2021","07","01","03:00","16.9","","14.9","","88","","0.0","","14","","8","","16.1","","92.99","","","","","","NA"
"-122.68","53.88","PRINCE GEORGE","1096439","2021-07-01 04:00","2021","07","01","04:00","16.0","","14.4","","90","","0.0","","","","0","","16.1","","93.03","","","","","","NA"
"-122.68","53.88","PRINCE GEORGE","1096439","2021-07-01 05:00","2021","07","01","05:00","16.0","","14.7","","92","","0.0","","17","","8","","16.1","","93.08","","","","","","NA"
"-122.68","53.88","PRINCE GEORGE","1096439","2021-07-01 06:00","2021","07","01","06:00","17.5","","15.2","","86","","0.0","","16","","5","","16.1","","93.12","","","","","","NA"
"-122.68","53.88","PRINCE GEORGE","1096439","2021-07-01 07:00","2021","07","01","07:00","19.3","","14.7","","74","","0.0","","19","","5","","16.1","","93.15","","","","","","NA"
"-122.68","53.88","PRINCE GEORGE","1096439","2021-07-01 08:00","2021","07","01","08:00","21.1","","14.6","","66","","0.0","","24","","13","","16.1","","93.15","","25","","","","NA"
"-122.68","53.88","PRINCE GEORGE","1096439","2021-07-01 09:00","2021","07","01","09:00","22.6","","14.4","","59","","0.0","","23","","9","","16.1","","93.15","","26","","","","NA"
"-122.68","53.88","PRINCE GEORGE","1096439","2021-07-01 10:00","2021","07","01","10:00","24.2","","14.4","","54","","0.0","","32","","15","","16.1","","93.13","","28","","","","NA"
"-122.68","53.88","PRINCE GEORGE","1096439","2021-07-01 11:00","2021","07","01","11:00","25.5","","14.2","","49","","0.0","","25","","9","","16.1","","93.12","","29","","","","NA"
"-122.68","53.88","PRINCE GEORGE","1096439","2021-07-01 12:00","2021","07","01","12:00","26.4","","14.0","","46","","0.0","","29","","8","","16.1","","93.09","","30","","","","NA"
"-122.68","53.88","PRINCE GEORGE","1096439","2021-07-01 13:00","2021","07","01","13:00","27.8","","11.7","","36","","0.0","","","M","4","","16.1","","93.09","","30","","","","NA"
"-122.68","53.88","PRINCE GEORGE","1096439","2021-07-01 14:00","2021","07","01","14:00","28.5","","11.7","","35","","0.0","","28","","13","","16.1","","93.09","","31","","","","NA"
"-122.68","53.88","PRINCE GEORGE","1096439","2021-07-01 15:00","2021","07","01","15:00","29.1","","12.4","","35","","0.0","","35","","17","","16.1","","93.06","","32","","","","NA"
"-122.68","53.88","PRINCE GEORGE","1096439","2021-07-01 16:00","2021","07","01","16:00","28.3","","10.5","","33","","0.0","","29","","8","","16.1","","93.04","","30","","","","NA"
"-122.68","53.88","PRINCE GEORGE","1096439","2021-07-01 17:00","2021","07","01","17:00","28.5","","11.9","","35","","0.0","","26","","8","","16.1","","92.96","","31","","","","NA"
"-122.68","53.88","PRINCE GEORGE","1096439","2021-07-01 18:00","2021","07","01","18:00","27.9","","9.6","","31","","0.0","","30","","15","","16.1","","92.99","","29","","","","NA"
"-122.68","53.88","PRINCE GEORGE","1096439","2021-07-01 19:00","2021","07","01","19:00","26.5","","3.8","","23","","0.0","","30","","15","","16.1","","93.02","","25","","","","NA"
"-122.68","53.88","PRINCE GEORGE","1096439","2021-07-01 20:00","2021","07","01","20:00","24.5","","5.0","","28","","0.0","","29","","8","","16.1","","93.05","","","","","","NA"
"-122.68","53.88","PRINCE GEORGE","1096439","2021-07-01 21:00","2021","07","01","21:00","17.2","","7.4","","52","","0.0","","26","","9","","16.1","","93.07","","","","","","NA"
"-122.68","53.88","PRINCE GEORGE","1096439","2021-07-01 22:00","2021","07","01","22:00","19.3","","3.6","","35","","0.0","","29","","13","","16.1","","93.08","","","","","","NA"
"-122.68","53.88","PRINCE GEORGE","1096439","2021-07-01 23:00","2021","07","01","23:00","19.9","","3.3","","33","","0.0","","28","","13","","16.1","","93.13","","","","","","NA"
"-122.68","53.88","PRINCE GEORGE","1096439","2021-07-02 00:00","2021","07","02","00:00","19.5","","2.9","","33","","0.0","","28","","18","","16.1","","93.21","","","","","","NA"
"-122.68","53.88","PRINCE GEORGE","1096439","2021-07-02 01:00","2021","07","02","01:00","17.4","","2.7","","37","","0.0","","","","0","","16.1","","93.29","","","","","","NA"
"-122.68","53.88","PRINCE GEORGE","1096439","2021-07-02 02:00","2021","07","02","02:00","15.6","","3.2","","43","","0.0","","22","","13","","16.1","","93.34","","","","","","NA"
"-122.68","53.88","PRINCE GEORGE","1096439","2021-07-02 03:00","2021","07","02","03:00","12.6","","3.9","","55","","0.0","","15","","9","","16.1","","93.39","","","","","","NA"
"-122.68","53.88","PRINCE GEORGE","1096439","2021-07-02 04:00","2021","07","02","04:00","12.2","","3.2","","54","","0.0","","22","","5","","16.1","","93.42","","","","","","NA"
"-122.68","53.88","PRINCE GEORGE","1096439","2021-07-02 05:00","2021","07","02","05:00","12.6","","4.7","","58","","0.0","","16","","9","","16.1","","93.47","","","","","","NA"
"-122.68","53.88","PRINCE GEORGE","1096439","2021-07-02 06:00","2021","07","02","06:00","16.2","","4.7","","46","","0.0","","23","","8","","16.1","","93.52","","","","","","NA"
"-122.68","53.88","PRINCE GEORGE","1096439","2021-07-02 07:00","2021","07","02","07:00","17.3","","6.2","","48","","0.0","","22","","11","","16.1","","93.56","","","","","","NA"
"-122.68","53.88","PRINCE GEORGE","1096439","2021-07-02 08:00","2021","07","02","08:00","19.2","","6.8","","44","","0.0","","27","","17","","16.1","","93.55","","","","","","NA"
"-122.68","53.88","PRINCE GEORGE","1096439","2021-07-02 09:00","2021","07","02","09:00","19.6","","6.5","","42","","0.0","","30","","11","","16.1","","93.54","","","","","","NA"
"-122.68","53.88","PRINCE GEORGE","1096439","2021-07-02 10:00","2021","07","02","10:00","20.7","","5.3","","36","","0.0","","27","","24","","16.1","","93.53","","","","","","NA"
"-122.68","53.88","PRINCE GEORGE","1096439","2021-07-02 11:00","2021","07","02","11:00","21.5","","5.6","","35","","0.0","","26","","15","","16.1","","93.53","","","","","","NA"
"-122.68","53.88","PRINCE GEORGE","1096439","2021-07-02 12:00","2021","07","02","12:00","23.0","","6.1","","33","","0.0","","24","","22","","16.1","","93.52","","","","","","NA"
"-122.68","53.88","PRINCE GEORGE","1096439","2021-07-02 13:00","2021","07","02","13:00","23.6","","6.5","","33","","0.0","","25","","15","","16.1","","93.50","","","","","","NA"
"-122.68","53.88","PRINCE GEORGE","1096439","2021-07-02 14:00","2021","07","02","14:00","24.6","","5.4","","29","","0.0","","30","","21","","16.1","","93.47","","","","","","NA"
"-122.68","53.88","PRINCE GEORGE","1096439","2021-07-02 15:00","2021","07","02","15:00","24.6","","5.0","","28","","0.0","","26","","21","","16.1","","93.45","","","","","","NA"
"-122.68","53.88","PRINCE GEORGE","1096439","2021-07-02 16:00","2021","07","02","16:00","25.2","","3.4","","24","","0.0","","29","","18","","16.1","","93.41","","","","","","NA"
"-122.68","53.88","PRINCE GEORGE","1096439","2021-07-02 17:00","2021","07","02","17:00","24.9","","2.1","","22","","0.0","","28","","13","","16.1","","93.39","","","","","","NA"
"-122.68","53.88","PRINCE GEORGE","1096439","2021-07-02 18:00","2021","07","02","18:00","24.4","","4.6","","27","","0.0","","29","","9","","16.1","","93.38","","","","","","NA"
"-122.68","53.88","PRINCE GEORGE","1096439","2021-07-02 19:00","2021","07","02","19:00","23.2","","5.8","","32","","0.0","","31","","9","","16.1","","93.38","","","","","","NA"
"-122.68","53.88","PRINCE GEORGE","1096439","2021-07-02 20:00","2021","07","02","20:00","20.4","","8.8","","47","","0.0","","26","","5","","16.1","","93.41","","","","","","NA"
"-122.68","53.88","PRINCE GEORGE","1096439","2021-07-02 21:00","2021","07","02","21:00","15.6","","7.6","","59","","0.0","","26","","8","","16.1","","93.44","","","","","","NA"
"-122.68","53.88","PRINCE GEORGE","1096439","2021-07-02 22:00","2021","07","02","22:00","14.1","","8.8","","70","","0.0","","19","","4","","16.1","","93.44","","","","","","NA"
"-122.68","53.88","PRINCE GEORGE","1096439","2021-07-02 23:00","2021","07","02","23:00","11.5","","7.8","","78","","0.0","","","M","4","","16.1","","93.44","","","","","","NA"
"-122.68","53.88","PRINCE GEORGE","1096439","2021-07-03 00:00","2021","07","03","00:00","10.9","","7.6","","80","","0.0","","","","0","","16.1","","93.45","","","","","","NA"
"-122.68","53.88","PRINCE GEORGE","1096439","2021-07-03 01:00","2021","07","03","01:00","9.6","","7.7","","88","","0.0","","17","","4","","16.1","","93.47","","","","","","NA"
"-122.68","53.88","PRINCE GEORGE","1096439","2021-07-03 02:00","2021","07","03","02:00","11.2","","8.4","","83","","0.0","","20","","8","","16.1","","93.50","","","","","","NA"
"-122.68","53.88","PRINCE GEORGE","1096439","2021-07-03 03:00","2021","07","03","03:00","10.5","","7.8","","83","","0.0","","18","","8","","16.1","","93.52","","","","","","NA"
"-122.68","53.88","PRINCE GEORGE","1096439","2021-07-03 04:00","2021","07","03","04:00","11.5","","7.6","","77","","0.0","","19","","8","","16.1","","93.54","","","","","","NA"
"-122.68","53.88","PRINCE GEORGE","1096439","2021-07-03 05:00","2021","07","03","05:00","11.5","","7.8","","78","","0.0","","18","","9","","16.1","","93.57","","","","","","NA"
"-122.68","53.88","PRINCE GEORGE","1096439","2021-07-03 06:00","2021","07","03","06:00","12.4","","8.3","","76","","0.0","","17","","5","","16.1","","93.59","","","","","","NA"
"-122.68","53.88","PRINCE GEORGE","1096439","2021-07-03 07:00","2021","07","03","07:00","14.6","","10.9","","78","","0.0","","15","","5","","16.1","","93.57","","","","","","NA"
"-122.68","53.88","PRINCE GEORGE","1096439","2021-07-03 08:00","2021","07","03","08:00","17.4","","9.5","","60","","0.0","","","M","5","","16.1","","93.58","","","","","","NA"
"-122.68","53.88","PRINCE GEORGE","1096439","2021-07-03 09:00","2021","07","03","09:00","19.5","","9.9","","54","","0.0","","14","","9","","16.1","","93.55","","","","","","NA"
"-122.68","53.88","PRINCE GEORGE","1096439","2021-07-03 10:00","2021","07","03","10:00","21.0","","10.4","","50","","0.0","","24","","13","","16.1","","93.54","","","","","","NA"
"-122.68","53.88","PRINCE GEORGE","1096439","2021-07-03 11:00","2021","07","03","11:00","21.6","","9.3","","45","","0.0","","","M","4","","16.1","","93.51","","","","","","NA"
"-122.68","53.88","PRINCE GEORGE","1096439","2021-07-03 12:00","2021","07","03","12:00","21.6","","10.3","","48","","0.0","","30","","11","","16.1","","93.51","","","","","","NA"
"-122.68","53.88","PRINCE GEORGE","1096439","2021-07-03 13:00","2021","07","03","13:00","22.6","","9.8","","44","","0.0","","22","","11","","16.1","","93.49","","","","","","NA"
"-122.68","53.88","PRINCE GEORGE","1096439","2021-07-03 14:00","2021","07","03","14:00","22.4","","10.3","","46","","0.0","","15","","13","","16.1","","93.46","","","","","","NA"
"-122.68","53.88","PRINCE GEORGE","1096439","2021-07-03 15:00","2021","07","03","15:00","23.5","","10.7","","44","","0.0","","16","","9","","16.1","","93.44","","25","","","","NA"
"-122.68","53.88","PRINCE GEORGE","1096439","2021-07-03 16:00","2021","07","03","16:00","22.9","","9.7","","43","","0.0","","13","","8","","16.1","","93.42","","","","","","NA"
"-122.68","53.88","PRINCE GEORGE","1096439","2021-07-03 17:00","2021","07","03","17:00","23.0","","10.9","","46","","0.0","","33","","5","","16.1","","93.40","","25","","","","NA"
"-122.68","53.88","PRINCE GEORGE","1096439","2021-07-03 18:00","2021","07","03","18:00","23.1","","11.9","","49","","0.0","","1","","24","","16.1","","93.42","","25","","","","NA"
"-122.68","53.88","PRINCE GEORGE","1096439","2021-07-03 19:00","2021","07","03","19:00","20.3","","11.4","","56","","0.0","","36","","15","","16.1","","93.43","","","","","","NA"
"-122.68","53.88","PRINCE GEORGE","1096439","2021-07-03 20:00","2021","07","03","20:00","18.7","","11.8","","64","","0.0","","34","","8","","16.1","","93.44","","","","","","NA"
"-122.68","53.88","PRINCE GEORGE","1096439","2021-07-03 21:00","2021","07","03","21:00","18.7","","12.3","","66","","0.0","","34","","11","","16.1","","93.46","","","","","","NA"
"-122.68","53.88","PRINCE GEORGE","1096439","2021-07-03 22:00","2021","07","03","22:00","18.3","","11.9","","66","","0.0","","34","","15","","16.1","","93.47","","","","","","NA"
"-122.68","53.88","PRINCE GEORGE","1096439","2021-07-03 23:00","2021","07","03","23:00","15.8","","11.4","","75","","0.0","","35","","9","","16.1","","93.50","","","","","","NA"
"-122.68","53.88","PRINCE GEORGE","1096439","2021-07-04 00:00","2021","07","04","00:00","14.4","","10.7","","78","","0.0","","36","","9","","16.1","","93.51","","","","","","NA"
"-122.68","53.88","PRINCE GEORGE","1096439","2021-07-04 01:00","2021","07","04","01:00","14.2","","10.1","","76","","0.0","","","","0","","16.1","","93.51","","","","","","NA"
"-122.68","53.88","PRINCE GEORGE","1096439","2021-07-04 02:00","2021","07","04","02:00","12.1","","9.1","","82","","0.0","","","","0","","16.1","","93.51","","","","","","NA"
"-122.68","53.88","PRINCE GEORGE","1096439","2021-07-04 03:00","2021","07","04","03:00","9.3","","8.4","","94","","0.0","","18","","9","","16.1","","93.53","","","","","","NA"
"-122.68","53.88","PRINCE GEORGE","1096439","2021-07-04 04:00","2021","07","04","04:00","8.4","","7.8","","96","","0.0","","19","","5","","16.1","","93.54","","","","","","NA"
"-122.68","53.88","PRINCE GEORGE","1096439","2021-07-04 05:00","2021","07","04","05:00","8.6","","7.9","","95","","0.0","","","","0","","16.1","","93.58","","","","","","NA"
"-122.68","53.88","PRINCE GEORGE","1096439","2021-07-04 06:00","2021","07","04","06:00","12.5","","10.5","","88","","0.0","","16","","4","","16.1","","93.60","","","","","","NA"
"-122.68","53.88","PRINCE GEORGE","1096439","2021-07-04 07:00","2021","07","04","07:00","15.7","","10.7","","72","","0.0","","4","","8","","16.1","","93.63","","","","","","NA"
"-122.68","53.88","PRINCE GEORGE","1096439","2021-07-04 08:00","2021","07","04","08:00","17.4","","11.3","","67","","0.0","","34","","9","","16.1","","93.63","","","","","","NA"
"-122.68","53.88","PRINCE GEORGE","1096439","2021-07-04 09:00","2021","07","04","09:00","18.0","","11.4","","65","","0.0","","35","","13","","16.1","","93.65","","","","","","NA"
"-122.68","53.88","PRINCE GEORGE","1096439","2021-07-04 10:00","2021","07","04","10:00","20.4","","12.4","","60","","0.0","","2","","13","","16.1","","93.63","","","","","","NA"
"-122.68","53.88","PRINCE GEORGE","1096439","2021-07-04 11:00","2021","07","04","11:00","21.0","","11.3","","53","","0.0","","36","","13","","16.1","","93.64","","","","","","NA"
"-122.68","53.88","PRINCE GEORGE","1096439","2021-07-04 12:00","2021","07","04","12:00","22.2","","12.0","","52","","0.0","","2","","15","","16.1","","93.62","","","","","","NA"
"-122.68","53.88","PRINCE GEORGE","1096439","2021-07-04 13:00","2021","07","04","13:00","21.9","","11.4","","51","","0.0","","36","","22","","16.1","","93.61","","","","","","NA"
"-122.68","53.88","PRINCE GEORGE","1096439","2021-07-04 14:00","2021","07","04","14:00","22.8","","11.7","","49","","0.0","","2","","17","","16.1","","93.61","","25","","","","NA"
"-122.68","53.88","PRINCE GEORGE","1096439","2021-07-04 15:00","2021","07","04","15:00","22.2","","11.1","","49","","0.0","","36","","9","","16.1","","93.60","","","","","","NA"
"-122.68","53.88","PRINCE GEORGE","1096439","2021-07-04 16:00","2021","07","04","16:00","23.4","","10.9","","45","","0.0","","5","","11","","16.1","","93.60","","25","","","","NA"
"-122.68","53.88","PRINCE GEORGE","1096439","2021-07-04 17:00","2021","07","04","17:00","23.8","","10.6","","43","","0.0","","5","","15","","16.1","","93.60","","25","","","","NA"
"-122.68","53.88","PRINCE GEORGE","1096439","2021-07-04 18:00","2021","07","04","18:00","24.0","","9.9","","40","","0.0","","5","","13","","16.1","","93.61","","25","","","","NA"
"-122.68","53.88","PRINCE GEORGE","1096439","2021-07-04 19:00","2021","07","04","19:00","22.2","","9.5","","44","","0.0","","4","","15","","16.1","","93.64","","","","","","NA"
"-122.68","53.88","PRINCE GEORGE","1096439","2021-07-04 20:00","2021","07","04","20:00","19.6","","9.2","","51","","0.0","","6","","8","","16.1","","93.66","","","","","","NA"
"-122.68","53.88","PRINCE GEORGE","1096439","2021-07-04 21:00","2021","07","04","21:00","16.6","","9.4","","62","","0.0","","1","","9","","16.1","","93.68","","","","","","NA"
"-122.68","53.88","PRINCE GEORGE","1096439","2021-07-04 22:00","2021","07","04","22:00","14.7","","9.2","","69","","0.0","","1","","8","","16.1","","93.69","","","","","","NA"
"-122.68","53.88","PRINCE GEORGE","1096439","2021-07-04 23:00","2021","07","04","23:00","13.0","","8.7","","75","","0.0","","35","","9","","16.1","","93.71","","","","","","NA"
"-122.68","53.88","PRINCE GEORGE","1096439","2021-07-05 00:00","2021","07","05","00:00","12.6","","9.1","","79","","0.0","","35","","9","","16.1","","93.72","","","","","","NA"
"-122.68","53.88","PRINCE GEORGE","1096439","2021-07-05 01:00","2021","07","05","01:00","13.2","","8.4","","72","","0.0","","35","","17","","16.1","","93.72","","","","","","NA"
"-122.68","53.88","PRINCE GEORGE","1096439","2021-07-05 02:00","2021","07","05","02:00","11.4","","7.5","","77","","0.0","","36","","17","","16.1","","93.73","","","","","","NA"
"-122.68","53.88","PRINCE GEORGE","1096439","2021-07-05 03:00","2021","07","05","03:00","11.7","","7.6","","76","","0.0","","36","","17","","16.1","","93.75","","","","","","NA"
"-122.68","53.88","PRINCE GEORGE","1096439","2021-07-05 04:00","2021","07","05","04:00","10.6","","7.8","","83","","0.0","","35","","17","","16.1","","93.78","","","","","","NA"
"-122.68","53.88","PRINCE GEORGE","1096439","2021-07-05 05:00","2021","07","05","05:00","12.0","","8.3","","78","","0.0","","36","","13","","16.1","","93.81","","","","","","NA"
"-122.68","53.88","PRINCE GEORGE","1096439","2021-07-05 06:00","2021","07","05","06:00","14.2","","8.9","","70","","0.0","","1","","13","","16.1","","93.84","","","","","","NA"
"-122.68","53.88","PRINCE GEORGE","1096439","2021-07-05 07:00","2021","07","05","07:00","15.5","","9.5","","67","","0.0","","35","","18","","16.1","","93.84","","","","","","NA"
"-122.68","53.88","PRINCE GEORGE","1096439","2021-07-05 08:00","2021","07","05","08:00","17.9","","9.4","","57","","0.0","","36","","15","","16.1","","93.84","","","","","","NA"
"-122.68","53.88","PRINCE GEORGE","1096439","2021-07-05 09:00","2021","07","05","09:00","20.1","","9.1","","49","","0.0","","36","","18","","16.1","","93.83","","","","","","NA"
"-122.68","53.88","PRINCE GEORGE","1096439","2021-07-05 10:00","2021","07","05","10:00","22.8","","8.7","","40","","0.0","","4","","17","","16.1","","93.82","","","","","","NA"
"-122.68","53.88","PRINCE GEORGE","1096439","2021-07-05 11:00","2021","07","05","11:00","22.9","","8.6","","40","","0.0","","32","","9","","16.1","","93.81","","","","","","NA"
"-122.68","53.88","PRINCE GEORGE","1096439","2021-07-05 12:00","2021","07","05","12:00","24.0","","8.2","","36","","0.0","","36","","11","","16.1","","93.79","","","","","","NA"
"-122.68","53.88","PRINCE GEORGE","1096439","2021-07-05 13:00","2021","07","05","13:00","25.3","","7.2","","31","","0.0","","33","","17","","16.1","","93.78","","25","","","","NA"
"-122.68","53.88","PRINCE GEORGE","1096439","2021-07-05 14:00","2021","07","05","14:00","25.8","","6.3","","28","","0.0","","34","","13","","16.1","","93.75","","26","","","","NA"
"-122.68","53.88","PRINCE GEORGE","1096439","2021-07-05 15:00","2021","07","05","15:00","25.8","","3.9","","24","","0.0","","31","","8","","16.1","","93.74","","25","","","","NA"
"-122.68","53.88","PRINCE GEORGE","1096439","2021-07-05 16:00","2021","07","05","16:00","26.1","","6.0","","27","","0.0","","","M","13","","16.1","","93.70","","26","","","","NA"
"-122.68","53.88","PRINCE GEORGE","1096439","2021-07-05 17:00","2021","07","05","17:00","26.2","","6.6","","28","","0.0","","32","","9","","16.1","","93.67","","26","","","","NA"
"-122.68","53.88","PRINCE GEORGE","1096439","2021-07-05 18:00","2021","07","05","18:00","25.9","","6.5","","29","","0.0","","","M","4","","16.1","","93.67","","26","","","","NA"
"-122.68","53.88","PRINCE GEORGE","1096439","2021-07-05 19:00","2021","07","05","19:00","22.9","","9.9","","43","","0.0","","32","","8","","16.1","","93.67","","","","","","NA"
"-122.68","53.88","PRINCE GEORGE","1096439","2021-07-05 20:00","2021","07","05","20:00","20.8","","9.1","","47","","0.0","","34","","8","","16.1","","93.68","","","","","","NA"
"-122.68","53.88","PRINCE GEORGE","1096439","2021-07-05 21:00","2021","07","05","21:00","18.7","","9.6","","55","","0.0","","36","","9","","16.1","","93.71","","","","","","NA"
"-122.68","53.88","PRINCE GEORGE","1096439","2021-07-05 22:00","2021","07","05","22:00","14.5","","9.6","","72","","0.0","","35","","8","","16.1","","93.72","","","","","","NA"
"-122.68","53.88","PRINCE GEORGE","1096439","2021-07-05 23:00","2021","07","05","23:00","16.0","","8.8","","62","","0.0","","35","","9","","16.1","","93.72","","","","","","NA"
"-122.68","53.88","PRINCE GEORGE","1096439","2021-07-06 00:00","2021","07","06","00:00","15.2","","8.5","","64","","0.0","","34","","4","","16.1","","93.72","","","","","","NA"
"-122.68","53.88","PRINCE GEORGE","1096439","2021-07-06 01:00","2021","07","06","01:00","14.1","","8.9","","71","","0.0","","","","0","","16.1","","93.76","","","","","","NA"
"-122.68","53.88","PRINCE GEORGE","1096439","2021-07-06 02:00","2021","07","06","02:00","11.4","","8.8","","84","","0.0","","34","","8","","16.1","","93.76","","","","","","NA"
"-122.68","53.88","PRINCE GEORGE","1096439","2021-07-06 03:00","2021","07","06","03:00","8.1","","6.3","","88","","0.0","","18","","4","","16.1","","93.80","","","","","","NA"
"-122.68","53.88","PRINCE GEORGE","1096439","2021-07-06 04:00","2021","07","06","04:00","8.9","","7.7","","92","","0.0","","20","","5","","16.1","","93.82","","","","","","NA"
"-122.68","53.88","PRINCE GEORGE","1096439","2021-07-06 05:00","2021","07","06","05:00","8.4","","7.2","","92","","0.0","","19","","4","","16.1","","93.83","","","","","","NA"
"-122.68","53.88","PRINCE GEORGE","1096439","2021-07-06 06:00","2021","07","06","06:00","12.2","","9.4","","83","","0.0","","17","","5","","16.1","","93.83","","","","","","NA"
"-122.68","53.88","PRINCE GEORGE","1096439","2021-07-06 07:00","2021","07","06","07:00","15.1","","10.1","","72","","0.0","","","M","4","","16.1","","93.83","","","","","","NA"
"-122.68","53.88","PRINCE GEORGE","1096439","2021-07-06 08:00","2021","07","06","08:00","17.6","","11.3","","66","","0.0","","14","","8","","16.1","","93.83","","","","","","NA"
"-122.68","53.88","PRINCE GEORGE","1096439","2021-07-06 09:00","2021","07","06","09:00","19.9","","11.8","","59","","0.0","","17","","5","","16.1","","93.82","","","","","","NA"
"-122.68","53.88","PRINCE GEORGE","1096439","2021-07-06 10:00","2021","07","06","10:00","22.8","","11.0","","47","","0.0","","17","","9","","16.1","","93.76","","25","","","","NA"
"-122.68","53.88","PRINCE GEORGE","1096439","2021-07-06 11:00","2021","07","06","11:00","25.4","","10.0","","37","","0.0","","25","","9","","16.1","","93.72","","27","","","","NA"
"-122.68","53.88","PRINCE GEORGE","1096439","2021-07-06 12:00","2021","07","06","12:00","26.6","","9.3","","33","","0.0","","","M","9","","16.1","","93.68","","28","","","","NA"
"-122.68","53.88","PRINCE GEORGE","1096439","2021-07-06 13:00","2021","07","06","13:00","27.5","","8.4","","30","","0.0","","35","","13","","16.1","","93.62","","28","","","","NA"
"-122.68","53.88","PRINCE GEORGE","1096439","2021-07-06 14:00","2021","07","06","14:00","28.4","","8.2","","28","","0.0","","33","","5","","16.1","","93.58","","29","","","","NA"
"-122.68","53.88","PRINCE GEORGE","1096439","2021-07-06 15:00","2021","07","06","15:00","28.2","","5.4","","23","","0.0","","22","","11","","16.1","","93.55","","28","","","","NA"
"-122.68","53.88","PRINCE GEORGE","1096439","2021-07-06 16:00","2021","07","06","16:00","28.5","","6.4","","24","","0.0","","","M","9","","16.1","","93.48","","28","","","","NA"
"-122.68","53.88","PRINCE GEORGE","1096439","2021-07-06 17:00","2021","07","06","17:00","29.0","","4.4","","20","","0.0","","","M","5","","16.1","","93.44","","28","","","","NA"
"-122.68","53.88","PRINCE GEORGE","1096439","2021-07-06 18:00","2021","07","06","18:00","28.0","","5.3","","23","","0.0","","12","","5","","16.1","","93.39","","27","","","","NA"
"-122.68","53.88","PRINCE GEORGE","1096439","2021-07-06 19:00","2021","07","06","19:00","25.5","","10.9","","39","","0.0","","12","","8","","16.1","","93.36","","27","","","","NA"
"-122.68","53.88","PRINCE GEORGE","1096439","2021-07-06 20:00","2021","07","06","20:00","22.6","","11.4","","49","","0.0","","","","0","","16.1","","93.34","","25","","","","NA"
"-122.68","53.88","PRINCE GEORGE","1096439","2021-07-06 21:00","2021","07","06","21:00","17.1","","11.2","","68","","0.0","","","","0","","16.1","","93.33","","","","","","NA"
"-122.68","53.88","PRINCE GEORGE","1096439","2021-07-06 22:00","2021","07","06","22:00","14.2","","10.1","","76","","0.0","","22","","4","","16.1","","93.32","","","","","","NA"
"-122.68","53.88","PRINCE GEORGE","1096439","2021-07-06 23:00","2021","07","06","23:00","12.8","","8.2","","73","","0.0","","","","0","","16.1","","93.33","","","","","","NA"
"-122.68","53.88","PRINCE GEORGE","1096439","2021-07-07 00:00","2021","07","07","00:00","13.3","","6.7","","64","","0.0","","21","","5","","16.1","","93.32","","","","","","NA"
"-122.68","53.88","PRINCE GEORGE","1096439","2021-07-07 01:00","2021","07","07","01:00","12.0","","8.3","","78","","0.0","","","M","4","","16.1","","93.30","","","","","","NA"
"-122.68","53.88","PRINCE GEORGE","1096439","2021-07-07 02:00","2021","07","07","02:00","9.9","","7.4","","85","","0.0","","19","","4","","16.1","","93.28","","","","","","NA"
"-122.68","53.88","PRINCE GEORGE","1096439","2021-07-07 03:00","2021","07","07","03:00","8.6","","6.7","","88","","0.0","","","","0","","16.1","","93.30","","","","","","NA"
"-122.68","53.88","PRINCE GEORGE","1096439","2021-07-07 04:00","2021","07","07","04:00","8.6","","6.9","","89","","0.0","","","","0","","16.1","","93.28","","","","","","NA"
"-122.68","53.88","PRINCE GEORGE","1096439","2021-07-07 05:00","2021","07","07","05:00","8.5","","6.5","","87","","0.0","","21","","4","","16.1","","93.28","","","","","","NA"
"-122.68","53.88","PRINCE GEORGE","1096439","2021-07-07 06:00","2021","07","07","06:00","12.3","","8.7","","78","","0.0","","17","","5","","16.1","","93.27","","","","","","NA"
"-122.68","53.88","PRINCE GEORGE","1096439","2021-07-07 07:00","2021","07","07","07:00","15.1","","9.1","","67","","0.0","","14","","5","","16.1","","93.26","","","","","","NA"
"-122.68","53.88","PRINCE GEORGE","1096439","2021-07-07 08:00","2021","07","07","08:00","18.4","","11.4","","64","","0.0","","16","","5","","16.1","","93.24","","","","","","NA"
"-122.68","53.88","PRINCE GEORGE","1096439","2021-07-07 09:00","2021","07","07","09:00","21.1","","10.8","","51","","0.0","","","M","4","","16.1","","93.21","","","","","","NA"
"-122.68","53.88","PRINCE GEORGE","1096439","2021-07-07 10:00","2021","07","07","10:00","24.0","","11.3","","44","","0.0","","","M","5","","16.1","","93.15","","26","","","","NA"
"-122.68","53.88","PRINCE GEORGE","1096439","2021-07-07 11:00","2021","07","07","11:00","25.9","","12.1","","42","","0.0","","32","","8","","16.1","","93.08","","28","","","","NA"
"-122.68","53.88","PRINCE GEORGE","1096439","2021-07-07 12:00","2021","07","07","12:00","27.1","","10.9","","36","","0.0","","17","","5","","16.1","","93.01","","29","","","","NA"
"-122.68","53.88","PRINCE GEORGE","1096439","2021-07-07 13:00","2021","07","07","13:00","28.6","","10.3","","31","","0.0","","","M","4","","16.1","","92.96","","30","","","","NA"
"-122.68","53.88","PRINCE GEORGE","1096439","2021-07-07 14:00","2021","07","07","14:00","30.5","","9.4","","26","","0.0","","","M","13","","16.1","","92.89","","32","","","","NA"
"-122.68","53.88","PRINCE GEORGE","1096439","2021-07-07 15:00","2021","07","07","15:00","30.1","","10.3","","29","","0.0","","1","","15","","16.1","","92.83","","32","","","","NA"
"-122.68","53.88","PRINCE GEORGE","1096439","2021-07-07 16:00","2021","07","07","16:00","30.0","","10.5","","29","","0.0","","35","","9","","16.1","","92.80","","32","","","","NA"
"-122.68","53.88","PRINCE GEORGE","1096439","2021-07-07 17:00","2021","07","07","17:00","29.7","","9.4","","28","","0.0","","34","","5","","16.1","","92.77","","31","","","","NA"
"-122.68","53.88","PRINCE GEORGE","1096439","2021-07-07 18:00","2021","07","07","18:00","27.0","","10.5","","35","","0.0","","24","","24","","16.1","","92.78","","29","","","","NA"
"-122.68","53.88","PRINCE GEORGE","1096439","2021-07-07 19:00","2021","07","07","19:00","25.8","","11.0","","39","","0.0","","22","","17","","16.1","","92.79","","28","","","","NA"
"-122.68","53.88","PRINCE GEORGE","1096439","2021-07-07 20:00","2021","07","07","20:00","23.2","","11.7","","48","","0.0","","23","","17","","16.1","","92.83","","25","","","","NA"
"-122.68","53.88","PRINCE GEORGE","1096439","2021-07-07 21:00","2021","07","07","21:00","21.4","","11.0","","51","","0.0","","17","","11","","16.1","","92.87","","","","","","NA"
"-122.68","53.88","PRINCE GEORGE","1096439","2021-07-07 22:00","2021","07","07","22:00","19.6","","11.1","","58","","0.0","","20","","8","","16.1","","92.90","","","","","","NA"
"-122.68","53.88","PRINCE GEORGE","1096439","2021-07-07 23:00","2021","07","07","23:00","18.1","","11.4","","64","","0.0","","19","","8","","16.1","","92.92","","","","","","NA"
"-122.68","53.88","PRINCE GEORGE","1096439","2021-07-08 00:00","2021","07","08","00:00","21.1","","6.7","","39","","0.0","","25","","15","","16.1","","92.92","","","","","","NA"
"-122.68","53.88","PRINCE GEORGE","1096439","2021-07-08 01:00","2021","07","08","01:00","18.8","","7.0","","46","","0.0","","19","","15","","16.1","","92.99","","","","","","NA"
"-122.68","53.88","PRINCE GEORGE","1096439","2021-07-08 02:00","2021","07","08","02:00","18.0","","6.7","","47","","0.0","","17","","11","","16.1","","93.06","","","","","","NA"
"-122.68","53.88","PRINCE GEORGE","1096439","2021-07-08 03:00","2021","07","08","03:00","17.8","","8.1","","53","","0.0","","20","","13","","16.1","","93.14","","","","","","NA"
"-122.68","53.88","PRINCE GEORGE","1096439","2021-07-08 04:00","2021","07","08","04:00","13.8","","8.9","","72","","0.0","","17","","13","","16.1","","93.21","","","","","","NA"
"-122.68","53.88","PRINCE GEORGE","1096439","2021-07-08 05:00","2021","07","08","05:00","12.6","","8.3","","75","","0.0","","17","","11","","16.1","","93.26","","","","","","NA"
"-122.68","53.88","PRINCE GEORGE","1096439","2021-07-08 06:00","2021","07","08","06:00","14.8","","8.3","","65","","0.0","","18","","8","","16.1","","93.29","","","","","","NA"
"-122.68","53.88","PRINCE GEORGE","1096439","2021-07-08 07:00","2021","07","08","07:00","16.0","","8.6","","61","","0.0","","18","","9","","9.7","","93.32","","","","","","NA"
"-122.68","53.88","PRINCE GEORGE","1096439","2021-07-08 08:00","2021","07","08","08:00","18.1","","9.5","","57","","0.0","","16","","13","","8.1","","93.34","","","","","","NA"
"-122.68","53.88","PRINCE GEORGE","1096439","2021-07-08 09:00","2021","07","08","09:00","20.5","","8.6","","46","","0.0","","24","","13","","16.1","","93.36","","","","","","NA"
"-122.68","53.88","PRINCE GEORGE","1096439","2021-07-08 10:00","2021","07","08","10:00","21.5","","8.8","","44","","0.0","","22","","9","","16.1","","93.37","","","","","","NA"
"-122.68","53.88","PRINCE GEORGE","1096439","2021-07-08 11:00","2021","07","08","11:00","22.9","","9.6","","42","","0.0","","26","","11","","16.1","","93.40","","","","","","NA"
"-122.68","53.88","PRINCE GEORGE","1096439","2021-07-08 12:00","2021","07","08","12:00","23.8","","10.1","","41","","0.0","","19","","8","","16.1","","93.40","","25","","","","NA"
"-122.68","53.88","PRINCE GEORGE","1096439","2021-07-08 13:00","2021","07","08","13:00","24.2","","9.3","","38","","0.0","","","M","4","","11.3","","93.38","","25","","","","NA"
"-122.68","53.88","PRINCE GEORGE","1096439","2021-07-08 14:00","2021","07","08","14:00","25.5","","9.6","","36","","0.0","","24","","9","","6.4","","93.36","","27","","","","NA"
"-122.68","53.88","PRINCE GEORGE","1096439","2021-07-08 15:00","2021","07","08","15:00","25.6","","10.1","","37","","0.0","","31","","5","","8.1","","93.34","","27","","","","NA"
"-122.68","53.88","PRINCE GEORGE","1096439","2021-07-08 16:00","2021","07","08","16:00","26.7","","8.4","","31","","0.0","","28","","8","","6.4","","93.31","","27","","","","NA"
"-122.68","53.88","PRINCE GEORGE","1096439","2021-07-08 17:00","2021","07","08","17:00","26.3","","8.2","","31","","0.0","","","M","4","","9.7","","93.28","","27","","","","NA"
"-122.68","53.88","PRINCE GEORGE","1096439","2021-07-08 18:00","2021","07","08","18:00","25.6","","10.0","","37","","0.0","","8","","5","","11.3","","93.28","","27","","","","NA"
"-122.68","53.88","PRINCE GEORGE","1096439","2021-07-08 19:00","2021","07","08","19:00","23.6","","11.5","","46","","0.0","","16","","9","","9.7","","93.28","","26","","","","NA"
"-122.68","53.88","PRINCE GEORGE","1096439","2021-07-08 20:00","2021","07","08","20:00","21.3","","11.1","","52","","0.0","","18","","5","","8.1","","93.32","","","","","","NA"
"-122.68","53.88","PRINCE GEORGE","1096439","2021-07-08 21:00","2021","07","08","21:00","15.4","","11.6","","78","","0.0","","21","","4","","8.1","","93.35","","","","","","NA"
"-122.68","53.88","PRINCE GEORGE","1096439","2021-07-08 22:00","2021","07","08","22:00","14.2","","9.6","","74","","0.0","","20","","4","","6.4","","93.38","","","","","","NA"
"-122.68","53.88","PRINCE GEORGE","1096439","2021-07-08 23:00","2021","07","08","23:00","12.0","","9.5","","85","","0.0","","","M","4","","8.1","","93.42","","","","","","NA"
"-122.68","53.88","PRINCE GEORGE","1096439","2021-07-09 00:00","2021","07","09","00:00","12.4","","9.4","","82","","0.0","","19","","5","","8.1","","93.44","","","","","","NA"
"-122.68","53.88","PRINCE GEORGE","1096439","2021-07-09 01:00","2021","07","09","01:00","11.3","","8.5","","83","","0.0","","19","","9","","8.1","","93.48","","","","","","NA"
"-122.68","53.88","PRINCE GEORGE","1096439","2021-07-09 02:00","2021","07","09","02:00","11.6","","8.6","","82","","0.0","","20","","4","","8.1","","93.54","","","","","","NA"
"-122.68","53.88","PRINCE GEORGE","1096439","2021-07-09 03:00","2021","07","09","03:00","9.5","","7.8","","89","","0.0","","18","","5","","8.1","","93.59","","","","","","NA"
"-122.68","53.88","PRINCE GEORGE","1096439","2021-07-09 04:00","2021","07","09","04:00","10.1","","7.5","","84","","0.0","","18","","5","","8.1","","93.67","","","","","","NA"
"-122.68","53.88","PRINCE GEORGE","1096439","2021-07-09 05:00","2021","07","09","05:00","10.7","","8.1","","84","","0.0","","19","","5","","8.1","","93.72","","","","","","NA"
"-122.68","53.88","PRINCE GEORGE","1096439","2021-07-09 06:00","2021","07","09","06:00","12.6","","8.9","","78","","0.0","","20","","8","","8.1","","93.77","","","","","","NA"
"-122.68","53.88","PRINCE GEORGE","1096439","2021-07-09 07:00","2021","07","09","07:00","12.5","","9.9","","84","","0.0","","18","","5","","9.7","","93.81","","","","","","NA"
"-122.68","53.88","PRINCE GEORGE","1096439","2021-07-09 08:00","2021","07","09","08:00","15.1","","10.6","","74","","0.0","","17","","9","","9.7","","93.84","","","","","","NA"
"-122.68","53.88","PRINCE GEORGE","1096439","2021-07-09 09:00","2021","07","09","09:00","18.8","","11.5","","62","","0.0","","17","","8","","14.5","","93.87","","","","","","NA"
"-122.68","53.88","PRINCE GEORGE","1096439","2021-07-09 10:00","2021","07","09","10:00","21.5","","11.1","","51","","0.0","","","M","4","","16.1","","93.88","","","","","","NA"
"-122.68","53.88","PRINCE GEORGE","1096439","2021-07-09 11:00","2021","07","09","11:00","23.4","","11.1","","46","","0.0","","33","","8","","16.1","","93.87","","25","","","","NA"
"-122.68","53.88","PRINCE GEORGE","1096439","2021-07-09 12:00","2021","07","09","12:00","24.4","","10.2","","40","","0.0","","","","0","","16.1","","93.85","","26","","","","NA"
"-122.68","53.88","PRINCE GEORGE","1096439","2021-07-09 13:00","2021","07","09","13:00","26.4","","10.6","","37","","0.0","","","M","9","","16.1","","93.82","","28","","","","NA"
"-122.68","53.88","PRINCE GEORGE","1096439","2021-07-09 14:00","2021","07","09","14:00","26.3","","10.4","","36","","0.0","","35","","8","","16.1","","93.78","","28","","","","NA"
"-122.68","53.88","PRINCE GEORGE","1096439","2021-07-09 15:00","2021","07","09","15:00","27.8","","10.8","","34","","0.0","","","M","13","","16.1","","93.73","","29","","","","NA"
"-122.68","53.88","PRINCE GEORGE","1096439","2021-07-09 16:00","2021","07","09","16:00","27.4","","9.9","","33","","0.0","","","M","4","","16.1","","93.65","","29","","","","NA"
"-122.68","53.88","PRINCE GEORGE","1096439","2021-07-09 17:00","2021","07","09","17:00","27.7","","11.7","","36","","0.0","","2","","8","","16.1","","93.59","","30","","","","NA"
"-122.68","53.88","PRINCE GEORGE","1096439","2021-07-09 18:00","2021","07","09","18:00","26.6","","12.2","","40","","0.0","","4","","11","","16.1","","93.53","","29","","","","NA"
"-122.68","53.88","PRINCE GEORGE","1096439","2021-07-09 19:00","2021","07","09","19:00","25.4","","12.8","","45","","0.0","","3","","11","","16.1","","93.50","","28","","","","NA"
"-122.68","53.88","PRINCE GEORGE","1096439","2021-07-09 20:00","2021","07","09","20:00","23.3","","12.5","","50","","0.0","","5","","9","","16.1","","93.45","","26","","","","NA"
"-122.68","53.88","PRINCE GEORGE","1096439","2021-07-09 21:00","2021","07","09","21:00","20.4","","12.7","","61","","0.0","","1","","8","","16.1","","93.43","","","","","","NA"
"-122.68","53.88","PRINCE GEORGE","1096439","2021-07-09 22:00","2021","07","09","22:00","19.5","","14.0","","70","","0.0","","35","","11","","16.1","","93.39","","","","","","NA"
"-122.68","53.88","PRINCE GEORGE","1096439","2021-07-09 23:00","2021","07","09","23:00","22.2","","12.5","","54","","0.0","","29","","26","","16.1","","93.47","","25","","","","NA"
"-122.68","53.88","PRINCE GEORGE","1096439","2021-07-10 00:00","2021","07","10","00:00","17.1","","14.2","","83","","1.2","","33","","15","","16.1","","93.52","","","","","","NA"
"-122.68","53.88","PRINCE GEORGE","1096439","2021-07-10 01:00","2021","07","10","01:00","16.3","","14.3","","88","","4.3","","33","","5","","9.7","","93.73","","","","","","NA"
"-122.68","53.88","PRINCE GEORGE","1096439","2021-07-10 02:00","2021","07","10","02:00","15.3","","14.5","","95","","2.5","","6","","15","","16.1","","93.64","","","","","","NA"
"-122.68","53.88","PRINCE GEORGE","1096439","2021-07-10 03:00","2021","07","10","03:00","15.3","","14.0","","92","","0.2","","","","0","","16.1","","93.65","","","","","","NA"
"-122.68","53.88","PRINCE GEORGE","1096439","2021-07-10 04:00","2021","07","10","04:00","14.6","","14.1","","97","","0.0","","18","","11","","16.1","","93.63","","","","","","NA"
"-122.68","53.88","PRINCE GEORGE","1096439","2021-07-10 05:00","2021","07","10","05:00","14.1","","13.8","","98","","0.0","","","","0","","9.7","","93.67","","","","","","NA"
"-122.68","53.88","PRINCE GEORGE","1096439","2021-07-10 06:00","2021","07","10","06:00","13.6","","13.5","","99","","0.0","","","","0","","2.4","","93.69","","","","","","NA"
"-122.68","53.88","PRINCE GEORGE","1096439","2021-07-10 07:00","2021","07","10","07:00","15.4","","15.1","","98","","0.0","","17","","9","","11.3","","93.70","","","","","","NA"
"-122.68","53.88","PRINCE GEORGE","1096439","2021-07-10 08:00","2021","07","10","08:00","15.8","","15.0","","95","","0.0","","17","","15","","12.9","","93.72","","","","","","NA"
"-122.68","53.88","PRINCE GEORGE","1096439","2021-07-10 09:00","2021","07","10","09:00","19.4","","16.6","","83","","0.0","","18","","15","","14.5","","93.71","","","","","","NA"
"-122.68","53.88","PRINCE GEORGE","1096439","2021-07-10 10:00","2021","07","10","10:00","20.8","","16.1","","74","","0.0","","19","","13","","16.1","","93.72","","25","","","","NA"
"-122.68","53.88","PRINCE GEORGE","1096439","2021-07-10 11:00","2021","07","10","11:00","22.3","","15.5","","65","","0.0","","","M","11","","16.1","","93.69","","27","","","","NA"
"-122.68","53.88","PRINCE GEORGE","1096439","2021-07-10 12:00","2021","07","10","12:00","17.2","","14.9","","86","","2.0","","19","","9","","14.5","","93.71","","","","","","NA"
"-122.68","53.88","PRINCE GEORGE","1096439","2021-07-10 13:00","2021","07","10","13:00","22.3","","15.8","","66","","0.0","","18","","18","","16.1","","93.69","","27","","","","NA"
"-122.68","53.88","PRINCE GEORGE","1096439","2021-07-10 14:00","2021","07","10","14:00","23.2","","13.2","","53","","0.0","","15","","11","","16.1","","93.68","","26","","","","NA"
"-122.68","53.88","PRINCE GEORGE","1096439","2021-07-10 15:00","2021","07","10","15:00","22.9","","13.1","","54","","0.0","","17","","11","","16.1","","93.66","","26","","","","NA"
"-122.68","53.88","PRINCE GEORGE","1096439","2021-07-10 16:00","2021","07","10","16:00","20.7","","14.0","","65","","0.0","","16","","17","","16.1","","93.63","","","","","","NA"
"-122.68","53.88","PRINCE GEORGE","1096439","2021-07-10 17:00","2021","07","10","17:00","21.0","","13.1","","60","","0.0","","3","","22","","16.1","","93.68","","","","","","NA"
"-122.68","53.88","PRINCE GEORGE","1096439","2021-07-10 18:00","2021","07","10","18:00","20.8","","11.9","","56","","0.0","","5","","8","","16.1","","93.71","","","","","","NA"
"-122.68","53.88","PRINCE GEORGE","1096439","2021-07-10 19:00","2021","07","10","19:00","19.1","","13.4","","69","","0.0","","34","","11","","16.1","","93.76","","","","","","NA"
"-122.68","53.88","PRINCE GEORGE","1096439","2021-07-10 20:00","2021","07","10","20:00","16.5","","12.7","","78","","0.0","","3","","8","","16.1","","93.79","","","","","","NA"
"-122.68","53.88","PRINCE GEORGE","1096439","2021-07-10 21:00","2021","07","10","21:00","14.8","","11.2","","79","","0.0","","","M","4","","16.1","","93.82","","","","","","NA"
"-122.68","53.88","PRINCE GEORGE","1096439","2021-07-10 22:00","2021","07","10","22:00","12.6","","11.1","","90","","0.0","","","M","4","","16.1","","93.87","","","","","","NA"
"-122.68","53.88","PRINCE GEORGE","1096439","2021-07-10 23:00","2021","07","10","23:00","11.4","","10.6","","95","","0.0","","","","0","","16.1","","93.89","","","","","","NA"
"-122.68","53.88","PRINCE GEORGE","1096439","2021-07-11 00:00","2021","07","11","00:00","10.1","","9.2","","94","","0.0","","16","","8","","16.1","","93.92","","","","","","NA"
"-122.68","53.88","PRINCE GEORGE","1096439","2021-07-11 01:00","2021","07","11","01:00","11.1","","9.7","","91","","0.0","","18","","5","","16.1","","93.94","","","","","","NA"
"-122.68","53.88","PRINCE GEORGE","1096439","2021-07-11 02:00","2021","07","11","02:00","8.9","","8.2","","95","","0.0","","17","","8","","16.1","","93.96","","","","","","NA"
"-122.68","53.88","PRINCE GEORGE","1096439","2021-07-11 03:00","2021","07","11","03:00","8.1","","7.4","","95","","0.0","","17","","11","","16.1","","93.96","","","","","","NA"
"-122.68","53.88","PRINCE GEORGE","1096439","2021-07-11 04:00","2021","07","11","04:00","9.6","","8.9","","95","","0.0","","18","","9","","16.1","","93.98","","","","","","NA"
"-122.68","53.88","PRINCE GEORGE","1096439","2021-07-11 05:00","2021","07","11","05:00","9.8","","9.0","","95","","0.0","","17","","8","","16.1","","93.99","","","","","","NA"
"-122.68","53.88","PRINCE GEORGE","1096439","2021-07-11 06:00","2021","07","11","06:00","10.2","","9.1","","93","","0.0","","17","","5","","16.1","","94.03","","","","","","NA"
"-122.68","53.88","PRINCE GEORGE","1096439","2021-07-11 07:00","2021","07","11","07:00","11.7","","10.2","","90","","0.0","","18","","8","","16.1","","94.05","","","","","","NA"
"-122.68","53.88","PRINCE GEORGE","1096439","2021-07-11 08:00","2021","07","11","08:00","16.5","","10.6","","68","","0.0","","17","","11","","16.1","","94.08","","","","","","NA"
"-122.68","53.88","PRINCE GEORGE","1096439","2021-07-11 09:00","2021","07","11","09:00","18.1","","9.8","","58","","0.0","","24","","8","","16.1","","94.06","","","","","","NA"
"-122.68","53.88","PRINCE GEORGE","1096439","2021-07-11 10:00","2021","07","11","10:00","18.8","","8.6","","51","","0.0","","","M","4","","16.1","","94.04","","","","","","NA"
"-122.68","53.88","PRINCE GEORGE","1096439","2021-07-11 11:00","2021","07","11","11:00","20.9","","8.4","","44","","0.0","","","M","13","","16.1","","94.02","","","","","","NA"
"-122.68","53.88","PRINCE GEORGE","1096439","2021-07-11 12:00","2021","07","11","12:00","22.6","","6.8","","36","","0.0","","24","","17","","16.1","","94.00","","","","","","NA"
"-122.68","53.88","PRINCE GEORGE","1096439","2021-07-11 13:00","2021","07","11","13:00","23.0","","6.7","","34","","0.0","","25","","17","","16.1","","93.97","","","","","","NA"
"-122.68","53.88","PRINCE GEORGE","1096439","2021-07-11 14:00","2021","07","11","14:00","24.0","","8.0","","35","","0.0","","","M","17","","16.1","","93.92","","","","","","NA"
"-122.68","53.88","PRINCE GEORGE","1096439","2021-07-11 15:00","2021","07","11","15:00","24.6","","8.0","","34","","0.0","","","M","17","","16.1","","93.89","","25","","","","NA"
"-122.68","53.88","PRINCE GEORGE","1096439","2021-07-11 16:00","2021","07","11","16:00","23.8","","7.4","","35","","0.0","","","M","8","","16.1","","93.85","","","","","","NA"
"-122.68","53.88","PRINCE GEORGE","1096439","2021-07-11 17:00","2021","07","11","17:00","24.0","","7.9","","35","","0.0","","","M","5","","16.1","","93.82","","","","","","NA"
"-122.68","53.88","PRINCE GEORGE","1096439","2021-07-11 18:00","2021","07","11","18:00","23.6","","8.0","","36","","0.0","","34","","5","","16.1","","93.78","","","","","","NA"
"-122.68","53.88","PRINCE GEORGE","1096439","2021-07-11 19:00","2021","07","11","19:00","21.9","","9.3","","44","","0.0","","33","","5","","16.1","","93.78","","","","","","NA"
"-122.68","53.88","PRINCE GEORGE","1096439","2021-07-11 20:00","2021","07","11","20:00","19.3","","9.4","","52","","0.0","","34","","4","","16.1","","93.80","","","","","","NA"
"-122.68","53.88","PRINCE GEORGE","1096439","2021-07-11 21:00","2021","07","11","21:00","14.3","","9.9","","74","","0.0","","","","0","","16.1","","93.84","","","","","","NA"
"-122.68","53.88","PRINCE GEORGE","1096439","2021-07-11 22:00","2021","07","11","22:00","13.0","","9.2","","78","","0.0","","","","0","","16.1","","93.85","","","","","","NA"
"-122.68","53.88","PRINCE GEORGE","1096439","2021-07-11 23:00","2021","07","11","23:00","11.0","","8.4","","84","","0.0","","20","","4","","16.1","","93.87","","","","","","NA"
"-122.68","53.88","PRINCE GEORGE","1096439","2021-07-12 00:00","2021","07","12","00:00","10.3","","8.5","","89","","0.0","","19","","4","","16.1","","93.88","","","","","","NA"
"-122.68","53.88","PRINCE GEORGE","1096439","2021-07-12 01:00","2021","07","12","01:00","8.8","","7.7","","93","","0.0","","","","0","","16.1","","93.89","","","","","","NA"
"-122.68","53.88","PRINCE GEORGE","1096439","2021-07-12 02:00","2021","07","12","02:00","7.1","","5.7","","91","","0.0","","","M","4","","16.1","","93.92","","","","","","NA"
"-122.68","53.88","PRINCE GEORGE","1096439","2021-07-12 03:00","2021","07","12","03:00","7.3","","5.9","","91","","0.0","","","","0","","16.1","","93.93","","","","","","NA"
"-122.68","53.88","PRINCE GEORGE","1096439","2021-07-12 04:00","2021","07","12","04:00","6.9","","6.2","","95","","0.0","","","","0","","16.1","","93.97","","","","","","NA"
"-122.68","53.88","PRINCE GEORGE","1096439","2021-07-12 05:00","2021","07","12","05:00","6.5","","5.8","","95","","0.0","","","","0","","16.1","","94.02","","","","","","NA"
"-122.68","53.88","PRINCE GEORGE","1096439","2021-07-12 06:00","2021","07","12","06:00","8.6","","7.2","","91","","0.0","","","","0","","16.1","","94.03","","","","","","NA"
"-122.68","53.88","PRINCE GEORGE","1096439","2021-07-12 07:00","2021","07","12","07:00","12.5","","9.8","","84","","0.0","","16","","5","","16.1","","94.05","","","","","","NA"
"-122.68","53.88","PRINCE GEORGE","1096439","2021-07-12 08:00","2021","07","12","08:00","16.1","","10.9","","71","","0.0","","","","0","","16.1","","94.06","","","","","","NA"
"-122.68","53.88","PRINCE GEORGE","1096439","2021-07-12 09:00","2021","07","12","09:00","19.0","","11.2","","60","","0.0","","","M","4","","16.1","","94.04","","","","","","NA"
"-122.68","53.88","PRINCE GEORGE","1096439","2021-07-12 10:00","2021","07","12","10:00","20.8","","11.1","","54","","0.0","","36","","8","","16.1","","94.04","","","","","","NA"
"-122.68","53.88","PRINCE GEORGE","1096439","2021-07-12 11:00","2021","07","12","11:00","23.0","","9.8","","43","","0.0","","","M","4","","16.1","","94.01","","","","","","NA"
"-122.68","53.88","PRINCE GEORGE","1096439","2021-07-12 12:00","2021","07","12","12:00","24.5","","9.8","","39","","0.0","","","M","4","","16.1","","93.98","","26","","","","NA"
"-122.68","53.88","PRINCE GEORGE","1096439","2021-07-12 13:00","2021","07","12","13:00","26.0","","9.5","","35","","0.0","","","M","8","","16.1","","93.93","","27","","","","NA"
"-122.68","53.88","PRINCE GEORGE","1096439","2021-07-12 14:00","2021","07","12","14:00","26.2","","7.5","","30","","0.0","","2","","5","","16.1","","93.89","","26","","","","NA"
"-122.68","53.88","PRINCE GEORGE","1096439","2021-07-12 15:00","2021","07","12","15:00","27.3","","7.2","","28","","0.0","","","M","4","","16.1","","93.85","","27","","","","NA"
"-122.68","53.88","PRINCE GEORGE","1096439","2021-07-12 16:00","2021","07","12","16:00","27.1","","6.9","","27","","0.0","","2","","5","","16.1","","93.80","","27","","","","NA"
"-122.68","53.88","PRINCE GEORGE","1096439","2021-07-12 17:00","2021","07","12","17:00","27.0","","8.1","","30","","0.0","","35","","9","","16.1","","93.75","","27","","","","NA"
"-122.68","53.88","PRINCE GEORGE","1096439","2021-07-12 18:00","2021","07","12","18:00","25.5","","8.2","","33","","0.0","","4","","5","","16.1","","93.72","","26","","","","NA"
"-122.68","53.88","PRINCE GEORGE","1096439","2021-07-12 19:00","2021","07","12","19:00","24.3","","8.9","","37","","0.0","","3","","8","","16.1","","93.70","","25","","","","NA"
"-122.68","53.88","PRINCE GEORGE","1096439","2021-07-12 20:00","2021","07","12","20:00","19.7","","12.8","","64","","0.0","","","","0","","16.1","","93.70","","","","","","NA"
"-122.68","53.88","PRINCE GEORGE","1096439","2021-07-12 21:00","2021","07","12","21:00","16.1","","12.2","","77","","0.0","","","","0","","16.1","","93.71","","","","","","NA"
"-122.68","53.88","PRINCE GEORGE","1096439","2021-07-12 22:00","2021","07","12","22:00","16.6","","11.1","","70","","0.0","","","","0","","16.1","","93.72","","","","","","NA"
"-122.68","53.88","PRINCE GEORGE","1096439","2021-07-12 23:00","2021","07","12","23:00","14.3","","11.6","","84","","0.0","","","","0","","16.1","","93.73","","","","","","NA"
"-122.68","53.88","PRINCE GEORGE","1096439","2021-07-13 00:00","2021","07","13","00:00","12.2","","9.6","","84","","0.0","","3","","5","","16.1","","93.72","","","","","","NA"
"-122.68","53.88","PRINCE GEORGE","1096439","2021-07-13 01:00","2021","07","13","01:00","11.6","","9.2","","85","","0.0","","","","0","","16.1","","93.73","","","","","","NA"
"-122.68","53.88","PRINCE GEORGE","1096439","2021-07-13 02:00","2021","07","13","02:00","9.9","","8.7","","92","","0.0","","","","0","","16.1","","93.73","","","","","","NA"
"-122.68","53.88","PRINCE GEORGE","1096439","2021-07-13 03:00","2021","07","13","03:00","9.3","","8.1","","92","","0.0","","","","0","","16.1","","93.72","","","","","","NA"
"-122.68","53.88","PRINCE GEORGE","1096439","2021-07-13 04:00","2021","07","13","04:00","8.7","","7.7","","94","","0.0","","","","0","","16.1","","93.71","","","","","","NA"
"-122.68","53.88","PRINCE GEORGE","1096439","2021-07-13 05:00","2021","07","13","05:00","9.0","","8.3","","95","","0.0","","","","0","","9.7","","93.73","","","","","","NA"
"-122.68","53.88","PRINCE GEORGE","1096439","2021-07-13 06:00","2021","07","13","06:00","12.4","","11.8","","96","","0.0","","","","0","","11.3","","93.73","","","","","","NA"
"-122.68","53.88","PRINCE GEORGE","1096439","2021-07-13 07:00","2021","07","13","07:00","13.7","","12.3","","91","","0.0","","","","0","","9.7","","93.75","","","","","","NA"
"-122.68","53.88","PRINCE GEORGE","1096439","2021-07-13 08:00","2021","07","13","08:00","16.2","","12.3","","77","","0.0","","","M","5","","11.3","","93.73","","","","","","NA"
"-122.68","53.88","PRINCE GEORGE","1096439","2021-07-13 09:00","2021","07","13","09:00","18.4","","12.4","","68","","0.0","","","M","4","","11.3","","93.69","","","","","","NA"
"-122.68","53.88","PRINCE GEORGE","1096439","2021-07-13 10:00","2021","07","13","10:00","20.6","","11.6","","56","","0.0","","","M","4","","14.5","","93.66","","","","","","NA"
"-122.68","53.88","PRINCE GEORGE","1096439","2021-07-13 11:00","2021","07","13","11:00","22.0","","13.1","","56","","0.0","","35","","8","","16.1","","93.61","","25","","","","NA"
"-122.68","53.88","PRINCE GEORGE","1096439","2021-07-13 12:00","2021","07","13","12:00","24.7","","14.2","","52","","0.0","","35","","5","","16.1","","93.56","","28","","","","NA"
"-122.68","53.88","PRINCE GEORGE","1096439","2021-07-13 13:00","2021","07","13","13:00","27.2","","13.9","","43","","0.0","","33","","13","","16.1","","93.49","","31","","","","NA"
"-122.68","53.88","PRINCE GEORGE","1096439","2021-07-13 14:00","2021","07","13","14:00","29.1","","11.7","","34","","0.0","","30","","9","","16.1","","93.41","","31","","","","NA"
"-122.68","53.88","PRINCE GEORGE","1096439","2021-07-13 15:00","2021","07","13","15:00","29.5","","11.2","","32","","0.0","","36","","11","","16.1","","93.33","","31","","","","NA"
"-122.68","53.88","PRINCE GEORGE","1096439","2021-07-13 16:00","2021","07","13","16:00","29.8","","10.5","","30","","0.0","","1","","18","","16.1","","93.26","","31","","","","NA"
"-122.68","53.88","PRINCE GEORGE","1096439","2021-07-13 17:00","2021","07","13","17:00","28.2","","10.9","","34","","0.0","","35","","17","","16.1","","93.19","","30","","","","NA"
"-122.68","53.88","PRINCE GEORGE","1096439","2021-07-13 18:00","2021","07","13","18:00","26.5","","12.0","","40","","0.0","","1","","13","","16.1","","93.16","","29","","","","NA"
"-122.68","53.88","PRINCE GEORGE","1096439","2021-07-13 19:00","2021","07","13","19:00","23.4","","11.3","","46","","0.0","","1","","13","","16.1","","93.13","","25","","","","NA"
"-122.68","53.88","PRINCE GEORGE","1096439","2021-07-13 20:00","2021","07","13","20:00","22.5","","12.1","","51","","0.0","","35","","9","","16.1","","93.11","","25","","","","NA"
"-122.68","53.88","PRINCE GEORGE","1096439","2021-07-13 21:00","2021","07","13","21:00","20.2","","11.8","","58","","0.0","","1","","5","","11.3","","93.14","","","","","","NA"
"-122.68","53.88","PRINCE GEORGE","1096439","2021-07-13 22:00","2021","07","13","22:00","18.5","","11.4","","63","","0.0","","","M","4","","14.5","","93.19","","","","","","NA"
"-122.68","53.88","PRINCE GEORGE","1096439","2021-07-13 23:00","2021","07","13","23:00","21.5","","7.1","","39","","0.0","","29","","11","","16.1","","93.23","","","","","","NA"
"-122.68","53.88","PRINCE GEORGE","1096439","2021-07-14 00:00","2021","07","14","00:00","20.7","","6.8","","40","","0.0","","29","","11","","16.1","","93.26","","","","","","NA"
"-122.68","53.88","PRINCE GEORGE","1096439","2021-07-14 01:00","2021","07","14","01:00","20.0","","7.5","","44","","0.0","","22","","8","","16.1","","93.30","","","","","","NA"
"-122.68","53.88","PRINCE GEORGE","1096439","2021-07-14 02:00","2021","07","14","02:00","15.4","","8.1","","61","","0.0","","11","","5","","16.1","","93.34","","","","","","NA"
"-122.68","53.88","PRINCE GEORGE","1096439","2021-07-14 03:00","2021","07","14","03:00","16.4","","8.2","","58","","0.0","","24","","13","","16.1","","93.36","","","","","","NA"
"-122.68","53.88","PRINCE GEORGE","1096439","2021-07-14 04:00","2021","07","14","04:00","13.3","","8.2","","71","","0.0","","18","","5","","16.1","","93.39","","","","","","NA"
"-122.68","53.88","PRINCE GEORGE","1096439","2021-07-14 05:00","2021","07","14","05:00","12.3","","8.0","","75","","0.0","","","","0","","16.1","","93.40","","","","","","NA"
"-122.68","53.88","PRINCE GEORGE","1096439","2021-07-14 06:00","2021","07","14","06:00","16.7","","9.4","","62","","0.0","","26","","9","","16.1","","93.42","","","","","","NA"
"-122.68","53.88","PRINCE GEORGE","1096439","2021-07-14 07:00","2021","07","14","07:00","19.1","","8.7","","51","","0.0","","25","","15","","16.1","","93.41","","","","","","NA"
"-122.68","53.88","PRINCE GEORGE","1096439","2021-07-14 08:00","2021","07","14","08:00","20.3","","8.6","","46","","0.0","","23","","17","","16.1","","93.40","","","","","","NA"
"-122.68","53.88","PRINCE GEORGE","1096439","2021-07-14 09:00","2021","07","14","09:00","22.0","","7.5","","39","","0.0","","24","","17","","16.1","","93.38","","","","","","NA"
"-122.68","53.88","PRINCE GEORGE","1096439","2021-07-14 10:00","2021","07","14","10:00","22.5","","6.1","","34","","0.0","","23","","18","","16.1","","93.35","","","","","","NA"
"-122.68","53.88","PRINCE GEORGE","1096439","2021-07-14 11:00","2021","07","14","11:00","22.1","","5.1","","33","","0.0","","28","","17","","16.1","","93.35","","","","","","NA"
"-122.68","53.88","PRINCE GEORGE","1096439","2021-07-14 12:00","2021","07","14","12:00","23.5","","6.4","","33","","0.0","","24","","17","","16.1","","93.32","","","","","","NA"
"-122.68","53.88","PRINCE GEORGE","1096439","2021-07-14 13:00","2021","07","14","13:00","23.3","","8.4","","38","","0.0","","23","","15","","4.8","","93.29","","","","","","NA"
"-122.68","53.88","PRINCE GEORGE","1096439","2021-07-14 14:00","2021","07","14","14:00","24.2","","5.2","","29","","0.0","","19","","17","","2.4","","93.24","","","","","","NA"
"-122.68","53.88","PRINCE GEORGE","1096439","2021-07-14 15:00","2021","07","14","15:00","24.4","","6.7","","32","","0.0","","16","","13","","3.2","","93.18","","","","","","NA"
"-122.68","53.88","PRINCE GEORGE","1096439","2021-07-14 16:00","2021","07","14","16:00","23.6","","7.2","","34","","0.0","","15","","8","","3.2","","93.13","","","","","","NA"
"-122.68","53.88","PRINCE GEORGE","1096439","2021-07-14 17:00","2021","07","14","17:00","23.7","","5.2","","30","","0.0","","","","0","","4.0","","93.08","","","","","","NA"
"-122.68","53.88","PRINCE GEORGE","1096439","2021-07-14 18:00","2021","07","14","18:00","21.6","","8.7","","43","","0.0","","31","","8","","4.0","","93.06","","","","","","NA"
"-122.68","53.88","PRINCE GEORGE","1096439","2021-07-14 19:00","2021","07","14","19:00","20.0","","10.2","","53","","0.0","","20","","4","","4.0","","93.04","","","","","","NA"
"-122.68","53.88","PRINCE GEORGE","1096439","2021-07-14 20:00","2021","07","14","20:00","17.3","","10.5","","64","","0.0","","17","","4","","4.0","","93.04","","","","","","NA"
"-122.68","53.88","PRINCE GEORGE","1096439","2021-07-14 21:00","2021","07","14","21:00","14.8","","9.3","","69","","0.0","","19","","4","","4.0","","93.07","","","","","","NA"
"-122.68","53.88","PRINCE GEORGE","1096439","2021-07-14 22:00","2021","07","14","22:00","14.8","","9.2","","69","","0.0","","19","","8","","4.0","","93.09","","","","","","NA"
"-122.68","53.88","PRINCE GEORGE","1096439","2021-07-14 23:00","2021","07","14","23:00","13.5","","9.6","","77","","0.0","","18","","9","","4.8","","93.11","","","","","","NA"
"-122.68","53.88","PRINCE GEORGE","1096439","2021-07-15 00:00","2021","07","15","00:00","15.5","","7.4","","58","","0.0","","26","","15","","16.1","","93.13","","","","","","NA"
"-122.68","53.88","PRINCE GEORGE","1096439","2021-07-15 01:00","2021","07","15","01:00","15.2","","7.3","","59","","0.0","","26","","15","","16.1","","93.15","","","","","","NA"
"-122.68","53.88","PRINCE GEORGE","1096439","2021-07-15 02:00","2021","07","15","02:00","14.3","","7.4","","63","","0.0","","17","","5","","16.1","","93.18","","","","","","NA"
"-122.68","53.88","PRINCE GEORGE","1096439","2021-07-15 03:00","2021","07","15","03:00","11.1","","6.9","","75","","0.0","","12","","5","","16.1","","93.20","","","","","","NA"
"-122.68","53.88","PRINCE GEORGE","1096439","2021-07-15 04:00","2021","07","15","04:00","10.5","","7.4","","81","","0.0","","17","","11","","16.1","","93.21","","","","","","NA"
"-122.68","53.88","PRINCE GEORGE","1096439","2021-07-15 05:00","2021","07","15","05:00","13.8","","7.9","","67","","0.0","","25","","9","","16.1","","93.24","","","","","","NA"
"-122.68","53.88","PRINCE GEORGE","1096439","2021-07-15 06:00","2021","07","15","06:00","15.6","","7.5","","58","","0.0","","26","","18","","16.1","","93.25","","","","","","NA"
"-122.68","53.88","PRINCE GEORGE","1096439","2021-07-15 07:00","2021","07","15","07:00","17.8","","7.6","","51","","0.0","","28","","18","","16.1","","93.27","","","","","","NA"
"-122.68","53.88","PRINCE GEORGE","1096439","2021-07-15 08:00","2021","07","15","08:00","18.9","","7.8","","48","","0.0","","29","","15","","16.1","","93.27","","","","","","NA"
"-122.68","53.88","PRINCE GEORGE","1096439","2021-07-15 09:00","2021","07","15","09:00","20.4","","7.3","","42","","0.0","","30","","13","","16.1","","93.25","","","","","","NA"
"-122.68","53.88","PRINCE GEORGE","1096439","2021-07-15 10:00","2021","07","15","10:00","19.9","","7.2","","43","","0.0","","28","","11","","16.1","","93.24","","","","","","NA"
"-122.68","53.88","PRINCE GEORGE","1096439","2021-07-15 11:00","2021","07","15","11:00","21.3","","6.5","","38","","0.0","","22","","15","","16.1","","93.25","","","","","","NA"
"-122.68","53.88","PRINCE GEORGE","1096439","2021-07-15 12:00","2021","07","15","12:00","21.8","","7.4","","39","","0.0","","30","","9","","16.1","","93.24","","","","","","NA"
"-122.68","53.88","PRINCE GEORGE","1096439","2021-07-15 13:00","2021","07","15","13:00","23.4","","7.5","","36","","0.0","","","M","18","","16.1","","93.20","","","","","","NA"
"-122.68","53.88","PRINCE GEORGE","1096439","2021-07-15 14:00","2021","07","15","14:00","22.3","","7.0","","37","","0.0","","32","","11","","16.1","","93.19","","","","","","NA"
"-122.68","53.88","PRINCE GEORGE","1096439","2021-07-15 15:00","2021","07","15","15:00","23.4","","7.7","","36","","0.0","","24","","11","","16.1","","93.19","","","","","","NA"
"-122.68","53.88","PRINCE GEORGE","1096439","2021-07-15 16:00","2021","07","15","16:00","22.5","","8.1","","39","","0.0","","35","","9","","16.1","","93.17","","","","","","NA"
"-122.68","53.88","PRINCE GEORGE","1096439","2021-07-15 17:00","2021","07","15","17:00","22.2","","9.0","","43","","0.0","","34","","9","","14.5","","93.16","","","","","","NA"
"-122.68","53.88","PRINCE GEORGE","1096439","2021-07-15 18:00","2021","07","15","18:00","21.8","","8.2","","41","","0.0","","","M","4","","9.7","","93.17","","","","","","NA"
"-122.68","53.88","PRINCE GEORGE","1096439","2021-07-15 19:00","2021","07","15","19:00","20.0","","9.7","","51","","0.0","","30","","5","","6.4","","93.17","","","","","","NA"
"-122.68","53.88","PRINCE GEORGE","1096439","2021-07-15 20:00","2021","07","15","20:00","18.6","","9.8","","56","","0.0","","12","","4","","8.1","","93.18","","","","","","NA"
"-122.68","53.88","PRINCE GEORGE","1096439","2021-07-15 21:00","2021","07","15","21:00","17.0","","10.6","","66","","0.0","","","","0","","8.1","","93.19","","","","","","NA"
"-122.68","53.88","PRINCE GEORGE","1096439","2021-07-15 22:00","2021","07","15","22:00","16.0","","11.0","","72","","0.0","","12","","5","","9.7","","93.19","","","","","","NA"
"-122.68","53.88","PRINCE GEORGE","1096439","2021-07-15 23:00","2021","07","15","23:00","14.7","","11.1","","79","","0.0","","","","0","","9.7","","93.19","","","","","","NA"
"-122.68","53.88","PRINCE GEORGE","1096439","2021-07-16 00:00","2021","07","16","00:00","15.7","","11.0","","74","","0.0","","19","","5","","9.7","","93.19","","","","","","NA"
"-122.68","53.88","PRINCE GEORGE","1096439","2021-07-16 01:00","2021","07","16","01:00","14.1","","11.3","","83","","0.0","","16","","5","","9.7","","93.20","","","","","","NA"
"-122.68","53.88","PRINCE GEORGE","1096439","2021-07-16 02:00","2021","07","16","02:00","14.4","","11.4","","82","","0.0","","","M","4","","12.9","","93.19","","","","","","NA"
"-122.68","53.88","PRINCE GEORGE","1096439","2021-07-16 03:00","2021","07","16","03:00","15.3","","10.3","","72","","0.0","","","","0","","16.1","","93.20","","","","","","NA"
"-122.68","53.88","PRINCE GEORGE","1096439","2021-07-16 04:00","2021","07","16","04:00","14.9","","10.6","","75","","0.0","","2","","5","","16.1","","93.18","","","","","","NA"
"-122.68","53.88","PRINCE GEORGE","1096439","2021-07-16 05:00","2021","07","16","05:00","13.9","","11.4","","85","","0.0","","23","","4","","16.1","","93.20","","","","","","NA"
"-122.68","53.88","PRINCE GEORGE","1096439","2021-07-16 06:00","2021","07","16","06:00","13.9","","11.8","","87","","0.0","","","","0","","16.1","","93.21","","","","","","NA"
"-122.68","53.88","PRINCE GEORGE","1096439","2021-07-16 07:00","2021","07","16","07:00","14.7","","11.0","","79","","0.0","","33","","4","","16.1","","93.22","","","","","","NA"
"-122.68","53.88","PRINCE GEORGE","1096439","2021-07-16 08:00","2021","07","16","08:00","14.4","","11.6","","83","","0.0","","29","","8","","16.1","","93.23","","","","","","NA"
"-122.68","53.88","PRINCE GEORGE","1096439","2021-07-16 09:00","2021","07","16","09:00","14.6","","12.3","","86","","0.0","","","M","4","","16.1","","93.24","","","","","","NA"
"-122.68","53.88","PRINCE GEORGE","1096439","2021-07-16 10:00","2021","07","16","10:00","14.7","","12.1","","84","","0.0","","","M","4","","16.1","","93.20","","","","","","NA"
"-122.68","53.88","PRINCE GEORGE","1096439","2021-07-16 11:00","2021","07","16","11:00","16.4","","12.5","","78","","0.0","","33","","8","","16.1","","93.20","","","","","","NA"
"-122.68","53.88","PRINCE GEORGE","1096439","2021-07-16 12:00","2021","07","16","12:00","16.3","","12.0","","75","","0.0","","30","","5","","16.1","","93.21","","","","","","NA"
"-122.68","53.88","PRINCE GEORGE","1096439","2021-07-16 13:00","2021","07","16","13:00","16.5","","11.4","","71","","0.0","","30","","9","","16.1","","93.19","","","","","","NA"
"-122.68","53.88","PRINCE GEORGE","1096439","2021-07-16 14:00","2021","07","16","14:00","17.9","","11.8","","67","","0.0","","31","","11","","16.1","","93.14","","","","","","NA"
"-122.68","53.88","PRINCE GEORGE","1096439","2021-07-16 15:00","2021","07","16","15:00","19.8","","12.5","","62","","0.0","","2","","15","","16.1","","93.10","","","","","","NA"
"-122.68","53.88","PRINCE GEORGE","1096439","2021-07-16 16:00","2021","07","16","16:00","19.4","","12.2","","63","","0.0","","1","","11","","16.1","","93.06","","","","","","NA"
"-122.68","53.88","PRINCE GEORGE","1096439","2021-07-16 17:00","2021","07","16","17:00","18.9","","11.8","","63","","0.0","","36","","11","","16.1","","93.04","","","","","","NA"
"-122.68","53.88","PRINCE GEORGE","1096439","2021-07-16 18:00","2021","07","16","18:00","18.1","","12.2","","68","","0.0","","8","","5","","16.1","","93.06","","","","","","NA"
"-122.68","53.88","PRINCE GEORGE","1096439","2021-07-16 19:00","2021","07","16","19:00","17.3","","12.9","","75","","0.0","","","","0","","16.1","","93.06","","","","","","NA"
"-122.68","53.88","PRINCE GEORGE","1096439","2021-07-16 20:00","2021","07","16","20:00","15.6","","12.8","","83","","0.2","","34","","13","","16.1","","93.12","","","","","","NA"
"-122.68","53.88","PRINCE GEORGE","1096439","2021-07-16 21:00","2021","07","16","21:00","14.8","","12.4","","86","","0.0","","36","","9","","16.1","","93.14","","","","","","NA"
"-122.68","53.88","PRINCE GEORGE","1096439","2021-07-16 22:00","2021","07","16","22:00","14.1","","11.9","","87","","0.0","","","M","4","","16.1","","93.21","","","","","","NA"
"-122.68","53.88","PRINCE GEORGE","1096439","2021-07-16 23:00","2021","07","16","23:00","13.5","","11.4","","87","","0.2","","34","","13","","16.1","","93.21","","","","","","NA"
"-122.68","53.88","PRINCE GEORGE","1096439","2021-07-17 00:00","2021","07","17","00:00","12.7","","11.5","","92","","0.2","","30","","5","","16.1","","93.24","","","","","","NA"
"-122.68","53.88","PRINCE GEORGE","1096439","2021-07-17 01:00","2021","07","17","01:00","11.1","","9.9","","92","","0.0","","36","","4","","16.1","","93.24","","","","","","NA"
"-122.68","53.88","PRINCE GEORGE","1096439","2021-07-17 02:00","2021","07","17","02:00","10.4","","9.6","","95","","0.0","","31","","8","","16.1","","93.23","","","","","","NA"
"-122.68","53.88","PRINCE GEORGE","1096439","2021-07-17 03:00","2021","07","17","03:00","10.1","","9.8","","98","","0.0","","28","","5","","11.3","","93.28","","","","","","NA"
"-122.68","53.88","PRINCE GEORGE","1096439","2021-07-17 04:00","2021","07","17","04:00","9.3","","9.2","","99","","0.0","","","M","4","","0.6","","93.31","","","","","","NA"
"-122.68","53.88","PRINCE GEORGE","1096439","2021-07-17 05:00","2021","07","17","05:00","10.6","","10.5","","99","","0.0","","18","","5","","16.1","","93.35","","","","","","NA"
"-122.68","53.88","PRINCE GEORGE","1096439","2021-07-17 06:00","2021","07","17","06:00","10.9","","10.5","","97","","0.0","","16","","5","","16.1","","93.40","","","","","","NA"
"-122.68","53.88","PRINCE GEORGE","1096439","2021-07-17 07:00","2021","07","17","07:00","11.7","","10.9","","95","","0.0","","","","0","","11.3","","93.45","","","","","","NA"
"-122.68","53.88","PRINCE GEORGE","1096439","2021-07-17 08:00","2021","07","17","08:00","12.1","","10.6","","91","","0.0","","25","","5","","16.1","","93.51","","","","","","NA"
"-122.68","53.88","PRINCE GEORGE","1096439","2021-07-17 09:00","2021","07","17","09:00","12.6","","10.9","","89","","0.0","","","","0","","16.1","","93.55","","","","","","NA"
"-122.68","53.88","PRINCE GEORGE","1096439","2021-07-17 10:00","2021","07","17","10:00","13.7","","11.5","","86","","0.0","","","M","4","","16.1","","93.57","","","","","","NA"
"-122.68","53.88","PRINCE GEORGE","1096439","2021-07-17 11:00","2021","07","17","11:00","14.8","","11.7","","82","","0.0","","","M","4","","16.1","","93.62","","","","","","NA"
"-122.68","53.88","PRINCE GEORGE","1096439","2021-07-17 12:00","2021","07","17","12:00","16.6","","12.0","","74","","0.0","","","","0","","16.1","","93.66","","","","","","NA"
"-122.68","53.88","PRINCE GEORGE","1096439","2021-07-17 13:00","2021","07","17","13:00","18.7","","11.5","","63","","0.0","","1","","15","","16.1","","93.65","","","","","","NA"
"-122.68","53.88","PRINCE GEORGE","1096439","2021-07-17 14:00","2021","07","17","14:00","19.2","","10.6","","57","","0.0","","34","","15","","16.1","","93.62","","","","","","NA"
"-122.68","53.88","PRINCE GEORGE","1096439","2021-07-17 15:00","2021","07","17","15:00","19.3","","10.6","","57","","0.0","","3","","11","","16.1","","93.62","","","","","","NA"
"-122.68","53.88","PRINCE GEORGE","1096439","2021-07-17 16:00","2021","07","17","16:00","18.9","","10.6","","58","","0.0","","34","","13","","16.1","","93.64","","","","","","NA"
"-122.68","53.88","PRINCE GEORGE","1096439","2021-07-17 17:00","2021","07","17","17:00","18.8","","11.8","","64","","0.0","","9","","9","","16.1","","93.67","","","","","","NA"
"-122.68","53.88","PRINCE GEORGE","1096439","2021-07-17 18:00","2021","07","17","18:00","18.5","","11.7","","64","","0.0","","5","","13","","16.1","","93.58","","","","","","NA"
"-122.68","53.88","PRINCE GEORGE","1096439","2021-07-17 19:00","2021","07","17","19:00","17.8","","12.5","","71","","0.0","","36","","8","","16.1","","93.60","","","","","","NA"
"-122.68","53.88","PRINCE GEORGE","1096439","2021-07-17 20:00","2021","07","17","20:00","15.8","","12.0","","78","","0.0","","1","","9","","16.1","","93.61","","","","","","NA"
"-122.68","53.88","PRINCE GEORGE","1096439","2021-07-17 21:00","2021","07","17","21:00","14.4","","11.9","","85","","0.0","","2","","11","","16.1","","93.61","","","","","","NA"
"-122.68","53.88","PRINCE GEORGE","1096439","2021-07-17 22:00","2021","07","17","22:00","15.3","","12.8","","85","","0.0","","34","","13","","16.1","","93.61","","","","","","NA"
"-122.68","53.88","PRINCE GEORGE","1096439","2021-07-17 23:00","2021","07","17","23:00","15.1","","11.2","","77","","0.0","","28","","11","","16.1","","93.71","","","","","","NA"
"-122.68","53.88","PRINCE GEORGE","1096439","2021-07-18 00:00","2021","07","18","00:00","13.1","","11.2","","88","","0.8","","31","","17","","16.1","","93.70","","","","","","NA"
"-122.68","53.88","PRINCE GEORGE","1096439","2021-07-18 01:00","2021","07","18","01:00","12.1","","10.4","","89","","0.0","","2","","18","","16.1","","93.69","","","","","","NA"
"-122.68","53.88","PRINCE GEORGE","1096439","2021-07-18 02:00","2021","07","18","02:00","11.5","","9.9","","90","","0.0","","36","","9","","16.1","","93.70","","","","","","NA"
"-122.68","53.88","PRINCE GEORGE","1096439","2021-07-18 03:00","2021","07","18","03:00","10.8","","9.5","","91","","0.0","","32","","8","","16.1","","93.73","","","","","","NA"
"-122.68","53.88","PRINCE GEORGE","1096439","2021-07-18 04:00","2021","07","18","04:00","10.6","","8.9","","89","","0.0","","29","","8","","16.1","","93.76","","","","","","NA"
"-122.68","53.88","PRINCE GEORGE","1096439","2021-07-18 05:00","2021","07","18","05:00","11.0","","9.4","","90","","0.0","","28","","8","","16.1","","93.80","","","","","","NA"
"-122.68","53.88","PRINCE GEORGE","1096439","2021-07-18 06:00","2021","07","18","06:00","11.3","","9.6","","89","","0.0","","29","","9","","16.1","","93.84","","","","","","NA"
"-122.68","53.88","PRINCE GEORGE","1096439","2021-07-18 07:00","2021","07","18","07:00","12.2","","10.0","","86","","0.0","","31","","8","","16.1","","93.86","","","","","","NA"
"-122.68","53.88","PRINCE GEORGE","1096439","2021-07-18 08:00","2021","07","18","08:00","12.8","","9.9","","82","","0.0","","22","","8","","16.1","","93.90","","","","","","NA"
"-122.68","53.88","PRINCE GEORGE","1096439","2021-07-18 09:00","2021","07","18","09:00","13.7","","10.1","","79","","0.0","","21","","9","","16.1","","93.92","","","","","","NA"
"-122.68","53.88","PRINCE GEORGE","1096439","2021-07-18 10:00","2021","07","18","10:00","14.5","","10.3","","76","","0.0","","21","","5","","16.1","","93.94","","","","","","NA"
"-122.68","53.88","PRINCE GEORGE","1096439","2021-07-18 11:00","2021","07","18","11:00","15.9","","10.4","","70","","0.0","","24","","11","","16.1","","93.96","","","","","","NA"
"-122.68","53.88","PRINCE GEORGE","1096439","2021-07-18 12:00","2021","07","18","12:00","16.4","","10.7","","69","","0.0","","20","","9","","16.1","","93.98","","","","","","NA"
"-122.68","53.88","PRINCE GEORGE","1096439","2021-07-18 13:00","2021","07","18","13:00","17.2","","11.1","","67","","0.0","","","M","4","","16.1","","93.97","","","","","","NA"
"-122.68","53.88","PRINCE GEORGE","1096439","2021-07-18 14:00","2021","07","18","14:00","18.4","","10.9","","61","","0.0","","32","","9","","16.1","","93.98","","","","","","NA"
"-122.68","53.88","PRINCE GEORGE","1096439","2021-07-18 15:00","2021","07","18","15:00","19.5","","10.5","","56","","0.0","","36","","5","","16.1","","93.98","","","","","","NA"
"-122.68","53.88","PRINCE GEORGE","1096439","2021-07-18 16:00","2021","07","18","16:00","19.2","","10.9","","58","","0.0","","8","","8","","16.1","","93.97","","","","","","NA"
"-122.68","53.88","PRINCE GEORGE","1096439","2021-07-18 17:00","2021","07","18","17:00","19.0","","10.9","","59","","0.0","","9","","5","","16.1","","93.96","","","","","","NA"
"-122.68","53.88","PRINCE GEORGE","1096439","2021-07-18 18:00","2021","07","18","18:00","19.1","","11.3","","60","","0.0","","7","","5","","16.1","","93.95","","","","","","NA"
"-122.68","53.88","PRINCE GEORGE","1096439","2021-07-18 19:00","2021","07","18","19:00","18.3","","12.4","","68","","0.0","","8","","5","","16.1","","93.94","","","","","","NA"
"-122.68","53.88","PRINCE GEORGE","1096439","2021-07-18 20:00","2021","07","18","20:00","16.5","","12.3","","76","","0.0","","6","","5","","16.1","","93.93","","","","","","NA"
"-122.68","53.88","PRINCE GEORGE","1096439","2021-07-18 21:00","2021","07","18","21:00","14.4","","11.8","","84","","0.0","","","","0","","16.1","","93.99","","","","","","NA"
"-122.68","53.88","PRINCE GEORGE","1096439","2021-07-18 22:00","2021","07","18","22:00","13.8","","11.5","","86","","0.0","","","","0","","16.1","","94.00","","","","","","NA"
"-122.68","53.88","PRINCE GEORGE","1096439","2021-07-18 23:00","2021","07","18","23:00","12.2","","11.3","","94","","0.0","","2","","4","","16.1","","93.98","","","","","","NA"
"-122.68","53.88","PRINCE GEORGE","1096439","2021-07-19 00:00","2021","07","19","00:00","11.9","","11.4","","97","","0.0","","","M","4","","16.1","","93.98","","","","","","NA"
"-122.68","53.88","PRINCE GEORGE","1096439","2021-07-19 01:00","2021","07","19","01:00","11.8","","10.7","","93","","0.0","","","","0","","16.1","","93.97","","","","","","NA"
"-122.68","53.88","PRINCE GEORGE","1096439","2021-07-19 02:00","2021","07","19","02:00","11.2","","10.3","","94","","0.0","","12","","5","","16.1","","94.00","","","","","","NA"
"-122.68","53.88","PRINCE GEORGE","1096439","2021-07-19 03:00","2021","07","19","03:00","10.1","","9.7","","97","","0.0","","","","0","","14.5","","93.98","","","","","","NA"
"-122.68","53.88","PRINCE GEORGE","1096439","2021-07-19 04:00","2021","07","19","04:00","9.2","","8.8","","97","","0.0","","","","0","","0.4","","93.98","","","","","","NA"
"-122.68","53.88","PRINCE GEORGE","1096439","2021-07-19 05:00","2021","07","19","05:00","9.0","","8.9","","99","","0.0","","20","","4","","6.4","","93.99","","","","","","NA"
"-122.68","53.88","PRINCE GEORGE","1096439","2021-07-19 06:00","2021","07","19","06:00","10.6","","10.0","","96","","0.0","","","M","4","","12.9","","94.00","","","","","","NA"
"-122.68","53.88","PRINCE GEORGE","1096439","2021-07-19 07:00","2021","07","19","07:00","14.4","","11.9","","85","","0.0","","1","","8","","12.9","","93.99","","","","","","NA"
"-122.68","53.88","PRINCE GEORGE","1096439","2021-07-19 08:00","2021","07","19","08:00","16.1","","11.9","","76","","0.0","","35","","11","","16.1","","93.99","","","","","","NA"
"-122.68","53.88","PRINCE GEORGE","1096439","2021-07-19 09:00","2021","07","19","09:00","18.3","","11.8","","66","","0.0","","1","","8","","16.1","","93.97","","","","","","NA"
"-122.68","53.88","PRINCE GEORGE","1096439","2021-07-19 10:00","2021","07","19","10:00","20.1","","11.2","","56","","0.0","","35","","15","","16.1","","93.93","","","","","","NA"
"-122.68","53.88","PRINCE GEORGE","1096439","2021-07-19 11:00","2021","07","19","11:00","21.7","","10.7","","49","","0.0","","36","","13","","16.1","","93.90","","","","","","NA"
"-122.68","53.88","PRINCE GEORGE","1096439","2021-07-19 12:00","2021","07","19","12:00","23.3","","9.5","","41","","0.0","","34","","11","","16.1","","93.84","","","","","","NA"
"-122.68","53.88","PRINCE GEORGE","1096439","2021-07-19 13:00","2021","07","19","13:00","24.2","","8.4","","36","","0.0","","36","","13","","16.1","","93.80","","25","","","","NA"
"-122.68","53.88","PRINCE GEORGE","1096439","2021-07-19 14:00","2021","07","19","14:00","25.4","","8.6","","34","","0.0","","","M","5","","16.1","","93.74","","26","","","","NA"
"-122.68","53.88","PRINCE GEORGE","1096439","2021-07-19 15:00","2021","07","19","15:00","25.8","","7.6","","31","","0.0","","32","","9","","16.1","","93.68","","26","","","","NA"
"-122.68","53.88","PRINCE GEORGE","1096439","2021-07-19 16:00","2021","07","19","16:00","25.8","","7.6","","31","","0.0","","35","","17","","16.1","","93.61","","26","","","","NA"
"-122.68","53.88","PRINCE GEORGE","1096439","2021-07-19 17:00","2021","07","19","17:00","25.7","","7.6","","31","","0.0","","35","","15","","16.1","","93.55","","26","","","","NA"
"-122.68","53.88","PRINCE GEORGE","1096439","2021-07-19 18:00","2021","07","19","18:00","25.2","","7.7","","32","","0.0","","35","","15","","16.1","","93.51","","25","","","","NA"
"-122.68","53.88","PRINCE GEORGE","1096439","2021-07-19 19:00","2021","07","19","19:00","23.3","","8.8","","39","","0.0","","35","","11","","16.1","","93.48","","","","","","NA"
"-122.68","53.88","PRINCE GEORGE","1096439","2021-07-19 20:00","2021","07","19","20:00","19.1","","10.0","","55","","0.0","","32","","15","","16.1","","93.47","","","","","","NA"
"-122.68","53.88","PRINCE GEORGE","1096439","2021-07-19 21:00","2021","07","19","21:00","16.9","","9.8","","63","","0.0","","36","","11","","16.1","","93.44","","","","","","NA"
"-122.68","53.88","PRINCE GEORGE","1096439","2021-07-19 22:00","2021","07","19","22:00","15.8","","9.6","","67","","0.0","","27","","13","","16.1","","93.47","","","","","","NA"
"-122.68","53.88","PRINCE GEORGE","1096439","2021-07-19 23:00","2021","07","19","23:00","16.6","","10.3","","66","","0.0","","32","","13","","16.1","","93.40","","","","","","NA"
"-122.68","53.88","PRINCE GEORGE","1096439","2021-07-20 00:00","2021","07","20","00:00","16.7","","9.7","","63","","0.0","","28","","18","","11.3","","93.53","","","","","","NA"
"-122.68","53.88","PRINCE GEORGE","1096439","2021-07-20 01:00","2021","07","20","01:00","12.5","","10.9","","90","","3.3","","25","","5","","16.1","","93.42","","","","","","NA"
"-122.68","53.88","PRINCE GEORGE","1096439","2021-07-20 02:00","2021","07","20","02:00","11.7","","10.8","","94","","0.0","","17","","9","","16.1","","93.45","","","","","","NA"
"-122.68","53.88","PRINCE GEORGE","1096439","2021-07-20 03:00","2021","07","20","03:00","11.2","","10.6","","96","","0.0","","17","","11","","16.1","","93.49","","","","","","NA"
"-122.68","53.88","PRINCE GEORGE","1096439","2021-07-20 04:00","2021","07","20","04:00","10.4","","9.8","","96","","0.0","","17","","13","","16.1","","93.54","","","","","","NA"
"-122.68","53.88","PRINCE GEORGE","1096439","2021-07-20 05:00","2021","07","20","05:00","10.4","","9.8","","96","","0.0","","17","","11","","16.1","","93.56","","","","","","NA"
"-122.68","53.88","PRINCE GEORGE","1096439","2021-07-20 06:00","2021","07","20","06:00","12.2","","11.6","","96","","0.0","","17","","11","","16.1","","93.60","","","","","","NA"
"-122.68","53.88","PRINCE GEORGE","1096439","2021-07-20 07:00","2021","07","20","07:00","14.6","","12.0","","84","","0.0","","21","","11","","16.1","","93.65","","","","","","NA"
"-122.68","53.88","PRINCE GEORGE","1096439","2021-07-20 08:00","2021","07","20","08:00","16.9","","13.1","","78","","0.0","","30","","5","","16.1","","93.64","","","","","","NA"
"-122.68","53.88","PRINCE GEORGE","1096439","2021-07-20 09:00","2021","07","20","09:00","16.4","","11.6","","73","","0.0","","28","","11","","16.1","","93.67","","","","","","NA"
"-122.68","53.88","PRINCE GEORGE","1096439","2021-07-20 10:00","2021","07","20","10:00","18.2","","11.1","","63","","0.0","","25","","13","","16.1","","93.65","","","","","","NA"
"-122.68","53.88","PRINCE GEORGE","1096439","2021-07-20 11:00","2021","07","20","11:00","18.7","","10.8","","60","","0.0","","26","","13","","16.1","","93.64","","","","","","NA"
"-122.68","53.88","PRINCE GEORGE","1096439","2021-07-20 12:00","2021","07","20","12:00","18.3","","10.5","","60","","0.0","","21","","15","","16.1","","93.68","","","","","","NA"
"-122.68","53.88","PRINCE GEORGE","1096439","2021-07-20 13:00","2021","07","20","13:00","18.0","","13.4","","74","","1.0","","15","","9","","16.1","","93.64","","","","","","NA"
"-122.68","53.88","PRINCE GEORGE","1096439","2021-07-20 14:00","2021","07","20","14:00","21.0","","10.4","","50","","0.0","","30","","13","","16.1","","93.60","","","","","","NA"
"-122.68","53.88","PRINCE GEORGE","1096439","2021-07-20 15:00","2021","07","20","15:00","21.5","","9.0","","44","","0.0","","26","","5","","16.1","","93.55","","","","","","NA"
"-122.68","53.88","PRINCE GEORGE","1096439","2021-07-20 16:00","2021","07","20","16:00","22.7","","8.8","","41","","0.0","","25","","13","","16.1","","93.53","","","","","","NA"
"-122.68","53.88","PRINCE GEORGE","1096439","2021-07-20 17:00","2021","07","20","17:00","21.8","","8.3","","42","","0.0","","34","","8","","16.1","","93.48","","","","","","NA"
"-122.68","53.88","PRINCE GEORGE","1096439","2021-07-20 18:00","2021","07","20","18:00","21.4","","8.4","","43","","0.0","","35","","8","","16.1","","93.45","","","","","","NA"
"-122.68","53.88","PRINCE GEORGE","1096439","2021-07-20 19:00","2021","07","20","19:00","20.3","","8.8","","47","","0.0","","36","","9","","16.1","","93.42","","","","","","NA"
"-122.68","53.88","PRINCE GEORGE","1096439","2021-07-20 20:00","2021","07","20","20:00","17.6","","8.6","","55","","0.0","","33","","11","","16.1","","93.39","","","","","","NA"
"-122.68","53.88","PRINCE GEORGE","1096439","2021-07-20 21:00","2021","07","20","21:00","13.5","","8.9","","74","","0.0","","33","","9","","16.1","","93.35","","","","","","NA"
"-122.68","53.88","PRINCE GEORGE","1096439","2021-07-20 22:00","2021","07","20","22:00","16.0","","8.6","","61","","0.0","","31","","8","","16.1","","93.40","","","","","","NA"
"-122.68","53.88","PRINCE GEORGE","1096439","2021-07-20 23:00","2021","07","20","23:00","15.0","","9.3","","68","","0.0","","31","","17","","16.1","","93.42","","","","","","NA"
"-122.68","53.88","PRINCE GEORGE","1096439","2021-07-21 00:00","2021","07","21","00:00","13.6","","9.1","","74","","0.0","","9","","8","","16.1","","93.32","","","","","","NA"
"-122.68","53.88","PRINCE GEORGE","1096439","2021-07-21 01:00","2021","07","21","01:00","13.6","","9.9","","78","","0.0","","23","","17","","16.1","","93.43","","","","","","NA"
"-122.68","53.88","PRINCE GEORGE","1096439","2021-07-21 02:00","2021","07","21","02:00","11.8","","10.2","","90","","2.0","","33","","13","","16.1","","93.34","","","","","","NA"
"-122.68","53.88","PRINCE GEORGE","1096439","2021-07-21 03:00","2021","07","21","03:00","11.3","","10.2","","93","","0.5","","26","","9","","16.1","","93.32","","","","","","NA"
"-122.68","53.88","PRINCE GEORGE","1096439","2021-07-21 04:00","2021","07","21","04:00","11.0","","10.2","","95","","0.0","","24","","5","","16.1","","93.36","","","","","","NA"
"-122.68","53.88","PRINCE GEORGE","1096439","2021-07-21 05:00","2021","07","21","05:00","10.9","","10.3","","96","","0.2","","15","","13","","16.1","","93.35","","","","","","NA"
"-122.68","53.88","PRINCE GEORGE","1096439","2021-07-21 06:00","2021","07","21","06:00","11.5","","10.9","","96","","0.0","","23","","15","","16.1","","93.37","","","","","","NA"
"-122.68","53.88","PRINCE GEORGE","1096439","2021-07-21 07:00","2021","07","21","07:00","12.4","","11.0","","91","","0.0","","17","","9","","16.1","","93.37","","","","","","NA"
"-122.68","53.88","PRINCE GEORGE","1096439","2021-07-21 08:00","2021","07","21","08:00","13.2","","10.6","","84","","0.0","","21","","9","","16.1","","93.38","","","","","","NA"
"-122.68","53.88","PRINCE GEORGE","1096439","2021-07-21 09:00","2021","07","21","09:00","13.2","","10.2","","82","","0.5","","26","","15","","16.1","","93.42","","","","","","NA"
"-122.68","53.88","PRINCE GEORGE","1096439","2021-07-21 10:00","2021","07","21","10:00","12.0","","9.3","","83","","2.8","","24","","22","","16.1","","93.45","","","","","","NA"
"-122.68","53.88","PRINCE GEORGE","1096439","2021-07-21 11:00","2021","07","21","11:00","13.0","","9.2","","77","","0.0","","26","","17","","16.1","","93.48","","","","","","NA"
"-122.68","53.88","PRINCE GEORGE","1096439","2021-07-21 12:00","2021","07","21","12:00","15.1","","8.1","","63","","0.0","","24","","21","","16.1","","93.43","","","","","","NA"
"-122.68","53.88","PRINCE GEORGE","1096439","2021-07-21 13:00","2021","07","21","13:00","16.1","","8.1","","59","","0.0","","22","","15","","16.1","","93.42","","","","","","NA"
"-122.68","53.88","PRINCE GEORGE","1096439","2021-07-21 14:00","2021","07","21","14:00","17.7","","6.8","","49","","0.0","","23","","8","","16.1","","93.36","","","","","","NA"
"-122.68","53.88","PRINCE GEORGE","1096439","2021-07-21 15:00","2021","07","21","15:00","18.0","","6.7","","47","","0.0","","22","","15","","16.1","","93.32","","","","","","NA"
"-122.68","53.88","PRINCE GEORGE","1096439","2021-07-21 16:00","2021","07","21","16:00","16.6","","7.5","","55","","0.0","","19","","21","","16.1","","93.33","","","","","","NA"
"-122.68","53.88","PRINCE GEORGE","1096439","2021-07-21 17:00","2021","07","21","17:00","13.1","","8.5","","73","","0.0","","20","","18","","16.1","","93.47","","","","","","NA"
"-122.68","53.88","PRINCE GEORGE","1096439","2021-07-21 18:00","2021","07","21","18:00","12.1","","9.9","","86","","1.0","","16","","11","","16.1","","93.37","","","","","","NA"
"-122.68","53.88","PRINCE GEORGE","1096439","2021-07-21 19:00","2021","07","21","19:00","12.6","","9.1","","79","","0.0","","18","","15","","16.1","","93.35","","","","","","NA"
"-122.68","53.88","PRINCE GEORGE","1096439","2021-07-21 20:00","2021","07","21","20:00","10.6","","8.2","","85","","0.0","","16","","11","","16.1","","93.39","","","","","","NA"
"-122.68","53.88","PRINCE GEORGE","1096439","2021-07-21 21:00","2021","07","21","21:00","10.7","","8.8","","88","","0.0","","22","","8","","16.1","","93.42","","","","","","NA"
"-122.68","53.88","PRINCE GEORGE","1096439","2021-07-21 22:00","2021","07","21","22:00","9.9","","8.5","","91","","0.0","","18","","9","","16.1","","93.43","","","","","","NA"
"-122.68","53.88","PRINCE GEORGE","1096439","2021-07-21 23:00","2021","07","21","23:00","10.3","","8.7","","89","","0.0","","18","","13","","16.1","","93.44","","","","","","NA"
"-122.68","53.88","PRINCE GEORGE","1096439","2021-07-22 00:00","2021","07","22","00:00","9.1","","8.0","","93","","0.0","","17","","9","","16.1","","93.46","","","","","","NA"
"-122.68","53.88","PRINCE GEORGE","1096439","2021-07-22 01:00","2021","07","22","01:00","8.1","","7.2","","94","","0.0","","16","","13","","16.1","","93.44","","","","","","NA"
"-122.68","53.88","PRINCE GEORGE","1096439","2021-07-22 02:00","2021","07","22","02:00","7.5","","6.6","","94","","0.0","","17","","18","","16.1","","93.44","","","","","","NA"
"-122.68","53.88","PRINCE GEORGE","1096439","2021-07-22 03:00","2021","07","22","03:00","7.7","","6.0","","89","","0.0","","17","","17","","16.1","","93.47","","","","","","NA"
"-122.68","53.88","PRINCE GEORGE","1096439","2021-07-22 04:00","2021","07","22","04:00","7.8","","5.6","","86","","0.0","","17","","18","","16.1","","93.47","","","","","","NA"
"-122.68","53.88","PRINCE GEORGE","1096439","2021-07-22 05:00","2021","07","22","05:00","8.2","","5.3","","82","","0.0","","17","","18","","16.1","","93.48","","","","","","NA"
"-122.68","53.88","PRINCE GEORGE","1096439","2021-07-22 06:00","2021","07","22","06:00","8.7","","5.3","","79","","0.0","","18","","22","","16.1","","93.50","","","","","","NA"
"-122.68","53.88","PRINCE GEORGE","1096439","2021-07-22 07:00","2021","07","22","07:00","9.5","","5.1","","74","","0.0","","18","","24","","16.1","","93.51","","","","","","NA"
"-122.68","53.88","PRINCE GEORGE","1096439","2021-07-22 08:00","2021","07","22","08:00","10.4","","5.4","","71","","0.0","","19","","24","","16.1","","93.51","","","","","","NA"
"-122.68","53.88","PRINCE GEORGE","1096439","2021-07-22 09:00","2021","07","22","09:00","11.9","","6.2","","68","","0.0","","18","","18","","16.1","","93.52","","","","","","NA"
"-122.68","53.88","PRINCE GEORGE","1096439","2021-07-22 10:00","2021","07","22","10:00","10.9","","7.2","","78","","0.2","","18","","18","","16.1","","93.55","","","","","","NA"
"-122.68","53.88","PRINCE GEORGE","1096439","2021-07-22 11:00","2021","07","22","11:00","11.8","","8.7","","81","","0.2","","18","","11","","16.1","","93.56","","","","","","NA"
"-122.68","53.88","PRINCE GEORGE","1096439","2021-07-22 12:00","2021","07","22","12:00","13.1","","9.2","","77","","0.0","","18","","15","","16.1","","93.55","","","","","","NA"
"-122.68","53.88","PRINCE GEORGE","1096439","2021-07-22 13:00","2021","07","22","13:00","14.7","","8.2","","65","","0.0","","19","","17","","16.1","","93.54","","","","","","NA"
"-122.68","53.88","PRINCE GEORGE","1096439","2021-07-22 14:00","2021","07","22","14:00","14.9","","7.5","","61","","0.0","","20","","18","","16.1","","93.54","","","","","","NA"
"-122.68","53.88","PRINCE GEORGE","1096439","2021-07-22 15:00","2021","07","22","15:00","15.5","","7.8","","60","","0.0","","24","","18","","16.1","","93.54","","","","","","NA"
"-122.68","53.88","PRINCE GEORGE","1096439","2021-07-22 16:00","2021","07","22","16:00","16.2","","7.1","","55","","0.0","","21","","9","","16.1","","93.51","","","","","","NA"
"-122.68","53.88","PRINCE GEORGE","1096439","2021-07-22 17:00","2021","07","22","17:00","16.9","","7.6","","54","","0.0","","25","","11","","16.1","","93.52","","","","","","NA"
"-122.68","53.88","PRINCE GEORGE","1096439","2021-07-22 18:00","2021","07","22","18:00","17.8","","7.9","","52","","0.0","","26","","13","","","M","93.51","","","","","","NA"
"-122.68","53.88","PRINCE GEORGE","1096439","2021-07-22 19:00","2021","07","22","19:00","16.6","","6.5","","51","","0.0","","27","","13","","16.1","","93.53","","","","","","NA"
"-122.68","53.88","PRINCE GEORGE","1096439","2021-07-22 20:00","2021","07","22","20:00","14.9","","6.4","","57","","0.0","","21","","8","","16.1","","93.55","","","","","","NA"
"-122.68","53.88","PRINCE GEORGE","1096439","2021-07-22 21:00","2021","07","22","21:00","11.7","","6.7","","71","","0.0","","23","","8","","16.1","","93.60","","","","","","NA"
"-122.68","53.88","PRINCE GEORGE","1096439","2021-07-22 22:00","2021","07","22","22:00","8.6","","5.2","","79","","0.0","","21","","8","","16.1","","93.63","","","","","","NA"
"-122.68","53.88","PRINCE GEORGE","1096439","2021-07-22 23:00","2021","07","22","23:00","7.6","","5.6","","87","","0.0","","18","","5","","16.1","","93.67","","","","","","NA"
"-122.68","53.88","PRINCE GEORGE","1096439","2021-07-23 00:00","2021","07","23","00:00","8.3","","5.0","","79","","0.0","","23","","5","","16.1","","93.73","","","","","","NA"
"-122.68","53.88","PRINCE GEORGE","1096439","2021-07-23 01:00","2021","07","23","01:00","7.5","","5.0","","84","","0.0","","","M","4","","16.1","","93.74","","","","","","NA"
"-122.68","53.88","PRINCE GEORGE","1096439","2021-07-23 02:00","2021","07","23","02:00","5.3","","3.0","","85","","0.0","","18","","5","","16.1","","93.77","","","","","","NA"
"-122.68","53.88","PRINCE GEORGE","1096439","2021-07-23 03:00","2021","07","23","03:00","4.3","","3.3","","93","","0.0","","17","","8","","16.1","","93.80","","","","","","NA"
"-122.68","53.88","PRINCE GEORGE","1096439","2021-07-23 04:00","2021","07","23","04:00","5.0","","3.7","","91","","0.0","","19","","9","","16.1","","93.84","","","","","","NA"
"-122.68","53.88","PRINCE GEORGE","1096439","2021-07-23 05:00","2021","07","23","05:00","4.9","","3.7","","92","","0.0","","18","","5","","16.1","","93.88","","","","","","NA"
"-122.68","53.88","PRINCE GEORGE","1096439","2021-07-23 06:00","2021","07","23","06:00","7.2","","5.4","","88","","0.0","","18","","11","","16.1","","93.89","","","","","","NA"
"-122.68","53.88","PRINCE GEORGE","1096439","2021-07-23 07:00","2021","07","23","07:00","9.7","","6.3","","79","","0.0","","18","","9","","16.1","","93.92","","","","","","NA"
"-122.68","53.88","PRINCE GEORGE","1096439","2021-07-23 08:00","2021","07","23","08:00","11.4","","6.2","","70","","0.0","","17","","8","","16.1","","93.94","","","","","","NA"
"-122.68","53.88","PRINCE GEORGE","1096439","2021-07-23 09:00","2021","07","23","09:00","12.6","","6.5","","66","","0.0","","18","","15","","16.1","","93.97","","","","","","NA"
"-122.68","53.88","PRINCE GEORGE","1096439","2021-07-23 10:00","2021","07","23","10:00","14.0","","6.0","","58","","0.0","","18","","17","","16.1","","93.98","","","","","","NA"
"-122.68","53.88","PRINCE GEORGE","1096439","2021-07-23 11:00","2021","07","23","11:00","14.7","","6.9","","59","","0.0","","19","","18","","16.1","","94.02","","","","","","NA"
"-122.68","53.88","PRINCE GEORGE","1096439","2021-07-23 12:00","2021","07","23","12:00","16.6","","7.6","","55","","0.0","","19","","18","","16.1","","94.02","","","","","","NA"
"-122.68","53.88","PRINCE GEORGE","1096439","2021-07-23 13:00","2021","07","23","13:00","17.8","","8.1","","53","","0.0","","16","","15","","16.1","","94.02","","","","","","NA"
"-122.68","53.88","PRINCE GEORGE","1096439","2021-07-23 14:00","2021","07","23","14:00","18.6","","7.7","","49","","0.0","","20","","17","","16.1","","94.00","","","","","","NA"
"-122.68","53.88","PRINCE GEORGE","1096439","2021-07-23 15:00","2021","07","23","15:00","18.5","","9.7","","56","","0.0","","17","","18","","16.1","","93.99","","","","","","NA"
"-122.68","53.88","PRINCE GEORGE","1096439","2021-07-23 16:00","2021","07","23","16:00","18.6","","8.4","","51","","0.0","","26","","17","","16.1","","93.98","","","","","","NA"
"-122.68","53.88","PRINCE GEORGE","1096439","2021-07-23 17:00","2021","07","23","17:00","16.5","","12.2","","75","","0.5","","15","","8","","16.1","","93.99","","","","","","NA"
"-122.68","53.88","PRINCE GEORGE","1096439","2021-07-23 18:00","2021","07","23","18:00","15.9","","12.3","","79","","0.2","","18","","8","","16.1","","93.98","","","","","","Rain"
"-122.68","53.88","PRINCE GEORGE","1096439","2021-07-23 19:00","2021","07","23","19:00","15.9","","12.4","","80","","0.0","","20","","8","","16.1","","93.96","","","","","","NA"
"-122.68","53.88","PRINCE GEORGE","1096439","2021-07-23 20:00","2021","07","23","20:00","14.9","","12.6","","86","","0.0","","16","","8","","16.1","","93.97","","","","","","NA"
"-122.68","53.88","PRINCE GEORGE","1096439","2021-07-23 21:00","2021","07","23","21:00","12.3","","10.9","","91","","0.0","","20","","8","","16.1","","93.96","","","","","","NA"
"-122.68","53.88","PRINCE GEORGE","1096439","2021-07-23 22:00","2021","07","23","22:00","12.4","","11.1","","92","","0.0","","17","","11","","16.1","","93.98","","","","","","NA"
"-122.68","53.88","PRINCE GEORGE","1096439","2021-07-23 23:00","2021","07","23","23:00","11.1","","10.0","","93","","0.0","","18","","5","","16.1","","93.96","","","","","","NA"
"-122.68","53.88","PRINCE GEORGE","1096439","2021-07-24 00:00","2021","07","24","00:00","10.8","","10.0","","95","","0.0","","20","","4","","16.1","","94.00","","","","","","NA"
"-122.68","53.88","PRINCE GEORGE","1096439","2021-07-24 01:00","2021","07","24","01:00","11.8","","10.8","","93","","0.0","","13","","5","","16.1","","94.01","","","","","","NA"
"-122.68","53.88","PRINCE GEORGE","1096439","2021-07-24 02:00","2021","07","24","02:00","12.0","","10.8","","92","","0.0","","18","","11","","16.1","","94.03","","","","","","NA"
"-122.68","53.88","PRINCE GEORGE","1096439","2021-07-24 03:00","2021","07","24","03:00","11.7","","10.6","","93","","0.2","","17","","9","","16.1","","94.03","","","","","","Rain"
"-122.68","53.88","PRINCE GEORGE","1096439","2021-07-24 04:00","2021","07","24","04:00","12.0","","10.6","","91","","0.0","","18","","8","","16.1","","94.04","","","","","","NA"
"-122.68","53.88","PRINCE GEORGE","1096439","2021-07-24 05:00","2021","07","24","05:00","11.8","","10.6","","92","","0.0","","20","","5","","16.1","","94.02","","","","","","NA"
"-122.68","53.88","PRINCE GEORGE","1096439","2021-07-24 06:00","2021","07","24","06:00","12.1","","10.6","","90","","0.2","","14","","9","","16.1","","94.05","","","","","","Rain"
"-122.68","53.88","PRINCE GEORGE","1096439","2021-07-24 07:00","2021","07","24","07:00","12.9","","11.4","","90","","0.2","","16","","9","","16.1","","94.09","","","","","","NA"
"-122.68","53.88","PRINCE GEORGE","1096439","2021-07-24 08:00","2021","07","24","08:00","13.1","","12.0","","93","","0.8","","17","","8","","16.1","","94.10","","","","","","Moderate Rain"
"-122.68","53.88","PRINCE GEORGE","1096439","2021-07-24 09:00","2021","07","24","09:00","13.8","","12.5","","92","","1.0","","23","","11","","14.5","","94.13","","","","","","Rain"
"-122.68","53.88","PRINCE GEORGE","1096439","2021-07-24 10:00","2021","07","24","10:00","15.3","","12.3","","82","","1.5","","20","","8","","16.1","","94.08","","","","","","NA"
"-122.68","53.88","PRINCE GEORGE","1096439","2021-07-24 11:00","2021","07","24","11:00","17.4","","12.9","","75","","0.0","","18","","5","","16.1","","94.04","","","","","","NA"
"-122.68","53.88","PRINCE GEORGE","1096439","2021-07-24 12:00","2021","07","24","12:00","17.9","","10.9","","63","","0.0","","","M","9","","16.1","","94.01","","","","","","NA"
"-122.68","53.88","PRINCE GEORGE","1096439","2021-07-24 13:00","2021","07","24","13:00","18.4","","10.6","","60","","0.0","","","M","4","","16.1","","93.96","","","","","","NA"
"-122.68","53.88","PRINCE GEORGE","1096439","2021-07-24 14:00","2021","07","24","14:00","16.3","","12.7","","79","","1.0","","28","","8","","16.1","","93.95","","","","","","Moderate Rain"
"-122.68","53.88","PRINCE GEORGE","1096439","2021-07-24 15:00","2021","07","24","15:00","18.1","","13.0","","72","","1.3","","4","","8","","16.1","","93.88","","","","","","NA"
"-122.68","53.88","PRINCE GEORGE","1096439","2021-07-24 16:00","2021","07","24","16:00","17.4","","11.2","","67","","0.2","","","M","4","","16.1","","93.90","","","","","","NA"
"-122.68","53.88","PRINCE GEORGE","1096439","2021-07-24 17:00","2021","07","24","17:00","17.2","","12.8","","75","","0.2","","9","","8","","16.1","","93.82","","","","","","NA"
"-122.68","53.88","PRINCE GEORGE","1096439","2021-07-24 18:00","2021","07","24","18:00","18.1","","12.4","","69","","0.0","","17","","5","","16.1","","93.77","","","","","","NA"
"-122.68","53.88","PRINCE GEORGE","1096439","2021-07-24 19:00","2021","07","24","19:00","17.6","","13.3","","76","","0.0","","17","","5","","16.1","","93.74","","","","","","NA"
"-122.68","53.88","PRINCE GEORGE","1096439","2021-07-24 20:00","2021","07","24","20:00","16.1","","13.6","","85","","0.0","","20","","8","","16.1","","93.71","","","","","","NA"
"-122.68","53.88","PRINCE GEORGE","1096439","2021-07-24 21:00","2021","07","24","21:00","13.3","","12.7","","96","","0.0","","17","","5","","16.1","","93.72","","","","","","NA"
"-122.68","53.88","PRINCE GEORGE","1096439","2021-07-24 22:00","2021","07","24","22:00","12.2","","11.7","","97","","0.0","","19","","5","","16.1","","93.73","","","","","","NA"
"-122.68","53.88","PRINCE GEORGE","1096439","2021-07-24 23:00","2021","07","24","23:00","10.5","","9.8","","96","","0.0","","17","","5","","16.1","","93.74","","","","","","NA"
"-122.68","53.88","PRINCE GEORGE","1096439","2021-07-25 00:00","2021","07","25","00:00","10.3","","9.9","","97","","0.0","","19","","5","","16.1","","93.77","","","","","","NA"
"-122.68","53.88","PRINCE GEORGE","1096439","2021-07-25 01:00","2021","07","25","01:00","8.6","","8.0","","96","","0.0","","","","0","","16.1","","93.76","","","","","","NA"
"-122.68","53.88","PRINCE GEORGE","1096439","2021-07-25 02:00","2021","07","25","02:00","11.1","","9.5","","90","","0.0","","17","","5","","16.1","","93.77","","","","","","NA"
"-122.68","53.88","PRINCE GEORGE","1096439","2021-07-25 03:00","2021","07","25","03:00","9.1","","8.4","","95","","0.0","","16","","4","","16.1","","93.76","","","","","","NA"
"-122.68","53.88","PRINCE GEORGE","1096439","2021-07-25 04:00","2021","07","25","04:00","7.4","","6.8","","96","","0.0","","","","0","","16.1","","93.77","","","","","","NA"
"-122.68","53.88","PRINCE GEORGE","1096439","2021-07-25 05:00","2021","07","25","05:00","7.1","","6.7","","97","","0.0","","","","0","","12.9","","93.78","","","","","","NA"
"-122.68","53.88","PRINCE GEORGE","1096439","2021-07-25 06:00","2021","07","25","06:00","8.7","","8.0","","95","","0.0","","","","0","","16.1","","93.78","","","","","","NA"
"-122.68","53.88","PRINCE GEORGE","1096439","2021-07-25 07:00","2021","07","25","07:00","11.3","","10.2","","93","","0.0","","","","0","","16.1","","93.82","","","","","","NA"
"-122.68","53.88","PRINCE GEORGE","1096439","2021-07-25 08:00","2021","07","25","08:00","12.8","","10.1","","84","","0.0","","","M","4","","16.1","","93.83","","","","","","NA"
"-122.68","53.88","PRINCE GEORGE","1096439","2021-07-25 09:00","2021","07","25","09:00","14.8","","7.7","","62","","0.0","","","M","9","","16.1","","93.85","","","","","","NA"
"-122.68","53.88","PRINCE GEORGE","1096439","2021-07-25 10:00","2021","07","25","10:00","14.5","","9.8","","73","","0.0","","22","","8","","16.1","","93.86","","","","","","Rain"
"-122.68","53.88","PRINCE GEORGE","1096439","2021-07-25 11:00","2021","07","25","11:00","14.1","","9.5","","74","","0.2","","14","","4","","16.1","","93.85","","","","","","Rain"
"-122.68","53.88","PRINCE GEORGE","1096439","2021-07-25 12:00","2021","07","25","12:00","14.6","","10.5","","76","","0.2","","14","","8","","16.1","","93.84","","","","","","NA"
"-122.68","53.88","PRINCE GEORGE","1096439","2021-07-25 13:00","2021","07","25","13:00","15.8","","10.9","","72","","0.0","","16","","9","","16.1","","93.81","","","","","","NA"
"-122.68","53.88","PRINCE GEORGE","1096439","2021-07-25 14:00","2021","07","25","14:00","16.6","","10.6","","67","","0.0","","19","","13","","16.1","","93.76","","","","","","NA"
"-122.68","53.88","PRINCE GEORGE","1096439","2021-07-25 15:00","2021","07","25","15:00","18.2","","10.6","","61","","0.0","","17","","18","","16.1","","93.69","","","","","","NA"
"-122.68","53.88","PRINCE GEORGE","1096439","2021-07-25 16:00","2021","07","25","16:00","18.8","","8.8","","52","","0.0","","18","","18","","16.1","","93.64","","","","","","NA"
"-122.68","53.88","PRINCE GEORGE","1096439","2021-07-25 17:00","2021","07","25","17:00","17.8","","7.6","","51","","0.0","","17","","5","","16.1","","93.63","","","","","","NA"
"-122.68","53.88","PRINCE GEORGE","1096439","2021-07-25 18:00","2021","07","25","18:00","15.7","","12.4","","81","","2.5","","16","","18","","16.1","","93.60","","","","","","Rain"
"-122.68","53.88","PRINCE GEORGE","1096439","2021-07-25 19:00","2021","07","25","19:00","15.2","","12.1","","81","","0.0","","18","","8","","16.1","","93.58","","","","","","NA"
"-122.68","53.88","PRINCE GEORGE","1096439","2021-07-25 20:00","2021","07","25","20:00","13.6","","12.5","","93","","0.0","","19","","5","","16.1","","93.60","","","","","","NA"
"-122.68","53.88","PRINCE GEORGE","1096439","2021-07-25 21:00","2021","07","25","21:00","12.2","","11.7","","97","","0.0","","21","","5","","14.5","","93.59","","","","","","NA"
"-122.68","53.88","PRINCE GEORGE","1096439","2021-07-25 22:00","2021","07","25","22:00","9.5","","9.2","","98","","0.0","","","","0","","0.2","","93.60","","","","","","Fog"
"-122.68","53.88","PRINCE GEORGE","1096439","2021-07-25 23:00","2021","07","25","23:00","9.2","","8.9","","98","","0.0","","","","0","","1.2","","93.57","","","","","","Fog"
"-122.68","53.88","PRINCE GEORGE","1096439","2021-07-26 00:00","2021","07","26","00:00","8.2","","8.1","","99","","0.0","","20","","5","","16.1","","93.58","","","","","","NA"
"-122.68","53.88","PRINCE GEORGE","1096439","2021-07-26 01:00","2021","07","26","01:00","8.8","","8.7","","99","","0.0","","","M","4","","16.1","","93.58","","","","","","NA"
"-122.68","53.88","PRINCE GEORGE","1096439","2021-07-26 02:00","2021","07","26","02:00","6.0","","5.9","","99","","0.0","","","","0","","0.8","","93.58","","","","","","Fog"
"-122.68","53.88","PRINCE GEORGE","1096439","2021-07-26 03:00","2021","07","26","03:00","5.6","","5.4","","99","","0.0","","","","0","","16.1","","93.55","","","","","","NA"
"-122.68","53.88","PRINCE GEORGE","1096439","2021-07-26 04:00","2021","07","26","04:00","6.7","","6.4","","98","","0.0","","","","0","","16.1","","93.53","","","","","","NA"
"-122.68","53.88","PRINCE GEORGE","1096439","2021-07-26 05:00","2021","07","26","05:00","7.9","","7.6","","98","","0.0","","","","0","","16.1","","93.51","","","","","","NA"
"-122.68","53.88","PRINCE GEORGE","1096439","2021-07-26 06:00","2021","07","26","06:00","9.3","","9.0","","98","","0.0","","","","0","","16.1","","93.46","","","","","","NA"
"-122.68","53.88","PRINCE GEORGE","1096439","2021-07-26 07:00","2021","07","26","07:00","10.6","","9.7","","94","","0.0","","33","","5","","16.1","","93.46","","","","","","Rain"
"-122.68","53.88","PRINCE GEORGE","1096439","2021-07-26 08:00","2021","07","26","08:00","10.5","","10.1","","97","","1.8","","3","","13","","2.0","","93.49","","","","","","Moderate Rain,Fog"
"-122.68","53.88","PRINCE GEORGE","1096439","2021-07-26 09:00","2021","07","26","09:00","10.6","","10.3","","98","","6.0","","","M","4","","2.0","","93.53","","","","","","Heavy Rain,Fog"
"-122.68","53.88","PRINCE GEORGE","1096439","2021-07-26 10:00","2021","07","26","10:00","12.7","","12.3","","98","","1.5","","9","","11","","16.1","","93.48","","","","","","NA"
"-122.68","53.88","PRINCE GEORGE","1096439","2021-07-26 11:00","2021","07","26","11:00","15.4","","13.3","","87","","0.0","","35","","11","","16.1","","93.48","","","","","","NA"
"-122.68","53.88","PRINCE GEORGE","1096439","2021-07-26 12:00","2021","07","26","12:00","16.9","","12.2","","74","","0.0","","","M","4","","16.1","","93.46","","","","","","NA"
"-122.68","53.88","PRINCE GEORGE","1096439","2021-07-26 13:00","2021","07","26","13:00","17.4","","10.8","","65","","0.0","","","","0","","16.1","","93.42","","","","","","NA"
"-122.68","53.88","PRINCE GEORGE","1096439","2021-07-26 14:00","2021","07","26","14:00","19.1","","11.3","","60","","0.0","","4","","9","","16.1","","93.38","","","","","","NA"
"-122.68","53.88","PRINCE GEORGE","1096439","2021-07-26 15:00","2021","07","26","15:00","18.3","","10.9","","62","","0.0","","9","","5","","16.1","","93.37","","","","","","Rain"
"-122.68","53.88","PRINCE GEORGE","1096439","2021-07-26 16:00","2021","07","26","16:00","17.0","","12.7","","75","","1.0","","18","","9","","16.1","","93.31","","","","","","NA"
"-122.68","53.88","PRINCE GEORGE","1096439","2021-07-26 17:00","2021","07","26","17:00","18.5","","11.5","","64","","0.0","","","","0","","16.1","","93.33","","","","","","NA"
"-122.68","53.88","PRINCE GEORGE","1096439","2021-07-26 18:00","2021","07","26","18:00","16.9","","10.9","","67","","0.0","","36","","15","","16.1","","93.35","","","","","","NA"
"-122.68","53.88","PRINCE GEORGE","1096439","2021-07-26 19:00","2021","07","26","19:00","16.3","","11.5","","73","","0.0","","5","","5","","16.1","","93.35","","","","","","NA"
"-122.68","53.88","PRINCE GEORGE","1096439","2021-07-26 20:00","2021","07","26","20:00","14.0","","11.8","","87","","0.0","","35","","5","","16.1","","93.40","","","","","","NA"
"-122.68","53.88","PRINCE GEORGE","1096439","2021-07-26 21:00","2021","07","26","21:00","11.7","","10.6","","93","","0.0","","28","","8","","16.1","","93.44","","","","","","NA"
"-122.68","53.88","PRINCE GEORGE","1096439","2021-07-26 22:00","2021","07","26","22:00","11.6","","10.4","","92","","0.0","","","","0","","16.1","","93.47","","","","","","NA"
"-122.68","53.88","PRINCE GEORGE","1096439","2021-07-26 23:00","2021","07","26","23:00","12.0","","11.1","","94","","0.0","","","","0","","16.1","","93.52","","","","","","NA"
"-122.68","53.88","PRINCE GEORGE","1096439","2021-07-27 00:00","2021","07","27","00:00","10.1","","9.3","","95","","0.0","","24","","8","","6.4","","93.55","","","","","","Fog"
"-122.68","53.88","PRINCE GEORGE","1096439","2021-07-27 01:00","2021","07","27","01:00","10.8","","10.3","","96","","0.0","","","","0","","11.3","","93.59","","","","","","NA"
"-122.68","53.88","PRINCE GEORGE","1096439","2021-07-27 02:00","2021","07","27","02:00","9.5","","9.1","","97","","0.0","","22","","4","","9.7","","93.65","","","","","","Fog"
"-122.68","53.88","PRINCE GEORGE","1096439","2021-07-27 03:00","2021","07","27","03:00","9.6","","9.3","","98","","0.0","","18","","8","","16.1","","93.70","","","","","","NA"
"-122.68","53.88","PRINCE GEORGE","1096439","2021-07-27 04:00","2021","07","27","04:00","6.3","","5.9","","97","","0.0","","","M","4","","1.2","","93.75","","","","","","Fog"
"-122.68","53.88","PRINCE GEORGE","1096439","2021-07-27 05:00","2021","07","27","05:00","9.6","","9.3","","98","","0.0","","18","","5","","16.1","","93.78","","","","","","NA"
"-122.68","53.88","PRINCE GEORGE","1096439","2021-07-27 06:00","2021","07","27","06:00","11.2","","10.8","","97","","0.0","","17","","8","","16.1","","93.80","","","","","","NA"
"-122.68","53.88","PRINCE GEORGE","1096439","2021-07-27 07:00","2021","07","27","07:00","12.9","","10.5","","85","","0.0","","16","","9","","16.1","","93.84","","","","","","NA"
"-122.68","53.88","PRINCE GEORGE","1096439","2021-07-27 08:00","2021","07","27","08:00","14.5","","9.1","","70","","0.0","","","M","8","","16.1","","93.88","","","","","","NA"
"-122.68","53.88","PRINCE GEORGE","1096439","2021-07-27 09:00","2021","07","27","09:00","15.9","","8.7","","62","","0.0","","","M","5","","16.1","","93.89","","","","","","NA"
"-122.68","53.88","PRINCE GEORGE","1096439","2021-07-27 10:00","2021","07","27","10:00","17.2","","8.5","","56","","0.0","","","","0","","16.1","","93.89","","","","","","NA"
"-122.68","53.88","PRINCE GEORGE","1096439","2021-07-27 11:00","2021","07","27","11:00","18.4","","8.8","","53","","0.0","","30","","8","","16.1","","93.92","","","","","","NA"
"-122.68","53.88","PRINCE GEORGE","1096439","2021-07-27 12:00","2021","07","27","12:00","19.3","","8.5","","49","","0.0","","","M","9","","16.1","","93.91","","","","","","NA"
"-122.68","53.88","PRINCE GEORGE","1096439","2021-07-27 13:00","2021","07","27","13:00","20.2","","8.0","","45","","0.0","","","M","8","","16.1","","93.90","","","","","","NA"
"-122.68","53.88","PRINCE GEORGE","1096439","2021-07-27 14:00","2021","07","27","14:00","20.7","","6.8","","40","","0.0","","27","","8","","16.1","","93.90","","","","","","NA"
"-122.68","53.88","PRINCE GEORGE","1096439","2021-07-27 15:00","2021","07","27","15:00","21.6","","6.9","","38","","0.0","","","M","8","","16.1","","93.86","","","","","","NA"
"-122.68","53.88","PRINCE GEORGE","1096439","2021-07-27 16:00","2021","07","27","16:00","21.2","","6.8","","39","","0.0","","","","0","","16.1","","93.83","","","","","","NA"
"-122.68","53.88","PRINCE GEORGE","1096439","2021-07-27 17:00","2021","07","27","17:00","21.5","","7.3","","40","","0.0","","3","","9","","16.1","","93.81","","","","","","NA"
"-122.68","53.88","PRINCE GEORGE","1096439","2021-07-27 18:00","2021","07","27","18:00","21.8","","7.6","","40","","0.0","","36","","8","","16.1","","93.80","","","","","","NA"
"-122.68","53.88","PRINCE GEORGE","1096439","2021-07-27 19:00","2021","07","27","19:00","19.7","","9.1","","50","","0.0","","36","","11","","16.1","","93.81","","","","","","NA"
"-122.68","53.88","PRINCE GEORGE","1096439","2021-07-27 20:00","2021","07","27","20:00","16.3","","9.1","","62","","0.0","","2","","5","","16.1","","93.85","","","","","","NA"
"-122.68","53.88","PRINCE GEORGE","1096439","2021-07-27 21:00","2021","07","27","21:00","12.6","","9.5","","81","","0.0","","","","0","","16.1","","93.89","","","","","","NA"
"-122.68","53.88","PRINCE GEORGE","1096439","2021-07-27 22:00","2021","07","27","22:00","10.6","","8.1","","84","","0.0","","31","","4","","16.1","","93.91","","","","","","NA"
"-122.68","53.88","PRINCE GEORGE","1096439","2021-07-27 23:00","2021","07","27","23:00","10.4","","7.9","","85","","0.0","","34","","4","","16.1","","93.94","","","","","","NA"
"-122.68","53.88","PRINCE GEORGE","1096439","2021-07-28 00:00","2021","07","28","00:00","10.8","","8.3","","84","","0.0","","","","0","","16.1","","93.99","","","","","","NA"
"-122.68","53.88","PRINCE GEORGE","1096439","2021-07-28 01:00","2021","07","28","01:00","9.8","","8.8","","94","","0.0","","","M","4","","16.1","","94.01","","","","","","NA"
"-122.68","53.88","PRINCE GEORGE","1096439","2021-07-28 02:00","2021","07","28","02:00","9.9","","8.8","","93","","0.0","","36","","9","","16.1","","94.02","","","","","","NA"
"-122.68","53.88","PRINCE GEORGE","1096439","2021-07-28 03:00","2021","07","28","03:00","9.8","","8.4","","91","","0.0","","","M","4","","16.1","","94.04","","","","","","NA"
"-122.68","53.88","PRINCE GEORGE","1096439","2021-07-28 04:00","2021","07","28","04:00","11.1","","10.3","","95","","0.0","","36","","9","","16.1","","94.02","","","","","","NA"
"-122.68","53.88","PRINCE GEORGE","1096439","2021-07-28 05:00","2021","07","28","05:00","11.0","","9.9","","93","","0.0","","1","","11","","16.1","","94.04","","","","","","NA"
"-122.68","53.88","PRINCE GEORGE","1096439","2021-07-28 06:00","2021","07","28","06:00","11.1","","9.6","","90","","0.0","","36","","4","","16.1","","94.05","","","","","","NA"
"-122.68","53.88","PRINCE GEORGE","1096439","2021-07-28 07:00","2021","07","28","07:00","13.2","","9.4","","78","","0.0","","35","","11","","16.1","","94.08","","","","","","NA"
"-122.68","53.88","PRINCE GEORGE","1096439","2021-07-28 08:00","2021","07","28","08:00","15.4","","10.0","","70","","0.0","","36","","11","","16.1","","94.09","","","","","","NA"
"-122.68","53.88","PRINCE GEORGE","1096439","2021-07-28 09:00","2021","07","28","09:00","17.2","","10.4","","64","","0.0","","36","","9","","16.1","","94.06","","","","","","NA"
"-122.68","53.88","PRINCE GEORGE","1096439","2021-07-28 10:00","2021","07","28","10:00","19.4","","10.8","","57","","0.0","","","M","4","","16.1","","94.07","","","","","","NA"
"-122.68","53.88","PRINCE GEORGE","1096439","2021-07-28 11:00","2021","07","28","11:00","22.1","","11.4","","50","","0.0","","","M","4","","16.1","","94.04","","","","","","NA"
"-122.68","53.88","PRINCE GEORGE","1096439","2021-07-28 12:00","2021","07","28","12:00","23.2","","9.4","","41","","0.0","","11","","8","","16.1","","94.01","","","","","","NA"
"-122.68","53.88","PRINCE GEORGE","1096439","2021-07-28 13:00","2021","07","28","13:00","25.1","","9.8","","38","","0.0","","22","","13","","16.1","","93.97","","26","","","","NA"
"-122.68","53.88","PRINCE GEORGE","1096439","2021-07-28 14:00","2021","07","28","14:00","24.7","","9.3","","37","","0.0","","","M","5","","16.1","","93.95","","26","","","","NA"
"-122.68","53.88","PRINCE GEORGE","1096439","2021-07-28 15:00","2021","07","28","15:00","25.4","","9.7","","37","","0.0","","","M","4","","16.1","","93.92","","27","","","","NA"
"-122.68","53.88","PRINCE GEORGE","1096439","2021-07-28 16:00","2021","07","28","16:00","26.1","","10.1","","36","","0.0","","2","","13","","16.1","","93.87","","27","","","","NA"
"-122.68","53.88","PRINCE GEORGE","1096439","2021-07-28 17:00","2021","07","28","17:00","25.6","","9.1","","35","","0.0","","36","","5","","16.1","","93.86","","26","","","","NA"
"-122.68","53.88","PRINCE GEORGE","1096439","2021-07-28 18:00","2021","07","28","18:00","25.7","","9.6","","36","","0.0","","35","","8","","16.1","","93.84","","27","","","","NA"
"-122.68","53.88","PRINCE GEORGE","1096439","2021-07-28 19:00","2021","07","28","19:00","23.6","","10.8","","44","","0.0","","33","","9","","16.1","","93.87","","25","","","","NA"
"-122.68","53.88","PRINCE GEORGE","1096439","2021-07-28 20:00","2021","07","28","20:00","21.0","","10.0","","49","","0.0","","33","","21","","16.1","","93.95","","","","","","NA"
"-122.68","53.88","PRINCE GEORGE","1096439","2021-07-28 21:00","2021","07","28","21:00","19.7","","10.7","","56","","0.0","","32","","13","","16.1","","94.06","","","","","","Rain"
"-122.68","53.88","PRINCE GEORGE","1096439","2021-07-28 22:00","2021","07","28","22:00","17.3","","11.4","","68","","0.0","","36","","9","","16.1","","94.08","","","","","","NA"
"-122.68","53.88","PRINCE GEORGE","1096439","2021-07-28 23:00","2021","07","28","23:00","15.4","","11.6","","78","","0.0","","","M","4","","16.1","","94.10","","","","","","NA"
"-122.68","53.88","PRINCE GEORGE","1096439","2021-07-29 00:00","2021","07","29","00:00","12.6","","10.0","","84","","0.0","","","","0","","11.3","","94.11","","","","","","NA"
"-122.68","53.88","PRINCE GEORGE","1096439","2021-07-29 01:00","2021","07","29","01:00","11.2","","9.6","","90","","0.0","","","M","4","","16.1","","94.10","","","","","","NA"
"-122.68","53.88","PRINCE GEORGE","1096439","2021-07-29 02:00","2021","07","29","02:00","10.8","","9.9","","94","","0.0","","","","0","","16.1","","94.10","","","","","","NA"
"-122.68","53.88","PRINCE GEORGE","1096439","2021-07-29 03:00","2021","07","29","03:00","9.0","","7.9","","93","","0.0","","21","","4","","16.1","","94.13","","","","","","NA"
"-122.68","53.88","PRINCE GEORGE","1096439","2021-07-29 04:00","2021","07","29","04:00","8.8","","7.9","","94","","0.0","","","","0","","11.3","","94.14","","","","","","NA"
"-122.68","53.88","PRINCE GEORGE","1096439","2021-07-29 05:00","2021","07","29","05:00","8.5","","7.9","","96","","0.0","","","","0","","16.1","","94.15","","","","","","NA"
"-122.68","53.88","PRINCE GEORGE","1096439","2021-07-29 06:00","2021","07","29","06:00","10.4","","9.5","","94","","0.0","","13","","4","","16.1","","94.18","","","","","","NA"
"-122.68","53.88","PRINCE GEORGE","1096439","2021-07-29 07:00","2021","07","29","07:00","15.6","","12.9","","84","","0.0","","","","0","","16.1","","94.19","","","","","","NA"
"-122.68","53.88","PRINCE GEORGE","1096439","2021-07-29 08:00","2021","07","29","08:00","18.1","","12.4","","69","","0.0","","","M","4","","16.1","","94.17","","","","","","NA"
"-122.68","53.88","PRINCE GEORGE","1096439","2021-07-29 09:00","2021","07","29","09:00","19.9","","13.2","","65","","0.0","","","M","8","","16.1","","94.18","","","","","","NA"
"-122.68","53.88","PRINCE GEORGE","1096439","2021-07-29 10:00","2021","07","29","10:00","21.3","","11.7","","54","","0.0","","","M","8","","16.1","","94.17","","","","","","NA"
"-122.68","53.88","PRINCE GEORGE","1096439","2021-07-29 11:00","2021","07","29","11:00","22.6","","10.4","","46","","0.0","","31","","13","","16.1","","94.14","","","","","","NA"
"-122.68","53.88","PRINCE GEORGE","1096439","2021-07-29 12:00","2021","07","29","12:00","23.5","","11.6","","47","","0.0","","35","","11","","16.1","","94.11","","26","","","","NA"
"-122.68","53.88","PRINCE GEORGE","1096439","2021-07-29 13:00","2021","07","29","13:00","24.4","","10.6","","41","","0.0","","","M","4","","16.1","","94.07","","26","","","","NA"
"-122.68","53.88","PRINCE GEORGE","1096439","2021-07-29 14:00","2021","07","29","14:00","25.3","","8.4","","34","","0.0","","","M","4","","16.1","","94.04","","26","","","","NA"
"-122.68","53.88","PRINCE GEORGE","1096439","2021-07-29 15:00","2021","07","29","15:00","25.7","","9.9","","37","","0.0","","3","","9","","16.1","","94.01","","27","","","","NA"
"-122.68","53.88","PRINCE GEORGE","1096439","2021-07-29 16:00","2021","07","29","16:00","26.1","","9.2","","34","","0.0","","","M","5","","16.1","","94.00","","27","","","","NA"
"-122.68","53.88","PRINCE GEORGE","1096439","2021-07-29 17:00","2021","07","29","17:00","26.3","","9.8","","35","","0.0","","","M","5","","16.1","","93.96","","27","","","","NA"
"-122.68","53.88","PRINCE GEORGE","1096439","2021-07-29 18:00","2021","07","29","18:00","25.7","","10.2","","37","","0.0","","8","","8","","16.1","","93.94","","27","","","","NA"
"-122.68","53.88","PRINCE GEORGE","1096439","2021-07-29 19:00","2021","07","29","19:00","24.0","","11.5","","45","","0.0","","8","","5","","16.1","","93.93","","26","","","","NA"
"-122.68","53.88","PRINCE GEORGE","1096439","2021-07-29 20:00","2021","07","29","20:00","18.4","","13.3","","72","","0.0","","","","0","","16.1","","93.94","","","","","","NA"
"-122.68","53.88","PRINCE GEORGE","1096439","2021-07-29 21:00","2021","07","29","21:00","16.3","","11.8","","74","","0.0","","","","0","","16.1","","93.98","","","","","","NA"
"-122.68","53.88","PRINCE GEORGE","1096439","2021-07-29 22:00","2021","07","29","22:00","13.8","","10.5","","80","","0.0","","","","0","","16.1","","93.97","","","","","","NA"
"-122.68","53.88","PRINCE GEORGE","1096439","2021-07-29 23:00","2021","07","29","23:00","12.8","","10.4","","85","","0.0","","1","","4","","16.1","","93.98","","","","","","NA"
"-122.68","53.88","PRINCE GEORGE","1096439","2021-07-30 00:00","2021","07","30","00:00","11.0","","9.5","","91","","0.0","","1","","9","","16.1","","93.99","","","","","","NA"
"-122.68","53.88","PRINCE GEORGE","1096439","2021-07-30 01:00","2021","07","30","01:00","10.5","","9.1","","91","","0.0","","","M","4","","16.1","","93.99","","","","","","NA"
"-122.68","53.88","PRINCE GEORGE","1096439","2021-07-30 02:00","2021","07","30","02:00","11.4","","10.5","","94","","0.0","","1","","8","","16.1","","93.99","","","","","","NA"
"-122.68","53.88","PRINCE GEORGE","1096439","2021-07-30 03:00","2021","07","30","03:00","12.0","","11.4","","96","","0.0","","3","","9","","16.1","","93.97","","","","","","NA"
"-122.68","53.88","PRINCE GEORGE","1096439","2021-07-30 04:00","2021","07","30","04:00","9.0","","8.2","","95","","0.0","","","","0","","8.1","","94.00","","","","","","Fog"
"-122.68","53.88","PRINCE GEORGE","1096439","2021-07-30 05:00","2021","07","30","05:00","9.4","","8.2","","92","","0.0","","","","0","","16.1","","94.03","","","","","","NA"
"-122.68","53.88","PRINCE GEORGE","1096439","2021-07-30 06:00","2021","07","30","06:00","13.0","","11.4","","90","","0.0","","2","","5","","16.1","","94.05","","","","","","NA"
"-122.68","53.88","PRINCE GEORGE","1096439","2021-07-30 07:00","2021","07","30","07:00","14.9","","11.1","","78","","0.0","","36","","15","","16.1","","94.07","","","","","","NA"
"-122.68","53.88","PRINCE GEORGE","1096439","2021-07-30 08:00","2021","07","30","08:00","17.1","","11.7","","70","","0.0","","35","","13","","16.1","","94.09","","","","","","NA"
"-122.68","53.88","PRINCE GEORGE","1096439","2021-07-30 09:00","2021","07","30","09:00","19.5","","12.4","","63","","0.0","","35","","15","","16.1","","94.07","","","","","","NA"
"-122.68","53.88","PRINCE GEORGE","1096439","2021-07-30 10:00","2021","07","30","10:00","21.8","","12.9","","56","","0.0","","34","","18","","16.1","","94.05","","25","","","","NA"
"-122.68","53.88","PRINCE GEORGE","1096439","2021-07-30 11:00","2021","07","30","11:00","24.5","","13.8","","51","","0.0","","36","","15","","16.1","","94.00","","28","","","","NA"
"-122.68","53.88","PRINCE GEORGE","1096439","2021-07-30 12:00","2021","07","30","12:00","26.8","","12.7","","41","","0.0","","35","","17","","16.1","","93.97","","29","","","","NA"
"-122.68","53.88","PRINCE GEORGE","1096439","2021-07-30 13:00","2021","07","30","13:00","28.2","","11.0","","34","","0.0","","3","","17","","16.1","","93.91","","30","","","","NA"
"-122.68","53.88","PRINCE GEORGE","1096439","2021-07-30 14:00","2021","07","30","14:00","28.9","","11.5","","34","","0.0","","35","","15","","16.1","","93.89","","31","","","","NA"
"-122.68","53.88","PRINCE GEORGE","1096439","2021-07-30 15:00","2021","07","30","15:00","29.1","","10.7","","31","","0.0","","36","","11","","16.1","","93.86","","31","","","","NA"
"-122.68","53.88","PRINCE GEORGE","1096439","2021-07-30 16:00","2021","07","30","16:00","29.4","","9.4","","28","","0.0","","35","","17","","16.1","","93.83","","30","","","","NA"
"-122.68","53.88","PRINCE GEORGE","1096439","2021-07-30 17:00","2021","07","30","17:00","29.1","","10.1","","30","","0.0","","35","","13","","16.1","","93.81","","30","","","","NA"
"-122.68","53.88","PRINCE GEORGE","1096439","2021-07-30 18:00","2021","07","30","18:00","27.6","","12.6","","39","","0.0","","36","","9","","16.1","","93.79","","30","","","","NA"
"-122.68","53.88","PRINCE GEORGE","1096439","2021-07-30 19:00","2021","07","30","19:00","24.9","","14.9","","53","","0.0","","34","","8","","16.1","","93.79","","29","","","","NA"
"-122.68","53.88","PRINCE GEORGE","1096439","2021-07-30 20:00","2021","07","30","20:00","20.1","","15.0","","72","","0.0","","11","","5","","16.1","","93.79","","","","","","NA"
"-122.68","53.88","PRINCE GEORGE","1096439","2021-07-30 21:00","2021","07","30","21:00","15.3","","12.1","","81","","0.0","","","","0","","16.1","","93.79","","","","","","NA"
"-122.68","53.88","PRINCE GEORGE","1096439","2021-07-30 22:00","2021","07","30","22:00","15.3","","11.7","","79","","0.0","","","","0","","16.1","","93.80","","","","","","NA"
"-122.68","53.88","PRINCE GEORGE","1096439","2021-07-30 23:00","2021","07","30","23:00","13.4","","11.2","","86","","0.0","","","","0","","16.1","","93.81","","","","","","NA"
"-122.68","53.88","PRINCE GEORGE","1096439","2021-07-31 00:00","2021","07","31","00:00","13.0","","10.7","","86","","0.0","","","","0","","16.1","","93.82","","","","","","NA"
"-122.68","53.88","PRINCE GEORGE","1096439","2021-07-31 01:00","2021","07","31","01:00","11.4","","9.7","","89","","0.0","","","","0","","16.1","","93.83","","","","","","NA"
"-122.68","53.88","PRINCE GEORGE","1096439","2021-07-31 02:00","2021","07","31","02:00","10.7","","9.9","","95","","0.0","","","","0","","16.1","","93.83","","","","","","NA"
"-122.68","53.88","PRINCE GEORGE","1096439","2021-07-31 03:00","2021","07","31","03:00","10.1","","8.8","","92","","0.0","","","","0","","16.1","","93.86","","","","","","NA"
"-122.68","53.88","PRINCE GEORGE","1096439","2021-07-31 04:00","2021","07","31","04:00","9.2","","8.3","","94","","0.0","","","M","4","","16.1","","93.87","","","","","","NA"
"-122.68","53.88","PRINCE GEORGE","1096439","2021-07-31 05:00","2021","07","31","05:00","9.1","","7.4","","89","","0.0","","","M","4","","16.1","","93.90","","","","","","NA"
"-122.68","53.88","PRINCE GEORGE","1096439","2021-07-31 06:00","2021","07","31","06:00","9.7","","8.8","","94","","0.0","","18","","8","","16.1","","93.96","","","","","","NA"
"-122.68","53.88","PRINCE GEORGE","1096439","2021-07-31 07:00","2021","07","31","07:00","13.3","","11.5","","89","","0.0","","","M","4","","16.1","","94.00","","","","","","NA"
"-122.68","53.88","PRINCE GEORGE","1096439","2021-07-31 08:00","2021","07","31","08:00","16.1","","12.7","","80","","0.0","","","M","4","","16.1","","94.01","","","","","","NA"
"-122.68","53.88","PRINCE GEORGE","1096439","2021-07-31 09:00","2021","07","31","09:00","18.7","","12.8","","68","","0.0","","","M","4","","16.1","","94.02","","","","","","NA"
"-122.68","53.88","PRINCE GEORGE","1096439","2021-07-31 10:00","2021","07","31","10:00","20.9","","13.6","","63","","0.0","","","M","4","","16.1","","94.01","","","","","","NA"
"-122.68","53.88","PRINCE GEORGE","1096439","2021-07-31 11:00","2021","07","31","11:00","23.8","","13.2","","51","","0.0","","","M","4","","16.1","","94.01","","27","","","","NA"
"-122.68","53.88","PRINCE GEORGE","1096439","2021-07-31 12:00","2021","07","31","12:00","25.2","","13.2","","47","","0.0","","","","0","","11.3","","93.98","","28","","","","NA"
"-122.68","53.88","PRINCE GEORGE","1096439","2021-07-31 13:00","2021","07","31","13:00","26.8","","15.9","","51","","0.0","","2","","9","","16.1","","93.94","","31","","","","NA"
"-122.68","53.88","PRINCE GEORGE","1096439","2021-07-31 14:00","2021","07","31","14:00","28.4","","15.5","","45","","0.0","","35","","11","","9.7","","93.89","","33","","","","Haze"
"-122.68","53.88","PRINCE GEORGE","1096439","2021-07-31 15:00","2021","07","31","15:00","28.8","","15.6","","44","","0.0","","36","","11","","9.7","","93.86","","33","","","","Haze"
"-122.68","53.88","PRINCE GEORGE","1096439","2021-07-31 16:00","2021","07","31","16:00","28.3","","15.1","","44","","0.0","","34","","13","","8.1","","93.82","","32","","","","Haze"
"-122.68","53.88","PRINCE GEORGE","1096439","2021-07-31 17:00","2021","07","31","17:00","29.0","","14.7","","41","","0.0","","3","","8","","6.4","","93.81","","33","","","","Haze"
"-122.68","53.88","PRINCE GEORGE","1096439","2021-07-31 18:00","2021","07","31","18:00","26.9","","16.0","","51","","0.0","","36","","9","","6.4","","93.80","","32","","","","Haze"
"-122.68","53.88","PRINCE GEORGE","1096439","2021-07-31 19:00","2021","07","31","19:00","24.4","","19.1","","72","","0.0","","17","","11","","6.4","","93.88","","31","","","","Haze"
"-122.68","53.88","PRINCE GEORGE","1096439","2021-07-31 20:00","2021","07","31","20:00","26.5","","11.6","","39","","0.0","","17","","17","","4.8","","93.92","","29","","","","Haze"
"-122.68","53.88","PRINCE GEORGE","1096439","2021-07-31 21:00","2021","07","31","21:00","23.4","","11.9","","48","","0.0","","10","","9","","4.8","","93.93","","26","","","","Haze"
"-122.68","53.88","PRINCE GEORGE","1096439","2021-07-31 22:00","2021","07","31","22:00","23.0","","12.6","","51","","0.0","","29","","13","","4.8","","93.87","","26","","","","Haze"
"-122.68","53.88","PRINCE GEORGE","1096439","2021-07-31 23:00","2021","07","31","23:00","22.0","","13.8","","59","","0.0","","31","","9","","4.8","","93.88","","25","","","","Haze"
