"Longitude (x)","Latitude (y)","Station Name","Climate ID","Date/Time (LST)","Year","Month","Day","Time (LST)","Temp (°C)","Temp Flag","Dew Point Temp (°C)","Dew Point Temp Flag","Rel Hum (%)","Rel Hum Flag","Precip. Amount (mm)","Precip. Amount Flag","Wind Dir (10s deg)","Wind Dir Flag","Wind Spd (km/h)","Wind Spd Flag","Visibility (km)","Visibility Flag","Stn Press (kPa)","Stn Press Flag","Hmdx","Hmdx Flag","Wind Chill","Wind Chill Flag","Weather"
"-97.86","55.80","THOMPSON A","5062921","2022-02-01 00:00","2022","02","01","00:00","-17.8","","-20.8","","77","","","","35","","21","","4.8","","98.05","","","","-28","","Snow,Blowing Snow"
"-97.86","55.80","THOMPSON A","5062921","2022-02-01 01:00","2022","02","01","01:00","-17.9","","-20.9","","78","","","","34","","18","","4.8","","98.10","","","","-27","","Snow,Blowing Snow"
"-97.86","55.80","THOMPSON A","5062921","2022-02-01 02:00","2022","02","01","02:00","-19.3","","-22.7","","75","","","","35","","25","","4.8","","98.17","","","","-31","","Snow,Blowing Snow"
"-97.86","55.80","THOMPSON A","5062921","2022-02-01 03:00","2022","02","01","03:00","-20.7","","-24.1","","74","","","","34","","31","","4.8","","98.27","","","","-34","","Snow,Blowing Snow"
"-97.86","55.80","THOMPSON A","5062921","2022-02-01 04:00","2022","02","01","04:00","-21.8","","-25.3","","74","","","","35","","19","","6.4","","98.34","","","","-32","","Snow,Blowing Snow"
"-97.86","55.80","THOMPSON A","5062921","2022-02-01 05:00","2022","02","01","05:00","-23.4","","-27.0","","73","","","","34","","28","","12.9","","98.46","","","","-37","","Snow,Blowing Snow"
"-97.86","55.80","THOMPSON A","5062921","2022-02-01 06:00","2022","02","01","06:00","-24.7","","-28.2","","73","","","","33","","18","","24.1","","98.52","","","","-36","","Snow,Blowing Snow"
"-97.86","55.80","THOMPSON A","5062921","2022-02-01 07:00","2022","02","01","07:00","-26.2","","-29.8","","73","","","","34","","17","","24.1","","98.64","","","","-37","","Snow,Blowing Snow"
"-97.86","55.80","THOMPSON A","5062921","2022-02-01 08:00","2022","02","01","08:00","-27.2","","-30.8","","72","","","","33","","21","","24.1","","98.69","","","","-40","","Blowing Snow"
"-97.86","55.80","THOMPSON A","5062921","2022-02-01 09:00","2022","02","01","09:00","-28.6","","-32.2","","72","","","","33","","24","","24.1","","98.81","","","","-42","","Blowing Snow"
"-97.86","55.80","THOMPSON A","5062921","2022-02-01 10:00","2022","02","01","10:00","-28.8","","-32.7","","70","","","","33","","21","","24.1","","98.90","","","","-42","","Blowing Snow"
"-97.86","55.80","THOMPSON A","5062921","2022-02-01 11:00","2022","02","01","11:00","-28.1","","-32.4","","67","","","","33","","21","","24.1","","98.96","","","","-41","","Blowing Snow"
"-97.86","55.80","THOMPSON A","5062921","2022-02-01 12:00","2022","02","01","12:00","-27.9","","-32.5","","66","","","","32","","15","","24.1","","98.99","","","","-39","","Blowing Snow"
"-97.86","55.80","THOMPSON A","5062921","2022-02-01 13:00","2022","02","01","13:00","-26.4","","-31.5","","63","","","","32","","19","","24.1","","98.99","","","","-38","","Blowing Snow"
"-97.86","55.80","THOMPSON A","5062921","2022-02-01 14:00","2022","02","01","14:00","-26.0","","-31.2","","62","","","","34","","17","","24.1","","99.04","","","","-37","","Blowing Snow"
"-97.86","55.80","THOMPSON A","5062921","2022-02-01 15:00","2022","02","01","15:00","-26.4","","-31.9","","61","","","","31","","20","","24.1","","99.11","","","","-39","","Blowing Snow"
"-97.86","55.80","THOMPSON A","5062921","2022-02-01 16:00","2022","02","01","16:00","-27.0","","-32.3","","62","","","","31","","19","","24.1","","99.19","","","","-39","","Blowing Snow"
"-97.86","55.80","THOMPSON A","5062921","2022-02-01 17:00","2022","02","01","17:00","-27.8","","-32.6","","65","","","","31","","17","","24.1","","99.28","","","","-39","","Blowing Snow"
"-97.86","55.80","THOMPSON A","5062921","2022-02-01 18:00","2022","02","01","18:00","-29.0","","-33.3","","67","","","","30","","12","","24.1","","99.39","","","","-39","","Clear"
"-97.86","55.80","THOMPSON A","5062921","2022-02-01 19:00","2022","02","01","19:00","-30.0","","-34.0","","69","","","","30","","12","","24.1","","99.42","","","","-40","","NA"
"-97.86","55.80","THOMPSON A","5062921","2022-02-01 20:00","2022","02","01","20:00","-30.8","","-34.6","","70","","","","29","","12","","24.1","","99.46","","","","-41","","NA"
"-97.86","55.80","THOMPSON A","5062921","2022-02-01 21:00","2022","02","01","21:00","-31.0","","-34.6","","71","","","","30","","11","","24.1","","99.47","","","","-41","","Clear"
"-97.86","55.80","THOMPSON A","5062921","2022-02-01 22:00","2022","02","01","22:00","-30.5","","-34.5","","69","","","","31","","14","","24.1","","99.50","","","","-42","","NA"
"-97.86","55.80","THOMPSON A","5062921","2022-02-01 23:00","2022","02","01","23:00","-31.4","","-35.7","","66","","","","30","","14","","24.1","","99.55","","","","-43","","Blowing Snow"
"-97.86","55.80","THOMPSON A","5062921","2022-02-02 00:00","2022","02","02","00:00","-32.2","","-36.6","","66","","","","31","","16","","24.1","","99.62","","","","-45","","Blowing Snow"
"-97.86","55.80","THOMPSON A","5062921","2022-02-02 01:00","2022","02","02","01:00","-33.0","","-37.5","","65","","","","30","","22","","24.1","","99.65","","","","-47","","Blowing Snow"
"-97.86","55.80","THOMPSON A","5062921","2022-02-02 02:00","2022","02","02","02:00","-33.6","","-37.9","","66","","","","29","","15","","24.1","","99.69","","","","-46","","Blowing Snow"
"-97.86","55.80","THOMPSON A","5062921","2022-02-02 03:00","2022","02","02","03:00","-34.0","","-38.4","","65","","","","30","","18","","24.1","","99.73","","","","-47","","Blowing Snow"
"-97.86","55.80","THOMPSON A","5062921","2022-02-02 04:00","2022","02","02","04:00","-34.2","","-38.4","","66","","","","29","","19","","24.1","","99.73","","","","-48","","Blowing Snow"
"-97.86","55.80","THOMPSON A","5062921","2022-02-02 05:00","2022","02","02","05:00","-34.4","","-38.5","","67","","","","28","","19","","24.1","","99.75","","","","-48","","Blowing Snow"
"-97.86","55.80","THOMPSON A","5062921","2022-02-02 06:00","2022","02","02","06:00","-34.3","","-38.3","","68","","","","28","","19","","24.1","","99.75","","","","-48","","Blowing Snow"
"-97.86","55.80","THOMPSON A","5062921","2022-02-02 07:00","2022","02","02","07:00","-34.0","","-37.9","","68","","","","27","","19","","24.1","","99.74","","","","-48","","Blowing Snow"
"-97.86","55.80","THOMPSON A","5062921","2022-02-02 08:00","2022","02","02","08:00","-34.2","","-38.1","","69","","","","27","","18","","24.1","","99.76","","","","-48","","NA"
"-97.86","55.80","THOMPSON A","5062921","2022-02-02 09:00","2022","02","02","09:00","-33.3","","-37.2","","68","","","","28","","22","","24.1","","99.79","","","","-48","","Ice Crystals"
"-97.86","55.80","THOMPSON A","5062921","2022-02-02 10:00","2022","02","02","10:00","-31.7","","-35.9","","67","","","","29","","23","","24.1","","99.82","","","","-46","","Ice Crystals,Blowing Snow"
"-97.86","55.80","THOMPSON A","5062921","2022-02-02 11:00","2022","02","02","11:00","-29.5","","-34.4","","63","","","","29","","17","","24.1","","99.87","","","","-42","","Ice Crystals,Blowing Snow"
"-97.86","55.80","THOMPSON A","5062921","2022-02-02 12:00","2022","02","02","12:00","-27.5","","-33.2","","59","","","","29","","22","","24.1","","99.86","","","","-40","","Ice Crystals,Blowing Snow"
"-97.86","55.80","THOMPSON A","5062921","2022-02-02 13:00","2022","02","02","13:00","-26.2","","-32.4","","57","","","","27","","27","","24.1","","99.91","","","","-40","","Ice Crystals,Blowing Snow"
"-97.86","55.80","THOMPSON A","5062921","2022-02-02 14:00","2022","02","02","14:00","-24.6","","-30.8","","57","","","","28","","22","","24.1","","99.86","","","","-37","","Ice Crystals,Blowing Snow"
"-97.86","55.80","THOMPSON A","5062921","2022-02-02 15:00","2022","02","02","15:00","-23.5","","-29.7","","57","","","","28","","25","","24.1","","99.86","","","","-36","","Ice Crystals,Blowing Snow"
"-97.86","55.80","THOMPSON A","5062921","2022-02-02 16:00","2022","02","02","16:00","-22.8","","-28.9","","58","","","","27","","20","","24.1","","99.87","","","","-34","","Ice Crystals,Blowing Snow"
"-97.86","55.80","THOMPSON A","5062921","2022-02-02 17:00","2022","02","02","17:00","-23.0","","-28.5","","62","","","","27","","29","","24.1","","99.88","","","","-36","","Ice Crystals,Blowing Snow"
"-97.86","55.80","THOMPSON A","5062921","2022-02-02 18:00","2022","02","02","18:00","-23.5","","-28.7","","63","","","","27","","23","","24.1","","99.93","","","","-36","","Ice Crystals,Blowing Snow"
"-97.86","55.80","THOMPSON A","5062921","2022-02-02 19:00","2022","02","02","19:00","-23.8","","-28.7","","65","","","","26","","26","","24.1","","99.93","","","","-37","","Ice Crystals,Blowing Snow"
"-97.86","55.80","THOMPSON A","5062921","2022-02-02 20:00","2022","02","02","20:00","-25.6","","-29.3","","72","","","","26","","22","","24.1","","99.95","","","","-38","","Ice Crystals,Blowing Snow"
"-97.86","55.80","THOMPSON A","5062921","2022-02-02 21:00","2022","02","02","21:00","-25.8","","-29.5","","71","","","","27","","18","","24.1","","99.94","","","","-37","","Ice Crystals,Blowing Snow"
"-97.86","55.80","THOMPSON A","5062921","2022-02-02 22:00","2022","02","02","22:00","-25.6","","-29.7","","69","","","","27","","19","","24.1","","99.95","","","","-37","","Ice Crystals,Blowing Snow"
"-97.86","55.80","THOMPSON A","5062921","2022-02-02 23:00","2022","02","02","23:00","-26.6","","-30.5","","70","","","","26","","16","","24.1","","99.95","","","","-38","","Ice Crystals,Blowing Snow"
"-97.86","55.80","THOMPSON A","5062921","2022-02-03 00:00","2022","02","03","00:00","-28.0","","-31.5","","73","","","","25","","16","","24.1","","99.97","","","","-39","","Ice Crystals,Blowing Snow"
"-97.86","55.80","THOMPSON A","5062921","2022-02-03 01:00","2022","02","03","01:00","-29.3","","-32.5","","74","","","","24","","16","","24.1","","99.97","","","","-41","","Ice Crystals,Blowing Snow"
"-97.86","55.80","THOMPSON A","5062921","2022-02-03 02:00","2022","02","03","02:00","-30.3","","-33.6","","74","","","","25","","14","","24.1","","99.96","","","","-41","","Ice Crystals,Blowing Snow"
"-97.86","55.80","THOMPSON A","5062921","2022-02-03 03:00","2022","02","03","03:00","-31.3","","-34.4","","75","","","","24","","13","","24.1","","99.95","","","","-42","","Ice Crystals"
"-97.86","55.80","THOMPSON A","5062921","2022-02-03 04:00","2022","02","03","04:00","-31.3","","-34.3","","76","","","","24","","15","","24.1","","99.93","","","","-43","","Ice Crystals"
"-97.86","55.80","THOMPSON A","5062921","2022-02-03 05:00","2022","02","03","05:00","-30.1","","-33.1","","76","","","","20","","9","","24.1","","99.93","","","","-39","","Ice Crystals"
"-97.86","55.80","THOMPSON A","5062921","2022-02-03 06:00","2022","02","03","06:00","-31.1","","-34.4","","73","","","","24","","16","","24.1","","99.88","","","","-43","","Ice Crystals"
"-97.86","55.80","THOMPSON A","5062921","2022-02-03 07:00","2022","02","03","07:00","-30.7","","-33.9","","74","","","","22","","10","","24.1","","99.85","","","","-40","","Ice Crystals"
"-97.86","55.80","THOMPSON A","5062921","2022-02-03 08:00","2022","02","03","08:00","-31.8","","-35.0","","74","","","","19","","8","","24.1","","99.83","","","","-40","","Ice Crystals"
"-97.86","55.80","THOMPSON A","5062921","2022-02-03 09:00","2022","02","03","09:00","-32.2","","-35.4","","74","","","","20","","10","","24.1","","99.80","","","","-42","","Ice Crystals"
"-97.86","55.80","THOMPSON A","5062921","2022-02-03 10:00","2022","02","03","10:00","-30.9","","-34.5","","71","","","","21","","11","","24.1","","99.78","","","","-41","","Ice Crystals"
"-97.86","55.80","THOMPSON A","5062921","2022-02-03 11:00","2022","02","03","11:00","-29.5","","-33.8","","67","","","","24","","11","","24.1","","99.76","","","","-39","","Ice Crystals"
"-97.86","55.80","THOMPSON A","5062921","2022-02-03 12:00","2022","02","03","12:00","-27.1","","-32.1","","63","","","","23","","14","","24.1","","99.70","","","","-37","","Ice Crystals"
"-97.86","55.80","THOMPSON A","5062921","2022-02-03 13:00","2022","02","03","13:00","-25.6","","-31.3","","60","","","","23","","18","","24.1","","99.63","","","","-37","","Ice Crystals"
"-97.86","55.80","THOMPSON A","5062921","2022-02-03 14:00","2022","02","03","14:00","-24.4","","-30.3","","59","","","","24","","18","","24.1","","99.65","","","","-35","","NA"
"-97.86","55.80","THOMPSON A","5062921","2022-02-03 15:00","2022","02","03","15:00","-24.0","","-29.9","","59","","","","25","","15","","24.1","","99.64","","","","-34","","Clear"
"-97.86","55.80","THOMPSON A","5062921","2022-02-03 16:00","2022","02","03","16:00","-24.5","","-30.2","","60","","","","26","","14","","24.1","","99.66","","","","-34","","NA"
"-97.86","55.80","THOMPSON A","5062921","2022-02-03 17:00","2022","02","03","17:00","-25.1","","-30.3","","63","","","","25","","15","","24.1","","99.71","","","","-35","","NA"
"-97.86","55.80","THOMPSON A","5062921","2022-02-03 18:00","2022","02","03","18:00","-27.0","","-31.1","","69","","","","27","","13","","24.1","","99.77","","","","-37","","Clear"
"-97.86","55.80","THOMPSON A","5062921","2022-02-03 19:00","2022","02","03","19:00","-27.9","","-31.8","","70","","","","26","","14","","24.1","","99.78","","","","-38","","NA"
"-97.86","55.80","THOMPSON A","5062921","2022-02-03 20:00","2022","02","03","20:00","-29.6","","-33.0","","73","","","","27","","9","","24.1","","99.84","","","","-38","","NA"
"-97.86","55.80","THOMPSON A","5062921","2022-02-03 21:00","2022","02","03","21:00","-29.3","","-32.6","","74","","","","28","","9","","24.1","","99.87","","","","-38","","Clear"
"-97.86","55.80","THOMPSON A","5062921","2022-02-03 22:00","2022","02","03","22:00","-29.2","","-32.4","","74","","","","30","","13","","24.1","","99.95","","","","-40","","NA"
"-97.86","55.80","THOMPSON A","5062921","2022-02-03 23:00","2022","02","03","23:00","-30.1","","-33.5","","73","","","","30","","8","","24.1","","99.98","","","","-38","","NA"
"-97.86","55.80","THOMPSON A","5062921","2022-02-04 00:00","2022","02","04","00:00","-30.5","","-33.6","","75","","","","28","","6","","24.1","","100.04","","","","-37","","Clear"
"-97.86","55.80","THOMPSON A","5062921","2022-02-04 01:00","2022","02","04","01:00","-31.1","","-34.3","","74","","","","29","","6","","24.1","","100.09","","","","-38","","NA"
"-97.86","55.80","THOMPSON A","5062921","2022-02-04 02:00","2022","02","04","02:00","-32.2","","-35.4","","74","","","","28","","12","","24.1","","100.12","","","","-43","","NA"
"-97.86","55.80","THOMPSON A","5062921","2022-02-04 03:00","2022","02","04","03:00","-32.2","","-35.5","","74","","","","29","","9","","24.1","","100.17","","","","-41","","Clear"
"-97.86","55.80","THOMPSON A","5062921","2022-02-04 04:00","2022","02","04","04:00","-33.2","","-36.3","","74","","","","29","","10","","24.1","","100.17","","","","-43","","NA"
"-97.86","55.80","THOMPSON A","5062921","2022-02-04 05:00","2022","02","04","05:00","-35.3","","-38.5","","73","","","","26","","12","","24.1","","100.20","","","","-47","","NA"
"-97.86","55.80","THOMPSON A","5062921","2022-02-04 06:00","2022","02","04","06:00","-35.4","","-38.6","","73","","","","27","","7","","24.1","","100.16","","","","-44","","Clear"
"-97.86","55.80","THOMPSON A","5062921","2022-02-04 07:00","2022","02","04","07:00","-36.3","","-39.5","","73","","","","26","","8","","24.1","","100.15","","","","-45","","NA"
"-97.86","55.80","THOMPSON A","5062921","2022-02-04 08:00","2022","02","04","08:00","-36.5","","-39.6","","74","","","","26","","10","","24.1","","100.12","","","","-47","","NA"
"-97.86","55.80","THOMPSON A","5062921","2022-02-04 09:00","2022","02","04","09:00","-35.1","","-38.4","","73","","","","25","","14","","24.1","","100.14","","","","-47","","Clear"
"-97.86","55.80","THOMPSON A","5062921","2022-02-04 10:00","2022","02","04","10:00","-33.2","","-36.8","","71","","","","25","","5","","24.1","","100.11","","","","-39","","NA"
"-97.86","55.80","THOMPSON A","5062921","2022-02-04 11:00","2022","02","04","11:00","-30.4","","-34.4","","68","","","","25","","12","","24.1","","100.10","","","","-41","","NA"
"-97.86","55.80","THOMPSON A","5062921","2022-02-04 12:00","2022","02","04","12:00","-27.7","","-32.4","","65","","","","26","","14","","24.1","","100.07","","","","-38","","Clear"
"-97.86","55.80","THOMPSON A","5062921","2022-02-04 13:00","2022","02","04","13:00","-25.9","","-31.1","","63","","","","25","","15","","24.1","","99.99","","","","-36","","NA"
"-97.86","55.80","THOMPSON A","5062921","2022-02-04 14:00","2022","02","04","14:00","-24.2","","-29.9","","60","","","","24","","13","","24.1","","99.90","","","","-34","","NA"
"-97.86","55.80","THOMPSON A","5062921","2022-02-04 15:00","2022","02","04","15:00","-22.9","","-28.9","","59","","","","23","","13","","24.1","","99.86","","","","-32","","Clear"
"-97.86","55.80","THOMPSON A","5062921","2022-02-04 16:00","2022","02","04","16:00","-22.9","","-28.7","","60","","","","23","","13","","24.1","","99.84","","","","-32","","NA"
"-97.86","55.80","THOMPSON A","5062921","2022-02-04 17:00","2022","02","04","17:00","-25.9","","-30.3","","67","","","","22","","10","","24.1","","99.82","","","","-34","","NA"
"-97.86","55.80","THOMPSON A","5062921","2022-02-04 18:00","2022","02","04","18:00","-28.2","","-32.0","","70","","","","22","","9","","24.1","","99.82","","","","-36","","Mainly Clear"
"-97.86","55.80","THOMPSON A","5062921","2022-02-04 19:00","2022","02","04","19:00","-27.5","","-31.5","","70","","","","23","","10","","24.1","","99.76","","","","-36","","NA"
"-97.86","55.80","THOMPSON A","5062921","2022-02-04 20:00","2022","02","04","20:00","-28.8","","-32.1","","73","","","","23","","9","","24.1","","99.70","","","","-37","","NA"
"-97.86","55.80","THOMPSON A","5062921","2022-02-04 21:00","2022","02","04","21:00","-30.3","","-33.0","","77","","","","24","","7","","24.1","","99.62","","","","-38","","Clear"
"-97.86","55.80","THOMPSON A","5062921","2022-02-04 22:00","2022","02","04","22:00","-31.0","","-33.7","","77","","","","36","","2","","24.1","","99.59","","","","-33","","NA"
"-97.86","55.80","THOMPSON A","5062921","2022-02-04 23:00","2022","02","04","23:00","-32.4","","-35.5","","75","","","","18","","4","","24.1","","99.51","","","","-37","","NA"
"-97.86","55.80","THOMPSON A","5062921","2022-02-05 00:00","2022","02","05","00:00","-33.4","","-36.4","","75","","","","36","","2","","24.1","","99.44","","","","-36","","Clear"
"-97.86","55.80","THOMPSON A","5062921","2022-02-05 01:00","2022","02","05","01:00","-36.4","","-39.7","","72","","","","36","","1","","24.1","","99.45","","","","-38","","NA"
"-97.86","55.80","THOMPSON A","5062921","2022-02-05 02:00","2022","02","05","02:00","-37.4","","-40.8","","71","","","","36","","1","","24.1","","99.36","","","","-39","","NA"
"-97.86","55.80","THOMPSON A","5062921","2022-02-05 03:00","2022","02","05","03:00","-37.6","","-41.0","","71","","","","36","","1","","24.1","","99.33","","","","-39","","Mainly Clear"
"-97.86","55.80","THOMPSON A","5062921","2022-02-05 04:00","2022","02","05","04:00","-39.6","","-43.2","","70","","","","36","","2","","24.1","","99.28","","","","-42","","NA"
"-97.86","55.80","THOMPSON A","5062921","2022-02-05 05:00","2022","02","05","05:00","-40.5","","-44.1","","69","","","","36","","3","","24.1","","99.24","","","","-45","","NA"
"-97.86","55.80","THOMPSON A","5062921","2022-02-05 06:00","2022","02","05","06:00","-41.6","","-45.3","","69","","","","5","","4","","24.1","","99.26","","","","-47","","Mainly Clear"
"-97.86","55.80","THOMPSON A","5062921","2022-02-05 07:00","2022","02","05","07:00","-41.0","","-44.7","","69","","","","3","","4","","24.1","","99.26","","","","-47","","Ice Crystals"
"-97.86","55.80","THOMPSON A","5062921","2022-02-05 08:00","2022","02","05","08:00","-41.3","","-45.0","","68","","","","36","","2","","24.1","","99.23","","","","-44","","NA"
"-97.86","55.80","THOMPSON A","5062921","2022-02-05 09:00","2022","02","05","09:00","-41.2","","-45.0","","68","","","","36","","2","","24.1","","99.24","","","","-44","","Ice Crystals"
"-97.86","55.80","THOMPSON A","5062921","2022-02-05 10:00","2022","02","05","10:00","-38.1","","-41.9","","68","","","","36","","1","","24.1","","99.26","","","","-39","","Ice Crystals"
"-97.86","55.80","THOMPSON A","5062921","2022-02-05 11:00","2022","02","05","11:00","-32.4","","-35.6","","74","","","","36","","3","","24.1","","99.28","","","","-36","","Ice Crystals"
"-97.86","55.80","THOMPSON A","5062921","2022-02-05 12:00","2022","02","05","12:00","-28.0","","-31.9","","70","","","","26","","5","","24.1","","99.32","","","","-33","","Ice Crystals"
"-97.86","55.80","THOMPSON A","5062921","2022-02-05 13:00","2022","02","05","13:00","-24.6","","-29.5","","65","","","","6","","3","","24.1","","99.28","","","","-28","","Ice Crystals"
"-97.86","55.80","THOMPSON A","5062921","2022-02-05 14:00","2022","02","05","14:00","-23.3","","-28.9","","60","","","","4","","7","","24.1","","99.24","","","","-29","","Ice Crystals"
"-97.86","55.80","THOMPSON A","5062921","2022-02-05 15:00","2022","02","05","15:00","-23.3","","-28.9","","61","","","","5","","8","","24.1","","99.25","","","","-30","","Ice Crystals"
"-97.86","55.80","THOMPSON A","5062921","2022-02-05 16:00","2022","02","05","16:00","-23.3","","-28.6","","62","","","","4","","6","","24.1","","99.31","","","","-29","","Ice Crystals"
"-97.86","55.80","THOMPSON A","5062921","2022-02-05 17:00","2022","02","05","17:00","-23.7","","-28.6","","64","","","","6","","5","","24.1","","99.38","","","","-28","","Ice Crystals"
"-97.86","55.80","THOMPSON A","5062921","2022-02-05 18:00","2022","02","05","18:00","-25.4","","-29.3","","71","","","","4","","7","","24.1","","99.41","","","","-32","","Ice Crystals"
"-97.86","55.80","THOMPSON A","5062921","2022-02-05 19:00","2022","02","05","19:00","-26.9","","-29.9","","76","","","","3","","7","","24.1","","99.49","","","","-34","","NA"
"-97.86","55.80","THOMPSON A","5062921","2022-02-05 20:00","2022","02","05","20:00","-31.2","","-34.2","","76","","","","3","","5","","24.1","","99.55","","","","-37","","NA"
"-97.86","55.80","THOMPSON A","5062921","2022-02-05 21:00","2022","02","05","21:00","-33.5","","-36.6","","74","","","","36","","2","","24.1","","99.59","","","","-36","","Mainly Clear"
"-97.86","55.80","THOMPSON A","5062921","2022-02-05 22:00","2022","02","05","22:00","-33.3","","-36.4","","75","","","","36","","3","","24.1","","99.66","","","","-37","","NA"
"-97.86","55.80","THOMPSON A","5062921","2022-02-05 23:00","2022","02","05","23:00","-34.5","","-37.5","","75","","","","36","","1","","24.1","","99.66","","","","-36","","NA"
"-97.86","55.80","THOMPSON A","5062921","2022-02-06 00:00","2022","02","06","00:00","-36.1","","-39.5","","72","","","","2","","4","","24.1","","99.71","","","","-41","","Ice Crystals"
"-97.86","55.80","THOMPSON A","5062921","2022-02-06 01:00","2022","02","06","01:00","-32.8","","-35.8","","75","","","","2","","8","","24.1","","99.71","","","","-41","","Ice Crystals"
"-97.86","55.80","THOMPSON A","5062921","2022-02-06 02:00","2022","02","06","02:00","-38.1","","-41.6","","71","","","","36","","1","","24.1","","99.75","","","","-39","","Ice Crystals"
"-97.86","55.80","THOMPSON A","5062921","2022-02-06 03:00","2022","02","06","03:00","-37.5","","-41.0","","71","","","","36","","1","","24.1","","99.78","","","","-39","","Ice Crystals"
"-97.86","55.80","THOMPSON A","5062921","2022-02-06 04:00","2022","02","06","04:00","-38.2","","-41.8","","70","","","","36","","3","","24.1","","99.79","","","","-42","","Ice Crystals"
"-97.86","55.80","THOMPSON A","5062921","2022-02-06 05:00","2022","02","06","05:00","-37.2","","-40.8","","70","","","","36","","2","","24.1","","99.83","","","","-40","","Ice Crystals"
"-97.86","55.80","THOMPSON A","5062921","2022-02-06 06:00","2022","02","06","06:00","-36.9","","-40.5","","70","","","","36","","2","","24.1","","99.85","","","","-40","","Ice Crystals"
"-97.86","55.80","THOMPSON A","5062921","2022-02-06 07:00","2022","02","06","07:00","-38.1","","-41.8","","69","","","","36","","1","","24.1","","99.85","","","","-39","","Ice Crystals"
"-97.86","55.80","THOMPSON A","5062921","2022-02-06 08:00","2022","02","06","08:00","-38.5","","-42.2","","69","","","","36","","2","","24.1","","99.88","","","","-41","","Ice Crystals"
"-97.86","55.80","THOMPSON A","5062921","2022-02-06 09:00","2022","02","06","09:00","-39.4","","-43.1","","69","","","","36","","1","","24.1","","99.87","","","","-41","","Ice Crystals"
"-97.86","55.80","THOMPSON A","5062921","2022-02-06 10:00","2022","02","06","10:00","-36.4","","-40.0","","70","","","","20","","3","","24.1","","99.84","","","","-40","","Ice Crystals"
"-97.86","55.80","THOMPSON A","5062921","2022-02-06 11:00","2022","02","06","11:00","-30.5","","-33.9","","73","","","","24","","5","","24.1","","99.85","","","","-36","","NA"
"-97.86","55.80","THOMPSON A","5062921","2022-02-06 12:00","2022","02","06","12:00","-24.4","","-29.1","","66","","","","20","","7","","24.1","","99.75","","","","-31","","Mainly Clear"
"-97.86","55.80","THOMPSON A","5062921","2022-02-06 13:00","2022","02","06","13:00","-22.2","","-28.2","","59","","","","20","","11","","24.1","","99.60","","","","-30","","NA"
"-97.86","55.80","THOMPSON A","5062921","2022-02-06 14:00","2022","02","06","14:00","-20.3","","-27.5","","53","","","","16","","12","","24.1","","99.43","","","","-28","","NA"
"-97.86","55.80","THOMPSON A","5062921","2022-02-06 15:00","2022","02","06","15:00","-19.9","","-27.3","","52","","","","19","","14","","24.1","","99.35","","","","-29","","Mainly Clear"
"-97.86","55.80","THOMPSON A","5062921","2022-02-06 16:00","2022","02","06","16:00","-20.1","","-26.5","","58","","","","17","","8","","24.1","","99.28","","","","-26","","NA"
"-97.86","55.80","THOMPSON A","5062921","2022-02-06 17:00","2022","02","06","17:00","-21.2","","-26.3","","65","","","","16","","6","","24.1","","99.17","","","","-26","","NA"
"-97.86","55.80","THOMPSON A","5062921","2022-02-06 18:00","2022","02","06","18:00","-22.0","","-26.4","","68","","","","16","","6","","24.1","","99.05","","","","-27","","Mostly Cloudy"
"-97.86","55.80","THOMPSON A","5062921","2022-02-06 19:00","2022","02","06","19:00","-21.6","","-26.0","","68","","","","16","","8","","24.1","","98.93","","","","-28","","NA"
"-97.86","55.80","THOMPSON A","5062921","2022-02-06 20:00","2022","02","06","20:00","-21.6","","-25.7","","70","","","","17","","9","","24.1","","98.83","","","","-29","","NA"
"-97.86","55.80","THOMPSON A","5062921","2022-02-06 21:00","2022","02","06","21:00","-21.2","","-24.9","","73","","","","18","","8","","24.1","","98.75","","","","-28","","Cloudy"
"-97.86","55.80","THOMPSON A","5062921","2022-02-06 22:00","2022","02","06","22:00","-20.6","","-23.8","","76","","","","17","","8","","24.1","","98.60","","","","-27","","NA"
"-97.86","55.80","THOMPSON A","5062921","2022-02-06 23:00","2022","02","06","23:00","-19.7","","-23.0","","76","","","","18","","11","","24.1","","98.53","","","","-27","","NA"
"-97.86","55.80","THOMPSON A","5062921","2022-02-07 00:00","2022","02","07","00:00","-19.2","","-22.5","","75","","","","19","","13","","8.1","","98.43","","","","-27","","Snow"
"-97.86","55.80","THOMPSON A","5062921","2022-02-07 01:00","2022","02","07","01:00","-19.1","","-22.2","","77","","","","18","","14","","12.9","","98.29","","","","-28","","Snow"
"-97.86","55.80","THOMPSON A","5062921","2022-02-07 02:00","2022","02","07","02:00","-18.4","","-21.5","","77","","","","18","","12","","19.3","","98.20","","","","-26","","Snow"
"-97.86","55.80","THOMPSON A","5062921","2022-02-07 03:00","2022","02","07","03:00","-17.8","","-20.9","","77","","","","21","","13","","24.1","","98.10","","","","-26","","Snow"
"-97.86","55.80","THOMPSON A","5062921","2022-02-07 04:00","2022","02","07","04:00","-17.3","","-20.3","","78","","","","21","","17","","24.1","","98.03","","","","-26","","Snow,Blowing Snow"
"-97.86","55.80","THOMPSON A","5062921","2022-02-07 05:00","2022","02","07","05:00","-17.0","","-19.7","","80","","","","19","","18","","4.8","","97.83","","","","-26","","Snow,Blowing Snow"
"-97.86","55.80","THOMPSON A","5062921","2022-02-07 06:00","2022","02","07","06:00","-16.2","","-19.0","","79","","","","22","","17","","8.1","","97.82","","","","-25","","Snow,Blowing Snow"
"-97.86","55.80","THOMPSON A","5062921","2022-02-07 07:00","2022","02","07","07:00","-15.9","","-18.3","","82","","","","20","","14","","3.2","","97.70","","","","-24","","Snow"
"-97.86","55.80","THOMPSON A","5062921","2022-02-07 08:00","2022","02","07","08:00","-15.6","","-18.0","","82","","","","21","","13","","19.3","","97.65","","","","-23","","Snow"
"-97.86","55.80","THOMPSON A","5062921","2022-02-07 09:00","2022","02","07","09:00","-15.2","","-17.5","","83","","","","20","","13","","9.7","","97.59","","","","-23","","Snow"
"-97.86","55.80","THOMPSON A","5062921","2022-02-07 10:00","2022","02","07","10:00","-14.2","","-16.5","","83","","","","22","","13","","6.4","","97.55","","","","-21","","Snow"
"-97.86","55.80","THOMPSON A","5062921","2022-02-07 11:00","2022","02","07","11:00","-12.9","","-15.2","","83","","","","20","","16","","8.1","","97.46","","","","-21","","Snow"
"-97.86","55.80","THOMPSON A","5062921","2022-02-07 12:00","2022","02","07","12:00","-11.5","","-14.1","","81","","","","20","","15","","19.3","","97.44","","","","-19","","Snow"
"-97.86","55.80","THOMPSON A","5062921","2022-02-07 13:00","2022","02","07","13:00","-9.5","","-12.7","","78","","","","20","","16","","24.1","","97.33","","","","-16","","NA"
"-97.86","55.80","THOMPSON A","5062921","2022-02-07 14:00","2022","02","07","14:00","-7.9","","-11.4","","76","","","","21","","16","","24.1","","97.28","","","","-14","","NA"
"-97.86","55.80","THOMPSON A","5062921","2022-02-07 15:00","2022","02","07","15:00","-6.8","","-10.5","","75","","","","20","","13","","24.1","","97.18","","","","-12","","Mainly Clear"
"-97.86","55.80","THOMPSON A","5062921","2022-02-07 16:00","2022","02","07","16:00","-6.2","","-9.7","","76","","","","20","","16","","24.1","","97.12","","","","-12","","NA"
"-97.86","55.80","THOMPSON A","5062921","2022-02-07 17:00","2022","02","07","17:00","-7.3","","-9.8","","82","","","","18","","6","","24.1","","97.08","","","","-10","","NA"
"-97.86","55.80","THOMPSON A","5062921","2022-02-07 18:00","2022","02","07","18:00","-7.6","","-10.0","","83","","","","19","","8","","24.1","","97.07","","","","-12","","Mostly Cloudy"
"-97.86","55.80","THOMPSON A","5062921","2022-02-07 19:00","2022","02","07","19:00","-7.6","","-9.8","","84","","","","17","","7","","24.1","","96.95","","","","-11","","NA"
"-97.86","55.80","THOMPSON A","5062921","2022-02-07 20:00","2022","02","07","20:00","-8.0","","-10.1","","85","","","","18","","7","","24.1","","96.88","","","","-12","","NA"
"-97.86","55.80","THOMPSON A","5062921","2022-02-07 21:00","2022","02","07","21:00","-8.1","","-10.3","","84","","","","20","","9","","24.1","","96.88","","","","-13","","Mostly Cloudy"
"-97.86","55.80","THOMPSON A","5062921","2022-02-07 22:00","2022","02","07","22:00","-8.6","","-10.6","","86","","","","18","","5","","24.1","","96.86","","","","-11","","NA"
"-97.86","55.80","THOMPSON A","5062921","2022-02-07 23:00","2022","02","07","23:00","-8.4","","-10.5","","85","","","","18","","5","","24.1","","96.84","","","","-11","","NA"
"-97.86","55.80","THOMPSON A","5062921","2022-02-08 00:00","2022","02","08","00:00","-8.4","","-10.5","","85","","","","18","","6","","24.1","","96.84","","","","-12","","Mostly Cloudy"
"-97.86","55.80","THOMPSON A","5062921","2022-02-08 01:00","2022","02","08","01:00","-8.6","","-10.7","","85","","","","11","","4","","24.1","","96.77","","","","-11","","NA"
"-97.86","55.80","THOMPSON A","5062921","2022-02-08 02:00","2022","02","08","02:00","-8.7","","-10.8","","85","","","","17","","7","","24.1","","96.80","","","","-13","","NA"
"-97.86","55.80","THOMPSON A","5062921","2022-02-08 03:00","2022","02","08","03:00","-8.6","","-10.7","","85","","","","21","","7","","24.1","","96.81","","","","-12","","Cloudy"
"-97.86","55.80","THOMPSON A","5062921","2022-02-08 04:00","2022","02","08","04:00","-8.4","","-10.6","","85","","","","19","","7","","24.1","","96.79","","","","-12","","NA"
"-97.86","55.80","THOMPSON A","5062921","2022-02-08 05:00","2022","02","08","05:00","-8.4","","-10.4","","86","","","","18","","4","","24.1","","96.79","","","","-11","","NA"
"-97.86","55.80","THOMPSON A","5062921","2022-02-08 06:00","2022","02","08","06:00","-8.4","","-10.2","","87","","","","36","","1","","4.8","","96.85","","","","-9","","Snow"
"-97.86","55.80","THOMPSON A","5062921","2022-02-08 07:00","2022","02","08","07:00","-8.3","","-9.9","","88","","","","9","","4","","8.1","","96.89","","","","-10","","Snow"
"-97.86","55.80","THOMPSON A","5062921","2022-02-08 08:00","2022","02","08","08:00","-8.0","","-9.5","","89","","","","33","","7","","8.1","","96.97","","","","-12","","Snow"
"-97.86","55.80","THOMPSON A","5062921","2022-02-08 09:00","2022","02","08","09:00","-7.5","","-9.1","","89","","","","1","","8","","16.1","","97.06","","","","-12","","Snow"
"-97.86","55.80","THOMPSON A","5062921","2022-02-08 10:00","2022","02","08","10:00","-7.1","","-8.7","","89","","","","1","","13","","6.4","","97.17","","","","-13","","Snow"
"-97.86","55.80","THOMPSON A","5062921","2022-02-08 11:00","2022","02","08","11:00","-6.9","","-8.6","","88","","","","2","","14","","4.8","","97.25","","","","-13","","Snow"
"-97.86","55.80","THOMPSON A","5062921","2022-02-08 12:00","2022","02","08","12:00","-6.2","","-8.5","","84","","","","36","","20","","24.1","","97.35","","","","-13","","Snow"
"-97.86","55.80","THOMPSON A","5062921","2022-02-08 13:00","2022","02","08","13:00","-7.0","","-9.6","","82","","","","1","","22","","19.3","","97.44","","","","-14","","Snow,Blowing Snow"
"-97.86","55.80","THOMPSON A","5062921","2022-02-08 14:00","2022","02","08","14:00","-7.2","","-10.1","","80","","","","36","","23","","24.1","","97.53","","","","-15","","Snow"
"-97.86","55.80","THOMPSON A","5062921","2022-02-08 15:00","2022","02","08","15:00","-7.4","","-10.3","","79","","","","1","","16","","24.1","","97.65","","","","-14","","Snow"
"-97.86","55.80","THOMPSON A","5062921","2022-02-08 16:00","2022","02","08","16:00","-8.0","","-10.9","","80","","","","36","","21","","8.1","","97.79","","","","-16","","Snow,Blowing Snow"
"-97.86","55.80","THOMPSON A","5062921","2022-02-08 17:00","2022","02","08","17:00","-9.2","","-12.0","","80","","","","1","","17","","16.1","","97.88","","","","-16","","Snow,Blowing Snow"
"-97.86","55.80","THOMPSON A","5062921","2022-02-08 18:00","2022","02","08","18:00","-10.3","","-13.7","","76","","","","36","","23","","8.1","","97.98","","","","-19","","Snow,Blowing Snow"
"-97.86","55.80","THOMPSON A","5062921","2022-02-08 19:00","2022","02","08","19:00","-10.9","","-13.4","","82","","","","35","","16","","9.7","","98.08","","","","-18","","Snow,Blowing Snow"
"-97.86","55.80","THOMPSON A","5062921","2022-02-08 20:00","2022","02","08","20:00","-11.7","","-14.6","","79","","","","36","","17","","9.7","","98.19","","","","-19","","Snow,Blowing Snow"
"-97.86","55.80","THOMPSON A","5062921","2022-02-08 21:00","2022","02","08","21:00","-12.6","","-15.8","","77","","","","2","","24","","8.1","","98.25","","","","-22","","Snow,Blowing Snow"
"-97.86","55.80","THOMPSON A","5062921","2022-02-08 22:00","2022","02","08","22:00","-13.7","","-17.2","","75","","","","2","","21","","16.1","","98.32","","","","-23","","Snow,Blowing Snow"
"-97.86","55.80","THOMPSON A","5062921","2022-02-08 23:00","2022","02","08","23:00","-14.5","","-18.2","","74","","","","1","","23","","24.1","","98.38","","","","-24","","Snow,Blowing Snow"
"-97.86","55.80","THOMPSON A","5062921","2022-02-09 00:00","2022","02","09","00:00","-15.1","","-18.8","","74","","","","1","","15","","24.1","","98.42","","","","-23","","Snow,Blowing Snow"
"-97.86","55.80","THOMPSON A","5062921","2022-02-09 01:00","2022","02","09","01:00","-16.2","","-19.5","","76","","","","36","","21","","8.1","","98.54","","","","-26","","Snow,Blowing Snow"
"-97.86","55.80","THOMPSON A","5062921","2022-02-09 02:00","2022","02","09","02:00","-17.1","","-20.4","","76","","","","1","","14","","24.1","","98.62","","","","-25","","Snow,Blowing Snow"
"-97.86","55.80","THOMPSON A","5062921","2022-02-09 03:00","2022","02","09","03:00","-17.6","","-21.0","","75","","","","35","","12","","24.1","","98.68","","","","-25","","Snow"
"-97.86","55.80","THOMPSON A","5062921","2022-02-09 04:00","2022","02","09","04:00","-18.5","","-22.2","","73","","","","36","","19","","24.1","","98.72","","","","-28","","NA"
"-97.86","55.80","THOMPSON A","5062921","2022-02-09 05:00","2022","02","09","05:00","-19.0","","-22.5","","75","","","","35","","16","","24.1","","98.78","","","","-28","","NA"
"-97.86","55.80","THOMPSON A","5062921","2022-02-09 06:00","2022","02","09","06:00","-19.8","","-23.6","","72","","","","36","","17","","24.1","","98.87","","","","-29","","Cloudy"
"-97.86","55.80","THOMPSON A","5062921","2022-02-09 07:00","2022","02","09","07:00","-19.9","","-23.6","","73","","","","35","","17","","24.1","","98.94","","","","-30","","NA"
"-97.86","55.80","THOMPSON A","5062921","2022-02-09 08:00","2022","02","09","08:00","-20.2","","-23.8","","74","","","","35","","8","","24.1","","98.95","","","","-26","","NA"
"-97.86","55.80","THOMPSON A","5062921","2022-02-09 09:00","2022","02","09","09:00","-20.2","","-23.9","","73","","","","36","","10","","24.1","","99.02","","","","-27","","Mostly Cloudy"
"-97.86","55.80","THOMPSON A","5062921","2022-02-09 10:00","2022","02","09","10:00","-20.0","","-24.0","","71","","","","36","","12","","24.1","","99.06","","","","-28","","NA"
"-97.86","55.80","THOMPSON A","5062921","2022-02-09 11:00","2022","02","09","11:00","-20.0","","-24.2","","70","","","","31","","9","","24.1","","99.09","","","","-27","","NA"
"-97.86","55.80","THOMPSON A","5062921","2022-02-09 12:00","2022","02","09","12:00","-19.9","","-24.7","","66","","","","32","","5","","24.1","","99.08","","","","-24","","Mainly Clear"
"-97.86","55.80","THOMPSON A","5062921","2022-02-09 13:00","2022","02","09","13:00","-18.6","","-24.3","","62","","","","31","","9","","24.1","","99.02","","","","-25","","NA"
"-97.86","55.80","THOMPSON A","5062921","2022-02-09 14:00","2022","02","09","14:00","-17.9","","-24.6","","57","","","","33","","8","","24.1","","99.02","","","","-24","","NA"
"-97.86","55.80","THOMPSON A","5062921","2022-02-09 15:00","2022","02","09","15:00","-17.8","","-24.6","","56","","","","1","","10","","24.1","","98.99","","","","-25","","Mainly Clear"
"-97.86","55.80","THOMPSON A","5062921","2022-02-09 16:00","2022","02","09","16:00","-19.1","","-25.0","","60","","","","2","","7","","24.1","","98.96","","","","-25","","NA"
"-97.86","55.80","THOMPSON A","5062921","2022-02-09 17:00","2022","02","09","17:00","-18.4","","-23.9","","62","","","","2","","8","","24.1","","98.95","","","","-24","","NA"
"-97.86","55.80","THOMPSON A","5062921","2022-02-09 18:00","2022","02","09","18:00","-18.4","","-23.6","","64","","","","5","","10","","24.1","","98.90","","","","-25","","Cloudy"
"-97.86","55.80","THOMPSON A","5062921","2022-02-09 19:00","2022","02","09","19:00","-18.1","","-23.1","","66","","","","1","","3","","24.1","","98.93","","","","-21","","NA"
"-97.86","55.80","THOMPSON A","5062921","2022-02-09 20:00","2022","02","09","20:00","-18.6","","-23.5","","66","","","","7","","5","","24.1","","98.87","","","","-23","","NA"
"-97.86","55.80","THOMPSON A","5062921","2022-02-09 21:00","2022","02","09","21:00","-19.0","","-23.7","","67","","","","8","","7","","24.1","","98.80","","","","-24","","Cloudy"
"-97.86","55.80","THOMPSON A","5062921","2022-02-09 22:00","2022","02","09","22:00","-19.1","","-23.7","","68","","","","8","","7","","24.1","","98.70","","","","-25","","NA"
"-97.86","55.80","THOMPSON A","5062921","2022-02-09 23:00","2022","02","09","23:00","-19.5","","-24.0","","68","","","","10","","5","","24.1","","98.58","","","","-24","","NA"
"-97.86","55.80","THOMPSON A","5062921","2022-02-10 00:00","2022","02","10","00:00","-19.7","","-23.8","","71","","","","9","","6","","24.1","","98.40","","","","-25","","Snow"
"-97.86","55.80","THOMPSON A","5062921","2022-02-10 01:00","2022","02","10","01:00","-20.1","","-23.4","","76","","","","9","","6","","6.4","","98.27","","","","-25","","Snow"
"-97.86","55.80","THOMPSON A","5062921","2022-02-10 02:00","2022","02","10","02:00","-20.4","","-23.3","","78","","","","11","","4","","4.8","","98.14","","","","-24","","Snow"
"-97.86","55.80","THOMPSON A","5062921","2022-02-10 03:00","2022","02","10","03:00","-20.6","","-23.6","","78","","","","9","","10","","6.4","","98.03","","","","-28","","Snow"
"-97.86","55.80","THOMPSON A","5062921","2022-02-10 04:00","2022","02","10","04:00","-21.1","","-24.0","","78","","","","9","","9","","8.1","","97.89","","","","-28","","Snow"
"-97.86","55.80","THOMPSON A","5062921","2022-02-10 05:00","2022","02","10","05:00","-21.2","","-24.1","","78","","","","8","","12","","6.4","","97.72","","","","-29","","Snow"
"-97.86","55.80","THOMPSON A","5062921","2022-02-10 06:00","2022","02","10","06:00","-21.6","","-24.5","","78","","","","7","","16","","4.8","","97.59","","","","-31","","Snow,Blowing Snow"
"-97.86","55.80","THOMPSON A","5062921","2022-02-10 07:00","2022","02","10","07:00","-21.9","","-24.9","","77","","","","8","","15","","4.8","","97.54","","","","-31","","Snow,Blowing Snow"
"-97.86","55.80","THOMPSON A","5062921","2022-02-10 08:00","2022","02","10","08:00","-22.1","","-25.1","","77","","","","6","","18","","3.2","","97.47","","","","-33","","Snow,Blowing Snow"
"-97.86","55.80","THOMPSON A","5062921","2022-02-10 09:00","2022","02","10","09:00","-22.2","","-25.3","","76","","","","6","","18","","9.7","","97.47","","","","-33","","Snow,Blowing Snow"
"-97.86","55.80","THOMPSON A","5062921","2022-02-10 10:00","2022","02","10","10:00","-22.0","","-25.4","","74","","","","7","","22","","8.1","","97.49","","","","-34","","Snow,Blowing Snow"
"-97.86","55.80","THOMPSON A","5062921","2022-02-10 11:00","2022","02","10","11:00","-22.3","","-25.9","","73","","","","7","","21","","4.8","","97.50","","","","-34","","Snow,Blowing Snow"
"-97.86","55.80","THOMPSON A","5062921","2022-02-10 12:00","2022","02","10","12:00","-22.3","","-26.1","","72","","","","6","","26","","6.4","","97.57","","","","-35","","Snow,Blowing Snow"
"-97.86","55.80","THOMPSON A","5062921","2022-02-10 13:00","2022","02","10","13:00","-22.7","","-26.5","","71","","","","5","","26","","6.4","","97.64","","","","-35","","Snow,Blowing Snow"
"-97.86","55.80","THOMPSON A","5062921","2022-02-10 14:00","2022","02","10","14:00","-23.2","","-27.0","","71","","","","4","","24","","4.8","","97.76","","","","-36","","Snow,Blowing Snow"
"-97.86","55.80","THOMPSON A","5062921","2022-02-10 15:00","2022","02","10","15:00","-23.2","","-27.3","","70","","","","4","","28","","8.1","","97.91","","","","-36","","Snow,Blowing Snow"
"-97.86","55.80","THOMPSON A","5062921","2022-02-10 16:00","2022","02","10","16:00","-22.9","","-27.4","","68","","","","4","","31","","12.9","","98.05","","","","-37","","Snow,Blowing Snow"
"-97.86","55.80","THOMPSON A","5062921","2022-02-10 17:00","2022","02","10","17:00","-23.2","","-27.1","","71","","","","3","","27","","8.1","","98.23","","","","-36","","Snow,Blowing Snow"
"-97.86","55.80","THOMPSON A","5062921","2022-02-10 18:00","2022","02","10","18:00","-24.2","","-28.0","","71","","","","3","","28","","12.9","","98.44","","","","-38","","Snow,Blowing Snow"
"-97.86","55.80","THOMPSON A","5062921","2022-02-10 19:00","2022","02","10","19:00","-26.4","","-30.2","","71","","","","3","","22","","24.1","","98.65","","","","-39","","Blowing Snow"
"-97.86","55.80","THOMPSON A","5062921","2022-02-10 20:00","2022","02","10","20:00","-28.4","","-32.0","","71","","","","3","","18","","24.1","","98.87","","","","-40","","Blowing Snow"
"-97.86","55.80","THOMPSON A","5062921","2022-02-10 21:00","2022","02","10","21:00","-29.6","","-33.5","","70","","","","3","","23","","24.1","","99.02","","","","-43","","Blowing Snow"
"-97.86","55.80","THOMPSON A","5062921","2022-02-10 22:00","2022","02","10","22:00","-31.1","","-34.9","","70","","","","3","","16","","24.1","","99.16","","","","-43","","Blowing Snow"
"-97.86","55.80","THOMPSON A","5062921","2022-02-10 23:00","2022","02","10","23:00","-32.0","","-36.1","","68","","","","2","","19","","24.1","","99.32","","","","-45","","Blowing Snow"
"-97.86","55.80","THOMPSON A","5062921","2022-02-11 00:00","2022","02","11","00:00","-33.4","","-37.5","","67","","","","36","","12","","24.1","","99.42","","","","-44","","Blowing Snow"
"-97.86","55.80","THOMPSON A","5062921","2022-02-11 01:00","2022","02","11","01:00","-33.9","","-37.9","","68","","","","34","","10","","24.1","","99.55","","","","-44","","NA"
"-97.86","55.80","THOMPSON A","5062921","2022-02-11 02:00","2022","02","11","02:00","-34.8","","-38.6","","69","","","","34","","11","","24.1","","99.66","","","","-45","","NA"
"-97.86","55.80","THOMPSON A","5062921","2022-02-11 03:00","2022","02","11","03:00","-35.4","","-39.2","","69","","","","34","","12","","24.1","","99.76","","","","-47","","Clear"
"-97.86","55.80","THOMPSON A","5062921","2022-02-11 04:00","2022","02","11","04:00","-35.6","","-39.4","","69","","","","35","","13","","24.1","","99.80","","","","-47","","NA"
"-97.86","55.80","THOMPSON A","5062921","2022-02-11 05:00","2022","02","11","05:00","-36.0","","-39.9","","69","","","","33","","12","","24.1","","99.88","","","","-47","","NA"
"-97.86","55.80","THOMPSON A","5062921","2022-02-11 06:00","2022","02","11","06:00","-36.5","","-40.2","","69","","","","32","","9","","24.1","","99.97","","","","-46","","Clear"
"-97.86","55.80","THOMPSON A","5062921","2022-02-11 07:00","2022","02","11","07:00","-37.1","","-40.8","","69","","","","30","","9","","24.1","","100.07","","","","-47","","NA"
"-97.86","55.80","THOMPSON A","5062921","2022-02-11 08:00","2022","02","11","08:00","-37.0","","-40.6","","70","","","","31","","12","","24.1","","100.13","","","","-49","","NA"
"-97.86","55.80","THOMPSON A","5062921","2022-02-11 09:00","2022","02","11","09:00","-36.6","","-40.4","","69","","","","31","","13","","24.1","","100.23","","","","-49","","Clear"
"-97.86","55.80","THOMPSON A","5062921","2022-02-11 10:00","2022","02","11","10:00","-34.4","","-38.6","","67","","","","30","","9","","24.1","","100.36","","","","-44","","NA"
"-97.86","55.80","THOMPSON A","5062921","2022-02-11 11:00","2022","02","11","11:00","-31.9","","-36.7","","64","","","","31","","12","","24.1","","100.38","","","","-42","","NA"
"-97.86","55.80","THOMPSON A","5062921","2022-02-11 12:00","2022","02","11","12:00","-29.5","","-34.9","","60","","","","29","","13","","24.1","","100.37","","","","-40","","Clear"
"-97.86","55.80","THOMPSON A","5062921","2022-02-11 13:00","2022","02","11","13:00","-27.0","","-33.2","","56","","","","31","","10","","24.1","","100.34","","","","-36","","NA"
"-97.86","55.80","THOMPSON A","5062921","2022-02-11 14:00","2022","02","11","14:00","-24.9","","-31.6","","55","","","","30","","13","","24.1","","100.29","","","","-34","","NA"
"-97.86","55.80","THOMPSON A","5062921","2022-02-11 15:00","2022","02","11","15:00","-24.5","","-31.2","","54","","","","28","","15","","24.1","","100.27","","","","-35","","Clear"
"-97.86","55.80","THOMPSON A","5062921","2022-02-11 16:00","2022","02","11","16:00","-24.9","","-31.5","","55","","","","29","","17","","24.1","","100.34","","","","-36","","NA"
"-97.86","55.80","THOMPSON A","5062921","2022-02-11 17:00","2022","02","11","17:00","-26.2","","-32.2","","57","","","","29","","11","","24.1","","100.36","","","","-35","","NA"
"-97.86","55.80","THOMPSON A","5062921","2022-02-11 18:00","2022","02","11","18:00","-27.2","","-32.4","","62","","","","28","","8","","24.1","","100.34","","","","-35","","Mainly Clear"
"-97.86","55.80","THOMPSON A","5062921","2022-02-11 19:00","2022","02","11","19:00","-29.0","","-33.1","","68","","","","28","","9","","24.1","","100.28","","","","-37","","NA"
"-97.86","55.80","THOMPSON A","5062921","2022-02-11 20:00","2022","02","11","20:00","-29.6","","-33.3","","71","","","","27","","9","","24.1","","100.19","","","","-38","","NA"
"-97.86","55.80","THOMPSON A","5062921","2022-02-11 21:00","2022","02","11","21:00","-29.9","","-33.5","","71","","","","26","","8","","24.1","","100.13","","","","-38","","Mostly Cloudy"
"-97.86","55.80","THOMPSON A","5062921","2022-02-11 22:00","2022","02","11","22:00","-29.2","","-32.8","","72","","","","27","","7","","24.1","","100.06","","","","-36","","NA"
"-97.86","55.80","THOMPSON A","5062921","2022-02-11 23:00","2022","02","11","23:00","-29.3","","-32.9","","72","","","","27","","8","","24.1","","100.01","","","","-37","","NA"
"-97.86","55.80","THOMPSON A","5062921","2022-02-12 00:00","2022","02","12","00:00","-29.2","","-32.5","","74","","","","24","","3","","24.1","","99.90","","","","-33","","Mostly Cloudy"
"-97.86","55.80","THOMPSON A","5062921","2022-02-12 01:00","2022","02","12","01:00","-29.2","","-32.4","","74","","","","22","","8","","24.1","","99.85","","","","-37","","NA"
"-97.86","55.80","THOMPSON A","5062921","2022-02-12 02:00","2022","02","12","02:00","-28.8","","-32.1","","73","","","","25","","6","","24.1","","99.80","","","","-35","","NA"
"-97.86","55.80","THOMPSON A","5062921","2022-02-12 03:00","2022","02","12","03:00","-28.7","","-32.2","","73","","","","24","","7","","24.1","","99.77","","","","-36","","Mostly Cloudy"
"-97.86","55.80","THOMPSON A","5062921","2022-02-12 04:00","2022","02","12","04:00","-28.2","","-31.4","","75","","","","23","","7","","9.7","","99.74","","","","-35","","Snow"
"-97.86","55.80","THOMPSON A","5062921","2022-02-12 05:00","2022","02","12","05:00","-28.4","","-31.5","","76","","","","25","","5","","9.7","","99.74","","","","-34","","Snow"
"-97.86","55.80","THOMPSON A","5062921","2022-02-12 06:00","2022","02","12","06:00","-28.4","","-31.5","","75","","","","29","","8","","9.7","","99.75","","","","-36","","Snow"
"-97.86","55.80","THOMPSON A","5062921","2022-02-12 07:00","2022","02","12","07:00","-28.6","","-31.5","","77","","","","30","","4","","24.1","","99.76","","","","-33","","Snow"
"-97.86","55.80","THOMPSON A","5062921","2022-02-12 08:00","2022","02","12","08:00","-30.7","","-33.7","","75","","","","32","","4","","19.3","","99.81","","","","-35","","Ice Crystals"
"-97.86","55.80","THOMPSON A","5062921","2022-02-12 09:00","2022","02","12","09:00","-30.4","","-33.4","","76","","","","34","","5","","24.1","","99.88","","","","-36","","Ice Crystals"
"-97.86","55.80","THOMPSON A","5062921","2022-02-12 10:00","2022","02","12","10:00","-26.8","","-30.6","","71","","","","32","","13","","24.1","","99.89","","","","-37","","Ice Crystals"
"-97.86","55.80","THOMPSON A","5062921","2022-02-12 11:00","2022","02","12","11:00","-25.7","","-30.3","","66","","","","31","","10","","24.1","","99.97","","","","-34","","Ice Crystals"
"-97.86","55.80","THOMPSON A","5062921","2022-02-12 12:00","2022","02","12","12:00","-23.8","","-29.4","","61","","","","31","","16","","24.1","","99.97","","","","-34","","Ice Crystals"
"-97.86","55.80","THOMPSON A","5062921","2022-02-12 13:00","2022","02","12","13:00","-22.2","","-29.0","","55","","","","35","","13","","24.1","","99.97","","","","-31","","NA"
"-97.86","55.80","THOMPSON A","5062921","2022-02-12 14:00","2022","02","12","14:00","-21.1","","-28.6","","52","","","","30","","10","","24.1","","100.00","","","","-29","","NA"
"-97.86","55.80","THOMPSON A","5062921","2022-02-12 15:00","2022","02","12","15:00","-20.1","","-27.6","","53","","","","30","","10","","24.1","","100.02","","","","-27","","Clear"
"-97.86","55.80","THOMPSON A","5062921","2022-02-12 16:00","2022","02","12","16:00","-20.5","","-28.0","","52","","","","28","","16","","24.1","","100.04","","","","-30","","NA"
"-97.86","55.80","THOMPSON A","5062921","2022-02-12 17:00","2022","02","12","17:00","-21.7","","-28.8","","54","","","","28","","11","","24.1","","100.06","","","","-30","","NA"
"-97.86","55.80","THOMPSON A","5062921","2022-02-12 18:00","2022","02","12","18:00","-23.8","","-29.3","","62","","","","27","","9","","24.1","","100.12","","","","-31","","Mainly Clear"
"-97.86","55.80","THOMPSON A","5062921","2022-02-12 19:00","2022","02","12","19:00","-26.2","","-30.6","","67","","","","28","","4","","24.1","","100.09","","","","-30","","NA"
"-97.86","55.80","THOMPSON A","5062921","2022-02-12 20:00","2022","02","12","20:00","-27.1","","-30.7","","72","","","","27","","5","","24.1","","100.03","","","","-32","","NA"
"-97.86","55.80","THOMPSON A","5062921","2022-02-12 21:00","2022","02","12","21:00","-27.8","","-30.9","","75","","","","26","","10","","24.1","","99.96","","","","-37","","Clear"
"-97.86","55.80","THOMPSON A","5062921","2022-02-12 22:00","2022","02","12","22:00","-28.1","","-31.2","","75","","","","30","","7","","24.1","","99.92","","","","-35","","NA"
"-97.86","55.80","THOMPSON A","5062921","2022-02-12 23:00","2022","02","12","23:00","-30.5","","-33.5","","75","","","","36","","1","","24.1","","99.86","","","","-32","","NA"
"-97.86","55.80","THOMPSON A","5062921","2022-02-13 00:00","2022","02","13","00:00","-31.1","","-34.3","","74","","","","36","","1","","24.1","","99.79","","","","-32","","Mostly Cloudy"
"-97.86","55.80","THOMPSON A","5062921","2022-02-13 01:00","2022","02","13","01:00","-30.0","","-33.2","","74","","","","36","","3","","24.1","","99.74","","","","-33","","NA"
"-97.86","55.80","THOMPSON A","5062921","2022-02-13 02:00","2022","02","13","02:00","-28.2","","-31.5","","74","","","","36","","1","","24.1","","99.67","","","","-29","","Snow"
"-97.86","55.80","THOMPSON A","5062921","2022-02-13 03:00","2022","02","13","03:00","-27.0","","-30.1","","75","","","","36","","3","","24.1","","99.55","","","","-30","","Snow"
"-97.86","55.80","THOMPSON A","5062921","2022-02-13 04:00","2022","02","13","04:00","-25.9","","-29.0","","76","","","","11","","4","","24.1","","99.44","","","","-30","","Snow"
"-97.86","55.80","THOMPSON A","5062921","2022-02-13 05:00","2022","02","13","05:00","-25.4","","-28.4","","76","","","","8","","5","","19.3","","99.32","","","","-30","","Snow"
"-97.86","55.80","THOMPSON A","5062921","2022-02-13 06:00","2022","02","13","06:00","-25.0","","-28.0","","77","","","","7","","6","","19.3","","99.22","","","","-31","","Snow"
"-97.86","55.80","THOMPSON A","5062921","2022-02-13 07:00","2022","02","13","07:00","-24.8","","-27.8","","77","","","","7","","5","","19.3","","99.11","","","","-30","","Snow"
"-97.86","55.80","THOMPSON A","5062921","2022-02-13 08:00","2022","02","13","08:00","-24.6","","-27.5","","77","","","","9","","4","","19.3","","99.09","","","","-29","","Snow"
"-97.86","55.80","THOMPSON A","5062921","2022-02-13 09:00","2022","02","13","09:00","-24.3","","-27.4","","77","","","","8","","7","","16.1","","99.06","","","","-31","","Snow"
"-97.86","55.80","THOMPSON A","5062921","2022-02-13 10:00","2022","02","13","10:00","-23.8","","-27.1","","75","","","","7","","8","","8.1","","99.04","","","","-31","","Snow"
"-97.86","55.80","THOMPSON A","5062921","2022-02-13 11:00","2022","02","13","11:00","-23.1","","-26.6","","73","","","","6","","7","","8.1","","99.03","","","","-29","","Snow"
"-97.86","55.80","THOMPSON A","5062921","2022-02-13 12:00","2022","02","13","12:00","-22.5","","-26.4","","71","","","","5","","10","","9.7","","99.09","","","","-30","","Snow"
"-97.86","55.80","THOMPSON A","5062921","2022-02-13 13:00","2022","02","13","13:00","-21.6","","-25.6","","71","","","","3","","14","","16.1","","99.13","","","","-31","","Snow"
"-97.86","55.80","THOMPSON A","5062921","2022-02-13 14:00","2022","02","13","14:00","-20.9","","-25.1","","69","","","","3","","9","","19.3","","99.20","","","","-28","","Snow"
"-97.86","55.80","THOMPSON A","5062921","2022-02-13 15:00","2022","02","13","15:00","-20.4","","-24.8","","68","","","","5","","13","","24.1","","99.27","","","","-29","","Snow"
"-97.86","55.80","THOMPSON A","5062921","2022-02-13 16:00","2022","02","13","16:00","-20.4","","-25.1","","67","","","","3","","14","","24.1","","99.33","","","","-29","","Snow"
"-97.86","55.80","THOMPSON A","5062921","2022-02-13 17:00","2022","02","13","17:00","-21.2","","-25.3","","70","","","","6","","4","","24.1","","99.40","","","","-25","","NA"
"-97.86","55.80","THOMPSON A","5062921","2022-02-13 18:00","2022","02","13","18:00","-24.3","","-27.2","","77","","","","36","","3","","24.1","","99.49","","","","-27","","Mainly Clear"
"-97.86","55.80","THOMPSON A","5062921","2022-02-13 19:00","2022","02","13","19:00","-28.3","","-31.0","","78","","","","35","","3","","24.1","","99.55","","","","-32","","NA"
"-97.86","55.80","THOMPSON A","5062921","2022-02-13 20:00","2022","02","13","20:00","-29.4","","-32.2","","77","","","","36","","1","","24.1","","99.62","","","","-31","","NA"
"-97.86","55.80","THOMPSON A","5062921","2022-02-13 21:00","2022","02","13","21:00","-30.8","","-33.7","","76","","","","36","","1","","24.1","","99.66","","","","-32","","Clear"
"-97.86","55.80","THOMPSON A","5062921","2022-02-13 22:00","2022","02","13","22:00","-31.0","","-34.0","","76","","","","34","","12","","24.1","","99.68","","","","-41","","NA"
"-97.86","55.80","THOMPSON A","5062921","2022-02-13 23:00","2022","02","13","23:00","-31.6","","-34.4","","77","","","","36","","2","","24.1","","99.67","","","","-34","","NA"
"-97.86","55.80","THOMPSON A","5062921","2022-02-14 00:00","2022","02","14","00:00","-30.4","","-33.2","","77","","","","30","","8","","24.1","","99.70","","","","-38","","Mainly Clear"
"-97.86","55.80","THOMPSON A","5062921","2022-02-14 01:00","2022","02","14","01:00","-29.4","","-32.5","","75","","","","32","","8","","24.1","","99.74","","","","-37","","NA"
"-97.86","55.80","THOMPSON A","5062921","2022-02-14 02:00","2022","02","14","02:00","-31.5","","-34.6","","75","","","","33","","8","","24.1","","99.75","","","","-40","","NA"
"-97.86","55.80","THOMPSON A","5062921","2022-02-14 03:00","2022","02","14","03:00","-33.3","","-36.2","","76","","","","36","","3","","24.1","","99.76","","","","-37","","Clear"
"-97.86","55.80","THOMPSON A","5062921","2022-02-14 04:00","2022","02","14","04:00","-33.7","","-36.6","","76","","","","34","","7","","24.1","","99.82","","","","-42","","NA"
"-97.86","55.80","THOMPSON A","5062921","2022-02-14 05:00","2022","02","14","05:00","-32.6","","-35.5","","76","","","","28","","4","","24.1","","99.87","","","","-37","","NA"
"-97.86","55.80","THOMPSON A","5062921","2022-02-14 06:00","2022","02","14","06:00","-34.2","","-37.2","","75","","","","27","","4","","24.1","","99.88","","","","-39","","Clear"
"-97.86","55.80","THOMPSON A","5062921","2022-02-14 07:00","2022","02","14","07:00","-35.5","","-38.6","","74","","","","27","","5","","24.1","","99.93","","","","-42","","NA"
"-97.86","55.80","THOMPSON A","5062921","2022-02-14 08:00","2022","02","14","08:00","-35.3","","-38.4","","74","","","","34","","5","","24.1","","99.97","","","","-42","","NA"
"-97.86","55.80","THOMPSON A","5062921","2022-02-14 09:00","2022","02","14","09:00","-34.4","","-37.6","","73","","","","29","","10","","24.1","","99.99","","","","-44","","Clear"
"-97.86","55.80","THOMPSON A","5062921","2022-02-14 10:00","2022","02","14","10:00","-31.2","","-34.7","","72","","","","30","","7","","24.1","","100.05","","","","-39","","NA"
"-97.86","55.80","THOMPSON A","5062921","2022-02-14 11:00","2022","02","14","11:00","-29.2","","-33.1","","70","","","","28","","8","","24.1","","100.07","","","","-37","","NA"
"-97.86","55.80","THOMPSON A","5062921","2022-02-14 12:00","2022","02","14","12:00","-27.2","","-31.9","","66","","","","25","","8","","24.1","","100.10","","","","-35","","Clear"
"-97.86","55.80","THOMPSON A","5062921","2022-02-14 13:00","2022","02","14","13:00","-25.0","","-31.1","","58","","","","23","","6","","24.1","","100.05","","","","-31","","NA"
"-97.86","55.80","THOMPSON A","5062921","2022-02-14 14:00","2022","02","14","14:00","-23.2","","-29.9","","55","","","","25","","9","","24.1","","100.03","","","","-31","","NA"
"-97.86","55.80","THOMPSON A","5062921","2022-02-14 15:00","2022","02","14","15:00","-22.9","","-29.7","","55","","","","25","","10","","24.1","","99.99","","","","-31","","Clear"
"-97.86","55.80","THOMPSON A","5062921","2022-02-14 16:00","2022","02","14","16:00","-22.6","","-29.7","","53","","","","27","","7","","24.1","","99.99","","","","-29","","NA"
"-97.86","55.80","THOMPSON A","5062921","2022-02-14 17:00","2022","02","14","17:00","-24.2","","-30.4","","57","","","","24","","9","","24.1","","99.97","","","","-32","","NA"
"-97.86","55.80","THOMPSON A","5062921","2022-02-14 18:00","2022","02","14","18:00","-25.2","","-30.2","","64","","","","31","","4","","24.1","","99.99","","","","-29","","Clear"
"-97.86","55.80","THOMPSON A","5062921","2022-02-14 19:00","2022","02","14","19:00","-29.0","","-32.5","","72","","","","36","","1","","24.1","","99.97","","","","-30","","NA"
"-97.86","55.80","THOMPSON A","5062921","2022-02-14 20:00","2022","02","14","20:00","-31.2","","-34.5","","74","","","","36","","1","","24.1","","99.93","","","","-32","","NA"
"-97.86","55.80","THOMPSON A","5062921","2022-02-14 21:00","2022","02","14","21:00","-33.5","","-36.7","","74","","","","36","","3","","24.1","","99.89","","","","-37","","Clear"
"-97.86","55.80","THOMPSON A","5062921","2022-02-14 22:00","2022","02","14","22:00","-34.5","","-37.7","","73","","","","36","","1","","24.1","","99.88","","","","-36","","NA"
"-97.86","55.80","THOMPSON A","5062921","2022-02-14 23:00","2022","02","14","23:00","-36.0","","-39.4","","72","","","","36","","2","","24.1","","99.85","","","","-39","","NA"
"-97.86","55.80","THOMPSON A","5062921","2022-02-15 00:00","2022","02","15","00:00","-36.4","","-39.8","","72","","","","36","","3","","24.1","","99.80","","","","-40","","Clear"
"-97.86","55.80","THOMPSON A","5062921","2022-02-15 01:00","2022","02","15","01:00","-35.8","","-39.1","","72","","","","36","","1","","24.1","","99.76","","","","-37","","NA"
"-97.86","55.80","THOMPSON A","5062921","2022-02-15 02:00","2022","02","15","02:00","-36.4","","-39.9","","71","","","","36","","3","","24.1","","99.72","","","","-40","","NA"
"-97.86","55.80","THOMPSON A","5062921","2022-02-15 03:00","2022","02","15","03:00","-36.0","","-39.5","","72","","","","36","","2","","24.1","","99.66","","","","-39","","Mainly Clear"
"-97.86","55.80","THOMPSON A","5062921","2022-02-15 04:00","2022","02","15","04:00","-35.0","","-38.0","","75","","","","19","","7","","24.1","","99.57","","","","-43","","NA"
"-97.86","55.80","THOMPSON A","5062921","2022-02-15 05:00","2022","02","15","05:00","-31.6","","-34.7","","75","","","","18","","4","","24.1","","99.50","","","","-36","","NA"
"-97.86","55.80","THOMPSON A","5062921","2022-02-15 06:00","2022","02","15","06:00","-30.5","","-33.3","","77","","","","36","","1","","24.1","","99.41","","","","-32","","Mostly Cloudy"
"-97.86","55.80","THOMPSON A","5062921","2022-02-15 07:00","2022","02","15","07:00","-30.9","","-34.1","","75","","","","36","","2","","24.1","","99.31","","","","-33","","NA"
"-97.86","55.80","THOMPSON A","5062921","2022-02-15 08:00","2022","02","15","08:00","-29.3","","-32.3","","76","","","","36","","2","","24.1","","99.20","","","","-32","","NA"
"-97.86","55.80","THOMPSON A","5062921","2022-02-15 09:00","2022","02","15","09:00","-27.8","","-30.8","","76","","","","17","","4","","24.1","","99.14","","","","-32","","Mostly Cloudy"
"-97.86","55.80","THOMPSON A","5062921","2022-02-15 10:00","2022","02","15","10:00","-24.8","","-28.0","","76","","","","19","","4","","24.1","","99.02","","","","-29","","NA"
"-97.86","55.80","THOMPSON A","5062921","2022-02-15 11:00","2022","02","15","11:00","-21.6","","-25.6","","70","","","","19","","11","","24.1","","98.88","","","","-30","","NA"
"-97.86","55.80","THOMPSON A","5062921","2022-02-15 12:00","2022","02","15","12:00","-19.6","","-24.2","","68","","","","20","","13","","24.1","","98.77","","","","-28","","Mostly Cloudy"
"-97.86","55.80","THOMPSON A","5062921","2022-02-15 13:00","2022","02","15","13:00","-17.9","","-22.7","","66","","","","19","","11","","24.1","","98.59","","","","-25","","NA"
"-97.86","55.80","THOMPSON A","5062921","2022-02-15 14:00","2022","02","15","14:00","-15.7","","-21.9","","59","","","","20","","12","","24.1","","98.43","","","","-23","","NA"
"-97.86","55.80","THOMPSON A","5062921","2022-02-15 15:00","2022","02","15","15:00","-15.0","","-21.6","","58","","","","17","","14","","24.1","","98.27","","","","-23","","Mostly Cloudy"
"-97.86","55.80","THOMPSON A","5062921","2022-02-15 16:00","2022","02","15","16:00","-15.3","","-21.4","","60","","","","18","","8","","24.1","","98.15","","","","-21","","NA"
"-97.86","55.80","THOMPSON A","5062921","2022-02-15 17:00","2022","02","15","17:00","-15.9","","-21.2","","64","","","","17","","12","","24.1","","98.06","","","","-23","","NA"
"-97.86","55.80","THOMPSON A","5062921","2022-02-15 18:00","2022","02","15","18:00","-16.4","","-21.2","","67","","","","16","","7","","24.1","","97.96","","","","-21","","Cloudy"
"-97.86","55.80","THOMPSON A","5062921","2022-02-15 19:00","2022","02","15","19:00","-16.5","","-20.7","","70","","","","19","","10","","24.1","","97.94","","","","-23","","NA"
"-97.86","55.80","THOMPSON A","5062921","2022-02-15 20:00","2022","02","15","20:00","-16.7","","-20.5","","73","","","","18","","9","","24.1","","97.87","","","","-23","","NA"
"-97.86","55.80","THOMPSON A","5062921","2022-02-15 21:00","2022","02","15","21:00","-16.9","","-20.4","","74","","","","19","","5","","24.1","","97.79","","","","-21","","Cloudy"
"-97.86","55.80","THOMPSON A","5062921","2022-02-15 22:00","2022","02","15","22:00","-17.2","","-19.9","","80","","","","21","","5","","4.8","","97.72","","","","-21","","Snow"
"-97.86","55.80","THOMPSON A","5062921","2022-02-15 23:00","2022","02","15","23:00","-17.4","","-19.6","","83","","","","26","","6","","2.4","","97.69","","","","-22","","Snow"
"-97.86","55.80","THOMPSON A","5062921","2022-02-16 00:00","2022","02","16","00:00","-17.7","","-19.9","","83","","","","31","","3","","4.0","","97.65","","","","-20","","Snow"
"-97.86","55.80","THOMPSON A","5062921","2022-02-16 01:00","2022","02","16","01:00","-18.2","","-20.3","","84","","","","32","","3","","6.4","","97.66","","","","-21","","Snow"
"-97.86","55.80","THOMPSON A","5062921","2022-02-16 02:00","2022","02","16","02:00","-18.1","","-20.3","","83","","","","33","","6","","6.4","","97.68","","","","-23","","Snow"
"-97.86","55.80","THOMPSON A","5062921","2022-02-16 03:00","2022","02","16","03:00","-18.9","","-22.4","","75","","","","36","","33","","8.1","","97.80","","","","-32","","Snow,Blowing Snow"
"-97.86","55.80","THOMPSON A","5062921","2022-02-16 04:00","2022","02","16","04:00","-22.2","","-26.1","","71","","","","36","","28","","8.1","","98.00","","","","-35","","Snow,Blowing Snow"
"-97.86","55.80","THOMPSON A","5062921","2022-02-16 05:00","2022","02","16","05:00","-24.5","","-28.8","","68","","","","35","","30","","12.9","","98.18","","","","-38","","Snow,Blowing Snow"
"-97.86","55.80","THOMPSON A","5062921","2022-02-16 06:00","2022","02","16","06:00","-25.2","","-29.4","","69","","","","33","","20","","8.1","","98.37","","","","-37","","Snow,Blowing Snow"
"-97.86","55.80","THOMPSON A","5062921","2022-02-16 07:00","2022","02","16","07:00","-27.3","","-31.5","","68","","","","33","","30","","8.1","","98.49","","","","-42","","Snow,Blowing Snow"
"-97.86","55.80","THOMPSON A","5062921","2022-02-16 08:00","2022","02","16","08:00","-28.5","","-32.6","","68","","","","34","","23","","24.1","","98.64","","","","-42","","Blowing Snow"
"-97.86","55.80","THOMPSON A","5062921","2022-02-16 09:00","2022","02","16","09:00","-29.0","","-33.3","","67","","","","33","","24","","8.1","","98.80","","","","-43","","Snow,Blowing Snow"
"-97.86","55.80","THOMPSON A","5062921","2022-02-16 10:00","2022","02","16","10:00","-29.2","","-33.6","","66","","","","34","","22","","9.7","","98.91","","","","-43","","Snow,Blowing Snow"
"-97.86","55.80","THOMPSON A","5062921","2022-02-16 11:00","2022","02","16","11:00","-28.7","","-33.7","","63","","","","33","","20","","24.1","","99.01","","","","-41","","Ice Crystals,Blowing Snow"
"-97.86","55.80","THOMPSON A","5062921","2022-02-16 12:00","2022","02","16","12:00","-27.3","","-32.4","","63","","","","32","","21","","24.1","","99.09","","","","-40","","Blowing Snow"
"-97.86","55.80","THOMPSON A","5062921","2022-02-16 13:00","2022","02","16","13:00","-26.1","","-31.4","","62","","","","33","","18","","24.1","","99.12","","","","-38","","Blowing Snow"
"-97.86","55.80","THOMPSON A","5062921","2022-02-16 14:00","2022","02","16","14:00","-25.4","","-30.8","","61","","","","32","","22","","24.1","","99.20","","","","-38","","Blowing Snow"
"-97.86","55.80","THOMPSON A","5062921","2022-02-16 15:00","2022","02","16","15:00","-24.8","","-30.2","","61","","","","30","","17","","24.1","","99.29","","","","-36","","Blowing Snow"
"-97.86","55.80","THOMPSON A","5062921","2022-02-16 16:00","2022","02","16","16:00","-25.0","","-30.4","","61","","","","31","","22","","24.1","","99.37","","","","-37","","Blowing Snow"
"-97.86","55.80","THOMPSON A","5062921","2022-02-16 17:00","2022","02","16","17:00","-25.4","","-30.5","","64","","","","30","","21","","24.1","","99.43","","","","-38","","Blowing Snow"
"-97.86","55.80","THOMPSON A","5062921","2022-02-16 18:00","2022","02","16","18:00","-26.6","","-31.1","","67","","","","30","","12","","24.1","","99.50","","","","-36","","Clear"
"-97.86","55.80","THOMPSON A","5062921","2022-02-16 19:00","2022","02","16","19:00","-27.6","","-31.6","","70","","","","30","","10","","24.1","","99.58","","","","-36","","NA"
"-97.86","55.80","THOMPSON A","5062921","2022-02-16 20:00","2022","02","16","20:00","-28.9","","-32.4","","72","","","","29","","11","","24.1","","99.62","","","","-38","","NA"
"-97.86","55.80","THOMPSON A","5062921","2022-02-16 21:00","2022","02","16","21:00","-29.0","","-32.3","","74","","","","29","","13","","24.1","","99.64","","","","-39","","Clear"
"-97.86","55.80","THOMPSON A","5062921","2022-02-16 22:00","2022","02","16","22:00","-29.1","","-32.5","","73","","","","28","","16","","24.1","","99.66","","","","-41","","NA"
"-97.86","55.80","THOMPSON A","5062921","2022-02-16 23:00","2022","02","16","23:00","-29.5","","-33.0","","72","","","","30","","12","","24.1","","99.68","","","","-40","","NA"
"-97.86","55.80","THOMPSON A","5062921","2022-02-17 00:00","2022","02","17","00:00","-30.3","","-33.5","","74","","","","28","","9","","24.1","","99.70","","","","-39","","Clear"
"-97.86","55.80","THOMPSON A","5062921","2022-02-17 01:00","2022","02","17","01:00","-31.5","","-34.5","","75","","","","26","","11","","24.1","","99.67","","","","-41","","NA"
"-97.86","55.80","THOMPSON A","5062921","2022-02-17 02:00","2022","02","17","02:00","-32.5","","-35.4","","76","","","","26","","11","","24.1","","99.66","","","","-43","","NA"
"-97.86","55.80","THOMPSON A","5062921","2022-02-17 03:00","2022","02","17","03:00","-32.7","","-35.8","","75","","","","22","","3","","24.1","","99.65","","","","-36","","Clear"
"-97.86","55.80","THOMPSON A","5062921","2022-02-17 04:00","2022","02","17","04:00","-33.5","","-36.3","","77","","","","36","","1","","24.1","","99.62","","","","-35","","NA"
"-97.86","55.80","THOMPSON A","5062921","2022-02-17 05:00","2022","02","17","05:00","-33.7","","-36.6","","75","","","","29","","4","","24.1","","99.60","","","","-39","","NA"
"-97.86","55.80","THOMPSON A","5062921","2022-02-17 06:00","2022","02","17","06:00","-35.2","","-38.4","","73","","","","27","","5","","24.1","","99.57","","","","-42","","Clear"
"-97.86","55.80","THOMPSON A","5062921","2022-02-17 07:00","2022","02","17","07:00","-34.9","","-38.0","","74","","","","26","","4","","24.1","","99.56","","","","-40","","NA"
"-97.86","55.80","THOMPSON A","5062921","2022-02-17 08:00","2022","02","17","08:00","-34.5","","-37.6","","74","","","","22","","3","","24.1","","99.53","","","","-38","","NA"
"-97.86","55.80","THOMPSON A","5062921","2022-02-17 09:00","2022","02","17","09:00","-34.8","","-38.0","","74","","","","23","","3","","24.1","","99.53","","","","-39","","Clear"
"-97.86","55.80","THOMPSON A","5062921","2022-02-17 10:00","2022","02","17","10:00","-32.0","","-35.4","","73","","","","25","","5","","24.1","","99.51","","","","-38","","NA"
"-97.86","55.80","THOMPSON A","5062921","2022-02-17 11:00","2022","02","17","11:00","-28.7","","-32.2","","72","","","","26","","10","","24.1","","99.49","","","","-38","","NA"
"-97.86","55.80","THOMPSON A","5062921","2022-02-17 12:00","2022","02","17","12:00","-25.8","","-30.7","","64","","","","25","","13","","24.1","","99.43","","","","-35","","Clear"
"-97.86","55.80","THOMPSON A","5062921","2022-02-17 13:00","2022","02","17","13:00","-24.2","","-29.8","","61","","","","23","","7","","24.1","","99.36","","","","-31","","NA"
"-97.86","55.80","THOMPSON A","5062921","2022-02-17 14:00","2022","02","17","14:00","-22.4","","-28.7","","57","","","","25","","15","","24.1","","99.24","","","","-32","","NA"
"-97.86","55.80","THOMPSON A","5062921","2022-02-17 15:00","2022","02","17","15:00","-21.8","","-28.3","","57","","","","23","","14","","24.1","","99.15","","","","-31","","Mainly Clear"
"-97.86","55.80","THOMPSON A","5062921","2022-02-17 16:00","2022","02","17","16:00","-21.7","","-28.3","","56","","","","22","","8","","24.1","","99.06","","","","-28","","NA"
"-97.86","55.80","THOMPSON A","5062921","2022-02-17 17:00","2022","02","17","17:00","-22.3","","-28.0","","60","","","","16","","4","","24.1","","99.00","","","","-26","","NA"
"-97.86","55.80","THOMPSON A","5062921","2022-02-17 18:00","2022","02","17","18:00","-23.9","","-28.6","","66","","","","16","","4","","24.1","","98.96","","","","-28","","Mainly Clear"
"-97.86","55.80","THOMPSON A","5062921","2022-02-17 19:00","2022","02","17","19:00","-24.8","","-29.0","","69","","","","16","","7","","24.1","","98.89","","","","-31","","NA"
"-97.86","55.80","THOMPSON A","5062921","2022-02-17 20:00","2022","02","17","20:00","-27.5","","-30.9","","74","","","","16","","4","","24.1","","98.82","","","","-32","","NA"
"-97.86","55.80","THOMPSON A","5062921","2022-02-17 21:00","2022","02","17","21:00","-29.4","","-32.4","","76","","","","14","","3","","24.1","","98.73","","","","-33","","Mainly Clear"
"-97.86","55.80","THOMPSON A","5062921","2022-02-17 22:00","2022","02","17","22:00","-29.4","","-31.9","","79","","","","36","","1","","24.1","","98.67","","","","-31","","NA"
"-97.86","55.80","THOMPSON A","5062921","2022-02-17 23:00","2022","02","17","23:00","-32.2","","-35.0","","76","","","","15","","3","","24.1","","98.60","","","","-36","","NA"
"-97.86","55.80","THOMPSON A","5062921","2022-02-18 00:00","2022","02","18","00:00","-29.8","","-32.3","","79","","","","16","","4","","24.1","","98.54","","","","-34","","Clear"
"-97.86","55.80","THOMPSON A","5062921","2022-02-18 01:00","2022","02","18","01:00","-32.7","","-35.7","","75","","","","36","","2","","24.1","","98.51","","","","-35","","NA"
"-97.86","55.80","THOMPSON A","5062921","2022-02-18 02:00","2022","02","18","02:00","-34.3","","-37.6","","73","","","","36","","2","","24.1","","98.47","","","","-37","","NA"
"-97.86","55.80","THOMPSON A","5062921","2022-02-18 03:00","2022","02","18","03:00","-34.0","","-37.3","","72","","","","36","","1","","24.1","","98.44","","","","-35","","Mostly Cloudy"
"-97.86","55.80","THOMPSON A","5062921","2022-02-18 04:00","2022","02","18","04:00","-34.0","","-37.3","","73","","","","0","","1","","24.1","","98.39","","","","-35","","NA"
"-97.86","55.80","THOMPSON A","5062921","2022-02-18 05:00","2022","02","18","05:00","-34.6","","-38.1","","71","","","","36","","1","","24.1","","98.41","","","","-36","","NA"
"-97.86","55.80","THOMPSON A","5062921","2022-02-18 06:00","2022","02","18","06:00","-33.8","","-37.4","","71","","","","25","","3","","24.1","","98.43","","","","-37","","Mostly Cloudy"
"-97.86","55.80","THOMPSON A","5062921","2022-02-18 07:00","2022","02","18","07:00","-33.7","","-36.9","","73","","","","36","","2","","24.1","","98.47","","","","-36","","NA"
"-97.86","55.80","THOMPSON A","5062921","2022-02-18 08:00","2022","02","18","08:00","-33.3","","-36.6","","73","","","","25","","3","","24.1","","98.52","","","","-37","","Snow"
"-97.86","55.80","THOMPSON A","5062921","2022-02-18 09:00","2022","02","18","09:00","-32.4","","-35.6","","73","","","","29","","8","","24.1","","98.56","","","","-41","","Ice Crystals"
"-97.86","55.80","THOMPSON A","5062921","2022-02-18 10:00","2022","02","18","10:00","-26.2","","-29.4","","75","","","","31","","14","","16.1","","98.64","","","","-36","","Ice Crystals"
"-97.86","55.80","THOMPSON A","5062921","2022-02-18 11:00","2022","02","18","11:00","-23.8","","-27.5","","72","","","","30","","12","","24.1","","98.66","","","","-33","","NA"
"-97.86","55.80","THOMPSON A","5062921","2022-02-18 12:00","2022","02","18","12:00","-21.9","","-27.5","","61","","","","30","","23","","24.1","","98.69","","","","-34","","Blowing Snow"
"-97.86","55.80","THOMPSON A","5062921","2022-02-18 13:00","2022","02","18","13:00","-20.8","","-27.0","","58","","","","31","","22","","24.1","","98.72","","","","-32","","Blowing Snow"
"-97.86","55.80","THOMPSON A","5062921","2022-02-18 14:00","2022","02","18","14:00","-20.5","","-26.8","","58","","","","30","","26","","24.1","","98.72","","","","-32","","Blowing Snow"
"-97.86","55.80","THOMPSON A","5062921","2022-02-18 15:00","2022","02","18","15:00","-20.6","","-26.8","","58","","","","30","","27","","24.1","","98.80","","","","-33","","Blowing Snow"
"-97.86","55.80","THOMPSON A","5062921","2022-02-18 16:00","2022","02","18","16:00","-21.3","","-27.7","","57","","","","30","","27","","16.1","","98.90","","","","-34","","Blowing Snow"
"-97.86","55.80","THOMPSON A","5062921","2022-02-18 17:00","2022","02","18","17:00","-22.4","","-28.3","","60","","","","30","","14","","16.1","","98.95","","","","-32","","Blowing Snow"
"-97.86","55.80","THOMPSON A","5062921","2022-02-18 18:00","2022","02","18","18:00","-23.4","","-28.8","","62","","","","29","","17","","24.1","","99.02","","","","-34","","Blowing Snow"
"-97.86","55.80","THOMPSON A","5062921","2022-02-18 19:00","2022","02","18","19:00","-24.7","","-29.1","","67","","","","31","","11","","24.1","","99.03","","","","-33","","Blowing Snow"
"-97.86","55.80","THOMPSON A","5062921","2022-02-18 20:00","2022","02","18","20:00","-26.4","","-29.9","","73","","","","28","","9","","24.1","","99.03","","","","-34","","NA"
"-97.86","55.80","THOMPSON A","5062921","2022-02-18 21:00","2022","02","18","21:00","-27.8","","-31.1","","74","","","","29","","12","","24.1","","99.00","","","","-37","","Mainly Clear"
"-97.86","55.80","THOMPSON A","5062921","2022-02-18 22:00","2022","02","18","22:00","-28.5","","-31.7","","75","","","","29","","10","","24.1","","98.98","","","","-37","","NA"
"-97.86","55.80","THOMPSON A","5062921","2022-02-18 23:00","2022","02","18","23:00","-28.6","","-31.7","","75","","","","29","","5","","24.1","","98.96","","","","-34","","NA"
"-97.86","55.80","THOMPSON A","5062921","2022-02-19 00:00","2022","02","19","00:00","-32.5","","-35.3","","77","","","","28","","7","","24.1","","98.92","","","","-40","","Clear"
"-97.86","55.80","THOMPSON A","5062921","2022-02-19 01:00","2022","02","19","01:00","-31.6","","-34.3","","78","","","","27","","4","","24.1","","98.86","","","","-36","","NA"
"-97.86","55.80","THOMPSON A","5062921","2022-02-19 02:00","2022","02","19","02:00","-32.1","","-34.9","","77","","","","29","","3","","24.1","","98.82","","","","-36","","NA"
"-97.86","55.80","THOMPSON A","5062921","2022-02-19 03:00","2022","02","19","03:00","-33.7","","-36.9","","74","","","","36","","3","","24.1","","98.76","","","","-37","","Mainly Clear"
"-97.86","55.80","THOMPSON A","5062921","2022-02-19 04:00","2022","02","19","04:00","-35.4","","-38.7","","73","","","","36","","1","","24.1","","98.68","","","","-37","","NA"
"-97.86","55.80","THOMPSON A","5062921","2022-02-19 05:00","2022","02","19","05:00","-34.0","","-37.1","","74","","","","0","","1","","24.1","","98.58","","","","-35","","NA"
"-97.86","55.80","THOMPSON A","5062921","2022-02-19 06:00","2022","02","19","06:00","-34.7","","-38.1","","72","","","","7","","3","","24.1","","98.46","","","","-38","","Mostly Cloudy"
"-97.86","55.80","THOMPSON A","5062921","2022-02-19 07:00","2022","02","19","07:00","-33.8","","-37.2","","72","","","","6","","3","","24.1","","98.30","","","","-37","","NA"
"-97.86","55.80","THOMPSON A","5062921","2022-02-19 08:00","2022","02","19","08:00","-32.7","","-36.0","","73","","","","36","","2","","24.1","","98.23","","","","-35","","NA"
"-97.86","55.80","THOMPSON A","5062921","2022-02-19 09:00","2022","02","19","09:00","-29.6","","-32.7","","75","","","","36","","2","","24.1","","98.12","","","","-32","","Cloudy"
"-97.86","55.80","THOMPSON A","5062921","2022-02-19 10:00","2022","02","19","10:00","-28.5","","-31.7","","75","","","","36","","1","","4.0","","98.07","","","","-30","","Snow"
"-97.86","55.80","THOMPSON A","5062921","2022-02-19 11:00","2022","02","19","11:00","-26.5","","-29.7","","75","","","","9","","5","","4.0","","97.96","","","","-32","","Snow"
"-97.86","55.80","THOMPSON A","5062921","2022-02-19 12:00","2022","02","19","12:00","-25.6","","-29.0","","74","","","","7","","10","","4.8","","97.81","","","","-34","","Snow"
"-97.86","55.80","THOMPSON A","5062921","2022-02-19 13:00","2022","02","19","13:00","-24.0","","-27.9","","71","","","","11","","6","","4.0","","97.77","","","","-30","","Snow"
"-97.86","55.80","THOMPSON A","5062921","2022-02-19 14:00","2022","02","19","14:00","-22.4","","-27.1","","66","","","","2","","8","","24.1","","97.72","","","","-29","","Ice Crystals"
"-97.86","55.80","THOMPSON A","5062921","2022-02-19 15:00","2022","02","19","15:00","-21.8","","-26.9","","64","","","","2","","8","","24.1","","97.67","","","","-28","","Mainly Clear"
"-97.86","55.80","THOMPSON A","5062921","2022-02-19 16:00","2022","02","19","16:00","-21.5","","-27.0","","62","","","","4","","17","","24.1","","97.66","","","","-32","","NA"
"-97.86","55.80","THOMPSON A","5062921","2022-02-19 17:00","2022","02","19","17:00","-22.3","","-26.9","","66","","","","2","","18","","24.1","","97.71","","","","-33","","NA"
"-97.86","55.80","THOMPSON A","5062921","2022-02-19 18:00","2022","02","19","18:00","-24.8","","-28.6","","71","","","","1","","12","","24.1","","97.82","","","","-34","","Mainly Clear"
"-97.86","55.80","THOMPSON A","5062921","2022-02-19 19:00","2022","02","19","19:00","-25.5","","-29.1","","73","","","","3","","13","","24.1","","97.89","","","","-35","","NA"
"-97.86","55.80","THOMPSON A","5062921","2022-02-19 20:00","2022","02","19","20:00","-26.9","","-30.7","","71","","","","3","","14","","24.1","","97.99","","","","-37","","NA"
"-97.86","55.80","THOMPSON A","5062921","2022-02-19 21:00","2022","02","19","21:00","-28.4","","-31.9","","73","","","","36","","14","","24.1","","98.07","","","","-39","","Mainly Clear"
"-97.86","55.80","THOMPSON A","5062921","2022-02-19 22:00","2022","02","19","22:00","-29.4","","-32.6","","74","","","","36","","11","","24.1","","98.14","","","","-39","","NA"
"-97.86","55.80","THOMPSON A","5062921","2022-02-19 23:00","2022","02","19","23:00","-30.4","","-34.1","","71","","","","36","","14","","24.1","","98.28","","","","-42","","NA"
"-97.86","55.80","THOMPSON A","5062921","2022-02-20 00:00","2022","02","20","00:00","-31.2","","-35.2","","68","","","","1","","18","","24.1","","98.40","","","","-44","","Clear"
"-97.86","55.80","THOMPSON A","5062921","2022-02-20 01:00","2022","02","20","01:00","-32.2","","-36.2","","68","","","","36","","15","","24.1","","98.49","","","","-44","","NA"
"-97.86","55.80","THOMPSON A","5062921","2022-02-20 02:00","2022","02","20","02:00","-33.3","","-37.4","","68","","","","35","","11","","24.1","","98.58","","","","-44","","NA"
"-97.86","55.80","THOMPSON A","5062921","2022-02-20 03:00","2022","02","20","03:00","-34.5","","-38.5","","68","","","","33","","7","","24.1","","98.67","","","","-43","","Clear"
"-97.86","55.80","THOMPSON A","5062921","2022-02-20 04:00","2022","02","20","04:00","-35.5","","-39.2","","69","","","","32","","9","","24.1","","98.74","","","","-45","","NA"
"-97.86","55.80","THOMPSON A","5062921","2022-02-20 05:00","2022","02","20","05:00","-35.6","","-39.6","","68","","","","34","","12","","24.1","","98.82","","","","-47","","NA"
"-97.86","55.80","THOMPSON A","5062921","2022-02-20 06:00","2022","02","20","06:00","-36.0","","-40.1","","67","","","","33","","9","","24.1","","98.94","","","","-46","","Clear"
"-97.86","55.80","THOMPSON A","5062921","2022-02-20 07:00","2022","02","20","07:00","-36.7","","-40.7","","68","","","","33","","9","","24.1","","99.04","","","","-47","","NA"
"-97.86","55.80","THOMPSON A","5062921","2022-02-20 08:00","2022","02","20","08:00","-37.4","","-41.2","","69","","","","30","","7","","24.1","","99.11","","","","-46","","Ice Crystals"
"-97.86","55.80","THOMPSON A","5062921","2022-02-20 09:00","2022","02","20","09:00","-36.3","","-40.4","","67","","","","31","","14","","24.1","","99.18","","","","-49","","Clear"
"-97.86","55.80","THOMPSON A","5062921","2022-02-20 10:00","2022","02","20","10:00","-34.8","","-39.5","","63","","","","30","","17","","24.1","","99.26","","","","-48","","NA"
"-97.86","55.80","THOMPSON A","5062921","2022-02-20 11:00","2022","02","20","11:00","-33.0","","-38.1","","61","","","","30","","19","","24.1","","99.32","","","","-47","","NA"
"-97.86","55.80","THOMPSON A","5062921","2022-02-20 12:00","2022","02","20","12:00","-31.0","","-36.6","","59","","","","29","","22","","24.1","","99.39","","","","-45","","Blowing Snow"
"-97.86","55.80","THOMPSON A","5062921","2022-02-20 13:00","2022","02","20","13:00","-29.4","","-35.5","","57","","","","30","","18","","24.1","","99.45","","","","-42","","Blowing Snow"
"-97.86","55.80","THOMPSON A","5062921","2022-02-20 14:00","2022","02","20","14:00","-28.6","","-34.9","","55","","","","29","","18","","24.1","","99.51","","","","-41","","Blowing Snow"
"-97.86","55.80","THOMPSON A","5062921","2022-02-20 15:00","2022","02","20","15:00","-27.6","","-34.2","","54","","","","31","","18","","24.1","","99.57","","","","-39","","Blowing Snow"
"-97.86","55.80","THOMPSON A","5062921","2022-02-20 16:00","2022","02","20","16:00","-27.4","","-33.9","","55","","","","30","","20","","24.1","","99.66","","","","-40","","Blowing Snow"
"-97.86","55.80","THOMPSON A","5062921","2022-02-20 17:00","2022","02","20","17:00","-27.5","","-33.8","","56","","","","32","","19","","24.1","","99.77","","","","-40","","Blowing Snow"
"-97.86","55.80","THOMPSON A","5062921","2022-02-20 18:00","2022","02","20","18:00","-28.8","","-34.5","","59","","","","31","","11","","24.1","","99.86","","","","-38","","Clear"
"-97.86","55.80","THOMPSON A","5062921","2022-02-20 19:00","2022","02","20","19:00","-30.1","","-35.2","","62","","","","31","","9","","24.1","","99.94","","","","-39","","NA"
"-97.86","55.80","THOMPSON A","5062921","2022-02-20 20:00","2022","02","20","20:00","-31.5","","-36.0","","65","","","","30","","8","","24.1","","100.01","","","","-40","","NA"
"-97.86","55.80","THOMPSON A","5062921","2022-02-20 21:00","2022","02","20","21:00","-31.4","","-36.1","","64","","","","31","","13","","24.1","","100.06","","","","-42","","Clear"
"-97.86","55.80","THOMPSON A","5062921","2022-02-20 22:00","2022","02","20","22:00","-31.9","","-36.6","","64","","","","31","","10","","24.1","","100.13","","","","-41","","NA"
"-97.86","55.80","THOMPSON A","5062921","2022-02-20 23:00","2022","02","20","23:00","-33.7","","-37.8","","68","","","","28","","7","","24.1","","100.19","","","","-42","","NA"
"-97.86","55.80","THOMPSON A","5062921","2022-02-21 00:00","2022","02","21","00:00","-34.2","","-38.0","","69","","","","27","","8","","24.1","","100.29","","","","-43","","Clear"
"-97.86","55.80","THOMPSON A","5062921","2022-02-21 01:00","2022","02","21","01:00","-35.2","","-38.9","","70","","","","29","","7","","24.1","","100.33","","","","-43","","NA"
"-97.86","55.80","THOMPSON A","5062921","2022-02-21 02:00","2022","02","21","02:00","-35.3","","-38.9","","70","","","","27","","7","","24.1","","100.38","","","","-43","","NA"
"-97.86","55.80","THOMPSON A","5062921","2022-02-21 03:00","2022","02","21","03:00","-35.9","","-39.5","","70","","","","27","","5","","24.1","","100.42","","","","-42","","Clear"
"-97.86","55.80","THOMPSON A","5062921","2022-02-21 04:00","2022","02","21","04:00","-36.2","","-39.7","","71","","","","28","","6","","24.1","","100.46","","","","-44","","NA"
"-97.86","55.80","THOMPSON A","5062921","2022-02-21 05:00","2022","02","21","05:00","-36.7","","-39.9","","73","","","","26","","8","","24.1","","100.51","","","","-46","","NA"
"-97.86","55.80","THOMPSON A","5062921","2022-02-21 06:00","2022","02","21","06:00","-37.9","","-41.0","","73","","","","27","","10","","24.1","","100.55","","","","-49","","Clear"
"-97.86","55.80","THOMPSON A","5062921","2022-02-21 07:00","2022","02","21","07:00","-37.7","","-41.2","","71","","","","27","","11","","24.1","","100.58","","","","-49","","NA"
"-97.86","55.80","THOMPSON A","5062921","2022-02-21 08:00","2022","02","21","08:00","-37.8","","-41.2","","71","","","","26","","9","","24.1","","100.68","","","","-48","","NA"
"-97.86","55.80","THOMPSON A","5062921","2022-02-21 09:00","2022","02","21","09:00","-36.0","","-39.7","","70","","","","26","","10","","24.1","","100.75","","","","-46","","Clear"
"-97.86","55.80","THOMPSON A","5062921","2022-02-21 10:00","2022","02","21","10:00","-32.9","","-37.2","","66","","","","29","","12","","24.1","","100.76","","","","-44","","NA"
"-97.86","55.80","THOMPSON A","5062921","2022-02-21 11:00","2022","02","21","11:00","-30.3","","-35.5","","61","","","","26","","9","","24.1","","100.81","","","","-39","","NA"
"-97.86","55.80","THOMPSON A","5062921","2022-02-21 12:00","2022","02","21","12:00","-27.5","","-33.4","","58","","","","27","","9","","24.1","","100.81","","","","-36","","Clear"
"-97.86","55.80","THOMPSON A","5062921","2022-02-21 13:00","2022","02","21","13:00","-25.2","","-31.8","","55","","","","27","","12","","24.1","","100.80","","","","-34","","NA"
"-97.86","55.80","THOMPSON A","5062921","2022-02-21 14:00","2022","02","21","14:00","-23.4","","-30.5","","53","","","","30","","14","","24.1","","100.79","","","","-33","","NA"
"-97.86","55.80","THOMPSON A","5062921","2022-02-21 15:00","2022","02","21","15:00","-22.8","","-30.1","","52","","","","28","","11","","24.1","","100.81","","","","-31","","Clear"
"-97.86","55.80","THOMPSON A","5062921","2022-02-21 16:00","2022","02","21","16:00","-22.7","","-30.1","","52","","","","28","","13","","24.1","","100.84","","","","-32","","NA"
"-97.86","55.80","THOMPSON A","5062921","2022-02-21 17:00","2022","02","21","17:00","-22.9","","-30.1","","53","","","","27","","14","","24.1","","100.87","","","","-32","","NA"
"-97.86","55.80","THOMPSON A","5062921","2022-02-21 18:00","2022","02","21","18:00","-26.4","","-31.7","","62","","","","25","","12","","24.1","","100.93","","","","-36","","Clear"
"-97.86","55.80","THOMPSON A","5062921","2022-02-21 19:00","2022","02","21","19:00","-27.5","","-32.1","","66","","","","24","","5","","24.1","","100.96","","","","-33","","NA"
"-97.86","55.80","THOMPSON A","5062921","2022-02-21 20:00","2022","02","21","20:00","-28.6","","-32.9","","67","","","","27","","3","","24.1","","100.99","","","","-32","","NA"
"-97.86","55.80","THOMPSON A","5062921","2022-02-21 21:00","2022","02","21","21:00","-28.9","","-32.6","","71","","","","36","","2","","24.1","","101.01","","","","-31","","Clear"
"-97.86","55.80","THOMPSON A","5062921","2022-02-21 22:00","2022","02","21","22:00","-31.8","","-35.0","","74","","","","28","","4","","24.1","","101.05","","","","-36","","NA"
"-97.86","55.80","THOMPSON A","5062921","2022-02-21 23:00","2022","02","21","23:00","-33.6","","-37.1","","71","","","","23","","4","","24.1","","101.03","","","","-38","","NA"
"-97.86","55.80","THOMPSON A","5062921","2022-02-22 00:00","2022","02","22","00:00","-35.2","","-38.5","","73","","","","29","","4","","24.1","","101.02","","","","-40","","Clear"
"-97.86","55.80","THOMPSON A","5062921","2022-02-22 01:00","2022","02","22","01:00","-33.8","","-36.8","","75","","","","36","","3","","24.1","","101.04","","","","-37","","NA"
"-97.86","55.80","THOMPSON A","5062921","2022-02-22 02:00","2022","02","22","02:00","-35.9","","-39.1","","73","","","","24","","4","","24.1","","101.05","","","","-41","","NA"
"-97.86","55.80","THOMPSON A","5062921","2022-02-22 03:00","2022","02","22","03:00","-37.8","","-41.2","","71","","","","20","","3","","24.1","","101.02","","","","-42","","Clear"
"-97.86","55.80","THOMPSON A","5062921","2022-02-22 04:00","2022","02","22","04:00","-35.1","","-38.1","","75","","","","25","","6","","24.1","","100.99","","","","-42","","NA"
"-97.86","55.80","THOMPSON A","5062921","2022-02-22 05:00","2022","02","22","05:00","-36.4","","-39.4","","75","","","","26","","4","","24.1","","100.98","","","","-42","","NA"
"-97.86","55.80","THOMPSON A","5062921","2022-02-22 06:00","2022","02","22","06:00","-37.1","","-40.1","","74","","","","25","","5","","24.1","","100.97","","","","-44","","Clear"
"-97.86","55.80","THOMPSON A","5062921","2022-02-22 07:00","2022","02","22","07:00","-37.5","","-40.8","","73","","","","25","","4","","24.1","","100.94","","","","-43","","NA"
"-97.86","55.80","THOMPSON A","5062921","2022-02-22 08:00","2022","02","22","08:00","-39.9","","-43.5","","69","","","","19","","3","","24.1","","100.95","","","","-44","","Ice Crystals"
"-97.86","55.80","THOMPSON A","5062921","2022-02-22 09:00","2022","02","22","09:00","-35.8","","-39.1","","72","","","","22","","6","","24.1","","100.96","","","","-43","","Ice Crystals"
"-97.86","55.80","THOMPSON A","5062921","2022-02-22 10:00","2022","02","22","10:00","-31.6","","-34.9","","73","","","","24","","10","","24.1","","100.93","","","","-41","","NA"
"-97.86","55.80","THOMPSON A","5062921","2022-02-22 11:00","2022","02","22","11:00","-26.5","","-30.7","","68","","","","23","","13","","24.1","","100.88","","","","-36","","NA"
"-97.86","55.80","THOMPSON A","5062921","2022-02-22 12:00","2022","02","22","12:00","-22.9","","-29.2","","57","","","","27","","24","","24.1","","100.80","","","","-35","","Blowing Snow"
"-97.86","55.80","THOMPSON A","5062921","2022-02-22 13:00","2022","02","22","13:00","-21.7","","-28.4","","55","","","","26","","27","","24.1","","100.70","","","","-34","","Blowing Snow"
"-97.86","55.80","THOMPSON A","5062921","2022-02-22 14:00","2022","02","22","14:00","-21.1","","-28.2","","53","","","","26","","24","","24.1","","100.65","","","","-33","","Blowing Snow"
"-97.86","55.80","THOMPSON A","5062921","2022-02-22 15:00","2022","02","22","15:00","-20.6","","-28.0","","53","","","","25","","18","","24.1","","100.58","","","","-31","","Clear"
"-97.86","55.80","THOMPSON A","5062921","2022-02-22 16:00","2022","02","22","16:00","-20.3","","-27.5","","53","","","","28","","22","","24.1","","100.55","","","","-31","","Blowing Snow"
"-97.86","55.80","THOMPSON A","5062921","2022-02-22 17:00","2022","02","22","17:00","-20.7","","-27.7","","54","","","","25","","22","","24.1","","100.53","","","","-32","","Blowing Snow"
"-97.86","55.80","THOMPSON A","5062921","2022-02-22 18:00","2022","02","22","18:00","-23.2","","-29.1","","60","","","","28","","10","","24.1","","100.55","","","","-31","","Mainly Clear"
"-97.86","55.80","THOMPSON A","5062921","2022-02-22 19:00","2022","02","22","19:00","-24.1","","-29.0","","65","","","","26","","13","","24.1","","100.54","","","","-33","","NA"
"-97.86","55.80","THOMPSON A","5062921","2022-02-22 20:00","2022","02","22","20:00","-26.1","","-29.9","","71","","","","26","","11","","24.1","","100.53","","","","-35","","NA"
"-97.86","55.80","THOMPSON A","5062921","2022-02-22 21:00","2022","02","22","21:00","-27.2","","-30.6","","73","","","","27","","12","","24.1","","100.53","","","","-37","","Clear"
"-97.86","55.80","THOMPSON A","5062921","2022-02-22 22:00","2022","02","22","22:00","-27.0","","-30.6","","72","","","","31","","8","","24.1","","100.54","","","","-34","","NA"
"-97.86","55.80","THOMPSON A","5062921","2022-02-22 23:00","2022","02","22","23:00","-28.2","","-32.0","","71","","","","28","","4","","24.1","","100.51","","","","-33","","NA"
"-97.86","55.80","THOMPSON A","5062921","2022-02-23 00:00","2022","02","23","00:00","-30.4","","-33.5","","74","","","","28","","5","","24.1","","100.48","","","","-36","","Clear"
"-97.86","55.80","THOMPSON A","5062921","2022-02-23 01:00","2022","02","23","01:00","-31.9","","-34.9","","76","","","","28","","8","","24.1","","100.47","","","","-40","","NA"
"-97.86","55.80","THOMPSON A","5062921","2022-02-23 02:00","2022","02","23","02:00","-32.3","","-35.0","","77","","","","28","","7","","24.1","","100.45","","","","-40","","NA"
"-97.86","55.80","THOMPSON A","5062921","2022-02-23 03:00","2022","02","23","03:00","-32.5","","-35.4","","76","","","","36","","3","","24.1","","100.43","","","","-36","","Clear"
"-97.86","55.80","THOMPSON A","5062921","2022-02-23 04:00","2022","02","23","04:00","-34.4","","-37.3","","75","","","","29","","5","","24.1","","100.41","","","","-41","","NA"
"-97.86","55.80","THOMPSON A","5062921","2022-02-23 05:00","2022","02","23","05:00","-34.3","","-37.1","","76","","","","30","","7","","24.1","","100.41","","","","-42","","NA"
"-97.86","55.80","THOMPSON A","5062921","2022-02-23 06:00","2022","02","23","06:00","-33.8","","-36.8","","75","","","","28","","4","","24.1","","100.34","","","","-39","","Clear"
"-97.86","55.80","THOMPSON A","5062921","2022-02-23 07:00","2022","02","23","07:00","-36.8","","-40.1","","72","","","","24","","5","","24.1","","100.35","","","","-43","","NA"
"-97.86","55.80","THOMPSON A","5062921","2022-02-23 08:00","2022","02","23","08:00","-37.2","","-40.6","","71","","","","28","","5","","24.1","","100.34","","","","-44","","NA"
"-97.86","55.80","THOMPSON A","5062921","2022-02-23 09:00","2022","02","23","09:00","-35.2","","-38.4","","73","","","","27","","8","","24.1","","100.36","","","","-44","","Mainly Clear"
"-97.86","55.80","THOMPSON A","5062921","2022-02-23 10:00","2022","02","23","10:00","-30.9","","-34.3","","72","","","","28","","6","","24.1","","100.34","","","","-38","","NA"
"-97.86","55.80","THOMPSON A","5062921","2022-02-23 11:00","2022","02","23","11:00","-27.4","","-31.5","","69","","","","29","","10","","24.1","","100.32","","","","-36","","NA"
"-97.86","55.80","THOMPSON A","5062921","2022-02-23 12:00","2022","02","23","12:00","-25.6","","-31.4","","59","","","","24","","8","","24.1","","100.30","","","","-33","","Clear"
"-97.86","55.80","THOMPSON A","5062921","2022-02-23 13:00","2022","02","23","13:00","-23.7","","-30.1","","56","","","","24","","8","","24.1","","100.26","","","","-31","","NA"
"-97.86","55.80","THOMPSON A","5062921","2022-02-23 14:00","2022","02","23","14:00","-22.7","","-29.4","","55","","","","25","","8","","24.1","","100.23","","","","-29","","NA"
"-97.86","55.80","THOMPSON A","5062921","2022-02-23 15:00","2022","02","23","15:00","-21.5","","-28.5","","54","","","","25","","13","","24.1","","100.18","","","","-30","","Clear"
"-97.86","55.80","THOMPSON A","5062921","2022-02-23 16:00","2022","02","23","16:00","-21.1","","-28.3","","53","","","","27","","9","","24.1","","100.14","","","","-28","","NA"
"-97.86","55.80","THOMPSON A","5062921","2022-02-23 17:00","2022","02","23","17:00","-21.5","","-28.4","","55","","","","26","","11","","24.1","","100.13","","","","-29","","NA"
"-97.86","55.80","THOMPSON A","5062921","2022-02-23 18:00","2022","02","23","18:00","-24.2","","-30.1","","59","","","","25","","5","","24.1","","100.16","","","","-29","","Clear"
"-97.86","55.80","THOMPSON A","5062921","2022-02-23 19:00","2022","02","23","19:00","-27.1","","-31.3","","68","","","","36","","2","","24.1","","100.14","","","","-29","","NA"
"-97.86","55.80","THOMPSON A","5062921","2022-02-23 20:00","2022","02","23","20:00","-30.1","","-33.6","","72","","","","0","","1","","24.1","","100.14","","","","-31","","NA"
"-97.86","55.80","THOMPSON A","5062921","2022-02-23 21:00","2022","02","23","21:00","-31.9","","-35.3","","73","","","","36","","1","","24.1","","100.13","","","","-33","","Clear"
"-97.86","55.80","THOMPSON A","5062921","2022-02-23 22:00","2022","02","23","22:00","-33.4","","-36.7","","73","","","","36","","3","","24.1","","100.12","","","","-37","","NA"
"-97.86","55.80","THOMPSON A","5062921","2022-02-23 23:00","2022","02","23","23:00","-33.5","","-36.8","","73","","","","36","","2","","24.1","","100.15","","","","-36","","NA"
"-97.86","55.80","THOMPSON A","5062921","2022-02-24 00:00","2022","02","24","00:00","-35.8","","-39.2","","72","","","","36","","1","","24.1","","100.14","","","","-37","","Clear"
"-97.86","55.80","THOMPSON A","5062921","2022-02-24 01:00","2022","02","24","01:00","-35.5","","-38.9","","71","","","","36","","1","","24.1","","100.15","","","","-37","","NA"
"-97.86","55.80","THOMPSON A","5062921","2022-02-24 02:00","2022","02","24","02:00","-36.3","","-39.8","","71","","","","36","","4","","24.1","","100.15","","","","-41","","NA"
"-97.86","55.80","THOMPSON A","5062921","2022-02-24 03:00","2022","02","24","03:00","-36.8","","-40.1","","72","","","","36","","2","","24.1","","100.15","","","","-39","","Clear"
"-97.86","55.80","THOMPSON A","5062921","2022-02-24 04:00","2022","02","24","04:00","-37.0","","-40.5","","71","","","","36","","1","","24.1","","100.16","","","","-38","","NA"
"-97.86","55.80","THOMPSON A","5062921","2022-02-24 05:00","2022","02","24","05:00","-38.4","","-42.0","","70","","","","36","","1","","24.1","","100.13","","","","-40","","NA"
"-97.86","55.80","THOMPSON A","5062921","2022-02-24 06:00","2022","02","24","06:00","-37.4","","-41.0","","70","","","","36","","1","","24.1","","100.15","","","","-39","","Clear"
"-97.86","55.80","THOMPSON A","5062921","2022-02-24 07:00","2022","02","24","07:00","-40.0","","-43.7","","69","","","","27","","3","","24.1","","100.16","","","","-44","","NA"
"-97.86","55.80","THOMPSON A","5062921","2022-02-24 08:00","2022","02","24","08:00","-37.8","","-41.4","","70","","","","36","","3","","24.1","","100.15","","","","-42","","NA"
"-97.86","55.80","THOMPSON A","5062921","2022-02-24 09:00","2022","02","24","09:00","-34.1","","-37.6","","71","","","","36","","3","","24.1","","100.14","","","","-38","","Clear"
"-97.86","55.80","THOMPSON A","5062921","2022-02-24 10:00","2022","02","24","10:00","-30.5","","-34.0","","73","","","","36","","1","","24.1","","100.16","","","","-32","","NA"
"-97.86","55.80","THOMPSON A","5062921","2022-02-24 11:00","2022","02","24","11:00","-25.3","","-30.4","","63","","","","36","","2","","24.1","","100.13","","","","-27","","NA"
"-97.86","55.80","THOMPSON A","5062921","2022-02-24 12:00","2022","02","24","12:00","-18.9","","-25.3","","58","","","","24","","18","","24.1","","100.11","","","","-29","","Clear"
"-97.86","55.80","THOMPSON A","5062921","2022-02-24 13:00","2022","02","24","13:00","-16.3","","-24.2","","52","","","","21","","13","","24.1","","100.05","","","","-24","","NA"
"-97.86","55.80","THOMPSON A","5062921","2022-02-24 14:00","2022","02","24","14:00","-15.0","","-24.1","","46","","","","21","","16","","24.1","","99.97","","","","-23","","NA"
"-97.86","55.80","THOMPSON A","5062921","2022-02-24 15:00","2022","02","24","15:00","-14.0","","-23.7","","45","","","","20","","14","","24.1","","99.92","","","","-21","","Clear"
"-97.86","55.80","THOMPSON A","5062921","2022-02-24 16:00","2022","02","24","16:00","-13.4","","-23.3","","44","","","","20","","14","","24.1","","99.87","","","","-21","","NA"
"-97.86","55.80","THOMPSON A","5062921","2022-02-24 17:00","2022","02","24","17:00","-13.8","","-23.5","","44","","","","21","","13","","24.1","","99.85","","","","-21","","NA"
"-97.86","55.80","THOMPSON A","5062921","2022-02-24 18:00","2022","02","24","18:00","-15.8","","-23.7","","51","","","","20","","11","","24.1","","99.77","","","","-23","","Mainly Clear"
"-97.86","55.80","THOMPSON A","5062921","2022-02-24 19:00","2022","02","24","19:00","-17.8","","-24.0","","59","","","","19","","9","","24.1","","99.68","","","","-24","","NA"
"-97.86","55.80","THOMPSON A","5062921","2022-02-24 20:00","2022","02","24","20:00","-18.8","","-24.2","","63","","","","20","","10","","24.1","","99.60","","","","-26","","NA"
"-97.86","55.80","THOMPSON A","5062921","2022-02-24 21:00","2022","02","24","21:00","-18.7","","-24.5","","61","","","","21","","14","","24.1","","99.54","","","","-27","","Clear"
"-97.86","55.80","THOMPSON A","5062921","2022-02-24 22:00","2022","02","24","22:00","-19.3","","-24.8","","63","","","","21","","13","","24.1","","99.49","","","","-28","","NA"
"-97.86","55.80","THOMPSON A","5062921","2022-02-24 23:00","2022","02","24","23:00","-19.9","","-24.9","","65","","","","21","","13","","24.1","","99.41","","","","-28","","NA"
"-97.86","55.80","THOMPSON A","5062921","2022-02-25 00:00","2022","02","25","00:00","-19.9","","-25.0","","65","","","","21","","14","","24.1","","99.30","","","","-29","","Mainly Clear"
"-97.86","55.80","THOMPSON A","5062921","2022-02-25 01:00","2022","02","25","01:00","-20.0","","-25.0","","65","","","","22","","13","","24.1","","99.19","","","","-28","","NA"
"-97.86","55.80","THOMPSON A","5062921","2022-02-25 02:00","2022","02","25","02:00","-19.4","","-24.6","","64","","","","23","","18","","24.1","","99.09","","","","-29","","NA"
"-97.86","55.80","THOMPSON A","5062921","2022-02-25 03:00","2022","02","25","03:00","-19.2","","-24.2","","65","","","","22","","18","","24.1","","98.97","","","","-29","","Cloudy"
"-97.86","55.80","THOMPSON A","5062921","2022-02-25 04:00","2022","02","25","04:00","-18.7","","-23.5","","67","","","","24","","16","","24.1","","98.91","","","","-28","","Snow"
"-97.86","55.80","THOMPSON A","5062921","2022-02-25 05:00","2022","02","25","05:00","-18.6","","-23.2","","68","","","","22","","16","","24.1","","98.85","","","","-28","","Snow"
"-97.86","55.80","THOMPSON A","5062921","2022-02-25 06:00","2022","02","25","06:00","-19.5","","-23.5","","71","","","","23","","17","","24.1","","98.76","","","","-29","","Mostly Cloudy"
"-97.86","55.80","THOMPSON A","5062921","2022-02-25 07:00","2022","02","25","07:00","-20.4","","-24.0","","74","","","","23","","12","","24.1","","98.71","","","","-29","","NA"
"-97.86","55.80","THOMPSON A","5062921","2022-02-25 08:00","2022","02","25","08:00","-18.9","","-22.8","","72","","","","23","","17","","24.1","","98.66","","","","-28","","NA"
"-97.86","55.80","THOMPSON A","5062921","2022-02-25 09:00","2022","02","25","09:00","-17.8","","-21.8","","71","","","","23","","16","","24.1","","98.60","","","","-27","","Mostly Cloudy"
"-97.86","55.80","THOMPSON A","5062921","2022-02-25 10:00","2022","02","25","10:00","-15.2","","-19.7","","69","","","","24","","25","","24.1","","98.51","","","","-25","","NA"
"-97.86","55.80","THOMPSON A","5062921","2022-02-25 11:00","2022","02","25","11:00","-13.0","","-18.1","","66","","","","25","","22","","24.1","","98.42","","","","-22","","NA"
"-97.86","55.80","THOMPSON A","5062921","2022-02-25 12:00","2022","02","25","12:00","-11.3","","-16.3","","67","","","","25","","26","","24.1","","98.30","","","","-21","","Mostly Cloudy"
"-97.86","55.80","THOMPSON A","5062921","2022-02-25 13:00","2022","02","25","13:00","-10.1","","-15.6","","64","","","","23","","25","","24.1","","98.21","","","","-19","","NA"
"-97.86","55.80","THOMPSON A","5062921","2022-02-25 14:00","2022","02","25","14:00","-9.0","","-13.9","","68","","","","24","","29","","12.9","","98.12","","","","-18","","Snow,Blowing Snow"
"-97.86","55.80","THOMPSON A","5062921","2022-02-25 15:00","2022","02","25","15:00","-8.5","","-13.5","","67","","","","22","","19","","24.1","","98.01","","","","-16","","Snow,Blowing Snow"
"-97.86","55.80","THOMPSON A","5062921","2022-02-25 16:00","2022","02","25","16:00","-8.2","","-13.1","","68","","","","22","","23","","6.4","","97.93","","","","-16","","Snow,Blowing Snow"
"-97.86","55.80","THOMPSON A","5062921","2022-02-25 17:00","2022","02","25","17:00","-7.6","","-12.5","","68","","","","23","","21","","8.1","","97.81","","","","-15","","Snow,Blowing Snow"
"-97.86","55.80","THOMPSON A","5062921","2022-02-25 18:00","2022","02","25","18:00","-8.3","","-11.0","","81","","","","23","","24","","4.8","","97.72","","","","-16","","Snow,Blowing Snow"
"-97.86","55.80","THOMPSON A","5062921","2022-02-25 19:00","2022","02","25","19:00","-8.0","","-12.0","","73","","","","23","","29","","12.9","","97.64","","","","-17","","Snow,Blowing Snow"
"-97.86","55.80","THOMPSON A","5062921","2022-02-25 20:00","2022","02","25","20:00","-8.6","","-11.4","","80","","","","23","","23","","3.2","","97.61","","","","-17","","Snow,Blowing Snow"
"-97.86","55.80","THOMPSON A","5062921","2022-02-25 21:00","2022","02","25","21:00","-8.9","","-12.3","","76","","","","24","","23","","6.4","","97.51","","","","-17","","Snow,Blowing Snow"
"-97.86","55.80","THOMPSON A","5062921","2022-02-25 22:00","2022","02","25","22:00","-9.5","","-12.5","","79","","","","25","","23","","12.9","","97.46","","","","-18","","Snow,Blowing Snow"
"-97.86","55.80","THOMPSON A","5062921","2022-02-25 23:00","2022","02","25","23:00","-9.7","","-12.6","","80","","","","26","","18","","24.1","","97.45","","","","-17","","Snow,Blowing Snow"
"-97.86","55.80","THOMPSON A","5062921","2022-02-26 00:00","2022","02","26","00:00","-10.1","","-12.1","","85","","","","28","","12","","4.8","","97.48","","","","-16","","Snow"
"-97.86","55.80","THOMPSON A","5062921","2022-02-26 01:00","2022","02","26","01:00","-9.8","","-12.4","","81","","","","34","","13","","6.4","","97.60","","","","-16","","Snow,Blowing Snow"
"-97.86","55.80","THOMPSON A","5062921","2022-02-26 02:00","2022","02","26","02:00","-11.2","","-15.0","","74","","","","32","","17","","24.1","","97.71","","","","-19","","Snow,Blowing Snow"
"-97.86","55.80","THOMPSON A","5062921","2022-02-26 03:00","2022","02","26","03:00","-13.9","","-18.0","","71","","","","33","","21","","24.1","","97.85","","","","-23","","Blowing Snow"
"-97.86","55.80","THOMPSON A","5062921","2022-02-26 04:00","2022","02","26","04:00","-16.2","","-19.7","","75","","","","33","","14","","24.1","","97.98","","","","-24","","NA"
"-97.86","55.80","THOMPSON A","5062921","2022-02-26 05:00","2022","02","26","05:00","-18.0","","-21.4","","75","","","","34","","16","","24.1","","98.07","","","","-27","","NA"
"-97.86","55.80","THOMPSON A","5062921","2022-02-26 06:00","2022","02","26","06:00","-19.1","","-22.2","","77","","","","31","","12","","24.1","","98.13","","","","-27","","Snow"
"-97.86","55.80","THOMPSON A","5062921","2022-02-26 07:00","2022","02","26","07:00","-20.0","","-23.3","","75","","","","32","","15","","24.1","","98.21","","","","-29","","NA"
"-97.86","55.80","THOMPSON A","5062921","2022-02-26 08:00","2022","02","26","08:00","-20.7","","-24.3","","73","","","","31","","20","","24.1","","98.30","","","","-31","","NA"
"-97.86","55.80","THOMPSON A","5062921","2022-02-26 09:00","2022","02","26","09:00","-20.7","","-25.1","","68","","","","32","","27","","24.1","","98.37","","","","-33","","Blowing Snow"
"-97.86","55.80","THOMPSON A","5062921","2022-02-26 10:00","2022","02","26","10:00","-20.7","","-25.7","","65","","","","33","","21","","12.9","","98.50","","","","-32","","Blowing Snow"
"-97.86","55.80","THOMPSON A","5062921","2022-02-26 11:00","2022","02","26","11:00","-20.9","","-27.2","","58","","","","30","","33","","24.1","","98.59","","","","-34","","Blowing Snow"
"-97.86","55.80","THOMPSON A","5062921","2022-02-26 12:00","2022","02","26","12:00","-20.5","","-28.0","","52","","","","31","","26","","24.1","","98.68","","","","-32","","Blowing Snow"
"-97.86","55.80","THOMPSON A","5062921","2022-02-26 13:00","2022","02","26","13:00","-19.5","","-27.3","","51","","","","32","","21","","24.1","","98.74","","","","-30","","Blowing Snow"
"-97.86","55.80","THOMPSON A","5062921","2022-02-26 14:00","2022","02","26","14:00","-18.7","","-26.2","","52","","","","30","","28","","24.1","","98.80","","","","-31","","NA"
"-97.86","55.80","THOMPSON A","5062921","2022-02-26 15:00","2022","02","26","15:00","-19.0","","-27.3","","49","","","","31","","24","","24.1","","98.89","","","","-30","","Mainly Clear"
"-97.86","55.80","THOMPSON A","5062921","2022-02-26 16:00","2022","02","26","16:00","-18.8","","-26.9","","50","","","","32","","26","","24.1","","98.95","","","","-30","","Blowing Snow"
"-97.86","55.80","THOMPSON A","5062921","2022-02-26 17:00","2022","02","26","17:00","-19.1","","-26.7","","52","","","","32","","13","","24.1","","99.04","","","","-27","","Blowing Snow"
"-97.86","55.80","THOMPSON A","5062921","2022-02-26 18:00","2022","02","26","18:00","-20.3","","-26.8","","57","","","","33","","15","","24.1","","99.12","","","","-29","","Blowing Snow"
"-97.86","55.80","THOMPSON A","5062921","2022-02-26 19:00","2022","02","26","19:00","-21.7","","-27.9","","58","","","","33","","13","","24.1","","99.18","","","","-30","","NA"
"-97.86","55.80","THOMPSON A","5062921","2022-02-26 20:00","2022","02","26","20:00","-22.9","","-28.6","","61","","","","31","","11","","24.1","","99.28","","","","-31","","NA"
"-97.86","55.80","THOMPSON A","5062921","2022-02-26 21:00","2022","02","26","21:00","-24.4","","-29.4","","64","","","","31","","7","","24.1","","99.35","","","","-31","","Clear"
"-97.86","55.80","THOMPSON A","5062921","2022-02-26 22:00","2022","02","26","22:00","-24.5","","-29.4","","64","","","","35","","10","","24.1","","99.32","","","","-33","","NA"
"-97.86","55.80","THOMPSON A","5062921","2022-02-26 23:00","2022","02","26","23:00","-26.5","","-30.6","","69","","","","29","","4","","24.1","","99.42","","","","-31","","NA"
"-97.86","55.80","THOMPSON A","5062921","2022-02-27 00:00","2022","02","27","00:00","-27.1","","-30.7","","72","","","","32","","5","","24.1","","99.49","","","","-32","","Clear"
"-97.86","55.80","THOMPSON A","5062921","2022-02-27 01:00","2022","02","27","01:00","-29.4","","-33.0","","72","","","","30","","7","","24.1","","99.52","","","","-37","","NA"
"-97.86","55.80","THOMPSON A","5062921","2022-02-27 02:00","2022","02","27","02:00","-29.1","","-32.2","","75","","","","30","","5","","24.1","","99.56","","","","-35","","NA"
"-97.86","55.80","THOMPSON A","5062921","2022-02-27 03:00","2022","02","27","03:00","-29.4","","-32.5","","75","","","","30","","7","","24.1","","99.63","","","","-37","","Clear"
"-97.86","55.80","THOMPSON A","5062921","2022-02-27 04:00","2022","02","27","04:00","-30.2","","-33.4","","74","","","","30","","9","","24.1","","99.65","","","","-39","","NA"
"-97.86","55.80","THOMPSON A","5062921","2022-02-27 05:00","2022","02","27","05:00","-29.4","","-32.6","","74","","","","31","","9","","24.1","","99.67","","","","-38","","NA"
"-97.86","55.80","THOMPSON A","5062921","2022-02-27 06:00","2022","02","27","06:00","-29.9","","-33.1","","75","","","","32","","8","","24.1","","99.70","","","","-38","","Clear"
"-97.86","55.80","THOMPSON A","5062921","2022-02-27 07:00","2022","02","27","07:00","-31.3","","-34.3","","76","","","","29","","11","","24.1","","99.76","","","","-41","","NA"
"-97.86","55.80","THOMPSON A","5062921","2022-02-27 08:00","2022","02","27","08:00","-31.2","","-34.3","","75","","","","29","","10","","24.1","","99.79","","","","-41","","NA"
"-97.86","55.80","THOMPSON A","5062921","2022-02-27 09:00","2022","02","27","09:00","-29.6","","-33.0","","73","","","","28","","8","","24.1","","99.83","","","","-38","","Clear"
"-97.86","55.80","THOMPSON A","5062921","2022-02-27 10:00","2022","02","27","10:00","-26.5","","-30.9","","67","","","","29","","12","","24.1","","99.87","","","","-36","","NA"
"-97.86","55.80","THOMPSON A","5062921","2022-02-27 11:00","2022","02","27","11:00","-23.7","","-29.2","","62","","","","31","","13","","24.1","","99.86","","","","-33","","NA"
"-97.86","55.80","THOMPSON A","5062921","2022-02-27 12:00","2022","02","27","12:00","-21.4","","-27.7","","58","","","","28","","15","","24.1","","99.85","","","","-31","","Clear"
"-97.86","55.80","THOMPSON A","5062921","2022-02-27 13:00","2022","02","27","13:00","-19.5","","-26.5","","55","","","","27","","8","","24.1","","99.82","","","","-26","","NA"
"-97.86","55.80","THOMPSON A","5062921","2022-02-27 14:00","2022","02","27","14:00","-18.2","","-25.6","","53","","","","28","","15","","24.1","","99.81","","","","-27","","NA"
"-97.86","55.80","THOMPSON A","5062921","2022-02-27 15:00","2022","02","27","15:00","-17.3","","-25.3","","50","","","","28","","11","","24.1","","99.75","","","","-24","","Clear"
"-97.86","55.80","THOMPSON A","5062921","2022-02-27 16:00","2022","02","27","16:00","-17.1","","-24.9","","51","","","","26","","13","","24.1","","99.72","","","","-25","","NA"
"-97.86","55.80","THOMPSON A","5062921","2022-02-27 17:00","2022","02","27","17:00","-17.9","","-25.2","","54","","","","28","","8","","24.1","","99.70","","","","-24","","NA"
"-97.86","55.80","THOMPSON A","5062921","2022-02-27 18:00","2022","02","27","18:00","-19.6","","-26.3","","56","","","","32","","8","","24.1","","99.68","","","","-26","","Mainly Clear"
"-97.86","55.80","THOMPSON A","5062921","2022-02-27 19:00","2022","02","27","19:00","-23.1","","-28.2","","64","","","","34","","9","","24.1","","99.64","","","","-30","","NA"
"-97.86","55.80","THOMPSON A","5062921","2022-02-27 20:00","2022","02","27","20:00","-24.1","","-28.1","","70","","","","36","","2","","24.1","","99.62","","","","-26","","NA"
"-97.86","55.80","THOMPSON A","5062921","2022-02-27 21:00","2022","02","27","21:00","-27.4","","-30.9","","73","","","","36","","2","","24.1","","99.58","","","","-30","","Clear"
"-97.86","55.80","THOMPSON A","5062921","2022-02-27 22:00","2022","02","27","22:00","-29.3","","-32.7","","73","","","","36","","1","","24.1","","99.55","","","","-30","","NA"
"-97.86","55.80","THOMPSON A","5062921","2022-02-27 23:00","2022","02","27","23:00","-28.2","","-31.0","","78","","","","36","","2","","24.1","","99.50","","","","-30","","NA"
"-97.86","55.80","THOMPSON A","5062921","2022-02-28 00:00","2022","02","28","00:00","-28.4","","-31.1","","78","","","","30","","3","","24.1","","99.47","","","","-32","","Clear"
"-97.86","55.80","THOMPSON A","5062921","2022-02-28 01:00","2022","02","28","01:00","-31.6","","-34.9","","74","","","","36","","2","","24.1","","99.44","","","","-34","","NA"
"-97.86","55.80","THOMPSON A","5062921","2022-02-28 02:00","2022","02","28","02:00","-32.1","","-35.2","","74","","","","36","","3","","24.1","","99.39","","","","-36","","NA"
"-97.86","55.80","THOMPSON A","5062921","2022-02-28 03:00","2022","02","28","03:00","-32.6","","-35.9","","74","","","","30","","5","","24.1","","99.35","","","","-39","","Clear"
"-97.86","55.80","THOMPSON A","5062921","2022-02-28 04:00","2022","02","28","04:00","-33.2","","-36.5","","73","","","","32","","4","","24.1","","99.30","","","","-38","","NA"
"-97.86","55.80","THOMPSON A","5062921","2022-02-28 05:00","2022","02","28","05:00","-32.8","","-36.0","","73","","","","27","","4","","24.1","","99.27","","","","-38","","NA"
"-97.86","55.80","THOMPSON A","5062921","2022-02-28 06:00","2022","02","28","06:00","-33.5","","-36.9","","72","","","","0","","1","","24.1","","99.26","","","","-35","","Mainly Clear"
"-97.86","55.80","THOMPSON A","5062921","2022-02-28 07:00","2022","02","28","07:00","-34.2","","-37.5","","73","","","","36","","2","","24.1","","99.23","","","","-37","","NA"
"-97.86","55.80","THOMPSON A","5062921","2022-02-28 08:00","2022","02","28","08:00","-33.7","","-36.9","","74","","","","29","","5","","24.1","","99.20","","","","-40","","NA"
"-97.86","55.80","THOMPSON A","5062921","2022-02-28 09:00","2022","02","28","09:00","-29.7","","-32.9","","75","","","","26","","6","","24.1","","99.16","","","","-36","","Mostly Cloudy"
"-97.86","55.80","THOMPSON A","5062921","2022-02-28 10:00","2022","02","28","10:00","-26.4","","-30.1","","72","","","","24","","6","","24.1","","99.10","","","","-32","","NA"
"-97.86","55.80","THOMPSON A","5062921","2022-02-28 11:00","2022","02","28","11:00","-20.8","","-26.4","","62","","","","27","","9","","24.1","","99.09","","","","-28","","NA"
"-97.86","55.80","THOMPSON A","5062921","2022-02-28 12:00","2022","02","28","12:00","-16.4","","-23.6","","55","","","","28","","16","","24.1","","99.00","","","","-25","","Mainly Clear"
"-97.86","55.80","THOMPSON A","5062921","2022-02-28 13:00","2022","02","28","13:00","-15.1","","-23.1","","51","","","","29","","15","","24.1","","98.91","","","","-23","","NA"
"-97.86","55.80","THOMPSON A","5062921","2022-02-28 14:00","2022","02","28","14:00","-13.6","","-22.7","","47","","","","31","","17","","24.1","","98.84","","","","-22","","NA"
"-97.86","55.80","THOMPSON A","5062921","2022-02-28 15:00","2022","02","28","15:00","-13.0","","-22.0","","48","","","","28","","13","","24.1","","98.81","","","","-20","","Clear"
"-97.86","55.80","THOMPSON A","5062921","2022-02-28 16:00","2022","02","28","16:00","-12.6","","-21.9","","46","","","","26","","14","","24.1","","98.79","","","","-20","","NA"
"-97.86","55.80","THOMPSON A","5062921","2022-02-28 17:00","2022","02","28","17:00","-13.4","","-21.6","","51","","","","26","","17","","24.1","","98.78","","","","-21","","NA"
"-97.86","55.80","THOMPSON A","5062921","2022-02-28 18:00","2022","02","28","18:00","-14.6","","-22.3","","53","","","","34","","7","","24.1","","98.82","","","","-19","","Clear"
"-97.86","55.80","THOMPSON A","5062921","2022-02-28 19:00","2022","02","28","19:00","-19.6","","-24.4","","66","","","","36","","3","","24.1","","98.82","","","","-22","","NA"
"-97.86","55.80","THOMPSON A","5062921","2022-02-28 20:00","2022","02","28","20:00","-23.8","","-27.8","","70","","","","2","","7","","24.1","","98.81","","","","-30","","NA"
"-97.86","55.80","THOMPSON A","5062921","2022-02-28 21:00","2022","02","28","21:00","-24.6","","-27.9","","74","","","","36","","1","","24.1","","98.82","","","","-26","","Clear"
"-97.86","55.80","THOMPSON A","5062921","2022-02-28 22:00","2022","02","28","22:00","-26.7","","-29.9","","75","","","","36","","3","","24.1","","98.83","","","","-30","","NA"
"-97.86","55.80","THOMPSON A","5062921","2022-02-28 23:00","2022","02","28","23:00","-28.9","","-31.9","","76","","","","35","","3","","24.1","","98.85","","","","-32","","NA"
