"Longitude (x)","Latitude (y)","Station Name","Climate ID","Date/Time (LST)","Year","Month","Day","Time (LST)","Temp (°C)","Temp Flag","Dew Point Temp (°C)","Dew Point Temp Flag","Rel Hum (%)","Rel Hum Flag","Precip. Amount (mm)","Precip. Amount Flag","Wind Dir (10s deg)","Wind Dir Flag","Wind Spd (km/h)","Wind Spd Flag","Visibility (km)","Visibility Flag","Stn Press (kPa)","Stn Press Flag","Hmdx","Hmdx Flag","Wind Chill","Wind Chill Flag","Weather"
"-66.81","54.81","SCHEFFERVILLE A","7117823","2021-03-01 00:00","2021","03","01","00:00","-23.6","","-30.1","","56","","0.0","","16","","13","","16.1","","95.20","","","","-33","","NA"
"-66.81","54.81","SCHEFFERVILLE A","7117823","2021-03-01 01:00","2021","03","01","01:00","-23.7","","-29.8","","58","","0.0","","15","","17","","16.1","","95.09","","","","-34","","NA"
"-66.81","54.81","SCHEFFERVILLE A","7117823","2021-03-01 02:00","2021","03","01","02:00","-23.5","","-29.3","","60","","0.0","","15","","15","","16.1","","95.02","","","","-33","","NA"
"-66.81","54.81","SCHEFFERVILLE A","7117823","2021-03-01 03:00","2021","03","01","03:00","-23.3","","-28.9","","61","","0.0","","15","","21","","16.1","","94.89","","","","-35","","NA"
"-66.81","54.81","SCHEFFERVILLE A","7117823","2021-03-01 04:00","2021","03","01","04:00","-22.5","","-27.9","","62","","0.0","","17","","15","","16.1","","94.69","","","","-32","","NA"
"-66.81","54.81","SCHEFFERVILLE A","7117823","2021-03-01 05:00","2021","03","01","05:00","-21.1","","-26.8","","61","","0.0","","15","","18","","16.1","","94.45","","","","-31","","NA"
"-66.81","54.81","SCHEFFERVILLE A","7117823","2021-03-01 06:00","2021","03","01","06:00","-20.0","","-25.0","","65","","0.0","","16","","24","","16.1","","94.32","","","","-31","","NA"
"-66.81","54.81","SCHEFFERVILLE A","7117823","2021-03-01 07:00","2021","03","01","07:00","-17.8","","-21.9","","71","","0.0","","15","","21","","16.1","","94.13","","","","-28","","NA"
"-66.81","54.81","SCHEFFERVILLE A","7117823","2021-03-01 08:00","2021","03","01","08:00","-16.8","","-18.8","","85","","0.0","","15","","15","","1.2","","93.95","","","","-25","","Snow"
"-66.81","54.81","SCHEFFERVILLE A","7117823","2021-03-01 09:00","2021","03","01","09:00","-14.5","","-16.4","","86","","0.0","","14","","24","","1.2","","93.62","","","","-24","","Snow"
"-66.81","54.81","SCHEFFERVILLE A","7117823","2021-03-01 10:00","2021","03","01","10:00","-12.9","","-14.6","","87","","0.0","","15","","28","","0.8","","93.44","","","","-23","","Moderate Snow"
"-66.81","54.81","SCHEFFERVILLE A","7117823","2021-03-01 11:00","2021","03","01","11:00","-11.2","","-12.8","","88","","0.0","","15","","30","","0.8","","93.21","","","","-21","","Moderate Snow"
"-66.81","54.81","SCHEFFERVILLE A","7117823","2021-03-01 12:00","2021","03","01","12:00","-9.8","","-11.2","","89","","0.0","","15","","37","","0.4","","93.01","","","","-20","","Heavy Snow"
"-66.81","54.81","SCHEFFERVILLE A","7117823","2021-03-01 13:00","2021","03","01","13:00","-8.2","","-9.3","","92","","0.0","","15","","34","","0.4","","92.89","","","","-18","","Heavy Snow"
"-66.81","54.81","SCHEFFERVILLE A","7117823","2021-03-01 14:00","2021","03","01","14:00","-7.3","","-8.5","","91","","0.0","","15","","30","","1.0","","92.78","","","","-16","","Snow"
"-66.81","54.81","SCHEFFERVILLE A","7117823","2021-03-01 15:00","2021","03","01","15:00","-6.8","","-8.0","","91","","0.0","","16","","24","","1.2","","92.75","","","","-14","","Snow"
"-66.81","54.81","SCHEFFERVILLE A","7117823","2021-03-01 16:00","2021","03","01","16:00","-6.6","","-7.8","","91","","0.0","","16","","26","","2.0","","92.70","","","","-15","","Snow"
"-66.81","54.81","SCHEFFERVILLE A","7117823","2021-03-01 17:00","2021","03","01","17:00","-6.4","","-7.5","","92","","0.0","","16","","28","","3.6","","92.70","","","","-15","","Snow"
"-66.81","54.81","SCHEFFERVILLE A","7117823","2021-03-01 18:00","2021","03","01","18:00","-6.2","","-7.0","","94","","0.0","","15","","22","","8.1","","92.72","","","","-13","","Snow"
"-66.81","54.81","SCHEFFERVILLE A","7117823","2021-03-01 19:00","2021","03","01","19:00","-6.5","","-7.2","","95","","0.0","","14","","15","","16.1","","92.76","","","","-12","","Snow"
"-66.81","54.81","SCHEFFERVILLE A","7117823","2021-03-01 20:00","2021","03","01","20:00","-6.1","","-6.9","","94","","0.0","","15","","18","","16.1","","92.78","","","","-13","","Snow"
"-66.81","54.81","SCHEFFERVILLE A","7117823","2021-03-01 21:00","2021","03","01","21:00","-5.6","","-6.7","","92","","0.0","","16","","26","","16.1","","92.82","","","","-13","","Snow"
"-66.81","54.81","SCHEFFERVILLE A","7117823","2021-03-01 22:00","2021","03","01","22:00","-5.9","","-6.9","","93","","0.0","","17","","15","","12.9","","92.84","","","","-12","","Snow"
"-66.81","54.81","SCHEFFERVILLE A","7117823","2021-03-01 23:00","2021","03","01","23:00","-6.6","","-8.1","","89","","0.0","","30","","13","","16.1","","92.83","","","","-12","","Snow"
"-66.81","54.81","SCHEFFERVILLE A","7117823","2021-03-02 00:00","2021","03","02","00:00","-8.4","","-10.2","","87","","0.0","","31","","13","","16.1","","92.86","","","","-14","","Snow"
"-66.81","54.81","SCHEFFERVILLE A","7117823","2021-03-02 01:00","2021","03","02","01:00","-9.3","","-10.9","","88","","0.0","","33","","15","","16.1","","92.91","","","","-16","","Snow"
"-66.81","54.81","SCHEFFERVILLE A","7117823","2021-03-02 02:00","2021","03","02","02:00","-13.0","","-14.7","","87","","0.0","","33","","18","","9.7","","92.97","","","","-21","","Snow"
"-66.81","54.81","SCHEFFERVILLE A","7117823","2021-03-02 03:00","2021","03","02","03:00","-15.5","","-17.3","","86","","0.0","","33","","21","","1.6","","93.02","","","","-25","","Snow"
"-66.81","54.81","SCHEFFERVILLE A","7117823","2021-03-02 04:00","2021","03","02","04:00","-17.8","","-20.0","","83","","0.0","","34","","34","","2.0","","93.07","","","","-30","","Snow"
"-66.81","54.81","SCHEFFERVILLE A","7117823","2021-03-02 05:00","2021","03","02","05:00","-19.0","","-21.0","","85","","0.0","","33","","22","","1.6","","93.15","","","","-30","","Snow"
"-66.81","54.81","SCHEFFERVILLE A","7117823","2021-03-02 06:00","2021","03","02","06:00","-20.0","","-22.3","","82","","0.0","","33","","26","","2.0","","93.20","","","","-32","","Snow"
"-66.81","54.81","SCHEFFERVILLE A","7117823","2021-03-02 07:00","2021","03","02","07:00","-20.9","","-23.4","","81","","0.2","","34","","28","","1.6","","93.23","","","","-33","","Snow"
"-66.81","54.81","SCHEFFERVILLE A","7117823","2021-03-02 08:00","2021","03","02","08:00","-21.7","","-24.3","","80","","0.1","","33","","26","","1.6","","93.26","","","","-34","","Snow"
"-66.81","54.81","SCHEFFERVILLE A","7117823","2021-03-02 09:00","2021","03","02","09:00","-21.6","","-24.3","","79","","0.1","","34","","26","","1.6","","93.29","","","","-34","","Snow"
"-66.81","54.81","SCHEFFERVILLE A","7117823","2021-03-02 10:00","2021","03","02","10:00","-21.6","","-24.3","","79","","0.2","","34","","32","","1.0","","93.33","","","","-35","","Snow"
"-66.81","54.81","SCHEFFERVILLE A","7117823","2021-03-02 11:00","2021","03","02","11:00","-21.0","","-24.0","","77","","0.2","","34","","35","","1.2","","93.30","","","","-35","","Snow"
"-66.81","54.81","SCHEFFERVILLE A","7117823","2021-03-02 12:00","2021","03","02","12:00","-20.4","","-23.3","","78","","0.2","","34","","35","","1.2","","93.26","","","","-34","","Snow"
"-66.81","54.81","SCHEFFERVILLE A","7117823","2021-03-02 13:00","2021","03","02","13:00","-20.6","","-23.6","","77","","0.1","","34","","34","","1.6","","93.26","","","","-34","","Snow"
"-66.81","54.81","SCHEFFERVILLE A","7117823","2021-03-02 14:00","2021","03","02","14:00","-20.8","","-23.7","","78","","0.4","","34","","37","","0.8","","93.30","","","","-35","","Moderate Snow"
"-66.81","54.81","SCHEFFERVILLE A","7117823","2021-03-02 15:00","2021","03","02","15:00","-21.6","","-24.3","","79","","0.2","","33","","37","","1.2","","93.31","","","","-36","","Snow"
"-66.81","54.81","SCHEFFERVILLE A","7117823","2021-03-02 16:00","2021","03","02","16:00","-22.3","","-25.0","","79","","0.7","","33","","37","","0.8","","93.44","","","","-37","","Moderate Snow"
"-66.81","54.81","SCHEFFERVILLE A","7117823","2021-03-02 17:00","2021","03","02","17:00","-22.8","","-25.4","","80","","1.0","","34","","34","","0.8","","93.47","","","","-37","","Moderate Snow"
"-66.81","54.81","SCHEFFERVILLE A","7117823","2021-03-02 18:00","2021","03","02","18:00","-23.5","","-26.2","","79","","1.2","","34","","35","","1.2","","93.52","","","","-38","","Snow"
"-66.81","54.81","SCHEFFERVILLE A","7117823","2021-03-02 19:00","2021","03","02","19:00","-23.8","","-26.3","","80","","1.9","","34","","30","","1.0","","93.55","","","","-38","","Snow"
"-66.81","54.81","SCHEFFERVILLE A","7117823","2021-03-02 20:00","2021","03","02","20:00","-24.3","","-27.0","","79","","1.3","","35","","32","","1.2","","93.59","","","","-39","","Snow"
"-66.81","54.81","SCHEFFERVILLE A","7117823","2021-03-02 21:00","2021","03","02","21:00","-24.5","","-27.2","","79","","0.8","","34","","26","","1.2","","93.64","","","","-38","","Snow"
"-66.81","54.81","SCHEFFERVILLE A","7117823","2021-03-02 22:00","2021","03","02","22:00","-25.1","","-27.9","","78","","0.4","","34","","28","","1.6","","93.58","","","","-39","","Snow"
"-66.81","54.81","SCHEFFERVILLE A","7117823","2021-03-02 23:00","2021","03","02","23:00","-25.2","","-28.0","","78","","0.4","","34","","30","","1.2","","93.58","","","","-39","","Snow"
"-66.81","54.81","SCHEFFERVILLE A","7117823","2021-03-03 00:00","2021","03","03","00:00","-25.5","","-28.3","","78","","0.8","","34","","30","","1.2","","93.57","","","","-40","","Snow"
"-66.81","54.81","SCHEFFERVILLE A","7117823","2021-03-03 01:00","2021","03","03","01:00","-25.3","","-28.1","","78","","0.9","","34","","28","","1.2","","93.53","","","","-39","","Snow"
"-66.81","54.81","SCHEFFERVILLE A","7117823","2021-03-03 02:00","2021","03","03","02:00","-25.1","","-28.0","","77","","0.4","","34","","35","","2.0","","93.46","","","","-40","","Snow"
"-66.81","54.81","SCHEFFERVILLE A","7117823","2021-03-03 03:00","2021","03","03","03:00","-25.0","","-27.8","","78","","0.6","","34","","37","","1.0","","93.47","","","","-40","","Snow"
"-66.81","54.81","SCHEFFERVILLE A","7117823","2021-03-03 04:00","2021","03","03","04:00","-24.4","","-27.2","","78","","1.0","","34","","32","","1.2","","93.44","","","","-39","","Snow"
"-66.81","54.81","SCHEFFERVILLE A","7117823","2021-03-03 05:00","2021","03","03","05:00","-24.1","","-26.8","","79","","1.2","","33","","30","","1.2","","93.43","","","","-38","","Snow"
"-66.81","54.81","SCHEFFERVILLE A","7117823","2021-03-03 06:00","2021","03","03","06:00","-23.8","","-26.5","","79","","0.9","","34","","34","","0.8","","93.40","","","","-38","","Moderate Snow"
"-66.81","54.81","SCHEFFERVILLE A","7117823","2021-03-03 07:00","2021","03","03","07:00","-23.4","","-26.0","","80","","1.2","","34","","28","","0.8","","93.38","","","","-37","","Moderate Snow"
"-66.81","54.81","SCHEFFERVILLE A","7117823","2021-03-03 08:00","2021","03","03","08:00","-23.0","","-25.6","","80","","2.5","","35","","30","","0.4","","93.32","","","","-36","","Heavy Snow"
"-66.81","54.81","SCHEFFERVILLE A","7117823","2021-03-03 09:00","2021","03","03","09:00","-22.2","","-24.9","","79","","2.1","","34","","32","","0.6","","93.31","","","","-36","","Heavy Snow"
"-66.81","54.81","SCHEFFERVILLE A","7117823","2021-03-03 10:00","2021","03","03","10:00","-21.4","","-24.1","","79","","2.1","","34","","35","","0.6","","93.27","","","","-35","","Moderate Snow"
"-66.81","54.81","SCHEFFERVILLE A","7117823","2021-03-03 11:00","2021","03","03","11:00","-20.5","","-23.1","","80","","2.4","","34","","30","","0.8","","93.25","","","","-33","","Moderate Snow"
"-66.81","54.81","SCHEFFERVILLE A","7117823","2021-03-03 12:00","2021","03","03","12:00","-19.8","","-22.4","","80","","0.5","","34","","32","","1.6","","93.26","","","","-33","","Snow"
"-66.81","54.81","SCHEFFERVILLE A","7117823","2021-03-03 13:00","2021","03","03","13:00","-17.9","","-20.6","","80","","0.0","","34","","32","","1.2","","93.25","","","","-30","","Snow"
"-66.81","54.81","SCHEFFERVILLE A","7117823","2021-03-03 14:00","2021","03","03","14:00","-17.5","","-19.7","","83","","0.0","","34","","34","","2.4","","93.25","","","","-30","","Snow"
"-66.81","54.81","SCHEFFERVILLE A","7117823","2021-03-03 15:00","2021","03","03","15:00","-17.1","","-19.2","","84","","0.0","","34","","24","","2.8","","93.31","","","","-28","","Snow"
"-66.81","54.81","SCHEFFERVILLE A","7117823","2021-03-03 16:00","2021","03","03","16:00","-16.9","","-19.0","","84","","0.0","","33","","35","","1.0","","93.26","","","","-29","","Snow"
"-66.81","54.81","SCHEFFERVILLE A","7117823","2021-03-03 17:00","2021","03","03","17:00","-16.7","","-18.8","","84","","0.0","","34","","37","","2.0","","93.33","","","","-29","","Snow"
"-66.81","54.81","SCHEFFERVILLE A","7117823","2021-03-03 18:00","2021","03","03","18:00","-16.8","","-18.8","","85","","0.0","","33","","32","","1.0","","93.36","","","","-29","","Snow"
"-66.81","54.81","SCHEFFERVILLE A","7117823","2021-03-03 19:00","2021","03","03","19:00","-16.9","","-18.9","","85","","0.0","","33","","37","","1.2","","93.31","","","","-30","","Snow"
"-66.81","54.81","SCHEFFERVILLE A","7117823","2021-03-03 20:00","2021","03","03","20:00","-17.0","","-19.1","","84","","0.0","","33","","35","","1.6","","93.26","","","","-29","","Snow,Blowing Snow"
"-66.81","54.81","SCHEFFERVILLE A","7117823","2021-03-03 21:00","2021","03","03","21:00","-16.8","","-19.0","","83","","0.0","","33","","41","","2.0","","93.21","","","","-30","","Snow,Blowing Snow"
"-66.81","54.81","SCHEFFERVILLE A","7117823","2021-03-03 22:00","2021","03","03","22:00","-16.7","","-18.9","","83","","0.0","","33","","34","","3.6","","93.15","","","","-29","","Snow"
"-66.81","54.81","SCHEFFERVILLE A","7117823","2021-03-03 23:00","2021","03","03","23:00","-16.1","","-18.1","","85","","0.0","","33","","34","","4.8","","93.06","","","","-28","","Snow"
"-66.81","54.81","SCHEFFERVILLE A","7117823","2021-03-04 00:00","2021","03","04","00:00","-15.7","","-17.7","","85","","0.0","","34","","30","","2.0","","93.02","","","","-27","","Snow"
"-66.81","54.81","SCHEFFERVILLE A","7117823","2021-03-04 01:00","2021","03","04","01:00","-15.2","","-17.0","","86","","0.0","","34","","30","","2.0","","92.98","","","","-26","","Snow"
"-66.81","54.81","SCHEFFERVILLE A","7117823","2021-03-04 02:00","2021","03","04","02:00","-14.4","","-16.3","","86","","0.0","","33","","32","","3.2","","92.90","","","","-26","","Snow"
"-66.81","54.81","SCHEFFERVILLE A","7117823","2021-03-04 03:00","2021","03","04","03:00","-13.7","","-15.6","","86","","0.0","","34","","34","","3.6","","92.78","","","","-25","","Snow"
"-66.81","54.81","SCHEFFERVILLE A","7117823","2021-03-04 04:00","2021","03","04","04:00","-13.0","","-14.7","","87","","0.0","","33","","35","","4.8","","92.61","","","","-24","","Snow"
"-66.81","54.81","SCHEFFERVILLE A","7117823","2021-03-04 05:00","2021","03","04","05:00","-12.5","","-14.0","","89","","0.0","","33","","41","","2.8","","92.51","","","","-24","","Snow,Blowing Snow"
"-66.81","54.81","SCHEFFERVILLE A","7117823","2021-03-04 06:00","2021","03","04","06:00","-11.7","","-13.2","","89","","0.0","","33","","35","","1.6","","92.45","","","","-22","","Snow,Blowing Snow"
"-66.81","54.81","SCHEFFERVILLE A","7117823","2021-03-04 07:00","2021","03","04","07:00","-10.7","","-12.0","","90","","0.0","","33","","34","","1.2","","92.37","","","","-21","","Snow"
"-66.81","54.81","SCHEFFERVILLE A","7117823","2021-03-04 08:00","2021","03","04","08:00","-9.6","","-11.0","","90","","0.0","","34","","32","","1.6","","92.30","","","","-19","","Snow"
"-66.81","54.81","SCHEFFERVILLE A","7117823","2021-03-04 09:00","2021","03","04","09:00","-8.2","","-9.4","","91","","0.0","","34","","35","","1.0","","92.24","","","","-18","","Snow"
"-66.81","54.81","SCHEFFERVILLE A","7117823","2021-03-04 10:00","2021","03","04","10:00","-7.0","","-8.1","","92","","0.0","","35","","32","","0.8","","92.29","","","","-16","","Moderate Snow"
"-66.81","54.81","SCHEFFERVILLE A","7117823","2021-03-04 11:00","2021","03","04","11:00","-3.9","","-6.7","","81","","0.0","","7","","28","","3.6","","92.48","","","","-11","","Snow"
"-66.81","54.81","SCHEFFERVILLE A","7117823","2021-03-04 12:00","2021","03","04","12:00","-3.8","","-10.7","","59","","0.0","","8","","22","","16.1","","92.62","","","","-10","","NA"
"-66.81","54.81","SCHEFFERVILLE A","7117823","2021-03-04 13:00","2021","03","04","13:00","-4.8","","-10.2","","66","","0.0","","5","","21","","16.1","","92.71","","","","-11","","Snow"
"-66.81","54.81","SCHEFFERVILLE A","7117823","2021-03-04 14:00","2021","03","04","14:00","-4.8","","-10.7","","64","","0.0","","5","","34","","16.1","","92.81","","","","-13","","NA"
"-66.81","54.81","SCHEFFERVILLE A","7117823","2021-03-04 15:00","2021","03","04","15:00","-4.6","","-11.3","","60","","0.0","","4","","28","","16.1","","92.82","","","","-12","","NA"
"-66.81","54.81","SCHEFFERVILLE A","7117823","2021-03-04 16:00","2021","03","04","16:00","-4.5","","-10.6","","63","","0.0","","1","","18","","16.1","","92.84","","","","-11","","NA"
"-66.81","54.81","SCHEFFERVILLE A","7117823","2021-03-04 17:00","2021","03","04","17:00","-5.2","","-10.6","","66","","0.0","","36","","24","","16.1","","92.82","","","","-12","","NA"
"-66.81","54.81","SCHEFFERVILLE A","7117823","2021-03-04 18:00","2021","03","04","18:00","-6.0","","-9.9","","74","","0.0","","35","","22","","16.1","","92.82","","","","-13","","NA"
"-66.81","54.81","SCHEFFERVILLE A","7117823","2021-03-04 19:00","2021","03","04","19:00","-6.4","","-7.7","","91","","0.0","","4","","22","","1.6","","92.94","","","","-14","","Snow"
"-66.81","54.81","SCHEFFERVILLE A","7117823","2021-03-04 20:00","2021","03","04","20:00","-7.6","","-11.1","","76","","0.0","","5","","15","","16.1","","92.98","","","","-14","","NA"
"-66.81","54.81","SCHEFFERVILLE A","7117823","2021-03-04 21:00","2021","03","04","21:00","-8.0","","-10.7","","81","","0.0","","3","","21","","16.1","","93.02","","","","-16","","Snow"
"-66.81","54.81","SCHEFFERVILLE A","7117823","2021-03-04 22:00","2021","03","04","22:00","-8.3","","-10.2","","86","","0.0","","2","","18","","16.1","","93.01","","","","-15","","Snow"
"-66.81","54.81","SCHEFFERVILLE A","7117823","2021-03-04 23:00","2021","03","04","23:00","-8.4","","-9.9","","89","","0.0","","1","","18","","4.0","","92.99","","","","-15","","Snow"
"-66.81","54.81","SCHEFFERVILLE A","7117823","2021-03-05 00:00","2021","03","05","00:00","-7.9","","-9.4","","89","","0.0","","1","","17","","4.8","","92.95","","","","-15","","Snow"
"-66.81","54.81","SCHEFFERVILLE A","7117823","2021-03-05 01:00","2021","03","05","01:00","-7.5","","-8.9","","90","","0.0","","1","","22","","4.8","","92.92","","","","-15","","Snow"
"-66.81","54.81","SCHEFFERVILLE A","7117823","2021-03-05 02:00","2021","03","05","02:00","-7.3","","-8.3","","93","","0.0","","1","","17","","2.4","","92.90","","","","-14","","Snow"
"-66.81","54.81","SCHEFFERVILLE A","7117823","2021-03-05 03:00","2021","03","05","03:00","-7.1","","-8.1","","93","","0.0","","36","","21","","2.4","","92.88","","","","-14","","Snow"
"-66.81","54.81","SCHEFFERVILLE A","7117823","2021-03-05 04:00","2021","03","05","04:00","-7.7","","-8.6","","93","","0.0","","35","","21","","2.0","","92.86","","","","-15","","Snow"
"-66.81","54.81","SCHEFFERVILLE A","7117823","2021-03-05 05:00","2021","03","05","05:00","-7.3","","-8.3","","93","","0.0","","36","","21","","2.0","","92.86","","","","-15","","Snow"
"-66.81","54.81","SCHEFFERVILLE A","7117823","2021-03-05 06:00","2021","03","05","06:00","-6.9","","-7.9","","93","","0.0","","35","","22","","1.6","","92.82","","","","-14","","Snow"
"-66.81","54.81","SCHEFFERVILLE A","7117823","2021-03-05 07:00","2021","03","05","07:00","-6.9","","-8.3","","90","","0.0","","36","","26","","2.0","","92.80","","","","-15","","Snow"
"-66.81","54.81","SCHEFFERVILLE A","7117823","2021-03-05 08:00","2021","03","05","08:00","-6.8","","-8.2","","90","","0.0","","36","","30","","2.0","","92.79","","","","-15","","Snow"
"-66.81","54.81","SCHEFFERVILLE A","7117823","2021-03-05 09:00","2021","03","05","09:00","-6.1","","-7.8","","88","","0.0","","36","","22","","2.4","","92.74","","","","-13","","Snow"
"-66.81","54.81","SCHEFFERVILLE A","7117823","2021-03-05 10:00","2021","03","05","10:00","-5.1","","-7.2","","85","","0.0","","36","","32","","11.3","","92.67","","","","-13","","Snow"
"-66.81","54.81","SCHEFFERVILLE A","7117823","2021-03-05 11:00","2021","03","05","11:00","-4.5","","-6.4","","87","","0.0","","36","","30","","2.4","","92.57","","","","-12","","Snow"
"-66.81","54.81","SCHEFFERVILLE A","7117823","2021-03-05 12:00","2021","03","05","12:00","-4.0","","-5.7","","88","","0.0","","36","","34","","1.6","","92.49","","","","-12","","Snow"
"-66.81","54.81","SCHEFFERVILLE A","7117823","2021-03-05 13:00","2021","03","05","13:00","-3.3","","-5.2","","87","","0.0","","36","","30","","2.4","","92.43","","","","-11","","Snow"
"-66.81","54.81","SCHEFFERVILLE A","7117823","2021-03-05 14:00","2021","03","05","14:00","-3.4","","-5.2","","88","","0.0","","36","","28","","2.4","","92.39","","","","-11","","Snow"
"-66.81","54.81","SCHEFFERVILLE A","7117823","2021-03-05 15:00","2021","03","05","15:00","-3.4","","-5.0","","89","","0.0","","36","","30","","2.8","","92.36","","","","-11","","Snow"
"-66.81","54.81","SCHEFFERVILLE A","7117823","2021-03-05 16:00","2021","03","05","16:00","-4.2","","-4.8","","96","","0.0","","1","","26","","0.4","","92.41","","","","-11","","Heavy Snow"
"-66.81","54.81","SCHEFFERVILLE A","7117823","2021-03-05 17:00","2021","03","05","17:00","-5.2","","-6.3","","92","","0.0","","4","","15","","2.0","","92.46","","","","-11","","Snow"
"-66.81","54.81","SCHEFFERVILLE A","7117823","2021-03-05 18:00","2021","03","05","18:00","-5.9","","-6.7","","94","","0.0","","5","","13","","4.0","","92.56","","","","-11","","Snow"
"-66.81","54.81","SCHEFFERVILLE A","7117823","2021-03-05 19:00","2021","03","05","19:00","-6.4","","-7.4","","93","","0.0","","5","","13","","9.7","","92.61","","","","-12","","Snow"
"-66.81","54.81","SCHEFFERVILLE A","7117823","2021-03-05 20:00","2021","03","05","20:00","-7.9","","-8.9","","93","","0.0","","2","","8","","16.1","","92.66","","","","-12","","NA"
"-66.81","54.81","SCHEFFERVILLE A","7117823","2021-03-05 21:00","2021","03","05","21:00","-8.8","","-10.3","","89","","0.0","","2","","9","","16.1","","92.72","","","","-13","","NA"
"-66.81","54.81","SCHEFFERVILLE A","7117823","2021-03-05 22:00","2021","03","05","22:00","-10.7","","-11.7","","92","","0.0","","34","","9","","16.1","","92.73","","","","-16","","NA"
"-66.81","54.81","SCHEFFERVILLE A","7117823","2021-03-05 23:00","2021","03","05","23:00","-10.0","","-10.9","","93","","0.0","","34","","5","","16.1","","92.73","","","","-13","","Snow"
"-66.81","54.81","SCHEFFERVILLE A","7117823","2021-03-06 00:00","2021","03","06","00:00","-9.3","","-10.0","","95","","0.0","","33","","5","","1.6","","92.75","","","","-12","","Snow"
"-66.81","54.81","SCHEFFERVILLE A","7117823","2021-03-06 01:00","2021","03","06","01:00","-8.8","","-9.5","","95","","0.0","","32","","5","","2.0","","92.75","","","","-12","","Snow"
"-66.81","54.81","SCHEFFERVILLE A","7117823","2021-03-06 02:00","2021","03","06","02:00","-8.7","","-9.3","","95","","0.0","","32","","8","","4.0","","92.76","","","","-13","","Snow"
"-66.81","54.81","SCHEFFERVILLE A","7117823","2021-03-06 03:00","2021","03","06","03:00","-8.3","","-9.0","","95","","0.0","","35","","5","","4.0","","92.79","","","","-11","","Snow"
"-66.81","54.81","SCHEFFERVILLE A","7117823","2021-03-06 04:00","2021","03","06","04:00","-8.4","","-9.2","","94","","0.0","","1","","8","","8.1","","92.83","","","","-13","","Snow"
"-66.81","54.81","SCHEFFERVILLE A","7117823","2021-03-06 05:00","2021","03","06","05:00","-8.9","","-9.7","","94","","0.0","","34","","8","","6.4","","92.90","","","","-13","","Snow"
"-66.81","54.81","SCHEFFERVILLE A","7117823","2021-03-06 06:00","2021","03","06","06:00","-8.8","","-9.6","","94","","0.0","","34","","8","","16.1","","92.98","","","","-13","","Snow"
"-66.81","54.81","SCHEFFERVILLE A","7117823","2021-03-06 07:00","2021","03","06","07:00","-8.4","","-9.3","","93","","0.0","","2","","8","","16.1","","93.07","","","","-13","","Snow"
"-66.81","54.81","SCHEFFERVILLE A","7117823","2021-03-06 08:00","2021","03","06","08:00","-8.0","","-9.1","","92","","0.0","","35","","9","","14.5","","93.12","","","","-13","","Snow"
"-66.81","54.81","SCHEFFERVILLE A","7117823","2021-03-06 09:00","2021","03","06","09:00","-7.6","","-8.7","","92","","0.0","","36","","11","","1.6","","93.20","","","","-13","","Snow"
"-66.81","54.81","SCHEFFERVILLE A","7117823","2021-03-06 10:00","2021","03","06","10:00","-6.8","","-8.4","","89","","0.0","","35","","11","","6.4","","93.25","","","","-12","","Snow"
"-66.81","54.81","SCHEFFERVILLE A","7117823","2021-03-06 11:00","2021","03","06","11:00","-6.5","","-8.4","","87","","0.0","","1","","13","","2.4","","93.30","","","","-12","","Snow"
"-66.81","54.81","SCHEFFERVILLE A","7117823","2021-03-06 12:00","2021","03","06","12:00","-5.9","","-7.8","","87","","0.0","","36","","9","","3.6","","93.32","","","","-10","","Snow"
"-66.81","54.81","SCHEFFERVILLE A","7117823","2021-03-06 13:00","2021","03","06","13:00","-5.5","","-7.9","","83","","0.0","","1","","17","","4.8","","93.35","","","","-12","","Snow"
"-66.81","54.81","SCHEFFERVILLE A","7117823","2021-03-06 14:00","2021","03","06","14:00","-5.2","","-7.3","","86","","0.0","","34","","9","","2.8","","93.39","","","","-9","","Snow"
"-66.81","54.81","SCHEFFERVILLE A","7117823","2021-03-06 15:00","2021","03","06","15:00","-5.7","","-7.7","","86","","0.0","","36","","11","","16.1","","93.44","","","","-10","","Snow"
"-66.81","54.81","SCHEFFERVILLE A","7117823","2021-03-06 16:00","2021","03","06","16:00","-5.7","","-6.4","","95","","0.0","","36","","11","","0.8","","93.52","","","","-10","","Snow"
"-66.81","54.81","SCHEFFERVILLE A","7117823","2021-03-06 17:00","2021","03","06","17:00","-6.2","","-7.4","","91","","0.0","","36","","9","","16.1","","93.61","","","","-10","","Snow"
"-66.81","54.81","SCHEFFERVILLE A","7117823","2021-03-06 18:00","2021","03","06","18:00","-6.4","","-7.6","","91","","0.0","","35","","11","","16.1","","93.71","","","","-11","","NA"
"-66.81","54.81","SCHEFFERVILLE A","7117823","2021-03-06 19:00","2021","03","06","19:00","-7.9","","-8.7","","94","","0.0","","33","","18","","0.6","","93.79","","","","-15","","Moderate Snow"
"-66.81","54.81","SCHEFFERVILLE A","7117823","2021-03-06 20:00","2021","03","06","20:00","-8.4","","-9.3","","93","","0.0","","34","","15","","2.0","","93.88","","","","-15","","Snow"
"-66.81","54.81","SCHEFFERVILLE A","7117823","2021-03-06 21:00","2021","03","06","21:00","-8.9","","-9.8","","93","","0.0","","33","","17","","16.1","","93.95","","","","-16","","Snow"
"-66.81","54.81","SCHEFFERVILLE A","7117823","2021-03-06 22:00","2021","03","06","22:00","-10.0","","-11.1","","92","","0.0","","34","","17","","16.1","","93.96","","","","-17","","Snow"
"-66.81","54.81","SCHEFFERVILLE A","7117823","2021-03-06 23:00","2021","03","06","23:00","-10.7","","-11.6","","93","","0.0","","33","","11","","16.1","","93.99","","","","-16","","Snow"
"-66.81","54.81","SCHEFFERVILLE A","7117823","2021-03-07 00:00","2021","03","07","00:00","-10.1","","-11.0","","93","","0.0","","34","","11","","4.8","","94.05","","","","-16","","Snow"
"-66.81","54.81","SCHEFFERVILLE A","7117823","2021-03-07 01:00","2021","03","07","01:00","-10.1","","-11.3","","91","","0.0","","33","","17","","2.4","","94.11","","","","-17","","Snow"
"-66.81","54.81","SCHEFFERVILLE A","7117823","2021-03-07 02:00","2021","03","07","02:00","-10.8","","-12.3","","89","","0.0","","33","","24","","2.8","","94.16","","","","-20","","Snow"
"-66.81","54.81","SCHEFFERVILLE A","7117823","2021-03-07 03:00","2021","03","07","03:00","-11.4","","-12.9","","89","","0.0","","32","","22","","3.2","","94.21","","","","-20","","Snow"
"-66.81","54.81","SCHEFFERVILLE A","7117823","2021-03-07 04:00","2021","03","07","04:00","-11.7","","-13.2","","89","","0.0","","33","","24","","2.0","","94.27","","","","-21","","Snow"
"-66.81","54.81","SCHEFFERVILLE A","7117823","2021-03-07 05:00","2021","03","07","05:00","-12.4","","-14.1","","87","","0.0","","33","","21","","6.4","","94.33","","","","-21","","Snow"
"-66.81","54.81","SCHEFFERVILLE A","7117823","2021-03-07 06:00","2021","03","07","06:00","-13.0","","-14.6","","88","","0.0","","33","","22","","2.0","","94.44","","","","-22","","Snow"
"-66.81","54.81","SCHEFFERVILLE A","7117823","2021-03-07 07:00","2021","03","07","07:00","-13.3","","-15.4","","84","","0.0","","34","","21","","2.4","","94.52","","","","-22","","Snow"
"-66.81","54.81","SCHEFFERVILLE A","7117823","2021-03-07 08:00","2021","03","07","08:00","-13.5","","-15.8","","83","","0.0","","33","","24","","11.3","","94.56","","","","-23","","Snow"
"-66.81","54.81","SCHEFFERVILLE A","7117823","2021-03-07 09:00","2021","03","07","09:00","-13.1","","-15.7","","81","","0.0","","34","","34","","3.6","","94.64","","","","-24","","Snow"
"-66.81","54.81","SCHEFFERVILLE A","7117823","2021-03-07 10:00","2021","03","07","10:00","-12.2","","-15.4","","77","","0.0","","34","","34","","6.4","","94.69","","","","-23","","Snow"
"-66.81","54.81","SCHEFFERVILLE A","7117823","2021-03-07 11:00","2021","03","07","11:00","-11.2","","-14.6","","76","","0.0","","34","","32","","8.1","","94.75","","","","-21","","Snow"
"-66.81","54.81","SCHEFFERVILLE A","7117823","2021-03-07 12:00","2021","03","07","12:00","-10.5","","-13.8","","77","","0.0","","35","","22","","6.4","","94.82","","","","-19","","Haze"
"-66.81","54.81","SCHEFFERVILLE A","7117823","2021-03-07 13:00","2021","03","07","13:00","-10.3","","-13.6","","77","","0.0","","34","","26","","12.9","","94.87","","","","-19","","Snow"
"-66.81","54.81","SCHEFFERVILLE A","7117823","2021-03-07 14:00","2021","03","07","14:00","-10.1","","-12.9","","80","","0.0","","34","","22","","4.0","","94.96","","","","-18","","Snow"
"-66.81","54.81","SCHEFFERVILLE A","7117823","2021-03-07 15:00","2021","03","07","15:00","-9.9","","-13.1","","78","","0.0","","33","","24","","6.4","","95.04","","","","-18","","Snow"
"-66.81","54.81","SCHEFFERVILLE A","7117823","2021-03-07 16:00","2021","03","07","16:00","-10.2","","-13.0","","80","","0.0","","34","","21","","14.5","","95.13","","","","-18","","Snow"
"-66.81","54.81","SCHEFFERVILLE A","7117823","2021-03-07 17:00","2021","03","07","17:00","-10.8","","-13.2","","83","","0.0","","33","","15","","8.1","","95.22","","","","-18","","Snow"
"-66.81","54.81","SCHEFFERVILLE A","7117823","2021-03-07 18:00","2021","03","07","18:00","-10.9","","-13.0","","85","","0.0","","32","","21","","9.7","","95.28","","","","-19","","Snow"
"-66.81","54.81","SCHEFFERVILLE A","7117823","2021-03-07 19:00","2021","03","07","19:00","-11.2","","-13.5","","83","","0.0","","32","","24","","16.1","","95.36","","","","-20","","Snow"
"-66.81","54.81","SCHEFFERVILLE A","7117823","2021-03-07 20:00","2021","03","07","20:00","-11.5","","-14.0","","82","","0.0","","33","","21","","16.1","","95.41","","","","-20","","Snow"
"-66.81","54.81","SCHEFFERVILLE A","7117823","2021-03-07 21:00","2021","03","07","21:00","-12.0","","-14.0","","85","","0.0","","32","","13","","16.1","","95.44","","","","-19","","Snow"
"-66.81","54.81","SCHEFFERVILLE A","7117823","2021-03-07 22:00","2021","03","07","22:00","-12.7","","-14.9","","84","","0.0","","33","","22","","16.1","","95.48","","","","-22","","NA"
"-66.81","54.81","SCHEFFERVILLE A","7117823","2021-03-07 23:00","2021","03","07","23:00","-13.4","","-15.4","","85","","0.0","","33","","11","","16.1","","95.50","","","","-20","","Snow"
"-66.81","54.81","SCHEFFERVILLE A","7117823","2021-03-08 00:00","2021","03","08","00:00","-13.6","","-15.5","","86","","0.0","","31","","13","","16.1","","95.53","","","","-21","","Snow"
"-66.81","54.81","SCHEFFERVILLE A","7117823","2021-03-08 01:00","2021","03","08","01:00","-13.8","","-15.7","","86","","0.0","","32","","15","","16.1","","95.59","","","","-21","","NA"
"-66.81","54.81","SCHEFFERVILLE A","7117823","2021-03-08 02:00","2021","03","08","02:00","-14.3","","-15.7","","89","","0.0","","31","","11","","3.2","","95.58","","","","-21","","Snow"
"-66.81","54.81","SCHEFFERVILLE A","7117823","2021-03-08 03:00","2021","03","08","03:00","-15.4","","-17.1","","87","","0.0","","30","","21","","6.4","","95.62","","","","-25","","Snow"
"-66.81","54.81","SCHEFFERVILLE A","7117823","2021-03-08 04:00","2021","03","08","04:00","-16.9","","-18.9","","85","","0.0","","29","","13","","16.1","","95.67","","","","-25","","NA"
"-66.81","54.81","SCHEFFERVILLE A","7117823","2021-03-08 05:00","2021","03","08","05:00","-19.2","","-20.9","","87","","0.0","","28","","9","","4.0","","95.73","","","","-26","","Snow"
"-66.81","54.81","SCHEFFERVILLE A","7117823","2021-03-08 06:00","2021","03","08","06:00","-19.9","","-21.7","","86","","0.0","","29","","13","","3.2","","95.75","","","","-28","","Snow"
"-66.81","54.81","SCHEFFERVILLE A","7117823","2021-03-08 07:00","2021","03","08","07:00","-19.6","","-21.7","","84","","0.0","","29","","13","","16.1","","95.78","","","","-28","","NA"
"-66.81","54.81","SCHEFFERVILLE A","7117823","2021-03-08 08:00","2021","03","08","08:00","-18.0","","-21.4","","75","","0.0","","28","","17","","16.1","","95.79","","","","-27","","NA"
"-66.81","54.81","SCHEFFERVILLE A","7117823","2021-03-08 09:00","2021","03","08","09:00","-16.5","","-20.2","","74","","0.0","","29","","15","","8.1","","95.77","","","","-25","","Haze"
"-66.81","54.81","SCHEFFERVILLE A","7117823","2021-03-08 10:00","2021","03","08","10:00","-15.2","","-19.5","","70","","0.0","","30","","17","","16.1","","95.74","","","","-24","","NA"
"-66.81","54.81","SCHEFFERVILLE A","7117823","2021-03-08 11:00","2021","03","08","11:00","-13.5","","-19.7","","60","","0.0","","26","","18","","16.1","","95.67","","","","-22","","NA"
"-66.81","54.81","SCHEFFERVILLE A","7117823","2021-03-08 12:00","2021","03","08","12:00","-12.4","","-19.1","","58","","0.0","","25","","15","","16.1","","95.63","","","","-20","","NA"
"-66.81","54.81","SCHEFFERVILLE A","7117823","2021-03-08 13:00","2021","03","08","13:00","-11.5","","-18.6","","56","","0.0","","26","","15","","16.1","","95.57","","","","-19","","NA"
"-66.81","54.81","SCHEFFERVILLE A","7117823","2021-03-08 14:00","2021","03","08","14:00","-11.1","","-19.1","","52","","0.0","","24","","17","","16.1","","95.52","","","","-19","","NA"
"-66.81","54.81","SCHEFFERVILLE A","7117823","2021-03-08 15:00","2021","03","08","15:00","-10.8","","-18.4","","54","","0.0","","24","","13","","16.1","","95.47","","","","-17","","NA"
"-66.81","54.81","SCHEFFERVILLE A","7117823","2021-03-08 16:00","2021","03","08","16:00","-10.7","","-18.4","","54","","0.0","","23","","11","","16.1","","95.46","","","","-16","","NA"
"-66.81","54.81","SCHEFFERVILLE A","7117823","2021-03-08 17:00","2021","03","08","17:00","-11.8","","-18.9","","56","","0.0","","22","","8","","16.1","","95.45","","","","-17","","NA"
"-66.81","54.81","SCHEFFERVILLE A","7117823","2021-03-08 18:00","2021","03","08","18:00","-12.6","","-18.9","","60","","0.0","","18","","4","","16.1","","95.44","","","","-15","","NA"
"-66.81","54.81","SCHEFFERVILLE A","7117823","2021-03-08 19:00","2021","03","08","19:00","-17.3","","-21.2","","72","","0.0","","18","","5","","16.1","","95.42","","","","-21","","NA"
"-66.81","54.81","SCHEFFERVILLE A","7117823","2021-03-08 20:00","2021","03","08","20:00","-12.0","","-19.4","","55","","0.0","","21","","13","","16.1","","95.35","","","","-19","","NA"
"-66.81","54.81","SCHEFFERVILLE A","7117823","2021-03-08 21:00","2021","03","08","21:00","-12.2","","-18.7","","59","","0.0","","25","","9","","16.1","","95.29","","","","-17","","NA"
"-66.81","54.81","SCHEFFERVILLE A","7117823","2021-03-08 22:00","2021","03","08","22:00","-12.7","","-18.6","","62","","0.0","","24","","9","","16.1","","95.25","","","","-18","","NA"
"-66.81","54.81","SCHEFFERVILLE A","7117823","2021-03-08 23:00","2021","03","08","23:00","-12.1","","-18.4","","60","","0.0","","21","","5","","16.1","","95.22","","","","-15","","NA"
"-66.81","54.81","SCHEFFERVILLE A","7117823","2021-03-09 00:00","2021","03","09","00:00","-13.5","","-17.7","","71","","0.0","","19","","9","","16.1","","95.14","","","","-19","","NA"
"-66.81","54.81","SCHEFFERVILLE A","7117823","2021-03-09 01:00","2021","03","09","01:00","-12.9","","-17.0","","72","","0.0","","","M","4","","16.1","","95.11","","","","-16","","NA"
"-66.81","54.81","SCHEFFERVILLE A","7117823","2021-03-09 02:00","2021","03","09","02:00","-11.0","","-15.6","","69","","0.0","","23","","8","","16.1","","95.05","","","","-16","","NA"
"-66.81","54.81","SCHEFFERVILLE A","7117823","2021-03-09 03:00","2021","03","09","03:00","-11.5","","-15.5","","72","","0.0","","30","","13","","16.1","","95.03","","","","-18","","NA"
"-66.81","54.81","SCHEFFERVILLE A","7117823","2021-03-09 04:00","2021","03","09","04:00","-11.8","","-15.6","","74","","0.0","","27","","11","","16.1","","95.04","","","","-18","","NA"
"-66.81","54.81","SCHEFFERVILLE A","7117823","2021-03-09 05:00","2021","03","09","05:00","-12.6","","-15.9","","77","","0.0","","26","","22","","16.1","","95.00","","","","-22","","NA"
"-66.81","54.81","SCHEFFERVILLE A","7117823","2021-03-09 06:00","2021","03","09","06:00","-13.8","","-16.6","","80","","0.0","","26","","17","","16.1","","95.03","","","","-22","","NA"
"-66.81","54.81","SCHEFFERVILLE A","7117823","2021-03-09 07:00","2021","03","09","07:00","-14.7","","-17.0","","83","","0.0","","30","","8","","16.1","","95.05","","","","-20","","NA"
"-66.81","54.81","SCHEFFERVILLE A","7117823","2021-03-09 08:00","2021","03","09","08:00","-12.6","","-15.6","","79","","0.0","","","M","4","","16.1","","95.04","","","","-15","","NA"
"-66.81","54.81","SCHEFFERVILLE A","7117823","2021-03-09 09:00","2021","03","09","09:00","-11.4","","-14.2","","80","","0.0","","26","","17","","16.1","","95.05","","","","-19","","NA"
"-66.81","54.81","SCHEFFERVILLE A","7117823","2021-03-09 10:00","2021","03","09","10:00","-10.2","","-13.0","","80","","0.0","","28","","15","","16.1","","95.05","","","","-17","","NA"
"-66.81","54.81","SCHEFFERVILLE A","7117823","2021-03-09 11:00","2021","03","09","11:00","-8.7","","-12.0","","77","","0.0","","29","","17","","9.7","","95.03","","","","-16","","Haze"
"-66.81","54.81","SCHEFFERVILLE A","7117823","2021-03-09 12:00","2021","03","09","12:00","-7.8","","-11.7","","74","","0.0","","30","","17","","16.1","","95.04","","","","-14","","Snow"
"-66.81","54.81","SCHEFFERVILLE A","7117823","2021-03-09 13:00","2021","03","09","13:00","-6.2","","-10.9","","70","","0.0","","29","","22","","16.1","","95.06","","","","-13","","NA"
"-66.81","54.81","SCHEFFERVILLE A","7117823","2021-03-09 14:00","2021","03","09","14:00","-6.0","","-10.4","","71","","0.0","","28","","24","","16.1","","95.11","","","","-13","","NA"
"-66.81","54.81","SCHEFFERVILLE A","7117823","2021-03-09 15:00","2021","03","09","15:00","-5.8","","-9.6","","75","","0.0","","29","","21","","16.1","","95.17","","","","-13","","NA"
"-66.81","54.81","SCHEFFERVILLE A","7117823","2021-03-09 16:00","2021","03","09","16:00","-5.7","","-9.2","","77","","0.0","","29","","17","","16.1","","95.21","","","","-12","","Snow"
"-66.81","54.81","SCHEFFERVILLE A","7117823","2021-03-09 17:00","2021","03","09","17:00","-6.4","","-8.7","","84","","0.0","","28","","18","","12.9","","95.29","","","","-13","","Snow"
"-66.81","54.81","SCHEFFERVILLE A","7117823","2021-03-09 18:00","2021","03","09","18:00","-6.9","","-9.0","","85","","0.0","","29","","13","","12.9","","95.36","","","","-12","","Snow"
"-66.81","54.81","SCHEFFERVILLE A","7117823","2021-03-09 19:00","2021","03","09","19:00","-7.9","","-10.3","","83","","0.0","","31","","13","","16.1","","95.38","","","","-14","","NA"
"-66.81","54.81","SCHEFFERVILLE A","7117823","2021-03-09 20:00","2021","03","09","20:00","-8.3","","-10.4","","85","","0.0","","32","","15","","16.1","","95.39","","","","-15","","NA"
"-66.81","54.81","SCHEFFERVILLE A","7117823","2021-03-09 21:00","2021","03","09","21:00","-7.9","","-10.3","","83","","0.0","","29","","21","","16.1","","95.40","","","","-15","","NA"
"-66.81","54.81","SCHEFFERVILLE A","7117823","2021-03-09 22:00","2021","03","09","22:00","-7.5","","-9.8","","84","","0.0","","27","","18","","16.1","","95.43","","","","-14","","NA"
"-66.81","54.81","SCHEFFERVILLE A","7117823","2021-03-09 23:00","2021","03","09","23:00","-8.3","","-10.2","","86","","0.0","","24","","5","","16.1","","95.39","","","","-11","","NA"
"-66.81","54.81","SCHEFFERVILLE A","7117823","2021-03-10 00:00","2021","03","10","00:00","-7.1","","-8.8","","88","","0.0","","26","","21","","16.1","","95.43","","","","-14","","NA"
"-66.81","54.81","SCHEFFERVILLE A","7117823","2021-03-10 01:00","2021","03","10","01:00","-7.1","","-8.2","","92","","0.0","","20","","9","","4.8","","95.42","","","","-11","","Fog"
"-66.81","54.81","SCHEFFERVILLE A","7117823","2021-03-10 02:00","2021","03","10","02:00","-5.8","","-7.2","","90","","0.0","","28","","15","","16.1","","95.45","","","","-12","","NA"
"-66.81","54.81","SCHEFFERVILLE A","7117823","2021-03-10 03:00","2021","03","10","03:00","-5.3","","-6.8","","89","","0.0","","28","","13","","16.1","","95.42","","","","-10","","Snow"
"-66.81","54.81","SCHEFFERVILLE A","7117823","2021-03-10 04:00","2021","03","10","04:00","-5.1","","-6.8","","88","","0.0","","25","","8","","16.1","","95.42","","","","-9","","Snow"
"-66.81","54.81","SCHEFFERVILLE A","7117823","2021-03-10 05:00","2021","03","10","05:00","-5.0","","-6.4","","90","","0.0","","21","","11","","16.1","","95.38","","","","-10","","Snow"
"-66.81","54.81","SCHEFFERVILLE A","7117823","2021-03-10 06:00","2021","03","10","06:00","-5.2","","-7.0","","87","","0.0","","23","","22","","16.1","","95.34","","","","-12","","Snow"
"-66.81","54.81","SCHEFFERVILLE A","7117823","2021-03-10 07:00","2021","03","10","07:00","-5.2","","-6.8","","89","","0.0","","22","","24","","4.8","","95.29","","","","-12","","Snow"
"-66.81","54.81","SCHEFFERVILLE A","7117823","2021-03-10 08:00","2021","03","10","08:00","-4.8","","-6.5","","88","","0.0","","21","","17","","3.6","","95.29","","","","-11","","Snow"
"-66.81","54.81","SCHEFFERVILLE A","7117823","2021-03-10 09:00","2021","03","10","09:00","-3.8","","-5.7","","87","","0.0","","20","","13","","4.8","","95.16","","","","-9","","Snow"
"-66.81","54.81","SCHEFFERVILLE A","7117823","2021-03-10 10:00","2021","03","10","10:00","-1.9","","-3.9","","86","","0.0","","22","","22","","8.1","","95.02","","","","-8","","Snow"
"-66.81","54.81","SCHEFFERVILLE A","7117823","2021-03-10 11:00","2021","03","10","11:00","-0.6","","-3.3","","82","","0.0","","23","","30","","11.3","","94.91","","","","-7","","Snow"
"-66.81","54.81","SCHEFFERVILLE A","7117823","2021-03-10 12:00","2021","03","10","12:00","-1.0","","-3.1","","86","","0.0","","22","","34","","2.0","","94.82","","","","-8","","Snow"
"-66.81","54.81","SCHEFFERVILLE A","7117823","2021-03-10 13:00","2021","03","10","13:00","-0.3","","-3.0","","82","","0.0","","21","","24","","16.1","","94.67","","","","-6","","NA"
"-66.81","54.81","SCHEFFERVILLE A","7117823","2021-03-10 14:00","2021","03","10","14:00","-0.6","","-1.9","","91","","0.2","","21","","30","","1.2","","94.48","","","","-7","","Snow"
"-66.81","54.81","SCHEFFERVILLE A","7117823","2021-03-10 15:00","2021","03","10","15:00","-1.0","","-2.3","","91","","0.2","","22","","35","","1.6","","94.38","","","","-8","","Snow"
"-66.81","54.81","SCHEFFERVILLE A","7117823","2021-03-10 16:00","2021","03","10","16:00","-1.1","","-2.2","","92","","0.0","","21","","28","","1.2","","94.28","","","","-8","","Snow"
"-66.81","54.81","SCHEFFERVILLE A","7117823","2021-03-10 17:00","2021","03","10","17:00","-0.8","","-2.2","","90","","0.0","","24","","30","","3.6","","94.20","","","","-8","","Snow"
"-66.81","54.81","SCHEFFERVILLE A","7117823","2021-03-10 18:00","2021","03","10","18:00","-0.9","","-1.8","","94","","0.0","","23","","22","","2.0","","94.17","","","","-7","","Snow"
"-66.81","54.81","SCHEFFERVILLE A","7117823","2021-03-10 19:00","2021","03","10","19:00","-0.6","","-1.7","","92","","0.0","","24","","24","","2.0","","94.10","","","","-7","","Snow"
"-66.81","54.81","SCHEFFERVILLE A","7117823","2021-03-10 20:00","2021","03","10","20:00","-0.3","","-1.6","","91","","0.0","","25","","26","","6.4","","94.08","","","","-6","","Snow"
"-66.81","54.81","SCHEFFERVILLE A","7117823","2021-03-10 21:00","2021","03","10","21:00","-0.4","","-1.5","","92","","0.0","","25","","24","","4.8","","94.07","","","","-6","","Snow"
"-66.81","54.81","SCHEFFERVILLE A","7117823","2021-03-10 22:00","2021","03","10","22:00","-4.9","","-5.9","","93","","0.0","","34","","24","","0.8","","94.16","","","","-12","","Moderate Snow"
"-66.81","54.81","SCHEFFERVILLE A","7117823","2021-03-10 23:00","2021","03","10","23:00","-10.3","","-11.6","","91","","0.0","","34","","24","","2.0","","94.35","","","","-19","","Snow"
"-66.81","54.81","SCHEFFERVILLE A","7117823","2021-03-11 00:00","2021","03","11","00:00","-11.9","","-13.5","","88","","0.0","","34","","18","","8.1","","94.44","","","","-20","","Snow"
"-66.81","54.81","SCHEFFERVILLE A","7117823","2021-03-11 01:00","2021","03","11","01:00","-13.1","","-15.1","","85","","0.0","","36","","21","","16.1","","94.54","","","","-22","","Snow"
"-66.81","54.81","SCHEFFERVILLE A","7117823","2021-03-11 02:00","2021","03","11","02:00","-14.0","","-15.7","","87","","0.0","","36","","11","","16.1","","94.66","","","","-20","","NA"
"-66.81","54.81","SCHEFFERVILLE A","7117823","2021-03-11 03:00","2021","03","11","03:00","-16.0","","-17.7","","87","","0.0","","36","","17","","16.1","","94.77","","","","-25","","NA"
"-66.81","54.81","SCHEFFERVILLE A","7117823","2021-03-11 04:00","2021","03","11","04:00","-18.4","","-20.2","","86","","0.0","","36","","13","","16.1","","94.90","","","","-26","","NA"
"-66.81","54.81","SCHEFFERVILLE A","7117823","2021-03-11 05:00","2021","03","11","05:00","-20.6","","-22.2","","87","","0.0","","35","","11","","16.1","","95.05","","","","-28","","NA"
"-66.81","54.81","SCHEFFERVILLE A","7117823","2021-03-11 06:00","2021","03","11","06:00","-22.0","","-23.6","","87","","0.0","","35","","9","","16.1","","95.13","","","","-29","","NA"
"-66.81","54.81","SCHEFFERVILLE A","7117823","2021-03-11 07:00","2021","03","11","07:00","-21.5","","-23.1","","87","","0.0","","35","","9","","16.1","","95.22","","","","-29","","NA"
"-66.81","54.81","SCHEFFERVILLE A","7117823","2021-03-11 08:00","2021","03","11","08:00","-20.4","","-22.3","","85","","0.0","","34","","9","","16.1","","95.25","","","","-27","","NA"
"-66.81","54.81","SCHEFFERVILLE A","7117823","2021-03-11 09:00","2021","03","11","09:00","-19.2","","-22.1","","78","","0.0","","1","","9","","16.1","","95.31","","","","-26","","NA"
"-66.81","54.81","SCHEFFERVILLE A","7117823","2021-03-11 10:00","2021","03","11","10:00","-17.9","","-22.1","","70","","0.0","","","","0","","16.1","","95.27","","","","","","NA"
"-66.81","54.81","SCHEFFERVILLE A","7117823","2021-03-11 11:00","2021","03","11","11:00","-15.9","","-20.9","","66","","0.0","","2","","9","","16.1","","95.25","","","","-22","","NA"
"-66.81","54.81","SCHEFFERVILLE A","7117823","2021-03-11 12:00","2021","03","11","12:00","-14.4","","-20.6","","60","","0.0","","25","","8","","16.1","","95.23","","","","-20","","NA"
"-66.81","54.81","SCHEFFERVILLE A","7117823","2021-03-11 13:00","2021","03","11","13:00","-13.1","","-19.4","","60","","0.0","","","M","4","","16.1","","95.19","","","","-16","","NA"
"-66.81","54.81","SCHEFFERVILLE A","7117823","2021-03-11 14:00","2021","03","11","14:00","-11.5","","-17.4","","62","","0.0","","","M","5","","16.1","","95.06","","","","-15","","NA"
"-66.81","54.81","SCHEFFERVILLE A","7117823","2021-03-11 15:00","2021","03","11","15:00","-12.0","","-20.9","","48","","0.0","","10","","15","","16.1","","94.99","","","","-19","","NA"
"-66.81","54.81","SCHEFFERVILLE A","7117823","2021-03-11 16:00","2021","03","11","16:00","-12.2","","-16.3","","72","","0.0","","12","","9","","16.1","","94.90","","","","-17","","NA"
"-66.81","54.81","SCHEFFERVILLE A","7117823","2021-03-11 17:00","2021","03","11","17:00","-12.5","","-16.1","","75","","0.0","","12","","8","","16.1","","94.84","","","","-17","","NA"
"-66.81","54.81","SCHEFFERVILLE A","7117823","2021-03-11 18:00","2021","03","11","18:00","-13.0","","-16.2","","77","","0.0","","11","","8","","16.1","","94.83","","","","-18","","NA"
"-66.81","54.81","SCHEFFERVILLE A","7117823","2021-03-11 19:00","2021","03","11","19:00","-12.7","","-16.3","","75","","0.0","","14","","9","","16.1","","94.64","","","","-18","","NA"
"-66.81","54.81","SCHEFFERVILLE A","7117823","2021-03-11 20:00","2021","03","11","20:00","-12.7","","-15.6","","79","","0.0","","12","","11","","16.1","","94.40","","","","-19","","NA"
"-66.81","54.81","SCHEFFERVILLE A","7117823","2021-03-11 21:00","2021","03","11","21:00","-12.3","","-16.2","","73","","0.0","","13","","9","","16.1","","94.26","","","","-18","","NA"
"-66.81","54.81","SCHEFFERVILLE A","7117823","2021-03-11 22:00","2021","03","11","22:00","-12.1","","-17.1","","67","","0.0","","13","","17","","8.1","","94.08","","","","-20","","Snow"
"-66.81","54.81","SCHEFFERVILLE A","7117823","2021-03-11 23:00","2021","03","11","23:00","-12.6","","-14.3","","87","","0.0","","9","","13","","6.4","","93.88","","","","-19","","Snow"
"-66.81","54.81","SCHEFFERVILLE A","7117823","2021-03-12 00:00","2021","03","12","00:00","-12.5","","-13.7","","91","","0.0","","8","","8","","1.2","","93.67","","","","-17","","Snow"
"-66.81","54.81","SCHEFFERVILLE A","7117823","2021-03-12 01:00","2021","03","12","01:00","-12.2","","-13.5","","90","","0.0","","10","","13","","4.0","","93.45","","","","-19","","Snow"
"-66.81","54.81","SCHEFFERVILLE A","7117823","2021-03-12 02:00","2021","03","12","02:00","-11.6","","-12.9","","90","","0.0","","12","","17","","1.6","","93.25","","","","-19","","Snow"
"-66.81","54.81","SCHEFFERVILLE A","7117823","2021-03-12 03:00","2021","03","12","03:00","-11.3","","-12.5","","91","","0.0","","12","","11","","1.2","","93.04","","","","-17","","Snow"
"-66.81","54.81","SCHEFFERVILLE A","7117823","2021-03-12 04:00","2021","03","12","04:00","-10.8","","-12.0","","91","","0.0","","12","","8","","2.0","","92.90","","","","-15","","Snow"
"-66.81","54.81","SCHEFFERVILLE A","7117823","2021-03-12 05:00","2021","03","12","05:00","-10.4","","-11.5","","92","","0.0","","9","","9","","2.0","","92.79","","","","-15","","Snow"
"-66.81","54.81","SCHEFFERVILLE A","7117823","2021-03-12 06:00","2021","03","12","06:00","-10.3","","-11.2","","93","","0.0","","8","","9","","0.2","","92.70","","","","-15","","Heavy Snow"
"-66.81","54.81","SCHEFFERVILLE A","7117823","2021-03-12 07:00","2021","03","12","07:00","-9.8","","-11.0","","91","","0.0","","6","","8","","3.2","","92.65","","","","-14","","Snow"
"-66.81","54.81","SCHEFFERVILLE A","7117823","2021-03-12 08:00","2021","03","12","08:00","-9.3","","-10.7","","90","","0.0","","2","","8","","1.6","","92.58","","","","-14","","Snow"
"-66.81","54.81","SCHEFFERVILLE A","7117823","2021-03-12 09:00","2021","03","12","09:00","-8.7","","-10.4","","88","","0.0","","4","","15","","1.6","","92.54","","","","-15","","Snow"
"-66.81","54.81","SCHEFFERVILLE A","7117823","2021-03-12 10:00","2021","03","12","10:00","-8.4","","-10.1","","88","","0.0","","4","","15","","1.2","","92.52","","","","-15","","Snow"
"-66.81","54.81","SCHEFFERVILLE A","7117823","2021-03-12 11:00","2021","03","12","11:00","-8.5","","-10.4","","86","","0.0","","5","","15","","1.6","","92.50","","","","-15","","Snow"
"-66.81","54.81","SCHEFFERVILLE A","7117823","2021-03-12 12:00","2021","03","12","12:00","-8.4","","-10.8","","83","","0.0","","3","","21","","2.0","","92.52","","","","-16","","Snow"
"-66.81","54.81","SCHEFFERVILLE A","7117823","2021-03-12 13:00","2021","03","12","13:00","-9.2","","-11.9","","81","","0.0","","1","","22","","4.8","","92.60","","","","-17","","Snow"
"-66.81","54.81","SCHEFFERVILLE A","7117823","2021-03-12 14:00","2021","03","12","14:00","-10.2","","-12.6","","83","","0.0","","1","","22","","1.2","","92.69","","","","-18","","Snow"
"-66.81","54.81","SCHEFFERVILLE A","7117823","2021-03-12 15:00","2021","03","12","15:00","-11.6","","-13.9","","83","","0.0","","36","","22","","2.0","","92.79","","","","-20","","Snow"
"-66.81","54.81","SCHEFFERVILLE A","7117823","2021-03-12 16:00","2021","03","12","16:00","-12.3","","-14.2","","86","","0.0","","36","","28","","2.4","","92.89","","","","-22","","Snow"
"-66.81","54.81","SCHEFFERVILLE A","7117823","2021-03-12 17:00","2021","03","12","17:00","-11.9","","-13.4","","89","","0.0","","35","","24","","1.2","","93.00","","","","-21","","Snow"
"-66.81","54.81","SCHEFFERVILLE A","7117823","2021-03-12 18:00","2021","03","12","18:00","-11.6","","-13.2","","88","","0.0","","35","","24","","2.0","","93.13","","","","-21","","Snow"
"-66.81","54.81","SCHEFFERVILLE A","7117823","2021-03-12 19:00","2021","03","12","19:00","-11.4","","-13.0","","88","","0.0","","36","","32","","2.0","","93.26","","","","-22","","Snow"
"-66.81","54.81","SCHEFFERVILLE A","7117823","2021-03-12 20:00","2021","03","12","20:00","-12.1","","-14.0","","86","","0.0","","35","","32","","3.2","","93.40","","","","-23","","Snow"
"-66.81","54.81","SCHEFFERVILLE A","7117823","2021-03-12 21:00","2021","03","12","21:00","-12.1","","-14.0","","86","","0.0","","35","","26","","2.8","","93.55","","","","-22","","Snow"
"-66.81","54.81","SCHEFFERVILLE A","7117823","2021-03-12 22:00","2021","03","12","22:00","-11.9","","-13.7","","87","","0.0","","34","","24","","4.8","","93.63","","","","-21","","Snow"
"-66.81","54.81","SCHEFFERVILLE A","7117823","2021-03-12 23:00","2021","03","12","23:00","-12.5","","-14.2","","87","","0.0","","34","","22","","3.6","","93.75","","","","-21","","Snow"
"-66.81","54.81","SCHEFFERVILLE A","7117823","2021-03-13 00:00","2021","03","13","00:00","-13.5","","-15.2","","87","","0.0","","34","","24","","2.4","","93.86","","","","-23","","Snow"
"-66.81","54.81","SCHEFFERVILLE A","7117823","2021-03-13 01:00","2021","03","13","01:00","-14.1","","-16.0","","86","","0.0","","34","","30","","4.8","","93.97","","","","-25","","Snow"
"-66.81","54.81","SCHEFFERVILLE A","7117823","2021-03-13 02:00","2021","03","13","02:00","-15.8","","-17.8","","85","","0.0","","34","","21","","9.7","","94.09","","","","-25","","Snow"
"-66.81","54.81","SCHEFFERVILLE A","7117823","2021-03-13 03:00","2021","03","13","03:00","-16.6","","-18.9","","83","","0.0","","34","","21","","8.1","","94.15","","","","-26","","Snow"
"-66.81","54.81","SCHEFFERVILLE A","7117823","2021-03-13 04:00","2021","03","13","04:00","-16.4","","-18.4","","85","","0.0","","33","","24","","16.1","","94.22","","","","-27","","Snow"
"-66.81","54.81","SCHEFFERVILLE A","7117823","2021-03-13 05:00","2021","03","13","05:00","-17.4","","-20.1","","80","","0.0","","33","","32","","16.1","","94.32","","","","-30","","Snow"
"-66.81","54.81","SCHEFFERVILLE A","7117823","2021-03-13 06:00","2021","03","13","06:00","-18.6","","-21.7","","77","","0.0","","32","","32","","16.1","","94.37","","","","-31","","NA"
"-66.81","54.81","SCHEFFERVILLE A","7117823","2021-03-13 07:00","2021","03","13","07:00","-20.1","","-23.7","","73","","0.0","","33","","28","","16.1","","94.43","","","","-32","","NA"
"-66.81","54.81","SCHEFFERVILLE A","7117823","2021-03-13 08:00","2021","03","13","08:00","-19.8","","-24.3","","68","","0.0","","31","","32","","16.1","","94.43","","","","-33","","Snow"
"-66.81","54.81","SCHEFFERVILLE A","7117823","2021-03-13 09:00","2021","03","13","09:00","-19.3","","-24.0","","67","","0.0","","32","","26","","16.1","","94.44","","","","-31","","Snow"
"-66.81","54.81","SCHEFFERVILLE A","7117823","2021-03-13 10:00","2021","03","13","10:00","-18.8","","-23.3","","68","","0.0","","30","","26","","16.1","","94.43","","","","-30","","Snow"
"-66.81","54.81","SCHEFFERVILLE A","7117823","2021-03-13 11:00","2021","03","13","11:00","-18.0","","-22.6","","68","","0.0","","32","","18","","16.1","","94.42","","","","-27","","Snow"
"-66.81","54.81","SCHEFFERVILLE A","7117823","2021-03-13 12:00","2021","03","13","12:00","-18.1","","-23.1","","65","","0.0","","31","","18","","16.1","","94.40","","","","-28","","NA"
"-66.81","54.81","SCHEFFERVILLE A","7117823","2021-03-13 13:00","2021","03","13","13:00","-17.7","","-23.7","","60","","0.0","","29","","22","","16.1","","94.37","","","","-28","","NA"
"-66.81","54.81","SCHEFFERVILLE A","7117823","2021-03-13 14:00","2021","03","13","14:00","-18.2","","-23.8","","62","","0.0","","29","","24","","16.1","","94.36","","","","-29","","Snow"
"-66.81","54.81","SCHEFFERVILLE A","7117823","2021-03-13 15:00","2021","03","13","15:00","-18.7","","-24.5","","61","","0.0","","30","","21","","16.1","","94.35","","","","-29","","NA"
"-66.81","54.81","SCHEFFERVILLE A","7117823","2021-03-13 16:00","2021","03","13","16:00","-18.7","","-25.1","","58","","0.0","","31","","21","","16.1","","94.36","","","","-29","","Snow"
"-66.81","54.81","SCHEFFERVILLE A","7117823","2021-03-13 17:00","2021","03","13","17:00","-19.7","","-25.3","","62","","0.0","","31","","15","","16.1","","94.38","","","","-29","","NA"
"-66.81","54.81","SCHEFFERVILLE A","7117823","2021-03-13 18:00","2021","03","13","18:00","-22.5","","-26.3","","72","","0.0","","32","","9","","16.1","","94.42","","","","-30","","NA"
"-66.81","54.81","SCHEFFERVILLE A","7117823","2021-03-13 19:00","2021","03","13","19:00","-24.1","","-27.1","","77","","0.0","","32","","9","","16.1","","94.43","","","","-32","","NA"
"-66.81","54.81","SCHEFFERVILLE A","7117823","2021-03-13 20:00","2021","03","13","20:00","-24.7","","-27.4","","79","","0.0","","","M","4","","16.1","","94.44","","","","-29","","NA"
"-66.81","54.81","SCHEFFERVILLE A","7117823","2021-03-13 21:00","2021","03","13","21:00","-26.1","","-28.6","","80","","0.0","","31","","4","","16.1","","94.41","","","","-30","","NA"
"-66.81","54.81","SCHEFFERVILLE A","7117823","2021-03-13 22:00","2021","03","13","22:00","-28.6","","-30.9","","81","","0.0","","31","","9","","16.1","","94.38","","","","-37","","NA"
"-66.81","54.81","SCHEFFERVILLE A","7117823","2021-03-13 23:00","2021","03","13","23:00","-28.6","","-31.2","","79","","0.0","","","M","4","","16.1","","94.39","","","","-33","","NA"
"-66.81","54.81","SCHEFFERVILLE A","7117823","2021-03-14 00:00","2021","03","14","00:00","-27.8","","-30.1","","81","","0.0","","","M","4","","16.1","","94.35","","","","-32","","NA"
"-66.81","54.81","SCHEFFERVILLE A","7117823","2021-03-14 01:00","2021","03","14","01:00","-33.5","","-36.7","","74","","0.0","","35","","5","","12.9","","94.32","","","","-40","","NA"
"-66.81","54.81","SCHEFFERVILLE A","7117823","2021-03-14 02:00","2021","03","14","02:00","-33.4","","-36.6","","74","","0.0","","","M","4","","16.1","","94.28","","","","-38","","NA"
"-66.81","54.81","SCHEFFERVILLE A","7117823","2021-03-14 03:00","2021","03","14","03:00","-33.8","","-37.0","","74","","0.0","","","","0","","16.1","","94.25","","","","","","NA"
"-66.81","54.81","SCHEFFERVILLE A","7117823","2021-03-14 04:00","2021","03","14","04:00","-35.0","","-38.4","","72","","0.0","","","","0","","16.1","","94.25","","","","","","NA"
"-66.81","54.81","SCHEFFERVILLE A","7117823","2021-03-14 05:00","2021","03","14","05:00","-34.0","","-37.4","","72","","0.0","","","M","4","","16.1","","94.25","","","","-39","","NA"
"-66.81","54.81","SCHEFFERVILLE A","7117823","2021-03-14 06:00","2021","03","14","06:00","-34.9","","-38.3","","72","","0.0","","29","","9","","16.1","","94.28","","","","-44","","Snow"
"-66.81","54.81","SCHEFFERVILLE A","7117823","2021-03-14 07:00","2021","03","14","07:00","-30.4","","-33.4","","76","","0.0","","","M","4","","16.1","","94.32","","","","-35","","NA"
"-66.81","54.81","SCHEFFERVILLE A","7117823","2021-03-14 08:00","2021","03","14","08:00","-25.2","","-27.6","","81","","0.0","","36","","13","","16.1","","94.35","","","","-35","","NA"
"-66.81","54.81","SCHEFFERVILLE A","7117823","2021-03-14 09:00","2021","03","14","09:00","-23.9","","-26.7","","78","","0.0","","35","","21","","16.1","","94.38","","","","-36","","NA"
"-66.81","54.81","SCHEFFERVILLE A","7117823","2021-03-14 10:00","2021","03","14","10:00","-22.3","","-27.0","","66","","0.0","","35","","13","","16.1","","94.38","","","","-31","","NA"
"-66.81","54.81","SCHEFFERVILLE A","7117823","2021-03-14 11:00","2021","03","14","11:00","-21.4","","-26.7","","63","","0.0","","31","","18","","16.1","","94.37","","","","-32","","NA"
"-66.81","54.81","SCHEFFERVILLE A","7117823","2021-03-14 12:00","2021","03","14","12:00","-20.9","","-26.8","","60","","0.0","","32","","17","","16.1","","94.34","","","","-31","","NA"
"-66.81","54.81","SCHEFFERVILLE A","7117823","2021-03-14 13:00","2021","03","14","13:00","-20.4","","-26.5","","59","","0.0","","31","","26","","16.1","","94.34","","","","-32","","NA"
"-66.81","54.81","SCHEFFERVILLE A","7117823","2021-03-14 14:00","2021","03","14","14:00","-20.2","","-26.3","","59","","0.0","","32","","24","","16.1","","94.38","","","","-32","","NA"
"-66.81","54.81","SCHEFFERVILLE A","7117823","2021-03-14 15:00","2021","03","14","15:00","-19.9","","-25.8","","60","","0.0","","31","","24","","16.1","","94.42","","","","-31","","NA"
"-66.81","54.81","SCHEFFERVILLE A","7117823","2021-03-14 16:00","2021","03","14","16:00","-20.6","","-26.5","","60","","0.0","","33","","28","","16.1","","94.47","","","","-33","","NA"
"-66.81","54.81","SCHEFFERVILLE A","7117823","2021-03-14 17:00","2021","03","14","17:00","-22.0","","-26.8","","66","","0.0","","33","","26","","16.1","","94.54","","","","-34","","NA"
"-66.81","54.81","SCHEFFERVILLE A","7117823","2021-03-14 18:00","2021","03","14","18:00","-23.6","","-28.1","","67","","0.0","","33","","21","","16.1","","94.65","","","","-35","","NA"
"-66.81","54.81","SCHEFFERVILLE A","7117823","2021-03-14 19:00","2021","03","14","19:00","-24.7","","-28.1","","74","","0.0","","32","","17","","16.1","","94.69","","","","-36","","NA"
"-66.81","54.81","SCHEFFERVILLE A","7117823","2021-03-14 20:00","2021","03","14","20:00","-25.4","","-28.6","","75","","0.0","","33","","18","","16.1","","94.73","","","","-37","","NA"
"-66.81","54.81","SCHEFFERVILLE A","7117823","2021-03-14 21:00","2021","03","14","21:00","-26.1","","-29.6","","73","","0.0","","33","","21","","16.1","","94.74","","","","-38","","NA"
"-66.81","54.81","SCHEFFERVILLE A","7117823","2021-03-14 22:00","2021","03","14","22:00","-27.2","","-30.4","","75","","0.0","","33","","17","","16.1","","94.76","","","","-39","","NA"
"-66.81","54.81","SCHEFFERVILLE A","7117823","2021-03-14 23:00","2021","03","14","23:00","-27.9","","-30.7","","77","","0.0","","33","","17","","16.1","","94.75","","","","-40","","NA"
"-66.81","54.81","SCHEFFERVILLE A","7117823","2021-03-15 00:00","2021","03","15","00:00","-28.2","","-31.4","","75","","0.0","","32","","21","","16.1","","94.74","","","","-41","","NA"
"-66.81","54.81","SCHEFFERVILLE A","7117823","2021-03-15 01:00","2021","03","15","01:00","-28.8","","-32.2","","73","","0.0","","32","","18","","16.1","","94.76","","","","-41","","NA"
"-66.81","54.81","SCHEFFERVILLE A","7117823","2021-03-15 02:00","2021","03","15","02:00","-29.2","","-32.8","","72","","0.0","","32","","18","","16.1","","94.76","","","","-41","","NA"
"-66.81","54.81","SCHEFFERVILLE A","7117823","2021-03-15 03:00","2021","03","15","03:00","-29.3","","-32.9","","72","","0.0","","32","","18","","8.1","","94.78","","","","-42","","Haze"
"-66.81","54.81","SCHEFFERVILLE A","7117823","2021-03-15 04:00","2021","03","15","04:00","-30.2","","-33.7","","72","","0.0","","31","","17","","16.1","","94.81","","","","-42","","NA"
"-66.81","54.81","SCHEFFERVILLE A","7117823","2021-03-15 05:00","2021","03","15","05:00","-30.5","","-34.0","","72","","0.0","","33","","13","","16.1","","94.84","","","","-41","","NA"
"-66.81","54.81","SCHEFFERVILLE A","7117823","2021-03-15 06:00","2021","03","15","06:00","-30.3","","-34.0","","71","","0.0","","32","","22","","16.1","","94.87","","","","-44","","NA"
"-66.81","54.81","SCHEFFERVILLE A","7117823","2021-03-15 07:00","2021","03","15","07:00","-29.6","","-33.9","","67","","0.0","","32","","22","","16.1","","94.90","","","","-43","","NA"
"-66.81","54.81","SCHEFFERVILLE A","7117823","2021-03-15 08:00","2021","03","15","08:00","-27.9","","-32.6","","65","","0.0","","34","","24","","8.1","","94.95","","","","-42","","Haze"
"-66.81","54.81","SCHEFFERVILLE A","7117823","2021-03-15 09:00","2021","03","15","09:00","-26.5","","-31.8","","62","","0.0","","32","","28","","16.1","","94.97","","","","-41","","NA"
"-66.81","54.81","SCHEFFERVILLE A","7117823","2021-03-15 10:00","2021","03","15","10:00","-25.1","","-30.6","","61","","0.0","","32","","26","","16.1","","94.94","","","","-38","","NA"
"-66.81","54.81","SCHEFFERVILLE A","7117823","2021-03-15 11:00","2021","03","15","11:00","-23.9","","-29.6","","60","","0.0","","31","","26","","16.1","","94.94","","","","-37","","Snow"
"-66.81","54.81","SCHEFFERVILLE A","7117823","2021-03-15 12:00","2021","03","15","12:00","-22.7","","-28.4","","61","","0.0","","30","","28","","16.1","","94.96","","","","-36","","NA"
"-66.81","54.81","SCHEFFERVILLE A","7117823","2021-03-15 13:00","2021","03","15","13:00","-22.2","","-27.8","","61","","0.0","","30","","28","","12.9","","94.96","","","","-35","","Snow"
"-66.81","54.81","SCHEFFERVILLE A","7117823","2021-03-15 14:00","2021","03","15","14:00","-21.4","","-27.1","","61","","0.0","","30","","30","","16.1","","94.96","","","","-34","","NA"
"-66.81","54.81","SCHEFFERVILLE A","7117823","2021-03-15 15:00","2021","03","15","15:00","-21.1","","-27.0","","60","","0.0","","31","","26","","16.1","","94.96","","","","-33","","Snow"
"-66.81","54.81","SCHEFFERVILLE A","7117823","2021-03-15 16:00","2021","03","15","16:00","-21.2","","-27.0","","60","","0.0","","31","","26","","16.1","","95.01","","","","-33","","NA"
"-66.81","54.81","SCHEFFERVILLE A","7117823","2021-03-15 17:00","2021","03","15","17:00","-22.1","","-27.3","","63","","0.0","","31","","18","","16.1","","95.03","","","","-33","","NA"
"-66.81","54.81","SCHEFFERVILLE A","7117823","2021-03-15 18:00","2021","03","15","18:00","-23.8","","-28.2","","68","","0.0","","33","","13","","16.1","","95.08","","","","-33","","NA"
"-66.81","54.81","SCHEFFERVILLE A","7117823","2021-03-15 19:00","2021","03","15","19:00","-25.3","","-29.0","","72","","0.0","","31","","11","","16.1","","95.12","","","","-34","","NA"
"-66.81","54.81","SCHEFFERVILLE A","7117823","2021-03-15 20:00","2021","03","15","20:00","-26.3","","-29.7","","74","","0.0","","33","","11","","16.1","","95.16","","","","-35","","NA"
"-66.81","54.81","SCHEFFERVILLE A","7117823","2021-03-15 21:00","2021","03","15","21:00","-26.9","","-30.1","","75","","0.0","","34","","9","","16.1","","95.20","","","","-35","","NA"
"-66.81","54.81","SCHEFFERVILLE A","7117823","2021-03-15 22:00","2021","03","15","22:00","-26.2","","-29.9","","72","","0.0","","32","","11","","16.1","","95.19","","","","-35","","NA"
"-66.81","54.81","SCHEFFERVILLE A","7117823","2021-03-15 23:00","2021","03","15","23:00","-26.1","","-29.6","","73","","0.0","","32","","13","","16.1","","95.19","","","","-36","","NA"
"-66.81","54.81","SCHEFFERVILLE A","7117823","2021-03-16 00:00","2021","03","16","00:00","-26.7","","-29.7","","76","","0.0","","33","","15","","16.1","","95.20","","","","-37","","NA"
"-66.81","54.81","SCHEFFERVILLE A","7117823","2021-03-16 01:00","2021","03","16","01:00","-27.3","","-30.2","","77","","0.0","","32","","8","","16.1","","95.21","","","","-35","","NA"
"-66.81","54.81","SCHEFFERVILLE A","7117823","2021-03-16 02:00","2021","03","16","02:00","-29.6","","-32.6","","76","","0.0","","36","","5","","16.1","","95.24","","","","-35","","NA"
"-66.81","54.81","SCHEFFERVILLE A","7117823","2021-03-16 03:00","2021","03","16","03:00","-28.9","","-31.6","","78","","0.0","","33","","8","","16.1","","95.24","","","","-37","","NA"
"-66.81","54.81","SCHEFFERVILLE A","7117823","2021-03-16 04:00","2021","03","16","04:00","-31.7","","-34.5","","77","","0.0","","33","","9","","16.1","","95.22","","","","-41","","NA"
"-66.81","54.81","SCHEFFERVILLE A","7117823","2021-03-16 05:00","2021","03","16","05:00","-31.7","","-34.8","","75","","0.0","","35","","4","","16.1","","95.25","","","","-36","","NA"
"-66.81","54.81","SCHEFFERVILLE A","7117823","2021-03-16 06:00","2021","03","16","06:00","-34.8","","-38.1","","73","","0.0","","8","","8","","16.1","","95.26","","","","-44","","NA"
"-66.81","54.81","SCHEFFERVILLE A","7117823","2021-03-16 07:00","2021","03","16","07:00","-32.6","","-35.8","","74","","0.0","","10","","4","","4.8","","95.30","","","","-37","","Haze"
"-66.81","54.81","SCHEFFERVILLE A","7117823","2021-03-16 08:00","2021","03","16","08:00","-25.5","","-28.0","","80","","0.0","","","M","4","","16.1","","95.27","","","","-30","","NA"
"-66.81","54.81","SCHEFFERVILLE A","7117823","2021-03-16 09:00","2021","03","16","09:00","-23.5","","-27.5","","70","","0.0","","22","","5","","16.1","","95.25","","","","-28","","NA"
"-66.81","54.81","SCHEFFERVILLE A","7117823","2021-03-16 10:00","2021","03","16","10:00","-22.2","","-27.7","","62","","0.0","","22","","11","","16.1","","95.20","","","","-30","","NA"
"-66.81","54.81","SCHEFFERVILLE A","7117823","2021-03-16 11:00","2021","03","16","11:00","-20.9","","-26.8","","60","","0.0","","22","","11","","16.1","","95.16","","","","-29","","NA"
"-66.81","54.81","SCHEFFERVILLE A","7117823","2021-03-16 12:00","2021","03","16","12:00","-19.7","","-26.0","","58","","0.0","","23","","9","","16.1","","95.08","","","","-26","","NA"
"-66.81","54.81","SCHEFFERVILLE A","7117823","2021-03-16 13:00","2021","03","16","13:00","-18.8","","-25.6","","56","","0.0","","21","","13","","16.1","","95.01","","","","-27","","NA"
"-66.81","54.81","SCHEFFERVILLE A","7117823","2021-03-16 14:00","2021","03","16","14:00","-17.5","","-26.7","","46","","0.0","","23","","11","","16.1","","94.96","","","","-25","","NA"
"-66.81","54.81","SCHEFFERVILLE A","7117823","2021-03-16 15:00","2021","03","16","15:00","-16.8","","-24.7","","51","","0.0","","22","","11","","16.1","","94.91","","","","-24","","NA"
"-66.81","54.81","SCHEFFERVILLE A","7117823","2021-03-16 16:00","2021","03","16","16:00","-17.0","","-24.5","","53","","0.0","","20","","9","","16.1","","94.82","","","","-23","","NA"
"-66.81","54.81","SCHEFFERVILLE A","7117823","2021-03-16 17:00","2021","03","16","17:00","-18.3","","-25.5","","54","","0.0","","17","","9","","16.1","","94.74","","","","-25","","NA"
"-66.81","54.81","SCHEFFERVILLE A","7117823","2021-03-16 18:00","2021","03","16","18:00","-19.5","","-25.4","","60","","0.0","","16","","13","","16.1","","94.64","","","","-28","","NA"
"-66.81","54.81","SCHEFFERVILLE A","7117823","2021-03-16 19:00","2021","03","16","19:00","-19.8","","-25.2","","63","","0.0","","14","","9","","16.1","","94.62","","","","-27","","NA"
"-66.81","54.81","SCHEFFERVILLE A","7117823","2021-03-16 20:00","2021","03","16","20:00","-19.4","","-25.2","","61","","0.0","","16","","15","","16.1","","94.54","","","","-28","","NA"
"-66.81","54.81","SCHEFFERVILLE A","7117823","2021-03-16 21:00","2021","03","16","21:00","-19.4","","-25.0","","62","","0.0","","14","","11","","16.1","","94.50","","","","-27","","NA"
"-66.81","54.81","SCHEFFERVILLE A","7117823","2021-03-16 22:00","2021","03","16","22:00","-18.9","","-22.0","","77","","0.0","","16","","17","","4.8","","94.36","","","","-28","","Snow"
"-66.81","54.81","SCHEFFERVILLE A","7117823","2021-03-16 23:00","2021","03","16","23:00","-18.7","","-21.3","","80","","0.0","","17","","22","","4.0","","94.23","","","","-29","","Snow"
"-66.81","54.81","SCHEFFERVILLE A","7117823","2021-03-17 00:00","2021","03","17","00:00","-18.7","","-20.9","","83","","0.0","","14","","13","","8.1","","94.14","","","","-27","","Snow"
"-66.81","54.81","SCHEFFERVILLE A","7117823","2021-03-17 01:00","2021","03","17","01:00","-17.4","","-19.6","","83","","0.0","","16","","17","","8.1","","94.07","","","","-26","","Snow"
"-66.81","54.81","SCHEFFERVILLE A","7117823","2021-03-17 02:00","2021","03","17","02:00","-16.5","","-18.8","","83","","0.0","","16","","13","","16.1","","94.02","","","","-24","","Snow"
"-66.81","54.81","SCHEFFERVILLE A","7117823","2021-03-17 03:00","2021","03","17","03:00","-15.6","","-17.6","","85","","0.0","","13","","5","","11.3","","94.01","","","","-19","","Snow"
"-66.81","54.81","SCHEFFERVILLE A","7117823","2021-03-17 04:00","2021","03","17","04:00","-13.6","","-15.8","","84","","0.0","","26","","8","","14.5","","94.06","","","","-19","","Snow"
"-66.81","54.81","SCHEFFERVILLE A","7117823","2021-03-17 05:00","2021","03","17","05:00","-12.1","","-14.3","","84","","0.0","","31","","21","","16.1","","94.10","","","","-21","","Snow"
"-66.81","54.81","SCHEFFERVILLE A","7117823","2021-03-17 06:00","2021","03","17","06:00","-11.8","","-14.1","","83","","0.0","","32","","13","","16.1","","94.16","","","","-18","","Snow"
"-66.81","54.81","SCHEFFERVILLE A","7117823","2021-03-17 07:00","2021","03","17","07:00","-11.9","","-14.7","","80","","0.0","","30","","30","","4.8","","94.22","","","","-22","","Snow"
"-66.81","54.81","SCHEFFERVILLE A","7117823","2021-03-17 08:00","2021","03","17","08:00","-12.0","","-14.6","","81","","0.0","","31","","22","","1.6","","94.30","","","","-21","","Snow"
"-66.81","54.81","SCHEFFERVILLE A","7117823","2021-03-17 09:00","2021","03","17","09:00","-12.1","","-15.0","","79","","0.0","","29","","30","","1.2","","94.36","","","","-22","","Snow"
"-66.81","54.81","SCHEFFERVILLE A","7117823","2021-03-17 10:00","2021","03","17","10:00","-11.7","","-16.9","","66","","0.0","","29","","34","","11.3","","94.38","","","","-22","","NA"
"-66.81","54.81","SCHEFFERVILLE A","7117823","2021-03-17 11:00","2021","03","17","11:00","-11.2","","-17.9","","58","","0.0","","31","","22","","16.1","","94.40","","","","-20","","NA"
"-66.81","54.81","SCHEFFERVILLE A","7117823","2021-03-17 12:00","2021","03","17","12:00","-10.7","","-18.1","","55","","0.0","","30","","30","","12.9","","94.39","","","","-20","","Snow"
"-66.81","54.81","SCHEFFERVILLE A","7117823","2021-03-17 13:00","2021","03","17","13:00","-9.8","","-18.1","","51","","0.0","","30","","26","","16.1","","94.44","","","","-19","","NA"
"-66.81","54.81","SCHEFFERVILLE A","7117823","2021-03-17 14:00","2021","03","17","14:00","-9.2","","-18.0","","49","","0.0","","29","","22","","16.1","","94.47","","","","-17","","NA"
"-66.81","54.81","SCHEFFERVILLE A","7117823","2021-03-17 15:00","2021","03","17","15:00","-9.1","","-18.2","","48","","0.0","","30","","21","","16.1","","94.49","","","","-17","","NA"
"-66.81","54.81","SCHEFFERVILLE A","7117823","2021-03-17 16:00","2021","03","17","16:00","-9.6","","-16.4","","58","","0.0","","25","","21","","16.1","","94.50","","","","-18","","NA"
"-66.81","54.81","SCHEFFERVILLE A","7117823","2021-03-17 17:00","2021","03","17","17:00","-10.0","","-17.0","","57","","0.0","","","M","4","","16.1","","94.50","","","","-12","","NA"
"-66.81","54.81","SCHEFFERVILLE A","7117823","2021-03-17 18:00","2021","03","17","18:00","-11.2","","-17.1","","62","","0.0","","21","","13","","16.1","","94.50","","","","-18","","NA"
"-66.81","54.81","SCHEFFERVILLE A","7117823","2021-03-17 19:00","2021","03","17","19:00","-11.3","","-17.0","","63","","0.0","","22","","15","","16.1","","94.49","","","","-18","","NA"
"-66.81","54.81","SCHEFFERVILLE A","7117823","2021-03-17 20:00","2021","03","17","20:00","-11.4","","-16.9","","64","","0.0","","20","","15","","16.1","","94.46","","","","-18","","NA"
"-66.81","54.81","SCHEFFERVILLE A","7117823","2021-03-17 21:00","2021","03","17","21:00","-11.6","","-16.8","","66","","0.0","","15","","15","","16.1","","94.40","","","","-19","","NA"
"-66.81","54.81","SCHEFFERVILLE A","7117823","2021-03-17 22:00","2021","03","17","22:00","-11.2","","-16.2","","67","","0.0","","13","","9","","16.1","","94.26","","","","-16","","NA"
"-66.81","54.81","SCHEFFERVILLE A","7117823","2021-03-17 23:00","2021","03","17","23:00","-11.6","","-16.2","","69","","0.0","","15","","13","","16.1","","94.20","","","","-18","","NA"
"-66.81","54.81","SCHEFFERVILLE A","7117823","2021-03-18 00:00","2021","03","18","00:00","-12.1","","-16.2","","72","","0.0","","15","","15","","16.1","","94.15","","","","-19","","NA"
"-66.81","54.81","SCHEFFERVILLE A","7117823","2021-03-18 01:00","2021","03","18","01:00","-12.4","","-16.3","","73","","0.0","","16","","15","","16.1","","94.10","","","","-20","","NA"
"-66.81","54.81","SCHEFFERVILLE A","7117823","2021-03-18 02:00","2021","03","18","02:00","-12.0","","-15.9","","73","","0.0","","16","","13","","16.1","","94.05","","","","-19","","NA"
"-66.81","54.81","SCHEFFERVILLE A","7117823","2021-03-18 03:00","2021","03","18","03:00","-12.2","","-15.5","","77","","0.0","","17","","13","","16.1","","94.00","","","","-19","","NA"
"-66.81","54.81","SCHEFFERVILLE A","7117823","2021-03-18 04:00","2021","03","18","04:00","-12.0","","-14.6","","81","","0.0","","19","","11","","4.8","","93.99","","","","-18","","Snow"
"-66.81","54.81","SCHEFFERVILLE A","7117823","2021-03-18 05:00","2021","03","18","05:00","-11.3","","-12.9","","88","","0.0","","19","","8","","8.1","","94.01","","","","-16","","Snow"
"-66.81","54.81","SCHEFFERVILLE A","7117823","2021-03-18 06:00","2021","03","18","06:00","-10.9","","-12.2","","90","","0.0","","","M","4","","6.4","","94.04","","","","-13","","Snow"
"-66.81","54.81","SCHEFFERVILLE A","7117823","2021-03-18 07:00","2021","03","18","07:00","-9.6","","-11.1","","89","","0.0","","","M","4","","4.8","","94.08","","","","-12","","Snow"
"-66.81","54.81","SCHEFFERVILLE A","7117823","2021-03-18 08:00","2021","03","18","08:00","-9.2","","-11.1","","86","","0.0","","35","","17","","2.4","","94.09","","","","-16","","Snow"
"-66.81","54.81","SCHEFFERVILLE A","7117823","2021-03-18 09:00","2021","03","18","09:00","-10.2","","-12.6","","83","","0.0","","34","","18","","2.4","","94.14","","","","-18","","Snow"
"-66.81","54.81","SCHEFFERVILLE A","7117823","2021-03-18 10:00","2021","03","18","10:00","-10.1","","-13.1","","79","","0.0","","35","","24","","3.6","","94.20","","","","-19","","Snow"
"-66.81","54.81","SCHEFFERVILLE A","7117823","2021-03-18 11:00","2021","03","18","11:00","-11.1","","-14.5","","76","","0.0","","33","","34","","4.0","","94.26","","","","-22","","Snow"
"-66.81","54.81","SCHEFFERVILLE A","7117823","2021-03-18 12:00","2021","03","18","12:00","-13.4","","-16.8","","76","","0.0","","34","","32","","2.8","","94.36","","","","-24","","Haze"
"-66.81","54.81","SCHEFFERVILLE A","7117823","2021-03-18 13:00","2021","03","18","13:00","-13.4","","-17.8","","70","","0.0","","35","","24","","4.8","","94.45","","","","-23","","Snow"
"-66.81","54.81","SCHEFFERVILLE A","7117823","2021-03-18 14:00","2021","03","18","14:00","-14.0","","-19.4","","64","","0.0","","35","","21","","16.1","","94.54","","","","-23","","NA"
"-66.81","54.81","SCHEFFERVILLE A","7117823","2021-03-18 15:00","2021","03","18","15:00","-15.1","","-21.5","","59","","0.0","","34","","24","","16.1","","94.63","","","","-25","","NA"
"-66.81","54.81","SCHEFFERVILLE A","7117823","2021-03-18 16:00","2021","03","18","16:00","-16.3","","-22.6","","59","","0.0","","33","","28","","16.1","","94.74","","","","-27","","NA"
"-66.81","54.81","SCHEFFERVILLE A","7117823","2021-03-18 17:00","2021","03","18","17:00","-17.5","","-23.3","","61","","0.0","","33","","26","","16.1","","94.85","","","","-29","","Snow"
"-66.81","54.81","SCHEFFERVILLE A","7117823","2021-03-18 18:00","2021","03","18","18:00","-19.2","","-24.4","","64","","0.0","","33","","26","","16.1","","94.97","","","","-31","","NA"
"-66.81","54.81","SCHEFFERVILLE A","7117823","2021-03-18 19:00","2021","03","18","19:00","-20.4","","-24.9","","68","","0.0","","33","","21","","16.1","","95.06","","","","-31","","NA"
"-66.81","54.81","SCHEFFERVILLE A","7117823","2021-03-18 20:00","2021","03","18","20:00","-21.0","","-25.0","","71","","0.0","","33","","22","","16.1","","95.07","","","","-32","","NA"
"-66.81","54.81","SCHEFFERVILLE A","7117823","2021-03-18 21:00","2021","03","18","21:00","-21.7","","-25.2","","74","","0.0","","33","","17","","16.1","","95.09","","","","-32","","NA"
"-66.81","54.81","SCHEFFERVILLE A","7117823","2021-03-18 22:00","2021","03","18","22:00","-22.1","","-25.1","","77","","0.0","","34","","21","","16.1","","95.14","","","","-33","","NA"
"-66.81","54.81","SCHEFFERVILLE A","7117823","2021-03-18 23:00","2021","03","18","23:00","-22.5","","-25.4","","78","","0.0","","33","","18","","16.1","","95.15","","","","-33","","NA"
"-66.81","54.81","SCHEFFERVILLE A","7117823","2021-03-19 00:00","2021","03","19","00:00","-22.9","","-25.6","","79","","0.0","","33","","21","","16.1","","95.18","","","","-34","","NA"
"-66.81","54.81","SCHEFFERVILLE A","7117823","2021-03-19 01:00","2021","03","19","01:00","-23.8","","-26.5","","79","","0.0","","33","","22","","16.1","","95.21","","","","-36","","NA"
"-66.81","54.81","SCHEFFERVILLE A","7117823","2021-03-19 02:00","2021","03","19","02:00","-24.5","","-27.2","","79","","0.0","","33","","18","","16.1","","95.22","","","","-36","","NA"
"-66.81","54.81","SCHEFFERVILLE A","7117823","2021-03-19 03:00","2021","03","19","03:00","-25.0","","-27.7","","79","","0.0","","32","","17","","16.1","","95.25","","","","-36","","NA"
"-66.81","54.81","SCHEFFERVILLE A","7117823","2021-03-19 04:00","2021","03","19","04:00","-26.0","","-28.6","","79","","0.0","","32","","17","","16.1","","95.28","","","","-37","","NA"
"-66.81","54.81","SCHEFFERVILLE A","7117823","2021-03-19 05:00","2021","03","19","05:00","-25.7","","-28.5","","78","","0.0","","33","","17","","16.1","","95.30","","","","-37","","NA"
"-66.81","54.81","SCHEFFERVILLE A","7117823","2021-03-19 06:00","2021","03","19","06:00","-25.8","","-28.4","","79","","0.0","","33","","15","","16.1","","95.34","","","","-36","","NA"
"-66.81","54.81","SCHEFFERVILLE A","7117823","2021-03-19 07:00","2021","03","19","07:00","-23.9","","-27.6","","72","","0.0","","31","","18","","16.1","","95.37","","","","-35","","NA"
"-66.81","54.81","SCHEFFERVILLE A","7117823","2021-03-19 08:00","2021","03","19","08:00","-21.7","","-26.1","","68","","0.0","","33","","24","","16.1","","95.35","","","","-34","","NA"
"-66.81","54.81","SCHEFFERVILLE A","7117823","2021-03-19 09:00","2021","03","19","09:00","-20.2","","-25.7","","62","","0.0","","33","","21","","16.1","","95.35","","","","-31","","NA"
"-66.81","54.81","SCHEFFERVILLE A","7117823","2021-03-19 10:00","2021","03","19","10:00","-19.0","","-25.9","","55","","0.0","","33","","26","","16.1","","95.35","","","","-31","","NA"
"-66.81","54.81","SCHEFFERVILLE A","7117823","2021-03-19 11:00","2021","03","19","11:00","-18.1","","-24.1","","60","","0.0","","31","","21","","16.1","","95.29","","","","-28","","NA"
"-66.81","54.81","SCHEFFERVILLE A","7117823","2021-03-19 12:00","2021","03","19","12:00","-16.6","","-23.1","","58","","0.0","","32","","26","","16.1","","95.22","","","","-27","","NA"
"-66.81","54.81","SCHEFFERVILLE A","7117823","2021-03-19 13:00","2021","03","19","13:00","-15.7","","-22.6","","56","","0.0","","33","","21","","16.1","","95.18","","","","-25","","NA"
"-66.81","54.81","SCHEFFERVILLE A","7117823","2021-03-19 14:00","2021","03","19","14:00","-14.3","","-21.9","","53","","0.0","","31","","26","","16.1","","95.15","","","","-24","","NA"
"-66.81","54.81","SCHEFFERVILLE A","7117823","2021-03-19 15:00","2021","03","19","15:00","-13.8","","-22.9","","47","","0.0","","34","","18","","16.1","","95.09","","","","-22","","NA"
"-66.81","54.81","SCHEFFERVILLE A","7117823","2021-03-19 16:00","2021","03","19","16:00","-13.8","","-22.9","","47","","0.0","","32","","13","","16.1","","95.05","","","","-21","","NA"
"-66.81","54.81","SCHEFFERVILLE A","7117823","2021-03-19 17:00","2021","03","19","17:00","-14.7","","-22.6","","52","","0.0","","33","","8","","16.1","","95.06","","","","-20","","NA"
"-66.81","54.81","SCHEFFERVILLE A","7117823","2021-03-19 18:00","2021","03","19","18:00","-17.6","","-23.5","","61","","0.0","","","M","4","","16.1","","95.07","","","","-21","","NA"
"-66.81","54.81","SCHEFFERVILLE A","7117823","2021-03-19 19:00","2021","03","19","19:00","-19.5","","-24.2","","67","","0.0","","","M","4","","16.1","","95.08","","","","-23","","NA"
"-66.81","54.81","SCHEFFERVILLE A","7117823","2021-03-19 20:00","2021","03","19","20:00","-23.1","","-25.8","","79","","0.0","","","M","4","","6.4","","95.07","","","","-27","","Haze"
"-66.81","54.81","SCHEFFERVILLE A","7117823","2021-03-19 21:00","2021","03","19","21:00","-26.1","","-28.9","","78","","0.0","","","","0","","9.7","","95.04","","","","","","Haze"
"-66.81","54.81","SCHEFFERVILLE A","7117823","2021-03-19 22:00","2021","03","19","22:00","-26.8","","-29.3","","80","","0.0","","15","","5","","3.6","","94.99","","","","-32","","Fog"
"-66.81","54.81","SCHEFFERVILLE A","7117823","2021-03-19 23:00","2021","03","19","23:00","-28.0","","-30.7","","78","","0.0","","","M","4","","9.7","","94.94","","","","-32","","Haze"
"-66.81","54.81","SCHEFFERVILLE A","7117823","2021-03-20 00:00","2021","03","20","00:00","-28.2","","-30.8","","79","","0.0","","16","","4","","16.1","","94.90","","","","-33","","NA"
"-66.81","54.81","SCHEFFERVILLE A","7117823","2021-03-20 01:00","2021","03","20","01:00","-29.0","","-31.8","","77","","0.0","","","","0","","6.4","","94.89","","","","","","Haze"
"-66.81","54.81","SCHEFFERVILLE A","7117823","2021-03-20 02:00","2021","03","20","02:00","-30.5","","-33.6","","75","","0.0","","15","","4","","16.1","","94.85","","","","-35","","NA"
"-66.81","54.81","SCHEFFERVILLE A","7117823","2021-03-20 03:00","2021","03","20","03:00","-30.3","","-33.3","","76","","0.0","","13","","4","","16.1","","94.88","","","","-35","","NA"
"-66.81","54.81","SCHEFFERVILLE A","7117823","2021-03-20 04:00","2021","03","20","04:00","-30.4","","-33.4","","76","","0.0","","12","","8","","16.1","","94.91","","","","-38","","NA"
"-66.81","54.81","SCHEFFERVILLE A","7117823","2021-03-20 05:00","2021","03","20","05:00","-28.8","","-31.5","","78","","0.0","","15","","8","","16.1","","94.97","","","","-37","","NA"
"-66.81","54.81","SCHEFFERVILLE A","7117823","2021-03-20 06:00","2021","03","20","06:00","-29.9","","-32.9","","76","","0.0","","","","0","","16.1","","95.03","","","","","","NA"
"-66.81","54.81","SCHEFFERVILLE A","7117823","2021-03-20 07:00","2021","03","20","07:00","-27.2","","-29.8","","79","","0.0","","","","0","","16.1","","95.12","","","","","","NA"
"-66.81","54.81","SCHEFFERVILLE A","7117823","2021-03-20 08:00","2021","03","20","08:00","-22.2","","-25.4","","76","","0.0","","","","0","","16.1","","95.16","","","","","","NA"
"-66.81","54.81","SCHEFFERVILLE A","7117823","2021-03-20 09:00","2021","03","20","09:00","-15.8","","-20.4","","68","","0.0","","","","0","","16.1","","95.17","","","","","","NA"
"-66.81","54.81","SCHEFFERVILLE A","7117823","2021-03-20 10:00","2021","03","20","10:00","-13.0","","-17.6","","69","","0.0","","24","","11","","16.1","","95.18","","","","-19","","NA"
"-66.81","54.81","SCHEFFERVILLE A","7117823","2021-03-20 11:00","2021","03","20","11:00","-11.2","","-16.7","","64","","0.0","","29","","17","","16.1","","95.21","","","","-19","","NA"
"-66.81","54.81","SCHEFFERVILLE A","7117823","2021-03-20 12:00","2021","03","20","12:00","-10.1","","-16.4","","60","","0.0","","28","","17","","16.1","","95.19","","","","-17","","NA"
"-66.81","54.81","SCHEFFERVILLE A","7117823","2021-03-20 13:00","2021","03","20","13:00","-8.8","","-15.7","","58","","0.0","","28","","17","","16.1","","95.20","","","","-16","","NA"
"-66.81","54.81","SCHEFFERVILLE A","7117823","2021-03-20 14:00","2021","03","20","14:00","-8.1","","-15.3","","57","","0.0","","27","","17","","16.1","","95.23","","","","-15","","NA"
"-66.81","54.81","SCHEFFERVILLE A","7117823","2021-03-20 15:00","2021","03","20","15:00","-7.9","","-15.0","","57","","0.0","","28","","21","","16.1","","95.29","","","","-15","","NA"
"-66.81","54.81","SCHEFFERVILLE A","7117823","2021-03-20 16:00","2021","03","20","16:00","-7.8","","-14.8","","58","","0.0","","28","","15","","16.1","","95.30","","","","-14","","NA"
"-66.81","54.81","SCHEFFERVILLE A","7117823","2021-03-20 17:00","2021","03","20","17:00","-9.1","","-15.1","","62","","0.0","","26","","4","","16.1","","95.33","","","","-11","","NA"
"-66.81","54.81","SCHEFFERVILLE A","7117823","2021-03-20 18:00","2021","03","20","18:00","-9.6","","-15.2","","64","","0.0","","","M","4","","16.1","","95.35","","","","-12","","NA"
"-66.81","54.81","SCHEFFERVILLE A","7117823","2021-03-20 19:00","2021","03","20","19:00","-10.2","","-14.9","","69","","0.0","","28","","9","","16.1","","95.40","","","","-15","","NA"
"-66.81","54.81","SCHEFFERVILLE A","7117823","2021-03-20 20:00","2021","03","20","20:00","-11.2","","-14.9","","74","","0.0","","","M","4","","6.4","","95.41","","","","-14","","Haze"
"-66.81","54.81","SCHEFFERVILLE A","7117823","2021-03-20 21:00","2021","03","20","21:00","-10.4","","-14.0","","75","","0.0","","","M","4","","16.1","","95.36","","","","-13","","NA"
"-66.81","54.81","SCHEFFERVILLE A","7117823","2021-03-20 22:00","2021","03","20","22:00","-10.9","","-13.6","","80","","0.0","","20","","11","","16.1","","95.33","","","","-17","","NA"
"-66.81","54.81","SCHEFFERVILLE A","7117823","2021-03-20 23:00","2021","03","20","23:00","-8.5","","-10.6","","85","","0.0","","19","","8","","16.1","","95.28","","","","-13","","Snow"
"-66.81","54.81","SCHEFFERVILLE A","7117823","2021-03-21 00:00","2021","03","21","00:00","-8.6","","-10.3","","88","","0.0","","19","","13","","16.1","","95.20","","","","-15","","Snow"
"-66.81","54.81","SCHEFFERVILLE A","7117823","2021-03-21 01:00","2021","03","21","01:00","-7.8","","-9.4","","89","","0.0","","19","","13","","16.1","","95.16","","","","-14","","NA"
"-66.81","54.81","SCHEFFERVILLE A","7117823","2021-03-21 02:00","2021","03","21","02:00","-7.8","","-9.5","","88","","0.0","","16","","13","","16.1","","95.12","","","","-14","","NA"
"-66.81","54.81","SCHEFFERVILLE A","7117823","2021-03-21 03:00","2021","03","21","03:00","-8.6","","-10.1","","89","","0.0","","16","","11","","16.1","","95.09","","","","-14","","NA"
"-66.81","54.81","SCHEFFERVILLE A","7117823","2021-03-21 04:00","2021","03","21","04:00","-7.8","","-9.5","","88","","0.0","","9","","8","","16.1","","95.03","","","","-12","","NA"
"-66.81","54.81","SCHEFFERVILLE A","7117823","2021-03-21 05:00","2021","03","21","05:00","-5.1","","-7.9","","81","","0.0","","21","","5","","16.1","","94.99","","","","-7","","NA"
"-66.81","54.81","SCHEFFERVILLE A","7117823","2021-03-21 06:00","2021","03","21","06:00","-5.0","","-7.8","","81","","0.0","","21","","8","","16.1","","94.98","","","","-9","","NA"
"-66.81","54.81","SCHEFFERVILLE A","7117823","2021-03-21 07:00","2021","03","21","07:00","-4.1","","-7.1","","80","","0.0","","23","","13","","16.1","","94.96","","","","-9","","NA"
"-66.81","54.81","SCHEFFERVILLE A","7117823","2021-03-21 08:00","2021","03","21","08:00","-3.3","","-6.4","","79","","0.0","","24","","18","","16.1","","94.91","","","","-9","","NA"
"-66.81","54.81","SCHEFFERVILLE A","7117823","2021-03-21 09:00","2021","03","21","09:00","-1.6","","-5.7","","74","","0.0","","22","","11","","16.1","","94.89","","","","-5","","NA"
"-66.81","54.81","SCHEFFERVILLE A","7117823","2021-03-21 10:00","2021","03","21","10:00","0.3","","-4.7","","69","","0.0","","22","","18","","16.1","","94.84","","","","","","NA"
"-66.81","54.81","SCHEFFERVILLE A","7117823","2021-03-21 11:00","2021","03","21","11:00","2.0","","-4.4","","63","","0.5","","24","","5","","16.1","","94.76","","","","","","NA"
"-66.81","54.81","SCHEFFERVILLE A","7117823","2021-03-21 12:00","2021","03","21","12:00","3.6","","-3.4","","60","","2.5","","25","","17","","16.1","","94.71","","","","","","NA"
"-66.81","54.81","SCHEFFERVILLE A","7117823","2021-03-21 13:00","2021","03","21","13:00","3.8","","-2.9","","62","","2.8","","26","","26","","16.1","","94.67","","","","","","NA"
"-66.81","54.81","SCHEFFERVILLE A","7117823","2021-03-21 14:00","2021","03","21","14:00","1.8","","-0.7","","83","","2.2","","27","","21","","9.7","","94.66","","","","","","Snow"
"-66.81","54.81","SCHEFFERVILLE A","7117823","2021-03-21 15:00","2021","03","21","15:00","4.2","","-2.5","","62","","3.2","","25","","26","","16.1","","94.65","","","","","","NA"
"-66.81","54.81","SCHEFFERVILLE A","7117823","2021-03-21 16:00","2021","03","21","16:00","4.7","","-2.9","","58","","4.2","","25","","32","","16.1","","94.60","","","","","","NA"
"-66.81","54.81","SCHEFFERVILLE A","7117823","2021-03-21 17:00","2021","03","21","17:00","4.5","","-2.6","","60","","3.2","","25","","22","","16.1","","94.63","","","","","","NA"
"-66.81","54.81","SCHEFFERVILLE A","7117823","2021-03-21 18:00","2021","03","21","18:00","4.5","","-3.1","","58","","1.8","","25","","22","","16.1","","94.62","","","","","","NA"
"-66.81","54.81","SCHEFFERVILLE A","7117823","2021-03-21 19:00","2021","03","21","19:00","4.6","","-2.7","","59","","1.0","","26","","22","","16.1","","94.61","","","","","","NA"
"-66.81","54.81","SCHEFFERVILLE A","7117823","2021-03-21 20:00","2021","03","21","20:00","4.4","","-2.5","","61","","0.0","","29","","15","","16.1","","94.60","","","","","","NA"
"-66.81","54.81","SCHEFFERVILLE A","7117823","2021-03-21 21:00","2021","03","21","21:00","4.3","","-2.4","","62","","0.0","","29","","39","","16.1","","94.57","","","","","","NA"
"-66.81","54.81","SCHEFFERVILLE A","7117823","2021-03-21 22:00","2021","03","21","22:00","2.7","","-0.9","","77","","0.0","","29","","28","","16.1","","94.60","","","","","","NA"
"-66.81","54.81","SCHEFFERVILLE A","7117823","2021-03-21 23:00","2021","03","21","23:00","2.0","","-0.3","","85","","0.0","","27","","35","","16.1","","94.61","","","","","","Rain"
"-66.81","54.81","SCHEFFERVILLE A","7117823","2021-03-22 00:00","2021","03","22","00:00","1.9","","-0.3","","86","","0.0","","28","","32","","16.1","","94.60","","","","","","Rain"
"-66.81","54.81","SCHEFFERVILLE A","7117823","2021-03-22 01:00","2021","03","22","01:00","2.0","","-0.3","","85","","0.0","","28","","21","","16.1","","94.61","","","","","","NA"
"-66.81","54.81","SCHEFFERVILLE A","7117823","2021-03-22 02:00","2021","03","22","02:00","2.2","","-0.9","","80","","0.0","","30","","26","","16.1","","94.59","","","","","","NA"
"-66.81","54.81","SCHEFFERVILLE A","7117823","2021-03-22 03:00","2021","03","22","03:00","2.5","","-1.1","","77","","0.0","","","M","4","","16.1","","94.60","","","","","","NA"
"-66.81","54.81","SCHEFFERVILLE A","7117823","2021-03-22 04:00","2021","03","22","04:00","2.9","","-1.5","","73","","0.0","","29","","9","","16.1","","94.58","","","","","","NA"
"-66.81","54.81","SCHEFFERVILLE A","7117823","2021-03-22 05:00","2021","03","22","05:00","3.3","","-1.6","","70","","0.0","","26","","13","","16.1","","94.52","","","","","","Rain"
"-66.81","54.81","SCHEFFERVILLE A","7117823","2021-03-22 06:00","2021","03","22","06:00","1.7","","0.2","","90","","0.2","","","M","9","","16.1","","94.52","","","","","","Rain"
"-66.81","54.81","SCHEFFERVILLE A","7117823","2021-03-22 07:00","2021","03","22","07:00","2.6","","-0.3","","81","","0.0","","","M","11","","16.1","","94.47","","","","","","NA"
"-66.81","54.81","SCHEFFERVILLE A","7117823","2021-03-22 08:00","2021","03","22","08:00","3.9","","-3.0","","61","","0.0","","25","","26","","16.1","","94.41","","","","","","NA"
"-66.81","54.81","SCHEFFERVILLE A","7117823","2021-03-22 09:00","2021","03","22","09:00","4.6","","-3.5","","56","","0.0","","25","","22","","16.1","","94.36","","","","","","NA"
"-66.81","54.81","SCHEFFERVILLE A","7117823","2021-03-22 10:00","2021","03","22","10:00","5.1","","-4.4","","51","","0.0","","25","","43","","16.1","","94.31","","","","","","NA"
"-66.81","54.81","SCHEFFERVILLE A","7117823","2021-03-22 11:00","2021","03","22","11:00","5.6","","-4.3","","49","","0.0","","25","","46","","16.1","","94.27","","","","","","NA"
"-66.81","54.81","SCHEFFERVILLE A","7117823","2021-03-22 12:00","2021","03","22","12:00","5.6","","-3.7","","51","","0.0","","24","","37","","16.1","","94.23","","","","","","NA"
"-66.81","54.81","SCHEFFERVILLE A","7117823","2021-03-22 13:00","2021","03","22","13:00","6.3","","-3.4","","50","","0.0","","24","","32","","16.1","","94.19","","","","","","NA"
"-66.81","54.81","SCHEFFERVILLE A","7117823","2021-03-22 14:00","2021","03","22","14:00","6.0","","-2.9","","53","","0.0","","24","","26","","16.1","","94.22","","","","","","NA"
"-66.81","54.81","SCHEFFERVILLE A","7117823","2021-03-22 15:00","2021","03","22","15:00","6.4","","-1.9","","55","","0.0","","26","","43","","16.1","","94.22","","","","","","NA"
"-66.81","54.81","SCHEFFERVILLE A","7117823","2021-03-22 16:00","2021","03","22","16:00","5.8","","-1.8","","58","","0.0","","24","","39","","16.1","","94.23","","","","","","NA"
"-66.81","54.81","SCHEFFERVILLE A","7117823","2021-03-22 17:00","2021","03","22","17:00","5.5","","-2.4","","57","","0.0","","25","","34","","16.1","","94.28","","","","","","NA"
"-66.81","54.81","SCHEFFERVILLE A","7117823","2021-03-22 18:00","2021","03","22","18:00","4.1","","0.1","","75","","0.0","","25","","46","","16.1","","94.31","","","","","","Rain"
"-66.81","54.81","SCHEFFERVILLE A","7117823","2021-03-22 19:00","2021","03","22","19:00","3.2","","0.6","","83","","0.0","","25","","37","","16.1","","94.33","","","","","","Rain"
"-66.81","54.81","SCHEFFERVILLE A","7117823","2021-03-22 20:00","2021","03","22","20:00","3.2","","0.3","","81","","0.0","","25","","41","","16.1","","94.38","","","","","","NA"
"-66.81","54.81","SCHEFFERVILLE A","7117823","2021-03-22 21:00","2021","03","22","21:00","3.2","","0.1","","80","","0.0","","26","","28","","16.1","","94.39","","","","","","NA"
"-66.81","54.81","SCHEFFERVILLE A","7117823","2021-03-22 22:00","2021","03","22","22:00","3.0","","-0.1","","80","","0.0","","26","","30","","16.1","","94.35","","","","","","Rain"
"-66.81","54.81","SCHEFFERVILLE A","7117823","2021-03-22 23:00","2021","03","22","23:00","2.6","","0.2","","84","","0.0","","24","","28","","16.1","","94.36","","","","","","Rain"
"-66.81","54.81","SCHEFFERVILLE A","7117823","2021-03-23 00:00","2021","03","23","00:00","2.2","","0.4","","88","","0.0","","25","","32","","16.1","","94.35","","","","","","NA"
"-66.81","54.81","SCHEFFERVILLE A","7117823","2021-03-23 01:00","2021","03","23","01:00","2.1","","0.2","","87","","0.0","","28","","26","","16.1","","94.41","","","","","","NA"
"-66.81","54.81","SCHEFFERVILLE A","7117823","2021-03-23 02:00","2021","03","23","02:00","1.6","","-0.5","","86","","0.0","","30","","21","","16.1","","94.51","","","","","","Rain"
"-66.81","54.81","SCHEFFERVILLE A","7117823","2021-03-23 03:00","2021","03","23","03:00","1.2","","-0.9","","86","","0.0","","29","","21","","16.1","","94.56","","","","","","NA"
"-66.81","54.81","SCHEFFERVILLE A","7117823","2021-03-23 04:00","2021","03","23","04:00","-0.1","","-1.9","","88","","0.0","","29","","35","","4.0","","94.66","","","","-7","","Snow"
"-66.81","54.81","SCHEFFERVILLE A","7117823","2021-03-23 05:00","2021","03","23","05:00","-2.3","","-5.0","","82","","0.0","","31","","26","","16.1","","94.83","","","","-9","","NA"
"-66.81","54.81","SCHEFFERVILLE A","7117823","2021-03-23 06:00","2021","03","23","06:00","-4.8","","-7.7","","80","","0.0","","31","","21","","16.1","","95.01","","","","-11","","NA"
"-66.81","54.81","SCHEFFERVILLE A","7117823","2021-03-23 07:00","2021","03","23","07:00","-6.0","","-10.6","","70","","0.0","","32","","18","","16.1","","95.13","","","","-12","","NA"
"-66.81","54.81","SCHEFFERVILLE A","7117823","2021-03-23 08:00","2021","03","23","08:00","-6.5","","-9.9","","77","","0.0","","28","","26","","16.1","","95.23","","","","-14","","NA"
"-66.81","54.81","SCHEFFERVILLE A","7117823","2021-03-23 09:00","2021","03","23","09:00","-6.0","","-11.3","","66","","0.0","","30","","18","","16.1","","95.28","","","","-12","","NA"
"-66.81","54.81","SCHEFFERVILLE A","7117823","2021-03-23 10:00","2021","03","23","10:00","-5.6","","-11.5","","63","","0.0","","28","","22","","16.1","","95.29","","","","-13","","NA"
"-66.81","54.81","SCHEFFERVILLE A","7117823","2021-03-23 11:00","2021","03","23","11:00","-5.4","","-11.5","","62","","0.0","","27","","26","","16.1","","95.33","","","","-13","","NA"
"-66.81","54.81","SCHEFFERVILLE A","7117823","2021-03-23 12:00","2021","03","23","12:00","-4.7","","-12.8","","53","","0.0","","27","","35","","16.1","","95.35","","","","-13","","NA"
"-66.81","54.81","SCHEFFERVILLE A","7117823","2021-03-23 13:00","2021","03","23","13:00","-4.4","","-12.1","","55","","0.0","","27","","34","","16.1","","95.41","","","","-13","","NA"
"-66.81","54.81","SCHEFFERVILLE A","7117823","2021-03-23 14:00","2021","03","23","14:00","-4.5","","-12.2","","55","","0.0","","27","","37","","16.1","","95.40","","","","-13","","NA"
"-66.81","54.81","SCHEFFERVILLE A","7117823","2021-03-23 15:00","2021","03","23","15:00","-4.6","","-12.9","","53","","0.0","","29","","35","","16.1","","95.43","","","","-13","","NA"
"-66.81","54.81","SCHEFFERVILLE A","7117823","2021-03-23 16:00","2021","03","23","16:00","-5.3","","-12.9","","56","","0.0","","28","","35","","16.1","","95.45","","","","-14","","NA"
"-66.81","54.81","SCHEFFERVILLE A","7117823","2021-03-23 17:00","2021","03","23","17:00","-5.9","","-12.6","","60","","0.0","","27","","35","","16.1","","95.48","","","","-15","","NA"
"-66.81","54.81","SCHEFFERVILLE A","7117823","2021-03-23 18:00","2021","03","23","18:00","-6.6","","-12.6","","63","","0.0","","27","","34","","16.1","","95.54","","","","-16","","NA"
"-66.81","54.81","SCHEFFERVILLE A","7117823","2021-03-23 19:00","2021","03","23","19:00","-6.9","","-12.6","","64","","0.0","","28","","24","","16.1","","95.61","","","","-15","","NA"
"-66.81","54.81","SCHEFFERVILLE A","7117823","2021-03-23 20:00","2021","03","23","20:00","-7.6","","-12.7","","67","","0.0","","26","","15","","16.1","","95.68","","","","-14","","NA"
"-66.81","54.81","SCHEFFERVILLE A","7117823","2021-03-23 21:00","2021","03","23","21:00","-7.3","","-12.4","","67","","0.0","","29","","18","","16.1","","95.65","","","","-14","","NA"
"-66.81","54.81","SCHEFFERVILLE A","7117823","2021-03-23 22:00","2021","03","23","22:00","-7.9","","-12.5","","70","","0.0","","29","","18","","16.1","","95.64","","","","-15","","NA"
"-66.81","54.81","SCHEFFERVILLE A","7117823","2021-03-23 23:00","2021","03","23","23:00","-7.8","","-12.4","","70","","0.0","","29","","18","","16.1","","95.64","","","","-15","","NA"
"-66.81","54.81","SCHEFFERVILLE A","7117823","2021-03-24 00:00","2021","03","24","00:00","-7.9","","-12.2","","71","","0.0","","28","","18","","16.1","","95.70","","","","-15","","NA"
"-66.81","54.81","SCHEFFERVILLE A","7117823","2021-03-24 01:00","2021","03","24","01:00","-8.2","","-10.9","","81","","0.0","","29","","17","","16.1","","95.73","","","","-15","","Snow"
"-66.81","54.81","SCHEFFERVILLE A","7117823","2021-03-24 02:00","2021","03","24","02:00","-8.2","","-10.4","","84","","0.0","","28","","17","","16.1","","95.76","","","","-15","","NA"
"-66.81","54.81","SCHEFFERVILLE A","7117823","2021-03-24 03:00","2021","03","24","03:00","-8.6","","-10.8","","85","","0.0","","","M","4","","16.1","","95.82","","","","-11","","NA"
"-66.81","54.81","SCHEFFERVILLE A","7117823","2021-03-24 04:00","2021","03","24","04:00","-9.6","","-11.1","","89","","0.0","","","M","4","","16.1","","95.86","","","","-12","","NA"
"-66.81","54.81","SCHEFFERVILLE A","7117823","2021-03-24 05:00","2021","03","24","05:00","-10.2","","-11.3","","92","","0.0","","16","","5","","16.1","","95.88","","","","-13","","NA"
"-66.81","54.81","SCHEFFERVILLE A","7117823","2021-03-24 06:00","2021","03","24","06:00","-9.7","","-11.3","","88","","0.0","","25","","13","","16.1","","95.92","","","","-16","","NA"
"-66.81","54.81","SCHEFFERVILLE A","7117823","2021-03-24 07:00","2021","03","24","07:00","-8.6","","-10.6","","86","","0.0","","23","","5","","16.1","","95.97","","","","-11","","Snow"
"-66.81","54.81","SCHEFFERVILLE A","7117823","2021-03-24 08:00","2021","03","24","08:00","-7.3","","-9.7","","83","","0.0","","24","","13","","16.1","","96.00","","","","-13","","Snow"
"-66.81","54.81","SCHEFFERVILLE A","7117823","2021-03-24 09:00","2021","03","24","09:00","-5.8","","-9.1","","77","","0.0","","24","","15","","16.1","","96.02","","","","-12","","Snow"
"-66.81","54.81","SCHEFFERVILLE A","7117823","2021-03-24 10:00","2021","03","24","10:00","-4.3","","-9.0","","70","","0.0","","22","","15","","16.1","","95.95","","","","-10","","NA"
"-66.81","54.81","SCHEFFERVILLE A","7117823","2021-03-24 11:00","2021","03","24","11:00","-2.7","","-8.8","","63","","0.0","","24","","17","","16.1","","95.92","","","","-8","","NA"
"-66.81","54.81","SCHEFFERVILLE A","7117823","2021-03-24 12:00","2021","03","24","12:00","-2.0","","-9.9","","55","","0.0","","25","","18","","16.1","","95.90","","","","-7","","NA"
"-66.81","54.81","SCHEFFERVILLE A","7117823","2021-03-24 13:00","2021","03","24","13:00","-1.4","","-8.8","","57","","0.0","","23","","15","","16.1","","95.87","","","","-6","","NA"
"-66.81","54.81","SCHEFFERVILLE A","7117823","2021-03-24 14:00","2021","03","24","14:00","-0.9","","-9.6","","52","","0.0","","23","","13","","16.1","","95.86","","","","-5","","NA"
"-66.81","54.81","SCHEFFERVILLE A","7117823","2021-03-24 15:00","2021","03","24","15:00","-0.4","","-9.8","","49","","0.0","","23","","15","","16.1","","95.83","","","","-5","","NA"
"-66.81","54.81","SCHEFFERVILLE A","7117823","2021-03-24 16:00","2021","03","24","16:00","-0.4","","-10.8","","46","","0.0","","25","","15","","16.1","","95.80","","","","-5","","NA"
"-66.81","54.81","SCHEFFERVILLE A","7117823","2021-03-24 17:00","2021","03","24","17:00","-1.2","","-10.4","","50","","0.0","","23","","9","","16.1","","95.77","","","","-4","","NA"
"-66.81","54.81","SCHEFFERVILLE A","7117823","2021-03-24 18:00","2021","03","24","18:00","-3.0","","-10.5","","56","","0.0","","","M","4","","16.1","","95.78","","","","-5","","NA"
"-66.81","54.81","SCHEFFERVILLE A","7117823","2021-03-24 19:00","2021","03","24","19:00","-4.0","","-11.3","","57","","0.0","","31","","4","","16.1","","95.78","","","","-6","","NA"
"-66.81","54.81","SCHEFFERVILLE A","7117823","2021-03-24 20:00","2021","03","24","20:00","-6.5","","-11.1","","70","","0.0","","32","","4","","16.1","","95.78","","","","-8","","NA"
"-66.81","54.81","SCHEFFERVILLE A","7117823","2021-03-24 21:00","2021","03","24","21:00","-7.7","","-12.3","","70","","0.0","","33","","9","","16.1","","95.75","","","","-12","","NA"
"-66.81","54.81","SCHEFFERVILLE A","7117823","2021-03-24 22:00","2021","03","24","22:00","-8.6","","-11.5","","80","","0.0","","33","","13","","16.1","","95.72","","","","-15","","NA"
"-66.81","54.81","SCHEFFERVILLE A","7117823","2021-03-24 23:00","2021","03","24","23:00","-9.5","","-11.8","","83","","0.0","","33","","11","","16.1","","95.66","","","","-15","","NA"
"-66.81","54.81","SCHEFFERVILLE A","7117823","2021-03-25 00:00","2021","03","25","00:00","-10.0","","-12.1","","85","","0.0","","33","","9","","16.1","","95.60","","","","-15","","NA"
"-66.81","54.81","SCHEFFERVILLE A","7117823","2021-03-25 01:00","2021","03","25","01:00","-10.3","","-12.4","","85","","0.0","","33","","9","","16.1","","95.57","","","","-15","","NA"
"-66.81","54.81","SCHEFFERVILLE A","7117823","2021-03-25 02:00","2021","03","25","02:00","-10.5","","-12.6","","85","","0.0","","34","","9","","16.1","","95.48","","","","-15","","NA"
"-66.81","54.81","SCHEFFERVILLE A","7117823","2021-03-25 03:00","2021","03","25","03:00","-10.7","","-12.7","","86","","0.0","","34","","9","","16.1","","95.41","","","","-16","","NA"
"-66.81","54.81","SCHEFFERVILLE A","7117823","2021-03-25 04:00","2021","03","25","04:00","-11.0","","-12.5","","89","","0.0","","34","","9","","2.0","","95.36","","","","-16","","Snow"
"-66.81","54.81","SCHEFFERVILLE A","7117823","2021-03-25 05:00","2021","03","25","05:00","-11.1","","-12.3","","91","","0.0","","34","","8","","3.6","","95.27","","","","-16","","Snow"
"-66.81","54.81","SCHEFFERVILLE A","7117823","2021-03-25 06:00","2021","03","25","06:00","-10.8","","-12.1","","90","","0.0","","35","","11","","16.1","","95.20","","","","-17","","NA"
"-66.81","54.81","SCHEFFERVILLE A","7117823","2021-03-25 07:00","2021","03","25","07:00","-10.2","","-11.5","","90","","0.0","","35","","9","","4.0","","95.09","","","","-15","","Snow"
"-66.81","54.81","SCHEFFERVILLE A","7117823","2021-03-25 08:00","2021","03","25","08:00","-9.4","","-10.7","","91","","0.0","","35","","9","","2.8","","94.97","","","","-14","","Snow"
"-66.81","54.81","SCHEFFERVILLE A","7117823","2021-03-25 09:00","2021","03","25","09:00","-8.3","","-9.7","","90","","0.0","","3","","9","","0.8","","94.84","","","","-13","","Moderate Snow"
"-66.81","54.81","SCHEFFERVILLE A","7117823","2021-03-25 10:00","2021","03","25","10:00","-8.0","","-9.4","","90","","0.0","","2","","13","","0.8","","94.69","","","","-14","","Moderate Snow"
"-66.81","54.81","SCHEFFERVILLE A","7117823","2021-03-25 11:00","2021","03","25","11:00","-7.6","","-8.9","","90","","0.0","","2","","15","","1.2","","94.58","","","","-14","","Snow"
"-66.81","54.81","SCHEFFERVILLE A","7117823","2021-03-25 12:00","2021","03","25","12:00","-7.6","","-8.8","","91","","0.0","","2","","15","","0.4","","94.46","","","","-14","","Heavy Snow"
"-66.81","54.81","SCHEFFERVILLE A","7117823","2021-03-25 13:00","2021","03","25","13:00","-7.2","","-8.8","","88","","0.0","","4","","15","","1.2","","94.40","","","","-13","","Snow"
"-66.81","54.81","SCHEFFERVILLE A","7117823","2021-03-25 14:00","2021","03","25","14:00","-7.2","","-9.0","","87","","0.0","","2","","15","","6.4","","94.33","","","","-13","","Snow"
"-66.81","54.81","SCHEFFERVILLE A","7117823","2021-03-25 15:00","2021","03","25","15:00","-8.0","","-9.5","","89","","0.0","","1","","21","","1.0","","94.28","","","","-16","","Snow"
"-66.81","54.81","SCHEFFERVILLE A","7117823","2021-03-25 16:00","2021","03","25","16:00","-9.7","","-11.0","","90","","0.0","","1","","17","","2.0","","94.27","","","","-17","","Snow"
"-66.81","54.81","SCHEFFERVILLE A","7117823","2021-03-25 17:00","2021","03","25","17:00","-10.9","","-12.1","","91","","0.0","","36","","17","","0.8","","94.29","","","","-18","","Moderate Snow"
"-66.81","54.81","SCHEFFERVILLE A","7117823","2021-03-25 18:00","2021","03","25","18:00","-11.4","","-13.0","","88","","0.0","","36","","22","","2.4","","94.34","","","","-20","","Snow"
"-66.81","54.81","SCHEFFERVILLE A","7117823","2021-03-25 19:00","2021","03","25","19:00","-12.0","","-13.6","","88","","0.0","","36","","18","","2.4","","94.39","","","","-20","","Snow"
"-66.81","54.81","SCHEFFERVILLE A","7117823","2021-03-25 20:00","2021","03","25","20:00","-12.6","","-14.2","","88","","0.0","","1","","21","","1.6","","94.44","","","","-21","","Snow"
"-66.81","54.81","SCHEFFERVILLE A","7117823","2021-03-25 21:00","2021","03","25","21:00","-13.4","","-15.3","","86","","0.0","","1","","22","","2.0","","94.49","","","","-23","","Snow"
"-66.81","54.81","SCHEFFERVILLE A","7117823","2021-03-25 22:00","2021","03","25","22:00","-13.8","","-15.7","","86","","0.0","","2","","21","","3.2","","94.57","","","","-23","","Snow"
"-66.81","54.81","SCHEFFERVILLE A","7117823","2021-03-25 23:00","2021","03","25","23:00","-14.0","","-16.0","","85","","0.0","","1","","21","","6.4","","94.64","","","","-23","","Snow"
"-66.81","54.81","SCHEFFERVILLE A","7117823","2021-03-26 00:00","2021","03","26","00:00","-14.7","","-16.7","","85","","0.0","","34","","22","","3.6","","94.75","","","","-24","","Snow"
"-66.81","54.81","SCHEFFERVILLE A","7117823","2021-03-26 01:00","2021","03","26","01:00","-17.0","","-19.1","","84","","0.0","","34","","21","","4.8","","94.91","","","","-27","","Snow"
"-66.81","54.81","SCHEFFERVILLE A","7117823","2021-03-26 02:00","2021","03","26","02:00","-17.9","","-20.3","","82","","0.0","","34","","21","","6.4","","95.09","","","","-28","","Snow"
"-66.81","54.81","SCHEFFERVILLE A","7117823","2021-03-26 03:00","2021","03","26","03:00","-19.4","","-21.6","","83","","0.0","","34","","21","","8.1","","95.19","","","","-30","","Snow"
"-66.81","54.81","SCHEFFERVILLE A","7117823","2021-03-26 04:00","2021","03","26","04:00","-20.5","","-22.9","","82","","0.0","","34","","21","","16.1","","95.34","","","","-31","","Snow"
"-66.81","54.81","SCHEFFERVILLE A","7117823","2021-03-26 05:00","2021","03","26","05:00","-23.2","","-25.5","","82","","0.0","","34","","22","","16.1","","95.50","","","","-35","","NA"
"-66.81","54.81","SCHEFFERVILLE A","7117823","2021-03-26 06:00","2021","03","26","06:00","-24.3","","-26.8","","80","","0.0","","34","","17","","14.5","","95.65","","","","-35","","NA"
"-66.81","54.81","SCHEFFERVILLE A","7117823","2021-03-26 07:00","2021","03","26","07:00","-24.1","","-27.2","","76","","0.0","","34","","18","","16.1","","95.75","","","","-35","","Snow"
"-66.81","54.81","SCHEFFERVILLE A","7117823","2021-03-26 08:00","2021","03","26","08:00","-23.3","","-26.9","","73","","0.0","","34","","24","","14.5","","95.83","","","","-36","","Snow"
"-66.81","54.81","SCHEFFERVILLE A","7117823","2021-03-26 09:00","2021","03","26","09:00","-21.4","","-25.2","","72","","0.0","","36","","22","","14.5","","95.91","","","","-33","","Snow"
"-66.81","54.81","SCHEFFERVILLE A","7117823","2021-03-26 10:00","2021","03","26","10:00","-19.4","","-23.9","","68","","0.1","","35","","15","","8.1","","95.95","","","","-28","","Snow"
"-66.81","54.81","SCHEFFERVILLE A","7117823","2021-03-26 11:00","2021","03","26","11:00","-18.0","","-23.8","","61","","0.0","","34","","17","","16.1","","96.01","","","","-27","","Snow"
"-66.81","54.81","SCHEFFERVILLE A","7117823","2021-03-26 12:00","2021","03","26","12:00","-17.3","","-23.5","","59","","0.0","","34","","15","","16.1","","96.04","","","","-26","","Snow"
"-66.81","54.81","SCHEFFERVILLE A","7117823","2021-03-26 13:00","2021","03","26","13:00","-16.2","","-23.1","","56","","0.0","","35","","17","","16.1","","96.05","","","","-25","","NA"
"-66.81","54.81","SCHEFFERVILLE A","7117823","2021-03-26 14:00","2021","03","26","14:00","-16.1","","-22.8","","57","","0.0","","2","","17","","16.1","","96.08","","","","-25","","NA"
"-66.81","54.81","SCHEFFERVILLE A","7117823","2021-03-26 15:00","2021","03","26","15:00","-15.7","","-22.6","","56","","0.0","","1","","15","","16.1","","96.06","","","","-24","","NA"
"-66.81","54.81","SCHEFFERVILLE A","7117823","2021-03-26 16:00","2021","03","26","16:00","-16.0","","-23.3","","54","","0.0","","1","","13","","16.1","","96.08","","","","-24","","NA"
"-66.81","54.81","SCHEFFERVILLE A","7117823","2021-03-26 17:00","2021","03","26","17:00","-17.1","","-23.5","","58","","0.0","","2","","13","","16.1","","96.13","","","","-25","","NA"
"-66.81","54.81","SCHEFFERVILLE A","7117823","2021-03-26 18:00","2021","03","26","18:00","-19.0","","-24.6","","62","","0.0","","36","","11","","16.1","","96.19","","","","-26","","NA"
"-66.81","54.81","SCHEFFERVILLE A","7117823","2021-03-26 19:00","2021","03","26","19:00","-21.1","","-25.5","","69","","0.0","","35","","9","","16.1","","96.21","","","","-28","","NA"
"-66.81","54.81","SCHEFFERVILLE A","7117823","2021-03-26 20:00","2021","03","26","20:00","-22.4","","-26.5","","70","","0.0","","30","","5","","16.1","","96.30","","","","-27","","NA"
"-66.81","54.81","SCHEFFERVILLE A","7117823","2021-03-26 21:00","2021","03","26","21:00","-22.2","","-26.1","","71","","0.0","","36","","11","","16.1","","96.31","","","","-30","","NA"
"-66.81","54.81","SCHEFFERVILLE A","7117823","2021-03-26 22:00","2021","03","26","22:00","-24.8","","-27.6","","78","","0.0","","32","","13","","16.1","","96.34","","","","-34","","NA"
"-66.81","54.81","SCHEFFERVILLE A","7117823","2021-03-26 23:00","2021","03","26","23:00","-25.7","","-28.2","","80","","0.0","","36","","5","","16.1","","96.33","","","","-31","","NA"
"-66.81","54.81","SCHEFFERVILLE A","7117823","2021-03-27 00:00","2021","03","27","00:00","-27.2","","-29.7","","80","","0.0","","33","","9","","16.1","","96.34","","","","-35","","NA"
"-66.81","54.81","SCHEFFERVILLE A","7117823","2021-03-27 01:00","2021","03","27","01:00","-27.9","","-30.5","","79","","0.0","","35","","13","","16.1","","96.32","","","","-38","","NA"
"-66.81","54.81","SCHEFFERVILLE A","7117823","2021-03-27 02:00","2021","03","27","02:00","-27.4","","-30.0","","79","","0.0","","33","","11","","16.1","","96.30","","","","-37","","NA"
"-66.81","54.81","SCHEFFERVILLE A","7117823","2021-03-27 03:00","2021","03","27","03:00","-28.3","","-31.0","","78","","0.0","","35","","13","","16.1","","96.29","","","","-39","","NA"
"-66.81","54.81","SCHEFFERVILLE A","7117823","2021-03-27 04:00","2021","03","27","04:00","-28.4","","-31.0","","79","","0.0","","34","","11","","16.1","","96.32","","","","-38","","NA"
"-66.81","54.81","SCHEFFERVILLE A","7117823","2021-03-27 05:00","2021","03","27","05:00","-29.0","","-31.9","","77","","0.0","","36","","9","","16.1","","96.32","","","","-37","","NA"
"-66.81","54.81","SCHEFFERVILLE A","7117823","2021-03-27 06:00","2021","03","27","06:00","-28.0","","-30.6","","79","","0.0","","36","","9","","16.1","","96.34","","","","-36","","NA"
"-66.81","54.81","SCHEFFERVILLE A","7117823","2021-03-27 07:00","2021","03","27","07:00","-24.9","","-27.3","","81","","0.0","","34","","13","","16.1","","96.35","","","","-34","","NA"
"-66.81","54.81","SCHEFFERVILLE A","7117823","2021-03-27 08:00","2021","03","27","08:00","-23.4","","-25.7","","82","","0.0","","33","","9","","16.1","","96.38","","","","-31","","NA"
"-66.81","54.81","SCHEFFERVILLE A","7117823","2021-03-27 09:00","2021","03","27","09:00","-21.8","","-24.4","","80","","0.0","","21","","5","","16.1","","96.44","","","","-26","","NA"
"-66.81","54.81","SCHEFFERVILLE A","7117823","2021-03-27 10:00","2021","03","27","10:00","-19.4","","-25.5","","59","","0.0","","","M","4","","16.1","","96.41","","","","-23","","NA"
"-66.81","54.81","SCHEFFERVILLE A","7117823","2021-03-27 11:00","2021","03","27","11:00","-17.0","","-25.4","","49","","0.0","","22","","8","","16.1","","96.36","","","","-23","","NA"
"-66.81","54.81","SCHEFFERVILLE A","7117823","2021-03-27 12:00","2021","03","27","12:00","-14.2","","-23.9","","44","","0.0","","23","","5","","16.1","","96.31","","","","-18","","NA"
"-66.81","54.81","SCHEFFERVILLE A","7117823","2021-03-27 13:00","2021","03","27","13:00","-11.7","","-23.7","","37","","0.0","","27","","5","","16.1","","96.25","","","","-15","","NA"
"-66.81","54.81","SCHEFFERVILLE A","7117823","2021-03-27 14:00","2021","03","27","14:00","-9.1","","-26.0","","25","","0.0","","13","","9","","16.1","","96.20","","","","-14","","NA"
"-66.81","54.81","SCHEFFERVILLE A","7117823","2021-03-27 15:00","2021","03","27","15:00","-9.4","","-25.9","","26","","0.0","","15","","13","","16.1","","96.16","","","","-15","","NA"
"-66.81","54.81","SCHEFFERVILLE A","7117823","2021-03-27 16:00","2021","03","27","16:00","-9.9","","-24.5","","30","","0.0","","16","","11","","16.1","","96.13","","","","-15","","NA"
"-66.81","54.81","SCHEFFERVILLE A","7117823","2021-03-27 17:00","2021","03","27","17:00","-12.2","","-23.9","","38","","0.0","","19","","13","","16.1","","96.14","","","","-19","","NA"
"-66.81","54.81","SCHEFFERVILLE A","7117823","2021-03-27 18:00","2021","03","27","18:00","-13.6","","-24.5","","40","","0.0","","16","","9","","16.1","","96.12","","","","-19","","NA"
"-66.81","54.81","SCHEFFERVILLE A","7117823","2021-03-27 19:00","2021","03","27","19:00","-15.5","","-24.2","","48","","0.0","","15","","13","","16.1","","96.09","","","","-23","","NA"
"-66.81","54.81","SCHEFFERVILLE A","7117823","2021-03-27 20:00","2021","03","27","20:00","-16.8","","-24.1","","54","","0.0","","13","","11","","16.1","","96.10","","","","-24","","NA"
"-66.81","54.81","SCHEFFERVILLE A","7117823","2021-03-27 21:00","2021","03","27","21:00","-18.9","","-24.8","","60","","0.0","","16","","11","","16.1","","96.02","","","","-26","","NA"
"-66.81","54.81","SCHEFFERVILLE A","7117823","2021-03-27 22:00","2021","03","27","22:00","-19.5","","-24.5","","65","","0.0","","16","","15","","16.1","","95.97","","","","-28","","NA"
"-66.81","54.81","SCHEFFERVILLE A","7117823","2021-03-27 23:00","2021","03","27","23:00","-19.0","","-24.4","","63","","0.0","","15","","13","","16.1","","95.90","","","","-27","","NA"
"-66.81","54.81","SCHEFFERVILLE A","7117823","2021-03-28 00:00","2021","03","28","00:00","-19.5","","-24.5","","65","","0.0","","15","","17","","16.1","","95.83","","","","-29","","NA"
"-66.81","54.81","SCHEFFERVILLE A","7117823","2021-03-28 01:00","2021","03","28","01:00","-19.0","","-23.7","","67","","0.0","","16","","17","","16.1","","95.79","","","","-28","","NA"
"-66.81","54.81","SCHEFFERVILLE A","7117823","2021-03-28 02:00","2021","03","28","02:00","-19.6","","-23.9","","69","","0.0","","15","","18","","16.1","","95.72","","","","-29","","NA"
"-66.81","54.81","SCHEFFERVILLE A","7117823","2021-03-28 03:00","2021","03","28","03:00","-20.6","","-24.3","","73","","0.0","","15","","15","","16.1","","95.61","","","","-30","","NA"
"-66.81","54.81","SCHEFFERVILLE A","7117823","2021-03-28 04:00","2021","03","28","04:00","-20.3","","-23.8","","74","","0.0","","16","","17","","16.1","","95.55","","","","-30","","NA"
"-66.81","54.81","SCHEFFERVILLE A","7117823","2021-03-28 05:00","2021","03","28","05:00","-20.5","","-23.7","","76","","0.0","","16","","21","","16.1","","95.49","","","","-31","","NA"
"-66.81","54.81","SCHEFFERVILLE A","7117823","2021-03-28 06:00","2021","03","28","06:00","-20.3","","-23.7","","75","","0.0","","15","","18","","16.1","","95.41","","","","-30","","NA"
"-66.81","54.81","SCHEFFERVILLE A","7117823","2021-03-28 07:00","2021","03","28","07:00","-15.1","","-21.0","","61","","0.0","","16","","21","","16.1","","95.33","","","","-25","","NA"
"-66.81","54.81","SCHEFFERVILLE A","7117823","2021-03-28 08:00","2021","03","28","08:00","-11.0","","-19.5","","50","","0.0","","17","","24","","16.1","","95.27","","","","-20","","NA"
"-66.81","54.81","SCHEFFERVILLE A","7117823","2021-03-28 09:00","2021","03","28","09:00","-8.3","","-17.3","","49","","0.0","","18","","22","","16.1","","95.24","","","","-16","","NA"
"-66.81","54.81","SCHEFFERVILLE A","7117823","2021-03-28 10:00","2021","03","28","10:00","-5.2","","-14.6","","48","","0.0","","20","","22","","16.1","","95.13","","","","-12","","NA"
"-66.81","54.81","SCHEFFERVILLE A","7117823","2021-03-28 11:00","2021","03","28","11:00","-3.5","","-12.5","","50","","0.0","","20","","22","","16.1","","94.99","","","","-10","","NA"
"-66.81","54.81","SCHEFFERVILLE A","7117823","2021-03-28 12:00","2021","03","28","12:00","-2.2","","-13.2","","43","","0.0","","16","","26","","16.1","","94.92","","","","-9","","NA"
"-66.81","54.81","SCHEFFERVILLE A","7117823","2021-03-28 13:00","2021","03","28","13:00","-2.2","","-11.5","","49","","0.0","","19","","32","","16.1","","94.84","","","","-10","","NA"
"-66.81","54.81","SCHEFFERVILLE A","7117823","2021-03-28 14:00","2021","03","28","14:00","-1.7","","-12.0","","46","","0.0","","18","","26","","16.1","","94.71","","","","-8","","NA"
"-66.81","54.81","SCHEFFERVILLE A","7117823","2021-03-28 15:00","2021","03","28","15:00","-1.5","","-9.9","","53","","0.0","","18","","32","","16.1","","94.64","","","","-9","","NA"
"-66.81","54.81","SCHEFFERVILLE A","7117823","2021-03-28 16:00","2021","03","28","16:00","-1.5","","-9.9","","53","","0.0","","18","","26","","16.1","","94.46","","","","-8","","NA"
"-66.81","54.81","SCHEFFERVILLE A","7117823","2021-03-28 17:00","2021","03","28","17:00","-2.8","","-9.7","","59","","0.0","","18","","30","","16.1","","94.39","","","","-10","","NA"
"-66.81","54.81","SCHEFFERVILLE A","7117823","2021-03-28 18:00","2021","03","28","18:00","-4.2","","-9.8","","65","","0.0","","17","","28","","16.1","","94.37","","","","-12","","NA"
"-66.81","54.81","SCHEFFERVILLE A","7117823","2021-03-28 19:00","2021","03","28","19:00","-4.8","","-9.7","","69","","0.0","","17","","18","","16.1","","94.32","","","","-11","","NA"
"-66.81","54.81","SCHEFFERVILLE A","7117823","2021-03-28 20:00","2021","03","28","20:00","-5.3","","-9.4","","73","","0.0","","16","","15","","16.1","","94.20","","","","-11","","NA"
"-66.81","54.81","SCHEFFERVILLE A","7117823","2021-03-28 21:00","2021","03","28","21:00","-4.7","","-8.2","","77","","0.0","","18","","24","","16.1","","94.08","","","","-12","","NA"
"-66.81","54.81","SCHEFFERVILLE A","7117823","2021-03-28 22:00","2021","03","28","22:00","-5.4","","-6.9","","89","","0.0","","17","","21","","4.0","","93.95","","","","-12","","Snow"
"-66.81","54.81","SCHEFFERVILLE A","7117823","2021-03-28 23:00","2021","03","28","23:00","-5.7","","-6.7","","93","","0.0","","17","","21","","2.0","","93.80","","","","-13","","Snow"
"-66.81","54.81","SCHEFFERVILLE A","7117823","2021-03-29 00:00","2021","03","29","00:00","-6.2","","-7.2","","93","","0.0","","16","","21","","2.4","","93.66","","","","-13","","Snow"
"-66.81","54.81","SCHEFFERVILLE A","7117823","2021-03-29 01:00","2021","03","29","01:00","-6.6","","-7.6","","93","","0.0","","17","","24","","1.6","","93.52","","","","-14","","Snow"
"-66.81","54.81","SCHEFFERVILLE A","7117823","2021-03-29 02:00","2021","03","29","02:00","-6.9","","-7.9","","93","","0.0","","16","","24","","2.4","","93.31","","","","-15","","Snow"
"-66.81","54.81","SCHEFFERVILLE A","7117823","2021-03-29 03:00","2021","03","29","03:00","-7.2","","-8.0","","94","","0.0","","16","","18","","2.0","","93.16","","","","-14","","Snow"
"-66.81","54.81","SCHEFFERVILLE A","7117823","2021-03-29 04:00","2021","03","29","04:00","-7.3","","-8.1","","94","","0.0","","16","","17","","1.6","","93.05","","","","-14","","Snow"
"-66.81","54.81","SCHEFFERVILLE A","7117823","2021-03-29 05:00","2021","03","29","05:00","-7.4","","-8.2","","94","","0.0","","15","","13","","4.0","","93.01","","","","-13","","Snow"
"-66.81","54.81","SCHEFFERVILLE A","7117823","2021-03-29 06:00","2021","03","29","06:00","-7.5","","-8.4","","93","","0.0","","16","","8","","4.8","","92.93","","","","-12","","Snow"
"-66.81","54.81","SCHEFFERVILLE A","7117823","2021-03-29 07:00","2021","03","29","07:00","-7.2","","-8.4","","91","","0.0","","17","","5","","9.7","","92.89","","","","-10","","Snow"
"-66.81","54.81","SCHEFFERVILLE A","7117823","2021-03-29 08:00","2021","03","29","08:00","-6.9","","-8.4","","89","","0.0","","","","0","","11.3","","92.84","","","","","","Snow"
"-66.81","54.81","SCHEFFERVILLE A","7117823","2021-03-29 09:00","2021","03","29","09:00","-5.6","","-8.3","","81","","0.0","","29","","11","","9.7","","92.80","","","","-10","","Fog"
"-66.81","54.81","SCHEFFERVILLE A","7117823","2021-03-29 10:00","2021","03","29","10:00","-4.6","","-7.5","","80","","0.0","","32","","21","","6.4","","92.77","","","","-11","","Snow"
"-66.81","54.81","SCHEFFERVILLE A","7117823","2021-03-29 11:00","2021","03","29","11:00","-3.8","","-6.4","","82","","0.0","","35","","24","","2.8","","92.70","","","","-11","","Snow"
"-66.81","54.81","SCHEFFERVILLE A","7117823","2021-03-29 12:00","2021","03","29","12:00","-7.2","","-10.0","","81","","0.0","","33","","32","","4.0","","92.87","","","","-16","","Snow"
"-66.81","54.81","SCHEFFERVILLE A","7117823","2021-03-29 13:00","2021","03","29","13:00","-10.1","","-13.6","","76","","0.0","","34","","37","","2.8","","92.99","","","","-21","","Snow"
"-66.81","54.81","SCHEFFERVILLE A","7117823","2021-03-29 14:00","2021","03","29","14:00","-10.4","","-14.1","","75","","0.0","","34","","41","","2.4","","93.07","","","","-21","","Snow"
"-66.81","54.81","SCHEFFERVILLE A","7117823","2021-03-29 15:00","2021","03","29","15:00","-12.4","","-16.1","","74","","0.0","","33","","43","","2.0","","93.20","","","","-24","","Snow,Blowing Snow"
"-66.81","54.81","SCHEFFERVILLE A","7117823","2021-03-29 16:00","2021","03","29","16:00","-12.8","","-17.0","","71","","0.0","","33","","45","","4.8","","93.36","","","","-25","","Snow"
"-66.81","54.81","SCHEFFERVILLE A","7117823","2021-03-29 17:00","2021","03","29","17:00","-15.0","","-19.0","","72","","0.0","","33","","39","","6.4","","93.51","","","","-27","","Snow"
"-66.81","54.81","SCHEFFERVILLE A","7117823","2021-03-29 18:00","2021","03","29","18:00","-16.6","","-20.5","","72","","0.0","","33","","37","","8.1","","93.63","","","","-29","","Snow"
"-66.81","54.81","SCHEFFERVILLE A","7117823","2021-03-29 19:00","2021","03","29","19:00","-17.8","","-21.4","","74","","0.0","","32","","32","","16.1","","93.81","","","","-30","","NA"
"-66.81","54.81","SCHEFFERVILLE A","7117823","2021-03-29 20:00","2021","03","29","20:00","-18.8","","-22.4","","74","","0.0","","32","","34","","12.9","","93.87","","","","-32","","NA"
"-66.81","54.81","SCHEFFERVILLE A","7117823","2021-03-29 21:00","2021","03","29","21:00","-19.8","","-23.3","","74","","0.0","","32","","22","","16.1","","93.95","","","","-31","","NA"
"-66.81","54.81","SCHEFFERVILLE A","7117823","2021-03-29 22:00","2021","03","29","22:00","-20.5","","-24.2","","73","","0.0","","32","","34","","12.9","","93.99","","","","-34","","NA"
"-66.81","54.81","SCHEFFERVILLE A","7117823","2021-03-29 23:00","2021","03","29","23:00","-21.0","","-24.5","","74","","0.0","","31","","39","","6.4","","94.05","","","","-35","","Haze"
"-66.81","54.81","SCHEFFERVILLE A","7117823","2021-03-30 00:00","2021","03","30","00:00","-21.9","","-25.5","","73","","0.0","","32","","30","","9.7","","94.21","","","","-35","","Haze"
"-66.81","54.81","SCHEFFERVILLE A","7117823","2021-03-30 01:00","2021","03","30","01:00","-22.3","","-26.1","","72","","0.0","","31","","34","","16.1","","94.33","","","","-36","","NA"
"-66.81","54.81","SCHEFFERVILLE A","7117823","2021-03-30 02:00","2021","03","30","02:00","-23.2","","-26.6","","74","","0.0","","31","","21","","16.1","","94.44","","","","-35","","NA"
"-66.81","54.81","SCHEFFERVILLE A","7117823","2021-03-30 03:00","2021","03","30","03:00","-23.2","","-26.8","","73","","0.0","","32","","24","","16.1","","94.61","","","","-36","","NA"
"-66.81","54.81","SCHEFFERVILLE A","7117823","2021-03-30 04:00","2021","03","30","04:00","-23.3","","-27.0","","72","","0.0","","31","","24","","16.1","","94.74","","","","-36","","NA"
"-66.81","54.81","SCHEFFERVILLE A","7117823","2021-03-30 05:00","2021","03","30","05:00","-23.9","","-27.5","","73","","0.0","","30","","18","","16.1","","94.87","","","","-35","","NA"
"-66.81","54.81","SCHEFFERVILLE A","7117823","2021-03-30 06:00","2021","03","30","06:00","-23.7","","-27.5","","72","","0.0","","31","","21","","16.1","","95.03","","","","-35","","NA"
"-66.81","54.81","SCHEFFERVILLE A","7117823","2021-03-30 07:00","2021","03","30","07:00","-23.0","","-26.7","","72","","0.0","","30","","30","","8.1","","95.13","","","","-36","","Haze"
"-66.81","54.81","SCHEFFERVILLE A","7117823","2021-03-30 08:00","2021","03","30","08:00","-21.7","","-26.0","","69","","0.0","","29","","17","","16.1","","95.17","","","","-32","","NA"
"-66.81","54.81","SCHEFFERVILLE A","7117823","2021-03-30 09:00","2021","03","30","09:00","-20.6","","-25.1","","68","","0.0","","28","","24","","16.1","","95.23","","","","-32","","NA"
"-66.81","54.81","SCHEFFERVILLE A","7117823","2021-03-30 10:00","2021","03","30","10:00","-18.6","","-23.7","","65","","0.0","","28","","21","","16.1","","95.15","","","","-29","","NA"
"-66.81","54.81","SCHEFFERVILLE A","7117823","2021-03-30 11:00","2021","03","30","11:00","-15.9","","-21.6","","62","","0.0","","26","","17","","16.1","","95.27","","","","-25","","NA"
"-66.81","54.81","SCHEFFERVILLE A","7117823","2021-03-30 12:00","2021","03","30","12:00","-14.3","","-20.8","","59","","0.0","","27","","17","","16.1","","95.34","","","","-23","","NA"
"-66.81","54.81","SCHEFFERVILLE A","7117823","2021-03-30 13:00","2021","03","30","13:00","-12.8","","-20.0","","55","","0.0","","23","","11","","16.1","","95.33","","","","-19","","NA"
"-66.81","54.81","SCHEFFERVILLE A","7117823","2021-03-30 14:00","2021","03","30","14:00","-12.0","","-19.7","","53","","0.0","","25","","9","","16.1","","95.24","","","","-17","","NA"
"-66.81","54.81","SCHEFFERVILLE A","7117823","2021-03-30 15:00","2021","03","30","15:00","-10.8","","-20.0","","47","","0.0","","16","","15","","16.1","","95.15","","","","-18","","NA"
"-66.81","54.81","SCHEFFERVILLE A","7117823","2021-03-30 16:00","2021","03","30","16:00","-11.0","","-19.6","","50","","0.0","","14","","18","","16.1","","95.07","","","","-19","","NA"
"-66.81","54.81","SCHEFFERVILLE A","7117823","2021-03-30 17:00","2021","03","30","17:00","-11.8","","-18.9","","56","","0.0","","15","","24","","16.1","","95.07","","","","-21","","NA"
"-66.81","54.81","SCHEFFERVILLE A","7117823","2021-03-30 18:00","2021","03","30","18:00","-11.5","","-17.6","","61","","0.0","","15","","17","","16.1","","94.89","","","","-19","","NA"
"-66.81","54.81","SCHEFFERVILLE A","7117823","2021-03-30 19:00","2021","03","30","19:00","-11.0","","-14.4","","76","","0.0","","15","","24","","8.1","","94.78","","","","-20","","Snow"
"-66.81","54.81","SCHEFFERVILLE A","7117823","2021-03-30 20:00","2021","03","30","20:00","-10.6","","-12.2","","88","","0.0","","15","","21","","4.8","","94.74","","","","-19","","Snow"
"-66.81","54.81","SCHEFFERVILLE A","7117823","2021-03-30 21:00","2021","03","30","21:00","-9.8","","-11.1","","90","","0.0","","16","","24","","2.0","","94.65","","","","-18","","Snow"
"-66.81","54.81","SCHEFFERVILLE A","7117823","2021-03-30 22:00","2021","03","30","22:00","-9.4","","-10.6","","91","","0.0","","16","","28","","1.6","","94.56","","","","-18","","Snow"
"-66.81","54.81","SCHEFFERVILLE A","7117823","2021-03-30 23:00","2021","03","30","23:00","-8.5","","-9.7","","91","","0.0","","16","","26","","4.8","","94.49","","","","-17","","Snow"
"-66.81","54.81","SCHEFFERVILLE A","7117823","2021-03-31 00:00","2021","03","31","00:00","-7.4","","-8.8","","90","","0.0","","16","","28","","16.1","","94.41","","","","-16","","Snow"
"-66.81","54.81","SCHEFFERVILLE A","7117823","2021-03-31 01:00","2021","03","31","01:00","-5.9","","-8.5","","82","","0.0","","16","","24","","16.1","","94.38","","","","-13","","Snow"
"-66.81","54.81","SCHEFFERVILLE A","7117823","2021-03-31 02:00","2021","03","31","02:00","-5.2","","-8.2","","80","","0.0","","16","","26","","16.1","","94.36","","","","-13","","NA"
"-66.81","54.81","SCHEFFERVILLE A","7117823","2021-03-31 03:00","2021","03","31","03:00","-4.5","","-7.0","","83","","0.0","","15","","21","","16.1","","94.36","","","","-11","","NA"
"-66.81","54.81","SCHEFFERVILLE A","7117823","2021-03-31 04:00","2021","03","31","04:00","-3.8","","-5.8","","86","","0.0","","17","","26","","4.8","","94.36","","","","-11","","Snow"
"-66.81","54.81","SCHEFFERVILLE A","7117823","2021-03-31 05:00","2021","03","31","05:00","-3.0","","-4.3","","91","","0.0","","17","","28","","14.5","","94.33","","","","-10","","Snow"
"-66.81","54.81","SCHEFFERVILLE A","7117823","2021-03-31 06:00","2021","03","31","06:00","-2.4","","-4.1","","88","","0.0","","18","","37","","3.2","","94.34","","","","-10","","Snow"
"-66.81","54.81","SCHEFFERVILLE A","7117823","2021-03-31 07:00","2021","03","31","07:00","-2.0","","-3.3","","91","","0.0","","18","","37","","3.6","","94.31","","","","-10","","Snow"
"-66.81","54.81","SCHEFFERVILLE A","7117823","2021-03-31 08:00","2021","03","31","08:00","-1.0","","-2.4","","90","","0.0","","18","","39","","4.8","","94.30","","","","-9","","Snow"
"-66.81","54.81","SCHEFFERVILLE A","7117823","2021-03-31 09:00","2021","03","31","09:00","0.0","","-2.2","","85","","0.0","","19","","41","","9.7","","94.30","","","","-7","","Snow"
"-66.81","54.81","SCHEFFERVILLE A","7117823","2021-03-31 10:00","2021","03","31","10:00","1.0","","-1.7","","82","","0.8","","17","","30","","16.1","","94.28","","","","","","NA"
"-66.81","54.81","SCHEFFERVILLE A","7117823","2021-03-31 11:00","2021","03","31","11:00","1.5","","-1.4","","81","","1.5","","18","","32","","16.1","","94.24","","","","","","NA"
"-66.81","54.81","SCHEFFERVILLE A","7117823","2021-03-31 12:00","2021","03","31","12:00","1.4","","-0.5","","87","","1.0","","18","","24","","4.0","","94.24","","","","","","Fog"
"-66.81","54.81","SCHEFFERVILLE A","7117823","2021-03-31 13:00","2021","03","31","13:00","0.6","","-0.3","","94","","0.8","","17","","28","","1.6","","94.23","","","","","","Snow"
"-66.81","54.81","SCHEFFERVILLE A","7117823","2021-03-31 14:00","2021","03","31","14:00","0.7","","0.1","","95","","0.8","","17","","22","","2.0","","94.18","","","","","","Snow"
"-66.81","54.81","SCHEFFERVILLE A","7117823","2021-03-31 15:00","2021","03","31","15:00","0.9","","0.3","","96","","0.5","","17","","17","","14.5","","94.16","","","","","","Rain"
"-66.81","54.81","SCHEFFERVILLE A","7117823","2021-03-31 16:00","2021","03","31","16:00","0.7","","0.4","","98","","0.8","","17","","17","","16.1","","94.15","","","","","","Rain"
"-66.81","54.81","SCHEFFERVILLE A","7117823","2021-03-31 17:00","2021","03","31","17:00","0.7","","0.4","","98","","0.5","","17","","17","","4.8","","94.17","","","","","","Snow"
"-66.81","54.81","SCHEFFERVILLE A","7117823","2021-03-31 18:00","2021","03","31","18:00","0.3","","0.3","","100","","0.5","","16","","11","","4.8","","94.17","","","","","","Snow"
"-66.81","54.81","SCHEFFERVILLE A","7117823","2021-03-31 19:00","2021","03","31","19:00","0.4","","0.4","","100","","0.5","","16","","11","","16.1","","94.15","","","","","","Rain"
"-66.81","54.81","SCHEFFERVILLE A","7117823","2021-03-31 20:00","2021","03","31","20:00","0.5","","0.5","","100","","0.2","","18","","11","","16.1","","94.11","","","","","","Rain"
"-66.81","54.81","SCHEFFERVILLE A","7117823","2021-03-31 21:00","2021","03","31","21:00","0.7","","0.4","","98","","0.5","","19","","9","","4.8","","94.12","","","","","","Rain,Fog"
"-66.81","54.81","SCHEFFERVILLE A","7117823","2021-03-31 22:00","2021","03","31","22:00","-0.5","","-1.1","","96","","0.0","","31","","18","","9.7","","94.21","","","","-6","","Snow"
"-66.81","54.81","SCHEFFERVILLE A","7117823","2021-03-31 23:00","2021","03","31","23:00","-4.2","","-5.1","","94","","0.0","","33","","28","","1.6","","94.33","","","","-12","","Snow"
