"Longitude (x)","Latitude (y)","Station Name","Climate ID","Date/Time (LST)","Year","Month","Day","Time (LST)","Temp (°C)","Temp Flag","Dew Point Temp (°C)","Dew Point Temp Flag","Rel Hum (%)","Rel Hum Flag","Precip. Amount (mm)","Precip. Amount Flag","Wind Dir (10s deg)","Wind Dir Flag","Wind Spd (km/h)","Wind Spd Flag","Visibility (km)","Visibility Flag","Stn Press (kPa)","Stn Press Flag","Hmdx","Hmdx Flag","Wind Chill","Wind Chill Flag","Weather"
"-123.18","49.19","VANCOUVER INTL A","1108395","2018-12-01 00:00","2018","12","01","00:00","5.7","","4.7","","93","","","","15","","11","","32.2","","100.86","","","","","","Rain"
"-123.18","49.19","VANCOUVER INTL A","1108395","2018-12-01 01:00","2018","12","01","01:00","5.6","","4.5","","93","","","","7","","13","","32.2","","100.89","","","","","","Rain"
"-123.18","49.19","VANCOUVER INTL A","1108395","2018-12-01 02:00","2018","12","01","02:00","5.7","","4.8","","94","","","","8","","10","","24.1","","100.91","","","","","","Rain"
"-123.18","49.19","VANCOUVER INTL A","1108395","2018-12-01 03:00","2018","12","01","03:00","5.6","","5.0","","96","","","","36","","7","","24.1","","100.94","","","","","","Rain"
"-123.18","49.19","VANCOUVER INTL A","1108395","2018-12-01 04:00","2018","12","01","04:00","5.4","","5.0","","97","","","","36","","4","","32.2","","100.97","","","","","","Rain"
"-123.18","49.19","VANCOUVER INTL A","1108395","2018-12-01 05:00","2018","12","01","05:00","5.4","","5.1","","98","","","","36","","3","","32.2","","100.99","","","","","","NA"
"-123.18","49.19","VANCOUVER INTL A","1108395","2018-12-01 06:00","2018","12","01","06:00","4.8","","4.4","","97","","","","36","","3","","32.2","","101.02","","","","","","NA"
"-123.18","49.19","VANCOUVER INTL A","1108395","2018-12-01 07:00","2018","12","01","07:00","5.2","","4.9","","98","","","","30","","3","","24.1","","101.04","","","","","","Rain"
"-123.18","49.19","VANCOUVER INTL A","1108395","2018-12-01 08:00","2018","12","01","08:00","5.4","","4.5","","94","","","","33","","13","","48.3","","101.07","","","","","","NA"
"-123.18","49.19","VANCOUVER INTL A","1108395","2018-12-01 09:00","2018","12","01","09:00","6.0","","5.0","","93","","","","33","","12","","48.3","","101.12","","","","","","NA"
"-123.18","49.19","VANCOUVER INTL A","1108395","2018-12-01 10:00","2018","12","01","10:00","6.6","","5.2","","91","","","","32","","8","","48.3","","101.17","","","","","","Mostly Cloudy"
"-123.18","49.19","VANCOUVER INTL A","1108395","2018-12-01 11:00","2018","12","01","11:00","7.4","","5.7","","89","","","","32","","10","","48.3","","101.18","","","","","","NA"
"-123.18","49.19","VANCOUVER INTL A","1108395","2018-12-01 12:00","2018","12","01","12:00","8.0","","4.6","","79","","","","31","","9","","48.3","","101.18","","","","","","NA"
"-123.18","49.19","VANCOUVER INTL A","1108395","2018-12-01 13:00","2018","12","01","13:00","7.5","","4.9","","84","","","","30","","16","","48.3","","101.17","","","","","","Mostly Cloudy"
"-123.18","49.19","VANCOUVER INTL A","1108395","2018-12-01 14:00","2018","12","01","14:00","7.1","","5.0","","86","","","","30","","17","","48.3","","101.19","","","","","","NA"
"-123.18","49.19","VANCOUVER INTL A","1108395","2018-12-01 15:00","2018","12","01","15:00","6.7","","4.5","","86","","","","29","","21","","48.3","","101.22","","","","","","NA"
"-123.18","49.19","VANCOUVER INTL A","1108395","2018-12-01 16:00","2018","12","01","16:00","6.5","","4.5","","87","","","","30","","19","","48.3","","101.25","","","","","","Mostly Cloudy"
"-123.18","49.19","VANCOUVER INTL A","1108395","2018-12-01 17:00","2018","12","01","17:00","6.3","","4.4","","88","","","","30","","19","","48.3","","101.28","","","","","","NA"
"-123.18","49.19","VANCOUVER INTL A","1108395","2018-12-01 18:00","2018","12","01","18:00","5.8","","4.1","","89","","","","32","","14","","32.2","","101.30","","","","","","NA"
"-123.18","49.19","VANCOUVER INTL A","1108395","2018-12-01 19:00","2018","12","01","19:00","4.4","","3.5","","93","","","","34","","7","","32.2","","101.34","","","","","","Mostly Cloudy"
"-123.18","49.19","VANCOUVER INTL A","1108395","2018-12-01 20:00","2018","12","01","20:00","4.2","","3.2","","93","","","","6","","7","","32.2","","101.40","","","","","","NA"
"-123.18","49.19","VANCOUVER INTL A","1108395","2018-12-01 21:00","2018","12","01","21:00","4.2","","3.2","","94","","","","2","","10","","32.2","","101.45","","","","","","NA"
"-123.18","49.19","VANCOUVER INTL A","1108395","2018-12-01 22:00","2018","12","01","22:00","2.3","","1.4","","94","","","","35","","4","","32.2","","101.50","","","","","","Mainly Clear"
"-123.18","49.19","VANCOUVER INTL A","1108395","2018-12-01 23:00","2018","12","01","23:00","3.1","","2.6","","96","","","","36","","1","","32.2","","101.57","","","","","","NA"
"-123.18","49.19","VANCOUVER INTL A","1108395","2018-12-02 00:00","2018","12","02","00:00","3.6","","3.0","","96","","","","10","","4","","32.2","","101.61","","","","","","NA"
"-123.18","49.19","VANCOUVER INTL A","1108395","2018-12-02 01:00","2018","12","02","01:00","3.0","","2.3","","95","","","","36","","2","","32.2","","101.63","","","","","","Mostly Cloudy"
"-123.18","49.19","VANCOUVER INTL A","1108395","2018-12-02 02:00","2018","12","02","02:00","1.8","","1.1","","95","","","","10","","9","","32.2","","101.66","","","","","","NA"
"-123.18","49.19","VANCOUVER INTL A","1108395","2018-12-02 03:00","2018","12","02","03:00","1.8","","1.4","","97","","","","9","","4","","32.2","","101.71","","","","","","NA"
"-123.18","49.19","VANCOUVER INTL A","1108395","2018-12-02 04:00","2018","12","02","04:00","0.4","","-0.1","","96","","","","7","","7","","32.2","","101.73","","","","","","Mainly Clear"
"-123.18","49.19","VANCOUVER INTL A","1108395","2018-12-02 05:00","2018","12","02","05:00","-0.1","","-0.3","","98","","","","36","","1","","32.2","","101.80","","","","0","","NA"
"-123.18","49.19","VANCOUVER INTL A","1108395","2018-12-02 06:00","2018","12","02","06:00","-0.5","","-0.8","","98","","","","9","","5","","32.2","","101.83","","","","-2","","NA"
"-123.18","49.19","VANCOUVER INTL A","1108395","2018-12-02 07:00","2018","12","02","07:00","0.4","","0.2","","98","","","","11","","9","","48.3","","101.90","","","","","","Clear"
"-123.18","49.19","VANCOUVER INTL A","1108395","2018-12-02 08:00","2018","12","02","08:00","0.5","","0.3","","98","","","","7","","3","","48.3","","101.97","","","","","","NA"
"-123.18","49.19","VANCOUVER INTL A","1108395","2018-12-02 09:00","2018","12","02","09:00","1.2","","0.7","","97","","","","11","","3","","48.3","","102.04","","","","","","NA"
"-123.18","49.19","VANCOUVER INTL A","1108395","2018-12-02 10:00","2018","12","02","10:00","4.2","","2.4","","88","","","","12","","7","","48.3","","102.10","","","","","","Clear"
"-123.18","49.19","VANCOUVER INTL A","1108395","2018-12-02 11:00","2018","12","02","11:00","5.7","","2.0","","77","","","","21","","5","","48.3","","102.13","","","","","","NA"
"-123.18","49.19","VANCOUVER INTL A","1108395","2018-12-02 12:00","2018","12","02","12:00","6.5","","2.6","","76","","","","28","","8","","48.3","","102.14","","","","","","NA"
"-123.18","49.19","VANCOUVER INTL A","1108395","2018-12-02 13:00","2018","12","02","13:00","6.7","","2.7","","76","","","","28","","9","","48.3","","102.16","","","","","","Clear"
"-123.18","49.19","VANCOUVER INTL A","1108395","2018-12-02 14:00","2018","12","02","14:00","6.7","","3.0","","77","","","","27","","7","","48.3","","102.18","","","","","","NA"
"-123.18","49.19","VANCOUVER INTL A","1108395","2018-12-02 15:00","2018","12","02","15:00","6.6","","3.8","","82","","","","30","","13","","48.3","","102.21","","","","","","NA"
"-123.18","49.19","VANCOUVER INTL A","1108395","2018-12-02 16:00","2018","12","02","16:00","4.5","","2.5","","87","","","","31","","10","","48.3","","102.25","","","","","","Clear"
"-123.18","49.19","VANCOUVER INTL A","1108395","2018-12-02 17:00","2018","12","02","17:00","3.2","","2.3","","94","","","","30","","6","","48.3","","102.30","","","","","","NA"
"-123.18","49.19","VANCOUVER INTL A","1108395","2018-12-02 18:00","2018","12","02","18:00","4.2","","2.9","","91","","","","1","","4","","32.2","","102.33","","","","","","NA"
"-123.18","49.19","VANCOUVER INTL A","1108395","2018-12-02 19:00","2018","12","02","19:00","3.0","","1.6","","90","","","","4","","8","","32.2","","102.39","","","","","","Mainly Clear"
"-123.18","49.19","VANCOUVER INTL A","1108395","2018-12-02 20:00","2018","12","02","20:00","2.3","","1.0","","91","","","","7","","12","","32.2","","102.41","","","","","","NA"
"-123.18","49.19","VANCOUVER INTL A","1108395","2018-12-02 21:00","2018","12","02","21:00","1.3","","0.3","","93","","","","8","","6","","32.2","","102.44","","","","","","NA"
"-123.18","49.19","VANCOUVER INTL A","1108395","2018-12-02 22:00","2018","12","02","22:00","1.8","","0.7","","92","","","","10","","7","","32.2","","102.49","","","","","","Clear"
"-123.18","49.19","VANCOUVER INTL A","1108395","2018-12-02 23:00","2018","12","02","23:00","0.3","","-0.7","","93","","","","1","","7","","32.2","","102.55","","","","","","NA"
"-123.18","49.19","VANCOUVER INTL A","1108395","2018-12-03 00:00","2018","12","03","00:00","-0.4","","-1.6","","92","","","","36","","2","","32.2","","102.60","","","","-1","","NA"
"-123.18","49.19","VANCOUVER INTL A","1108395","2018-12-03 01:00","2018","12","03","01:00","0.4","","-0.8","","91","","","","12","","4","","32.2","","102.64","","","","","","Clear"
"-123.18","49.19","VANCOUVER INTL A","1108395","2018-12-03 02:00","2018","12","03","02:00","-1.5","","-2.2","","95","","","","9","","7","","32.2","","102.67","","","","-4","","NA"
"-123.18","49.19","VANCOUVER INTL A","1108395","2018-12-03 03:00","2018","12","03","03:00","-0.9","","-1.5","","96","","","","36","","3","","32.2","","102.70","","","","-2","","NA"
"-123.18","49.19","VANCOUVER INTL A","1108395","2018-12-03 04:00","2018","12","03","04:00","-1.0","","-1.3","","98","","","","36","","2","","32.2","","102.73","","","","-2","","Mainly Clear"
"-123.18","49.19","VANCOUVER INTL A","1108395","2018-12-03 05:00","2018","12","03","05:00","-0.4","","-0.6","","98","","","","9","","7","","32.2","","102.75","","","","-3","","NA"
"-123.18","49.19","VANCOUVER INTL A","1108395","2018-12-03 06:00","2018","12","03","06:00","-0.3","","-0.8","","97","","","","8","","5","","32.2","","102.78","","","","-2","","NA"
"-123.18","49.19","VANCOUVER INTL A","1108395","2018-12-03 07:00","2018","12","03","07:00","-2.2","","-2.7","","96","","","","32","","7","","32.2","","102.80","","","","-5","","Mainly Clear"
"-123.18","49.19","VANCOUVER INTL A","1108395","2018-12-03 08:00","2018","12","03","08:00","0.0","","-0.9","","93","","","","11","","5","","48.3","","102.84","","","","-2","","NA"
"-123.18","49.19","VANCOUVER INTL A","1108395","2018-12-03 09:00","2018","12","03","09:00","1.0","","-0.2","","92","","","","35","","7","","48.3","","102.89","","","","","","NA"
"-123.18","49.19","VANCOUVER INTL A","1108395","2018-12-03 10:00","2018","12","03","10:00","3.9","","1.3","","83","","","","1","","4","","48.3","","102.93","","","","","","Mostly Cloudy"
"-123.18","49.19","VANCOUVER INTL A","1108395","2018-12-03 11:00","2018","12","03","11:00","5.5","","1.1","","73","","","","36","","3","","48.3","","102.91","","","","","","NA"
"-123.18","49.19","VANCOUVER INTL A","1108395","2018-12-03 12:00","2018","12","03","12:00","5.8","","1.1","","72","","","","24","","7","","48.3","","102.90","","","","","","NA"
"-123.18","49.19","VANCOUVER INTL A","1108395","2018-12-03 13:00","2018","12","03","13:00","5.8","","-0.4","","65","","","","24","","5","","48.3","","102.90","","","","","","Clear"
"-123.18","49.19","VANCOUVER INTL A","1108395","2018-12-03 14:00","2018","12","03","14:00","6.0","","0.4","","67","","","","26","","11","","48.3","","102.87","","","","","","NA"
"-123.18","49.19","VANCOUVER INTL A","1108395","2018-12-03 15:00","2018","12","03","15:00","5.6","","0.8","","71","","","","28","","9","","48.3","","102.87","","","","","","NA"
"-123.18","49.19","VANCOUVER INTL A","1108395","2018-12-03 16:00","2018","12","03","16:00","3.1","","-0.7","","76","","","","30","","10","","48.3","","102.88","","","","","","Clear"
"-123.18","49.19","VANCOUVER INTL A","1108395","2018-12-03 17:00","2018","12","03","17:00","3.6","","-3.0","","62","","","","32","","4","","48.3","","102.89","","","","","","NA"
"-123.18","49.19","VANCOUVER INTL A","1108395","2018-12-03 18:00","2018","12","03","18:00","4.0","","-1.7","","66","","","","36","","1","","32.2","","102.92","","","","","","NA"
"-123.18","49.19","VANCOUVER INTL A","1108395","2018-12-03 19:00","2018","12","03","19:00","2.9","","-0.6","","78","","","","7","","8","","32.2","","102.96","","","","","","Clear"
"-123.18","49.19","VANCOUVER INTL A","1108395","2018-12-03 20:00","2018","12","03","20:00","1.6","","-1.7","","79","","","","9","","8","","32.2","","102.96","","","","","","NA"
"-123.18","49.19","VANCOUVER INTL A","1108395","2018-12-03 21:00","2018","12","03","21:00","-0.9","","-3.1","","85","","","","7","","8","","32.2","","102.96","","","","-4","","NA"
"-123.18","49.19","VANCOUVER INTL A","1108395","2018-12-03 22:00","2018","12","03","22:00","0.2","","-3.4","","76","","","","7","","8","","32.2","","102.96","","","","","","Clear"
"-123.18","49.19","VANCOUVER INTL A","1108395","2018-12-03 23:00","2018","12","03","23:00","-2.3","","-4.6","","84","","","","34","","6","","32.2","","102.97","","","","-5","","NA"
"-123.18","49.19","VANCOUVER INTL A","1108395","2018-12-04 00:00","2018","12","04","00:00","-0.1","","-3.8","","76","","","","3","","9","","32.2","","102.98","","","","-3","","NA"
"-123.18","49.19","VANCOUVER INTL A","1108395","2018-12-04 01:00","2018","12","04","01:00","-0.6","","-2.6","","86","","","","36","","3","","32.2","","102.98","","","","-2","","Clear"
"-123.18","49.19","VANCOUVER INTL A","1108395","2018-12-04 02:00","2018","12","04","02:00","-1.7","","-2.8","","92","","","","36","","2","","32.2","","102.97","","","","-2","","NA"
"-123.18","49.19","VANCOUVER INTL A","1108395","2018-12-04 03:00","2018","12","04","03:00","-2.8","","-4.3","","89","","","","8","","4","","32.2","","102.95","","","","-4","","NA"
"-123.18","49.19","VANCOUVER INTL A","1108395","2018-12-04 04:00","2018","12","04","04:00","-2.9","","-4.3","","90","","","","12","","10","","32.2","","102.94","","","","-7","","Clear"
"-123.18","49.19","VANCOUVER INTL A","1108395","2018-12-04 05:00","2018","12","04","05:00","-3.2","","-4.7","","90","","","","10","","8","","32.2","","102.92","","","","-6","","NA"
"-123.18","49.19","VANCOUVER INTL A","1108395","2018-12-04 06:00","2018","12","04","06:00","-3.5","","-4.5","","93","","","","7","","8","","32.2","","102.90","","","","-7","","NA"
"-123.18","49.19","VANCOUVER INTL A","1108395","2018-12-04 07:00","2018","12","04","07:00","-3.6","","-4.9","","91","","","","11","","11","","32.2","","102.89","","","","-8","","Mainly Clear"
"-123.18","49.19","VANCOUVER INTL A","1108395","2018-12-04 08:00","2018","12","04","08:00","-1.9","","-3.7","","87","","","","36","","1","","48.3","","102.91","","","","-2","","NA"
"-123.18","49.19","VANCOUVER INTL A","1108395","2018-12-04 09:00","2018","12","04","09:00","-1.4","","-3.6","","85","","","","32","","3","","48.3","","102.91","","","","-2","","NA"
"-123.18","49.19","VANCOUVER INTL A","1108395","2018-12-04 10:00","2018","12","04","10:00","1.7","","-2.2","","75","","","","17","","7","","48.3","","102.89","","","","","","Mainly Clear"
"-123.18","49.19","VANCOUVER INTL A","1108395","2018-12-04 11:00","2018","12","04","11:00","3.1","","-3.0","","64","","","","12","","3","","48.3","","102.87","","","","","","NA"
"-123.18","49.19","VANCOUVER INTL A","1108395","2018-12-04 12:00","2018","12","04","12:00","3.8","","-2.7","","63","","","","27","","5","","48.3","","102.82","","","","","","NA"
"-123.18","49.19","VANCOUVER INTL A","1108395","2018-12-04 13:00","2018","12","04","13:00","3.9","","-3.8","","57","","","","24","","7","","48.3","","102.75","","","","","","Mostly Cloudy"
"-123.18","49.19","VANCOUVER INTL A","1108395","2018-12-04 14:00","2018","12","04","14:00","3.9","","-0.6","","73","","","","30","","12","","48.3","","102.66","","","","","","NA"
"-123.18","49.19","VANCOUVER INTL A","1108395","2018-12-04 15:00","2018","12","04","15:00","4.1","","-0.5","","72","","","","29","","12","","48.3","","102.60","","","","","","NA"
"-123.18","49.19","VANCOUVER INTL A","1108395","2018-12-04 16:00","2018","12","04","16:00","2.2","","-0.9","","80","","","","30","","11","","48.3","","102.54","","","","","","Cloudy"
"-123.18","49.19","VANCOUVER INTL A","1108395","2018-12-04 17:00","2018","12","04","17:00","1.9","","-0.5","","84","","","","30","","16","","48.3","","102.48","","","","","","NA"
"-123.18","49.19","VANCOUVER INTL A","1108395","2018-12-04 18:00","2018","12","04","18:00","0.8","","-1.9","","82","","","","31","","10","","32.2","","102.44","","","","","","NA"
"-123.18","49.19","VANCOUVER INTL A","1108395","2018-12-04 19:00","2018","12","04","19:00","0.2","","-2.8","","80","","","","31","","8","","32.2","","102.41","","","","","","Mainly Clear"
"-123.18","49.19","VANCOUVER INTL A","1108395","2018-12-04 20:00","2018","12","04","20:00","-0.4","","-2.9","","83","","","","35","","14","","32.2","","102.38","","","","-5","","NA"
"-123.18","49.19","VANCOUVER INTL A","1108395","2018-12-04 21:00","2018","12","04","21:00","1.1","","-3.4","","72","","","","1","","8","","32.2","","102.36","","","","","","NA"
"-123.18","49.19","VANCOUVER INTL A","1108395","2018-12-04 22:00","2018","12","04","22:00","0.3","","-2.7","","80","","","","31","","17","","32.2","","102.36","","","","","","Mainly Clear"
"-123.18","49.19","VANCOUVER INTL A","1108395","2018-12-04 23:00","2018","12","04","23:00","-0.1","","-2.9","","81","","","","6","","4","","32.2","","102.35","","","","-1","","NA"
"-123.18","49.19","VANCOUVER INTL A","1108395","2018-12-05 00:00","2018","12","05","00:00","-2.2","","-3.7","","89","","","","11","","8","","32.2","","102.35","","","","-5","","NA"
"-123.18","49.19","VANCOUVER INTL A","1108395","2018-12-05 01:00","2018","12","05","01:00","-1.9","","-3.0","","93","","","","9","","9","","32.2","","102.35","","","","-5","","Clear"
"-123.18","49.19","VANCOUVER INTL A","1108395","2018-12-05 02:00","2018","12","05","02:00","-2.1","","-3.0","","93","","","","7","","4","","32.2","","102.33","","","","-4","","NA"
"-123.18","49.19","VANCOUVER INTL A","1108395","2018-12-05 03:00","2018","12","05","03:00","-2.9","","-3.9","","93","","","","5","","5","","32.2","","102.36","","","","-5","","NA"
"-123.18","49.19","VANCOUVER INTL A","1108395","2018-12-05 04:00","2018","12","05","04:00","-3.1","","-4.0","","94","","","","36","","3","","32.2","","102.31","","","","-4","","Clear"
"-123.18","49.19","VANCOUVER INTL A","1108395","2018-12-05 05:00","2018","12","05","05:00","-3.3","","-4.1","","94","","","","10","","6","","32.2","","102.30","","","","-6","","NA"
"-123.18","49.19","VANCOUVER INTL A","1108395","2018-12-05 06:00","2018","12","05","06:00","-3.9","","-4.8","","93","","","","0","","1","","32.2","","102.28","","","","-4","","NA"
"-123.18","49.19","VANCOUVER INTL A","1108395","2018-12-05 07:00","2018","12","05","07:00","-2.7","","-4.2","","90","","","","5","","3","","48.3","","102.26","","","","-4","","Clear"
"-123.18","49.19","VANCOUVER INTL A","1108395","2018-12-05 08:00","2018","12","05","08:00","-2.5","","-3.8","","91","","","","","","0","","48.3","","102.28","","","","","","NA"
"-123.18","49.19","VANCOUVER INTL A","1108395","2018-12-05 09:00","2018","12","05","09:00","-0.5","","-1.8","","91","","","","12","","4","","48.3","","102.30","","","","-2","","NA"
"-123.18","49.19","VANCOUVER INTL A","1108395","2018-12-05 10:00","2018","12","05","10:00","2.4","","-0.2","","83","","","","22","","5","","48.3","","102.33","","","","","","Clear"
"-123.18","49.19","VANCOUVER INTL A","1108395","2018-12-05 11:00","2018","12","05","11:00","5.2","","0.8","","73","","","","29","","7","","48.3","","102.32","","","","","","NA"
"-123.18","49.19","VANCOUVER INTL A","1108395","2018-12-05 12:00","2018","12","05","12:00","5.4","","1.0","","73","","","","29","","18","","48.3","","102.27","","","","","","NA"
"-123.18","49.19","VANCOUVER INTL A","1108395","2018-12-05 13:00","2018","12","05","13:00","5.4","","1.9","","78","","","","29","","18","","48.3","","102.24","","","","","","Clear"
"-123.18","49.19","VANCOUVER INTL A","1108395","2018-12-05 14:00","2018","12","05","14:00","5.5","","1.9","","78","","","","30","","17","","48.3","","102.18","","","","","","NA"
"-123.18","49.19","VANCOUVER INTL A","1108395","2018-12-05 15:00","2018","12","05","15:00","4.9","","1.2","","77","","","","28","","14","","48.3","","102.19","","","","","","NA"
"-123.18","49.19","VANCOUVER INTL A","1108395","2018-12-05 16:00","2018","12","05","16:00","3.1","","0.7","","84","","","","30","","14","","48.3","","102.20","","","","","","Clear"
"-123.18","49.19","VANCOUVER INTL A","1108395","2018-12-05 17:00","2018","12","05","17:00","2.1","","0.9","","91","","","","32","","8","","48.3","","102.20","","","","","","NA"
"-123.18","49.19","VANCOUVER INTL A","1108395","2018-12-05 18:00","2018","12","05","18:00","2.1","","0.1","","87","","","","3","","5","","32.2","","102.19","","","","","","NA"
"-123.18","49.19","VANCOUVER INTL A","1108395","2018-12-05 19:00","2018","12","05","19:00","1.6","","0.0","","89","","","","14","","7","","32.2","","102.20","","","","","","Clear"
"-123.18","49.19","VANCOUVER INTL A","1108395","2018-12-05 20:00","2018","12","05","20:00","1.5","","0.4","","92","","","","9","","6","","32.2","","102.19","","","","","","NA"
"-123.18","49.19","VANCOUVER INTL A","1108395","2018-12-05 21:00","2018","12","05","21:00","0.6","","-1.9","","83","","","","11","","9","","32.2","","102.21","","","","","","NA"
"-123.18","49.19","VANCOUVER INTL A","1108395","2018-12-05 22:00","2018","12","05","22:00","0.0","","-3.2","","79","","","","7","","6","","32.2","","102.22","","","","-2","","Clear"
"-123.18","49.19","VANCOUVER INTL A","1108395","2018-12-05 23:00","2018","12","05","23:00","-0.9","","-2.7","","87","","","","9","","7","","32.2","","102.21","","","","-3","","NA"
"-123.18","49.19","VANCOUVER INTL A","1108395","2018-12-06 00:00","2018","12","06","00:00","-2.0","","-3.4","","90","","","","10","","8","","32.2","","102.21","","","","-5","","NA"
"-123.18","49.19","VANCOUVER INTL A","1108395","2018-12-06 01:00","2018","12","06","01:00","-2.6","","-3.2","","96","","","","9","","10","","32.2","","102.21","","","","-6","","Clear"
"-123.18","49.19","VANCOUVER INTL A","1108395","2018-12-06 02:00","2018","12","06","02:00","-2.5","","-4.6","","85","","","","8","","10","","32.2","","102.22","","","","-6","","NA"
"-123.18","49.19","VANCOUVER INTL A","1108395","2018-12-06 03:00","2018","12","06","03:00","-2.5","","-3.9","","90","","","","5","","5","","32.2","","102.24","","","","-4","","NA"
"-123.18","49.19","VANCOUVER INTL A","1108395","2018-12-06 04:00","2018","12","06","04:00","-2.6","","-4.0","","90","","","","9","","5","","32.2","","102.24","","","","-5","","Clear"
"-123.18","49.19","VANCOUVER INTL A","1108395","2018-12-06 05:00","2018","12","06","05:00","-3.1","","-4.2","","92","","","","10","","8","","32.2","","102.22","","","","-6","","NA"
"-123.18","49.19","VANCOUVER INTL A","1108395","2018-12-06 06:00","2018","12","06","06:00","-4.5","","-5.8","","91","","","","36","","1","","32.2","","102.19","","","","-5","","NA"
"-123.18","49.19","VANCOUVER INTL A","1108395","2018-12-06 07:00","2018","12","06","07:00","-2.2","","-4.7","","83","","","","9","","6","","48.3","","102.20","","","","-5","","Mainly Clear"
"-123.18","49.19","VANCOUVER INTL A","1108395","2018-12-06 08:00","2018","12","06","08:00","-2.8","","-4.9","","86","","","","7","","4","","48.3","","102.23","","","","-4","","NA"
"-123.18","49.19","VANCOUVER INTL A","1108395","2018-12-06 09:00","2018","12","06","09:00","-1.5","","-3.5","","86","","","","11","","6","","48.3","","102.24","","","","-4","","NA"
"-123.18","49.19","VANCOUVER INTL A","1108395","2018-12-06 10:00","2018","12","06","10:00","0.5","","-3.3","","76","","","","10","","12","","48.3","","102.23","","","","","","Clear"
"-123.18","49.19","VANCOUVER INTL A","1108395","2018-12-06 11:00","2018","12","06","11:00","2.0","","-3.3","","68","","","","12","","8","","48.3","","102.20","","","","","","NA"
"-123.18","49.19","VANCOUVER INTL A","1108395","2018-12-06 12:00","2018","12","06","12:00","3.1","","-3.2","","63","","","","36","","3","","48.3","","102.17","","","","","","NA"
"-123.18","49.19","VANCOUVER INTL A","1108395","2018-12-06 13:00","2018","12","06","13:00","3.6","","-2.0","","67","","","","26","","9","","48.3","","102.15","","","","","","Mainly Clear"
"-123.18","49.19","VANCOUVER INTL A","1108395","2018-12-06 14:00","2018","12","06","14:00","4.0","","-1.2","","69","","","","21","","3","","48.3","","102.10","","","","","","NA"
"-123.18","49.19","VANCOUVER INTL A","1108395","2018-12-06 15:00","2018","12","06","15:00","3.1","","-1.3","","73","","","","20","","3","","48.3","","102.03","","","","","","NA"
"-123.18","49.19","VANCOUVER INTL A","1108395","2018-12-06 16:00","2018","12","06","16:00","0.8","","-1.8","","82","","","","28","","10","","48.3","","102.06","","","","","","Mostly Cloudy"
"-123.18","49.19","VANCOUVER INTL A","1108395","2018-12-06 17:00","2018","12","06","17:00","1.2","","-1.5","","82","","","","1","","7","","48.3","","102.04","","","","","","NA"
"-123.18","49.19","VANCOUVER INTL A","1108395","2018-12-06 18:00","2018","12","06","18:00","-0.1","","-1.5","","90","","","","35","","6","","32.2","","102.02","","","","-2","","NA"
"-123.18","49.19","VANCOUVER INTL A","1108395","2018-12-06 19:00","2018","12","06","19:00","-0.9","","-2.5","","89","","","","2","","4","","32.2","","102.01","","","","-2","","Mainly Clear"
"-123.18","49.19","VANCOUVER INTL A","1108395","2018-12-06 20:00","2018","12","06","20:00","-0.9","","-4.1","","79","","","","6","","9","","32.2","","102.00","","","","-4","","NA"
"-123.18","49.19","VANCOUVER INTL A","1108395","2018-12-06 21:00","2018","12","06","21:00","-1.7","","-3.5","","87","","","","9","","9","","32.2","","102.02","","","","-5","","NA"
"-123.18","49.19","VANCOUVER INTL A","1108395","2018-12-06 22:00","2018","12","06","22:00","-1.8","","-4.1","","84","","","","8","","10","","32.2","","102.00","","","","-5","","Mainly Clear"
"-123.18","49.19","VANCOUVER INTL A","1108395","2018-12-06 23:00","2018","12","06","23:00","-2.7","","-4.4","","88","","","","36","","1","","32.2","","102.01","","","","-3","","NA"
"-123.18","49.19","VANCOUVER INTL A","1108395","2018-12-07 00:00","2018","12","07","00:00","-1.3","","-3.0","","88","","","","10","","5","","32.2","","102.02","","","","-3","","NA"
"-123.18","49.19","VANCOUVER INTL A","1108395","2018-12-07 01:00","2018","12","07","01:00","-3.5","","-5.3","","87","","","","7","","3","","32.2","","102.02","","","","-5","","Mainly Clear"
"-123.18","49.19","VANCOUVER INTL A","1108395","2018-12-07 02:00","2018","12","07","02:00","-3.4","","-4.6","","91","","","","8","","8","","32.2","","102.01","","","","-7","","NA"
"-123.18","49.19","VANCOUVER INTL A","1108395","2018-12-07 03:00","2018","12","07","03:00","-4.2","","-5.1","","94","","","","9","","5","","32.2","","102.01","","","","-6","","NA"
"-123.18","49.19","VANCOUVER INTL A","1108395","2018-12-07 04:00","2018","12","07","04:00","-4.6","","-5.4","","94","","","","36","","3","","32.2","","102.01","","","","-6","","Clear"
"-123.18","49.19","VANCOUVER INTL A","1108395","2018-12-07 05:00","2018","12","07","05:00","-3.5","","-4.4","","94","","","","36","","2","","32.2","","102.03","","","","-4","","NA"
"-123.18","49.19","VANCOUVER INTL A","1108395","2018-12-07 06:00","2018","12","07","06:00","-4.8","","-5.7","","94","","","","11","","5","","32.2","","102.04","","","","-7","","NA"
"-123.18","49.19","VANCOUVER INTL A","1108395","2018-12-07 07:00","2018","12","07","07:00","-2.8","","-4.0","","92","","","","7","","5","","48.3","","102.04","","","","-5","","Mostly Cloudy"
"-123.18","49.19","VANCOUVER INTL A","1108395","2018-12-07 08:00","2018","12","07","08:00","-4.3","","-5.6","","90","","","","13","","7","","48.3","","102.10","","","","-7","","NA"
"-123.18","49.19","VANCOUVER INTL A","1108395","2018-12-07 09:00","2018","12","07","09:00","-2.7","","-4.1","","90","","","","10","","10","","48.3","","102.13","","","","-7","","NA"
"-123.18","49.19","VANCOUVER INTL A","1108395","2018-12-07 10:00","2018","12","07","10:00","0.3","","-2.6","","81","","","","10","","10","","48.3","","102.15","","","","","","Mainly Clear"
"-123.18","49.19","VANCOUVER INTL A","1108395","2018-12-07 11:00","2018","12","07","11:00","2.3","","-3.2","","67","","","","10","","7","","48.3","","102.11","","","","","","NA"
"-123.18","49.19","VANCOUVER INTL A","1108395","2018-12-07 12:00","2018","12","07","12:00","3.5","","-3.1","","62","","","","14","","6","","48.3","","102.08","","","","","","NA"
"-123.18","49.19","VANCOUVER INTL A","1108395","2018-12-07 13:00","2018","12","07","13:00","4.0","","-3.2","","59","","","","24","","7","","48.3","","102.03","","","","","","Mostly Cloudy"
"-123.18","49.19","VANCOUVER INTL A","1108395","2018-12-07 14:00","2018","12","07","14:00","3.4","","-2.3","","66","","","","30","","5","","48.3","","102.04","","","","","","NA"
"-123.18","49.19","VANCOUVER INTL A","1108395","2018-12-07 15:00","2018","12","07","15:00","3.4","","-1.6","","70","","","","27","","3","","48.3","","102.02","","","","","","NA"
"-123.18","49.19","VANCOUVER INTL A","1108395","2018-12-07 16:00","2018","12","07","16:00","2.5","","-1.9","","73","","","","36","","3","","48.3","","102.07","","","","","","Cloudy"
"-123.18","49.19","VANCOUVER INTL A","1108395","2018-12-07 17:00","2018","12","07","17:00","-0.1","","-3.3","","79","","","","35","","4","","48.3","","102.11","","","","-1","","NA"
"-123.18","49.19","VANCOUVER INTL A","1108395","2018-12-07 18:00","2018","12","07","18:00","0.0","","-2.3","","84","","","","1","","6","","32.2","","102.12","","","","-2","","NA"
"-123.18","49.19","VANCOUVER INTL A","1108395","2018-12-07 19:00","2018","12","07","19:00","0.9","","-2.8","","76","","","","2","","4","","32.2","","102.17","","","","","","Cloudy"
"-123.18","49.19","VANCOUVER INTL A","1108395","2018-12-07 20:00","2018","12","07","20:00","0.4","","-1.7","","85","","","","3","","6","","32.2","","102.17","","","","","","NA"
"-123.18","49.19","VANCOUVER INTL A","1108395","2018-12-07 21:00","2018","12","07","21:00","1.4","","-2.3","","76","","","","14","","5","","32.2","","102.20","","","","","","NA"
"-123.18","49.19","VANCOUVER INTL A","1108395","2018-12-07 22:00","2018","12","07","22:00","2.5","","-0.9","","79","","","","19","","3","","32.2","","102.24","","","","","","Cloudy"
"-123.18","49.19","VANCOUVER INTL A","1108395","2018-12-07 23:00","2018","12","07","23:00","2.0","","-1.2","","79","","","","13","","5","","32.2","","102.27","","","","","","NA"
"-123.18","49.19","VANCOUVER INTL A","1108395","2018-12-08 00:00","2018","12","08","00:00","2.2","","-2.0","","74","","","","13","","9","","32.2","","102.29","","","","","","NA"
"-123.18","49.19","VANCOUVER INTL A","1108395","2018-12-08 01:00","2018","12","08","01:00","2.1","","-2.2","","73","","","","7","","6","","32.2","","102.33","","","","","","Cloudy"
"-123.18","49.19","VANCOUVER INTL A","1108395","2018-12-08 02:00","2018","12","08","02:00","2.5","","-2.5","","69","","","","5","","10","","32.2","","102.34","","","","","","NA"
"-123.18","49.19","VANCOUVER INTL A","1108395","2018-12-08 03:00","2018","12","08","03:00","2.8","","-2.7","","67","","","","9","","9","","32.2","","102.37","","","","","","NA"
"-123.18","49.19","VANCOUVER INTL A","1108395","2018-12-08 04:00","2018","12","08","04:00","2.4","","-2.5","","71","","","","6","","9","","32.2","","102.39","","","","","","Cloudy"
"-123.18","49.19","VANCOUVER INTL A","1108395","2018-12-08 05:00","2018","12","08","05:00","2.4","","-1.1","","77","","","","15","","7","","24.1","","102.45","","","","","","Rain"
"-123.18","49.19","VANCOUVER INTL A","1108395","2018-12-08 06:00","2018","12","08","06:00","2.6","","-0.6","","79","","","","6","","12","","32.2","","102.43","","","","","","NA"
"-123.18","49.19","VANCOUVER INTL A","1108395","2018-12-08 07:00","2018","12","08","07:00","3.1","","-0.4","","78","","","","12","","14","","32.2","","102.46","","","","","","Cloudy"
"-123.18","49.19","VANCOUVER INTL A","1108395","2018-12-08 08:00","2018","12","08","08:00","3.3","","0.3","","81","","","","13","","10","","40.2","","102.50","","","","","","NA"
"-123.18","49.19","VANCOUVER INTL A","1108395","2018-12-08 09:00","2018","12","08","09:00","3.5","","0.0","","77","","","","14","","9","","48.3","","102.61","","","","","","Rain"
"-123.18","49.19","VANCOUVER INTL A","1108395","2018-12-08 10:00","2018","12","08","10:00","3.4","","1.5","","88","","","","12","","6","","24.1","","102.66","","","","","","Moderate Rain"
"-123.18","49.19","VANCOUVER INTL A","1108395","2018-12-08 11:00","2018","12","08","11:00","3.7","","2.5","","92","","","","22","","6","","24.1","","102.74","","","","","","Rain"
"-123.18","49.19","VANCOUVER INTL A","1108395","2018-12-08 12:00","2018","12","08","12:00","3.8","","3.1","","96","","","","36","","2","","8.1","","102.75","","","","","","Drizzle,Fog"
"-123.18","49.19","VANCOUVER INTL A","1108395","2018-12-08 13:00","2018","12","08","13:00","4.6","","4.0","","96","","","","10","","5","","19.3","","102.72","","","","","","Cloudy"
"-123.18","49.19","VANCOUVER INTL A","1108395","2018-12-08 14:00","2018","12","08","14:00","5.6","","4.7","","94","","","","9","","12","","32.2","","102.69","","","","","","NA"
"-123.18","49.19","VANCOUVER INTL A","1108395","2018-12-08 15:00","2018","12","08","15:00","5.9","","5.0","","94","","","","10","","9","","40.2","","102.70","","","","","","NA"
"-123.18","49.19","VANCOUVER INTL A","1108395","2018-12-08 16:00","2018","12","08","16:00","5.6","","5.0","","96","","","","10","","10","","32.2","","102.69","","","","","","Rain"
"-123.18","49.19","VANCOUVER INTL A","1108395","2018-12-08 17:00","2018","12","08","17:00","5.6","","5.1","","97","","","","8","","6","","24.1","","102.67","","","","","","NA"
"-123.18","49.19","VANCOUVER INTL A","1108395","2018-12-08 18:00","2018","12","08","18:00","5.8","","5.2","","96","","","","9","","9","","32.2","","102.62","","","","","","NA"
"-123.18","49.19","VANCOUVER INTL A","1108395","2018-12-08 19:00","2018","12","08","19:00","5.6","","5.0","","96","","","","8","","8","","32.2","","102.56","","","","","","Cloudy"
"-123.18","49.19","VANCOUVER INTL A","1108395","2018-12-08 20:00","2018","12","08","20:00","5.4","","4.7","","95","","","","9","","9","","32.2","","102.50","","","","","","NA"
"-123.18","49.19","VANCOUVER INTL A","1108395","2018-12-08 21:00","2018","12","08","21:00","4.8","","4.4","","97","","","","20","","8","","32.2","","102.42","","","","","","NA"
"-123.18","49.19","VANCOUVER INTL A","1108395","2018-12-08 22:00","2018","12","08","22:00","3.0","","2.7","","98","","","","18","","4","","32.2","","102.41","","","","","","Cloudy"
"-123.18","49.19","VANCOUVER INTL A","1108395","2018-12-08 23:00","2018","12","08","23:00","4.9","","4.5","","97","","","","36","","1","","32.2","","102.38","","","","","","NA"
"-123.18","49.19","VANCOUVER INTL A","1108395","2018-12-09 00:00","2018","12","09","00:00","4.5","","4.0","","97","","","","9","","3","","32.2","","102.34","","","","","","NA"
"-123.18","49.19","VANCOUVER INTL A","1108395","2018-12-09 01:00","2018","12","09","01:00","4.3","","3.6","","96","","","","18","","7","","32.2","","102.28","","","","","","Cloudy"
"-123.18","49.19","VANCOUVER INTL A","1108395","2018-12-09 02:00","2018","12","09","02:00","4.4","","3.3","","92","","","","5","","4","","32.2","","102.24","","","","","","NA"
"-123.18","49.19","VANCOUVER INTL A","1108395","2018-12-09 03:00","2018","12","09","03:00","3.0","","2.1","","94","","","","10","","12","","32.2","","102.10","","","","","","NA"
"-123.18","49.19","VANCOUVER INTL A","1108395","2018-12-09 04:00","2018","12","09","04:00","4.2","","3.0","","92","","","","11","","17","","32.2","","101.93","","","","","","Mostly Cloudy"
"-123.18","49.19","VANCOUVER INTL A","1108395","2018-12-09 05:00","2018","12","09","05:00","5.3","","3.8","","89","","","","12","","15","","32.2","","101.81","","","","","","NA"
"-123.18","49.19","VANCOUVER INTL A","1108395","2018-12-09 06:00","2018","12","09","06:00","5.2","","3.5","","89","","","","15","","9","","24.1","","101.80","","","","","","Rain"
"-123.18","49.19","VANCOUVER INTL A","1108395","2018-12-09 07:00","2018","12","09","07:00","5.7","","3.5","","86","","","","13","","11","","24.1","","101.81","","","","","","Rain"
"-123.18","49.19","VANCOUVER INTL A","1108395","2018-12-09 08:00","2018","12","09","08:00","5.2","","3.4","","88","","","","7","","16","","19.3","","101.85","","","","","","Rain"
"-123.18","49.19","VANCOUVER INTL A","1108395","2018-12-09 09:00","2018","12","09","09:00","5.4","","3.6","","88","","","","8","","19","","24.1","","101.81","","","","","","Rain"
"-123.18","49.19","VANCOUVER INTL A","1108395","2018-12-09 10:00","2018","12","09","10:00","5.2","","4.0","","92","","","","8","","14","","24.1","","101.90","","","","","","Rain"
"-123.18","49.19","VANCOUVER INTL A","1108395","2018-12-09 11:00","2018","12","09","11:00","5.4","","4.7","","95","","","","10","","15","","19.3","","101.86","","","","","","Rain"
"-123.18","49.19","VANCOUVER INTL A","1108395","2018-12-09 12:00","2018","12","09","12:00","5.7","","5.2","","97","","","","9","","15","","16.1","","101.85","","","","","","Moderate Rain"
"-123.18","49.19","VANCOUVER INTL A","1108395","2018-12-09 13:00","2018","12","09","13:00","5.8","","5.4","","97","","","","9","","19","","12.9","","101.81","","","","","","Rain"
"-123.18","49.19","VANCOUVER INTL A","1108395","2018-12-09 14:00","2018","12","09","14:00","6.6","","6.1","","97","","","","9","","22","","12.9","","101.74","","","","","","Rain"
"-123.18","49.19","VANCOUVER INTL A","1108395","2018-12-09 15:00","2018","12","09","15:00","6.7","","6.1","","96","","","","10","","27","","12.9","","101.75","","","","","","Moderate Rain"
"-123.18","49.19","VANCOUVER INTL A","1108395","2018-12-09 16:00","2018","12","09","16:00","6.8","","6.3","","97","","","","10","","18","","9.7","","101.76","","","","","","Rain,Fog"
"-123.18","49.19","VANCOUVER INTL A","1108395","2018-12-09 17:00","2018","12","09","17:00","6.8","","6.4","","97","","","","9","","14","","12.9","","101.74","","","","","","Rain"
"-123.18","49.19","VANCOUVER INTL A","1108395","2018-12-09 18:00","2018","12","09","18:00","6.7","","6.3","","97","","","","10","","10","","12.9","","101.75","","","","","","Rain"
"-123.18","49.19","VANCOUVER INTL A","1108395","2018-12-09 19:00","2018","12","09","19:00","6.9","","6.4","","97","","","","6","","17","","19.3","","101.77","","","","","","Rain"
"-123.18","49.19","VANCOUVER INTL A","1108395","2018-12-09 20:00","2018","12","09","20:00","6.9","","6.2","","95","","","","8","","15","","19.3","","101.79","","","","","","Rain"
"-123.18","49.19","VANCOUVER INTL A","1108395","2018-12-09 21:00","2018","12","09","21:00","6.9","","6.2","","96","","","","9","","17","","24.1","","101.83","","","","","","NA"
"-123.18","49.19","VANCOUVER INTL A","1108395","2018-12-09 22:00","2018","12","09","22:00","6.9","","6.3","","96","","","","9","","21","","24.1","","101.85","","","","","","Cloudy"
"-123.18","49.19","VANCOUVER INTL A","1108395","2018-12-09 23:00","2018","12","09","23:00","6.8","","6.3","","96","","","","10","","17","","24.1","","101.88","","","","","","NA"
"-123.18","49.19","VANCOUVER INTL A","1108395","2018-12-10 00:00","2018","12","10","00:00","7.1","","6.4","","96","","","","12","","12","","24.1","","101.91","","","","","","NA"
"-123.18","49.19","VANCOUVER INTL A","1108395","2018-12-10 01:00","2018","12","10","01:00","7.2","","6.4","","94","","","","12","","10","","24.1","","101.93","","","","","","Cloudy"
"-123.18","49.19","VANCOUVER INTL A","1108395","2018-12-10 02:00","2018","12","10","02:00","7.2","","6.3","","94","","","","12","","14","","24.1","","101.96","","","","","","NA"
"-123.18","49.19","VANCOUVER INTL A","1108395","2018-12-10 03:00","2018","12","10","03:00","7.0","","6.3","","96","","","","13","","14","","19.3","","101.99","","","","","","Rain"
"-123.18","49.19","VANCOUVER INTL A","1108395","2018-12-10 04:00","2018","12","10","04:00","6.8","","6.4","","97","","","","7","","9","","19.3","","102.02","","","","","","Rain"
"-123.18","49.19","VANCOUVER INTL A","1108395","2018-12-10 05:00","2018","12","10","05:00","6.3","","5.8","","97","","","","9","","12","","24.1","","102.03","","","","","","NA"
"-123.18","49.19","VANCOUVER INTL A","1108395","2018-12-10 06:00","2018","12","10","06:00","5.8","","5.6","","98","","","","9","","10","","24.1","","102.05","","","","","","NA"
"-123.18","49.19","VANCOUVER INTL A","1108395","2018-12-10 07:00","2018","12","10","07:00","6.2","","5.8","","97","","","","9","","14","","24.1","","102.08","","","","","","Cloudy"
"-123.18","49.19","VANCOUVER INTL A","1108395","2018-12-10 08:00","2018","12","10","08:00","6.1","","5.8","","98","","","","9","","13","","24.1","","102.16","","","","","","Rain"
"-123.18","49.19","VANCOUVER INTL A","1108395","2018-12-10 09:00","2018","12","10","09:00","6.7","","5.7","","93","","","","9","","5","","24.1","","102.21","","","","","","NA"
"-123.18","49.19","VANCOUVER INTL A","1108395","2018-12-10 10:00","2018","12","10","10:00","8.1","","6.3","","88","","","","36","","2","","24.1","","102.25","","","","","","Mainly Clear"
"-123.18","49.19","VANCOUVER INTL A","1108395","2018-12-10 11:00","2018","12","10","11:00","8.8","","5.8","","81","","","","16","","13","","24.1","","102.27","","","","","","NA"
"-123.18","49.19","VANCOUVER INTL A","1108395","2018-12-10 12:00","2018","12","10","12:00","9.0","","5.7","","79","","","","18","","10","","32.2","","102.27","","","","","","NA"
"-123.18","49.19","VANCOUVER INTL A","1108395","2018-12-10 13:00","2018","12","10","13:00","9.3","","5.5","","77","","","","16","","10","","48.3","","102.23","","","","","","Mostly Cloudy"
"-123.18","49.19","VANCOUVER INTL A","1108395","2018-12-10 14:00","2018","12","10","14:00","9.0","","5.4","","78","","","","16","","14","","48.3","","102.22","","","","","","NA"
"-123.18","49.19","VANCOUVER INTL A","1108395","2018-12-10 15:00","2018","12","10","15:00","8.3","","5.7","","83","","","","16","","8","","48.3","","102.23","","","","","","NA"
"-123.18","49.19","VANCOUVER INTL A","1108395","2018-12-10 16:00","2018","12","10","16:00","7.8","","5.9","","87","","","","13","","12","","32.2","","102.21","","","","","","Cloudy"
"-123.18","49.19","VANCOUVER INTL A","1108395","2018-12-10 17:00","2018","12","10","17:00","7.2","","5.8","","91","","","","12","","14","","24.1","","102.22","","","","","","NA"
"-123.18","49.19","VANCOUVER INTL A","1108395","2018-12-10 18:00","2018","12","10","18:00","6.5","","5.6","","94","","","","9","","13","","24.1","","102.18","","","","","","NA"
"-123.18","49.19","VANCOUVER INTL A","1108395","2018-12-10 19:00","2018","12","10","19:00","6.6","","5.9","","95","","","","10","","16","","24.1","","102.16","","","","","","Mostly Cloudy"
"-123.18","49.19","VANCOUVER INTL A","1108395","2018-12-10 20:00","2018","12","10","20:00","6.2","","5.2","","93","","","","9","","16","","24.1","","102.10","","","","","","NA"
"-123.18","49.19","VANCOUVER INTL A","1108395","2018-12-10 21:00","2018","12","10","21:00","6.4","","5.3","","92","","","","10","","16","","24.1","","102.04","","","","","","NA"
"-123.18","49.19","VANCOUVER INTL A","1108395","2018-12-10 22:00","2018","12","10","22:00","6.5","","5.3","","92","","","","9","","16","","24.1","","102.00","","","","","","Rain"
"-123.18","49.19","VANCOUVER INTL A","1108395","2018-12-10 23:00","2018","12","10","23:00","6.4","","5.2","","92","","","","7","","22","","19.3","","101.91","","","","","","Rain"
"-123.18","49.19","VANCOUVER INTL A","1108395","2018-12-11 00:00","2018","12","11","00:00","6.4","","5.2","","92","","","","8","","19","","19.3","","101.78","","","","","","Rain"
"-123.18","49.19","VANCOUVER INTL A","1108395","2018-12-11 01:00","2018","12","11","01:00","6.4","","5.2","","92","","","","8","","25","","24.1","","101.66","","","","","","Rain"
"-123.18","49.19","VANCOUVER INTL A","1108395","2018-12-11 02:00","2018","12","11","02:00","6.5","","5.2","","91","","","","8","","26","","24.1","","101.54","","","","","","Rain"
"-123.18","49.19","VANCOUVER INTL A","1108395","2018-12-11 03:00","2018","12","11","03:00","6.5","","5.4","","92","","","","9","","23","","12.9","","101.45","","","","","","Rain"
"-123.18","49.19","VANCOUVER INTL A","1108395","2018-12-11 04:00","2018","12","11","04:00","6.3","","5.5","","94","","","","8","","24","","12.9","","101.30","","","","","","Rain"
"-123.18","49.19","VANCOUVER INTL A","1108395","2018-12-11 05:00","2018","12","11","05:00","7.1","","5.6","","90","","","","11","","37","","9.7","","101.17","","","","","","Rain,Fog"
"-123.18","49.19","VANCOUVER INTL A","1108395","2018-12-11 06:00","2018","12","11","06:00","6.7","","5.6","","93","","","","11","","29","","11.3","","101.08","","","","","","Moderate Rain"
"-123.18","49.19","VANCOUVER INTL A","1108395","2018-12-11 07:00","2018","12","11","07:00","6.0","","5.3","","95","","","","9","","23","","16.1","","100.97","","","","","","Rain"
"-123.18","49.19","VANCOUVER INTL A","1108395","2018-12-11 08:00","2018","12","11","08:00","5.9","","5.3","","95","","","","9","","25","","12.9","","100.79","","","","","","Rain"
"-123.18","49.19","VANCOUVER INTL A","1108395","2018-12-11 09:00","2018","12","11","09:00","6.1","","5.4","","95","","","","9","","28","","8.1","","100.68","","","","","","Heavy Rain,Fog"
"-123.18","49.19","VANCOUVER INTL A","1108395","2018-12-11 10:00","2018","12","11","10:00","6.2","","5.8","","97","","","","9","","26","","9.7","","100.57","","","","","","Heavy Rain,Fog"
"-123.18","49.19","VANCOUVER INTL A","1108395","2018-12-11 11:00","2018","12","11","11:00","6.5","","6.0","","97","","","","9","","28","","9.7","","100.32","","","","","","Heavy Rain,Fog"
"-123.18","49.19","VANCOUVER INTL A","1108395","2018-12-11 12:00","2018","12","11","12:00","7.5","","7.0","","96","","","","9","","23","","12.9","","100.11","","","","","","Moderate Rain"
"-123.18","49.19","VANCOUVER INTL A","1108395","2018-12-11 13:00","2018","12","11","13:00","8.2","","7.4","","95","","","","14","","30","","12.9","","99.97","","","","","","Rain"
"-123.18","49.19","VANCOUVER INTL A","1108395","2018-12-11 14:00","2018","12","11","14:00","8.4","","7.7","","95","","","","11","","22","","24.1","","99.89","","","","","","NA"
"-123.18","49.19","VANCOUVER INTL A","1108395","2018-12-11 15:00","2018","12","11","15:00","10.0","","7.9","","87","","","","36","","2","","24.1","","99.88","","","","","","NA"
"-123.18","49.19","VANCOUVER INTL A","1108395","2018-12-11 16:00","2018","12","11","16:00","7.0","","6.0","","93","","","","3","","8","","24.1","","99.95","","","","","","Mostly Cloudy"
"-123.18","49.19","VANCOUVER INTL A","1108395","2018-12-11 17:00","2018","12","11","17:00","6.3","","5.8","","96","","","","10","","6","","24.1","","100.06","","","","","","NA"
"-123.18","49.19","VANCOUVER INTL A","1108395","2018-12-11 18:00","2018","12","11","18:00","6.4","","5.9","","97","","","","27","","7","","24.1","","100.10","","","","","","Rain"
"-123.18","49.19","VANCOUVER INTL A","1108395","2018-12-11 19:00","2018","12","11","19:00","7.5","","5.5","","87","","","","27","","25","","32.2","","100.22","","","","","","Mostly Cloudy"
"-123.18","49.19","VANCOUVER INTL A","1108395","2018-12-11 20:00","2018","12","11","20:00","7.2","","5.3","","88","","","","27","","28","","24.1","","100.31","","","","","","NA"
"-123.18","49.19","VANCOUVER INTL A","1108395","2018-12-11 21:00","2018","12","11","21:00","6.9","","6.0","","94","","","","28","","24","","32.2","","100.48","","","","","","NA"
"-123.18","49.19","VANCOUVER INTL A","1108395","2018-12-11 22:00","2018","12","11","22:00","6.7","","5.0","","89","","","","27","","22","","32.2","","100.65","","","","","","Mostly Cloudy"
"-123.18","49.19","VANCOUVER INTL A","1108395","2018-12-11 23:00","2018","12","11","23:00","6.1","","4.6","","90","","","","27","","15","","32.2","","100.79","","","","","","NA"
"-123.18","49.19","VANCOUVER INTL A","1108395","2018-12-12 00:00","2018","12","12","00:00","5.7","","4.8","","94","","","","28","","18","","32.2","","100.91","","","","","","NA"
"-123.18","49.19","VANCOUVER INTL A","1108395","2018-12-12 01:00","2018","12","12","01:00","5.6","","4.2","","90","","","","27","","16","","32.2","","101.08","","","","","","Mainly Clear"
"-123.18","49.19","VANCOUVER INTL A","1108395","2018-12-12 02:00","2018","12","12","02:00","5.2","","4.0","","92","","","","28","","17","","32.2","","101.25","","","","","","NA"
"-123.18","49.19","VANCOUVER INTL A","1108395","2018-12-12 03:00","2018","12","12","03:00","4.7","","3.6","","92","","","","27","","17","","32.2","","101.38","","","","","","NA"
"-123.18","49.19","VANCOUVER INTL A","1108395","2018-12-12 04:00","2018","12","12","04:00","5.4","","3.3","","86","","","","28","","22","","32.2","","101.54","","","","","","Mainly Clear"
"-123.18","49.19","VANCOUVER INTL A","1108395","2018-12-12 05:00","2018","12","12","05:00","4.8","","3.3","","90","","","","27","","19","","32.2","","101.66","","","","","","NA"
"-123.18","49.19","VANCOUVER INTL A","1108395","2018-12-12 06:00","2018","12","12","06:00","4.8","","3.3","","90","","","","27","","17","","32.2","","101.80","","","","","","NA"
"-123.18","49.19","VANCOUVER INTL A","1108395","2018-12-12 07:00","2018","12","12","07:00","3.5","","2.4","","93","","","","27","","16","","32.2","","101.89","","","","","","Mainly Clear"
"-123.18","49.19","VANCOUVER INTL A","1108395","2018-12-12 08:00","2018","12","12","08:00","4.1","","3.4","","95","","","","19","","13","","48.3","","101.99","","","","","","NA"
"-123.18","49.19","VANCOUVER INTL A","1108395","2018-12-12 09:00","2018","12","12","09:00","5.0","","4.0","","93","","","","14","","13","","48.3","","102.09","","","","","","NA"
"-123.18","49.19","VANCOUVER INTL A","1108395","2018-12-12 10:00","2018","12","12","10:00","5.8","","3.9","","88","","","","7","","16","","48.3","","102.18","","","","","","Cloudy"
"-123.18","49.19","VANCOUVER INTL A","1108395","2018-12-12 11:00","2018","12","12","11:00","6.0","","4.0","","87","","","","9","","15","","48.3","","102.16","","","","","","NA"
"-123.18","49.19","VANCOUVER INTL A","1108395","2018-12-12 12:00","2018","12","12","12:00","6.6","","4.4","","86","","","","8","","19","","24.1","","102.14","","","","","","NA"
"-123.18","49.19","VANCOUVER INTL A","1108395","2018-12-12 13:00","2018","12","12","13:00","7.7","","4.6","","81","","","","16","","12","","24.1","","102.10","","","","","","Cloudy"
"-123.18","49.19","VANCOUVER INTL A","1108395","2018-12-12 14:00","2018","12","12","14:00","7.3","","4.2","","81","","","","14","","20","","24.1","","102.07","","","","","","NA"
"-123.18","49.19","VANCOUVER INTL A","1108395","2018-12-12 15:00","2018","12","12","15:00","7.0","","4.7","","85","","","","13","","19","","24.1","","101.99","","","","","","NA"
"-123.18","49.19","VANCOUVER INTL A","1108395","2018-12-12 16:00","2018","12","12","16:00","6.9","","4.7","","86","","","","10","","19","","24.1","","101.96","","","","","","Cloudy"
"-123.18","49.19","VANCOUVER INTL A","1108395","2018-12-12 17:00","2018","12","12","17:00","6.7","","4.9","","88","","","","9","","22","","24.1","","101.89","","","","","","NA"
"-123.18","49.19","VANCOUVER INTL A","1108395","2018-12-12 18:00","2018","12","12","18:00","7.2","","5.1","","86","","","","12","","21","","24.1","","101.83","","","","","","Rain"
"-123.18","49.19","VANCOUVER INTL A","1108395","2018-12-12 19:00","2018","12","12","19:00","7.2","","5.3","","88","","","","11","","19","","19.3","","101.79","","","","","","Rain"
"-123.18","49.19","VANCOUVER INTL A","1108395","2018-12-12 20:00","2018","12","12","20:00","7.4","","5.8","","90","","","","12","","26","","12.9","","101.69","","","","","","Rain"
"-123.18","49.19","VANCOUVER INTL A","1108395","2018-12-12 21:00","2018","12","12","21:00","7.5","","6.3","","92","","","","12","","22","","12.9","","101.58","","","","","","Rain"
"-123.18","49.19","VANCOUVER INTL A","1108395","2018-12-12 22:00","2018","12","12","22:00","7.5","","6.3","","92","","","","12","","30","","12.9","","101.52","","","","","","Rain"
"-123.18","49.19","VANCOUVER INTL A","1108395","2018-12-12 23:00","2018","12","12","23:00","7.3","","6.2","","92","","","","11","","23","","12.9","","101.44","","","","","","Rain"
"-123.18","49.19","VANCOUVER INTL A","1108395","2018-12-13 00:00","2018","12","13","00:00","7.4","","5.9","","90","","","","12","","16","","12.9","","101.38","","","","","","Rain"
"-123.18","49.19","VANCOUVER INTL A","1108395","2018-12-13 01:00","2018","12","13","01:00","7.5","","6.2","","92","","","","12","","28","","8.1","","101.36","","","","","","Moderate Rain,Fog"
"-123.18","49.19","VANCOUVER INTL A","1108395","2018-12-13 02:00","2018","12","13","02:00","7.0","","6.0","","93","","","","12","","26","","6.4","","101.38","","","","","","Moderate Rain,Fog"
"-123.18","49.19","VANCOUVER INTL A","1108395","2018-12-13 03:00","2018","12","13","03:00","7.0","","6.3","","95","","","","11","","24","","11.3","","101.35","","","","","","Moderate Rain"
"-123.18","49.19","VANCOUVER INTL A","1108395","2018-12-13 04:00","2018","12","13","04:00","7.1","","6.5","","96","","","","11","","26","","11.3","","101.31","","","","","","Moderate Rain"
"-123.18","49.19","VANCOUVER INTL A","1108395","2018-12-13 05:00","2018","12","13","05:00","7.2","","6.5","","96","","","","12","","27","","8.1","","101.35","","","","","","Moderate Rain,Fog"
"-123.18","49.19","VANCOUVER INTL A","1108395","2018-12-13 06:00","2018","12","13","06:00","6.2","","5.7","","96","","","","7","","27","","8.1","","101.39","","","","","","Moderate Rain,Fog"
"-123.18","49.19","VANCOUVER INTL A","1108395","2018-12-13 07:00","2018","12","13","07:00","6.3","","5.8","","96","","","","7","","23","","8.1","","101.42","","","","","","Heavy Rain,Fog"
"-123.18","49.19","VANCOUVER INTL A","1108395","2018-12-13 08:00","2018","12","13","08:00","6.5","","5.8","","96","","","","8","","28","","8.1","","101.43","","","","","","Moderate Rain,Fog"
"-123.18","49.19","VANCOUVER INTL A","1108395","2018-12-13 09:00","2018","12","13","09:00","6.2","","5.6","","96","","","","8","","22","","12.9","","101.51","","","","","","Moderate Rain"
"-123.18","49.19","VANCOUVER INTL A","1108395","2018-12-13 10:00","2018","12","13","10:00","6.3","","5.8","","97","","","","7","","20","","9.7","","101.51","","","","","","Moderate Rain,Fog"
"-123.18","49.19","VANCOUVER INTL A","1108395","2018-12-13 11:00","2018","12","13","11:00","6.6","","6.1","","97","","","","8","","25","","4.8","","101.44","","","","","","Moderate Rain,Fog"
"-123.18","49.19","VANCOUVER INTL A","1108395","2018-12-13 12:00","2018","12","13","12:00","6.8","","6.3","","97","","","","9","","23","","4.8","","101.40","","","","","","Moderate Rain,Fog"
"-123.18","49.19","VANCOUVER INTL A","1108395","2018-12-13 13:00","2018","12","13","13:00","6.8","","6.4","","98","","","","8","","22","","3.2","","101.37","","","","","","Moderate Rain,Fog"
"-123.18","49.19","VANCOUVER INTL A","1108395","2018-12-13 14:00","2018","12","13","14:00","7.3","","6.8","","97","","","","9","","27","","9.7","","101.32","","","","","","Rain,Fog"
"-123.18","49.19","VANCOUVER INTL A","1108395","2018-12-13 15:00","2018","12","13","15:00","7.4","","6.8","","96","","","","9","","28","","4.0","","101.27","","","","","","Rain,Fog"
"-123.18","49.19","VANCOUVER INTL A","1108395","2018-12-13 16:00","2018","12","13","16:00","7.7","","6.8","","94","","","","9","","28","","12.9","","101.23","","","","","","Rain"
"-123.18","49.19","VANCOUVER INTL A","1108395","2018-12-13 17:00","2018","12","13","17:00","7.6","","6.8","","94","","","","10","","26","","16.1","","101.20","","","","","","NA"
"-123.18","49.19","VANCOUVER INTL A","1108395","2018-12-13 18:00","2018","12","13","18:00","8.0","","6.9","","93","","","","10","","26","","12.9","","101.17","","","","","","Rain"
"-123.18","49.19","VANCOUVER INTL A","1108395","2018-12-13 19:00","2018","12","13","19:00","7.6","","6.9","","95","","","","9","","21","","12.9","","101.14","","","","","","Rain"
"-123.18","49.19","VANCOUVER INTL A","1108395","2018-12-13 20:00","2018","12","13","20:00","7.7","","7.0","","95","","","","9","","23","","9.7","","101.09","","","","","","Rain,Fog"
"-123.18","49.19","VANCOUVER INTL A","1108395","2018-12-13 21:00","2018","12","13","21:00","7.9","","6.8","","93","","","","9","","18","","12.9","","101.02","","","","","","Rain"
"-123.18","49.19","VANCOUVER INTL A","1108395","2018-12-13 22:00","2018","12","13","22:00","8.4","","7.0","","91","","","","7","","24","","16.1","","100.94","","","","","","Rain"
"-123.18","49.19","VANCOUVER INTL A","1108395","2018-12-13 23:00","2018","12","13","23:00","8.5","","6.1","","85","","","","9","","28","","19.3","","100.85","","","","","","Rain"
"-123.18","49.19","VANCOUVER INTL A","1108395","2018-12-14 00:00","2018","12","14","00:00","9.1","","5.4","","77","","","","10","","26","","24.1","","100.75","","","","","","NA"
"-123.18","49.19","VANCOUVER INTL A","1108395","2018-12-14 01:00","2018","12","14","01:00","9.1","","4.7","","73","","","","10","","27","","32.2","","100.72","","","","","","Cloudy"
"-123.18","49.19","VANCOUVER INTL A","1108395","2018-12-14 02:00","2018","12","14","02:00","8.4","","4.5","","76","","","","8","","15","","32.2","","100.60","","","","","","NA"
"-123.18","49.19","VANCOUVER INTL A","1108395","2018-12-14 03:00","2018","12","14","03:00","8.1","","4.9","","80","","","","9","","31","","19.3","","100.58","","","","","","Rain"
"-123.18","49.19","VANCOUVER INTL A","1108395","2018-12-14 04:00","2018","12","14","04:00","8.8","","4.3","","73","","","","6","","33","","24.1","","100.46","","","","","","Cloudy"
"-123.18","49.19","VANCOUVER INTL A","1108395","2018-12-14 05:00","2018","12","14","05:00","8.4","","4.3","","76","","","","8","","23","","24.1","","100.37","","","","","","NA"
"-123.18","49.19","VANCOUVER INTL A","1108395","2018-12-14 06:00","2018","12","14","06:00","8.4","","3.7","","72","","","","8","","24","","32.2","","100.22","","","","","","NA"
"-123.18","49.19","VANCOUVER INTL A","1108395","2018-12-14 07:00","2018","12","14","07:00","9.7","","2.0","","59","","","","9","","31","","32.2","","100.03","","","","","","Cloudy"
"-123.18","49.19","VANCOUVER INTL A","1108395","2018-12-14 08:00","2018","12","14","08:00","10.4","","0.8","","51","","","","8","","36","","48.3","","99.89","","","","","","NA"
"-123.18","49.19","VANCOUVER INTL A","1108395","2018-12-14 09:00","2018","12","14","09:00","9.8","","1.8","","57","","","","9","","31","","48.3","","99.89","","","","","","NA"
"-123.18","49.19","VANCOUVER INTL A","1108395","2018-12-14 10:00","2018","12","14","10:00","9.8","","2.1","","59","","","","10","","30","","48.3","","99.83","","","","","","Cloudy"
"-123.18","49.19","VANCOUVER INTL A","1108395","2018-12-14 11:00","2018","12","14","11:00","9.2","","2.6","","64","","","","9","","18","","48.3","","99.76","","","","","","NA"
"-123.18","49.19","VANCOUVER INTL A","1108395","2018-12-14 12:00","2018","12","14","12:00","9.7","","2.3","","60","","","","7","","22","","48.3","","99.62","","","","","","NA"
"-123.18","49.19","VANCOUVER INTL A","1108395","2018-12-14 13:00","2018","12","14","13:00","10.7","","2.2","","55","","","","12","","21","","48.3","","99.46","","","","","","Cloudy"
"-123.18","49.19","VANCOUVER INTL A","1108395","2018-12-14 14:00","2018","12","14","14:00","11.7","","1.8","","50","","","","11","","10","","48.3","","99.40","","","","","","NA"
"-123.18","49.19","VANCOUVER INTL A","1108395","2018-12-14 15:00","2018","12","14","15:00","10.7","","2.2","","56","","","","11","","13","","48.3","","99.38","","","","","","NA"
"-123.18","49.19","VANCOUVER INTL A","1108395","2018-12-14 16:00","2018","12","14","16:00","9.9","","2.8","","61","","","","8","","10","","48.3","","99.42","","","","","","Cloudy"
"-123.18","49.19","VANCOUVER INTL A","1108395","2018-12-14 17:00","2018","12","14","17:00","9.9","","2.8","","61","","","","6","","16","","48.3","","99.44","","","","","","NA"
"-123.18","49.19","VANCOUVER INTL A","1108395","2018-12-14 18:00","2018","12","14","18:00","11.0","","2.9","","57","","","","14","","19","","32.2","","99.53","","","","","","NA"
"-123.18","49.19","VANCOUVER INTL A","1108395","2018-12-14 19:00","2018","12","14","19:00","9.1","","6.6","","84","","","","16","","18","","24.1","","99.72","","","","","","Rain"
"-123.18","49.19","VANCOUVER INTL A","1108395","2018-12-14 20:00","2018","12","14","20:00","8.2","","5.3","","82","","","","23","","34","","32.2","","99.92","","","","","","NA"
"-123.18","49.19","VANCOUVER INTL A","1108395","2018-12-14 21:00","2018","12","14","21:00","6.3","","3.6","","83","","","","28","","36","","32.2","","100.27","","","","","","NA"
"-123.18","49.19","VANCOUVER INTL A","1108395","2018-12-14 22:00","2018","12","14","22:00","5.8","","3.5","","85","","","","28","","22","","32.2","","100.61","","","","","","Mostly Cloudy"
"-123.18","49.19","VANCOUVER INTL A","1108395","2018-12-14 23:00","2018","12","14","23:00","4.1","","2.3","","88","","","","29","","16","","32.2","","100.89","","","","","","NA"
"-123.18","49.19","VANCOUVER INTL A","1108395","2018-12-15 00:00","2018","12","15","00:00","4.7","","2.5","","85","","","","28","","8","","32.2","","101.10","","","","","","NA"
"-123.18","49.19","VANCOUVER INTL A","1108395","2018-12-15 01:00","2018","12","15","01:00","3.1","","1.3","","87","","","","9","","9","","32.2","","101.21","","","","","","Mostly Cloudy"
"-123.18","49.19","VANCOUVER INTL A","1108395","2018-12-15 02:00","2018","12","15","02:00","3.4","","2.1","","91","","","","7","","5","","32.2","","101.35","","","","","","NA"
"-123.18","49.19","VANCOUVER INTL A","1108395","2018-12-15 03:00","2018","12","15","03:00","4.3","","1.6","","82","","","","9","","7","","32.2","","101.42","","","","","","NA"
"-123.18","49.19","VANCOUVER INTL A","1108395","2018-12-15 04:00","2018","12","15","04:00","3.7","","1.5","","86","","","","6","","10","","32.2","","101.51","","","","","","Mostly Cloudy"
"-123.18","49.19","VANCOUVER INTL A","1108395","2018-12-15 05:00","2018","12","15","05:00","4.0","","2.0","","87","","","","8","","10","","32.2","","101.57","","","","","","NA"
"-123.18","49.19","VANCOUVER INTL A","1108395","2018-12-15 06:00","2018","12","15","06:00","4.7","","2.8","","88","","","","9","","17","","32.2","","101.55","","","","","","Rain"
"-123.18","49.19","VANCOUVER INTL A","1108395","2018-12-15 07:00","2018","12","15","07:00","4.6","","2.7","","88","","","","7","","14","","24.1","","101.53","","","","","","Mostly Cloudy"
"-123.18","49.19","VANCOUVER INTL A","1108395","2018-12-15 08:00","2018","12","15","08:00","4.9","","3.2","","89","","","","7","","9","","48.3","","101.67","","","","","","NA"
"-123.18","49.19","VANCOUVER INTL A","1108395","2018-12-15 09:00","2018","12","15","09:00","5.5","","3.5","","87","","","","7","","21","","32.2","","101.67","","","","","","NA"
"-123.18","49.19","VANCOUVER INTL A","1108395","2018-12-15 10:00","2018","12","15","10:00","6.2","","3.4","","82","","","","8","","21","","48.3","","101.61","","","","","","Mostly Cloudy"
"-123.18","49.19","VANCOUVER INTL A","1108395","2018-12-15 11:00","2018","12","15","11:00","6.8","","3.6","","80","","","","9","","27","","48.3","","101.64","","","","","","NA"
"-123.18","49.19","VANCOUVER INTL A","1108395","2018-12-15 12:00","2018","12","15","12:00","7.4","","2.9","","73","","","","9","","23","","48.3","","101.56","","","","","","NA"
"-123.18","49.19","VANCOUVER INTL A","1108395","2018-12-15 13:00","2018","12","15","13:00","8.0","","2.1","","66","","","","8","","24","","48.3","","101.42","","","","","","Cloudy"
"-123.18","49.19","VANCOUVER INTL A","1108395","2018-12-15 14:00","2018","12","15","14:00","8.2","","1.7","","64","","","","8","","20","","48.3","","101.31","","","","","","NA"
"-123.18","49.19","VANCOUVER INTL A","1108395","2018-12-15 15:00","2018","12","15","15:00","7.8","","1.8","","66","","","","7","","18","","48.3","","101.27","","","","","","NA"
"-123.18","49.19","VANCOUVER INTL A","1108395","2018-12-15 16:00","2018","12","15","16:00","6.5","","2.9","","78","","","","9","","22","","48.3","","101.26","","","","","","Cloudy"
"-123.18","49.19","VANCOUVER INTL A","1108395","2018-12-15 17:00","2018","12","15","17:00","6.3","","2.4","","76","","","","10","","22","","32.2","","101.27","","","","","","NA"
"-123.18","49.19","VANCOUVER INTL A","1108395","2018-12-15 18:00","2018","12","15","18:00","6.4","","2.6","","76","","","","6","","20","","24.1","","101.18","","","","","","NA"
"-123.18","49.19","VANCOUVER INTL A","1108395","2018-12-15 19:00","2018","12","15","19:00","7.3","","1.7","","67","","","","8","","22","","32.2","","101.03","","","","","","Cloudy"
"-123.18","49.19","VANCOUVER INTL A","1108395","2018-12-15 20:00","2018","12","15","20:00","7.7","","1.1","","63","","","","8","","25","","32.2","","100.99","","","","","","NA"
"-123.18","49.19","VANCOUVER INTL A","1108395","2018-12-15 21:00","2018","12","15","21:00","7.7","","1.4","","64","","","","9","","29","","32.2","","101.02","","","","","","NA"
"-123.18","49.19","VANCOUVER INTL A","1108395","2018-12-15 22:00","2018","12","15","22:00","8.7","","0.8","","58","","","","10","","30","","32.2","","100.99","","","","","","Cloudy"
"-123.18","49.19","VANCOUVER INTL A","1108395","2018-12-15 23:00","2018","12","15","23:00","7.5","","2.5","","70","","","","8","","34","","24.1","","100.98","","","","","","Rain"
"-123.18","49.19","VANCOUVER INTL A","1108395","2018-12-16 00:00","2018","12","16","00:00","6.8","","3.6","","80","","","","6","","28","","32.2","","100.88","","","","","","Rain"
"-123.18","49.19","VANCOUVER INTL A","1108395","2018-12-16 01:00","2018","12","16","01:00","6.2","","3.8","","85","","","","6","","31","","24.1","","100.77","","","","","","Rain"
"-123.18","49.19","VANCOUVER INTL A","1108395","2018-12-16 02:00","2018","12","16","02:00","5.8","","4.3","","90","","","","9","","25","","24.1","","100.70","","","","","","Rain"
"-123.18","49.19","VANCOUVER INTL A","1108395","2018-12-16 03:00","2018","12","16","03:00","6.7","","4.7","","87","","","","9","","24","","24.1","","100.62","","","","","","Rain"
"-123.18","49.19","VANCOUVER INTL A","1108395","2018-12-16 04:00","2018","12","16","04:00","7.6","","5.3","","86","","","","8","","22","","24.1","","100.49","","","","","","Rain"
"-123.18","49.19","VANCOUVER INTL A","1108395","2018-12-16 05:00","2018","12","16","05:00","7.8","","5.6","","85","","","","7","","33","","24.1","","100.36","","","","","","Rain"
"-123.18","49.19","VANCOUVER INTL A","1108395","2018-12-16 06:00","2018","12","16","06:00","7.8","","5.9","","88","","","","9","","28","","24.1","","100.33","","","","","","Rain"
"-123.18","49.19","VANCOUVER INTL A","1108395","2018-12-16 07:00","2018","12","16","07:00","8.6","","6.0","","84","","","","8","","23","","24.1","","100.27","","","","","","Rain"
"-123.18","49.19","VANCOUVER INTL A","1108395","2018-12-16 08:00","2018","12","16","08:00","8.1","","6.2","","88","","","","9","","26","","32.2","","100.23","","","","","","Rain"
"-123.18","49.19","VANCOUVER INTL A","1108395","2018-12-16 09:00","2018","12","16","09:00","8.2","","6.2","","87","","","","10","","25","","48.3","","100.25","","","","","","NA"
"-123.18","49.19","VANCOUVER INTL A","1108395","2018-12-16 10:00","2018","12","16","10:00","8.8","","6.5","","86","","","","9","","26","","40.2","","100.26","","","","","","Rain"
"-123.18","49.19","VANCOUVER INTL A","1108395","2018-12-16 11:00","2018","12","16","11:00","9.7","","6.9","","82","","","","9","","19","","40.2","","100.26","","","","","","NA"
"-123.18","49.19","VANCOUVER INTL A","1108395","2018-12-16 12:00","2018","12","16","12:00","9.2","","7.4","","88","","","","8","","10","","24.1","","100.22","","","","","","Rain"
"-123.18","49.19","VANCOUVER INTL A","1108395","2018-12-16 13:00","2018","12","16","13:00","9.2","","7.7","","90","","","","9","","14","","19.3","","100.19","","","","","","Rain"
"-123.18","49.19","VANCOUVER INTL A","1108395","2018-12-16 14:00","2018","12","16","14:00","9.1","","7.4","","89","","","","9","","13","","19.3","","100.18","","","","","","Moderate Rain"
"-123.18","49.19","VANCOUVER INTL A","1108395","2018-12-16 15:00","2018","12","16","15:00","9.0","","8.1","","94","","","","8","","14","","24.1","","100.17","","","","","","Rain"
"-123.18","49.19","VANCOUVER INTL A","1108395","2018-12-16 16:00","2018","12","16","16:00","9.1","","8.3","","95","","","","9","","18","","48.3","","100.17","","","","","","Cloudy"
"-123.18","49.19","VANCOUVER INTL A","1108395","2018-12-16 17:00","2018","12","16","17:00","9.2","","8.3","","94","","","","11","","17","","32.2","","100.16","","","","","","NA"
"-123.18","49.19","VANCOUVER INTL A","1108395","2018-12-16 18:00","2018","12","16","18:00","8.9","","8.0","","94","","","","11","","22","","32.2","","100.22","","","","","","NA"
"-123.18","49.19","VANCOUVER INTL A","1108395","2018-12-16 19:00","2018","12","16","19:00","9.6","","8.6","","93","","","","14","","21","","16.1","","100.30","","","","","","Rain"
"-123.18","49.19","VANCOUVER INTL A","1108395","2018-12-16 20:00","2018","12","16","20:00","9.9","","8.9","","93","","","","17","","27","","19.3","","100.41","","","","","","Rain"
"-123.18","49.19","VANCOUVER INTL A","1108395","2018-12-16 21:00","2018","12","16","21:00","9.2","","8.2","","93","","","","17","","22","","16.1","","100.55","","","","","","Rain"
"-123.18","49.19","VANCOUVER INTL A","1108395","2018-12-16 22:00","2018","12","16","22:00","9.0","","7.2","","88","","","","17","","13","","24.1","","100.63","","","","","","Cloudy"
"-123.18","49.19","VANCOUVER INTL A","1108395","2018-12-16 23:00","2018","12","16","23:00","8.6","","6.4","","86","","","","14","","14","","24.1","","100.77","","","","","","NA"
"-123.18","49.19","VANCOUVER INTL A","1108395","2018-12-17 00:00","2018","12","17","00:00","8.4","","6.4","","87","","","","11","","16","","32.2","","100.88","","","","","","NA"
"-123.18","49.19","VANCOUVER INTL A","1108395","2018-12-17 01:00","2018","12","17","01:00","7.8","","6.6","","92","","","","10","","20","","32.2","","100.97","","","","","","Mostly Cloudy"
"-123.18","49.19","VANCOUVER INTL A","1108395","2018-12-17 02:00","2018","12","17","02:00","8.8","","7.6","","92","","","","13","","31","","24.1","","101.02","","","","","","Rain"
"-123.18","49.19","VANCOUVER INTL A","1108395","2018-12-17 03:00","2018","12","17","03:00","8.6","","7.6","","93","","","","14","","22","","19.3","","101.08","","","","","","Rain"
"-123.18","49.19","VANCOUVER INTL A","1108395","2018-12-17 04:00","2018","12","17","04:00","8.4","","7.7","","95","","","","12","","17","","24.1","","101.09","","","","","","Rain"
"-123.18","49.19","VANCOUVER INTL A","1108395","2018-12-17 05:00","2018","12","17","05:00","8.3","","7.7","","95","","","","11","","18","","24.1","","101.10","","","","","","Rain"
"-123.18","49.19","VANCOUVER INTL A","1108395","2018-12-17 06:00","2018","12","17","06:00","8.0","","7.3","","96","","","","11","","16","","32.2","","101.13","","","","","","NA"
"-123.18","49.19","VANCOUVER INTL A","1108395","2018-12-17 07:00","2018","12","17","07:00","8.3","","7.5","","94","","","","11","","17","","24.1","","101.10","","","","","","Cloudy"
"-123.18","49.19","VANCOUVER INTL A","1108395","2018-12-17 08:00","2018","12","17","08:00","8.4","","7.0","","91","","","","13","","16","","24.1","","101.10","","","","","","NA"
"-123.18","49.19","VANCOUVER INTL A","1108395","2018-12-17 09:00","2018","12","17","09:00","9.2","","6.9","","86","","","","12","","19","","24.1","","101.13","","","","","","NA"
"-123.18","49.19","VANCOUVER INTL A","1108395","2018-12-17 10:00","2018","12","17","10:00","9.3","","7.2","","87","","","","11","","16","","24.1","","101.14","","","","","","Cloudy"
"-123.18","49.19","VANCOUVER INTL A","1108395","2018-12-17 11:00","2018","12","17","11:00","9.4","","7.1","","85","","","","11","","16","","24.1","","101.08","","","","","","NA"
"-123.18","49.19","VANCOUVER INTL A","1108395","2018-12-17 12:00","2018","12","17","12:00","9.7","","7.2","","84","","","","12","","17","","24.1","","101.05","","","","","","NA"
"-123.18","49.19","VANCOUVER INTL A","1108395","2018-12-17 13:00","2018","12","17","13:00","9.4","","6.6","","82","","","","12","","28","","24.1","","100.92","","","","","","Cloudy"
"-123.18","49.19","VANCOUVER INTL A","1108395","2018-12-17 14:00","2018","12","17","14:00","9.5","","6.1","","79","","","","13","","34","","24.1","","100.82","","","","","","NA"
"-123.18","49.19","VANCOUVER INTL A","1108395","2018-12-17 15:00","2018","12","17","15:00","9.6","","5.7","","77","","","","12","","35","","24.1","","100.68","","","","","","NA"
"-123.18","49.19","VANCOUVER INTL A","1108395","2018-12-17 16:00","2018","12","17","16:00","9.7","","5.6","","76","","","","13","","39","","24.1","","100.60","","","","","","Cloudy"
"-123.18","49.19","VANCOUVER INTL A","1108395","2018-12-17 17:00","2018","12","17","17:00","8.9","","6.3","","84","","","","13","","40","","19.3","","100.48","","","","","","Rain"
"-123.18","49.19","VANCOUVER INTL A","1108395","2018-12-17 18:00","2018","12","17","18:00","8.5","","6.4","","86","","","","13","","39","","16.1","","100.38","","","","","","Rain"
"-123.18","49.19","VANCOUVER INTL A","1108395","2018-12-17 19:00","2018","12","17","19:00","8.4","","6.4","","87","","","","12","","42","","19.3","","100.22","","","","","","Rain"
"-123.18","49.19","VANCOUVER INTL A","1108395","2018-12-17 20:00","2018","12","17","20:00","8.1","","6.1","","87","","","","13","","47","","12.9","","100.17","","","","","","Heavy Rain"
"-123.18","49.19","VANCOUVER INTL A","1108395","2018-12-17 21:00","2018","12","17","21:00","7.9","","6.0","","88","","","","14","","34","","19.3","","100.18","","","","","","Rain"
"-123.18","49.19","VANCOUVER INTL A","1108395","2018-12-17 22:00","2018","12","17","22:00","7.8","","6.2","","89","","","","14","","27","","19.3","","100.23","","","","","","Rain"
"-123.18","49.19","VANCOUVER INTL A","1108395","2018-12-17 23:00","2018","12","17","23:00","7.9","","6.0","","88","","","","13","","28","","24.1","","100.19","","","","","","NA"
"-123.18","49.19","VANCOUVER INTL A","1108395","2018-12-18 00:00","2018","12","18","00:00","8.4","","6.1","","86","","","","13","","22","","24.1","","100.15","","","","","","NA"
"-123.18","49.19","VANCOUVER INTL A","1108395","2018-12-18 01:00","2018","12","18","01:00","8.4","","6.8","","89","","","","14","","28","","19.3","","100.10","","","","","","Rain"
"-123.18","49.19","VANCOUVER INTL A","1108395","2018-12-18 02:00","2018","12","18","02:00","8.2","","7.0","","92","","","","14","","30","","19.3","","100.02","","","","","","Rain"
"-123.18","49.19","VANCOUVER INTL A","1108395","2018-12-18 03:00","2018","12","18","03:00","8.1","","7.3","","95","","","","13","","23","","12.9","","99.99","","","","","","Moderate Rain"
"-123.18","49.19","VANCOUVER INTL A","1108395","2018-12-18 04:00","2018","12","18","04:00","8.2","","7.5","","95","","","","13","","21","","16.1","","99.89","","","","","","Rain"
"-123.18","49.19","VANCOUVER INTL A","1108395","2018-12-18 05:00","2018","12","18","05:00","8.5","","7.7","","95","","","","13","","22","","12.9","","99.82","","","","","","Rain"
"-123.18","49.19","VANCOUVER INTL A","1108395","2018-12-18 06:00","2018","12","18","06:00","8.4","","7.7","","95","","","","13","","18","","19.3","","99.77","","","","","","Rain"
"-123.18","49.19","VANCOUVER INTL A","1108395","2018-12-18 07:00","2018","12","18","07:00","8.6","","8.0","","96","","","","15","","21","","19.3","","99.80","","","","","","Rain"
"-123.18","49.19","VANCOUVER INTL A","1108395","2018-12-18 08:00","2018","12","18","08:00","8.4","","7.6","","94","","","","15","","19","","24.1","","99.85","","","","","","NA"
"-123.18","49.19","VANCOUVER INTL A","1108395","2018-12-18 09:00","2018","12","18","09:00","8.8","","7.1","","89","","","","15","","20","","24.1","","99.95","","","","","","NA"
"-123.18","49.19","VANCOUVER INTL A","1108395","2018-12-18 10:00","2018","12","18","10:00","9.1","","6.9","","86","","","","16","","14","","24.1","","100.07","","","","","","Mostly Cloudy"
"-123.18","49.19","VANCOUVER INTL A","1108395","2018-12-18 11:00","2018","12","18","11:00","9.2","","7.2","","87","","","","15","","17","","24.1","","100.20","","","","","","NA"
"-123.18","49.19","VANCOUVER INTL A","1108395","2018-12-18 12:00","2018","12","18","12:00","9.6","","7.4","","86","","","","16","","18","","24.1","","100.25","","","","","","NA"
"-123.18","49.19","VANCOUVER INTL A","1108395","2018-12-18 13:00","2018","12","18","13:00","9.7","","6.2","","79","","","","17","","23","","24.1","","100.33","","","","","","Mostly Cloudy"
"-123.18","49.19","VANCOUVER INTL A","1108395","2018-12-18 14:00","2018","12","18","14:00","9.1","","7.4","","89","","","","15","","19","","12.9","","100.43","","","","","","Rain"
"-123.18","49.19","VANCOUVER INTL A","1108395","2018-12-18 15:00","2018","12","18","15:00","9.5","","7.4","","87","","","","15","","21","","24.1","","100.50","","","","","","NA"
"-123.18","49.19","VANCOUVER INTL A","1108395","2018-12-18 16:00","2018","12","18","16:00","9.1","","6.7","","85","","","","15","","22","","24.1","","100.55","","","","","","Cloudy"
"-123.18","49.19","VANCOUVER INTL A","1108395","2018-12-18 17:00","2018","12","18","17:00","9.3","","6.0","","80","","","","16","","28","","24.1","","100.58","","","","","","NA"
"-123.18","49.19","VANCOUVER INTL A","1108395","2018-12-18 18:00","2018","12","18","18:00","8.8","","6.0","","82","","","","18","","23","","24.1","","100.73","","","","","","NA"
"-123.18","49.19","VANCOUVER INTL A","1108395","2018-12-18 19:00","2018","12","18","19:00","8.2","","7.0","","92","","","","18","","17","","12.9","","100.85","","","","","","Rain"
"-123.18","49.19","VANCOUVER INTL A","1108395","2018-12-18 20:00","2018","12","18","20:00","7.7","","6.1","","89","","","","20","","22","","24.1","","101.00","","","","","","NA"
"-123.18","49.19","VANCOUVER INTL A","1108395","2018-12-18 21:00","2018","12","18","21:00","7.2","","5.5","","89","","","","21","","15","","32.2","","101.17","","","","","","NA"
"-123.18","49.19","VANCOUVER INTL A","1108395","2018-12-18 22:00","2018","12","18","22:00","6.9","","5.1","","88","","","","18","","11","","32.2","","101.30","","","","","","Mostly Cloudy"
"-123.18","49.19","VANCOUVER INTL A","1108395","2018-12-18 23:00","2018","12","18","23:00","7.3","","5.4","","87","","","","8","","14","","32.2","","101.44","","","","","","NA"
"-123.18","49.19","VANCOUVER INTL A","1108395","2018-12-19 00:00","2018","12","19","00:00","7.1","","5.8","","92","","","","9","","14","","19.3","","101.53","","","","","","NA"
"-123.18","49.19","VANCOUVER INTL A","1108395","2018-12-19 01:00","2018","12","19","01:00","8.0","","5.4","","84","","","","16","","17","","19.3","","101.58","","","","","","Mostly Cloudy"
"-123.18","49.19","VANCOUVER INTL A","1108395","2018-12-19 02:00","2018","12","19","02:00","8.3","","5.8","","85","","","","17","","21","","19.3","","101.74","","","","","","Rain Showers"
"-123.18","49.19","VANCOUVER INTL A","1108395","2018-12-19 03:00","2018","12","19","03:00","8.0","","5.9","","86","","","","15","","16","","19.3","","101.79","","","","","","Rain Showers"
"-123.18","49.19","VANCOUVER INTL A","1108395","2018-12-19 04:00","2018","12","19","04:00","8.2","","5.7","","84","","","","16","","18","","19.3","","101.85","","","","","","Cloudy"
"-123.18","49.19","VANCOUVER INTL A","1108395","2018-12-19 05:00","2018","12","19","05:00","8.2","","5.7","","84","","","","16","","19","","19.3","","101.94","","","","","","NA"
"-123.18","49.19","VANCOUVER INTL A","1108395","2018-12-19 06:00","2018","12","19","06:00","8.6","","5.9","","83","","","","16","","13","","19.3","","101.98","","","","","","NA"
"-123.18","49.19","VANCOUVER INTL A","1108395","2018-12-19 07:00","2018","12","19","07:00","8.6","","5.4","","80","","","","16","","29","","24.1","","102.00","","","","","","Cloudy"
"-123.18","49.19","VANCOUVER INTL A","1108395","2018-12-19 08:00","2018","12","19","08:00","8.1","","5.9","","86","","","","16","","26","","24.1","","102.09","","","","","","NA"
"-123.18","49.19","VANCOUVER INTL A","1108395","2018-12-19 09:00","2018","12","19","09:00","8.1","","5.9","","86","","","","15","","29","","24.1","","102.16","","","","","","NA"
"-123.18","49.19","VANCOUVER INTL A","1108395","2018-12-19 10:00","2018","12","19","10:00","8.6","","5.6","","81","","","","17","","31","","24.1","","102.30","","","","","","Cloudy"
"-123.18","49.19","VANCOUVER INTL A","1108395","2018-12-19 11:00","2018","12","19","11:00","8.5","","6.1","","85","","","","15","","29","","24.1","","102.32","","","","","","NA"
"-123.18","49.19","VANCOUVER INTL A","1108395","2018-12-19 12:00","2018","12","19","12:00","8.9","","6.0","","82","","","","14","","19","","24.1","","102.31","","","","","","NA"
"-123.18","49.19","VANCOUVER INTL A","1108395","2018-12-19 13:00","2018","12","19","13:00","8.9","","6.1","","82","","","","13","","18","","24.1","","102.29","","","","","","Cloudy"
"-123.18","49.19","VANCOUVER INTL A","1108395","2018-12-19 14:00","2018","12","19","14:00","8.7","","6.7","","87","","","","13","","19","","24.1","","102.23","","","","","","NA"
"-123.18","49.19","VANCOUVER INTL A","1108395","2018-12-19 15:00","2018","12","19","15:00","8.4","","5.9","","84","","","","13","","18","","24.1","","102.20","","","","","","NA"
"-123.18","49.19","VANCOUVER INTL A","1108395","2018-12-19 16:00","2018","12","19","16:00","7.7","","5.9","","88","","","","10","","17","","24.1","","102.12","","","","","","Cloudy"
"-123.18","49.19","VANCOUVER INTL A","1108395","2018-12-19 17:00","2018","12","19","17:00","8.1","","5.6","","84","","","","8","","16","","24.1","","102.03","","","","","","NA"
"-123.18","49.19","VANCOUVER INTL A","1108395","2018-12-19 18:00","2018","12","19","18:00","8.0","","5.6","","85","","","","7","","18","","24.1","","101.95","","","","","","NA"
"-123.18","49.19","VANCOUVER INTL A","1108395","2018-12-19 19:00","2018","12","19","19:00","8.2","","5.4","","82","","","","7","","18","","32.2","","101.83","","","","","","Cloudy"
"-123.18","49.19","VANCOUVER INTL A","1108395","2018-12-19 20:00","2018","12","19","20:00","8.1","","5.0","","81","","","","7","","17","","32.2","","101.72","","","","","","NA"
"-123.18","49.19","VANCOUVER INTL A","1108395","2018-12-19 21:00","2018","12","19","21:00","8.1","","4.8","","80","","","","6","","17","","24.1","","101.63","","","","","","NA"
"-123.18","49.19","VANCOUVER INTL A","1108395","2018-12-19 22:00","2018","12","19","22:00","7.0","","5.2","","88","","","","10","","23","","32.2","","101.49","","","","","","Cloudy"
"-123.18","49.19","VANCOUVER INTL A","1108395","2018-12-19 23:00","2018","12","19","23:00","7.6","","4.3","","79","","","","8","","21","","32.2","","101.27","","","","","","NA"
"-123.18","49.19","VANCOUVER INTL A","1108395","2018-12-20 00:00","2018","12","20","00:00","7.2","","4.3","","82","","","","8","","23","","32.2","","101.15","","","","","","NA"
"-123.18","49.19","VANCOUVER INTL A","1108395","2018-12-20 01:00","2018","12","20","01:00","7.3","","4.1","","80","","","","10","","27","","32.2","","100.90","","","","","","Cloudy"
"-123.18","49.19","VANCOUVER INTL A","1108395","2018-12-20 02:00","2018","12","20","02:00","6.8","","4.9","","88","","","","11","","21","","24.1","","100.81","","","","","","Rain"
"-123.18","49.19","VANCOUVER INTL A","1108395","2018-12-20 03:00","2018","12","20","03:00","6.9","","5.3","","89","","","","7","","15","","24.1","","100.64","","","","","","Rain"
"-123.18","49.19","VANCOUVER INTL A","1108395","2018-12-20 04:00","2018","12","20","04:00","7.1","","5.8","","92","","","","8","","22","","19.3","","100.44","","","","","","Rain"
"-123.18","49.19","VANCOUVER INTL A","1108395","2018-12-20 05:00","2018","12","20","05:00","7.4","","6.5","","94","","","","9","","25","","19.3","","100.27","","","","","","Rain"
"-123.18","49.19","VANCOUVER INTL A","1108395","2018-12-20 06:00","2018","12","20","06:00","8.0","","7.2","","95","","","","8","","27","","16.1","","100.06","","","","","","Rain"
"-123.18","49.19","VANCOUVER INTL A","1108395","2018-12-20 07:00","2018","12","20","07:00","8.7","","7.8","","94","","","","9","","28","","16.1","","99.86","","","","","","Rain"
"-123.18","49.19","VANCOUVER INTL A","1108395","2018-12-20 08:00","2018","12","20","08:00","10.5","","8.9","","90","","","","12","","36","","19.3","","99.74","","","","","","Rain"
"-123.18","49.19","VANCOUVER INTL A","1108395","2018-12-20 09:00","2018","12","20","09:00","11.1","","8.9","","86","","","","14","","43","","24.1","","99.59","","","","","","NA"
"-123.18","49.19","VANCOUVER INTL A","1108395","2018-12-20 10:00","2018","12","20","10:00","11.7","","8.8","","82","","","","13","","43","","24.1","","99.41","","","","","","Cloudy"
"-123.18","49.19","VANCOUVER INTL A","1108395","2018-12-20 11:00","2018","12","20","11:00","12.2","","9.1","","81","","","","14","","43","","24.1","","99.43","","","","","","NA"
"-123.18","49.19","VANCOUVER INTL A","1108395","2018-12-20 12:00","2018","12","20","12:00","11.7","","7.1","","73","","","","21","","41","","24.1","","99.58","","","","","","NA"
"-123.18","49.19","VANCOUVER INTL A","1108395","2018-12-20 13:00","2018","12","20","13:00","10.6","","4.7","","67","","","","18","","52","","32.2","","99.66","","","","","","Mainly Clear"
"-123.18","49.19","VANCOUVER INTL A","1108395","2018-12-20 14:00","2018","12","20","14:00","9.3","","4.2","","70","","","","18","","62","","24.1","","99.72","","","","","","NA"
"-123.18","49.19","VANCOUVER INTL A","1108395","2018-12-20 15:00","2018","12","20","15:00","9.2","","4.3","","71","","","","18","","45","","24.1","","100.02","","","","","","NA"
"-123.18","49.19","VANCOUVER INTL A","1108395","2018-12-20 16:00","2018","12","20","16:00","8.9","","3.4","","68","","","","17","","38","","24.1","","100.15","","","","","","Cloudy"
"-123.18","49.19","VANCOUVER INTL A","1108395","2018-12-20 17:00","2018","12","20","17:00","8.4","","3.0","","69","","","","17","","37","","24.1","","100.32","","","","","","NA"
"-123.18","49.19","VANCOUVER INTL A","1108395","2018-12-20 18:00","2018","12","20","18:00","8.0","","3.3","","72","","","","18","","44","","24.1","","100.42","","","","","","NA"
"-123.18","49.19","VANCOUVER INTL A","1108395","2018-12-20 19:00","2018","12","20","19:00","6.9","","3.7","","80","","","","22","","36","","24.1","","100.61","","","","","","Rain"
"-123.18","49.19","VANCOUVER INTL A","1108395","2018-12-20 20:00","2018","12","20","20:00","4.8","","3.5","","92","","","","31","","21","","24.1","","100.82","","","","","","Rain"
"-123.18","49.19","VANCOUVER INTL A","1108395","2018-12-20 21:00","2018","12","20","21:00","4.3","","3.4","","94","","","","31","","10","","24.1","","100.94","","","","","","Rain"
"-123.18","49.19","VANCOUVER INTL A","1108395","2018-12-20 22:00","2018","12","20","22:00","4.6","","3.2","","91","","","","27","","14","","32.2","","101.02","","","","","","Mostly Cloudy"
"-123.18","49.19","VANCOUVER INTL A","1108395","2018-12-20 23:00","2018","12","20","23:00","4.4","","2.2","","86","","","","28","","21","","24.1","","101.15","","","","","","Rain"
"-123.18","49.19","VANCOUVER INTL A","1108395","2018-12-21 00:00","2018","12","21","00:00","5.1","","1.2","","76","","","","30","","22","","32.2","","101.25","","","","","","NA"
"-123.18","49.19","VANCOUVER INTL A","1108395","2018-12-21 01:00","2018","12","21","01:00","4.7","","0.8","","76","","","","29","","30","","32.2","","101.37","","","","","","Mainly Clear"
"-123.18","49.19","VANCOUVER INTL A","1108395","2018-12-21 02:00","2018","12","21","02:00","4.6","","-0.8","","68","","","","29","","30","","32.2","","101.54","","","","","","NA"
"-123.18","49.19","VANCOUVER INTL A","1108395","2018-12-21 03:00","2018","12","21","03:00","4.7","","-1.6","","64","","","","29","","39","","32.2","","101.65","","","","","","NA"
"-123.18","49.19","VANCOUVER INTL A","1108395","2018-12-21 04:00","2018","12","21","04:00","4.1","","-1.1","","69","","","","29","","26","","32.2","","101.76","","","","","","Mainly Clear"
"-123.18","49.19","VANCOUVER INTL A","1108395","2018-12-21 05:00","2018","12","21","05:00","4.4","","-1.3","","66","","","","29","","32","","32.2","","101.80","","","","","","NA"
"-123.18","49.19","VANCOUVER INTL A","1108395","2018-12-21 06:00","2018","12","21","06:00","4.2","","-0.9","","69","","","","30","","22","","32.2","","101.87","","","","","","NA"
"-123.18","49.19","VANCOUVER INTL A","1108395","2018-12-21 07:00","2018","12","21","07:00","3.5","","-0.7","","74","","","","28","","17","","32.2","","101.91","","","","","","Mainly Clear"
"-123.18","49.19","VANCOUVER INTL A","1108395","2018-12-21 08:00","2018","12","21","08:00","3.7","","-0.6","","74","","","","28","","21","","48.3","","101.95","","","","","","NA"
"-123.18","49.19","VANCOUVER INTL A","1108395","2018-12-21 09:00","2018","12","21","09:00","4.8","","-0.2","","70","","","","27","","27","","48.3","","102.07","","","","","","NA"
"-123.18","49.19","VANCOUVER INTL A","1108395","2018-12-21 10:00","2018","12","21","10:00","5.4","","0.1","","68","","","","26","","23","","48.3","","102.16","","","","","","Cloudy"
"-123.18","49.19","VANCOUVER INTL A","1108395","2018-12-21 11:00","2018","12","21","11:00","5.8","","0.9","","71","","","","25","","11","","48.3","","102.15","","","","","","NA"
"-123.18","49.19","VANCOUVER INTL A","1108395","2018-12-21 12:00","2018","12","21","12:00","6.4","","0.9","","68","","","","20","","10","","48.3","","102.18","","","","","","NA"
"-123.18","49.19","VANCOUVER INTL A","1108395","2018-12-21 13:00","2018","12","21","13:00","6.0","","0.0","","66","","","","24","","8","","48.3","","102.19","","","","","","Cloudy"
"-123.18","49.19","VANCOUVER INTL A","1108395","2018-12-21 14:00","2018","12","21","14:00","5.5","","1.6","","76","","","","33","","3","","48.3","","102.17","","","","","","NA"
"-123.18","49.19","VANCOUVER INTL A","1108395","2018-12-21 15:00","2018","12","21","15:00","5.3","","0.1","","69","","","","36","","2","","48.3","","102.21","","","","","","NA"
"-123.18","49.19","VANCOUVER INTL A","1108395","2018-12-21 16:00","2018","12","21","16:00","5.2","","0.2","","70","","","","8","","12","","48.3","","102.24","","","","","","Mostly Cloudy"
"-123.18","49.19","VANCOUVER INTL A","1108395","2018-12-21 17:00","2018","12","21","17:00","3.5","","-0.3","","76","","","","8","","10","","48.3","","102.28","","","","","","NA"
"-123.18","49.19","VANCOUVER INTL A","1108395","2018-12-21 18:00","2018","12","21","18:00","3.5","","0.0","","78","","","","7","","14","","32.2","","102.27","","","","","","NA"
"-123.18","49.19","VANCOUVER INTL A","1108395","2018-12-21 19:00","2018","12","21","19:00","3.7","","0.7","","81","","","","9","","16","","24.1","","102.29","","","","","","Mostly Cloudy"
"-123.18","49.19","VANCOUVER INTL A","1108395","2018-12-21 20:00","2018","12","21","20:00","3.0","","1.5","","89","","","","7","","16","","24.1","","102.30","","","","","","NA"
"-123.18","49.19","VANCOUVER INTL A","1108395","2018-12-21 21:00","2018","12","21","21:00","3.7","","1.8","","87","","","","7","","19","","24.1","","102.33","","","","","","NA"
"-123.18","49.19","VANCOUVER INTL A","1108395","2018-12-21 22:00","2018","12","21","22:00","3.7","","1.5","","86","","","","6","","18","","32.2","","102.30","","","","","","Mostly Cloudy"
"-123.18","49.19","VANCOUVER INTL A","1108395","2018-12-21 23:00","2018","12","21","23:00","3.7","","1.0","","83","","","","7","","14","","24.1","","102.31","","","","","","NA"
"-123.18","49.19","VANCOUVER INTL A","1108395","2018-12-22 00:00","2018","12","22","00:00","3.2","","1.3","","87","","","","8","","14","","32.2","","102.29","","","","","","NA"
"-123.18","49.19","VANCOUVER INTL A","1108395","2018-12-22 01:00","2018","12","22","01:00","3.2","","0.8","","84","","","","8","","16","","32.2","","102.31","","","","","","Cloudy"
"-123.18","49.19","VANCOUVER INTL A","1108395","2018-12-22 02:00","2018","12","22","02:00","3.8","","0.6","","80","","","","7","","16","","32.2","","102.27","","","","","","NA"
"-123.18","49.19","VANCOUVER INTL A","1108395","2018-12-22 03:00","2018","12","22","03:00","3.4","","0.7","","83","","","","8","","18","","24.1","","102.24","","","","","","NA"
"-123.18","49.19","VANCOUVER INTL A","1108395","2018-12-22 04:00","2018","12","22","04:00","3.4","","0.8","","83","","","","10","","16","","24.1","","102.20","","","","","","Rain"
"-123.18","49.19","VANCOUVER INTL A","1108395","2018-12-22 05:00","2018","12","22","05:00","3.4","","0.8","","83","","","","11","","19","","19.3","","102.24","","","","","","Rain"
"-123.18","49.19","VANCOUVER INTL A","1108395","2018-12-22 06:00","2018","12","22","06:00","2.9","","1.2","","89","","","","9","","20","","32.2","","102.14","","","","","","NA"
"-123.18","49.19","VANCOUVER INTL A","1108395","2018-12-22 07:00","2018","12","22","07:00","3.1","","1.6","","90","","","","8","","26","","19.3","","102.05","","","","","","Drizzle"
"-123.18","49.19","VANCOUVER INTL A","1108395","2018-12-22 08:00","2018","12","22","08:00","3.3","","1.8","","90","","","","9","","20","","24.1","","102.00","","","","","","Rain"
"-123.18","49.19","VANCOUVER INTL A","1108395","2018-12-22 09:00","2018","12","22","09:00","3.7","","2.0","","88","","","","9","","22","","24.1","","102.00","","","","","","Rain"
"-123.18","49.19","VANCOUVER INTL A","1108395","2018-12-22 10:00","2018","12","22","10:00","3.5","","2.4","","93","","","","9","","26","","24.1","","101.94","","","","","","Rain"
"-123.18","49.19","VANCOUVER INTL A","1108395","2018-12-22 11:00","2018","12","22","11:00","4.3","","2.6","","88","","","","5","","21","","24.1","","101.83","","","","","","Rain"
"-123.18","49.19","VANCOUVER INTL A","1108395","2018-12-22 12:00","2018","12","22","12:00","4.9","","2.9","","86","","","","7","","21","","40.2","","101.72","","","","","","NA"
"-123.18","49.19","VANCOUVER INTL A","1108395","2018-12-22 13:00","2018","12","22","13:00","5.4","","2.7","","83","","","","6","","21","","48.3","","101.56","","","","","","Cloudy"
"-123.18","49.19","VANCOUVER INTL A","1108395","2018-12-22 14:00","2018","12","22","14:00","4.4","","3.2","","92","","","","9","","15","","48.3","","101.41","","","","","","NA"
"-123.18","49.19","VANCOUVER INTL A","1108395","2018-12-22 15:00","2018","12","22","15:00","4.6","","3.1","","90","","","","8","","12","","48.3","","101.34","","","","","","NA"
"-123.18","49.19","VANCOUVER INTL A","1108395","2018-12-22 16:00","2018","12","22","16:00","5.1","","3.3","","88","","","","12","","11","","48.3","","101.25","","","","","","Cloudy"
"-123.18","49.19","VANCOUVER INTL A","1108395","2018-12-22 17:00","2018","12","22","17:00","6.6","","3.4","","80","","","","8","","20","","24.1","","101.18","","","","","","Rain"
"-123.18","49.19","VANCOUVER INTL A","1108395","2018-12-22 18:00","2018","12","22","18:00","6.8","","3.8","","81","","","","9","","22","","24.1","","101.18","","","","","","Rain"
"-123.18","49.19","VANCOUVER INTL A","1108395","2018-12-22 19:00","2018","12","22","19:00","6.0","","4.1","","87","","","","10","","28","","16.1","","101.16","","","","","","Rain"
"-123.18","49.19","VANCOUVER INTL A","1108395","2018-12-22 20:00","2018","12","22","20:00","5.8","","4.4","","91","","","","9","","28","","19.3","","101.08","","","","","","Rain"
"-123.18","49.19","VANCOUVER INTL A","1108395","2018-12-22 21:00","2018","12","22","21:00","6.1","","4.2","","88","","","","10","","29","","24.1","","101.01","","","","","","NA"
"-123.18","49.19","VANCOUVER INTL A","1108395","2018-12-22 22:00","2018","12","22","22:00","6.0","","4.0","","87","","","","10","","28","","32.2","","100.98","","","","","","Cloudy"
"-123.18","49.19","VANCOUVER INTL A","1108395","2018-12-22 23:00","2018","12","22","23:00","5.8","","3.9","","87","","","","10","","27","","24.1","","101.00","","","","","","Rain"
"-123.18","49.19","VANCOUVER INTL A","1108395","2018-12-23 00:00","2018","12","23","00:00","5.9","","3.9","","87","","","","10","","29","","24.1","","100.94","","","","","","Rain"
"-123.18","49.19","VANCOUVER INTL A","1108395","2018-12-23 01:00","2018","12","23","01:00","6.3","","4.6","","88","","","","11","","26","","32.2","","100.95","","","","","","Rain"
"-123.18","49.19","VANCOUVER INTL A","1108395","2018-12-23 02:00","2018","12","23","02:00","6.6","","4.4","","86","","","","13","","22","","32.2","","100.94","","","","","","NA"
"-123.18","49.19","VANCOUVER INTL A","1108395","2018-12-23 03:00","2018","12","23","03:00","7.1","","4.5","","84","","","","12","","15","","32.2","","100.98","","","","","","NA"
"-123.18","49.19","VANCOUVER INTL A","1108395","2018-12-23 04:00","2018","12","23","04:00","6.8","","5.2","","89","","","","14","","24","","24.1","","100.96","","","","","","Rain"
"-123.18","49.19","VANCOUVER INTL A","1108395","2018-12-23 05:00","2018","12","23","05:00","6.7","","5.1","","90","","","","15","","22","","24.1","","100.99","","","","","","Rain"
"-123.18","49.19","VANCOUVER INTL A","1108395","2018-12-23 06:00","2018","12","23","06:00","6.6","","5.5","","93","","","","14","","24","","24.1","","100.97","","","","","","NA"
"-123.18","49.19","VANCOUVER INTL A","1108395","2018-12-23 07:00","2018","12","23","07:00","6.8","","5.6","","91","","","","12","","14","","19.3","","101.00","","","","","","Cloudy"
"-123.18","49.19","VANCOUVER INTL A","1108395","2018-12-23 08:00","2018","12","23","08:00","6.8","","5.9","","94","","","","13","","13","","12.9","","101.06","","","","","","Rain"
"-123.18","49.19","VANCOUVER INTL A","1108395","2018-12-23 09:00","2018","12","23","09:00","6.9","","5.2","","89","","","","16","","18","","24.1","","101.16","","","","","","Rain"
"-123.18","49.19","VANCOUVER INTL A","1108395","2018-12-23 10:00","2018","12","23","10:00","6.9","","6.1","","95","","","","12","","19","","24.1","","101.24","","","","","","Rain"
"-123.18","49.19","VANCOUVER INTL A","1108395","2018-12-23 11:00","2018","12","23","11:00","7.5","","6.5","","94","","","","11","","17","","19.3","","101.29","","","","","","Rain"
"-123.18","49.19","VANCOUVER INTL A","1108395","2018-12-23 12:00","2018","12","23","12:00","7.3","","6.4","","94","","","","11","","15","","19.3","","101.31","","","","","","NA"
"-123.18","49.19","VANCOUVER INTL A","1108395","2018-12-23 13:00","2018","12","23","13:00","7.2","","6.1","","93","","","","9","","11","","19.3","","101.31","","","","","","Rain"
"-123.18","49.19","VANCOUVER INTL A","1108395","2018-12-23 14:00","2018","12","23","14:00","7.5","","6.3","","92","","","","14","","20","","19.3","","101.33","","","","","","NA"
"-123.18","49.19","VANCOUVER INTL A","1108395","2018-12-23 15:00","2018","12","23","15:00","7.4","","6.3","","92","","","","11","","10","","19.3","","101.38","","","","","","NA"
"-123.18","49.19","VANCOUVER INTL A","1108395","2018-12-23 16:00","2018","12","23","16:00","7.1","","6.2","","94","","","","11","","16","","19.3","","101.43","","","","","","Mostly Cloudy"
"-123.18","49.19","VANCOUVER INTL A","1108395","2018-12-23 17:00","2018","12","23","17:00","6.7","","6.0","","95","","","","9","","16","","19.3","","101.48","","","","","","NA"
"-123.18","49.19","VANCOUVER INTL A","1108395","2018-12-23 18:00","2018","12","23","18:00","6.3","","5.5","","94","","","","9","","17","","19.3","","101.53","","","","","","NA"
"-123.18","49.19","VANCOUVER INTL A","1108395","2018-12-23 19:00","2018","12","23","19:00","6.3","","5.4","","94","","","","8","","12","","24.1","","101.56","","","","","","Cloudy"
"-123.18","49.19","VANCOUVER INTL A","1108395","2018-12-23 20:00","2018","12","23","20:00","6.2","","5.2","","93","","","","9","","14","","24.1","","101.58","","","","","","NA"
"-123.18","49.19","VANCOUVER INTL A","1108395","2018-12-23 21:00","2018","12","23","21:00","6.1","","5.1","","93","","","","9","","14","","24.1","","101.61","","","","","","NA"
"-123.18","49.19","VANCOUVER INTL A","1108395","2018-12-23 22:00","2018","12","23","22:00","5.8","","4.9","","94","","","","8","","13","","32.2","","101.64","","","","","","Mostly Cloudy"
"-123.18","49.19","VANCOUVER INTL A","1108395","2018-12-23 23:00","2018","12","23","23:00","5.8","","5.1","","95","","","","6","","11","","24.1","","101.67","","","","","","NA"
"-123.18","49.19","VANCOUVER INTL A","1108395","2018-12-24 00:00","2018","12","24","00:00","6.1","","5.1","","94","","","","7","","14","","24.1","","101.68","","","","","","NA"
"-123.18","49.19","VANCOUVER INTL A","1108395","2018-12-24 01:00","2018","12","24","01:00","5.9","","4.9","","94","","","","8","","15","","24.1","","101.70","","","","","","Cloudy"
"-123.18","49.19","VANCOUVER INTL A","1108395","2018-12-24 02:00","2018","12","24","02:00","5.3","","4.4","","93","","","","6","","12","","24.1","","101.73","","","","","","NA"
"-123.18","49.19","VANCOUVER INTL A","1108395","2018-12-24 03:00","2018","12","24","03:00","5.6","","4.7","","94","","","","8","","11","","24.1","","101.76","","","","","","NA"
"-123.18","49.19","VANCOUVER INTL A","1108395","2018-12-24 04:00","2018","12","24","04:00","5.4","","4.7","","95","","","","8","","11","","24.1","","101.75","","","","","","Cloudy"
"-123.18","49.19","VANCOUVER INTL A","1108395","2018-12-24 05:00","2018","12","24","05:00","5.5","","4.8","","95","","","","7","","10","","24.1","","101.74","","","","","","NA"
"-123.18","49.19","VANCOUVER INTL A","1108395","2018-12-24 06:00","2018","12","24","06:00","5.5","","4.8","","95","","","","9","","10","","24.1","","101.74","","","","","","NA"
"-123.18","49.19","VANCOUVER INTL A","1108395","2018-12-24 07:00","2018","12","24","07:00","5.3","","4.8","","97","","","","8","","13","","24.1","","101.72","","","","","","Cloudy"
"-123.18","49.19","VANCOUVER INTL A","1108395","2018-12-24 08:00","2018","12","24","08:00","5.3","","4.3","","93","","","","8","","10","","32.2","","101.72","","","","","","NA"
"-123.18","49.19","VANCOUVER INTL A","1108395","2018-12-24 09:00","2018","12","24","09:00","5.3","","4.7","","96","","","","12","","10","","48.3","","101.76","","","","","","NA"
"-123.18","49.19","VANCOUVER INTL A","1108395","2018-12-24 10:00","2018","12","24","10:00","6.6","","5.0","","90","","","","7","","10","","48.3","","101.78","","","","","","Cloudy"
"-123.18","49.19","VANCOUVER INTL A","1108395","2018-12-24 11:00","2018","12","24","11:00","6.7","","4.9","","88","","","","10","","5","","48.3","","101.78","","","","","","NA"
"-123.18","49.19","VANCOUVER INTL A","1108395","2018-12-24 12:00","2018","12","24","12:00","7.6","","5.3","","85","","","","33","","5","","48.3","","101.72","","","","","","NA"
"-123.18","49.19","VANCOUVER INTL A","1108395","2018-12-24 13:00","2018","12","24","13:00","7.3","","5.5","","88","","","","32","","11","","48.3","","101.68","","","","","","Mostly Cloudy"
"-123.18","49.19","VANCOUVER INTL A","1108395","2018-12-24 14:00","2018","12","24","14:00","7.8","","5.1","","83","","","","30","","11","","48.3","","101.68","","","","","","NA"
"-123.18","49.19","VANCOUVER INTL A","1108395","2018-12-24 15:00","2018","12","24","15:00","7.0","","4.4","","83","","","","32","","15","","48.3","","101.70","","","","","","NA"
"-123.18","49.19","VANCOUVER INTL A","1108395","2018-12-24 16:00","2018","12","24","16:00","6.0","","3.5","","84","","","","32","","13","","48.3","","101.71","","","","","","Mostly Cloudy"
"-123.18","49.19","VANCOUVER INTL A","1108395","2018-12-24 17:00","2018","12","24","17:00","6.2","","3.0","","80","","","","31","","21","","48.3","","101.74","","","","","","NA"
"-123.18","49.19","VANCOUVER INTL A","1108395","2018-12-24 18:00","2018","12","24","18:00","5.8","","3.4","","84","","","","31","","15","","32.2","","101.77","","","","","","NA"
"-123.18","49.19","VANCOUVER INTL A","1108395","2018-12-24 19:00","2018","12","24","19:00","5.9","","4.1","","88","","","","30","","17","","32.2","","101.79","","","","","","Mostly Cloudy"
"-123.18","49.19","VANCOUVER INTL A","1108395","2018-12-24 20:00","2018","12","24","20:00","5.2","","3.0","","86","","","","31","","22","","32.2","","101.79","","","","","","NA"
"-123.18","49.19","VANCOUVER INTL A","1108395","2018-12-24 21:00","2018","12","24","21:00","4.2","","2.6","","89","","","","35","","3","","32.2","","101.84","","","","","","NA"
"-123.18","49.19","VANCOUVER INTL A","1108395","2018-12-24 22:00","2018","12","24","22:00","4.3","","2.6","","88","","","","32","","14","","32.2","","101.90","","","","","","Mostly Cloudy"
"-123.18","49.19","VANCOUVER INTL A","1108395","2018-12-24 23:00","2018","12","24","23:00","4.4","","3.3","","92","","","","3","","12","","24.1","","101.96","","","","","","NA"
"-123.18","49.19","VANCOUVER INTL A","1108395","2018-12-25 00:00","2018","12","25","00:00","3.4","","2.8","","96","","","","5","","5","","24.1","","101.99","","","","","","NA"
"-123.18","49.19","VANCOUVER INTL A","1108395","2018-12-25 01:00","2018","12","25","01:00","2.6","","2.2","","98","","","","1","","5","","24.1","","102.02","","","","","","Mainly Clear"
"-123.18","49.19","VANCOUVER INTL A","1108395","2018-12-25 02:00","2018","12","25","02:00","2.8","","2.6","","98","","","","9","","3","","24.1","","102.10","","","","","","NA"
"-123.18","49.19","VANCOUVER INTL A","1108395","2018-12-25 03:00","2018","12","25","03:00","3.4","","2.9","","97","","","","1","","4","","24.1","","102.14","","","","","","NA"
"-123.18","49.19","VANCOUVER INTL A","1108395","2018-12-25 04:00","2018","12","25","04:00","3.8","","3.6","","98","","","","36","","3","","24.1","","102.18","","","","","","Cloudy"
"-123.18","49.19","VANCOUVER INTL A","1108395","2018-12-25 05:00","2018","12","25","05:00","4.2","","3.4","","95","","","","36","","2","","24.1","","102.20","","","","","","NA"
"-123.18","49.19","VANCOUVER INTL A","1108395","2018-12-25 06:00","2018","12","25","06:00","4.8","","2.9","","88","","","","29","","10","","24.1","","102.25","","","","","","NA"
"-123.18","49.19","VANCOUVER INTL A","1108395","2018-12-25 07:00","2018","12","25","07:00","4.6","","3.2","","91","","","","4","","11","","24.1","","102.24","","","","","","Cloudy"
"-123.18","49.19","VANCOUVER INTL A","1108395","2018-12-25 08:00","2018","12","25","08:00","3.8","","3.1","","96","","","","10","","13","","24.1","","102.31","","","","","","NA"
"-123.18","49.19","VANCOUVER INTL A","1108395","2018-12-25 09:00","2018","12","25","09:00","4.0","","3.3","","96","","","","10","","13","","24.1","","102.38","","","","","","NA"
"-123.18","49.19","VANCOUVER INTL A","1108395","2018-12-25 10:00","2018","12","25","10:00","4.2","","3.1","","93","","","","10","","10","","24.1","","102.41","","","","","","Cloudy"
"-123.18","49.19","VANCOUVER INTL A","1108395","2018-12-25 11:00","2018","12","25","11:00","5.2","","2.9","","85","","","","8","","8","","24.1","","102.42","","","","","","NA"
"-123.18","49.19","VANCOUVER INTL A","1108395","2018-12-25 12:00","2018","12","25","12:00","5.1","","2.7","","85","","","","9","","6","","24.1","","102.39","","","","","","NA"
"-123.18","49.19","VANCOUVER INTL A","1108395","2018-12-25 13:00","2018","12","25","13:00","5.0","","2.2","","82","","","","11","","6","","24.1","","102.38","","","","","","Rain Showers"
"-123.18","49.19","VANCOUVER INTL A","1108395","2018-12-25 14:00","2018","12","25","14:00","5.3","","2.5","","82","","","","12","","4","","24.1","","102.36","","","","","","NA"
"-123.18","49.19","VANCOUVER INTL A","1108395","2018-12-25 15:00","2018","12","25","15:00","4.6","","2.4","","86","","","","13","","9","","32.2","","102.34","","","","","","NA"
"-123.18","49.19","VANCOUVER INTL A","1108395","2018-12-25 16:00","2018","12","25","16:00","4.5","","2.3","","86","","","","12","","5","","32.2","","102.34","","","","","","Cloudy"
"-123.18","49.19","VANCOUVER INTL A","1108395","2018-12-25 17:00","2018","12","25","17:00","3.4","","1.6","","88","","","","11","","9","","32.2","","102.30","","","","","","NA"
"-123.18","49.19","VANCOUVER INTL A","1108395","2018-12-25 18:00","2018","12","25","18:00","3.4","","2.0","","91","","","","10","","8","","24.1","","102.30","","","","","","NA"
"-123.18","49.19","VANCOUVER INTL A","1108395","2018-12-25 19:00","2018","12","25","19:00","3.6","","2.5","","92","","","","10","","11","","24.1","","102.29","","","","","","Cloudy"
"-123.18","49.19","VANCOUVER INTL A","1108395","2018-12-25 20:00","2018","12","25","20:00","4.0","","2.5","","90","","","","8","","10","","24.1","","102.23","","","","","","NA"
"-123.18","49.19","VANCOUVER INTL A","1108395","2018-12-25 21:00","2018","12","25","21:00","4.0","","2.3","","88","","","","10","","13","","24.1","","102.18","","","","","","NA"
"-123.18","49.19","VANCOUVER INTL A","1108395","2018-12-25 22:00","2018","12","25","22:00","4.2","","1.5","","83","","","","8","","13","","32.2","","102.15","","","","","","Cloudy"
"-123.18","49.19","VANCOUVER INTL A","1108395","2018-12-25 23:00","2018","12","25","23:00","3.8","","2.1","","89","","","","9","","12","","32.2","","102.12","","","","","","NA"
"-123.18","49.19","VANCOUVER INTL A","1108395","2018-12-26 00:00","2018","12","26","00:00","3.8","","2.3","","90","","","","9","","13","","24.1","","102.10","","","","","","NA"
"-123.18","49.19","VANCOUVER INTL A","1108395","2018-12-26 01:00","2018","12","26","01:00","3.5","","2.5","","93","","","","8","","11","","19.3","","102.05","","","","","","Rain"
"-123.18","49.19","VANCOUVER INTL A","1108395","2018-12-26 02:00","2018","12","26","02:00","3.8","","1.8","","87","","","","6","","15","","24.1","","101.99","","","","","","NA"
"-123.18","49.19","VANCOUVER INTL A","1108395","2018-12-26 03:00","2018","12","26","03:00","3.7","","1.5","","86","","","","7","","29","","24.1","","101.82","","","","","","Rain"
"-123.18","49.19","VANCOUVER INTL A","1108395","2018-12-26 04:00","2018","12","26","04:00","3.8","","1.3","","83","","","","7","","25","","24.1","","101.74","","","","","","Rain"
"-123.18","49.19","VANCOUVER INTL A","1108395","2018-12-26 05:00","2018","12","26","05:00","4.0","","1.4","","83","","","","7","","18","","24.1","","101.70","","","","","","Rain"
"-123.18","49.19","VANCOUVER INTL A","1108395","2018-12-26 06:00","2018","12","26","06:00","3.9","","1.7","","85","","","","7","","26","","24.1","","101.65","","","","","","Rain"
"-123.18","49.19","VANCOUVER INTL A","1108395","2018-12-26 07:00","2018","12","26","07:00","3.5","","2.0","","90","","","","9","","24","","24.1","","101.61","","","","","","Rain"
"-123.18","49.19","VANCOUVER INTL A","1108395","2018-12-26 08:00","2018","12","26","08:00","2.9","","1.9","","93","","","","8","","27","","24.1","","101.57","","","","","","NA"
"-123.18","49.19","VANCOUVER INTL A","1108395","2018-12-26 09:00","2018","12","26","09:00","2.8","","2.0","","95","","","","9","","26","","12.9","","101.57","","","","","","Rain"
"-123.18","49.19","VANCOUVER INTL A","1108395","2018-12-26 10:00","2018","12","26","10:00","3.3","","2.5","","94","","","","9","","22","","24.1","","101.55","","","","","","Rain"
"-123.18","49.19","VANCOUVER INTL A","1108395","2018-12-26 11:00","2018","12","26","11:00","3.4","","2.2","","92","","","","8","","16","","24.1","","101.55","","","","","","NA"
"-123.18","49.19","VANCOUVER INTL A","1108395","2018-12-26 12:00","2018","12","26","12:00","3.5","","2.4","","93","","","","8","","22","","16.1","","101.50","","","","","","Rain"
"-123.18","49.19","VANCOUVER INTL A","1108395","2018-12-26 13:00","2018","12","26","13:00","3.5","","2.7","","95","","","","8","","19","","12.9","","101.49","","","","","","Rain"
"-123.18","49.19","VANCOUVER INTL A","1108395","2018-12-26 14:00","2018","12","26","14:00","3.7","","2.9","","95","","","","7","","19","","24.1","","101.53","","","","","","Rain"
"-123.18","49.19","VANCOUVER INTL A","1108395","2018-12-26 15:00","2018","12","26","15:00","3.9","","2.9","","93","","","","7","","13","","24.1","","101.61","","","","","","Rain"
"-123.18","49.19","VANCOUVER INTL A","1108395","2018-12-26 16:00","2018","12","26","16:00","3.8","","2.8","","93","","","","7","","17","","24.1","","101.67","","","","","","Rain"
"-123.18","49.19","VANCOUVER INTL A","1108395","2018-12-26 17:00","2018","12","26","17:00","3.6","","2.8","","95","","","","5","","11","","19.3","","101.72","","","","","","Rain"
"-123.18","49.19","VANCOUVER INTL A","1108395","2018-12-26 18:00","2018","12","26","18:00","3.9","","2.7","","92","","","","6","","12","","24.1","","101.78","","","","","","NA"
"-123.18","49.19","VANCOUVER INTL A","1108395","2018-12-26 19:00","2018","12","26","19:00","4.0","","2.7","","91","","","","7","","10","","24.1","","101.87","","","","","","Cloudy"
"-123.18","49.19","VANCOUVER INTL A","1108395","2018-12-26 20:00","2018","12","26","20:00","3.9","","2.6","","91","","","","3","","7","","24.1","","101.91","","","","","","NA"
"-123.18","49.19","VANCOUVER INTL A","1108395","2018-12-26 21:00","2018","12","26","21:00","3.7","","2.8","","94","","","","35","","3","","24.1","","102.00","","","","","","NA"
"-123.18","49.19","VANCOUVER INTL A","1108395","2018-12-26 22:00","2018","12","26","22:00","3.8","","2.5","","91","","","","10","","4","","24.1","","102.06","","","","","","Cloudy"
"-123.18","49.19","VANCOUVER INTL A","1108395","2018-12-26 23:00","2018","12","26","23:00","3.5","","2.3","","92","","","","36","","2","","24.1","","102.12","","","","","","NA"
"-123.18","49.19","VANCOUVER INTL A","1108395","2018-12-27 00:00","2018","12","27","00:00","3.8","","2.6","","92","","","","30","","5","","24.1","","102.20","","","","","","NA"
"-123.18","49.19","VANCOUVER INTL A","1108395","2018-12-27 01:00","2018","12","27","01:00","4.3","","2.2","","86","","","","31","","4","","24.1","","102.28","","","","","","Mostly Cloudy"
"-123.18","49.19","VANCOUVER INTL A","1108395","2018-12-27 02:00","2018","12","27","02:00","1.7","","0.7","","93","","","","30","","9","","16.1","","102.32","","","","","","NA"
"-123.18","49.19","VANCOUVER INTL A","1108395","2018-12-27 03:00","2018","12","27","03:00","2.0","","1.6","","97","","","","7","","9","","16.1","","102.41","","","","","","NA"
"-123.18","49.19","VANCOUVER INTL A","1108395","2018-12-27 04:00","2018","12","27","04:00","1.2","","1.0","","98","","","","36","","7","","12.9","","102.48","","","","","","Mostly Cloudy"
"-123.18","49.19","VANCOUVER INTL A","1108395","2018-12-27 05:00","2018","12","27","05:00","1.5","","1.4","","99","","","","3","","7","","16.1","","102.54","","","","","","NA"
"-123.18","49.19","VANCOUVER INTL A","1108395","2018-12-27 06:00","2018","12","27","06:00","1.5","","1.4","","99","","","","11","","5","","24.1","","102.59","","","","","","NA"
"-123.18","49.19","VANCOUVER INTL A","1108395","2018-12-27 07:00","2018","12","27","07:00","2.3","","2.1","","99","","","","7","","6","","24.1","","102.66","","","","","","Cloudy"
"-123.18","49.19","VANCOUVER INTL A","1108395","2018-12-27 08:00","2018","12","27","08:00","2.0","","1.5","","97","","","","36","","3","","32.2","","102.76","","","","","","NA"
"-123.18","49.19","VANCOUVER INTL A","1108395","2018-12-27 09:00","2018","12","27","09:00","2.9","","2.0","","94","","","","9","","3","","32.2","","102.84","","","","","","NA"
"-123.18","49.19","VANCOUVER INTL A","1108395","2018-12-27 10:00","2018","12","27","10:00","3.7","","1.6","","86","","","","4","","5","","32.2","","102.86","","","","","","Rain Showers"
"-123.18","49.19","VANCOUVER INTL A","1108395","2018-12-27 11:00","2018","12","27","11:00","4.5","","2.4","","87","","","","7","","7","","32.2","","102.86","","","","","","NA"
"-123.18","49.19","VANCOUVER INTL A","1108395","2018-12-27 12:00","2018","12","27","12:00","5.1","","2.0","","80","","","","7","","7","","32.2","","102.84","","","","","","NA"
"-123.18","49.19","VANCOUVER INTL A","1108395","2018-12-27 13:00","2018","12","27","13:00","5.3","","1.5","","77","","","","13","","5","","32.2","","102.83","","","","","","Cloudy"
"-123.18","49.19","VANCOUVER INTL A","1108395","2018-12-27 14:00","2018","12","27","14:00","5.2","","2.3","","81","","","","17","","5","","32.2","","102.86","","","","","","NA"
"-123.18","49.19","VANCOUVER INTL A","1108395","2018-12-27 15:00","2018","12","27","15:00","5.2","","2.3","","82","","","","15","","7","","32.2","","102.89","","","","","","NA"
"-123.18","49.19","VANCOUVER INTL A","1108395","2018-12-27 16:00","2018","12","27","16:00","4.7","","2.3","","84","","","","15","","8","","32.2","","102.91","","","","","","Cloudy"
"-123.18","49.19","VANCOUVER INTL A","1108395","2018-12-27 17:00","2018","12","27","17:00","3.6","","2.3","","91","","","","10","","10","","32.2","","102.90","","","","","","NA"
"-123.18","49.19","VANCOUVER INTL A","1108395","2018-12-27 18:00","2018","12","27","18:00","4.3","","2.0","","86","","","","8","","8","","32.2","","102.91","","","","","","NA"
"-123.18","49.19","VANCOUVER INTL A","1108395","2018-12-27 19:00","2018","12","27","19:00","4.2","","2.6","","89","","","","9","","10","","32.2","","102.97","","","","","","Cloudy"
"-123.18","49.19","VANCOUVER INTL A","1108395","2018-12-27 20:00","2018","12","27","20:00","4.3","","2.5","","88","","","","7","","9","","32.2","","102.98","","","","","","NA"
"-123.18","49.19","VANCOUVER INTL A","1108395","2018-12-27 21:00","2018","12","27","21:00","4.2","","2.0","","86","","","","8","","11","","32.2","","102.93","","","","","","NA"
"-123.18","49.19","VANCOUVER INTL A","1108395","2018-12-27 22:00","2018","12","27","22:00","4.0","","1.6","","85","","","","10","","10","","32.2","","102.97","","","","","","Cloudy"
"-123.18","49.19","VANCOUVER INTL A","1108395","2018-12-27 23:00","2018","12","27","23:00","4.0","","1.8","","85","","","","8","","13","","32.2","","102.95","","","","","","NA"
"-123.18","49.19","VANCOUVER INTL A","1108395","2018-12-28 00:00","2018","12","28","00:00","3.7","","2.1","","89","","","","8","","17","","24.1","","102.95","","","","","","Rain"
"-123.18","49.19","VANCOUVER INTL A","1108395","2018-12-28 01:00","2018","12","28","01:00","3.4","","1.5","","87","","","","7","","16","","24.1","","102.92","","","","","","Rain"
"-123.18","49.19","VANCOUVER INTL A","1108395","2018-12-28 02:00","2018","12","28","02:00","3.2","","1.6","","89","","","","7","","15","","24.1","","102.93","","","","","","Rain"
"-123.18","49.19","VANCOUVER INTL A","1108395","2018-12-28 03:00","2018","12","28","03:00","3.0","","1.9","","92","","","","8","","13","","24.1","","102.89","","","","","","Rain"
"-123.18","49.19","VANCOUVER INTL A","1108395","2018-12-28 04:00","2018","12","28","04:00","3.0","","2.0","","93","","","","7","","12","","24.1","","102.84","","","","","","Rain"
"-123.18","49.19","VANCOUVER INTL A","1108395","2018-12-28 05:00","2018","12","28","05:00","3.0","","2.2","","94","","","","7","","12","","24.1","","102.80","","","","","","Rain"
"-123.18","49.19","VANCOUVER INTL A","1108395","2018-12-28 06:00","2018","12","28","06:00","3.0","","2.0","","94","","","","8","","18","","24.1","","102.74","","","","","","Rain"
"-123.18","49.19","VANCOUVER INTL A","1108395","2018-12-28 07:00","2018","12","28","07:00","2.8","","2.0","","94","","","","9","","19","","19.3","","102.73","","","","","","Rain"
"-123.18","49.19","VANCOUVER INTL A","1108395","2018-12-28 08:00","2018","12","28","08:00","2.6","","1.9","","95","","","","8","","22","","19.3","","102.71","","","","","","Rain"
"-123.18","49.19","VANCOUVER INTL A","1108395","2018-12-28 09:00","2018","12","28","09:00","2.9","","2.1","","94","","","","8","","14","","19.3","","102.74","","","","","","Rain"
"-123.18","49.19","VANCOUVER INTL A","1108395","2018-12-28 10:00","2018","12","28","10:00","2.8","","2.0","","95","","","","8","","14","","16.1","","102.69","","","","","","Rain"
"-123.18","49.19","VANCOUVER INTL A","1108395","2018-12-28 11:00","2018","12","28","11:00","2.4","","1.6","","95","","","","7","","21","","16.1","","102.63","","","","","","Rain"
"-123.18","49.19","VANCOUVER INTL A","1108395","2018-12-28 12:00","2018","12","28","12:00","2.1","","1.4","","95","","","","7","","23","","16.1","","102.50","","","","","","Rain"
"-123.18","49.19","VANCOUVER INTL A","1108395","2018-12-28 13:00","2018","12","28","13:00","1.8","","1.1","","95","","","","5","","20","","16.1","","102.41","","","","","","Rain"
"-123.18","49.19","VANCOUVER INTL A","1108395","2018-12-28 14:00","2018","12","28","14:00","2.1","","1.4","","95","","","","6","","20","","16.1","","102.36","","","","","","Rain"
"-123.18","49.19","VANCOUVER INTL A","1108395","2018-12-28 15:00","2018","12","28","15:00","2.6","","1.8","","94","","","","5","","21","","12.9","","102.36","","","","","","Rain"
"-123.18","49.19","VANCOUVER INTL A","1108395","2018-12-28 16:00","2018","12","28","16:00","3.1","","2.3","","94","","","","6","","18","","12.9","","102.25","","","","","","Moderate Rain"
"-123.18","49.19","VANCOUVER INTL A","1108395","2018-12-28 17:00","2018","12","28","17:00","3.7","","2.8","","94","","","","5","","17","","12.9","","102.18","","","","","","Rain"
"-123.18","49.19","VANCOUVER INTL A","1108395","2018-12-28 18:00","2018","12","28","18:00","4.0","","3.2","","94","","","","5","","19","","16.1","","102.11","","","","","","Rain"
"-123.18","49.19","VANCOUVER INTL A","1108395","2018-12-28 19:00","2018","12","28","19:00","4.2","","3.5","","95","","","","6","","17","","9.7","","102.07","","","","","","Rain,Fog"
"-123.18","49.19","VANCOUVER INTL A","1108395","2018-12-28 20:00","2018","12","28","20:00","4.4","","3.8","","96","","","","5","","17","","6.4","","102.01","","","","","","Rain,Fog"
"-123.18","49.19","VANCOUVER INTL A","1108395","2018-12-28 21:00","2018","12","28","21:00","4.4","","4.0","","97","","","","6","","17","","4.8","","101.93","","","","","","Rain,Fog"
"-123.18","49.19","VANCOUVER INTL A","1108395","2018-12-28 22:00","2018","12","28","22:00","4.8","","4.3","","97","","","","6","","18","","6.4","","101.89","","","","","","Rain,Fog"
"-123.18","49.19","VANCOUVER INTL A","1108395","2018-12-28 23:00","2018","12","28","23:00","5.0","","4.6","","97","","","","6","","19","","4.8","","101.85","","","","","","Rain,Fog"
"-123.18","49.19","VANCOUVER INTL A","1108395","2018-12-29 00:00","2018","12","29","00:00","5.0","","4.6","","98","","","","7","","15","","6.4","","101.83","","","","","","Drizzle,Fog"
"-123.18","49.19","VANCOUVER INTL A","1108395","2018-12-29 01:00","2018","12","29","01:00","5.2","","4.9","","98","","","","7","","16","","16.1","","101.80","","","","","","Drizzle"
"-123.18","49.19","VANCOUVER INTL A","1108395","2018-12-29 02:00","2018","12","29","02:00","5.7","","5.2","","97","","","","7","","19","","24.1","","101.74","","","","","","NA"
"-123.18","49.19","VANCOUVER INTL A","1108395","2018-12-29 03:00","2018","12","29","03:00","5.8","","5.2","","96","","","","7","","19","","24.1","","101.69","","","","","","NA"
"-123.18","49.19","VANCOUVER INTL A","1108395","2018-12-29 04:00","2018","12","29","04:00","6.2","","5.6","","96","","","","7","","20","","24.1","","101.64","","","","","","Cloudy"
"-123.18","49.19","VANCOUVER INTL A","1108395","2018-12-29 05:00","2018","12","29","05:00","6.5","","5.9","","96","","","","7","","21","","24.1","","101.56","","","","","","NA"
"-123.18","49.19","VANCOUVER INTL A","1108395","2018-12-29 06:00","2018","12","29","06:00","6.7","","6.3","","98","","","","7","","20","","24.1","","101.48","","","","","","NA"
"-123.18","49.19","VANCOUVER INTL A","1108395","2018-12-29 07:00","2018","12","29","07:00","8.1","","7.7","","97","","","","11","","16","","24.1","","101.43","","","","","","Rain"
"-123.18","49.19","VANCOUVER INTL A","1108395","2018-12-29 08:00","2018","12","29","08:00","10.1","","8.3","","89","","","","17","","37","","24.1","","101.21","","","","","","Rain"
"-123.18","49.19","VANCOUVER INTL A","1108395","2018-12-29 09:00","2018","12","29","09:00","10.2","","8.6","","89","","","","17","","35","","19.3","","101.25","","","","","","Moderate Rain"
"-123.18","49.19","VANCOUVER INTL A","1108395","2018-12-29 10:00","2018","12","29","10:00","9.8","","8.8","","93","","","","16","","32","","19.3","","101.25","","","","","","Rain"
"-123.18","49.19","VANCOUVER INTL A","1108395","2018-12-29 11:00","2018","12","29","11:00","9.2","","8.7","","96","","","","15","","34","","16.1","","101.16","","","","","","Rain"
"-123.18","49.19","VANCOUVER INTL A","1108395","2018-12-29 12:00","2018","12","29","12:00","9.6","","8.9","","95","","","","17","","23","","12.9","","101.07","","","","","","Rain"
"-123.18","49.19","VANCOUVER INTL A","1108395","2018-12-29 13:00","2018","12","29","13:00","10.2","","9.4","","95","","","","18","","31","","12.9","","100.93","","","","","","Cloudy"
"-123.18","49.19","VANCOUVER INTL A","1108395","2018-12-29 14:00","2018","12","29","14:00","9.3","","7.3","","87","","","","20","","17","","32.2","","100.96","","","","","","NA"
"-123.18","49.19","VANCOUVER INTL A","1108395","2018-12-29 15:00","2018","12","29","15:00","9.8","","6.9","","82","","","","22","","24","","48.3","","100.98","","","","","","NA"
"-123.18","49.19","VANCOUVER INTL A","1108395","2018-12-29 16:00","2018","12","29","16:00","9.3","","7.0","","85","","","","27","","20","","48.3","","101.04","","","","","","Mostly Cloudy"
"-123.18","49.19","VANCOUVER INTL A","1108395","2018-12-29 17:00","2018","12","29","17:00","8.8","","6.5","","86","","","","25","","25","","48.3","","101.10","","","","","","NA"
"-123.18","49.19","VANCOUVER INTL A","1108395","2018-12-29 18:00","2018","12","29","18:00","7.5","","6.2","","91","","","","26","","33","","32.2","","101.12","","","","","","NA"
"-123.18","49.19","VANCOUVER INTL A","1108395","2018-12-29 19:00","2018","12","29","19:00","7.1","","5.2","","87","","","","27","","36","","32.2","","101.21","","","","","","Mainly Clear"
"-123.18","49.19","VANCOUVER INTL A","1108395","2018-12-29 20:00","2018","12","29","20:00","6.9","","5.1","","88","","","","26","","24","","32.2","","101.27","","","","","","NA"
"-123.18","49.19","VANCOUVER INTL A","1108395","2018-12-29 21:00","2018","12","29","21:00","6.5","","4.4","","86","","","","27","","22","","32.2","","101.30","","","","","","NA"
"-123.18","49.19","VANCOUVER INTL A","1108395","2018-12-29 22:00","2018","12","29","22:00","6.8","","5.0","","88","","","","27","","33","","32.2","","101.35","","","","","","Mostly Cloudy"
"-123.18","49.19","VANCOUVER INTL A","1108395","2018-12-29 23:00","2018","12","29","23:00","6.8","","5.2","","90","","","","27","","31","","32.2","","101.37","","","","","","NA"
"-123.18","49.19","VANCOUVER INTL A","1108395","2018-12-30 00:00","2018","12","30","00:00","6.7","","5.2","","90","","","","29","","30","","32.2","","101.44","","","","","","NA"
"-123.18","49.19","VANCOUVER INTL A","1108395","2018-12-30 01:00","2018","12","30","01:00","6.5","","3.7","","82","","","","30","","40","","32.2","","101.54","","","","","","Mostly Cloudy"
"-123.18","49.19","VANCOUVER INTL A","1108395","2018-12-30 02:00","2018","12","30","02:00","6.1","","3.2","","82","","","","28","","27","","32.2","","101.56","","","","","","NA"
"-123.18","49.19","VANCOUVER INTL A","1108395","2018-12-30 03:00","2018","12","30","03:00","6.0","","3.7","","85","","","","27","","42","","32.2","","101.59","","","","","","NA"
"-123.18","49.19","VANCOUVER INTL A","1108395","2018-12-30 04:00","2018","12","30","04:00","5.6","","3.2","","85","","","","29","","47","","32.2","","101.62","","","","","","Clear"
"-123.18","49.19","VANCOUVER INTL A","1108395","2018-12-30 05:00","2018","12","30","05:00","5.3","","3.1","","86","","","","29","","44","","32.2","","101.62","","","","","","NA"
"-123.18","49.19","VANCOUVER INTL A","1108395","2018-12-30 06:00","2018","12","30","06:00","5.2","","3.2","","86","","","","29","","36","","32.2","","101.69","","","","","","NA"
"-123.18","49.19","VANCOUVER INTL A","1108395","2018-12-30 07:00","2018","12","30","07:00","4.7","","2.8","","88","","","","31","","27","","32.2","","101.76","","","","","","Clear"
"-123.18","49.19","VANCOUVER INTL A","1108395","2018-12-30 08:00","2018","12","30","08:00","4.7","","2.8","","88","","","","30","","22","","48.3","","101.88","","","","","","NA"
"-123.18","49.19","VANCOUVER INTL A","1108395","2018-12-30 09:00","2018","12","30","09:00","3.0","","1.9","","93","","","","36","","7","","48.3","","102.00","","","","","","NA"
"-123.18","49.19","VANCOUVER INTL A","1108395","2018-12-30 10:00","2018","12","30","10:00","4.9","","3.1","","88","","","","36","","2","","48.3","","102.10","","","","","","Clear"
"-123.18","49.19","VANCOUVER INTL A","1108395","2018-12-30 11:00","2018","12","30","11:00","6.1","","2.8","","79","","","","1","","5","","48.3","","102.13","","","","","","NA"
"-123.18","49.19","VANCOUVER INTL A","1108395","2018-12-30 12:00","2018","12","30","12:00","7.0","","3.3","","77","","","","13","","6","","48.3","","102.08","","","","","","NA"
"-123.18","49.19","VANCOUVER INTL A","1108395","2018-12-30 13:00","2018","12","30","13:00","7.1","","3.3","","77","","","","20","","4","","48.3","","102.09","","","","","","Mainly Clear"
"-123.18","49.19","VANCOUVER INTL A","1108395","2018-12-30 14:00","2018","12","30","14:00","7.4","","3.4","","76","","","","29","","7","","48.3","","102.18","","","","","","NA"
"-123.18","49.19","VANCOUVER INTL A","1108395","2018-12-30 15:00","2018","12","30","15:00","6.9","","3.5","","79","","","","29","","8","","48.3","","102.26","","","","","","NA"
"-123.18","49.19","VANCOUVER INTL A","1108395","2018-12-30 16:00","2018","12","30","16:00","4.8","","2.4","","84","","","","30","","7","","48.3","","102.35","","","","","","Mostly Cloudy"
"-123.18","49.19","VANCOUVER INTL A","1108395","2018-12-30 17:00","2018","12","30","17:00","4.6","","2.6","","87","","","","30","","4","","48.3","","102.43","","","","","","NA"
"-123.18","49.19","VANCOUVER INTL A","1108395","2018-12-30 18:00","2018","12","30","18:00","3.8","","2.1","","89","","","","2","","4","","32.2","","102.49","","","","","","NA"
"-123.18","49.19","VANCOUVER INTL A","1108395","2018-12-30 19:00","2018","12","30","19:00","2.9","","0.7","","85","","","","32","","3","","32.2","","102.60","","","","","","Mainly Clear"
"-123.18","49.19","VANCOUVER INTL A","1108395","2018-12-30 20:00","2018","12","30","20:00","2.5","","0.9","","89","","","","4","","7","","32.2","","102.69","","","","","","NA"
"-123.18","49.19","VANCOUVER INTL A","1108395","2018-12-30 21:00","2018","12","30","21:00","2.4","","0.8","","89","","","","36","","3","","32.2","","102.73","","","","","","NA"
"-123.18","49.19","VANCOUVER INTL A","1108395","2018-12-30 22:00","2018","12","30","22:00","2.0","","1.0","","93","","","","1","","4","","32.2","","102.78","","","","","","Mainly Clear"
"-123.18","49.19","VANCOUVER INTL A","1108395","2018-12-30 23:00","2018","12","30","23:00","0.3","","-0.7","","93","","","","2","","5","","32.2","","102.87","","","","","","NA"
"-123.18","49.19","VANCOUVER INTL A","1108395","2018-12-31 00:00","2018","12","31","00:00","1.2","","0.7","","96","","","","21","","7","","32.2","","102.95","","","","","","NA"
"-123.18","49.19","VANCOUVER INTL A","1108395","2018-12-31 01:00","2018","12","31","01:00","-0.3","","-1.2","","94","","","","1","","7","","32.2","","103.00","","","","-3","","Mainly Clear"
"-123.18","49.19","VANCOUVER INTL A","1108395","2018-12-31 02:00","2018","12","31","02:00","-0.6","","-2.8","","85","","","","2","","12","","32.2","","103.13","","","","-5","","NA"
"-123.18","49.19","VANCOUVER INTL A","1108395","2018-12-31 03:00","2018","12","31","03:00","0.7","","-2.4","","80","","","","6","","7","","32.2","","103.12","","","","","","NA"
"-123.18","49.19","VANCOUVER INTL A","1108395","2018-12-31 04:00","2018","12","31","04:00","0.6","","-3.9","","72","","","","8","","12","","32.2","","103.05","","","","","","Clear"
"-123.18","49.19","VANCOUVER INTL A","1108395","2018-12-31 05:00","2018","12","31","05:00","-1.8","","-3.3","","89","","","","34","","11","","32.2","","103.15","","","","-6","","NA"
"-123.18","49.19","VANCOUVER INTL A","1108395","2018-12-31 06:00","2018","12","31","06:00","-0.5","","-4.3","","75","","","","36","","3","","32.2","","103.15","","","","-1","","NA"
"-123.18","49.19","VANCOUVER INTL A","1108395","2018-12-31 07:00","2018","12","31","07:00","0.0","","-3.3","","79","","","","11","","7","","32.2","","103.15","","","","-2","","Mainly Clear"
"-123.18","49.19","VANCOUVER INTL A","1108395","2018-12-31 08:00","2018","12","31","08:00","-0.5","","-3.4","","81","","","","11","","5","","48.3","","103.22","","","","-2","","NA"
"-123.18","49.19","VANCOUVER INTL A","1108395","2018-12-31 09:00","2018","12","31","09:00","1.0","","-3.1","","74","","","","1","","8","","48.3","","103.23","","","","","","NA"
"-123.18","49.19","VANCOUVER INTL A","1108395","2018-12-31 10:00","2018","12","31","10:00","3.5","","-1.8","","68","","","","13","","6","","48.3","","103.30","","","","","","Mainly Clear"
"-123.18","49.19","VANCOUVER INTL A","1108395","2018-12-31 11:00","2018","12","31","11:00","3.1","","-0.7","","76","","","","13","","9","","48.3","","103.32","","","","","","NA"
"-123.18","49.19","VANCOUVER INTL A","1108395","2018-12-31 12:00","2018","12","31","12:00","5.0","","-2.3","","59","","","","13","","5","","48.3","","103.29","","","","","","NA"
"-123.18","49.19","VANCOUVER INTL A","1108395","2018-12-31 13:00","2018","12","31","13:00","4.3","","-0.8","","69","","","","21","","7","","48.3","","103.22","","","","","","Cloudy"
"-123.18","49.19","VANCOUVER INTL A","1108395","2018-12-31 14:00","2018","12","31","14:00","4.4","","-0.7","","69","","","","21","","8","","48.3","","103.23","","","","","","NA"
"-123.18","49.19","VANCOUVER INTL A","1108395","2018-12-31 15:00","2018","12","31","15:00","4.4","","0.4","","76","","","","26","","5","","48.3","","103.25","","","","","","NA"
"-123.18","49.19","VANCOUVER INTL A","1108395","2018-12-31 16:00","2018","12","31","16:00","4.1","","0.1","","75","","","","20","","4","","48.3","","103.23","","","","","","Cloudy"
"-123.18","49.19","VANCOUVER INTL A","1108395","2018-12-31 17:00","2018","12","31","17:00","3.7","","0.5","","80","","","","36","","1","","48.3","","103.21","","","","","","NA"
"-123.18","49.19","VANCOUVER INTL A","1108395","2018-12-31 18:00","2018","12","31","18:00","3.4","","0.1","","79","","","","20","","5","","32.2","","103.24","","","","","","NA"
"-123.18","49.19","VANCOUVER INTL A","1108395","2018-12-31 19:00","2018","12","31","19:00","3.5","","-0.1","","77","","","","13","","6","","32.2","","103.19","","","","","","Cloudy"
"-123.18","49.19","VANCOUVER INTL A","1108395","2018-12-31 20:00","2018","12","31","20:00","2.5","","-0.1","","83","","","","9","","10","","32.2","","103.12","","","","","","NA"
"-123.18","49.19","VANCOUVER INTL A","1108395","2018-12-31 21:00","2018","12","31","21:00","2.5","","-1.4","","75","","","","6","","7","","32.2","","103.14","","","","","","NA"
"-123.18","49.19","VANCOUVER INTL A","1108395","2018-12-31 22:00","2018","12","31","22:00","2.5","","-0.6","","80","","","","9","","8","","32.2","","103.11","","","","","","Cloudy"
"-123.18","49.19","VANCOUVER INTL A","1108395","2018-12-31 23:00","2018","12","31","23:00","2.5","","-0.8","","79","","","","10","","12","","32.2","","103.11","","","","","","NA"
