"Longitude (x)","Latitude (y)","Station Name","Climate ID","Date/Time (LST)","Year","Month","Day","Time (LST)","Temp (°C)","Temp Flag","Dew Point Temp (°C)","Dew Point Temp Flag","Rel Hum (%)","Rel Hum Flag","Precip. Amount (mm)","Precip. Amount Flag","Wind Dir (10s deg)","Wind Dir Flag","Wind Spd (km/h)","Wind Spd Flag","Visibility (km)","Visibility Flag","Stn Press (kPa)","Stn Press Flag","Hmdx","Hmdx Flag","Wind Chill","Wind Chill Flag","Weather"
"-123.32","48.41","VICTORIA GONZALES CS","1018611","2018-10-01 00:00","2018","10","01","00:00","11.8","","11.4","","98","","0.0","","19","","4","","","","99.77","","","","","","NA"
"-123.32","48.41","VICTORIA GONZALES CS","1018611","2018-10-01 01:00","2018","10","01","01:00","11.9","","11.6","","98","","0.0","","20","","3","","","","99.76","","","","","","NA"
"-123.32","48.41","VICTORIA GONZALES CS","1018611","2018-10-01 02:00","2018","10","01","02:00","11.9","","11.6","","98","","0.0","","5","","7","","","","99.76","","","","","","NA"
"-123.32","48.41","VICTORIA GONZALES CS","1018611","2018-10-01 03:00","2018","10","01","03:00","12.1","","11.7","","98","","0.2","","3","","14","","","","99.75","","","","","","NA"
"-123.32","48.41","VICTORIA GONZALES CS","1018611","2018-10-01 04:00","2018","10","01","04:00","12.4","","12.0","","98","","0.2","","1","","17","","","","99.77","","","","","","NA"
"-123.32","48.41","VICTORIA GONZALES CS","1018611","2018-10-01 05:00","2018","10","01","05:00","12.8","","12.4","","98","","0.6","","2","","7","","","","99.80","","","","","","NA"
"-123.32","48.41","VICTORIA GONZALES CS","1018611","2018-10-01 06:00","2018","10","01","06:00","11.2","","10.8","","98","","1.0","","23","","10","","","","99.86","","","","","","NA"
"-123.32","48.41","VICTORIA GONZALES CS","1018611","2018-10-01 07:00","2018","10","01","07:00","11.9","","11.6","","98","","0.4","","26","","6","","","","99.91","","","","","","NA"
"-123.32","48.41","VICTORIA GONZALES CS","1018611","2018-10-01 08:00","2018","10","01","08:00","12.1","","11.8","","98","","0.0","","24","","8","","","","99.98","","","","","","NA"
"-123.32","48.41","VICTORIA GONZALES CS","1018611","2018-10-01 09:00","2018","10","01","09:00","12.7","","12.5","","98","","0.0","","24","","8","","","","100.00","","","","","","NA"
"-123.32","48.41","VICTORIA GONZALES CS","1018611","2018-10-01 10:00","2018","10","01","10:00","12.7","","12.4","","98","","0.2","","20","","5","","","","100.02","","","","","","NA"
"-123.32","48.41","VICTORIA GONZALES CS","1018611","2018-10-01 11:00","2018","10","01","11:00","12.2","","11.9","","98","","0.0","","15","","7","","","","100.07","","","","","","NA"
"-123.32","48.41","VICTORIA GONZALES CS","1018611","2018-10-01 12:00","2018","10","01","12:00","13.1","","12.8","","98","","0.0","","21","","2","","","","100.10","","","","","","NA"
"-123.32","48.41","VICTORIA GONZALES CS","1018611","2018-10-01 13:00","2018","10","01","13:00","13.6","","13.2","","98","","0.0","","19","","4","","","","100.09","","","","","","NA"
"-123.32","48.41","VICTORIA GONZALES CS","1018611","2018-10-01 14:00","2018","10","01","14:00","13.6","","13.3","","98","","0.0","","20","","6","","","","100.07","","","","","","NA"
"-123.32","48.41","VICTORIA GONZALES CS","1018611","2018-10-01 15:00","2018","10","01","15:00","13.7","","13.3","","97","","0.0","","21","","6","","","","100.06","","","","","","NA"
"-123.32","48.41","VICTORIA GONZALES CS","1018611","2018-10-01 16:00","2018","10","01","16:00","12.8","","12.3","","97","","0.0","","22","","7","","","","100.05","","","","","","NA"
"-123.32","48.41","VICTORIA GONZALES CS","1018611","2018-10-01 17:00","2018","10","01","17:00","13.0","","12.5","","97","","0.0","","20","","8","","","","100.04","","","","","","NA"
"-123.32","48.41","VICTORIA GONZALES CS","1018611","2018-10-01 18:00","2018","10","01","18:00","12.4","","12.0","","97","","0.0","","22","","8","","","","100.06","","","","","","NA"
"-123.32","48.41","VICTORIA GONZALES CS","1018611","2018-10-01 19:00","2018","10","01","19:00","13.0","","12.6","","98","","0.0","","28","","4","","","","100.09","","","","","","NA"
"-123.32","48.41","VICTORIA GONZALES CS","1018611","2018-10-01 20:00","2018","10","01","20:00","13.2","","12.8","","98","","0.0","","24","","8","","","","100.07","","","","","","NA"
"-123.32","48.41","VICTORIA GONZALES CS","1018611","2018-10-01 21:00","2018","10","01","21:00","12.3","","11.9","","97","","0.0","","21","","8","","","","100.05","","","","","","NA"
"-123.32","48.41","VICTORIA GONZALES CS","1018611","2018-10-01 22:00","2018","10","01","22:00","12.1","","11.8","","98","","0.0","","23","","13","","","","99.99","","","","","","NA"
"-123.32","48.41","VICTORIA GONZALES CS","1018611","2018-10-01 23:00","2018","10","01","23:00","12.7","","12.3","","97","","0.0","","25","","20","","","","99.97","","","","","","NA"
"-123.32","48.41","VICTORIA GONZALES CS","1018611","2018-10-02 00:00","2018","10","02","00:00","12.9","","12.3","","96","","0.0","","28","","13","","","","100.00","","","","","","NA"
"-123.32","48.41","VICTORIA GONZALES CS","1018611","2018-10-02 01:00","2018","10","02","01:00","12.8","","11.5","","92","","0.0","","24","","14","","","","99.96","","","","","","NA"
"-123.32","48.41","VICTORIA GONZALES CS","1018611","2018-10-02 02:00","2018","10","02","02:00","12.1","","11.1","","94","","0.0","","25","","23","","","","99.90","","","","","","NA"
"-123.32","48.41","VICTORIA GONZALES CS","1018611","2018-10-02 03:00","2018","10","02","03:00","11.6","","10.6","","94","","0.0","","23","","19","","","","99.89","","","","","","NA"
"-123.32","48.41","VICTORIA GONZALES CS","1018611","2018-10-02 04:00","2018","10","02","04:00","12.5","","9.6","","83","","0.0","","28","","19","","","","99.87","","","","","","NA"
"-123.32","48.41","VICTORIA GONZALES CS","1018611","2018-10-02 05:00","2018","10","02","05:00","12.2","","9.3","","82","","0.0","","28","","26","","","","99.85","","","","","","NA"
"-123.32","48.41","VICTORIA GONZALES CS","1018611","2018-10-02 06:00","2018","10","02","06:00","12.1","","8.6","","80","","0.0","","27","","34","","","","99.77","","","","","","NA"
"-123.32","48.41","VICTORIA GONZALES CS","1018611","2018-10-02 07:00","2018","10","02","07:00","11.8","","8.8","","82","","0.0","","26","","30","","","","99.76","","","","","","NA"
"-123.32","48.41","VICTORIA GONZALES CS","1018611","2018-10-02 08:00","2018","10","02","08:00","12.1","","8.5","","79","","0.0","","27","","26","","","","99.80","","","","","","NA"
"-123.32","48.41","VICTORIA GONZALES CS","1018611","2018-10-02 09:00","2018","10","02","09:00","13.4","","7.8","","69","","0.0","","27","","32","","","","99.77","","","","","","NA"
"-123.32","48.41","VICTORIA GONZALES CS","1018611","2018-10-02 10:00","2018","10","02","10:00","14.3","","8.0","","66","","0.0","","27","","33","","","","99.76","","","","","","NA"
"-123.32","48.41","VICTORIA GONZALES CS","1018611","2018-10-02 11:00","2018","10","02","11:00","14.4","","5.7","","56","","0.0","","26","","37","","","","99.80","","","","","","NA"
"-123.32","48.41","VICTORIA GONZALES CS","1018611","2018-10-02 12:00","2018","10","02","12:00","14.5","","5.0","","53","","0.0","","27","","28","","","","99.81","","","","","","NA"
"-123.32","48.41","VICTORIA GONZALES CS","1018611","2018-10-02 13:00","2018","10","02","13:00","15.3","","4.9","","50","","0.0","","26","","29","","","","99.80","","","","","","NA"
"-123.32","48.41","VICTORIA GONZALES CS","1018611","2018-10-02 14:00","2018","10","02","14:00","15.4","","2.0","","40","","0.0","","26","","29","","","","99.81","","","","","","NA"
"-123.32","48.41","VICTORIA GONZALES CS","1018611","2018-10-02 15:00","2018","10","02","15:00","14.3","","2.7","","46","","0.0","","27","","27","","","","99.91","","","","","","NA"
"-123.32","48.41","VICTORIA GONZALES CS","1018611","2018-10-02 16:00","2018","10","02","16:00","13.3","","1.0","","43","","0.0","","27","","25","","","","99.99","","","","","","NA"
"-123.32","48.41","VICTORIA GONZALES CS","1018611","2018-10-02 17:00","2018","10","02","17:00","12.0","","0.5","","45","","0.0","","28","","17","","","","100.11","","","","","","NA"
"-123.32","48.41","VICTORIA GONZALES CS","1018611","2018-10-02 18:00","2018","10","02","18:00","10.2","","4.9","","70","","0.0","","5","","3","","","","100.21","","","","","","NA"
"-123.32","48.41","VICTORIA GONZALES CS","1018611","2018-10-02 19:00","2018","10","02","19:00","9.1","","4.7","","74","","0.0","","6","","4","","","","100.31","","","","","","NA"
"-123.32","48.41","VICTORIA GONZALES CS","1018611","2018-10-02 20:00","2018","10","02","20:00","9.9","","4.8","","71","","0.0","","16","","4","","","","100.42","","","","","","NA"
"-123.32","48.41","VICTORIA GONZALES CS","1018611","2018-10-02 21:00","2018","10","02","21:00","9.5","","4.5","","71","","0.0","","1","","7","","","","100.51","","","","","","NA"
"-123.32","48.41","VICTORIA GONZALES CS","1018611","2018-10-02 22:00","2018","10","02","22:00","9.2","","4.6","","73","","0.0","","36","","5","","","","100.61","","","","","","NA"
"-123.32","48.41","VICTORIA GONZALES CS","1018611","2018-10-02 23:00","2018","10","02","23:00","8.4","","3.0","","69","","0.0","","1","","11","","","","100.67","","","","","","NA"
"-123.32","48.41","VICTORIA GONZALES CS","1018611","2018-10-03 00:00","2018","10","03","00:00","7.7","","3.4","","74","","0.0","","36","","7","","","","100.72","","","","","","NA"
"-123.32","48.41","VICTORIA GONZALES CS","1018611","2018-10-03 01:00","2018","10","03","01:00","6.7","","3.6","","81","","0.0","","1","","12","","","","100.75","","","","","","NA"
"-123.32","48.41","VICTORIA GONZALES CS","1018611","2018-10-03 02:00","2018","10","03","02:00","6.6","","4.1","","84","","0.0","","8","","6","","","","100.82","","","","","","NA"
"-123.32","48.41","VICTORIA GONZALES CS","1018611","2018-10-03 03:00","2018","10","03","03:00","5.8","","2.0","","76","","0.0","","1","","15","","","","100.83","","","","","","NA"
"-123.32","48.41","VICTORIA GONZALES CS","1018611","2018-10-03 04:00","2018","10","03","04:00","5.7","","1.4","","74","","0.0","","2","","12","","","","100.83","","","","","","NA"
"-123.32","48.41","VICTORIA GONZALES CS","1018611","2018-10-03 05:00","2018","10","03","05:00","5.5","","2.8","","83","","0.0","","3","","12","","","","100.90","","","","","","NA"
"-123.32","48.41","VICTORIA GONZALES CS","1018611","2018-10-03 06:00","2018","10","03","06:00","5.5","","3.2","","86","","0.0","","36","","10","","","","100.95","","","","","","NA"
"-123.32","48.41","VICTORIA GONZALES CS","1018611","2018-10-03 07:00","2018","10","03","07:00","6.3","","3.4","","81","","0.0","","1","","12","","","","100.95","","","","","","NA"
"-123.32","48.41","VICTORIA GONZALES CS","1018611","2018-10-03 08:00","2018","10","03","08:00","8.2","","3.6","","73","","0.0","","2","","9","","","","100.95","","","","","","NA"
"-123.32","48.41","VICTORIA GONZALES CS","1018611","2018-10-03 09:00","2018","10","03","09:00","9.1","","4.5","","73","","0.0","","8","","6","","","","100.93","","","","","","NA"
"-123.32","48.41","VICTORIA GONZALES CS","1018611","2018-10-03 10:00","2018","10","03","10:00","10.3","","3.4","","62","","0.0","","3","","5","","","","100.92","","","","","","NA"
"-123.32","48.41","VICTORIA GONZALES CS","1018611","2018-10-03 11:00","2018","10","03","11:00","10.5","","3.7","","63","","0.0","","21","","3","","","","100.91","","","","","","NA"
"-123.32","48.41","VICTORIA GONZALES CS","1018611","2018-10-03 12:00","2018","10","03","12:00","11.2","","3.4","","59","","0.0","","1","","11","","","","100.87","","","","","","NA"
"-123.32","48.41","VICTORIA GONZALES CS","1018611","2018-10-03 13:00","2018","10","03","13:00","11.0","","3.1","","58","","0.0","","3","","12","","","","100.82","","","","","","NA"
"-123.32","48.41","VICTORIA GONZALES CS","1018611","2018-10-03 14:00","2018","10","03","14:00","10.3","","1.5","","54","","0.0","","4","","12","","","","100.79","","","","","","NA"
"-123.32","48.41","VICTORIA GONZALES CS","1018611","2018-10-03 15:00","2018","10","03","15:00","10.0","","1.3","","55","","0.0","","3","","15","","","","100.74","","","","","","NA"
"-123.32","48.41","VICTORIA GONZALES CS","1018611","2018-10-03 16:00","2018","10","03","16:00","9.6","","1.7","","58","","0.0","","3","","12","","","","100.70","","","","","","NA"
"-123.32","48.41","VICTORIA GONZALES CS","1018611","2018-10-03 17:00","2018","10","03","17:00","9.2","","2.7","","64","","0.0","","2","","11","","","","100.70","","","","","","NA"
"-123.32","48.41","VICTORIA GONZALES CS","1018611","2018-10-03 18:00","2018","10","03","18:00","8.9","","2.5","","64","","0.0","","1","","10","","","","100.63","","","","","","NA"
"-123.32","48.41","VICTORIA GONZALES CS","1018611","2018-10-03 19:00","2018","10","03","19:00","8.7","","3.1","","68","","0.0","","2","","12","","","","100.60","","","","","","NA"
"-123.32","48.41","VICTORIA GONZALES CS","1018611","2018-10-03 20:00","2018","10","03","20:00","8.5","","2.2","","64","","0.0","","1","","14","","","","100.60","","","","","","NA"
"-123.32","48.41","VICTORIA GONZALES CS","1018611","2018-10-03 21:00","2018","10","03","21:00","7.4","","2.8","","72","","0.0","","1","","16","","","","100.56","","","","","","NA"
"-123.32","48.41","VICTORIA GONZALES CS","1018611","2018-10-03 22:00","2018","10","03","22:00","7.1","","2.4","","72","","0.0","","36","","16","","","","100.58","","","","","","NA"
"-123.32","48.41","VICTORIA GONZALES CS","1018611","2018-10-03 23:00","2018","10","03","23:00","7.2","","2.0","","69","","0.0","","36","","15","","","","100.57","","","","","","NA"
"-123.32","48.41","VICTORIA GONZALES CS","1018611","2018-10-04 00:00","2018","10","04","00:00","6.8","","1.4","","69","","0.0","","1","","16","","","","100.56","","","","","","NA"
"-123.32","48.41","VICTORIA GONZALES CS","1018611","2018-10-04 01:00","2018","10","04","01:00","6.7","","0.8","","66","","0.0","","1","","17","","","","100.55","","","","","","NA"
"-123.32","48.41","VICTORIA GONZALES CS","1018611","2018-10-04 02:00","2018","10","04","02:00","6.8","","1.4","","68","","0.0","","36","","15","","","","100.57","","","","","","NA"
"-123.32","48.41","VICTORIA GONZALES CS","1018611","2018-10-04 03:00","2018","10","04","03:00","6.3","","0.9","","68","","0.0","","35","","14","","","","100.58","","","","","","NA"
"-123.32","48.41","VICTORIA GONZALES CS","1018611","2018-10-04 04:00","2018","10","04","04:00","6.0","","1.5","","73","","0.0","","1","","15","","","","100.56","","","","","","NA"
"-123.32","48.41","VICTORIA GONZALES CS","1018611","2018-10-04 05:00","2018","10","04","05:00","6.2","","2.1","","75","","0.0","","36","","16","","","","100.58","","","","","","NA"
"-123.32","48.41","VICTORIA GONZALES CS","1018611","2018-10-04 06:00","2018","10","04","06:00","5.6","","1.9","","77","","0.0","","1","","17","","","","100.61","","","","","","NA"
"-123.32","48.41","VICTORIA GONZALES CS","1018611","2018-10-04 07:00","2018","10","04","07:00","6.1","","3.1","","81","","0.0","","1","","15","","","","100.67","","","","","","NA"
"-123.32","48.41","VICTORIA GONZALES CS","1018611","2018-10-04 08:00","2018","10","04","08:00","8.2","","4.3","","76","","0.0","","35","","4","","","","100.73","","","","","","NA"
"-123.32","48.41","VICTORIA GONZALES CS","1018611","2018-10-04 09:00","2018","10","04","09:00","10.3","","5.4","","72","","0.0","","2","","14","","","","100.75","","","","","","NA"
"-123.32","48.41","VICTORIA GONZALES CS","1018611","2018-10-04 10:00","2018","10","04","10:00","9.6","","5.4","","75","","0.0","","2","","18","","","","100.80","","","","","","NA"
"-123.32","48.41","VICTORIA GONZALES CS","1018611","2018-10-04 11:00","2018","10","04","11:00","12.7","","6.3","","65","","0.0","","3","","6","","","","100.83","","","","","","NA"
"-123.32","48.41","VICTORIA GONZALES CS","1018611","2018-10-04 12:00","2018","10","04","12:00","13.1","","5.5","","60","","0.0","","4","","8","","","","100.85","","","","","","NA"
"-123.32","48.41","VICTORIA GONZALES CS","1018611","2018-10-04 13:00","2018","10","04","13:00","14.1","","5.6","","57","","0.0","","8","","11","","","","100.83","","","","","","NA"
"-123.32","48.41","VICTORIA GONZALES CS","1018611","2018-10-04 14:00","2018","10","04","14:00","12.7","","6.4","","65","","0.0","","17","","11","","","","100.84","","","","","","NA"
"-123.32","48.41","VICTORIA GONZALES CS","1018611","2018-10-04 15:00","2018","10","04","15:00","11.3","","6.7","","73","","0.0","","21","","9","","","","100.88","","","","","","NA"
"-123.32","48.41","VICTORIA GONZALES CS","1018611","2018-10-04 16:00","2018","10","04","16:00","10.9","","7.0","","77","","0.0","","22","","8","","","","100.92","","","","","","NA"
"-123.32","48.41","VICTORIA GONZALES CS","1018611","2018-10-04 17:00","2018","10","04","17:00","10.1","","5.7","","74","","0.0","","22","","6","","","","100.92","","","","","","NA"
"-123.32","48.41","VICTORIA GONZALES CS","1018611","2018-10-04 18:00","2018","10","04","18:00","9.8","","6.6","","81","","0.0","","24","","8","","","","100.98","","","","","","NA"
"-123.32","48.41","VICTORIA GONZALES CS","1018611","2018-10-04 19:00","2018","10","04","19:00","9.8","","7.0","","83","","0.0","","24","","8","","","","100.99","","","","","","NA"
"-123.32","48.41","VICTORIA GONZALES CS","1018611","2018-10-04 20:00","2018","10","04","20:00","9.7","","7.0","","83","","0.0","","22","","12","","","","100.98","","","","","","NA"
"-123.32","48.41","VICTORIA GONZALES CS","1018611","2018-10-04 21:00","2018","10","04","21:00","9.2","","5.9","","80","","0.0","","25","","13","","","","101.01","","","","","","NA"
"-123.32","48.41","VICTORIA GONZALES CS","1018611","2018-10-04 22:00","2018","10","04","22:00","8.9","","4.9","","76","","0.0","","24","","11","","","","101.05","","","","","","NA"
"-123.32","48.41","VICTORIA GONZALES CS","1018611","2018-10-04 23:00","2018","10","04","23:00","8.7","","6.1","","84","","0.0","","25","","12","","","","101.05","","","","","","NA"
"-123.32","48.41","VICTORIA GONZALES CS","1018611","2018-10-05 00:00","2018","10","05","00:00","8.8","","7.1","","89","","0.0","","24","","11","","","","101.04","","","","","","NA"
"-123.32","48.41","VICTORIA GONZALES CS","1018611","2018-10-05 01:00","2018","10","05","01:00","8.7","","6.9","","89","","0.0","","20","","10","","","","101.02","","","","","","NA"
"-123.32","48.41","VICTORIA GONZALES CS","1018611","2018-10-05 02:00","2018","10","05","02:00","9.2","","6.9","","86","","0.0","","22","","10","","","","100.98","","","","","","NA"
"-123.32","48.41","VICTORIA GONZALES CS","1018611","2018-10-05 03:00","2018","10","05","03:00","8.6","","6.9","","89","","0.0","","14","","7","","","","100.94","","","","","","NA"
"-123.32","48.41","VICTORIA GONZALES CS","1018611","2018-10-05 04:00","2018","10","05","04:00","8.5","","6.6","","88","","0.0","","7","","3","","","","100.95","","","","","","NA"
"-123.32","48.41","VICTORIA GONZALES CS","1018611","2018-10-05 05:00","2018","10","05","05:00","8.1","","6.7","","91","","0.0","","4","","4","","","","100.98","","","","","","NA"
"-123.32","48.41","VICTORIA GONZALES CS","1018611","2018-10-05 06:00","2018","10","05","06:00","8.3","","7.2","","93","","0.0","","6","","4","","","","100.95","","","","","","NA"
"-123.32","48.41","VICTORIA GONZALES CS","1018611","2018-10-05 07:00","2018","10","05","07:00","8.3","","7.4","","94","","0.2","","5","","4","","","","100.90","","","","","","NA"
"-123.32","48.41","VICTORIA GONZALES CS","1018611","2018-10-05 08:00","2018","10","05","08:00","9.0","","8.2","","95","","0.4","","7","","5","","","","100.87","","","","","","NA"
"-123.32","48.41","VICTORIA GONZALES CS","1018611","2018-10-05 09:00","2018","10","05","09:00","8.4","","7.7","","95","","0.6","","9","","9","","","","100.84","","","","","","NA"
"-123.32","48.41","VICTORIA GONZALES CS","1018611","2018-10-05 10:00","2018","10","05","10:00","9.0","","8.4","","96","","0.6","","8","","7","","","","100.75","","","","","","NA"
"-123.32","48.41","VICTORIA GONZALES CS","1018611","2018-10-05 11:00","2018","10","05","11:00","9.2","","8.5","","95","","0.2","","10","","12","","","","100.71","","","","","","NA"
"-123.32","48.41","VICTORIA GONZALES CS","1018611","2018-10-05 12:00","2018","10","05","12:00","9.2","","8.5","","95","","0.8","","8","","17","","","","100.64","","","","","","NA"
"-123.32","48.41","VICTORIA GONZALES CS","1018611","2018-10-05 13:00","2018","10","05","13:00","9.2","","8.5","","95","","0.8","","10","","18","","","","100.55","","","","","","NA"
"-123.32","48.41","VICTORIA GONZALES CS","1018611","2018-10-05 14:00","2018","10","05","14:00","9.4","","8.7","","96","","0.8","","8","","17","","","","100.53","","","","","","NA"
"-123.32","48.41","VICTORIA GONZALES CS","1018611","2018-10-05 15:00","2018","10","05","15:00","9.6","","9.0","","96","","0.4","","7","","11","","","","100.50","","","","","","NA"
"-123.32","48.41","VICTORIA GONZALES CS","1018611","2018-10-05 16:00","2018","10","05","16:00","9.8","","9.2","","96","","0.4","","6","","10","","","","100.51","","","","","","NA"
"-123.32","48.41","VICTORIA GONZALES CS","1018611","2018-10-05 17:00","2018","10","05","17:00","9.6","","8.9","","96","","0.2","","5","","8","","","","100.50","","","","","","NA"
"-123.32","48.41","VICTORIA GONZALES CS","1018611","2018-10-05 18:00","2018","10","05","18:00","9.2","","8.6","","96","","0.0","","3","","12","","","","100.52","","","","","","NA"
"-123.32","48.41","VICTORIA GONZALES CS","1018611","2018-10-05 19:00","2018","10","05","19:00","9.2","","8.5","","96","","0.0","","3","","13","","","","100.53","","","","","","NA"
"-123.32","48.41","VICTORIA GONZALES CS","1018611","2018-10-05 20:00","2018","10","05","20:00","9.4","","8.6","","95","","0.0","","1","","14","","","","100.56","","","","","","NA"
"-123.32","48.41","VICTORIA GONZALES CS","1018611","2018-10-05 21:00","2018","10","05","21:00","9.1","","8.2","","94","","0.0","","1","","12","","","","100.58","","","","","","NA"
"-123.32","48.41","VICTORIA GONZALES CS","1018611","2018-10-05 22:00","2018","10","05","22:00","8.8","","8.0","","95","","0.0","","1","","11","","","","100.59","","","","","","NA"
"-123.32","48.41","VICTORIA GONZALES CS","1018611","2018-10-05 23:00","2018","10","05","23:00","8.3","","7.5","","95","","0.0","","1","","11","","","","100.63","","","","","","NA"
"-123.32","48.41","VICTORIA GONZALES CS","1018611","2018-10-06 00:00","2018","10","06","00:00","8.3","","7.5","","95","","0.0","","34","","9","","","","100.70","","","","","","NA"
"-123.32","48.41","VICTORIA GONZALES CS","1018611","2018-10-06 01:00","2018","10","06","01:00","8.0","","6.9","","92","","0.0","","27","","6","","","","100.73","","","","","","NA"
"-123.32","48.41","VICTORIA GONZALES CS","1018611","2018-10-06 02:00","2018","10","06","02:00","7.7","","6.4","","92","","0.0","","28","","4","","","","100.79","","","","","","NA"
"-123.32","48.41","VICTORIA GONZALES CS","1018611","2018-10-06 03:00","2018","10","06","03:00","7.8","","6.9","","94","","0.0","","28","","7","","","","100.82","","","","","","NA"
"-123.32","48.41","VICTORIA GONZALES CS","1018611","2018-10-06 04:00","2018","10","06","04:00","7.5","","6.6","","94","","0.0","","31","","6","","","","100.88","","","","","","NA"
"-123.32","48.41","VICTORIA GONZALES CS","1018611","2018-10-06 05:00","2018","10","06","05:00","7.4","","6.3","","93","","0.0","","30","","11","","","","100.98","","","","","","NA"
"-123.32","48.41","VICTORIA GONZALES CS","1018611","2018-10-06 06:00","2018","10","06","06:00","8.1","","6.6","","90","","0.0","","29","","10","","","","101.00","","","","","","NA"
"-123.32","48.41","VICTORIA GONZALES CS","1018611","2018-10-06 07:00","2018","10","06","07:00","8.3","","6.2","","87","","0.0","","32","","7","","","","101.09","","","","","","NA"
"-123.32","48.41","VICTORIA GONZALES CS","1018611","2018-10-06 08:00","2018","10","06","08:00","10.0","","6.8","","80","","0.0","","31","","7","","","","101.14","","","","","","NA"
"-123.32","48.41","VICTORIA GONZALES CS","1018611","2018-10-06 09:00","2018","10","06","09:00","12.2","","7.2","","72","","0.0","","36","","3","","","","101.21","","","","","","NA"
"-123.32","48.41","VICTORIA GONZALES CS","1018611","2018-10-06 10:00","2018","10","06","10:00","11.2","","8.1","","81","","0.0","","20","","6","","","","101.25","","","","","","NA"
"-123.32","48.41","VICTORIA GONZALES CS","1018611","2018-10-06 11:00","2018","10","06","11:00","11.4","","8.7","","83","","0.0","","22","","9","","","","101.29","","","","","","NA"
"-123.32","48.41","VICTORIA GONZALES CS","1018611","2018-10-06 12:00","2018","10","06","12:00","12.1","","7.8","","75","","0.0","","20","","5","","","","101.31","","","","","","NA"
"-123.32","48.41","VICTORIA GONZALES CS","1018611","2018-10-06 13:00","2018","10","06","13:00","12.3","","7.4","","72","","0.0","","21","","8","","","","101.29","","","","","","NA"
"-123.32","48.41","VICTORIA GONZALES CS","1018611","2018-10-06 14:00","2018","10","06","14:00","13.2","","6.6","","64","","0.0","","19","","6","","","","101.29","","","","","","NA"
"-123.32","48.41","VICTORIA GONZALES CS","1018611","2018-10-06 15:00","2018","10","06","15:00","12.9","","5.8","","62","","0.0","","20","","7","","","","101.33","","","","","","NA"
"-123.32","48.41","VICTORIA GONZALES CS","1018611","2018-10-06 16:00","2018","10","06","16:00","11.9","","8.1","","78","","0.0","","20","","6","","","","101.36","","","","","","NA"
"-123.32","48.41","VICTORIA GONZALES CS","1018611","2018-10-06 17:00","2018","10","06","17:00","10.9","","8.7","","86","","0.0","","20","","8","","","","101.35","","","","","","NA"
"-123.32","48.41","VICTORIA GONZALES CS","1018611","2018-10-06 18:00","2018","10","06","18:00","10.3","","8.2","","87","","0.0","","20","","6","","","","101.38","","","","","","NA"
"-123.32","48.41","VICTORIA GONZALES CS","1018611","2018-10-06 19:00","2018","10","06","19:00","10.1","","8.6","","91","","0.0","","23","","8","","","","101.40","","","","","","NA"
"-123.32","48.41","VICTORIA GONZALES CS","1018611","2018-10-06 20:00","2018","10","06","20:00","10.0","","7.4","","84","","0.0","","25","","8","","","","101.39","","","","","","NA"
"-123.32","48.41","VICTORIA GONZALES CS","1018611","2018-10-06 21:00","2018","10","06","21:00","9.6","","6.1","","79","","0.0","","18","","2","","","","101.38","","","","","","NA"
"-123.32","48.41","VICTORIA GONZALES CS","1018611","2018-10-06 22:00","2018","10","06","22:00","9.4","","7.7","","89","","0.0","","7","","9","","","","101.39","","","","","","NA"
"-123.32","48.41","VICTORIA GONZALES CS","1018611","2018-10-06 23:00","2018","10","06","23:00","9.6","","8.5","","92","","0.0","","10","","9","","","","101.41","","","","","","NA"
"-123.32","48.41","VICTORIA GONZALES CS","1018611","2018-10-07 00:00","2018","10","07","00:00","9.1","","8.1","","94","","0.0","","23","","3","","","","101.39","","","","","","NA"
"-123.32","48.41","VICTORIA GONZALES CS","1018611","2018-10-07 01:00","2018","10","07","01:00","8.7","","7.9","","94","","0.0","","0","","1","","","","101.38","","","","","","NA"
"-123.32","48.41","VICTORIA GONZALES CS","1018611","2018-10-07 02:00","2018","10","07","02:00","8.8","","8.0","","95","","0.0","","23","","6","","","","101.36","","","","","","NA"
"-123.32","48.41","VICTORIA GONZALES CS","1018611","2018-10-07 03:00","2018","10","07","03:00","9.1","","8.2","","94","","0.0","","18","","3","","","","101.41","","","","","","NA"
"-123.32","48.41","VICTORIA GONZALES CS","1018611","2018-10-07 04:00","2018","10","07","04:00","9.6","","8.9","","95","","0.0","","19","","11","","","","101.33","","","","","","NA"
"-123.32","48.41","VICTORIA GONZALES CS","1018611","2018-10-07 05:00","2018","10","07","05:00","9.5","","8.8","","95","","0.0","","18","","10","","","","101.32","","","","","","NA"
"-123.32","48.41","VICTORIA GONZALES CS","1018611","2018-10-07 06:00","2018","10","07","06:00","9.5","","8.6","","95","","0.2","","13","","11","","","","101.35","","","","","","NA"
"-123.32","48.41","VICTORIA GONZALES CS","1018611","2018-10-07 07:00","2018","10","07","07:00","9.5","","8.8","","96","","0.2","","13","","8","","","","101.37","","","","","","NA"
"-123.32","48.41","VICTORIA GONZALES CS","1018611","2018-10-07 08:00","2018","10","07","08:00","9.7","","9.1","","96","","0.4","","14","","3","","","","101.35","","","","","","NA"
"-123.32","48.41","VICTORIA GONZALES CS","1018611","2018-10-07 09:00","2018","10","07","09:00","10.0","","9.4","","96","","0.2","","4","","4","","","","101.37","","","","","","NA"
"-123.32","48.41","VICTORIA GONZALES CS","1018611","2018-10-07 10:00","2018","10","07","10:00","9.8","","9.3","","96","","0.8","","6","","4","","","","101.34","","","","","","NA"
"-123.32","48.41","VICTORIA GONZALES CS","1018611","2018-10-07 11:00","2018","10","07","11:00","9.9","","9.4","","97","","1.2","","8","","10","","","","101.34","","","","","","NA"
"-123.32","48.41","VICTORIA GONZALES CS","1018611","2018-10-07 12:00","2018","10","07","12:00","9.9","","9.4","","97","","0.2","","8","","7","","","","101.30","","","","","","NA"
"-123.32","48.41","VICTORIA GONZALES CS","1018611","2018-10-07 13:00","2018","10","07","13:00","10.1","","9.6","","97","","0.2","","6","","7","","","","101.27","","","","","","NA"
"-123.32","48.41","VICTORIA GONZALES CS","1018611","2018-10-07 14:00","2018","10","07","14:00","10.5","","9.9","","97","","0.4","","6","","5","","","","101.25","","","","","","NA"
"-123.32","48.41","VICTORIA GONZALES CS","1018611","2018-10-07 15:00","2018","10","07","15:00","10.4","","9.9","","97","","0.2","","5","","5","","","","101.22","","","","","","NA"
"-123.32","48.41","VICTORIA GONZALES CS","1018611","2018-10-07 16:00","2018","10","07","16:00","10.2","","9.7","","97","","0.0","","3","","10","","","","101.19","","","","","","NA"
"-123.32","48.41","VICTORIA GONZALES CS","1018611","2018-10-07 17:00","2018","10","07","17:00","10.2","","9.7","","97","","0.2","","4","","7","","","","101.15","","","","","","NA"
"-123.32","48.41","VICTORIA GONZALES CS","1018611","2018-10-07 18:00","2018","10","07","18:00","10.1","","9.6","","97","","0.0","","3","","10","","","","101.09","","","","","","NA"
"-123.32","48.41","VICTORIA GONZALES CS","1018611","2018-10-07 19:00","2018","10","07","19:00","10.1","","9.6","","97","","0.6","","3","","10","","","","101.07","","","","","","NA"
"-123.32","48.41","VICTORIA GONZALES CS","1018611","2018-10-07 20:00","2018","10","07","20:00","10.0","","9.6","","97","","0.2","","3","","11","","","","101.06","","","","","","NA"
"-123.32","48.41","VICTORIA GONZALES CS","1018611","2018-10-07 21:00","2018","10","07","21:00","10.1","","9.6","","97","","0.4","","4","","10","","","","101.09","","","","","","NA"
"-123.32","48.41","VICTORIA GONZALES CS","1018611","2018-10-07 22:00","2018","10","07","22:00","10.1","","9.7","","97","","0.4","","4","","7","","","","101.05","","","","","","NA"
"-123.32","48.41","VICTORIA GONZALES CS","1018611","2018-10-07 23:00","2018","10","07","23:00","10.1","","9.7","","98","","0.2","","3","","8","","","","101.01","","","","","","NA"
"-123.32","48.41","VICTORIA GONZALES CS","1018611","2018-10-08 00:00","2018","10","08","00:00","10.1","","9.7","","98","","0.0","","3","","8","","","","101.02","","","","","","NA"
"-123.32","48.41","VICTORIA GONZALES CS","1018611","2018-10-08 01:00","2018","10","08","01:00","10.0","","9.6","","98","","0.4","","3","","10","","","","100.99","","","","","","NA"
"-123.32","48.41","VICTORIA GONZALES CS","1018611","2018-10-08 02:00","2018","10","08","02:00","9.8","","9.5","","98","","0.0","","3","","11","","","","100.94","","","","","","NA"
"-123.32","48.41","VICTORIA GONZALES CS","1018611","2018-10-08 03:00","2018","10","08","03:00","9.8","","9.5","","98","","0.0","","2","","10","","","","100.92","","","","","","NA"
"-123.32","48.41","VICTORIA GONZALES CS","1018611","2018-10-08 04:00","2018","10","08","04:00","9.9","","9.5","","98","","0.2","","2","","13","","","","100.89","","","","","","NA"
"-123.32","48.41","VICTORIA GONZALES CS","1018611","2018-10-08 05:00","2018","10","08","05:00","9.7","","9.4","","98","","0.2","","3","","10","","","","100.87","","","","","","NA"
"-123.32","48.41","VICTORIA GONZALES CS","1018611","2018-10-08 06:00","2018","10","08","06:00","9.7","","9.4","","98","","0.2","","2","","10","","","","100.87","","","","","","NA"
"-123.32","48.41","VICTORIA GONZALES CS","1018611","2018-10-08 07:00","2018","10","08","07:00","9.8","","9.5","","98","","0.0","","1","","9","","","","100.84","","","","","","NA"
"-123.32","48.41","VICTORIA GONZALES CS","1018611","2018-10-08 08:00","2018","10","08","08:00","10.1","","9.8","","98","","0.2","","2","","8","","","","100.81","","","","","","NA"
"-123.32","48.41","VICTORIA GONZALES CS","1018611","2018-10-08 09:00","2018","10","08","09:00","10.3","","10.0","","98","","0.8","","2","","8","","","","100.81","","","","","","NA"
"-123.32","48.41","VICTORIA GONZALES CS","1018611","2018-10-08 10:00","2018","10","08","10:00","10.7","","10.4","","98","","0.2","","4","","5","","","","100.75","","","","","","NA"
"-123.32","48.41","VICTORIA GONZALES CS","1018611","2018-10-08 11:00","2018","10","08","11:00","11.0","","10.7","","98","","0.0","","4","","4","","","","100.73","","","","","","NA"
"-123.32","48.41","VICTORIA GONZALES CS","1018611","2018-10-08 12:00","2018","10","08","12:00","11.0","","10.7","","98","","0.2","","4","","5","","","","100.71","","","","","","NA"
"-123.32","48.41","VICTORIA GONZALES CS","1018611","2018-10-08 13:00","2018","10","08","13:00","11.3","","11.0","","98","","0.2","","6","","3","","","","100.66","","","","","","NA"
"-123.32","48.41","VICTORIA GONZALES CS","1018611","2018-10-08 14:00","2018","10","08","14:00","11.3","","11.0","","98","","0.0","","6","","3","","","","100.64","","","","","","NA"
"-123.32","48.41","VICTORIA GONZALES CS","1018611","2018-10-08 15:00","2018","10","08","15:00","11.4","","11.1","","98","","0.0","","7","","3","","","","100.59","","","","","","NA"
"-123.32","48.41","VICTORIA GONZALES CS","1018611","2018-10-08 16:00","2018","10","08","16:00","11.1","","10.6","","97","","0.0","","14","","3","","","","100.53","","","","","","NA"
"-123.32","48.41","VICTORIA GONZALES CS","1018611","2018-10-08 17:00","2018","10","08","17:00","10.4","","9.9","","97","","0.0","","22","","3","","","","100.51","","","","","","NA"
"-123.32","48.41","VICTORIA GONZALES CS","1018611","2018-10-08 18:00","2018","10","08","18:00","10.2","","9.8","","97","","0.0","","24","","7","","","","100.43","","","","","","NA"
"-123.32","48.41","VICTORIA GONZALES CS","1018611","2018-10-08 19:00","2018","10","08","19:00","10.1","","9.8","","98","","0.0","","29","","1","","","","100.45","","","","","","NA"
"-123.32","48.41","VICTORIA GONZALES CS","1018611","2018-10-08 20:00","2018","10","08","20:00","9.9","","9.5","","98","","0.0","","21","","7","","","","100.36","","","","","","NA"
"-123.32","48.41","VICTORIA GONZALES CS","1018611","2018-10-08 21:00","2018","10","08","21:00","9.9","","9.5","","98","","0.2","","21","","9","","","","100.32","","","","","","NA"
"-123.32","48.41","VICTORIA GONZALES CS","1018611","2018-10-08 22:00","2018","10","08","22:00","9.9","","9.6","","98","","0.2","","26","","7","","","","100.23","","","","","","NA"
"-123.32","48.41","VICTORIA GONZALES CS","1018611","2018-10-08 23:00","2018","10","08","23:00","9.9","","9.6","","98","","0.0","","22","","6","","","","100.19","","","","","","NA"
"-123.32","48.41","VICTORIA GONZALES CS","1018611","2018-10-09 00:00","2018","10","09","00:00","10.0","","9.7","","98","","0.0","","26","","18","","","","100.11","","","","","","NA"
"-123.32","48.41","VICTORIA GONZALES CS","1018611","2018-10-09 01:00","2018","10","09","01:00","9.9","","9.6","","98","","0.6","","28","","6","","","","100.18","","","","","","NA"
"-123.32","48.41","VICTORIA GONZALES CS","1018611","2018-10-09 02:00","2018","10","09","02:00","10.2","","10.0","","98","","0.0","","26","","10","","","","100.15","","","","","","NA"
"-123.32","48.41","VICTORIA GONZALES CS","1018611","2018-10-09 03:00","2018","10","09","03:00","10.5","","10.3","","98","","0.0","","27","","10","","","","100.18","","","","","","NA"
"-123.32","48.41","VICTORIA GONZALES CS","1018611","2018-10-09 04:00","2018","10","09","04:00","10.5","","10.2","","98","","0.0","","30","","6","","","","100.24","","","","","","NA"
"-123.32","48.41","VICTORIA GONZALES CS","1018611","2018-10-09 05:00","2018","10","09","05:00","10.1","","9.7","","98","","0.0","","27","","2","","","","100.31","","","","","","NA"
"-123.32","48.41","VICTORIA GONZALES CS","1018611","2018-10-09 06:00","2018","10","09","06:00","10.1","","9.7","","97","","0.0","","36","","8","","","","100.37","","","","","","NA"
"-123.32","48.41","VICTORIA GONZALES CS","1018611","2018-10-09 07:00","2018","10","09","07:00","10.0","","9.5","","97","","0.0","","35","","10","","","","100.45","","","","","","NA"
"-123.32","48.41","VICTORIA GONZALES CS","1018611","2018-10-09 08:00","2018","10","09","08:00","10.9","","10.2","","96","","0.0","","32","","7","","","","100.49","","","","","","NA"
"-123.32","48.41","VICTORIA GONZALES CS","1018611","2018-10-09 09:00","2018","10","09","09:00","12.6","","10.8","","89","","0.0","","2","","15","","","","100.55","","","","","","NA"
"-123.32","48.41","VICTORIA GONZALES CS","1018611","2018-10-09 10:00","2018","10","09","10:00","13.5","","9.8","","79","","0.0","","1","","20","","","","100.61","","","","","","NA"
"-123.32","48.41","VICTORIA GONZALES CS","1018611","2018-10-09 11:00","2018","10","09","11:00","15.0","","10.3","","73","","0.0","","36","","14","","","","100.67","","","","","","NA"
"-123.32","48.41","VICTORIA GONZALES CS","1018611","2018-10-09 12:00","2018","10","09","12:00"
"-123.32","48.41","VICTORIA GONZALES CS","1018611","2018-10-09 13:00","2018","10","09","13:00","14.1","","9.7","","75","","0.0","","1","","2","","","","100.68","","","","","","NA"
"-123.32","48.41","VICTORIA GONZALES CS","1018611","2018-10-09 14:00","2018","10","09","14:00","14.6","","9.2","","70","","0.2","","22","","7","","","","100.68","","","","","","NA"
"-123.32","48.41","VICTORIA GONZALES CS","1018611","2018-10-09 15:00","2018","10","09","15:00","14.1","","9.0","","72","","0.0","","21","","7","","","","100.70","","","","","","NA"
"-123.32","48.41","VICTORIA GONZALES CS","1018611","2018-10-09 16:00","2018","10","09","16:00","13.9","","8.5","","70","","0.0","","19","","4","","","","100.67","","","","","","NA"
"-123.32","48.41","VICTORIA GONZALES CS","1018611","2018-10-09 17:00","2018","10","09","17:00","13.1","","8.6","","74","","0.0","","19","","3","","","","100.70","","","","","","NA"
"-123.32","48.41","VICTORIA GONZALES CS","1018611","2018-10-09 18:00","2018","10","09","18:00","12.4","","8.0","","75","","0.0","","26","","4","","","","100.70","","","","","","NA"
"-123.32","48.41","VICTORIA GONZALES CS","1018611","2018-10-09 19:00","2018","10","09","19:00","12.0","","7.5","","74","","0.0","","28","","4","","","","100.73","","","","","","NA"
"-123.32","48.41","VICTORIA GONZALES CS","1018611","2018-10-09 20:00","2018","10","09","20:00","12.4","","7.9","","74","","0.0","","29","","9","","","","100.75","","","","","","NA"
"-123.32","48.41","VICTORIA GONZALES CS","1018611","2018-10-09 21:00","2018","10","09","21:00","12.8","","7.8","","72","","0.0","","29","","9","","","","100.77","","","","","","NA"
"-123.32","48.41","VICTORIA GONZALES CS","1018611","2018-10-09 22:00","2018","10","09","22:00","11.7","","8.2","","79","","0.0","","25","","3","","","","100.79","","","","","","NA"
"-123.32","48.41","VICTORIA GONZALES CS","1018611","2018-10-09 23:00","2018","10","09","23:00","11.0","","8.0","","81","","0.0","","11","","3","","","","100.81","","","","","","NA"
"-123.32","48.41","VICTORIA GONZALES CS","1018611","2018-10-10 00:00","2018","10","10","00:00","11.5","","8.9","","84","","0.0","","35","","10","","","","100.81","","","","","","NA"
"-123.32","48.41","VICTORIA GONZALES CS","1018611","2018-10-10 01:00","2018","10","10","01:00","10.4","","8.3","","87","","0.0","","36","","10","","","","100.81","","","","","","NA"
"-123.32","48.41","VICTORIA GONZALES CS","1018611","2018-10-10 02:00","2018","10","10","02:00","10.5","","8.6","","88","","0.0","","36","","8","","","","100.82","","","","","","NA"
"-123.32","48.41","VICTORIA GONZALES CS","1018611","2018-10-10 03:00","2018","10","10","03:00","9.9","","8.4","","91","","0.0","","5","","8","","","","100.82","","","","","","NA"
"-123.32","48.41","VICTORIA GONZALES CS","1018611","2018-10-10 04:00","2018","10","10","04:00","9.5","","8.4","","93","","0.0","","4","","6","","","","100.79","","","","","","NA"
"-123.32","48.41","VICTORIA GONZALES CS","1018611","2018-10-10 05:00","2018","10","10","05:00","9.2","","8.3","","94","","0.0","","2","","12","","","","100.79","","","","","","NA"
"-123.32","48.41","VICTORIA GONZALES CS","1018611","2018-10-10 06:00","2018","10","10","06:00","8.9","","8.0","","94","","0.0","","36","","8","","","","100.84","","","","","","NA"
"-123.32","48.41","VICTORIA GONZALES CS","1018611","2018-10-10 07:00","2018","10","10","07:00","8.9","","8.1","","95","","0.0","","1","","11","","","","100.85","","","","","","NA"
"-123.32","48.41","VICTORIA GONZALES CS","1018611","2018-10-10 08:00","2018","10","10","08:00"
"-123.32","48.41","VICTORIA GONZALES CS","1018611","2018-10-10 09:00","2018","10","10","09:00"
"-123.32","48.41","VICTORIA GONZALES CS","1018611","2018-10-10 10:00","2018","10","10","10:00"
"-123.32","48.41","VICTORIA GONZALES CS","1018611","2018-10-10 11:00","2018","10","10","11:00","14.7","","8.8","","68","","0.0","","1","","15","","","","100.92","","","","","","NA"
"-123.32","48.41","VICTORIA GONZALES CS","1018611","2018-10-10 12:00","2018","10","10","12:00","14.9","","8.3","","65","","0.0","","2","","14","","","","100.91","","","","","","NA"
"-123.32","48.41","VICTORIA GONZALES CS","1018611","2018-10-10 13:00","2018","10","10","13:00","15.2","","7.6","","61","","0.0","","3","","10","","","","100.90","","","","","","NA"
"-123.32","48.41","VICTORIA GONZALES CS","1018611","2018-10-10 14:00","2018","10","10","14:00","15.5","","7.8","","60","","0.0","","2","","9","","","","100.88","","","","","","NA"
"-123.32","48.41","VICTORIA GONZALES CS","1018611","2018-10-10 15:00","2018","10","10","15:00","14.6","","7.8","","63","","0.0","","6","","5","","","","100.85","","","","","","NA"
"-123.32","48.41","VICTORIA GONZALES CS","1018611","2018-10-10 16:00","2018","10","10","16:00","14.7","","8.0","","64","","0.0","","36","","6","","","","100.86","","","","","","NA"
"-123.32","48.41","VICTORIA GONZALES CS","1018611","2018-10-10 17:00","2018","10","10","17:00","13.7","","7.7","","67","","0.0","","36","","4","","","","100.89","","","","","","NA"
"-123.32","48.41","VICTORIA GONZALES CS","1018611","2018-10-10 18:00","2018","10","10","18:00","12.1","","8.0","","76","","0.0","","31","","5","","","","100.89","","","","","","NA"
"-123.32","48.41","VICTORIA GONZALES CS","1018611","2018-10-10 19:00","2018","10","10","19:00","11.0","","7.6","","79","","0.0","","30","","4","","","","100.92","","","","","","NA"
"-123.32","48.41","VICTORIA GONZALES CS","1018611","2018-10-10 20:00","2018","10","10","20:00","10.7","","7.3","","79","","0.0","","33","","4","","","","100.94","","","","","","NA"
"-123.32","48.41","VICTORIA GONZALES CS","1018611","2018-10-10 21:00","2018","10","10","21:00","9.9","","7.9","","87","","0.0","","1","","11","","","","100.95","","","","","","NA"
"-123.32","48.41","VICTORIA GONZALES CS","1018611","2018-10-10 22:00","2018","10","10","22:00","10.1","","8.3","","89","","0.0","","35","","9","","","","100.99","","","","","","NA"
"-123.32","48.41","VICTORIA GONZALES CS","1018611","2018-10-10 23:00","2018","10","10","23:00","9.7","","8.0","","89","","0.0","","30","","5","","","","101.02","","","","","","NA"
"-123.32","48.41","VICTORIA GONZALES CS","1018611","2018-10-11 00:00","2018","10","11","00:00","9.5","","7.8","","89","","0.0","","34","","13","","","","101.05","","","","","","NA"
"-123.32","48.41","VICTORIA GONZALES CS","1018611","2018-10-11 01:00","2018","10","11","01:00","9.9","","7.8","","86","","0.0","","34","","12","","","","101.10","","","","","","NA"
"-123.32","48.41","VICTORIA GONZALES CS","1018611","2018-10-11 02:00","2018","10","11","02:00","9.4","","7.4","","87","","0.0","","32","","6","","","","101.11","","","","","","NA"
"-123.32","48.41","VICTORIA GONZALES CS","1018611","2018-10-11 03:00","2018","10","11","03:00","9.1","","7.1","","87","","0.0","","35","","8","","","","101.11","","","","","","NA"
"-123.32","48.41","VICTORIA GONZALES CS","1018611","2018-10-11 04:00","2018","10","11","04:00","8.5","","6.7","","88","","0.0","","36","","10","","","","101.13","","","","","","NA"
"-123.32","48.41","VICTORIA GONZALES CS","1018611","2018-10-11 05:00","2018","10","11","05:00","8.4","","6.8","","90","","0.0","","36","","10","","","","101.16","","","","","","NA"
"-123.32","48.41","VICTORIA GONZALES CS","1018611","2018-10-11 06:00","2018","10","11","06:00","8.2","","6.7","","90","","0.0","","36","","13","","","","101.19","","","","","","NA"
"-123.32","48.41","VICTORIA GONZALES CS","1018611","2018-10-11 07:00","2018","10","11","07:00","8.4","","6.9","","90","","0.0","","36","","9","","","","101.20","","","","","","NA"
"-123.32","48.41","VICTORIA GONZALES CS","1018611","2018-10-11 08:00","2018","10","11","08:00","9.3","","7.4","","88","","0.0","","36","","7","","","","101.21","","","","","","NA"
"-123.32","48.41","VICTORIA GONZALES CS","1018611","2018-10-11 09:00","2018","10","11","09:00","11.9","","8.4","","79","","0.0","","3","","3","","","","101.25","","","","","","NA"
"-123.32","48.41","VICTORIA GONZALES CS","1018611","2018-10-11 10:00","2018","10","11","10:00","12.6","","7.2","","70","","0.0","","3","","13","","","","101.24","","","","","","NA"
"-123.32","48.41","VICTORIA GONZALES CS","1018611","2018-10-11 11:00","2018","10","11","11:00","14.1","","6.7","","61","","0.0","","2","","9","","","","101.26","","","","","","NA"
"-123.32","48.41","VICTORIA GONZALES CS","1018611","2018-10-11 12:00","2018","10","11","12:00","14.3","","6.6","","60","","0.0","","4","","7","","","","101.26","","","","","","NA"
"-123.32","48.41","VICTORIA GONZALES CS","1018611","2018-10-11 13:00","2018","10","11","13:00","14.9","","6.3","","56","","0.0","","6","","5","","","","101.20","","","","","","NA"
"-123.32","48.41","VICTORIA GONZALES CS","1018611","2018-10-11 14:00","2018","10","11","14:00","13.5","","7.0","","65","","0.0","","11","","7","","","","101.18","","","","","","NA"
"-123.32","48.41","VICTORIA GONZALES CS","1018611","2018-10-11 15:00","2018","10","11","15:00","12.5","","6.3","","66","","0.0","","12","","6","","","","101.16","","","","","","NA"
"-123.32","48.41","VICTORIA GONZALES CS","1018611","2018-10-11 16:00","2018","10","11","16:00","12.5","","6.9","","69","","0.0","","11","","3","","","","101.13","","","","","","NA"
"-123.32","48.41","VICTORIA GONZALES CS","1018611","2018-10-11 17:00","2018","10","11","17:00","11.9","","6.9","","72","","0.0","","18","","3","","","","101.10","","","","","","NA"
"-123.32","48.41","VICTORIA GONZALES CS","1018611","2018-10-11 18:00","2018","10","11","18:00","10.7","","6.1","","73","","0.0","","23","","3","","","","101.09","","","","","","NA"
"-123.32","48.41","VICTORIA GONZALES CS","1018611","2018-10-11 19:00","2018","10","11","19:00","10.5","","6.0","","74","","0.0","","24","","6","","","","101.11","","","","","","NA"
"-123.32","48.41","VICTORIA GONZALES CS","1018611","2018-10-11 20:00","2018","10","11","20:00","9.6","","7.6","","87","","0.0","","21","","8","","","","101.11","","","","","","NA"
"-123.32","48.41","VICTORIA GONZALES CS","1018611","2018-10-11 21:00","2018","10","11","21:00","9.6","","7.8","","88","","0.0","","23","","7","","","","101.11","","","","","","NA"
"-123.32","48.41","VICTORIA GONZALES CS","1018611","2018-10-11 22:00","2018","10","11","22:00","9.7","","7.5","","86","","0.0","","23","","11","","","","101.14","","","","","","NA"
"-123.32","48.41","VICTORIA GONZALES CS","1018611","2018-10-11 23:00","2018","10","11","23:00","9.2","","7.0","","86","","0.0","","27","","7","","","","101.15","","","","","","NA"
"-123.32","48.41","VICTORIA GONZALES CS","1018611","2018-10-12 00:00","2018","10","12","00:00","9.0","","7.1","","88","","0.0","","24","","7","","","","101.14","","","","","","NA"
"-123.32","48.41","VICTORIA GONZALES CS","1018611","2018-10-12 01:00","2018","10","12","01:00","8.8","","7.2","","90","","0.0","","24","","13","","","","101.15","","","","","","NA"
"-123.32","48.41","VICTORIA GONZALES CS","1018611","2018-10-12 02:00","2018","10","12","02:00","8.7","","7.4","","92","","0.0","","24","","13","","","","101.18","","","","","","NA"
"-123.32","48.41","VICTORIA GONZALES CS","1018611","2018-10-12 03:00","2018","10","12","03:00","8.5","","7.6","","94","","0.0","","23","","25","","","","101.14","","","","","","NA"
"-123.32","48.41","VICTORIA GONZALES CS","1018611","2018-10-12 04:00","2018","10","12","04:00","8.5","","7.7","","95","","0.0","","22","","19","","","","101.11","","","","","","NA"
"-123.32","48.41","VICTORIA GONZALES CS","1018611","2018-10-12 05:00","2018","10","12","05:00","8.3","","7.6","","95","","0.0","","24","","14","","","","101.08","","","","","","NA"
"-123.32","48.41","VICTORIA GONZALES CS","1018611","2018-10-12 06:00","2018","10","12","06:00","8.2","","7.4","","95","","0.0","","26","","9","","","","101.13","","","","","","NA"
"-123.32","48.41","VICTORIA GONZALES CS","1018611","2018-10-12 07:00","2018","10","12","07:00","8.1","","7.3","","94","","0.0","","28","","4","","","","101.17","","","","","","NA"
"-123.32","48.41","VICTORIA GONZALES CS","1018611","2018-10-12 08:00","2018","10","12","08:00","9.5","","8.6","","94","","0.0","","1","","3","","","","101.20","","","","","","NA"
"-123.32","48.41","VICTORIA GONZALES CS","1018611","2018-10-12 09:00","2018","10","12","09:00","10.4","","9.1","","91","","0.0","","36","","4","","","","101.24","","","","","","NA"
"-123.32","48.41","VICTORIA GONZALES CS","1018611","2018-10-12 10:00","2018","10","12","10:00","10.7","","8.2","","84","","0.0","","20","","7","","","","101.24","","","","","","NA"
"-123.32","48.41","VICTORIA GONZALES CS","1018611","2018-10-12 11:00","2018","10","12","11:00","12.9","","8.9","","77","","0.0","","5","","7","","","","101.26","","","","","","NA"
"-123.32","48.41","VICTORIA GONZALES CS","1018611","2018-10-12 12:00","2018","10","12","12:00","14.0","","8.5","","70","","0.0","","3","","8","","","","101.24","","","","","","NA"
"-123.32","48.41","VICTORIA GONZALES CS","1018611","2018-10-12 13:00","2018","10","12","13:00","13.8","","8.5","","70","","0.0","","12","","8","","","","101.16","","","","","","NA"
"-123.32","48.41","VICTORIA GONZALES CS","1018611","2018-10-12 14:00","2018","10","12","14:00","12.3","","8.5","","77","","0.0","","20","","10","","","","101.15","","","","","","NA"
"-123.32","48.41","VICTORIA GONZALES CS","1018611","2018-10-12 15:00","2018","10","12","15:00","11.4","","8.9","","84","","0.0","","22","","13","","","","101.14","","","","","","NA"
"-123.32","48.41","VICTORIA GONZALES CS","1018611","2018-10-12 16:00","2018","10","12","16:00","12.1","","9.1","","82","","0.0","","24","","9","","","","101.09","","","","","","NA"
"-123.32","48.41","VICTORIA GONZALES CS","1018611","2018-10-12 17:00","2018","10","12","17:00","10.7","","8.6","","87","","0.0","","24","","12","","","","101.06","","","","","","NA"
"-123.32","48.41","VICTORIA GONZALES CS","1018611","2018-10-12 18:00","2018","10","12","18:00","9.9","","8.5","","91","","0.0","","26","","16","","","","101.07","","","","","","NA"
"-123.32","48.41","VICTORIA GONZALES CS","1018611","2018-10-12 19:00","2018","10","12","19:00","9.9","","8.7","","92","","0.0","","25","","17","","","","101.10","","","","","","NA"
"-123.32","48.41","VICTORIA GONZALES CS","1018611","2018-10-12 20:00","2018","10","12","20:00","9.3","","8.1","","92","","0.0","","30","","6","","","","101.16","","","","","","NA"
"-123.32","48.41","VICTORIA GONZALES CS","1018611","2018-10-12 21:00","2018","10","12","21:00","9.7","","8.7","","94","","0.0","","1","","6","","","","101.22","","","","","","NA"
"-123.32","48.41","VICTORIA GONZALES CS","1018611","2018-10-12 22:00","2018","10","12","22:00","9.6","","7.8","","89","","0.0","","27","","4","","","","101.24","","","","","","NA"
"-123.32","48.41","VICTORIA GONZALES CS","1018611","2018-10-12 23:00","2018","10","12","23:00","9.5","","7.5","","87","","0.0","","3","","9","","","","101.34","","","","","","NA"
"-123.32","48.41","VICTORIA GONZALES CS","1018611","2018-10-13 00:00","2018","10","13","00:00","9.9","","6.6","","80","","0.0","","36","","12","","","","101.36","","","","","","NA"
"-123.32","48.41","VICTORIA GONZALES CS","1018611","2018-10-13 01:00","2018","10","13","01:00","9.8","","6.2","","79","","0.0","","33","","7","","","","101.41","","","","","","NA"
"-123.32","48.41","VICTORIA GONZALES CS","1018611","2018-10-13 02:00","2018","10","13","02:00","9.5","","6.3","","81","","0.0","","30","","5","","","","101.46","","","","","","NA"
"-123.32","48.41","VICTORIA GONZALES CS","1018611","2018-10-13 03:00","2018","10","13","03:00","8.7","","5.5","","81","","0.0","","28","","5","","","","101.47","","","","","","NA"
"-123.32","48.41","VICTORIA GONZALES CS","1018611","2018-10-13 04:00","2018","10","13","04:00","9.5","","6.0","","79","","0.0","","30","","9","","","","101.53","","","","","","NA"
"-123.32","48.41","VICTORIA GONZALES CS","1018611","2018-10-13 05:00","2018","10","13","05:00","9.5","","6.0","","79","","0.0","","32","","10","","","","101.61","","","","","","NA"
"-123.32","48.41","VICTORIA GONZALES CS","1018611","2018-10-13 06:00","2018","10","13","06:00","8.7","","5.3","","79","","0.0","","35","","14","","","","101.65","","","","","","NA"
"-123.32","48.41","VICTORIA GONZALES CS","1018611","2018-10-13 07:00","2018","10","13","07:00","8.7","","5.2","","79","","0.0","","34","","7","","","","101.73","","","","","","NA"
"-123.32","48.41","VICTORIA GONZALES CS","1018611","2018-10-13 08:00","2018","10","13","08:00","10.3","","5.7","","73","","0.0","","35","","4","","","","101.79","","","","","","NA"
"-123.32","48.41","VICTORIA GONZALES CS","1018611","2018-10-13 09:00","2018","10","13","09:00","12.4","","6.1","","65","","0.0","","31","","3","","","","101.83","","","","","","NA"
"-123.32","48.41","VICTORIA GONZALES CS","1018611","2018-10-13 10:00","2018","10","13","10:00","14.5","","7.2","","61","","0.0","","33","","5","","","","101.84","","","","","","NA"
"-123.32","48.41","VICTORIA GONZALES CS","1018611","2018-10-13 11:00","2018","10","13","11:00","12.6","","6.3","","65","","0.0","","20","","7","","","","101.84","","","","","","NA"
"-123.32","48.41","VICTORIA GONZALES CS","1018611","2018-10-13 12:00","2018","10","13","12:00","13.9","","5.9","","58","","0.0","","20","","6","","","","101.84","","","","","","NA"
"-123.32","48.41","VICTORIA GONZALES CS","1018611","2018-10-13 13:00","2018","10","13","13:00","16.7","","3.0","","40","","0.0","","1","","8","","","","101.83","","","","","","NA"
"-123.32","48.41","VICTORIA GONZALES CS","1018611","2018-10-13 14:00","2018","10","13","14:00","16.6","","2.4","","38","","0.0","","2","","8","","","","101.82","","","","","","NA"
"-123.32","48.41","VICTORIA GONZALES CS","1018611","2018-10-13 15:00","2018","10","13","15:00","14.4","","5.0","","53","","0.0","","21","","4","","","","101.79","","","","","","NA"
"-123.32","48.41","VICTORIA GONZALES CS","1018611","2018-10-13 16:00","2018","10","13","16:00","15.5","","1.7","","39","","0.0","","36","","11","","","","101.75","","","","","","NA"
"-123.32","48.41","VICTORIA GONZALES CS","1018611","2018-10-13 17:00","2018","10","13","17:00","14.7","","0.7","","38","","0.0","","36","","12","","","","101.74","","","","","","NA"
"-123.32","48.41","VICTORIA GONZALES CS","1018611","2018-10-13 18:00","2018","10","13","18:00","12.5","","1.2","","46","","0.0","","35","","5","","","","101.76","","","","","","NA"
"-123.32","48.41","VICTORIA GONZALES CS","1018611","2018-10-13 19:00","2018","10","13","19:00","11.9","","2.9","","54","","0.0","","2","","10","","","","101.77","","","","","","NA"
"-123.32","48.41","VICTORIA GONZALES CS","1018611","2018-10-13 20:00","2018","10","13","20:00","11.1","","3.1","","58","","0.0","","17","","2","","","","101.79","","","","","","NA"
"-123.32","48.41","VICTORIA GONZALES CS","1018611","2018-10-13 21:00","2018","10","13","21:00","11.6","","1.3","","49","","0.0","","34","","5","","","","101.81","","","","","","NA"
"-123.32","48.41","VICTORIA GONZALES CS","1018611","2018-10-13 22:00","2018","10","13","22:00","11.3","","2.7","","56","","0.0","","32","","7","","","","101.86","","","","","","NA"
"-123.32","48.41","VICTORIA GONZALES CS","1018611","2018-10-13 23:00","2018","10","13","23:00","11.0","","2.6","","56","","0.0","","34","","10","","","","101.88","","","","","","NA"
"-123.32","48.41","VICTORIA GONZALES CS","1018611","2018-10-14 00:00","2018","10","14","00:00","10.3","","3.2","","61","","0.0","","1","","16","","","","101.90","","","","","","NA"
"-123.32","48.41","VICTORIA GONZALES CS","1018611","2018-10-14 01:00","2018","10","14","01:00","10.1","","3.2","","62","","0.0","","1","","20","","","","101.95","","","","","","NA"
"-123.32","48.41","VICTORIA GONZALES CS","1018611","2018-10-14 02:00","2018","10","14","02:00","9.5","","3.8","","68","","0.0","","1","","20","","","","101.95","","","","","","NA"
"-123.32","48.41","VICTORIA GONZALES CS","1018611","2018-10-14 03:00","2018","10","14","03:00","9.6","","4.0","","68","","0.0","","1","","24","","","","101.94","","","","","","NA"
"-123.32","48.41","VICTORIA GONZALES CS","1018611","2018-10-14 04:00","2018","10","14","04:00","9.2","","3.5","","68","","0.0","","1","","22","","","","101.99","","","","","","NA"
"-123.32","48.41","VICTORIA GONZALES CS","1018611","2018-10-14 05:00","2018","10","14","05:00","9.1","","4.3","","72","","0.0","","1","","16","","","","102.01","","","","","","NA"
"-123.32","48.41","VICTORIA GONZALES CS","1018611","2018-10-14 06:00","2018","10","14","06:00","8.5","","4.0","","74","","0.0","","1","","18","","","","102.02","","","","","","NA"
"-123.32","48.41","VICTORIA GONZALES CS","1018611","2018-10-14 07:00","2018","10","14","07:00","8.3","","4.0","","74","","0.0","","1","","14","","","","102.06","","","","","","NA"
"-123.32","48.41","VICTORIA GONZALES CS","1018611","2018-10-14 08:00","2018","10","14","08:00","10.2","","4.3","","67","","0.0","","2","","12","","","","102.11","","","","","","NA"
"-123.32","48.41","VICTORIA GONZALES CS","1018611","2018-10-14 09:00","2018","10","14","09:00","12.2","","4.5","","59","","0.0","","3","","13","","","","102.13","","","","","","NA"
"-123.32","48.41","VICTORIA GONZALES CS","1018611","2018-10-14 10:00","2018","10","14","10:00","13.1","","3.4","","52","","0.0","","2","","17","","","","102.14","","","","","","NA"
"-123.32","48.41","VICTORIA GONZALES CS","1018611","2018-10-14 11:00","2018","10","14","11:00","14.5","","3.2","","47","","0.0","","3","","12","","","","102.16","","","","","","NA"
"-123.32","48.41","VICTORIA GONZALES CS","1018611","2018-10-14 12:00","2018","10","14","12:00","15.0","","1.1","","39","","0.0","","2","","10","","","","102.14","","","","","","NA"
"-123.32","48.41","VICTORIA GONZALES CS","1018611","2018-10-14 13:00","2018","10","14","13:00","15.8","","1.1","","37","","0.0","","6","","6","","","","102.09","","","","","","NA"
"-123.32","48.41","VICTORIA GONZALES CS","1018611","2018-10-14 14:00","2018","10","14","14:00","16.2","","2.4","","39","","0.0","","6","","8","","","","102.06","","","","","","NA"
"-123.32","48.41","VICTORIA GONZALES CS","1018611","2018-10-14 15:00","2018","10","14","15:00","14.2","","2.5","","45","","0.0","","4","","5","","","","102.06","","","","","","NA"
"-123.32","48.41","VICTORIA GONZALES CS","1018611","2018-10-14 16:00","2018","10","14","16:00","14.0","","1.2","","42","","0.0","","3","","8","","","","102.02","","","","","","NA"
"-123.32","48.41","VICTORIA GONZALES CS","1018611","2018-10-14 17:00","2018","10","14","17:00","12.7","","1.3","","46","","0.0","","2","","11","","","","102.00","","","","","","NA"
"-123.32","48.41","VICTORIA GONZALES CS","1018611","2018-10-14 18:00","2018","10","14","18:00","11.3","","2.3","","54","","0.0","","2","","12","","","","101.97","","","","","","NA"
"-123.32","48.41","VICTORIA GONZALES CS","1018611","2018-10-14 19:00","2018","10","14","19:00","11.4","","1.6","","51","","0.0","","3","","8","","","","101.96","","","","","","NA"
"-123.32","48.41","VICTORIA GONZALES CS","1018611","2018-10-14 20:00","2018","10","14","20:00","10.8","","1.9","","54","","0.0","","36","","8","","","","101.97","","","","","","NA"
"-123.32","48.41","VICTORIA GONZALES CS","1018611","2018-10-14 21:00","2018","10","14","21:00","9.7","","2.5","","61","","0.0","","2","","14","","","","101.98","","","","","","NA"
"-123.32","48.41","VICTORIA GONZALES CS","1018611","2018-10-14 22:00","2018","10","14","22:00","8.9","","3.3","","68","","0.0","","1","","17","","","","102.01","","","","","","NA"
"-123.32","48.41","VICTORIA GONZALES CS","1018611","2018-10-14 23:00","2018","10","14","23:00","9.1","","2.4","","63","","0.0","","1","","17","","","","102.02","","","","","","NA"
"-123.32","48.41","VICTORIA GONZALES CS","1018611","2018-10-15 00:00","2018","10","15","00:00","8.9","","2.1","","62","","0.0","","1","","16","","","","102.00","","","","","","NA"
"-123.32","48.41","VICTORIA GONZALES CS","1018611","2018-10-15 01:00","2018","10","15","01:00","8.7","","2.9","","67","","0.0","","2","","15","","","","102.02","","","","","","NA"
"-123.32","48.41","VICTORIA GONZALES CS","1018611","2018-10-15 02:00","2018","10","15","02:00","8.8","","3.0","","67","","0.0","","2","","17","","","","102.02","","","","","","NA"
"-123.32","48.41","VICTORIA GONZALES CS","1018611","2018-10-15 03:00","2018","10","15","03:00","8.2","","3.9","","74","","0.0","","2","","18","","","","102.00","","","","","","NA"
"-123.32","48.41","VICTORIA GONZALES CS","1018611","2018-10-15 04:00","2018","10","15","04:00","8.6","","4.2","","74","","0.0","","1","","10","","","","102.02","","","","","","NA"
"-123.32","48.41","VICTORIA GONZALES CS","1018611","2018-10-15 05:00","2018","10","15","05:00","7.8","","3.7","","75","","0.0","","2","","13","","","","102.00","","","","","","NA"
"-123.32","48.41","VICTORIA GONZALES CS","1018611","2018-10-15 06:00","2018","10","15","06:00","8.0","","3.9","","76","","0.0","","2","","9","","","","102.01","","","","","","NA"
"-123.32","48.41","VICTORIA GONZALES CS","1018611","2018-10-15 07:00","2018","10","15","07:00","8.0","","3.9","","75","","0.0","","1","","16","","","","102.01","","","","","","NA"
"-123.32","48.41","VICTORIA GONZALES CS","1018611","2018-10-15 08:00","2018","10","15","08:00","9.8","","5.0","","72","","0.0","","4","","6","","","","102.02","","","","","","NA"
"-123.32","48.41","VICTORIA GONZALES CS","1018611","2018-10-15 09:00","2018","10","15","09:00","11.9","","6.5","","70","","0.0","","2","","9","","","","102.05","","","","","","NA"
"-123.32","48.41","VICTORIA GONZALES CS","1018611","2018-10-15 10:00","2018","10","15","10:00","13.2","","6.4","","63","","0.0","","2","","17","","","","102.04","","","","","","NA"
"-123.32","48.41","VICTORIA GONZALES CS","1018611","2018-10-15 11:00","2018","10","15","11:00","15.1","","6.8","","58","","0.0","","1","","12","","","","102.04","","","","","","NA"
"-123.32","48.41","VICTORIA GONZALES CS","1018611","2018-10-15 12:00","2018","10","15","12:00","15.6","","6.5","","55","","0.0","","1","","13","","","","102.01","","","","","","NA"
"-123.32","48.41","VICTORIA GONZALES CS","1018611","2018-10-15 13:00","2018","10","15","13:00","16.4","","6.4","","52","","0.0","","2","","15","","","","101.94","","","","","","NA"
"-123.32","48.41","VICTORIA GONZALES CS","1018611","2018-10-15 14:00","2018","10","15","14:00","17.0","","7.0","","52","","0.0","","3","","9","","","","101.90","","","","","","NA"
"-123.32","48.41","VICTORIA GONZALES CS","1018611","2018-10-15 15:00","2018","10","15","15:00","15.1","","6.9","","58","","0.0","","3","","12","","","","101.89","","","","","","NA"
"-123.32","48.41","VICTORIA GONZALES CS","1018611","2018-10-15 16:00","2018","10","15","16:00","14.1","","7.0","","62","","0.0","","3","","11","","","","101.82","","","","","","NA"
"-123.32","48.41","VICTORIA GONZALES CS","1018611","2018-10-15 17:00","2018","10","15","17:00","12.8","","6.2","","65","","0.0","","3","","11","","","","101.79","","","","","","NA"
"-123.32","48.41","VICTORIA GONZALES CS","1018611","2018-10-15 18:00","2018","10","15","18:00","11.6","","5.8","","68","","0.0","","4","","5","","","","101.79","","","","","","NA"
"-123.32","48.41","VICTORIA GONZALES CS","1018611","2018-10-15 19:00","2018","10","15","19:00","11.3","","5.9","","69","","0.0","","1","","8","","","","101.81","","","","","","NA"
"-123.32","48.41","VICTORIA GONZALES CS","1018611","2018-10-15 20:00","2018","10","15","20:00","10.2","","5.7","","74","","0.0","","2","","11","","","","101.81","","","","","","NA"
"-123.32","48.41","VICTORIA GONZALES CS","1018611","2018-10-15 21:00","2018","10","15","21:00","10.2","","5.7","","73","","0.0","","3","","6","","","","101.84","","","","","","NA"
"-123.32","48.41","VICTORIA GONZALES CS","1018611","2018-10-15 22:00","2018","10","15","22:00","10.1","","5.5","","73","","0.0","","3","","12","","","","101.85","","","","","","NA"
"-123.32","48.41","VICTORIA GONZALES CS","1018611","2018-10-15 23:00","2018","10","15","23:00","9.5","","5.9","","79","","0.0","","2","","12","","","","101.87","","","","","","NA"
"-123.32","48.41","VICTORIA GONZALES CS","1018611","2018-10-16 00:00","2018","10","16","00:00","9.8","","6.5","","80","","0.0","","36","","17","","","","101.86","","","","","","NA"
"-123.32","48.41","VICTORIA GONZALES CS","1018611","2018-10-16 01:00","2018","10","16","01:00","9.5","","6.0","","79","","0.0","","3","","4","","","","101.88","","","","","","NA"
"-123.32","48.41","VICTORIA GONZALES CS","1018611","2018-10-16 02:00","2018","10","16","02:00","10.5","","5.4","","71","","0.0","","1","","15","","","","101.85","","","","","","NA"
"-123.32","48.41","VICTORIA GONZALES CS","1018611","2018-10-16 03:00","2018","10","16","03:00","10.1","","5.4","","73","","0.0","","2","","13","","","","101.83","","","","","","NA"
"-123.32","48.41","VICTORIA GONZALES CS","1018611","2018-10-16 04:00","2018","10","16","04:00","10.3","","5.3","","71","","0.0","","3","","13","","","","101.83","","","","","","NA"
"-123.32","48.41","VICTORIA GONZALES CS","1018611","2018-10-16 05:00","2018","10","16","05:00","10.2","","5.3","","71","","0.0","","3","","17","","","","101.82","","","","","","NA"
"-123.32","48.41","VICTORIA GONZALES CS","1018611","2018-10-16 06:00","2018","10","16","06:00","9.4","","4.8","","73","","0.0","","2","","15","","","","101.82","","","","","","NA"
"-123.32","48.41","VICTORIA GONZALES CS","1018611","2018-10-16 07:00","2018","10","16","07:00","9.6","","5.0","","73","","0.0","","2","","19","","","","101.81","","","","","","NA"
"-123.32","48.41","VICTORIA GONZALES CS","1018611","2018-10-16 08:00","2018","10","16","08:00","11.5","","6.0","","69","","0.0","","2","","14","","","","101.83","","","","","","NA"
"-123.32","48.41","VICTORIA GONZALES CS","1018611","2018-10-16 09:00","2018","10","16","09:00","13.7","","6.3","","61","","0.0","","2","","14","","","","101.84","","","","","","NA"
"-123.32","48.41","VICTORIA GONZALES CS","1018611","2018-10-16 10:00","2018","10","16","10:00","15.3","","5.7","","53","","0.0","","1","","16","","","","101.83","","","","","","NA"
"-123.32","48.41","VICTORIA GONZALES CS","1018611","2018-10-16 11:00","2018","10","16","11:00","17.0","","5.6","","47","","0.0","","1","","19","","","","101.81","","","","","","NA"
"-123.32","48.41","VICTORIA GONZALES CS","1018611","2018-10-16 12:00","2018","10","16","12:00","18.2","","5.9","","45","","0.0","","1","","15","","","","101.77","","","","","","NA"
"-123.32","48.41","VICTORIA GONZALES CS","1018611","2018-10-16 13:00","2018","10","16","13:00","18.4","","5.8","","44","","0.0","","2","","14","","","","101.69","","","","","","NA"
"-123.32","48.41","VICTORIA GONZALES CS","1018611","2018-10-16 14:00","2018","10","16","14:00","18.2","","5.5","","43","","0.0","","3","","12","","","","101.64","","","","","","NA"
"-123.32","48.41","VICTORIA GONZALES CS","1018611","2018-10-16 15:00","2018","10","16","15:00","17.0","","5.2","","46","","0.0","","3","","12","","","","101.62","","","","","","NA"
"-123.32","48.41","VICTORIA GONZALES CS","1018611","2018-10-16 16:00","2018","10","16","16:00","16.4","","5.7","","49","","0.0","","3","","10","","","","101.57","","","","","","NA"
"-123.32","48.41","VICTORIA GONZALES CS","1018611","2018-10-16 17:00","2018","10","16","17:00","15.2","","5.5","","52","","0.0","","2","","10","","","","101.55","","","","","","NA"
"-123.32","48.41","VICTORIA GONZALES CS","1018611","2018-10-16 18:00","2018","10","16","18:00","14.0","","6.5","","61","","0.0","","3","","8","","","","101.54","","","","","","NA"
"-123.32","48.41","VICTORIA GONZALES CS","1018611","2018-10-16 19:00","2018","10","16","19:00","12.6","","6.9","","68","","0.0","","3","","5","","","","101.52","","","","","","NA"
"-123.32","48.41","VICTORIA GONZALES CS","1018611","2018-10-16 20:00","2018","10","16","20:00","12.9","","6.9","","67","","0.0","","35","","6","","","","101.56","","","","","","NA"
"-123.32","48.41","VICTORIA GONZALES CS","1018611","2018-10-16 21:00","2018","10","16","21:00","12.4","","6.9","","69","","0.0","","34","","5","","","","101.57","","","","","","NA"
"-123.32","48.41","VICTORIA GONZALES CS","1018611","2018-10-16 22:00","2018","10","16","22:00","11.9","","6.5","","70","","0.0","","3","","15","","","","101.55","","","","","","NA"
"-123.32","48.41","VICTORIA GONZALES CS","1018611","2018-10-16 23:00","2018","10","16","23:00","11.0","","6.2","","72","","0.0","","4","","14","","","","101.53","","","","","","NA"
"-123.32","48.41","VICTORIA GONZALES CS","1018611","2018-10-17 00:00","2018","10","17","00:00","11.2","","6.3","","72","","0.0","","2","","17","","","","101.49","","","","","","NA"
"-123.32","48.41","VICTORIA GONZALES CS","1018611","2018-10-17 01:00","2018","10","17","01:00","10.8","","6.2","","73","","0.0","","2","","17","","","","101.47","","","","","","NA"
"-123.32","48.41","VICTORIA GONZALES CS","1018611","2018-10-17 02:00","2018","10","17","02:00","10.6","","5.5","","71","","0.0","","1","","17","","","","101.46","","","","","","NA"
"-123.32","48.41","VICTORIA GONZALES CS","1018611","2018-10-17 03:00","2018","10","17","03:00","10.9","","5.2","","68","","0.0","","1","","18","","","","101.44","","","","","","NA"
"-123.32","48.41","VICTORIA GONZALES CS","1018611","2018-10-17 04:00","2018","10","17","04:00","10.9","","5.9","","71","","0.0","","2","","15","","","","101.43","","","","","","NA"
"-123.32","48.41","VICTORIA GONZALES CS","1018611","2018-10-17 05:00","2018","10","17","05:00","11.0","","5.6","","69","","0.0","","36","","8","","","","101.43","","","","","","NA"
"-123.32","48.41","VICTORIA GONZALES CS","1018611","2018-10-17 06:00","2018","10","17","06:00","10.1","","4.8","","70","","0.0","","1","","12","","","","101.39","","","","","","NA"
"-123.32","48.41","VICTORIA GONZALES CS","1018611","2018-10-17 07:00","2018","10","17","07:00","10.4","","5.6","","72","","0.0","","3","","9","","","","101.41","","","","","","NA"
"-123.32","48.41","VICTORIA GONZALES CS","1018611","2018-10-17 08:00","2018","10","17","08:00","11.9","","6.4","","69","","0.0","","4","","6","","","","101.42","","","","","","NA"
"-123.32","48.41","VICTORIA GONZALES CS","1018611","2018-10-17 09:00","2018","10","17","09:00","14.6","","6.9","","60","","0.0","","3","","5","","","","101.42","","","","","","NA"
"-123.32","48.41","VICTORIA GONZALES CS","1018611","2018-10-17 10:00","2018","10","17","10:00","15.8","","6.2","","53","","0.0","","3","","12","","","","101.41","","","","","","NA"
"-123.32","48.41","VICTORIA GONZALES CS","1018611","2018-10-17 11:00","2018","10","17","11:00","16.6","","6.3","","51","","0.0","","4","","13","","","","101.39","","","","","","NA"
"-123.32","48.41","VICTORIA GONZALES CS","1018611","2018-10-17 12:00","2018","10","17","12:00","17.9","","6.6","","48","","0.0","","4","","7","","","","101.34","","","","","","NA"
"-123.32","48.41","VICTORIA GONZALES CS","1018611","2018-10-17 13:00","2018","10","17","13:00","18.3","","6.5","","46","","0.0","","5","","7","","","","101.24","","","","","","NA"
"-123.32","48.41","VICTORIA GONZALES CS","1018611","2018-10-17 14:00","2018","10","17","14:00","17.4","","6.0","","47","","0.0","","4","","7","","","","101.18","","","","","","NA"
"-123.32","48.41","VICTORIA GONZALES CS","1018611","2018-10-17 15:00","2018","10","17","15:00","16.7","","5.7","","48","","0.0","","5","","4","","","","101.12","","","","","","NA"
"-123.32","48.41","VICTORIA GONZALES CS","1018611","2018-10-17 16:00","2018","10","17","16:00","13.2","","7.8","","70","","0.0","","19","","4","","","","101.10","","","","","","NA"
"-123.32","48.41","VICTORIA GONZALES CS","1018611","2018-10-17 17:00","2018","10","17","17:00","12.6","","7.2","","70","","0.0","","20","","5","","","","101.07","","","","","","NA"
"-123.32","48.41","VICTORIA GONZALES CS","1018611","2018-10-17 18:00","2018","10","17","18:00","12.5","","6.6","","67","","0.0","","25","","7","","","","101.07","","","","","","NA"
"-123.32","48.41","VICTORIA GONZALES CS","1018611","2018-10-17 19:00","2018","10","17","19:00","12.6","","6.4","","66","","0.0","","26","","4","","","","101.07","","","","","","NA"
"-123.32","48.41","VICTORIA GONZALES CS","1018611","2018-10-17 20:00","2018","10","17","20:00","13.2","","5.4","","59","","0.0","","2","","4","","","","101.06","","","","","","NA"
"-123.32","48.41","VICTORIA GONZALES CS","1018611","2018-10-17 21:00","2018","10","17","21:00","13.8","","4.7","","54","","0.0","","36","","7","","","","101.11","","","","","","NA"
"-123.32","48.41","VICTORIA GONZALES CS","1018611","2018-10-17 22:00","2018","10","17","22:00","12.9","","5.3","","60","","0.0","","2","","6","","","","101.12","","","","","","NA"
"-123.32","48.41","VICTORIA GONZALES CS","1018611","2018-10-17 23:00","2018","10","17","23:00","10.2","","7.3","","82","","0.0","","22","","7","","","","101.12","","","","","","NA"
"-123.32","48.41","VICTORIA GONZALES CS","1018611","2018-10-18 00:00","2018","10","18","00:00","10.5","","6.1","","74","","0.0","","33","","2","","","","101.12","","","","","","NA"
"-123.32","48.41","VICTORIA GONZALES CS","1018611","2018-10-18 01:00","2018","10","18","01:00","10.0","","6.8","","81","","0.0","","3","","12","","","","101.13","","","","","","NA"
"-123.32","48.41","VICTORIA GONZALES CS","1018611","2018-10-18 02:00","2018","10","18","02:00","9.5","","6.7","","83","","0.0","","2","","10","","","","101.17","","","","","","NA"
"-123.32","48.41","VICTORIA GONZALES CS","1018611","2018-10-18 03:00","2018","10","18","03:00","9.1","","6.1","","81","","0.0","","4","","7","","","","101.17","","","","","","NA"
"-123.32","48.41","VICTORIA GONZALES CS","1018611","2018-10-18 04:00","2018","10","18","04:00","9.4","","6.7","","84","","0.0","","2","","15","","","","101.18","","","","","","NA"
"-123.32","48.41","VICTORIA GONZALES CS","1018611","2018-10-18 05:00","2018","10","18","05:00","9.5","","6.6","","82","","0.0","","3","","10","","","","101.21","","","","","","NA"
"-123.32","48.41","VICTORIA GONZALES CS","1018611","2018-10-18 06:00","2018","10","18","06:00","9.4","","6.7","","83","","0.0","","2","","10","","","","101.23","","","","","","NA"
"-123.32","48.41","VICTORIA GONZALES CS","1018611","2018-10-18 07:00","2018","10","18","07:00","9.1","","7.1","","87","","0.0","","3","","11","","","","101.26","","","","","","NA"
"-123.32","48.41","VICTORIA GONZALES CS","1018611","2018-10-18 08:00","2018","10","18","08:00","10.8","","8.2","","84","","0.0","","19","","2","","","","101.28","","","","","","NA"
"-123.32","48.41","VICTORIA GONZALES CS","1018611","2018-10-18 09:00","2018","10","18","09:00","11.8","","9.0","","83","","0.0","","7","","4","","","","101.28","","","","","","NA"
"-123.32","48.41","VICTORIA GONZALES CS","1018611","2018-10-18 10:00","2018","10","18","10:00","14.2","","8.6","","69","","0.0","","5","","6","","","","101.35","","","","","","NA"
"-123.32","48.41","VICTORIA GONZALES CS","1018611","2018-10-18 11:00","2018","10","18","11:00","15.3","","8.2","","63","","0.0","","6","","7","","","","101.39","","","","","","NA"
"-123.32","48.41","VICTORIA GONZALES CS","1018611","2018-10-18 12:00","2018","10","18","12:00","16.3","","7.9","","57","","0.0","","3","","5","","","","101.40","","","","","","NA"
"-123.32","48.41","VICTORIA GONZALES CS","1018611","2018-10-18 13:00","2018","10","18","13:00","12.9","","8.7","","76","","0.0","","21","","8","","","","101.39","","","","","","NA"
"-123.32","48.41","VICTORIA GONZALES CS","1018611","2018-10-18 14:00","2018","10","18","14:00","12.7","","8.8","","77","","0.0","","22","","9","","","","101.36","","","","","","NA"
"-123.32","48.41","VICTORIA GONZALES CS","1018611","2018-10-18 15:00","2018","10","18","15:00","12.6","","8.3","","75","","0.0","","22","","9","","","","101.38","","","","","","NA"
"-123.32","48.41","VICTORIA GONZALES CS","1018611","2018-10-18 16:00","2018","10","18","16:00","12.5","","8.4","","76","","0.0","","23","","7","","","","101.36","","","","","","NA"
"-123.32","48.41","VICTORIA GONZALES CS","1018611","2018-10-18 17:00","2018","10","18","17:00","12.0","","8.1","","77","","0.0","","23","","14","","","","101.37","","","","","","NA"
"-123.32","48.41","VICTORIA GONZALES CS","1018611","2018-10-18 18:00","2018","10","18","18:00","11.2","","8.6","","84","","0.0","","23","","11","","","","101.38","","","","","","NA"
"-123.32","48.41","VICTORIA GONZALES CS","1018611","2018-10-18 19:00","2018","10","18","19:00","11.0","","8.9","","87","","0.0","","23","","12","","","","101.38","","","","","","NA"
"-123.32","48.41","VICTORIA GONZALES CS","1018611","2018-10-18 20:00","2018","10","18","20:00","10.7","","8.3","","85","","0.0","","36","","6","","","","101.38","","","","","","NA"
"-123.32","48.41","VICTORIA GONZALES CS","1018611","2018-10-18 21:00","2018","10","18","21:00","9.6","","7.6","","88","","0.0","","2","","11","","","","101.43","","","","","","NA"
"-123.32","48.41","VICTORIA GONZALES CS","1018611","2018-10-18 22:00","2018","10","18","22:00","9.1","","7.8","","92","","0.0","","4","","5","","","","101.48","","","","","","NA"
"-123.32","48.41","VICTORIA GONZALES CS","1018611","2018-10-18 23:00","2018","10","18","23:00","8.8","","7.8","","93","","0.0","","6","","8","","","","101.50","","","","","","NA"
"-123.32","48.41","VICTORIA GONZALES CS","1018611","2018-10-19 00:00","2018","10","19","00:00","8.8","","7.9","","94","","0.0","","36","","1","","","","101.53","","","","","","NA"
"-123.32","48.41","VICTORIA GONZALES CS","1018611","2018-10-19 01:00","2018","10","19","01:00","8.6","","7.7","","94","","0.0","","28","","6","","","","101.55","","","","","","NA"
"-123.32","48.41","VICTORIA GONZALES CS","1018611","2018-10-19 02:00","2018","10","19","02:00","8.6","","7.7","","94","","0.0","","1","","8","","","","101.55","","","","","","NA"
"-123.32","48.41","VICTORIA GONZALES CS","1018611","2018-10-19 03:00","2018","10","19","03:00","8.5","","7.7","","95","","0.0","","35","","4","","","","101.57","","","","","","NA"
"-123.32","48.41","VICTORIA GONZALES CS","1018611","2018-10-19 04:00","2018","10","19","04:00","8.4","","7.6","","95","","0.0","","35","","2","","","","101.60","","","","","","NA"
"-123.32","48.41","VICTORIA GONZALES CS","1018611","2018-10-19 05:00","2018","10","19","05:00","8.3","","7.5","","95","","0.0","","","","0","","","","101.63","","","","","","NA"
"-123.32","48.41","VICTORIA GONZALES CS","1018611","2018-10-19 06:00","2018","10","19","06:00","7.9","","7.1","","95","","0.0","","","","0","","","","101.66","","","","","","NA"
"-123.32","48.41","VICTORIA GONZALES CS","1018611","2018-10-19 07:00","2018","10","19","07:00","8.2","","7.5","","95","","0.0","","23","","4","","","","101.68","","","","","","NA"
"-123.32","48.41","VICTORIA GONZALES CS","1018611","2018-10-19 08:00","2018","10","19","08:00","8.8","","8.1","","96","","0.0","","26","","2","","","","101.71","","","","","","NA"
"-123.32","48.41","VICTORIA GONZALES CS","1018611","2018-10-19 09:00","2018","10","19","09:00","10.4","","9.8","","96","","0.0","","0","","1","","","","101.73","","","","","","NA"
"-123.32","48.41","VICTORIA GONZALES CS","1018611","2018-10-19 10:00","2018","10","19","10:00","10.3","","9.3","","94","","0.0","","7","","6","","","","101.73","","","","","","NA"
"-123.32","48.41","VICTORIA GONZALES CS","1018611","2018-10-19 11:00","2018","10","19","11:00","9.4","","8.4","","93","","0.0","","19","","5","","","","101.76","","","","","","NA"
"-123.32","48.41","VICTORIA GONZALES CS","1018611","2018-10-19 12:00","2018","10","19","12:00","8.7","","7.9","","95","","0.0","","21","","5","","","","101.73","","","","","","NA"
"-123.32","48.41","VICTORIA GONZALES CS","1018611","2018-10-19 13:00","2018","10","19","13:00","9.9","","8.7","","92","","0.0","","19","","6","","","","101.68","","","","","","NA"
"-123.32","48.41","VICTORIA GONZALES CS","1018611","2018-10-19 14:00","2018","10","19","14:00","10.9","","8.6","","86","","0.0","","19","","8","","","","101.65","","","","","","NA"
"-123.32","48.41","VICTORIA GONZALES CS","1018611","2018-10-19 15:00","2018","10","19","15:00","12.4","","9.1","","80","","0.0","","23","","11","","","","101.60","","","","","","NA"
"-123.32","48.41","VICTORIA GONZALES CS","1018611","2018-10-19 16:00","2018","10","19","16:00","12.0","","9.1","","83","","0.0","","23","","16","","","","101.55","","","","","","NA"
"-123.32","48.41","VICTORIA GONZALES CS","1018611","2018-10-19 17:00","2018","10","19","17:00","12.4","","9.3","","81","","0.0","","24","","12","","","","101.51","","","","","","NA"
"-123.32","48.41","VICTORIA GONZALES CS","1018611","2018-10-19 18:00","2018","10","19","18:00","12.3","","8.7","","79","","0.0","","26","","18","","","","101.53","","","","","","NA"
"-123.32","48.41","VICTORIA GONZALES CS","1018611","2018-10-19 19:00","2018","10","19","19:00","11.4","","7.9","","79","","0.0","","26","","17","","","","101.51","","","","","","NA"
"-123.32","48.41","VICTORIA GONZALES CS","1018611","2018-10-19 20:00","2018","10","19","20:00","10.7","","7.4","","80","","0.0","","25","","17","","","","101.50","","","","","","NA"
"-123.32","48.41","VICTORIA GONZALES CS","1018611","2018-10-19 21:00","2018","10","19","21:00","10.2","","7.6","","84","","0.0","","25","","18","","","","101.50","","","","","","NA"
"-123.32","48.41","VICTORIA GONZALES CS","1018611","2018-10-19 22:00","2018","10","19","22:00","9.9","","7.5","","85","","0.0","","25","","14","","","","101.51","","","","","","NA"
"-123.32","48.41","VICTORIA GONZALES CS","1018611","2018-10-19 23:00","2018","10","19","23:00","9.5","","7.0","","85","","0.0","","30","","9","","","","101.53","","","","","","NA"
"-123.32","48.41","VICTORIA GONZALES CS","1018611","2018-10-20 00:00","2018","10","20","00:00","8.5","","7.0","","90","","0.0","","4","","6","","","","101.58","","","","","","NA"
"-123.32","48.41","VICTORIA GONZALES CS","1018611","2018-10-20 01:00","2018","10","20","01:00","8.4","","7.3","","92","","0.0","","19","","4","","","","101.59","","","","","","NA"
"-123.32","48.41","VICTORIA GONZALES CS","1018611","2018-10-20 02:00","2018","10","20","02:00","8.5","","7.2","","92","","0.0","","24","","7","","","","101.59","","","","","","NA"
"-123.32","48.41","VICTORIA GONZALES CS","1018611","2018-10-20 03:00","2018","10","20","03:00","7.8","","6.6","","92","","0.0","","30","","7","","","","101.60","","","","","","NA"
"-123.32","48.41","VICTORIA GONZALES CS","1018611","2018-10-20 04:00","2018","10","20","04:00","8.3","","7.2","","93","","0.0","","1","","7","","","","101.60","","","","","","NA"
"-123.32","48.41","VICTORIA GONZALES CS","1018611","2018-10-20 05:00","2018","10","20","05:00","7.8","","6.8","","93","","0.0","","3","","8","","","","101.61","","","","","","NA"
"-123.32","48.41","VICTORIA GONZALES CS","1018611","2018-10-20 06:00","2018","10","20","06:00","7.9","","7.0","","94","","0.0","","3","","5","","","","101.57","","","","","","NA"
"-123.32","48.41","VICTORIA GONZALES CS","1018611","2018-10-20 07:00","2018","10","20","07:00","7.2","","6.4","","95","","0.0","","2","","10","","","","101.56","","","","","","NA"
"-123.32","48.41","VICTORIA GONZALES CS","1018611","2018-10-20 08:00","2018","10","20","08:00","8.4","","7.7","","96","","0.0","","2","","12","","","","101.57","","","","","","NA"
"-123.32","48.41","VICTORIA GONZALES CS","1018611","2018-10-20 09:00","2018","10","20","09:00","9.3","","8.7","","96","","0.0","","2","","8","","","","101.55","","","","","","NA"
"-123.32","48.41","VICTORIA GONZALES CS","1018611","2018-10-20 10:00","2018","10","20","10:00","9.9","","9.2","","95","","0.0","","3","","7","","","","101.54","","","","","","NA"
"-123.32","48.41","VICTORIA GONZALES CS","1018611","2018-10-20 11:00","2018","10","20","11:00","11.8","","10.7","","93","","0.0","","5","","7","","","","101.50","","","","","","NA"
"-123.32","48.41","VICTORIA GONZALES CS","1018611","2018-10-20 12:00","2018","10","20","12:00","13.3","","9.4","","77","","0.0","","4","","6","","","","101.42","","","","","","NA"
"-123.32","48.41","VICTORIA GONZALES CS","1018611","2018-10-20 13:00","2018","10","20","13:00","14.3","","9.2","","72","","0.0","","5","","7","","","","101.32","","","","","","NA"
"-123.32","48.41","VICTORIA GONZALES CS","1018611","2018-10-20 14:00","2018","10","20","14:00","14.9","","9.3","","69","","0.0","","2","","12","","","","101.22","","","","","","NA"
"-123.32","48.41","VICTORIA GONZALES CS","1018611","2018-10-20 15:00","2018","10","20","15:00","11.7","","8.8","","82","","0.0","","22","","5","","","","101.15","","","","","","NA"
"-123.32","48.41","VICTORIA GONZALES CS","1018611","2018-10-20 16:00","2018","10","20","16:00","11.0","","8.9","","87","","0.0","","21","","5","","","","101.09","","","","","","NA"
"-123.32","48.41","VICTORIA GONZALES CS","1018611","2018-10-20 17:00","2018","10","20","17:00","10.5","","8.8","","89","","0.0","","25","","2","","","","101.05","","","","","","NA"
"-123.32","48.41","VICTORIA GONZALES CS","1018611","2018-10-20 18:00","2018","10","20","18:00","9.9","","8.4","","90","","0.0","","31","","7","","","","101.03","","","","","","NA"
"-123.32","48.41","VICTORIA GONZALES CS","1018611","2018-10-20 19:00","2018","10","20","19:00","9.9","","8.5","","91","","0.0","","25","","4","","","","101.02","","","","","","NA"
"-123.32","48.41","VICTORIA GONZALES CS","1018611","2018-10-20 20:00","2018","10","20","20:00","10.1","","8.7","","92","","0.0","","23","","2","","","","101.00","","","","","","NA"
"-123.32","48.41","VICTORIA GONZALES CS","1018611","2018-10-20 21:00","2018","10","20","21:00","10.5","","9.2","","92","","0.0","","29","","1","","","","100.99","","","","","","NA"
"-123.32","48.41","VICTORIA GONZALES CS","1018611","2018-10-20 22:00","2018","10","20","22:00","10.3","","8.8","","91","","0.0","","18","","2","","","","100.97","","","","","","NA"
"-123.32","48.41","VICTORIA GONZALES CS","1018611","2018-10-20 23:00","2018","10","20","23:00","10.6","","9.0","","90","","0.0","","30","","3","","","","100.95","","","","","","NA"
"-123.32","48.41","VICTORIA GONZALES CS","1018611","2018-10-21 00:00","2018","10","21","00:00","10.3","","8.8","","91","","0.0","","0","","1","","","","100.95","","","","","","NA"
"-123.32","48.41","VICTORIA GONZALES CS","1018611","2018-10-21 01:00","2018","10","21","01:00","10.0","","8.6","","91","","0.0","","36","","2","","","","100.92","","","","","","NA"
"-123.32","48.41","VICTORIA GONZALES CS","1018611","2018-10-21 02:00","2018","10","21","02:00","9.9","","8.7","","93","","0.0","","32","","3","","","","100.90","","","","","","NA"
"-123.32","48.41","VICTORIA GONZALES CS","1018611","2018-10-21 03:00","2018","10","21","03:00","9.6","","8.3","","92","","0.0","","2","","5","","","","100.86","","","","","","NA"
"-123.32","48.41","VICTORIA GONZALES CS","1018611","2018-10-21 04:00","2018","10","21","04:00","9.2","","8.1","","93","","0.0","","2","","4","","","","100.84","","","","","","NA"
"-123.32","48.41","VICTORIA GONZALES CS","1018611","2018-10-21 05:00","2018","10","21","05:00","9.0","","7.9","","93","","0.0","","1","","8","","","","100.83","","","","","","NA"
"-123.32","48.41","VICTORIA GONZALES CS","1018611","2018-10-21 06:00","2018","10","21","06:00","8.4","","7.4","","94","","0.0","","7","","6","","","","100.83","","","","","","NA"
"-123.32","48.41","VICTORIA GONZALES CS","1018611","2018-10-21 07:00","2018","10","21","07:00","7.9","","7.0","","94","","0.0","","5","","5","","","","100.84","","","","","","NA"
"-123.32","48.41","VICTORIA GONZALES CS","1018611","2018-10-21 08:00","2018","10","21","08:00","9.2","","8.4","","95","","0.0","","5","","6","","","","100.86","","","","","","NA"
"-123.32","48.41","VICTORIA GONZALES CS","1018611","2018-10-21 09:00","2018","10","21","09:00","11.4","","10.1","","92","","0.0","","5","","3","","","","100.87","","","","","","NA"
"-123.32","48.41","VICTORIA GONZALES CS","1018611","2018-10-21 10:00","2018","10","21","10:00","13.3","","9.7","","79","","0.0","","4","","4","","","","100.85","","","","","","NA"
"-123.32","48.41","VICTORIA GONZALES CS","1018611","2018-10-21 11:00","2018","10","21","11:00","14.9","","9.1","","68","","0.2","","3","","8","","","","100.84","","","","","","NA"
"-123.32","48.41","VICTORIA GONZALES CS","1018611","2018-10-21 12:00","2018","10","21","12:00","16.0","","9.1","","64","","0.0","","6","","6","","","","100.80","","","","","","NA"
"-123.32","48.41","VICTORIA GONZALES CS","1018611","2018-10-21 13:00","2018","10","21","13:00","13.2","","8.3","","72","","0.0","","10","","9","","","","100.76","","","","","","NA"
"-123.32","48.41","VICTORIA GONZALES CS","1018611","2018-10-21 14:00","2018","10","21","14:00","14.0","","8.6","","70","","0.0","","10","","9","","","","100.72","","","","","","NA"
"-123.32","48.41","VICTORIA GONZALES CS","1018611","2018-10-21 15:00","2018","10","21","15:00","12.5","","9.0","","79","","0.0","","16","","3","","","","100.69","","","","","","NA"
"-123.32","48.41","VICTORIA GONZALES CS","1018611","2018-10-21 16:00","2018","10","21","16:00","12.0","","8.8","","81","","0.0","","19","","4","","","","100.68","","","","","","NA"
"-123.32","48.41","VICTORIA GONZALES CS","1018611","2018-10-21 17:00","2018","10","21","17:00","11.2","","8.9","","86","","0.0","","20","","4","","","","100.68","","","","","","NA"
"-123.32","48.41","VICTORIA GONZALES CS","1018611","2018-10-21 18:00","2018","10","21","18:00","10.2","","8.2","","88","","0.0","","22","","4","","","","100.70","","","","","","NA"
"-123.32","48.41","VICTORIA GONZALES CS","1018611","2018-10-21 19:00","2018","10","21","19:00","10.2","","8.5","","89","","0.0","","26","","1","","","","100.72","","","","","","NA"
"-123.32","48.41","VICTORIA GONZALES CS","1018611","2018-10-21 20:00","2018","10","21","20:00","10.4","","8.2","","86","","0.0","","0","","1","","","","100.72","","","","","","NA"
"-123.32","48.41","VICTORIA GONZALES CS","1018611","2018-10-21 21:00","2018","10","21","21:00","10.3","","8.2","","87","","0.0","","","","0","","","","100.74","","","","","","NA"
"-123.32","48.41","VICTORIA GONZALES CS","1018611","2018-10-21 22:00","2018","10","21","22:00","10.2","","8.1","","87","","0.0","","5","","3","","","","100.74","","","","","","NA"
"-123.32","48.41","VICTORIA GONZALES CS","1018611","2018-10-21 23:00","2018","10","21","23:00","9.1","","7.5","","90","","0.0","","25","","9","","","","100.72","","","","","","NA"
"-123.32","48.41","VICTORIA GONZALES CS","1018611","2018-10-22 00:00","2018","10","22","00:00","8.8","","7.2","","90","","0.0","","27","","3","","","","100.75","","","","","","NA"
"-123.32","48.41","VICTORIA GONZALES CS","1018611","2018-10-22 01:00","2018","10","22","01:00","8.3","","7.3","","93","","0.0","","23","","4","","","","100.74","","","","","","NA"
"-123.32","48.41","VICTORIA GONZALES CS","1018611","2018-10-22 02:00","2018","10","22","02:00","7.8","","6.9","","94","","0.0","","","","0","","","","100.74","","","","","","NA"
"-123.32","48.41","VICTORIA GONZALES CS","1018611","2018-10-22 03:00","2018","10","22","03:00","7.6","","6.8","","94","","0.0","","","","0","","","","100.72","","","","","","NA"
"-123.32","48.41","VICTORIA GONZALES CS","1018611","2018-10-22 04:00","2018","10","22","04:00","6.7","","6.0","","95","","0.0","","4","","8","","","","100.70","","","","","","NA"
"-123.32","48.41","VICTORIA GONZALES CS","1018611","2018-10-22 05:00","2018","10","22","05:00","6.5","","5.8","","95","","0.0","","5","","7","","","","100.69","","","","","","NA"
"-123.32","48.41","VICTORIA GONZALES CS","1018611","2018-10-22 06:00","2018","10","22","06:00","6.6","","5.9","","96","","0.0","","7","","3","","","","100.70","","","","","","NA"
"-123.32","48.41","VICTORIA GONZALES CS","1018611","2018-10-22 07:00","2018","10","22","07:00","6.6","","5.9","","96","","0.0","","0","","1","","","","100.71","","","","","","NA"
"-123.32","48.41","VICTORIA GONZALES CS","1018611","2018-10-22 08:00","2018","10","22","08:00","6.9","","6.3","","96","","0.0","","4","","2","","","","100.72","","","","","","NA"
"-123.32","48.41","VICTORIA GONZALES CS","1018611","2018-10-22 09:00","2018","10","22","09:00","7.4","","6.8","","96","","0.0","","8","","2","","","","100.73","","","","","","NA"
"-123.32","48.41","VICTORIA GONZALES CS","1018611","2018-10-22 10:00","2018","10","22","10:00","8.3","","7.8","","96","","0.0","","4","","2","","","","100.71","","","","","","NA"
"-123.32","48.41","VICTORIA GONZALES CS","1018611","2018-10-22 11:00","2018","10","22","11:00","9.6","","9.0","","96","","0.0","","7","","5","","","","100.67","","","","","","NA"
"-123.32","48.41","VICTORIA GONZALES CS","1018611","2018-10-22 12:00","2018","10","22","12:00","11.4","","10.2","","92","","0.0","","6","","6","","","","100.60","","","","","","NA"
"-123.32","48.41","VICTORIA GONZALES CS","1018611","2018-10-22 13:00","2018","10","22","13:00","11.7","","8.8","","82","","0.0","","6","","7","","","","100.54","","","","","","NA"
"-123.32","48.41","VICTORIA GONZALES CS","1018611","2018-10-22 14:00","2018","10","22","14:00","12.3","","8.1","","76","","0.0","","6","","2","","","","100.48","","","","","","NA"
"-123.32","48.41","VICTORIA GONZALES CS","1018611","2018-10-22 15:00","2018","10","22","15:00","9.3","","7.1","","86","","0.0","","20","","3","","","","100.43","","","","","","NA"
"-123.32","48.41","VICTORIA GONZALES CS","1018611","2018-10-22 16:00","2018","10","22","16:00","7.5","","6.4","","93","","0.0","","19","","3","","","","100.38","","","","","","NA"
"-123.32","48.41","VICTORIA GONZALES CS","1018611","2018-10-22 17:00","2018","10","22","17:00","6.8","","6.0","","95","","0.0","","22","","5","","","","100.36","","","","","","NA"
"-123.32","48.41","VICTORIA GONZALES CS","1018611","2018-10-22 18:00","2018","10","22","18:00","6.8","","6.0","","95","","0.0","","28","","7","","","","100.36","","","","","","NA"
"-123.32","48.41","VICTORIA GONZALES CS","1018611","2018-10-22 19:00","2018","10","22","19:00","8.2","","7.4","","95","","0.0","","27","","5","","","","100.36","","","","","","NA"
"-123.32","48.41","VICTORIA GONZALES CS","1018611","2018-10-22 20:00","2018","10","22","20:00","8.1","","7.4","","95","","0.0","","26","","6","","","","100.36","","","","","","NA"
"-123.32","48.41","VICTORIA GONZALES CS","1018611","2018-10-22 21:00","2018","10","22","21:00","7.9","","7.1","","95","","0.0","","26","","2","","","","100.35","","","","","","NA"
"-123.32","48.41","VICTORIA GONZALES CS","1018611","2018-10-22 22:00","2018","10","22","22:00","7.7","","6.9","","95","","0.0","","5","","5","","","","100.32","","","","","","NA"
"-123.32","48.41","VICTORIA GONZALES CS","1018611","2018-10-22 23:00","2018","10","22","23:00","6.3","","5.6","","95","","0.0","","6","","5","","","","100.29","","","","","","NA"
"-123.32","48.41","VICTORIA GONZALES CS","1018611","2018-10-23 00:00","2018","10","23","00:00","6.1","","5.4","","96","","0.0","","5","","10","","","","100.27","","","","","","NA"
"-123.32","48.41","VICTORIA GONZALES CS","1018611","2018-10-23 01:00","2018","10","23","01:00","7.0","","6.4","","96","","0.0","","4","","7","","","","100.25","","","","","","NA"
"-123.32","48.41","VICTORIA GONZALES CS","1018611","2018-10-23 02:00","2018","10","23","02:00","6.0","","5.4","","96","","0.0","","5","","5","","","","100.22","","","","","","NA"
"-123.32","48.41","VICTORIA GONZALES CS","1018611","2018-10-23 03:00","2018","10","23","03:00","7.5","","6.9","","96","","0.0","","6","","9","","","","100.18","","","","","","NA"
"-123.32","48.41","VICTORIA GONZALES CS","1018611","2018-10-23 04:00","2018","10","23","04:00","7.4","","6.8","","96","","0.0","","7","","3","","","","100.18","","","","","","NA"
"-123.32","48.41","VICTORIA GONZALES CS","1018611","2018-10-23 05:00","2018","10","23","05:00","6.9","","6.3","","96","","0.2","","19","","8","","","","100.20","","","","","","NA"
"-123.32","48.41","VICTORIA GONZALES CS","1018611","2018-10-23 06:00","2018","10","23","06:00","7.2","","6.6","","96","","0.0","","19","","8","","","","100.21","","","","","","NA"
"-123.32","48.41","VICTORIA GONZALES CS","1018611","2018-10-23 07:00","2018","10","23","07:00","7.0","","6.5","","97","","0.0","","12","","3","","","","100.23","","","","","","NA"
"-123.32","48.41","VICTORIA GONZALES CS","1018611","2018-10-23 08:00","2018","10","23","08:00","8.1","","7.6","","97","","0.0","","17","","4","","","","100.26","","","","","","NA"
"-123.32","48.41","VICTORIA GONZALES CS","1018611","2018-10-23 09:00","2018","10","23","09:00","9.2","","8.8","","97","","0.0","","27","","6","","","","100.30","","","","","","NA"
"-123.32","48.41","VICTORIA GONZALES CS","1018611","2018-10-23 10:00","2018","10","23","10:00","8.7","","8.1","","96","","0.0","","20","","4","","","","100.33","","","","","","NA"
"-123.32","48.41","VICTORIA GONZALES CS","1018611","2018-10-23 11:00","2018","10","23","11:00","10.2","","9.4","","95","","0.0","","2","","5","","","","100.36","","","","","","NA"
"-123.32","48.41","VICTORIA GONZALES CS","1018611","2018-10-23 12:00","2018","10","23","12:00","10.0","","9.0","","94","","0.0","","5","","9","","","","100.34","","","","","","NA"
"-123.32","48.41","VICTORIA GONZALES CS","1018611","2018-10-23 13:00","2018","10","23","13:00","10.4","","9.2","","93","","0.0","","14","","8","","","","100.40","","","","","","NA"
"-123.32","48.41","VICTORIA GONZALES CS","1018611","2018-10-23 14:00","2018","10","23","14:00","9.9","","8.7","","93","","0.0","","10","","12","","","","100.38","","","","","","NA"
"-123.32","48.41","VICTORIA GONZALES CS","1018611","2018-10-23 15:00","2018","10","23","15:00","10.1","","8.9","","93","","0.0","","9","","4","","","","100.44","","","","","","NA"
"-123.32","48.41","VICTORIA GONZALES CS","1018611","2018-10-23 16:00","2018","10","23","16:00","10.3","","9.0","","92","","0.0","","6","","5","","","","100.45","","","","","","NA"
"-123.32","48.41","VICTORIA GONZALES CS","1018611","2018-10-23 17:00","2018","10","23","17:00","10.0","","8.9","","93","","0.0","","4","","5","","","","100.48","","","","","","NA"
"-123.32","48.41","VICTORIA GONZALES CS","1018611","2018-10-23 18:00","2018","10","23","18:00","10.0","","9.0","","93","","0.0","","5","","8","","","","100.56","","","","","","NA"
"-123.32","48.41","VICTORIA GONZALES CS","1018611","2018-10-23 19:00","2018","10","23","19:00","10.0","","9.0","","94","","0.0","","5","","7","","","","100.60","","","","","","NA"
"-123.32","48.41","VICTORIA GONZALES CS","1018611","2018-10-23 20:00","2018","10","23","20:00","10.1","","9.2","","94","","0.2","","11","","9","","","","100.64","","","","","","NA"
"-123.32","48.41","VICTORIA GONZALES CS","1018611","2018-10-23 21:00","2018","10","23","21:00","9.9","","9.1","","95","","0.0","","22","","7","","","","100.73","","","","","","NA"
"-123.32","48.41","VICTORIA GONZALES CS","1018611","2018-10-23 22:00","2018","10","23","22:00","9.2","","8.5","","95","","0.0","","28","","5","","","","100.77","","","","","","NA"
"-123.32","48.41","VICTORIA GONZALES CS","1018611","2018-10-23 23:00","2018","10","23","23:00","8.9","","8.1","","95","","0.0","","20","","3","","","","100.81","","","","","","NA"
"-123.32","48.41","VICTORIA GONZALES CS","1018611","2018-10-24 00:00","2018","10","24","00:00","9.2","","8.5","","95","","0.0","","11","","8","","","","100.85","","","","","","NA"
"-123.32","48.41","VICTORIA GONZALES CS","1018611","2018-10-24 01:00","2018","10","24","01:00","9.5","","8.8","","95","","0.0","","13","","7","","","","100.88","","","","","","NA"
"-123.32","48.41","VICTORIA GONZALES CS","1018611","2018-10-24 02:00","2018","10","24","02:00","9.7","","9.0","","96","","0.0","","11","","9","","","","100.87","","","","","","NA"
"-123.32","48.41","VICTORIA GONZALES CS","1018611","2018-10-24 03:00","2018","10","24","03:00","9.5","","8.7","","95","","0.0","","18","","4","","","","100.88","","","","","","NA"
"-123.32","48.41","VICTORIA GONZALES CS","1018611","2018-10-24 04:00","2018","10","24","04:00","8.4","","7.7","","96","","0.0","","9","","4","","","","100.92","","","","","","NA"
"-123.32","48.41","VICTORIA GONZALES CS","1018611","2018-10-24 05:00","2018","10","24","05:00","8.6","","8.0","","96","","0.0","","15","","8","","","","100.90","","","","","","NA"
"-123.32","48.41","VICTORIA GONZALES CS","1018611","2018-10-24 06:00","2018","10","24","06:00","8.7","","8.1","","96","","0.0","","13","","13","","","","100.89","","","","","","NA"
"-123.32","48.41","VICTORIA GONZALES CS","1018611","2018-10-24 07:00","2018","10","24","07:00","8.5","","7.8","","96","","0.0","","11","","8","","","","100.90","","","","","","NA"
"-123.32","48.41","VICTORIA GONZALES CS","1018611","2018-10-24 08:00","2018","10","24","08:00","8.5","","7.9","","96","","0.2","","9","","9","","","","100.89","","","","","","NA"
"-123.32","48.41","VICTORIA GONZALES CS","1018611","2018-10-24 09:00","2018","10","24","09:00","9.3","","8.8","","97","","0.0","","12","","6","","","","100.91","","","","","","NA"
"-123.32","48.41","VICTORIA GONZALES CS","1018611","2018-10-24 10:00","2018","10","24","10:00","9.8","","9.3","","97","","0.0","","7","","7","","","","100.88","","","","","","NA"
"-123.32","48.41","VICTORIA GONZALES CS","1018611","2018-10-24 11:00","2018","10","24","11:00","10.9","","10.4","","97","","0.0","","8","","7","","","","100.85","","","","","","NA"
"-123.32","48.41","VICTORIA GONZALES CS","1018611","2018-10-24 12:00","2018","10","24","12:00","11.9","","11.0","","94","","0.0","","9","","7","","","","100.86","","","","","","NA"
"-123.32","48.41","VICTORIA GONZALES CS","1018611","2018-10-24 13:00","2018","10","24","13:00","12.4","","11.2","","92","","0.2","","7","","6","","","","100.82","","","","","","NA"
"-123.32","48.41","VICTORIA GONZALES CS","1018611","2018-10-24 14:00","2018","10","24","14:00","13.3","","10.0","","80","","0.0","","7","","6","","","","100.82","","","","","","NA"
"-123.32","48.41","VICTORIA GONZALES CS","1018611","2018-10-24 15:00","2018","10","24","15:00","12.0","","9.5","","85","","0.0","","4","","6","","","","100.80","","","","","","NA"
"-123.32","48.41","VICTORIA GONZALES CS","1018611","2018-10-24 16:00","2018","10","24","16:00","11.5","","9.4","","87","","0.0","","4","","6","","","","100.72","","","","","","NA"
"-123.32","48.41","VICTORIA GONZALES CS","1018611","2018-10-24 17:00","2018","10","24","17:00","11.4","","9.4","","88","","0.0","","7","","6","","","","100.69","","","","","","NA"
"-123.32","48.41","VICTORIA GONZALES CS","1018611","2018-10-24 18:00","2018","10","24","18:00","10.9","","9.0","","88","","0.0","","5","","7","","","","100.69","","","","","","NA"
"-123.32","48.41","VICTORIA GONZALES CS","1018611","2018-10-24 19:00","2018","10","24","19:00","10.5","","8.9","","90","","0.0","","5","","8","","","","100.63","","","","","","NA"
"-123.32","48.41","VICTORIA GONZALES CS","1018611","2018-10-24 20:00","2018","10","24","20:00","10.7","","9.2","","91","","0.2","","3","","6","","","","100.74","","","","","","NA"
"-123.32","48.41","VICTORIA GONZALES CS","1018611","2018-10-24 21:00","2018","10","24","21:00","10.6","","9.3","","92","","0.0","","3","","11","","","","100.69","","","","","","NA"
"-123.32","48.41","VICTORIA GONZALES CS","1018611","2018-10-24 22:00","2018","10","24","22:00","10.4","","9.4","","93","","0.0","","1","","11","","","","100.74","","","","","","NA"
"-123.32","48.41","VICTORIA GONZALES CS","1018611","2018-10-24 23:00","2018","10","24","23:00","10.1","","9.2","","94","","0.2","","2","","8","","","","100.69","","","","","","NA"
"-123.32","48.41","VICTORIA GONZALES CS","1018611","2018-10-25 00:00","2018","10","25","00:00","10.2","","9.4","","95","","0.0","","2","","13","","","","100.66","","","","","","NA"
"-123.32","48.41","VICTORIA GONZALES CS","1018611","2018-10-25 01:00","2018","10","25","01:00","10.4","","9.6","","95","","0.0","","1","","16","","","","100.65","","","","","","NA"
"-123.32","48.41","VICTORIA GONZALES CS","1018611","2018-10-25 02:00","2018","10","25","02:00","10.4","","9.6","","95","","0.0","","1","","14","","","","100.70","","","","","","NA"
"-123.32","48.41","VICTORIA GONZALES CS","1018611","2018-10-25 03:00","2018","10","25","03:00","10.2","","9.4","","95","","0.0","","2","","6","","","","100.71","","","","","","NA"
"-123.32","48.41","VICTORIA GONZALES CS","1018611","2018-10-25 04:00","2018","10","25","04:00","10.2","","9.3","","95","","0.0","","7","","4","","","","100.66","","","","","","NA"
"-123.32","48.41","VICTORIA GONZALES CS","1018611","2018-10-25 05:00","2018","10","25","05:00","9.8","","8.9","","95","","0.0","","6","","6","","","","100.68","","","","","","NA"
"-123.32","48.41","VICTORIA GONZALES CS","1018611","2018-10-25 06:00","2018","10","25","06:00","9.9","","9.1","","95","","0.0","","7","","5","","","","100.66","","","","","","NA"
"-123.32","48.41","VICTORIA GONZALES CS","1018611","2018-10-25 07:00","2018","10","25","07:00","10.2","","9.4","","95","","0.0","","4","","3","","","","100.64","","","","","","NA"
"-123.32","48.41","VICTORIA GONZALES CS","1018611","2018-10-25 08:00","2018","10","25","08:00","10.6","","9.8","","95","","0.2","","4","","7","","","","100.60","","","","","","NA"
"-123.32","48.41","VICTORIA GONZALES CS","1018611","2018-10-25 09:00","2018","10","25","09:00","11.3","","10.5","","95","","0.0","","5","","6","","","","100.61","","","","","","NA"
"-123.32","48.41","VICTORIA GONZALES CS","1018611","2018-10-25 10:00","2018","10","25","10:00","12.0","","11.0","","93","","0.0","","12","","3","","","","100.68","","","","","","NA"
"-123.32","48.41","VICTORIA GONZALES CS","1018611","2018-10-25 11:00","2018","10","25","11:00","12.2","","10.9","","92","","0.0","","3","","6","","","","100.68","","","","","","NA"
"-123.32","48.41","VICTORIA GONZALES CS","1018611","2018-10-25 12:00","2018","10","25","12:00","12.2","","10.6","","90","","0.0","","31","","4","","","","100.71","","","","","","NA"
"-123.32","48.41","VICTORIA GONZALES CS","1018611","2018-10-25 13:00","2018","10","25","13:00","12.8","","10.8","","87","","0.0","","4","","9","","","","100.69","","","","","","NA"
"-123.32","48.41","VICTORIA GONZALES CS","1018611","2018-10-25 14:00","2018","10","25","14:00","11.9","","10.0","","88","","0.0","","7","","11","","","","100.70","","","","","","NA"
"-123.32","48.41","VICTORIA GONZALES CS","1018611","2018-10-25 15:00","2018","10","25","15:00","10.8","","9.2","","90","","0.0","","13","","8","","","","100.71","","","","","","NA"
"-123.32","48.41","VICTORIA GONZALES CS","1018611","2018-10-25 16:00","2018","10","25","16:00","10.7","","9.6","","93","","0.0","","19","","8","","","","100.74","","","","","","NA"
"-123.32","48.41","VICTORIA GONZALES CS","1018611","2018-10-25 17:00","2018","10","25","17:00","10.7","","9.7","","93","","0.4","","14","","5","","","","100.70","","","","","","NA"
"-123.32","48.41","VICTORIA GONZALES CS","1018611","2018-10-25 18:00","2018","10","25","18:00","10.3","","9.4","","94","","0.2","","5","","7","","","","100.66","","","","","","NA"
"-123.32","48.41","VICTORIA GONZALES CS","1018611","2018-10-25 19:00","2018","10","25","19:00","10.3","","9.5","","95","","0.2","","5","","5","","","","100.63","","","","","","NA"
"-123.32","48.41","VICTORIA GONZALES CS","1018611","2018-10-25 20:00","2018","10","25","20:00","10.8","","10.0","","95","","0.0","","7","","7","","","","100.57","","","","","","NA"
"-123.32","48.41","VICTORIA GONZALES CS","1018611","2018-10-25 21:00","2018","10","25","21:00","11.1","","10.3","","95","","0.0","","6","","9","","","","100.47","","","","","","NA"
"-123.32","48.41","VICTORIA GONZALES CS","1018611","2018-10-25 22:00","2018","10","25","22:00","11.2","","10.6","","96","","0.0","","4","","8","","","","100.41","","","","","","NA"
"-123.32","48.41","VICTORIA GONZALES CS","1018611","2018-10-25 23:00","2018","10","25","23:00","11.4","","10.7","","96","","0.0","","5","","6","","","","100.25","","","","","","NA"
"-123.32","48.41","VICTORIA GONZALES CS","1018611","2018-10-26 00:00","2018","10","26","00:00","11.1","","10.5","","96","","0.8","","7","","10","","","","100.16","","","","","","NA"
"-123.32","48.41","VICTORIA GONZALES CS","1018611","2018-10-26 01:00","2018","10","26","01:00","10.8","","10.2","","96","","1.0","","5","","7","","","","100.06","","","","","","NA"
"-123.32","48.41","VICTORIA GONZALES CS","1018611","2018-10-26 02:00","2018","10","26","02:00","10.1","","9.5","","96","","0.2","","10","","11","","","","100.05","","","","","","NA"
"-123.32","48.41","VICTORIA GONZALES CS","1018611","2018-10-26 03:00","2018","10","26","03:00","10.8","","10.3","","96","","0.4","","15","","7","","","","100.10","","","","","","NA"
"-123.32","48.41","VICTORIA GONZALES CS","1018611","2018-10-26 04:00","2018","10","26","04:00","10.2","","9.6","","96","","0.0","","12","","8","","","","100.11","","","","","","NA"
"-123.32","48.41","VICTORIA GONZALES CS","1018611","2018-10-26 05:00","2018","10","26","05:00","10.6","","10.0","","97","","0.0","","16","","12","","","","100.17","","","","","","NA"
"-123.32","48.41","VICTORIA GONZALES CS","1018611","2018-10-26 06:00","2018","10","26","06:00","11.3","","10.8","","97","","0.0","","15","","19","","","","100.21","","","","","","NA"
"-123.32","48.41","VICTORIA GONZALES CS","1018611","2018-10-26 07:00","2018","10","26","07:00","11.4","","10.8","","96","","0.2","","19","","19","","","","100.30","","","","","","NA"
"-123.32","48.41","VICTORIA GONZALES CS","1018611","2018-10-26 08:00","2018","10","26","08:00","13.2","","12.3","","94","","0.0","","27","","27","","","","100.36","","","","","","NA"
"-123.32","48.41","VICTORIA GONZALES CS","1018611","2018-10-26 09:00","2018","10","26","09:00","14.2","","12.3","","88","","0.0","","27","","29","","","","100.46","","","","","","NA"
"-123.32","48.41","VICTORIA GONZALES CS","1018611","2018-10-26 10:00","2018","10","26","10:00","14.7","","11.2","","80","","0.0","","26","","24","","","","100.60","","","","","","NA"
"-123.32","48.41","VICTORIA GONZALES CS","1018611","2018-10-26 11:00","2018","10","26","11:00","15.1","","10.6","","74","","0.0","","28","","27","","","","100.67","","","","","","NA"
"-123.32","48.41","VICTORIA GONZALES CS","1018611","2018-10-26 12:00","2018","10","26","12:00","14.8","","9.9","","72","","0.0","","27","","22","","","","100.76","","","","","","NA"
"-123.32","48.41","VICTORIA GONZALES CS","1018611","2018-10-26 13:00","2018","10","26","13:00","14.9","","9.0","","67","","0.0","","28","","28","","","","100.75","","","","","","NA"
"-123.32","48.41","VICTORIA GONZALES CS","1018611","2018-10-26 14:00","2018","10","26","14:00","14.8","","9.6","","71","","0.0","","26","","23","","","","100.83","","","","","","NA"
"-123.32","48.41","VICTORIA GONZALES CS","1018611","2018-10-26 15:00","2018","10","26","15:00","14.3","","7.1","","62","","0.0","","26","","28","","","","100.89","","","","","","NA"
"-123.32","48.41","VICTORIA GONZALES CS","1018611","2018-10-26 16:00","2018","10","26","16:00","13.0","","6.7","","66","","0.0","","25","","27","","","","100.94","","","","","","NA"
"-123.32","48.41","VICTORIA GONZALES CS","1018611","2018-10-26 17:00","2018","10","26","17:00","12.1","","7.3","","73","","0.0","","25","","28","","","","100.95","","","","","","NA"
"-123.32","48.41","VICTORIA GONZALES CS","1018611","2018-10-26 18:00","2018","10","26","18:00","11.5","","8.0","","79","","0.0","","25","","31","","","","100.97","","","","","","NA"
"-123.32","48.41","VICTORIA GONZALES CS","1018611","2018-10-26 19:00","2018","10","26","19:00","11.1","","7.9","","81","","0.0","","26","","24","","","","101.00","","","","","","NA"
"-123.32","48.41","VICTORIA GONZALES CS","1018611","2018-10-26 20:00","2018","10","26","20:00","10.4","","8.3","","86","","0.0","","25","","21","","","","101.01","","","","","","NA"
"-123.32","48.41","VICTORIA GONZALES CS","1018611","2018-10-26 21:00","2018","10","26","21:00","10.0","","7.5","","84","","0.0","","26","","15","","","","101.10","","","","","","NA"
"-123.32","48.41","VICTORIA GONZALES CS","1018611","2018-10-26 22:00","2018","10","26","22:00","9.6","","6.6","","82","","0.0","","26","","15","","","","101.15","","","","","","NA"
"-123.32","48.41","VICTORIA GONZALES CS","1018611","2018-10-26 23:00","2018","10","26","23:00","9.1","","6.5","","84","","0.0","","26","","15","","","","101.18","","","","","","NA"
"-123.32","48.41","VICTORIA GONZALES CS","1018611","2018-10-27 00:00","2018","10","27","00:00","8.7","","6.5","","86","","0.0","","26","","12","","","","101.17","","","","","","NA"
"-123.32","48.41","VICTORIA GONZALES CS","1018611","2018-10-27 01:00","2018","10","27","01:00","8.2","","6.3","","88","","0.0","","27","","9","","","","101.15","","","","","","NA"
"-123.32","48.41","VICTORIA GONZALES CS","1018611","2018-10-27 02:00","2018","10","27","02:00","7.4","","5.2","","86","","0.0","","1","","7","","","","101.19","","","","","","NA"
"-123.32","48.41","VICTORIA GONZALES CS","1018611","2018-10-27 03:00","2018","10","27","03:00","6.9","","4.8","","87","","0.0","","5","","5","","","","101.20","","","","","","NA"
"-123.32","48.41","VICTORIA GONZALES CS","1018611","2018-10-27 04:00","2018","10","27","04:00","6.7","","5.4","","92","","0.0","","6","","8","","","","101.17","","","","","","NA"
"-123.32","48.41","VICTORIA GONZALES CS","1018611","2018-10-27 05:00","2018","10","27","05:00","6.8","","5.8","","93","","0.0","","4","","10","","","","101.15","","","","","","NA"
"-123.32","48.41","VICTORIA GONZALES CS","1018611","2018-10-27 06:00","2018","10","27","06:00","6.6","","5.5","","93","","0.0","","2","","12","","","","101.17","","","","","","NA"
"-123.32","48.41","VICTORIA GONZALES CS","1018611","2018-10-27 07:00","2018","10","27","07:00","5.9","","4.9","","93","","0.0","","5","","9","","","","101.16","","","","","","NA"
"-123.32","48.41","VICTORIA GONZALES CS","1018611","2018-10-27 08:00","2018","10","27","08:00","6.6","","5.8","","94","","0.0","","2","","13","","","","101.13","","","","","","NA"
"-123.32","48.41","VICTORIA GONZALES CS","1018611","2018-10-27 09:00","2018","10","27","09:00","8.0","","7.1","","95","","0.0","","3","","14","","","","101.06","","","","","","NA"
"-123.32","48.41","VICTORIA GONZALES CS","1018611","2018-10-27 10:00","2018","10","27","10:00","8.9","","7.9","","94","","0.0","","2","","16","","","","100.99","","","","","","NA"
"-123.32","48.41","VICTORIA GONZALES CS","1018611","2018-10-27 11:00","2018","10","27","11:00","11.3","","9.0","","86","","0.0","","3","","14","","","","100.87","","","","","","NA"
"-123.32","48.41","VICTORIA GONZALES CS","1018611","2018-10-27 12:00","2018","10","27","12:00","10.7","","7.5","","80","","0.0","","4","","9","","","","100.74","","","","","","NA"
"-123.32","48.41","VICTORIA GONZALES CS","1018611","2018-10-27 13:00","2018","10","27","13:00","10.8","","6.9","","77","","0.0","","3","","5","","","","100.61","","","","","","NA"
"-123.32","48.41","VICTORIA GONZALES CS","1018611","2018-10-27 14:00","2018","10","27","14:00","10.4","","7.0","","79","","0.0","","1","","9","","","","100.50","","","","","","NA"
"-123.32","48.41","VICTORIA GONZALES CS","1018611","2018-10-27 15:00","2018","10","27","15:00","10.0","","7.5","","84","","0.0","","3","","12","","","","100.31","","","","","","NA"
"-123.32","48.41","VICTORIA GONZALES CS","1018611","2018-10-27 16:00","2018","10","27","16:00","9.9","","7.2","","83","","0.0","","3","","16","","","","100.13","","","","","","NA"
"-123.32","48.41","VICTORIA GONZALES CS","1018611","2018-10-27 17:00","2018","10","27","17:00","9.2","","7.7","","90","","2.2","","4","","9","","","","100.11","","","","","","NA"
"-123.32","48.41","VICTORIA GONZALES CS","1018611","2018-10-27 18:00","2018","10","27","18:00","9.4","","8.4","","94","","4.2","","6","","8","","","","99.98","","","","","","NA"
"-123.32","48.41","VICTORIA GONZALES CS","1018611","2018-10-27 19:00","2018","10","27","19:00","9.3","","8.5","","94","","2.2","","5","","11","","","","99.77","","","","","","NA"
"-123.32","48.41","VICTORIA GONZALES CS","1018611","2018-10-27 20:00","2018","10","27","20:00","9.6","","8.8","","95","","3.4","","7","","16","","","","99.72","","","","","","NA"
"-123.32","48.41","VICTORIA GONZALES CS","1018611","2018-10-27 21:00","2018","10","27","21:00","9.7","","9.0","","95","","3.4","","4","","10","","","","99.71","","","","","","NA"
"-123.32","48.41","VICTORIA GONZALES CS","1018611","2018-10-27 22:00","2018","10","27","22:00","10.0","","9.3","","96","","0.0","","6","","12","","","","99.73","","","","","","NA"
"-123.32","48.41","VICTORIA GONZALES CS","1018611","2018-10-27 23:00","2018","10","27","23:00","10.3","","9.7","","96","","0.0","","8","","11","","","","99.64","","","","","","NA"
"-123.32","48.41","VICTORIA GONZALES CS","1018611","2018-10-28 00:00","2018","10","28","00:00","9.7","","9.0","","96","","0.0","","3","","5","","","","99.69","","","","","","NA"
"-123.32","48.41","VICTORIA GONZALES CS","1018611","2018-10-28 01:00","2018","10","28","01:00","10.1","","9.5","","96","","0.4","","5","","10","","","","99.71","","","","","","NA"
"-123.32","48.41","VICTORIA GONZALES CS","1018611","2018-10-28 02:00","2018","10","28","02:00","9.3","","8.7","","96","","0.4","","12","","7","","","","99.75","","","","","","NA"
"-123.32","48.41","VICTORIA GONZALES CS","1018611","2018-10-28 03:00","2018","10","28","03:00","9.4","","8.8","","96","","0.2","","28","","8","","","","99.86","","","","","","NA"
"-123.32","48.41","VICTORIA GONZALES CS","1018611","2018-10-28 04:00","2018","10","28","04:00","9.6","","9.0","","96","","1.4","","19","","13","","","","99.93","","","","","","NA"
"-123.32","48.41","VICTORIA GONZALES CS","1018611","2018-10-28 05:00","2018","10","28","05:00","9.8","","9.0","","95","","0.4","","22","","20","","","","99.89","","","","","","NA"
"-123.32","48.41","VICTORIA GONZALES CS","1018611","2018-10-28 06:00","2018","10","28","06:00","9.9","","9.1","","95","","1.8","","25","","20","","","","100.02","","","","","","NA"
"-123.32","48.41","VICTORIA GONZALES CS","1018611","2018-10-28 07:00","2018","10","28","07:00","10.1","","8.8","","92","","0.0","","24","","28","","","","100.10","","","","","","NA"
"-123.32","48.41","VICTORIA GONZALES CS","1018611","2018-10-28 08:00","2018","10","28","08:00","9.4","","8.2","","92","","0.6","","23","","17","","","","100.19","","","","","","NA"
"-123.32","48.41","VICTORIA GONZALES CS","1018611","2018-10-28 09:00","2018","10","28","09:00","9.8","","8.8","","93","","0.0","","20","","16","","","","100.17","","","","","","NA"
"-123.32","48.41","VICTORIA GONZALES CS","1018611","2018-10-28 10:00","2018","10","28","10:00","11.6","","9.4","","87","","0.0","","23","","7","","","","100.28","","","","","","NA"
"-123.32","48.41","VICTORIA GONZALES CS","1018611","2018-10-28 11:00","2018","10","28","11:00","12.8","","8.3","","74","","0.2","","14","","9","","","","100.42","","","","","","NA"
"-123.32","48.41","VICTORIA GONZALES CS","1018611","2018-10-28 12:00","2018","10","28","12:00","11.9","","8.3","","79","","0.0","","12","","10","","","","100.47","","","","","","NA"
"-123.32","48.41","VICTORIA GONZALES CS","1018611","2018-10-28 13:00","2018","10","28","13:00","12.7","","8.3","","75","","0.0","","14","","16","","","","100.44","","","","","","NA"
"-123.32","48.41","VICTORIA GONZALES CS","1018611","2018-10-28 14:00","2018","10","28","14:00","11.1","","8.5","","84","","0.0","","15","","17","","","","100.47","","","","","","NA"
"-123.32","48.41","VICTORIA GONZALES CS","1018611","2018-10-28 15:00","2018","10","28","15:00","12.2","","8.8","","80","","0.2","","16","","10","","","","100.47","","","","","","NA"
"-123.32","48.41","VICTORIA GONZALES CS","1018611","2018-10-28 16:00","2018","10","28","16:00","11.6","","8.9","","83","","0.0","","14","","5","","","","100.48","","","","","","NA"
"-123.32","48.41","VICTORIA GONZALES CS","1018611","2018-10-28 17:00","2018","10","28","17:00","10.9","","8.8","","87","","0.0","","6","","3","","","","100.47","","","","","","NA"
"-123.32","48.41","VICTORIA GONZALES CS","1018611","2018-10-28 18:00","2018","10","28","18:00","10.2","","8.8","","91","","0.0","","2","","5","","","","100.48","","","","","","NA"
"-123.32","48.41","VICTORIA GONZALES CS","1018611","2018-10-28 19:00","2018","10","28","19:00","10.0","","8.9","","93","","0.0","","2","","4","","","","100.47","","","","","","NA"
"-123.32","48.41","VICTORIA GONZALES CS","1018611","2018-10-28 20:00","2018","10","28","20:00","9.6","","8.5","","93","","1.0","","28","","11","","","","100.52","","","","","","NA"
"-123.32","48.41","VICTORIA GONZALES CS","1018611","2018-10-28 21:00","2018","10","28","21:00","8.9","","7.7","","93","","0.0","","28","","10","","","","100.53","","","","","","NA"
"-123.32","48.41","VICTORIA GONZALES CS","1018611","2018-10-28 22:00","2018","10","28","22:00","9.0","","7.2","","89","","0.0","","28","","15","","","","100.56","","","","","","NA"
"-123.32","48.41","VICTORIA GONZALES CS","1018611","2018-10-28 23:00","2018","10","28","23:00","8.5","","6.9","","89","","0.0","","11","","10","","","","100.65","","","","","","NA"
"-123.32","48.41","VICTORIA GONZALES CS","1018611","2018-10-29 00:00","2018","10","29","00:00","8.7","","6.9","","89","","0.0","","19","","8","","","","100.67","","","","","","NA"
"-123.32","48.41","VICTORIA GONZALES CS","1018611","2018-10-29 01:00","2018","10","29","01:00","8.2","","6.9","","91","","0.0","","23","","6","","","","100.70","","","","","","NA"
"-123.32","48.41","VICTORIA GONZALES CS","1018611","2018-10-29 02:00","2018","10","29","02:00","7.4","","6.2","","92","","0.0","","20","","3","","","","100.78","","","","","","NA"
"-123.32","48.41","VICTORIA GONZALES CS","1018611","2018-10-29 03:00","2018","10","29","03:00","8.3","","7.3","","94","","0.0","","20","","7","","","","100.83","","","","","","NA"
"-123.32","48.41","VICTORIA GONZALES CS","1018611","2018-10-29 04:00","2018","10","29","04:00","7.9","","7.1","","95","","0.0","","16","","8","","","","100.87","","","","","","NA"
"-123.32","48.41","VICTORIA GONZALES CS","1018611","2018-10-29 05:00","2018","10","29","05:00","7.4","","6.5","","95","","0.0","","20","","3","","","","100.92","","","","","","NA"
"-123.32","48.41","VICTORIA GONZALES CS","1018611","2018-10-29 06:00","2018","10","29","06:00","7.6","","6.8","","95","","0.0","","8","","5","","","","100.95","","","","","","NA"
"-123.32","48.41","VICTORIA GONZALES CS","1018611","2018-10-29 07:00","2018","10","29","07:00","8.0","","7.2","","95","","0.0","","9","","7","","","","101.00","","","","","","NA"
"-123.32","48.41","VICTORIA GONZALES CS","1018611","2018-10-29 08:00","2018","10","29","08:00","8.5","","7.7","","95","","0.0","","13","","14","","","","101.10","","","","","","NA"
"-123.32","48.41","VICTORIA GONZALES CS","1018611","2018-10-29 09:00","2018","10","29","09:00","8.2","","7.5","","95","","0.8","","18","","7","","","","101.22","","","","","","NA"
"-123.32","48.41","VICTORIA GONZALES CS","1018611","2018-10-29 10:00","2018","10","29","10:00","8.3","","7.5","","95","","0.2","","7","","2","","","","101.26","","","","","","NA"
"-123.32","48.41","VICTORIA GONZALES CS","1018611","2018-10-29 11:00","2018","10","29","11:00","9.2","","8.5","","95","","0.2","","5","","3","","","","101.27","","","","","","NA"
"-123.32","48.41","VICTORIA GONZALES CS","1018611","2018-10-29 12:00","2018","10","29","12:00","11.3","","10.2","","93","","0.0","","7","","7","","","","101.30","","","","","","NA"
"-123.32","48.41","VICTORIA GONZALES CS","1018611","2018-10-29 13:00","2018","10","29","13:00","9.6","","7.9","","89","","0.0","","11","","8","","","","101.34","","","","","","NA"
"-123.32","48.41","VICTORIA GONZALES CS","1018611","2018-10-29 14:00","2018","10","29","14:00","10.5","","7.9","","84","","0.0","","20","","8","","","","101.38","","","","","","NA"
"-123.32","48.41","VICTORIA GONZALES CS","1018611","2018-10-29 15:00","2018","10","29","15:00","9.4","","7.5","","88","","0.0","","20","","8","","","","101.40","","","","","","NA"
"-123.32","48.41","VICTORIA GONZALES CS","1018611","2018-10-29 16:00","2018","10","29","16:00","9.6","","8.0","","90","","0.0","","20","","9","","","","101.43","","","","","","NA"
"-123.32","48.41","VICTORIA GONZALES CS","1018611","2018-10-29 17:00","2018","10","29","17:00","9.4","","7.6","","88","","0.0","","22","","7","","","","101.47","","","","","","NA"
"-123.32","48.41","VICTORIA GONZALES CS","1018611","2018-10-29 18:00","2018","10","29","18:00","9.0","","7.3","","89","","0.0","","18","","7","","","","101.50","","","","","","NA"
"-123.32","48.41","VICTORIA GONZALES CS","1018611","2018-10-29 19:00","2018","10","29","19:00","8.5","","7.0","","90","","0.0","","20","","5","","","","101.54","","","","","","NA"
"-123.32","48.41","VICTORIA GONZALES CS","1018611","2018-10-29 20:00","2018","10","29","20:00","8.7","","7.1","","90","","0.0","","19","","5","","","","101.57","","","","","","NA"
"-123.32","48.41","VICTORIA GONZALES CS","1018611","2018-10-29 21:00","2018","10","29","21:00","8.6","","7.3","","91","","0.0","","12","","5","","","","101.58","","","","","","NA"
"-123.32","48.41","VICTORIA GONZALES CS","1018611","2018-10-29 22:00","2018","10","29","22:00","8.7","","7.6","","93","","0.0","","8","","9","","","","101.61","","","","","","NA"
"-123.32","48.41","VICTORIA GONZALES CS","1018611","2018-10-29 23:00","2018","10","29","23:00","8.9","","7.9","","94","","0.0","","18","","4","","","","101.62","","","","","","NA"
"-123.32","48.41","VICTORIA GONZALES CS","1018611","2018-10-30 00:00","2018","10","30","00:00","8.3","","7.4","","94","","0.2","","35","","11","","","","101.66","","","","","","NA"
"-123.32","48.41","VICTORIA GONZALES CS","1018611","2018-10-30 01:00","2018","10","30","01:00","8.8","","7.8","","94","","0.4","","30","","6","","","","101.67","","","","","","NA"
"-123.32","48.41","VICTORIA GONZALES CS","1018611","2018-10-30 02:00","2018","10","30","02:00","9.1","","7.8","","92","","0.2","","18","","8","","","","101.72","","","","","","NA"
"-123.32","48.41","VICTORIA GONZALES CS","1018611","2018-10-30 03:00","2018","10","30","03:00","9.0","","7.9","","93","","0.0","","16","","8","","","","101.72","","","","","","NA"
"-123.32","48.41","VICTORIA GONZALES CS","1018611","2018-10-30 04:00","2018","10","30","04:00","9.0","","8.1","","94","","0.2","","24","","8","","","","101.74","","","","","","NA"
"-123.32","48.41","VICTORIA GONZALES CS","1018611","2018-10-30 05:00","2018","10","30","05:00","8.8","","8.1","","95","","1.6","","21","","11","","","","101.73","","","","","","NA"
"-123.32","48.41","VICTORIA GONZALES CS","1018611","2018-10-30 06:00","2018","10","30","06:00","8.7","","7.8","","95","","0.0","","23","","11","","","","101.73","","","","","","NA"
"-123.32","48.41","VICTORIA GONZALES CS","1018611","2018-10-30 07:00","2018","10","30","07:00","8.4","","7.5","","95","","0.2","","28","","5","","","","101.77","","","","","","NA"
"-123.32","48.41","VICTORIA GONZALES CS","1018611","2018-10-30 08:00","2018","10","30","08:00","8.6","","7.8","","95","","0.2","","16","","7","","","","101.81","","","","","","NA"
"-123.32","48.41","VICTORIA GONZALES CS","1018611","2018-10-30 09:00","2018","10","30","09:00","8.9","","8.1","","94","","0.0","","12","","7","","","","101.83","","","","","","NA"
"-123.32","48.41","VICTORIA GONZALES CS","1018611","2018-10-30 10:00","2018","10","30","10:00","9.9","","8.2","","90","","0.0","","19","","4","","","","101.84","","","","","","NA"
"-123.32","48.41","VICTORIA GONZALES CS","1018611","2018-10-30 11:00","2018","10","30","11:00","10.7","","8.5","","86","","0.0","","10","","7","","","","101.83","","","","","","NA"
"-123.32","48.41","VICTORIA GONZALES CS","1018611","2018-10-30 12:00","2018","10","30","12:00","11.2","","8.0","","81","","0.0","","10","","10","","","","101.79","","","","","","NA"
"-123.32","48.41","VICTORIA GONZALES CS","1018611","2018-10-30 13:00","2018","10","30","13:00","11.0","","8.7","","86","","0.0","","10","","7","","","","101.73","","","","","","NA"
"-123.32","48.41","VICTORIA GONZALES CS","1018611","2018-10-30 14:00","2018","10","30","14:00","10.6","","7.9","","84","","0.0","","10","","9","","","","101.65","","","","","","NA"
"-123.32","48.41","VICTORIA GONZALES CS","1018611","2018-10-30 15:00","2018","10","30","15:00","10.0","","7.8","","86","","0.0","","10","","8","","","","101.62","","","","","","NA"
"-123.32","48.41","VICTORIA GONZALES CS","1018611","2018-10-30 16:00","2018","10","30","16:00","9.8","","7.8","","87","","0.0","","8","","8","","","","101.56","","","","","","NA"
"-123.32","48.41","VICTORIA GONZALES CS","1018611","2018-10-30 17:00","2018","10","30","17:00","9.6","","8.0","","89","","0.0","","6","","7","","","","101.42","","","","","","NA"
"-123.32","48.41","VICTORIA GONZALES CS","1018611","2018-10-30 18:00","2018","10","30","18:00","9.6","","8.2","","91","","0.0","","7","","7","","","","101.33","","","","","","NA"
"-123.32","48.41","VICTORIA GONZALES CS","1018611","2018-10-30 19:00","2018","10","30","19:00","9.7","","8.6","","93","","0.6","","7","","10","","","","101.24","","","","","","NA"
"-123.32","48.41","VICTORIA GONZALES CS","1018611","2018-10-30 20:00","2018","10","30","20:00","9.6","","8.6","","94","","1.0","","8","","8","","","","101.15","","","","","","NA"
"-123.32","48.41","VICTORIA GONZALES CS","1018611","2018-10-30 21:00","2018","10","30","21:00","9.5","","8.7","","95","","0.4","","10","","4","","","","101.08","","","","","","NA"
"-123.32","48.41","VICTORIA GONZALES CS","1018611","2018-10-30 22:00","2018","10","30","22:00","9.5","","8.7","","95","","0.2","","3","","6","","","","100.95","","","","","","NA"
"-123.32","48.41","VICTORIA GONZALES CS","1018611","2018-10-30 23:00","2018","10","30","23:00","9.3","","8.6","","95","","0.0","","5","","6","","","","100.83","","","","","","NA"
"-123.32","48.41","VICTORIA GONZALES CS","1018611","2018-10-31 00:00","2018","10","31","00:00","9.2","","8.5","","95","","0.0","","6","","6","","","","100.81","","","","","","NA"
"-123.32","48.41","VICTORIA GONZALES CS","1018611","2018-10-31 01:00","2018","10","31","01:00","9.1","","8.3","","95","","0.0","","1","","8","","","","100.79","","","","","","NA"
"-123.32","48.41","VICTORIA GONZALES CS","1018611","2018-10-31 02:00","2018","10","31","02:00","9.2","","8.5","","95","","0.0","","6","","4","","","","100.73","","","","","","NA"
"-123.32","48.41","VICTORIA GONZALES CS","1018611","2018-10-31 03:00","2018","10","31","03:00","9.1","","8.4","","96","","0.0","","4","","5","","","","100.75","","","","","","NA"
"-123.32","48.41","VICTORIA GONZALES CS","1018611","2018-10-31 04:00","2018","10","31","04:00","9.1","","8.4","","96","","0.0","","4","","6","","","","100.73","","","","","","NA"
"-123.32","48.41","VICTORIA GONZALES CS","1018611","2018-10-31 05:00","2018","10","31","05:00","9.0","","8.4","","96","","0.0","","8","","5","","","","100.73","","","","","","NA"
"-123.32","48.41","VICTORIA GONZALES CS","1018611","2018-10-31 06:00","2018","10","31","06:00","9.0","","8.4","","96","","0.0","","9","","3","","","","100.72","","","","","","NA"
"-123.32","48.41","VICTORIA GONZALES CS","1018611","2018-10-31 07:00","2018","10","31","07:00","9.1","","8.5","","96","","0.0","","13","","6","","","","100.73","","","","","","NA"
"-123.32","48.41","VICTORIA GONZALES CS","1018611","2018-10-31 08:00","2018","10","31","08:00","9.1","","8.5","","96","","0.0","","17","","9","","","","100.78","","","","","","NA"
"-123.32","48.41","VICTORIA GONZALES CS","1018611","2018-10-31 09:00","2018","10","31","09:00","9.4","","8.8","","96","","0.0","","19","","13","","","","100.78","","","","","","NA"
"-123.32","48.41","VICTORIA GONZALES CS","1018611","2018-10-31 10:00","2018","10","31","10:00","9.3","","8.8","","97","","0.0","","21","","16","","","","100.79","","","","","","NA"
"-123.32","48.41","VICTORIA GONZALES CS","1018611","2018-10-31 11:00","2018","10","31","11:00","9.8","","9.3","","97","","0.0","","18","","7","","","","100.86","","","","","","NA"
"-123.32","48.41","VICTORIA GONZALES CS","1018611","2018-10-31 12:00","2018","10","31","12:00","9.9","","9.3","","96","","0.0","","19","","9","","","","100.85","","","","","","NA"
"-123.32","48.41","VICTORIA GONZALES CS","1018611","2018-10-31 13:00","2018","10","31","13:00","11.9","","11.0","","95","","0.0","","19","","9","","","","100.87","","","","","","NA"
"-123.32","48.41","VICTORIA GONZALES CS","1018611","2018-10-31 14:00","2018","10","31","14:00","12.1","","11.2","","94","","0.0","","23","","19","","","","100.85","","","","","","NA"
"-123.32","48.41","VICTORIA GONZALES CS","1018611","2018-10-31 15:00","2018","10","31","15:00","13.3","","12.3","","93","","0.0","","26","","30","","","","100.81","","","","","","NA"
"-123.32","48.41","VICTORIA GONZALES CS","1018611","2018-10-31 16:00","2018","10","31","16:00","13.1","","11.9","","92","","0.0","","27","","26","","","","100.87","","","","","","NA"
"-123.32","48.41","VICTORIA GONZALES CS","1018611","2018-10-31 17:00","2018","10","31","17:00","13.1","","11.8","","92","","0.0","","27","","21","","","","100.89","","","","","","NA"
"-123.32","48.41","VICTORIA GONZALES CS","1018611","2018-10-31 18:00","2018","10","31","18:00","13.5","","11.8","","90","","0.0","","29","","18","","","","100.94","","","","","","NA"
"-123.32","48.41","VICTORIA GONZALES CS","1018611","2018-10-31 19:00","2018","10","31","19:00","13.7","","11.8","","89","","0.0","","28","","20","","","","100.99","","","","","","NA"
"-123.32","48.41","VICTORIA GONZALES CS","1018611","2018-10-31 20:00","2018","10","31","20:00","13.8","","11.6","","86","","0.0","","28","","12","","","","101.02","","","","","","NA"
"-123.32","48.41","VICTORIA GONZALES CS","1018611","2018-10-31 21:00","2018","10","31","21:00","12.2","","10.1","","87","","0.0","","3","","6","","","","101.07","","","","","","NA"
"-123.32","48.41","VICTORIA GONZALES CS","1018611","2018-10-31 22:00","2018","10","31","22:00","10.8","","9.6","","92","","0.0","","3","","7","","","","101.10","","","","","","NA"
"-123.32","48.41","VICTORIA GONZALES CS","1018611","2018-10-31 23:00","2018","10","31","23:00","10.3","","9.4","","94","","0.2","","10","","8","","","","101.12","","","","","","NA"
