"Longitude (x)","Latitude (y)","Station Name","Climate ID","Date/Time (LST)","Year","Month","Day","Time (LST)","Temp (°C)","Temp Flag","Dew Point Temp (°C)","Dew Point Temp Flag","Rel Hum (%)","Rel Hum Flag","Precip. Amount (mm)","Precip. Amount Flag","Wind Dir (10s deg)","Wind Dir Flag","Wind Spd (km/h)","Wind Spd Flag","Visibility (km)","Visibility Flag","Stn Press (kPa)","Stn Press Flag","Hmdx","Hmdx Flag","Wind Chill","Wind Chill Flag","Weather"
"-114.88","49.75","SPARWOOD CS","1157631","2020-09-01 00:00","2020","09","01","00:00","12.9","","2.5","","49","","0.0","","17","","18","","","","88.27","","","","","","NA"
"-114.88","49.75","SPARWOOD CS","1157631","2020-09-01 01:00","2020","09","01","01:00","13.1","","2.7","","49","","0.0","","19","","12","","","","88.29","","","","","","NA"
"-114.88","49.75","SPARWOOD CS","1157631","2020-09-01 02:00","2020","09","01","02:00","13.3","","2.8","","49","","0.0","","19","","14","","","","88.27","","","","","","NA"
"-114.88","49.75","SPARWOOD CS","1157631","2020-09-01 03:00","2020","09","01","03:00","12.9","","3.2","","52","","0.0","","18","","8","","","","88.27","","","","","","NA"
"-114.88","49.75","SPARWOOD CS","1157631","2020-09-01 04:00","2020","09","01","04:00","13.1","","3.5","","52","","0.0","","18","","11","","","","88.29","","","","","","NA"
"-114.88","49.75","SPARWOOD CS","1157631","2020-09-01 05:00","2020","09","01","05:00","13.4","","3.9","","53","","0.0","","16","","9","","","","88.32","","","","","","NA"
"-114.88","49.75","SPARWOOD CS","1157631","2020-09-01 06:00","2020","09","01","06:00","13.7","","4.2","","53","","0.0","","17","","9","","","","88.33","","","","","","NA"
"-114.88","49.75","SPARWOOD CS","1157631","2020-09-01 07:00","2020","09","01","07:00","15.5","","4.5","","48","","0.0","","17","","14","","","","88.34","","","","","","NA"
"-114.88","49.75","SPARWOOD CS","1157631","2020-09-01 08:00","2020","09","01","08:00","16.9","","5.1","","46","","0.0","","17","","14","","","","88.36","","","","","","NA"
"-114.88","49.75","SPARWOOD CS","1157631","2020-09-01 09:00","2020","09","01","09:00","19.7","","4.9","","38","","0.0","","18","","18","","","","88.32","","","","","","NA"
"-114.88","49.75","SPARWOOD CS","1157631","2020-09-01 10:00","2020","09","01","10:00","20.9","","5.5","","37","","0.0","","18","","18","","","","88.29","","","","","","NA"
"-114.88","49.75","SPARWOOD CS","1157631","2020-09-01 11:00","2020","09","01","11:00","20.0","","5.6","","39","","0.0","","17","","15","","","","88.28","","","","","","NA"
"-114.88","49.75","SPARWOOD CS","1157631","2020-09-01 12:00","2020","09","01","12:00","22.0","","4.5","","32","","0.0","","17","","12","","","","88.26","","","","","","NA"
"-114.88","49.75","SPARWOOD CS","1157631","2020-09-01 13:00","2020","09","01","13:00","22.9","","4.5","","30","","0.0","","17","","11","","","","88.21","","","","","","NA"
"-114.88","49.75","SPARWOOD CS","1157631","2020-09-01 14:00","2020","09","01","14:00","24.0","","3.8","","27","","0.0","","16","","9","","","","88.21","","","","","","NA"
"-114.88","49.75","SPARWOOD CS","1157631","2020-09-01 15:00","2020","09","01","15:00","25.5","","3.3","","24","","0.0","","20","","6","","","","88.23","","","","","","NA"
"-114.88","49.75","SPARWOOD CS","1157631","2020-09-01 16:00","2020","09","01","16:00","23.8","","3.2","","26","","0.0","","17","","12","","","","88.30","","","","","","NA"
"-114.88","49.75","SPARWOOD CS","1157631","2020-09-01 17:00","2020","09","01","17:00","22.2","","3.9","","30","","0.0","","19","","11","","","","88.35","","","","","","NA"
"-114.88","49.75","SPARWOOD CS","1157631","2020-09-01 18:00","2020","09","01","18:00","21.2","","4.1","","33","","0.0","","18","","16","","","","88.37","","","","","","NA"
"-114.88","49.75","SPARWOOD CS","1157631","2020-09-01 19:00","2020","09","01","19:00","20.2","","4.1","","35","","0.0","","18","","14","","","","88.40","","","","","","NA"
"-114.88","49.75","SPARWOOD CS","1157631","2020-09-01 20:00","2020","09","01","20:00","19.8","","4.7","","37","","0.0","","18","","10","","","","88.45","","","","","","NA"
"-114.88","49.75","SPARWOOD CS","1157631","2020-09-01 21:00","2020","09","01","21:00","19.8","","5.1","","38","","0.0","","16","","11","","","","88.39","","","","","","NA"
"-114.88","49.75","SPARWOOD CS","1157631","2020-09-01 22:00","2020","09","01","22:00","19.4","","5.5","","40","","0.0","","16","","12","","","","88.32","","","","","","NA"
"-114.88","49.75","SPARWOOD CS","1157631","2020-09-01 23:00","2020","09","01","23:00","19.4","","6.2","","42","","0.0","","16","","13","","","","88.20","","","","","","NA"
"-114.88","49.75","SPARWOOD CS","1157631","2020-09-02 00:00","2020","09","02","00:00","20.1","","6.7","","42","","0.0","","17","","15","","","","88.06","","","","","","NA"
"-114.88","49.75","SPARWOOD CS","1157631","2020-09-02 01:00","2020","09","02","01:00","20.6","","6.3","","39","","0.0","","18","","15","","","","88.01","","","","","","NA"
"-114.88","49.75","SPARWOOD CS","1157631","2020-09-02 02:00","2020","09","02","02:00","19.7","","6.3","","42","","0.0","","16","","14","","","","87.93","","","","","","NA"
"-114.88","49.75","SPARWOOD CS","1157631","2020-09-02 03:00","2020","09","02","03:00","18.9","","6.3","","44","","0.0","","19","","7","","","","87.92","","","","","","NA"
"-114.88","49.75","SPARWOOD CS","1157631","2020-09-02 04:00","2020","09","02","04:00","18.7","","6.4","","45","","0.0","","16","","12","","","","87.90","","","","","","NA"
"-114.88","49.75","SPARWOOD CS","1157631","2020-09-02 05:00","2020","09","02","05:00","18.4","","6.1","","45","","0.0","","18","","12","","","","87.88","","","","","","NA"
"-114.88","49.75","SPARWOOD CS","1157631","2020-09-02 06:00","2020","09","02","06:00","17.8","","6.3","","47","","0.0","","20","","9","","","","87.92","","","","","","NA"
"-114.88","49.75","SPARWOOD CS","1157631","2020-09-02 07:00","2020","09","02","07:00","18.0","","6.4","","47","","0.0","","17","","15","","","","87.97","","","","","","NA"
"-114.88","49.75","SPARWOOD CS","1157631","2020-09-02 08:00","2020","09","02","08:00","19.1","","6.2","","43","","0.0","","17","","19","","","","88.00","","","","","","NA"
"-114.88","49.75","SPARWOOD CS","1157631","2020-09-02 09:00","2020","09","02","09:00","20.3","","6.1","","40","","0.0","","17","","18","","","","88.09","","","","","","NA"
"-114.88","49.75","SPARWOOD CS","1157631","2020-09-02 10:00","2020","09","02","10:00","21.4","","5.4","","35","","0.0","","18","","17","","","","88.13","","","","","","NA"
"-114.88","49.75","SPARWOOD CS","1157631","2020-09-02 11:00","2020","09","02","11:00","22.8","","5.2","","32","","0.0","","16","","13","","","","88.17","","","","","","NA"
"-114.88","49.75","SPARWOOD CS","1157631","2020-09-02 12:00","2020","09","02","12:00","22.7","","4.9","","31","","0.0","","18","","4","","","","88.18","","","","","","NA"
"-114.88","49.75","SPARWOOD CS","1157631","2020-09-02 13:00","2020","09","02","13:00","22.9","","4.4","","30","","0.0","","23","","11","","","","88.20","","","","","","NA"
"-114.88","49.75","SPARWOOD CS","1157631","2020-09-02 14:00","2020","09","02","14:00","22.9","","5.1","","31","","0.0","","15","","11","","","","88.30","","","","","","NA"
"-114.88","49.75","SPARWOOD CS","1157631","2020-09-02 15:00","2020","09","02","15:00","23.5","","2.7","","26","","0.0","","17","","14","","","","88.33","","","","","","NA"
"-114.88","49.75","SPARWOOD CS","1157631","2020-09-02 16:00","2020","09","02","16:00","23.8","","1.4","","23","","0.0","","18","","12","","","","88.35","","","","","","NA"
"-114.88","49.75","SPARWOOD CS","1157631","2020-09-02 17:00","2020","09","02","17:00","21.6","","0.9","","25","","0.0","","19","","10","","","","88.43","","","","","","NA"
"-114.88","49.75","SPARWOOD CS","1157631","2020-09-02 18:00","2020","09","02","18:00","19.9","","1.0","","28","","0.0","","21","","7","","","","88.49","","","","","","NA"
"-114.88","49.75","SPARWOOD CS","1157631","2020-09-02 19:00","2020","09","02","19:00","15.2","","4.1","","48","","0.0","","11","","26","","","","88.62","","","","","","NA"
"-114.88","49.75","SPARWOOD CS","1157631","2020-09-02 20:00","2020","09","02","20:00","13.7","","4.6","","54","","0.0","","11","","27","","","","88.70","","","","","","NA"
"-114.88","49.75","SPARWOOD CS","1157631","2020-09-02 21:00","2020","09","02","21:00","12.8","","4.7","","58","","0.0","","12","","28","","","","88.77","","","","","","NA"
"-114.88","49.75","SPARWOOD CS","1157631","2020-09-02 22:00","2020","09","02","22:00","12.1","","4.7","","61","","0.0","","13","","21","","","","88.82","","","","","","NA"
"-114.88","49.75","SPARWOOD CS","1157631","2020-09-02 23:00","2020","09","02","23:00","11.2","","4.4","","63","","0.0","","12","","20","","","","88.83","","","","","","NA"
"-114.88","49.75","SPARWOOD CS","1157631","2020-09-03 00:00","2020","09","03","00:00","10.7","","4.2","","64","","0.0","","10","","19","","","","88.87","","","","","","NA"
"-114.88","49.75","SPARWOOD CS","1157631","2020-09-03 01:00","2020","09","03","01:00","8.8","","3.6","","70","","0.0","","15","","6","","","","88.90","","","","","","NA"
"-114.88","49.75","SPARWOOD CS","1157631","2020-09-03 02:00","2020","09","03","02:00","6.9","","3.3","","78","","0.0","","4","","6","","","","88.90","","","","","","NA"
"-114.88","49.75","SPARWOOD CS","1157631","2020-09-03 03:00","2020","09","03","03:00","5.5","","2.4","","81","","0.0","","5","","7","","","","88.95","","","","","","NA"
"-114.88","49.75","SPARWOOD CS","1157631","2020-09-03 04:00","2020","09","03","04:00","3.8","","1.7","","86","","0.0","","1","","4","","","","88.94","","","","","","NA"
"-114.88","49.75","SPARWOOD CS","1157631","2020-09-03 05:00","2020","09","03","05:00","3.3","","1.3","","87","","0.0","","2","","12","","","","88.98","","","","","","NA"
"-114.88","49.75","SPARWOOD CS","1157631","2020-09-03 06:00","2020","09","03","06:00","3.0","","1.4","","89","","0.0","","34","","7","","","","89.01","","","","","","NA"
"-114.88","49.75","SPARWOOD CS","1157631","2020-09-03 07:00","2020","09","03","07:00","3.8","","1.4","","84","","0.0","","36","","3","","","","89.07","","","","","","NA"
"-114.88","49.75","SPARWOOD CS","1157631","2020-09-03 08:00","2020","09","03","08:00","8.6","","2.7","","67","","0.0","","14","","4","","","","89.08","","","","","","NA"
"-114.88","49.75","SPARWOOD CS","1157631","2020-09-03 09:00","2020","09","03","09:00","14.0","","3.6","","49","","0.0","","15","","4","","","","88.98","","","","","","NA"
"-114.88","49.75","SPARWOOD CS","1157631","2020-09-03 10:00","2020","09","03","10:00","19.6","","2.1","","31","","0.0","","17","","16","","","","88.94","","","","","","NA"
"-114.88","49.75","SPARWOOD CS","1157631","2020-09-03 11:00","2020","09","03","11:00","22.6","","3.3","","28","","0.0","","18","","15","","","","88.88","","","","","","NA"
"-114.88","49.75","SPARWOOD CS","1157631","2020-09-03 12:00","2020","09","03","12:00","23.6","","3.2","","26","","0.0","","18","","16","","","","88.85","","","","","","NA"
"-114.88","49.75","SPARWOOD CS","1157631","2020-09-03 13:00","2020","09","03","13:00","25.0","","4.3","","26","","0.0","","17","","15","","","","88.83","","","","","","NA"
"-114.88","49.75","SPARWOOD CS","1157631","2020-09-03 14:00","2020","09","03","14:00","24.7","","3.7","","26","","0.0","","18","","16","","","","88.79","","","","","","NA"
"-114.88","49.75","SPARWOOD CS","1157631","2020-09-03 15:00","2020","09","03","15:00","25.5","","2.8","","23","","0.0","","33","","12","","","","88.78","","","","","","NA"
"-114.88","49.75","SPARWOOD CS","1157631","2020-09-03 16:00","2020","09","03","16:00","25.9","","3.3","","23","","0.0","","23","","6","","","","88.78","","25","","","","NA"
"-114.88","49.75","SPARWOOD CS","1157631","2020-09-03 17:00","2020","09","03","17:00","24.0","","3.2","","26","","0.0","","34","","12","","","","88.81","","","","","","NA"
"-114.88","49.75","SPARWOOD CS","1157631","2020-09-03 18:00","2020","09","03","18:00","20.6","","4.6","","35","","0.0","","26","","5","","","","88.85","","","","","","NA"
"-114.88","49.75","SPARWOOD CS","1157631","2020-09-03 19:00","2020","09","03","19:00","17.7","","6.3","","47","","0.0","","36","","3","","","","88.89","","","","","","NA"
"-114.88","49.75","SPARWOOD CS","1157631","2020-09-03 20:00","2020","09","03","20:00","14.8","","6.8","","59","","0.0","","14","","3","","","","88.97","","","","","","NA"
"-114.88","49.75","SPARWOOD CS","1157631","2020-09-03 21:00","2020","09","03","21:00","13.0","","6.3","","64","","0.0","","33","","3","","","","89.04","","","","","","NA"
"-114.88","49.75","SPARWOOD CS","1157631","2020-09-03 22:00","2020","09","03","22:00","11.5","","6.2","","70","","0.0","","36","","4","","","","89.11","","","","","","NA"
"-114.88","49.75","SPARWOOD CS","1157631","2020-09-03 23:00","2020","09","03","23:00","10.2","","5.4","","72","","0.0","","36","","6","","","","89.14","","","","","","NA"
"-114.88","49.75","SPARWOOD CS","1157631","2020-09-04 00:00","2020","09","04","00:00","9.2","","4.9","","75","","0.0","","1","","6","","","","89.16","","","","","","NA"
"-114.88","49.75","SPARWOOD CS","1157631","2020-09-04 01:00","2020","09","04","01:00","7.6","","4.4","","80","","0.0","","36","","5","","","","89.20","","","","","","NA"
"-114.88","49.75","SPARWOOD CS","1157631","2020-09-04 02:00","2020","09","04","02:00","7.2","","4.3","","82","","0.0","","36","","8","","","","89.23","","","","","","NA"
"-114.88","49.75","SPARWOOD CS","1157631","2020-09-04 03:00","2020","09","04","03:00","6.3","","3.9","","85","","0.0","","36","","8","","","","89.26","","","","","","NA"
"-114.88","49.75","SPARWOOD CS","1157631","2020-09-04 04:00","2020","09","04","04:00","5.6","","3.8","","88","","0.0","","36","","9","","","","89.27","","","","","","NA"
"-114.88","49.75","SPARWOOD CS","1157631","2020-09-04 05:00","2020","09","04","05:00","5.1","","3.5","","90","","0.0","","36","","11","","","","89.27","","","","","","NA"
"-114.88","49.75","SPARWOOD CS","1157631","2020-09-04 06:00","2020","09","04","06:00","5.0","","3.3","","89","","0.0","","36","","8","","","","89.30","","","","","","NA"
"-114.88","49.75","SPARWOOD CS","1157631","2020-09-04 07:00","2020","09","04","07:00","7.5","","4.2","","79","","0.0","","36","","6","","","","89.34","","","","","","NA"
"-114.88","49.75","SPARWOOD CS","1157631","2020-09-04 08:00","2020","09","04","08:00","12.5","","5.4","","62","","0.0","","36","","3","","","","89.33","","","","","","NA"
"-114.88","49.75","SPARWOOD CS","1157631","2020-09-04 09:00","2020","09","04","09:00","16.9","","6.2","","49","","0.0","","20","","3","","","","89.23","","","","","","NA"
"-114.88","49.75","SPARWOOD CS","1157631","2020-09-04 10:00","2020","09","04","10:00","22.5","","5.8","","34","","0.0","","19","","11","","","","89.14","","","","","","NA"
"-114.88","49.75","SPARWOOD CS","1157631","2020-09-04 11:00","2020","09","04","11:00","24.1","","5.4","","30","","0.0","","18","","18","","","","89.07","","","","","","NA"
"-114.88","49.75","SPARWOOD CS","1157631","2020-09-04 12:00","2020","09","04","12:00","26.6","","5.5","","26","","0.0","","18","","19","","","","89.00","","26","","","","NA"
"-114.88","49.75","SPARWOOD CS","1157631","2020-09-04 13:00","2020","09","04","13:00","27.7","","4.6","","23","","0.0","","17","","15","","","","88.95","","27","","","","NA"
"-114.88","49.75","SPARWOOD CS","1157631","2020-09-04 14:00","2020","09","04","14:00","28.5","","4.6","","22","","0.0","","18","","18","","","","88.90","","28","","","","NA"
"-114.88","49.75","SPARWOOD CS","1157631","2020-09-04 15:00","2020","09","04","15:00","28.8","","4.3","","21","","0.0","","18","","15","","","","88.84","","28","","","","NA"
"-114.88","49.75","SPARWOOD CS","1157631","2020-09-04 16:00","2020","09","04","16:00","28.4","","3.7","","21","","0.0","","18","","11","","","","88.79","","27","","","","NA"
"-114.88","49.75","SPARWOOD CS","1157631","2020-09-04 17:00","2020","09","04","17:00","25.6","","4.1","","25","","0.0","","18","","9","","","","88.77","","25","","","","NA"
"-114.88","49.75","SPARWOOD CS","1157631","2020-09-04 18:00","2020","09","04","18:00","21.7","","6.1","","36","","0.0","","17","","3","","","","88.76","","","","","","NA"
"-114.88","49.75","SPARWOOD CS","1157631","2020-09-04 19:00","2020","09","04","19:00","16.6","","6.7","","52","","0.0","","35","","3","","","","88.80","","","","","","NA"
"-114.88","49.75","SPARWOOD CS","1157631","2020-09-04 20:00","2020","09","04","20:00","15.0","","6.9","","58","","0.0","","26","","1","","","","88.84","","","","","","NA"
"-114.88","49.75","SPARWOOD CS","1157631","2020-09-04 21:00","2020","09","04","21:00","13.1","","6.8","","66","","0.0","","1","","5","","","","88.90","","","","","","NA"
"-114.88","49.75","SPARWOOD CS","1157631","2020-09-04 22:00","2020","09","04","22:00","12.2","","5.8","","65","","0.0","","36","","9","","","","88.92","","","","","","NA"
"-114.88","49.75","SPARWOOD CS","1157631","2020-09-04 23:00","2020","09","04","23:00","10.9","","5.4","","69","","0.0","","1","","10","","","","88.90","","","","","","NA"
"-114.88","49.75","SPARWOOD CS","1157631","2020-09-05 00:00","2020","09","05","00:00","11.5","","4.7","","63","","0.0","","3","","8","","","","88.96","","","","","","NA"
"-114.88","49.75","SPARWOOD CS","1157631","2020-09-05 01:00","2020","09","05","01:00","11.4","","5.2","","66","","0.0","","1","","7","","","","88.93","","","","","","NA"
"-114.88","49.75","SPARWOOD CS","1157631","2020-09-05 02:00","2020","09","05","02:00","9.8","","4.1","","68","","0.0","","5","","6","","","","88.94","","","","","","NA"
"-114.88","49.75","SPARWOOD CS","1157631","2020-09-05 03:00","2020","09","05","03:00","8.4","","5.1","","79","","0.0","","36","","5","","","","88.92","","","","","","NA"
"-114.88","49.75","SPARWOOD CS","1157631","2020-09-05 04:00","2020","09","05","04:00","6.4","","4.0","","85","","0.0","","34","","5","","","","88.92","","","","","","NA"
"-114.88","49.75","SPARWOOD CS","1157631","2020-09-05 05:00","2020","09","05","05:00","7.0","","4.3","","83","","0.0","","4","","8","","","","88.91","","","","","","NA"
"-114.88","49.75","SPARWOOD CS","1157631","2020-09-05 06:00","2020","09","05","06:00","5.4","","3.6","","88","","0.0","","36","","5","","","","88.92","","","","","","NA"
"-114.88","49.75","SPARWOOD CS","1157631","2020-09-05 07:00","2020","09","05","07:00","8.7","","4.4","","74","","0.0","","1","","6","","","","88.94","","","","","","NA"
"-114.88","49.75","SPARWOOD CS","1157631","2020-09-05 08:00","2020","09","05","08:00","14.0","","4.7","","54","","0.0","","36","","2","","","","88.89","","","","","","NA"
"-114.88","49.75","SPARWOOD CS","1157631","2020-09-05 09:00","2020","09","05","09:00","18.1","","4.7","","41","","0.0","","15","","3","","","","88.81","","","","","","NA"
"-114.88","49.75","SPARWOOD CS","1157631","2020-09-05 10:00","2020","09","05","10:00","24.0","","4.6","","28","","0.0","","21","","8","","","","88.73","","","","","","NA"
"-114.88","49.75","SPARWOOD CS","1157631","2020-09-05 11:00","2020","09","05","11:00","26.4","","4.0","","24","","0.0","","18","","19","","","","88.66","","25","","","","NA"
"-114.88","49.75","SPARWOOD CS","1157631","2020-09-05 12:00","2020","09","05","12:00","29.7","","4.3","","20","","0.0","","18","","14","","","","88.60","","29","","","","NA"
"-114.88","49.75","SPARWOOD CS","1157631","2020-09-05 13:00","2020","09","05","13:00","29.9","","1.5","","16","","0.0","","18","","15","","","","88.57","","28","","","","NA"
"-114.88","49.75","SPARWOOD CS","1157631","2020-09-05 14:00","2020","09","05","14:00","30.4","","0.8","","15","","0.0","","16","","14","","","","88.56","","28","","","","NA"
"-114.88","49.75","SPARWOOD CS","1157631","2020-09-05 15:00","2020","09","05","15:00","31.2","","0.6","","14","","0.0","","22","","10","","","","88.56","","29","","","","NA"
"-114.88","49.75","SPARWOOD CS","1157631","2020-09-05 16:00","2020","09","05","16:00","30.2","","-1.5","","13","","0.0","","27","","12","","","","88.61","","28","","","","NA"
"-114.88","49.75","SPARWOOD CS","1157631","2020-09-05 17:00","2020","09","05","17:00","27.8","","-1.7","","14","","0.0","","31","","8","","","","88.61","","25","","","","NA"
"-114.88","49.75","SPARWOOD CS","1157631","2020-09-05 18:00","2020","09","05","18:00","22.5","","1.8","","26","","0.0","","2","","3","","","","88.69","","","","","","NA"
"-114.88","49.75","SPARWOOD CS","1157631","2020-09-05 19:00","2020","09","05","19:00","18.2","","4.6","","41","","0.0","","35","","2","","","","88.77","","","","","","NA"
"-114.88","49.75","SPARWOOD CS","1157631","2020-09-05 20:00","2020","09","05","20:00","15.0","","4.7","","50","","0.0","","8","","3","","","","88.86","","","","","","NA"
"-114.88","49.75","SPARWOOD CS","1157631","2020-09-05 21:00","2020","09","05","21:00","13.1","","4.5","","56","","0.0","","1","","4","","","","88.93","","","","","","NA"
"-114.88","49.75","SPARWOOD CS","1157631","2020-09-05 22:00","2020","09","05","22:00","12.7","","3.8","","54","","0.0","","36","","10","","","","88.98","","","","","","NA"
"-114.88","49.75","SPARWOOD CS","1157631","2020-09-05 23:00","2020","09","05","23:00","13.0","","3.5","","52","","0.0","","2","","8","","","","89.00","","","","","","NA"
"-114.88","49.75","SPARWOOD CS","1157631","2020-09-06 00:00","2020","09","06","00:00","18.8","","6.2","","44","","0.0","","11","","21","","","","89.04","","","","","","NA"
"-114.88","49.75","SPARWOOD CS","1157631","2020-09-06 01:00","2020","09","06","01:00","17.7","","6.2","","47","","0.0","","12","","23","","","","89.04","","","","","","NA"
"-114.88","49.75","SPARWOOD CS","1157631","2020-09-06 02:00","2020","09","06","02:00","16.4","","6.2","","51","","0.0","","11","","21","","","","89.09","","","","","","NA"
"-114.88","49.75","SPARWOOD CS","1157631","2020-09-06 03:00","2020","09","06","03:00","15.2","","6.1","","54","","0.0","","9","","17","","","","89.13","","","","","","NA"
"-114.88","49.75","SPARWOOD CS","1157631","2020-09-06 04:00","2020","09","06","04:00","14.0","","5.6","","57","","0.0","","9","","14","","","","89.16","","","","","","NA"
"-114.88","49.75","SPARWOOD CS","1157631","2020-09-06 05:00","2020","09","06","05:00","9.9","","5.1","","72","","0.0","","32","","6","","","","89.17","","","","","","NA"
"-114.88","49.75","SPARWOOD CS","1157631","2020-09-06 06:00","2020","09","06","06:00","8.1","","3.4","","72","","0.0","","2","","16","","","","89.27","","","","","","NA"
"-114.88","49.75","SPARWOOD CS","1157631","2020-09-06 07:00","2020","09","06","07:00","10.9","","4.5","","65","","0.0","","2","","14","","","","89.26","","","","","","NA"
"-114.88","49.75","SPARWOOD CS","1157631","2020-09-06 08:00","2020","09","06","08:00","17.6","","6.4","","48","","0.0","","12","","21","","","","89.20","","","","","","NA"
"-114.88","49.75","SPARWOOD CS","1157631","2020-09-06 09:00","2020","09","06","09:00","20.1","","6.2","","40","","0.0","","13","","28","","","","89.19","","","","","","NA"
"-114.88","49.75","SPARWOOD CS","1157631","2020-09-06 10:00","2020","09","06","10:00","20.1","","6.7","","42","","0.0","","13","","27","","","","89.17","","","","","","NA"
"-114.88","49.75","SPARWOOD CS","1157631","2020-09-06 11:00","2020","09","06","11:00","20.3","","7.0","","42","","0.0","","12","","27","","","","89.09","","","","","","NA"
"-114.88","49.75","SPARWOOD CS","1157631","2020-09-06 12:00","2020","09","06","12:00","20.6","","7.1","","42","","0.0","","12","","33","","","","89.00","","","","","","NA"
"-114.88","49.75","SPARWOOD CS","1157631","2020-09-06 13:00","2020","09","06","13:00","19.9","","7.4","","44","","0.0","","12","","38","","","","88.89","","","","","","NA"
"-114.88","49.75","SPARWOOD CS","1157631","2020-09-06 14:00","2020","09","06","14:00","19.0","","7.6","","48","","0.0","","11","","37","","","","88.82","","","","","","NA"
"-114.88","49.75","SPARWOOD CS","1157631","2020-09-06 15:00","2020","09","06","15:00","17.2","","7.5","","53","","0.0","","12","","39","","","","88.80","","","","","","NA"
"-114.88","49.75","SPARWOOD CS","1157631","2020-09-06 16:00","2020","09","06","16:00","16.3","","7.6","","56","","0.0","","12","","34","","","","88.80","","","","","","NA"
"-114.88","49.75","SPARWOOD CS","1157631","2020-09-06 17:00","2020","09","06","17:00","15.4","","7.5","","59","","0.0","","12","","28","","","","88.88","","","","","","NA"
"-114.88","49.75","SPARWOOD CS","1157631","2020-09-06 18:00","2020","09","06","18:00","14.4","","8.2","","66","","0.1","","12","","19","","","","88.92","","","","","","NA"
"-114.88","49.75","SPARWOOD CS","1157631","2020-09-06 19:00","2020","09","06","19:00","13.9","","8.1","","68","","0.0","","12","","17","","","","89.01","","","","","","NA"
"-114.88","49.75","SPARWOOD CS","1157631","2020-09-06 20:00","2020","09","06","20:00","13.5","","7.9","","69","","0.0","","13","","17","","","","89.04","","","","","","NA"
"-114.88","49.75","SPARWOOD CS","1157631","2020-09-06 21:00","2020","09","06","21:00","13.3","","7.9","","70","","0.0","","11","","10","","","","89.08","","","","","","NA"
"-114.88","49.75","SPARWOOD CS","1157631","2020-09-06 22:00","2020","09","06","22:00","13.2","","7.7","","69","","0.0","","13","","13","","","","89.06","","","","","","NA"
"-114.88","49.75","SPARWOOD CS","1157631","2020-09-06 23:00","2020","09","06","23:00","12.7","","6.0","","64","","0.0","","14","","18","","","","89.09","","","","","","NA"
"-114.88","49.75","SPARWOOD CS","1157631","2020-09-07 00:00","2020","09","07","00:00","11.3","","4.5","","63","","0.0","","12","","11","","","","89.18","","","","","","NA"
"-114.88","49.75","SPARWOOD CS","1157631","2020-09-07 01:00","2020","09","07","01:00","8.6","","5.1","","78","","0.0","","36","","18","","","","89.28","","","","","","NA"
"-114.88","49.75","SPARWOOD CS","1157631","2020-09-07 02:00","2020","09","07","02:00","6.7","","4.7","","87","","0.2","","36","","15","","","","89.40","","","","","","NA"
"-114.88","49.75","SPARWOOD CS","1157631","2020-09-07 03:00","2020","09","07","03:00","5.5","","4.2","","91","","1.4","","36","","12","","","","89.48","","","","","","NA"
"-114.88","49.75","SPARWOOD CS","1157631","2020-09-07 04:00","2020","09","07","04:00","5.0","","3.8","","92","","1.2","","33","","7","","","","89.60","","","","","","NA"
"-114.88","49.75","SPARWOOD CS","1157631","2020-09-07 05:00","2020","09","07","05:00","5.2","","4.2","","93","","3.2","","36","","7","","","","89.71","","","","","","NA"
"-114.88","49.75","SPARWOOD CS","1157631","2020-09-07 06:00","2020","09","07","06:00","5.1","","3.7","","90","","0.4","","35","","8","","","","89.79","","","","","","NA"
"-114.88","49.75","SPARWOOD CS","1157631","2020-09-07 07:00","2020","09","07","07:00","5.2","","3.8","","91","","0.3","","3","","4","","","","89.90","","","","","","NA"
"-114.88","49.75","SPARWOOD CS","1157631","2020-09-07 08:00","2020","09","07","08:00","5.8","","2.9","","82","","0.2","","36","","11","","","","90.00","","","","","","NA"
"-114.88","49.75","SPARWOOD CS","1157631","2020-09-07 09:00","2020","09","07","09:00","6.2","","2.7","","78","","0.0","","36","","13","","","","90.11","","","","","","NA"
"-114.88","49.75","SPARWOOD CS","1157631","2020-09-07 10:00","2020","09","07","10:00","9.2","","-0.4","","51","","0.0","","36","","11","","","","90.15","","","","","","NA"
"-114.88","49.75","SPARWOOD CS","1157631","2020-09-07 11:00","2020","09","07","11:00","10.0","","-2.4","","42","","0.0","","2","","13","","","","90.14","","","","","","NA"
"-114.88","49.75","SPARWOOD CS","1157631","2020-09-07 12:00","2020","09","07","12:00","9.3","","-2.0","","45","","0.0","","34","","14","","","","90.15","","","","","","NA"
"-114.88","49.75","SPARWOOD CS","1157631","2020-09-07 13:00","2020","09","07","13:00","9.9","","-1.3","","46","","0.0","","1","","14","","","","90.23","","","","","","NA"
"-114.88","49.75","SPARWOOD CS","1157631","2020-09-07 14:00","2020","09","07","14:00","9.8","","-2.5","","42","","0.0","","1","","12","","","","90.22","","","","","","NA"
"-114.88","49.75","SPARWOOD CS","1157631","2020-09-07 15:00","2020","09","07","15:00","9.5","","-2.9","","42","","0.0","","11","","9","","","","90.23","","","","","","NA"
"-114.88","49.75","SPARWOOD CS","1157631","2020-09-07 16:00","2020","09","07","16:00","10.4","","-3.8","","37","","0.0","","2","","13","","","","90.27","","","","","","NA"
"-114.88","49.75","SPARWOOD CS","1157631","2020-09-07 17:00","2020","09","07","17:00","9.6","","-3.2","","41","","0.0","","34","","9","","","","90.29","","","","","","NA"
"-114.88","49.75","SPARWOOD CS","1157631","2020-09-07 18:00","2020","09","07","18:00","7.1","","-1.7","","53","","0.0","","9","","5","","","","90.27","","","","","","NA"
"-114.88","49.75","SPARWOOD CS","1157631","2020-09-07 19:00","2020","09","07","19:00","4.2","","-2.1","","63","","0.0","","0","","1","","","","90.30","","","","","","NA"
"-114.88","49.75","SPARWOOD CS","1157631","2020-09-07 20:00","2020","09","07","20:00","3.0","","-0.6","","77","","0.0","","33","","3","","","","90.31","","","","","","NA"
"-114.88","49.75","SPARWOOD CS","1157631","2020-09-07 21:00","2020","09","07","21:00","1.7","","-1.0","","82","","0.0","","1","","13","","","","90.37","","","","","","NA"
"-114.88","49.75","SPARWOOD CS","1157631","2020-09-07 22:00","2020","09","07","22:00","0.6","","-1.6","","85","","0.0","","3","","8","","","","90.38","","","","","","NA"
"-114.88","49.75","SPARWOOD CS","1157631","2020-09-07 23:00","2020","09","07","23:00","0.0","","-1.7","","88","","0.0","","1","","2","","","","90.36","","","","-1","","NA"
"-114.88","49.75","SPARWOOD CS","1157631","2020-09-08 00:00","2020","09","08","00:00","-1.3","","-2.2","","94","","0.0","","1","","7","","","","90.35","","","","-4","","NA"
"-114.88","49.75","SPARWOOD CS","1157631","2020-09-08 01:00","2020","09","08","01:00","-2.0","","-2.8","","94","","0.0","","2","","6","","","","90.35","","","","-4","","NA"
"-114.88","49.75","SPARWOOD CS","1157631","2020-09-08 02:00","2020","09","08","02:00","-2.5","","-3.2","","95","","0.0","","1","","5","","","","90.30","","","","-4","","NA"
"-114.88","49.75","SPARWOOD CS","1157631","2020-09-08 03:00","2020","09","08","03:00","-2.7","","-3.4","","95","","0.0","","36","","7","","","","90.28","","","","-6","","NA"
"-114.88","49.75","SPARWOOD CS","1157631","2020-09-08 04:00","2020","09","08","04:00","-2.9","","-3.4","","96","","0.0","","6","","3","","","","90.23","","","","-4","","NA"
"-114.88","49.75","SPARWOOD CS","1157631","2020-09-08 05:00","2020","09","08","05:00","-3.4","","-4.0","","95","","0.0","","2","","2","","","","90.21","","","","-4","","NA"
"-114.88","49.75","SPARWOOD CS","1157631","2020-09-08 06:00","2020","09","08","06:00","-3.1","","-3.5","","97","","0.0","","1","","6","","","","90.20","","","","-6","","NA"
"-114.88","49.75","SPARWOOD CS","1157631","2020-09-08 07:00","2020","09","08","07:00","-1.3","","-2.6","","91","","0.0","","3","","5","","","","90.16","","","","-3","","NA"
"-114.88","49.75","SPARWOOD CS","1157631","2020-09-08 08:00","2020","09","08","08:00","0.4","","-1.4","","88","","0.0","","3","","3","","","","90.13","","","","","","NA"
"-114.88","49.75","SPARWOOD CS","1157631","2020-09-08 09:00","2020","09","08","09:00","4.7","","-0.6","","68","","0.0","","2","","5","","","","90.07","","","","","","NA"
"-114.88","49.75","SPARWOOD CS","1157631","2020-09-08 10:00","2020","09","08","10:00","8.0","","-2.0","","49","","0.0","","9","","3","","","","89.96","","","","","","NA"
"-114.88","49.75","SPARWOOD CS","1157631","2020-09-08 11:00","2020","09","08","11:00","10.8","","-4.1","","35","","0.0","","20","","7","","","","89.84","","","","","","NA"
"-114.88","49.75","SPARWOOD CS","1157631","2020-09-08 12:00","2020","09","08","12:00","12.8","","-3.3","","32","","0.0","","24","","4","","","","89.70","","","","","","NA"
"-114.88","49.75","SPARWOOD CS","1157631","2020-09-08 13:00","2020","09","08","13:00","15.1","","-2.0","","31","","0.0","","15","","5","","","","89.60","","","","","","NA"
"-114.88","49.75","SPARWOOD CS","1157631","2020-09-08 14:00","2020","09","08","14:00","15.9","","-2.7","","28","","0.0","","32","","6","","","","89.50","","","","","","NA"
"-114.88","49.75","SPARWOOD CS","1157631","2020-09-08 15:00","2020","09","08","15:00","16.6","","-1.5","","29","","0.0","","29","","6","","","","89.44","","","","","","NA"
"-114.88","49.75","SPARWOOD CS","1157631","2020-09-08 16:00","2020","09","08","16:00","16.9","","-1.7","","28","","0.0","","25","","7","","","","89.40","","","","","","NA"
"-114.88","49.75","SPARWOOD CS","1157631","2020-09-08 17:00","2020","09","08","17:00","13.6","","1.1","","43","","0.0","","34","","4","","","","89.40","","","","","","NA"
"-114.88","49.75","SPARWOOD CS","1157631","2020-09-08 18:00","2020","09","08","18:00","11.0","","2.9","","57","","0.0","","29","","2","","","","89.41","","","","","","NA"
"-114.88","49.75","SPARWOOD CS","1157631","2020-09-08 19:00","2020","09","08","19:00","9.8","","3.3","","64","","0.0","","36","","9","","","","89.48","","","","","","NA"
"-114.88","49.75","SPARWOOD CS","1157631","2020-09-08 20:00","2020","09","08","20:00","6.8","","2.2","","73","","0.0","","36","","3","","","","89.53","","","","","","NA"
"-114.88","49.75","SPARWOOD CS","1157631","2020-09-08 21:00","2020","09","08","21:00","6.7","","3.0","","78","","0.0","","2","","6","","","","89.55","","","","","","NA"
"-114.88","49.75","SPARWOOD CS","1157631","2020-09-08 22:00","2020","09","08","22:00","4.2","","1.9","","85","","0.0","","36","","5","","","","89.59","","","","","","NA"
"-114.88","49.75","SPARWOOD CS","1157631","2020-09-08 23:00","2020","09","08","23:00","3.4","","1.8","","89","","0.0","","36","","7","","","","89.62","","","","","","NA"
"-114.88","49.75","SPARWOOD CS","1157631","2020-09-09 00:00","2020","09","09","00:00","2.4","","0.9","","90","","0.0","","1","","7","","","","89.65","","","","","","NA"
"-114.88","49.75","SPARWOOD CS","1157631","2020-09-09 01:00","2020","09","09","01:00","1.8","","0.8","","93","","0.0","","4","","6","","","","89.67","","","","","","NA"
"-114.88","49.75","SPARWOOD CS","1157631","2020-09-09 02:00","2020","09","09","02:00","1.1","","0.2","","94","","0.0","","36","","4","","","","89.67","","","","","","NA"
"-114.88","49.75","SPARWOOD CS","1157631","2020-09-09 03:00","2020","09","09","03:00","0.3","","-0.2","","96","","0.0","","36","","6","","","","89.67","","","","","","NA"
"-114.88","49.75","SPARWOOD CS","1157631","2020-09-09 04:00","2020","09","09","04:00","-0.2","","-0.7","","96","","0.0","","36","","6","","","","89.67","","","","-2","","NA"
"-114.88","49.75","SPARWOOD CS","1157631","2020-09-09 05:00","2020","09","09","05:00","-0.6","","-1.1","","97","","0.0","","36","","7","","","","89.71","","","","-3","","NA"
"-114.88","49.75","SPARWOOD CS","1157631","2020-09-09 06:00","2020","09","09","06:00","-0.7","","-1.1","","97","","0.0","","2","","5","","","","89.74","","","","-2","","NA"
"-114.88","49.75","SPARWOOD CS","1157631","2020-09-09 07:00","2020","09","09","07:00","0.9","","-0.2","","92","","0.0","","1","","8","","","","89.73","","","","","","NA"
"-114.88","49.75","SPARWOOD CS","1157631","2020-09-09 08:00","2020","09","09","08:00","5.7","","1.2","","73","","0.0","","3","","4","","","","89.67","","","","","","NA"
"-114.88","49.75","SPARWOOD CS","1157631","2020-09-09 09:00","2020","09","09","09:00","10.4","","1.9","","56","","0.0","","4","","3","","","","89.62","","","","","","NA"
"-114.88","49.75","SPARWOOD CS","1157631","2020-09-09 10:00","2020","09","09","10:00","13.6","","1.4","","43","","0.0","","27","","3","","","","89.52","","","","","","NA"
"-114.88","49.75","SPARWOOD CS","1157631","2020-09-09 11:00","2020","09","09","11:00","18.6","","1.4","","31","","0.0","","19","","9","","","","89.40","","","","","","NA"
"-114.88","49.75","SPARWOOD CS","1157631","2020-09-09 12:00","2020","09","09","12:00","20.4","","1.7","","29","","0.0","","18","","16","","","","89.34","","","","","","NA"
"-114.88","49.75","SPARWOOD CS","1157631","2020-09-09 13:00","2020","09","09","13:00","22.0","","1.8","","26","","0.0","","18","","12","","","","89.28","","","","","","NA"
"-114.88","49.75","SPARWOOD CS","1157631","2020-09-09 14:00","2020","09","09","14:00","23.2","","2.0","","25","","0.0","","18","","11","","","","89.21","","","","","","NA"
"-114.88","49.75","SPARWOOD CS","1157631","2020-09-09 15:00","2020","09","09","15:00","22.9","","1.8","","25","","0.0","","19","","14","","","","89.19","","","","","","NA"
"-114.88","49.75","SPARWOOD CS","1157631","2020-09-09 16:00","2020","09","09","16:00","22.7","","2.0","","26","","0.0","","17","","13","","","","89.17","","","","","","NA"
"-114.88","49.75","SPARWOOD CS","1157631","2020-09-09 17:00","2020","09","09","17:00","19.8","","2.4","","32","","0.0","","19","","8","","","","89.17","","","","","","NA"
"-114.88","49.75","SPARWOOD CS","1157631","2020-09-09 18:00","2020","09","09","18:00","15.5","","4.2","","47","","0.0","","","","0","","","","89.20","","","","","","NA"
"-114.88","49.75","SPARWOOD CS","1157631","2020-09-09 19:00","2020","09","09","19:00","14.8","","4.3","","49","","0.0","","13","","2","","","","89.27","","","","","","NA"
"-114.88","49.75","SPARWOOD CS","1157631","2020-09-09 20:00","2020","09","09","20:00","13.5","","3.7","","52","","0.0","","13","","7","","","","89.32","","","","","","NA"
"-114.88","49.75","SPARWOOD CS","1157631","2020-09-09 21:00","2020","09","09","21:00","9.3","","4.8","","74","","0.0","","36","","7","","","","89.35","","","","","","NA"
"-114.88","49.75","SPARWOOD CS","1157631","2020-09-09 22:00","2020","09","09","22:00","8.5","","4.4","","76","","0.0","","1","","12","","","","89.38","","","","","","NA"
"-114.88","49.75","SPARWOOD CS","1157631","2020-09-09 23:00","2020","09","09","23:00","6.6","","3.9","","83","","0.0","","36","","10","","","","89.43","","","","","","NA"
"-114.88","49.75","SPARWOOD CS","1157631","2020-09-10 00:00","2020","09","10","00:00","5.4","","3.4","","87","","0.0","","36","","8","","","","89.46","","","","","","NA"
"-114.88","49.75","SPARWOOD CS","1157631","2020-09-10 01:00","2020","09","10","01:00","4.4","","2.8","","89","","0.0","","1","","7","","","","89.48","","","","","","NA"
"-114.88","49.75","SPARWOOD CS","1157631","2020-09-10 02:00","2020","09","10","02:00","3.7","","2.4","","92","","0.0","","36","","7","","","","89.48","","","","","","NA"
"-114.88","49.75","SPARWOOD CS","1157631","2020-09-10 03:00","2020","09","10","03:00","2.9","","2.0","","94","","0.0","","36","","5","","","","89.50","","","","","","NA"
"-114.88","49.75","SPARWOOD CS","1157631","2020-09-10 04:00","2020","09","10","04:00","2.1","","1.3","","95","","0.0","","35","","7","","","","89.50","","","","","","NA"
"-114.88","49.75","SPARWOOD CS","1157631","2020-09-10 05:00","2020","09","10","05:00","1.4","","0.8","","96","","0.0","","36","","7","","","","89.52","","","","","","NA"
"-114.88","49.75","SPARWOOD CS","1157631","2020-09-10 06:00","2020","09","10","06:00","1.3","","0.7","","96","","0.0","","2","","4","","","","89.53","","","","","","NA"
"-114.88","49.75","SPARWOOD CS","1157631","2020-09-10 07:00","2020","09","10","07:00","3.4","","2.1","","91","","0.0","","36","","6","","","","89.52","","","","","","NA"
"-114.88","49.75","SPARWOOD CS","1157631","2020-09-10 08:00","2020","09","10","08:00","8.5","","3.8","","73","","0.0","","36","","5","","","","89.46","","","","","","NA"
"-114.88","49.75","SPARWOOD CS","1157631","2020-09-10 09:00","2020","09","10","09:00","13.1","","4.0","","54","","0.0","","3","","4","","","","89.37","","","","","","NA"
"-114.88","49.75","SPARWOOD CS","1157631","2020-09-10 10:00","2020","09","10","10:00","17.5","","4.4","","42","","0.0","","19","","3","","","","89.28","","","","","","NA"
"-114.88","49.75","SPARWOOD CS","1157631","2020-09-10 11:00","2020","09","10","11:00","21.3","","2.7","","29","","0.0","","19","","10","","","","89.15","","","","","","NA"
"-114.88","49.75","SPARWOOD CS","1157631","2020-09-10 12:00","2020","09","10","12:00","22.7","","2.9","","27","","0.0","","18","","19","","","","89.05","","","","","","NA"
"-114.88","49.75","SPARWOOD CS","1157631","2020-09-10 13:00","2020","09","10","13:00","24.5","","2.9","","24","","0.0","","18","","17","","","","88.98","","","","","","NA"
"-114.88","49.75","SPARWOOD CS","1157631","2020-09-10 14:00","2020","09","10","14:00","25.6","","2.9","","23","","0.0","","19","","14","","","","88.89","","","","","","NA"
"-114.88","49.75","SPARWOOD CS","1157631","2020-09-10 15:00","2020","09","10","15:00","25.8","","1.5","","20","","0.0","","18","","15","","","","88.82","","","","","","NA"
"-114.88","49.75","SPARWOOD CS","1157631","2020-09-10 16:00","2020","09","10","16:00","25.1","","1.4","","21","","0.0","","19","","15","","","","88.79","","","","","","NA"
"-114.88","49.75","SPARWOOD CS","1157631","2020-09-10 17:00","2020","09","10","17:00","22.3","","1.6","","26","","0.0","","16","","8","","","","88.76","","","","","","NA"
"-114.88","49.75","SPARWOOD CS","1157631","2020-09-10 18:00","2020","09","10","18:00","19.7","","2.1","","31","","0.0","","24","","5","","","","88.77","","","","","","NA"
"-114.88","49.75","SPARWOOD CS","1157631","2020-09-10 19:00","2020","09","10","19:00","14.1","","4.2","","51","","0.0","","8","","3","","","","88.81","","","","","","NA"
"-114.88","49.75","SPARWOOD CS","1157631","2020-09-10 20:00","2020","09","10","20:00","13.1","","5.0","","58","","0.0","","2","","7","","","","88.85","","","","","","NA"
"-114.88","49.75","SPARWOOD CS","1157631","2020-09-10 21:00","2020","09","10","21:00","10.8","","4.6","","66","","0.0","","1","","5","","","","88.89","","","","","","NA"
"-114.88","49.75","SPARWOOD CS","1157631","2020-09-10 22:00","2020","09","10","22:00","8.4","","4.2","","75","","0.0","","36","","10","","","","88.90","","","","","","NA"
"-114.88","49.75","SPARWOOD CS","1157631","2020-09-10 23:00","2020","09","10","23:00","7.6","","3.9","","77","","0.0","","2","","6","","","","88.91","","","","","","NA"
"-114.88","49.75","SPARWOOD CS","1157631","2020-09-11 00:00","2020","09","11","00:00","6.0","","3.3","","83","","0.0","","35","","7","","","","88.91","","","","","","NA"
"-114.88","49.75","SPARWOOD CS","1157631","2020-09-11 01:00","2020","09","11","01:00","4.8","","2.7","","87","","0.0","","35","","6","","","","88.93","","","","","","NA"
"-114.88","49.75","SPARWOOD CS","1157631","2020-09-11 02:00","2020","09","11","02:00","4.6","","2.8","","88","","0.0","","36","","4","","","","88.95","","","","","","NA"
"-114.88","49.75","SPARWOOD CS","1157631","2020-09-11 03:00","2020","09","11","03:00","3.6","","2.4","","91","","0.0","","36","","9","","","","88.97","","","","","","NA"
"-114.88","49.75","SPARWOOD CS","1157631","2020-09-11 04:00","2020","09","11","04:00","3.0","","2.0","","93","","0.0","","36","","8","","","","88.98","","","","","","NA"
"-114.88","49.75","SPARWOOD CS","1157631","2020-09-11 05:00","2020","09","11","05:00","2.2","","1.2","","93","","0.0","","2","","7","","","","88.99","","","","","","NA"
"-114.88","49.75","SPARWOOD CS","1157631","2020-09-11 06:00","2020","09","11","06:00","1.9","","1.1","","95","","0.0","","36","","7","","","","89.03","","","","","","NA"
"-114.88","49.75","SPARWOOD CS","1157631","2020-09-11 07:00","2020","09","11","07:00","4.0","","1.9","","86","","0.0","","36","","9","","","","89.02","","","","","","NA"
"-114.88","49.75","SPARWOOD CS","1157631","2020-09-11 08:00","2020","09","11","08:00","9.4","","3.4","","66","","0.0","","2","","5","","","","88.98","","","","","","NA"
"-114.88","49.75","SPARWOOD CS","1157631","2020-09-11 09:00","2020","09","11","09:00","13.9","","2.4","","46","","0.0","","9","","2","","","","88.92","","","","","","NA"
"-114.88","49.75","SPARWOOD CS","1157631","2020-09-11 10:00","2020","09","11","10:00","18.4","","3.5","","37","","0.0","","23","","4","","","","88.82","","","","","","NA"
"-114.88","49.75","SPARWOOD CS","1157631","2020-09-11 11:00","2020","09","11","11:00","23.3","","4.5","","29","","0.0","","19","","13","","","","88.69","","","","","","NA"
"-114.88","49.75","SPARWOOD CS","1157631","2020-09-11 12:00","2020","09","11","12:00","24.3","","3.7","","26","","0.0","","18","","18","","","","88.59","","","","","","NA"
"-114.88","49.75","SPARWOOD CS","1157631","2020-09-11 13:00","2020","09","11","13:00","26.1","","3.1","","23","","0.0","","17","","19","","","","88.49","","25","","","","NA"
"-114.88","49.75","SPARWOOD CS","1157631","2020-09-11 14:00","2020","09","11","14:00","27.6","","2.3","","20","","0.0","","18","","19","","","","88.42","","26","","","","NA"
"-114.88","49.75","SPARWOOD CS","1157631","2020-09-11 15:00","2020","09","11","15:00","28.1","","1.6","","18","","0.0","","19","","18","","","","88.38","","26","","","","NA"
"-114.88","49.75","SPARWOOD CS","1157631","2020-09-11 16:00","2020","09","11","16:00","27.4","","2.7","","20","","0.0","","19","","12","","","","88.36","","26","","","","NA"
"-114.88","49.75","SPARWOOD CS","1157631","2020-09-11 17:00","2020","09","11","17:00","24.7","","3.1","","25","","0.0","","22","","4","","","","88.35","","","","","","NA"
"-114.88","49.75","SPARWOOD CS","1157631","2020-09-11 18:00","2020","09","11","18:00","23.0","","3.4","","28","","0.0","","18","","6","","","","88.39","","","","","","NA"
"-114.88","49.75","SPARWOOD CS","1157631","2020-09-11 19:00","2020","09","11","19:00","16.6","","5.2","","47","","0.0","","35","","7","","","","88.46","","","","","","NA"
"-114.88","49.75","SPARWOOD CS","1157631","2020-09-11 20:00","2020","09","11","20:00","13.6","","5.6","","59","","0.0","","1","","7","","","","88.53","","","","","","NA"
"-114.88","49.75","SPARWOOD CS","1157631","2020-09-11 21:00","2020","09","11","21:00","12.1","","5.8","","65","","0.0","","35","","8","","","","88.56","","","","","","NA"
"-114.88","49.75","SPARWOOD CS","1157631","2020-09-11 22:00","2020","09","11","22:00","11.0","","5.9","","71","","0.0","","36","","9","","","","88.61","","","","","","NA"
"-114.88","49.75","SPARWOOD CS","1157631","2020-09-11 23:00","2020","09","11","23:00","10.8","","4.5","","65","","0.0","","1","","18","","","","88.68","","","","","","NA"
"-114.88","49.75","SPARWOOD CS","1157631","2020-09-12 00:00","2020","09","12","00:00","10.9","","4.2","","63","","0.0","","36","","15","","","","88.73","","","","","","NA"
"-114.88","49.75","SPARWOOD CS","1157631","2020-09-12 01:00","2020","09","12","01:00","10.0","","4.3","","68","","0.0","","36","","15","","","","88.77","","","","","","NA"
"-114.88","49.75","SPARWOOD CS","1157631","2020-09-12 02:00","2020","09","12","02:00","9.1","","4.6","","74","","0.0","","36","","7","","","","88.78","","","","","","NA"
"-114.88","49.75","SPARWOOD CS","1157631","2020-09-12 03:00","2020","09","12","03:00","13.0","","9.0","","77","","0.0","","7","","5","","","","88.77","","","","","","NA"
"-114.88","49.75","SPARWOOD CS","1157631","2020-09-12 04:00","2020","09","12","04:00","14.2","","7.5","","64","","0.0","","12","","17","","","","88.73","","","","","","NA"
"-114.88","49.75","SPARWOOD CS","1157631","2020-09-12 05:00","2020","09","12","05:00","13.1","","7.4","","68","","0.0","","12","","18","","","","88.70","","","","","","NA"
"-114.88","49.75","SPARWOOD CS","1157631","2020-09-12 06:00","2020","09","12","06:00","11.7","","6.3","","70","","0.0","","13","","19","","","","88.69","","","","","","NA"
"-114.88","49.75","SPARWOOD CS","1157631","2020-09-12 07:00","2020","09","12","07:00","12.6","","6.4","","66","","0.0","","13","","21","","","","88.65","","","","","","NA"
"-114.88","49.75","SPARWOOD CS","1157631","2020-09-12 08:00","2020","09","12","08:00","14.4","","6.7","","60","","0.0","","13","","17","","","","88.60","","","","","","NA"
"-114.88","49.75","SPARWOOD CS","1157631","2020-09-12 09:00","2020","09","12","09:00","17.5","","6.6","","49","","0.0","","19","","7","","","","88.52","","","","","","NA"
"-114.88","49.75","SPARWOOD CS","1157631","2020-09-12 10:00","2020","09","12","10:00","22.0","","3.5","","30","","0.0","","17","","14","","","","88.43","","","","","","NA"
"-114.88","49.75","SPARWOOD CS","1157631","2020-09-12 11:00","2020","09","12","11:00","23.9","","1.4","","23","","0.0","","17","","16","","","","88.36","","","","","","NA"
"-114.88","49.75","SPARWOOD CS","1157631","2020-09-12 12:00","2020","09","12","12:00","25.1","","1.1","","21","","0.0","","17","","18","","","","88.31","","","","","","NA"
"-114.88","49.75","SPARWOOD CS","1157631","2020-09-12 13:00","2020","09","12","13:00","26.0","","1.1","","20","","0.0","","17","","18","","","","88.27","","","","","","NA"
"-114.88","49.75","SPARWOOD CS","1157631","2020-09-12 14:00","2020","09","12","14:00","26.5","","0.4","","18","","0.0","","18","","14","","","","88.24","","","","","","NA"
"-114.88","49.75","SPARWOOD CS","1157631","2020-09-12 15:00","2020","09","12","15:00","26.8","","0.0","","17","","0.0","","18","","15","","","","88.25","","25","","","","NA"
"-114.88","49.75","SPARWOOD CS","1157631","2020-09-12 16:00","2020","09","12","16:00","25.6","","0.3","","19","","0.0","","18","","14","","","","88.28","","","","","","NA"
"-114.88","49.75","SPARWOOD CS","1157631","2020-09-12 17:00","2020","09","12","17:00","23.7","","1.1","","23","","0.0","","19","","8","","","","88.33","","","","","","NA"
"-114.88","49.75","SPARWOOD CS","1157631","2020-09-12 18:00","2020","09","12","18:00","21.4","","1.7","","27","","0.0","","18","","6","","","","88.40","","","","","","NA"
"-114.88","49.75","SPARWOOD CS","1157631","2020-09-12 19:00","2020","09","12","19:00","20.6","","4.6","","35","","0.0","","13","","26","","","","88.52","","","","","","NA"
"-114.88","49.75","SPARWOOD CS","1157631","2020-09-12 20:00","2020","09","12","20:00","17.7","","6.9","","49","","0.0","","13","","32","","","","88.62","","","","","","NA"
"-114.88","49.75","SPARWOOD CS","1157631","2020-09-12 21:00","2020","09","12","21:00","16.3","","7.4","","56","","0.0","","13","","23","","","","88.69","","","","","","NA"
"-114.88","49.75","SPARWOOD CS","1157631","2020-09-12 22:00","2020","09","12","22:00","15.5","","7.4","","58","","0.0","","12","","18","","","","88.76","","","","","","NA"
"-114.88","49.75","SPARWOOD CS","1157631","2020-09-12 23:00","2020","09","12","23:00","15.0","","7.4","","60","","0.0","","13","","16","","","","88.78","","","","","","NA"
"-114.88","49.75","SPARWOOD CS","1157631","2020-09-13 00:00","2020","09","13","00:00","13.9","","6.7","","62","","0.0","","11","","14","","","","88.81","","","","","","NA"
"-114.88","49.75","SPARWOOD CS","1157631","2020-09-13 01:00","2020","09","13","01:00","12.4","","5.6","","63","","0.0","","11","","10","","","","88.84","","","","","","NA"
"-114.88","49.75","SPARWOOD CS","1157631","2020-09-13 02:00","2020","09","13","02:00","11.6","","4.8","","63","","0.0","","10","","16","","","","88.87","","","","","","NA"
"-114.88","49.75","SPARWOOD CS","1157631","2020-09-13 03:00","2020","09","13","03:00","10.6","","4.8","","68","","0.0","","7","","11","","","","88.91","","","","","","NA"
"-114.88","49.75","SPARWOOD CS","1157631","2020-09-13 04:00","2020","09","13","04:00","8.3","","4.3","","76","","0.0","","6","","11","","","","88.93","","","","","","NA"
"-114.88","49.75","SPARWOOD CS","1157631","2020-09-13 05:00","2020","09","13","05:00","6.6","","4.4","","86","","0.0","","2","","11","","","","88.93","","","","","","NA"
"-114.88","49.75","SPARWOOD CS","1157631","2020-09-13 06:00","2020","09","13","06:00","6.0","","4.3","","89","","0.0","","4","","13","","","","88.96","","","","","","NA"
"-114.88","49.75","SPARWOOD CS","1157631","2020-09-13 07:00","2020","09","13","07:00","5.9","","3.9","","87","","0.0","","1","","11","","","","88.95","","","","","","NA"
"-114.88","49.75","SPARWOOD CS","1157631","2020-09-13 08:00","2020","09","13","08:00","7.9","","4.6","","80","","0.0","","2","","11","","","","88.93","","","","","","NA"
"-114.88","49.75","SPARWOOD CS","1157631","2020-09-13 09:00","2020","09","13","09:00","10.8","","5.5","","70","","0.0","","2","","6","","","","88.89","","","","","","NA"
"-114.88","49.75","SPARWOOD CS","1157631","2020-09-13 10:00","2020","09","13","10:00","13.1","","5.8","","61","","0.0","","1","","3","","","","88.80","","","","","","NA"
"-114.88","49.75","SPARWOOD CS","1157631","2020-09-13 11:00","2020","09","13","11:00","14.9","","5.7","","54","","0.0","","23","","2","","","","88.74","","","","","","NA"
"-114.88","49.75","SPARWOOD CS","1157631","2020-09-13 12:00","2020","09","13","12:00","16.7","","6.9","","52","","0.0","","19","","5","","","","88.67","","","","","","NA"
"-114.88","49.75","SPARWOOD CS","1157631","2020-09-13 13:00","2020","09","13","13:00","19.1","","6.1","","43","","0.0","","22","","4","","","","88.57","","","","","","NA"
"-114.88","49.75","SPARWOOD CS","1157631","2020-09-13 14:00","2020","09","13","14:00","18.8","","4.7","","40","","0.0","","18","","11","","","","88.55","","","","","","NA"
"-114.88","49.75","SPARWOOD CS","1157631","2020-09-13 15:00","2020","09","13","15:00","19.1","","2.7","","33","","0.0","","17","","12","","","","88.52","","","","","","NA"
"-114.88","49.75","SPARWOOD CS","1157631","2020-09-13 16:00","2020","09","13","16:00","17.4","","6.2","","48","","0.0","","28","","4","","","","88.51","","","","","","NA"
"-114.88","49.75","SPARWOOD CS","1157631","2020-09-13 17:00","2020","09","13","17:00","15.5","","6.1","","54","","0.0","","27","","2","","","","88.50","","","","","","NA"
"-114.88","49.75","SPARWOOD CS","1157631","2020-09-13 18:00","2020","09","13","18:00","12.7","","7.2","","69","","0.0","","15","","2","","","","88.51","","","","","","NA"
"-114.88","49.75","SPARWOOD CS","1157631","2020-09-13 19:00","2020","09","13","19:00","10.8","","6.7","","76","","0.0","","18","","2","","","","88.55","","","","","","NA"
"-114.88","49.75","SPARWOOD CS","1157631","2020-09-13 20:00","2020","09","13","20:00","9.0","","6.2","","83","","0.0","","25","","4","","","","88.57","","","","","","NA"
"-114.88","49.75","SPARWOOD CS","1157631","2020-09-13 21:00","2020","09","13","21:00","7.8","","5.1","","83","","0.0","","27","","1","","","","88.57","","","","","","NA"
"-114.88","49.75","SPARWOOD CS","1157631","2020-09-13 22:00","2020","09","13","22:00","7.3","","4.4","","82","","0.0","","1","","6","","","","88.57","","","","","","NA"
"-114.88","49.75","SPARWOOD CS","1157631","2020-09-13 23:00","2020","09","13","23:00","6.7","","3.5","","80","","0.0","","36","","9","","","","88.61","","","","","","NA"
"-114.88","49.75","SPARWOOD CS","1157631","2020-09-14 00:00","2020","09","14","00:00","6.6","","2.2","","73","","0.0","","1","","9","","","","88.61","","","","","","NA"
"-114.88","49.75","SPARWOOD CS","1157631","2020-09-14 01:00","2020","09","14","01:00","6.1","","2.3","","77","","0.0","","1","","8","","","","88.64","","","","","","NA"
"-114.88","49.75","SPARWOOD CS","1157631","2020-09-14 02:00","2020","09","14","02:00","5.9","","2.5","","78","","0.0","","1","","5","","","","88.63","","","","","","NA"
"-114.88","49.75","SPARWOOD CS","1157631","2020-09-14 03:00","2020","09","14","03:00","5.8","","2.3","","78","","0.0","","12","","4","","","","88.64","","","","","","NA"
"-114.88","49.75","SPARWOOD CS","1157631","2020-09-14 04:00","2020","09","14","04:00","5.8","","2.5","","79","","0.0","","36","","9","","","","88.61","","","","","","NA"
"-114.88","49.75","SPARWOOD CS","1157631","2020-09-14 05:00","2020","09","14","05:00","5.7","","2.3","","79","","0.0","","32","","4","","","","88.63","","","","","","NA"
"-114.88","49.75","SPARWOOD CS","1157631","2020-09-14 06:00","2020","09","14","06:00","5.0","","2.6","","84","","0.0","","36","","8","","","","88.66","","","","","","NA"
"-114.88","49.75","SPARWOOD CS","1157631","2020-09-14 07:00","2020","09","14","07:00","6.0","","2.6","","79","","0.0","","36","","3","","","","88.70","","","","","","NA"
"-114.88","49.75","SPARWOOD CS","1157631","2020-09-14 08:00","2020","09","14","08:00","8.5","","3.0","","68","","0.0","","0","","1","","","","88.67","","","","","","NA"
"-114.88","49.75","SPARWOOD CS","1157631","2020-09-14 09:00","2020","09","14","09:00","10.7","","3.1","","60","","0.0","","32","","2","","","","88.72","","","","","","NA"
"-114.88","49.75","SPARWOOD CS","1157631","2020-09-14 10:00","2020","09","14","10:00","14.2","","4.5","","52","","0.0","","17","","3","","","","88.64","","","","","","NA"
"-114.88","49.75","SPARWOOD CS","1157631","2020-09-14 11:00","2020","09","14","11:00","18.3","","3.1","","36","","0.0","","25","","5","","","","88.61","","","","","","NA"
"-114.88","49.75","SPARWOOD CS","1157631","2020-09-14 12:00","2020","09","14","12:00","20.9","","4.2","","33","","0.0","","20","","9","","","","88.57","","","","","","NA"
"-114.88","49.75","SPARWOOD CS","1157631","2020-09-14 13:00","2020","09","14","13:00","22.6","","1.5","","25","","0.0","","18","","12","","","","88.55","","","","","","NA"
"-114.88","49.75","SPARWOOD CS","1157631","2020-09-14 14:00","2020","09","14","14:00","22.9","","-0.9","","21","","0.0","","18","","17","","","","88.53","","","","","","NA"
"-114.88","49.75","SPARWOOD CS","1157631","2020-09-14 15:00","2020","09","14","15:00","22.5","","-1.2","","21","","0.0","","17","","17","","","","88.56","","","","","","NA"
"-114.88","49.75","SPARWOOD CS","1157631","2020-09-14 16:00","2020","09","14","16:00","21.5","","-0.3","","23","","0.0","","17","","13","","","","88.56","","","","","","NA"
"-114.88","49.75","SPARWOOD CS","1157631","2020-09-14 17:00","2020","09","14","17:00","20.6","","0.0","","25","","0.0","","16","","13","","","","88.59","","","","","","NA"
"-114.88","49.75","SPARWOOD CS","1157631","2020-09-14 18:00","2020","09","14","18:00","19.0","","-0.1","","28","","0.0","","16","","6","","","","88.64","","","","","","NA"
"-114.88","49.75","SPARWOOD CS","1157631","2020-09-14 19:00","2020","09","14","19:00","15.6","","1.4","","38","","0.0","","21","","5","","","","88.70","","","","","","NA"
"-114.88","49.75","SPARWOOD CS","1157631","2020-09-14 20:00","2020","09","14","20:00","13.8","","2.7","","47","","0.0","","19","","1","","","","88.75","","","","","","NA"
"-114.88","49.75","SPARWOOD CS","1157631","2020-09-14 21:00","2020","09","14","21:00","12.3","","2.6","","52","","0.0","","23","","1","","","","88.79","","","","","","NA"
"-114.88","49.75","SPARWOOD CS","1157631","2020-09-14 22:00","2020","09","14","22:00","13.1","","4.3","","55","","0.0","","13","","15","","","","88.81","","","","","","NA"
"-114.88","49.75","SPARWOOD CS","1157631","2020-09-14 23:00","2020","09","14","23:00","11.3","","4.6","","63","","0.0","","13","","11","","","","88.84","","","","","","NA"
"-114.88","49.75","SPARWOOD CS","1157631","2020-09-15 00:00","2020","09","15","00:00","10.4","","4.3","","66","","0.0","","13","","13","","","","88.85","","","","","","NA"
"-114.88","49.75","SPARWOOD CS","1157631","2020-09-15 01:00","2020","09","15","01:00","8.3","","3.3","","71","","0.0","","16","","6","","","","88.88","","","","","","NA"
"-114.88","49.75","SPARWOOD CS","1157631","2020-09-15 02:00","2020","09","15","02:00","6.1","","2.8","","80","","0.0","","21","","3","","","","88.92","","","","","","NA"
"-114.88","49.75","SPARWOOD CS","1157631","2020-09-15 03:00","2020","09","15","03:00","6.0","","2.6","","79","","0.0","","17","","3","","","","88.98","","","","","","NA"
"-114.88","49.75","SPARWOOD CS","1157631","2020-09-15 04:00","2020","09","15","04:00","7.7","","2.7","","71","","0.0","","18","","3","","","","88.99","","","","","","NA"
"-114.88","49.75","SPARWOOD CS","1157631","2020-09-15 05:00","2020","09","15","05:00","7.1","","3.0","","75","","0.0","","17","","5","","","","88.96","","","","","","NA"
"-114.88","49.75","SPARWOOD CS","1157631","2020-09-15 06:00","2020","09","15","06:00","6.5","","1.4","","70","","0.0","","36","","8","","","","89.03","","","","","","NA"
"-114.88","49.75","SPARWOOD CS","1157631","2020-09-15 07:00","2020","09","15","07:00","7.9","","2.1","","67","","0.0","","36","","11","","","","89.08","","","","","","NA"
"-114.88","49.75","SPARWOOD CS","1157631","2020-09-15 08:00","2020","09","15","08:00","10.6","","3.1","","60","","0.0","","36","","8","","","","89.08","","","","","","NA"
"-114.88","49.75","SPARWOOD CS","1157631","2020-09-15 09:00","2020","09","15","09:00","16.9","","3.9","","42","","0.0","","23","","2","","","","89.08","","","","","","NA"
"-114.88","49.75","SPARWOOD CS","1157631","2020-09-15 10:00","2020","09","15","10:00","19.7","","0.6","","28","","0.0","","18","","15","","","","89.06","","","","","","NA"
"-114.88","49.75","SPARWOOD CS","1157631","2020-09-15 11:00","2020","09","15","11:00","21.3","","1.3","","26","","0.0","","18","","19","","","","89.02","","","","","","NA"
"-114.88","49.75","SPARWOOD CS","1157631","2020-09-15 12:00","2020","09","15","12:00","22.9","","2.0","","25","","0.0","","18","","15","","","","89.00","","","","","","NA"
"-114.88","49.75","SPARWOOD CS","1157631","2020-09-15 13:00","2020","09","15","13:00","23.8","","2.5","","25","","0.0","","17","","13","","","","88.98","","","","","","NA"
"-114.88","49.75","SPARWOOD CS","1157631","2020-09-15 14:00","2020","09","15","14:00","23.1","","3.1","","27","","0.0","","18","","15","","","","88.97","","","","","","NA"
"-114.88","49.75","SPARWOOD CS","1157631","2020-09-15 15:00","2020","09","15","15:00","23.5","","3.3","","27","","0.0","","18","","15","","","","88.98","","","","","","NA"
"-114.88","49.75","SPARWOOD CS","1157631","2020-09-15 16:00","2020","09","15","16:00","22.2","","4.2","","31","","0.0","","18","","10","","","","88.99","","","","","","NA"
"-114.88","49.75","SPARWOOD CS","1157631","2020-09-15 17:00","2020","09","15","17:00","18.4","","5.1","","42","","0.0","","12","","28","","","","89.05","","","","","","NA"
"-114.88","49.75","SPARWOOD CS","1157631","2020-09-15 18:00","2020","09","15","18:00","16.2","","5.6","","49","","0.0","","13","","31","","","","89.14","","","","","","NA"
"-114.88","49.75","SPARWOOD CS","1157631","2020-09-15 19:00","2020","09","15","19:00","15.2","","5.6","","53","","0.0","","13","","29","","","","89.26","","","","","","NA"
"-114.88","49.75","SPARWOOD CS","1157631","2020-09-15 20:00","2020","09","15","20:00","14.1","","5.5","","56","","0.0","","12","","22","","","","89.36","","","","","","NA"
"-114.88","49.75","SPARWOOD CS","1157631","2020-09-15 21:00","2020","09","15","21:00","13.2","","5.4","","59","","0.0","","12","","20","","","","89.43","","","","","","NA"
"-114.88","49.75","SPARWOOD CS","1157631","2020-09-15 22:00","2020","09","15","22:00","12.4","","5.4","","62","","0.0","","11","","18","","","","89.48","","","","","","NA"
"-114.88","49.75","SPARWOOD CS","1157631","2020-09-15 23:00","2020","09","15","23:00","11.4","","5.3","","66","","0.0","","10","","18","","","","89.50","","","","","","NA"
"-114.88","49.75","SPARWOOD CS","1157631","2020-09-16 00:00","2020","09","16","00:00","10.7","","5.3","","69","","0.0","","10","","20","","","","89.51","","","","","","NA"
"-114.88","49.75","SPARWOOD CS","1157631","2020-09-16 01:00","2020","09","16","01:00","10.2","","5.3","","72","","0.0","","10","","19","","","","89.51","","","","","","NA"
"-114.88","49.75","SPARWOOD CS","1157631","2020-09-16 02:00","2020","09","16","02:00","9.8","","5.2","","73","","0.0","","12","","14","","","","89.49","","","","","","NA"
"-114.88","49.75","SPARWOOD CS","1157631","2020-09-16 03:00","2020","09","16","03:00","9.2","","5.0","","75","","0.0","","10","","10","","","","89.48","","","","","","NA"
"-114.88","49.75","SPARWOOD CS","1157631","2020-09-16 04:00","2020","09","16","04:00","5.7","","3.5","","86","","0.0","","1","","14","","","","89.45","","","","","","NA"
"-114.88","49.75","SPARWOOD CS","1157631","2020-09-16 05:00","2020","09","16","05:00","4.7","","2.9","","88","","0.0","","1","","13","","","","89.44","","","","","","NA"
"-114.88","49.75","SPARWOOD CS","1157631","2020-09-16 06:00","2020","09","16","06:00","4.2","","2.7","","90","","0.0","","3","","11","","","","89.47","","","","","","NA"
"-114.88","49.75","SPARWOOD CS","1157631","2020-09-16 07:00","2020","09","16","07:00","4.7","","2.8","","87","","0.0","","3","","8","","","","89.48","","","","","","NA"
"-114.88","49.75","SPARWOOD CS","1157631","2020-09-16 08:00","2020","09","16","08:00","7.9","","3.6","","74","","0.0","","4","","5","","","","89.45","","","","","","NA"
"-114.88","49.75","SPARWOOD CS","1157631","2020-09-16 09:00","2020","09","16","09:00","11.0","","4.6","","65","","0.0","","36","","6","","","","89.40","","","","","","NA"
"-114.88","49.75","SPARWOOD CS","1157631","2020-09-16 10:00","2020","09","16","10:00","12.5","","4.9","","60","","0.0","","35","","4","","","","89.34","","","","","","NA"
"-114.88","49.75","SPARWOOD CS","1157631","2020-09-16 11:00","2020","09","16","11:00","15.1","","5.0","","51","","0.0","","31","","4","","","","89.24","","","","","","NA"
"-114.88","49.75","SPARWOOD CS","1157631","2020-09-16 12:00","2020","09","16","12:00","18.1","","5.6","","44","","0.0","","28","","3","","","","89.13","","","","","","NA"
"-114.88","49.75","SPARWOOD CS","1157631","2020-09-16 13:00","2020","09","16","13:00","22.6","","6.8","","36","","0.0","","18","","4","","","","89.03","","","","","","NA"
"-114.88","49.75","SPARWOOD CS","1157631","2020-09-16 14:00","2020","09","16","14:00","23.5","","6.4","","33","","0.0","","19","","13","","","","88.95","","","","","","NA"
"-114.88","49.75","SPARWOOD CS","1157631","2020-09-16 15:00","2020","09","16","15:00","23.6","","6.2","","33","","0.0","","19","","18","","","","88.91","","","","","","NA"
"-114.88","49.75","SPARWOOD CS","1157631","2020-09-16 16:00","2020","09","16","16:00","23.1","","6.2","","33","","0.0","","19","","10","","","","88.89","","","","","","NA"
"-114.88","49.75","SPARWOOD CS","1157631","2020-09-16 17:00","2020","09","16","17:00","21.6","","6.1","","36","","0.0","","18","","9","","","","88.89","","","","","","NA"
"-114.88","49.75","SPARWOOD CS","1157631","2020-09-16 18:00","2020","09","16","18:00","18.4","","7.0","","47","","0.0","","23","","3","","","","88.91","","","","","","NA"
"-114.88","49.75","SPARWOOD CS","1157631","2020-09-16 19:00","2020","09","16","19:00","15.2","","6.7","","57","","0.0","","0","","1","","","","88.95","","","","","","NA"
"-114.88","49.75","SPARWOOD CS","1157631","2020-09-16 20:00","2020","09","16","20:00","13.1","","7.5","","69","","0.0","","3","","4","","","","89.00","","","","","","NA"
"-114.88","49.75","SPARWOOD CS","1157631","2020-09-16 21:00","2020","09","16","21:00","11.4","","7.7","","78","","0.0","","36","","5","","","","89.05","","","","","","NA"
"-114.88","49.75","SPARWOOD CS","1157631","2020-09-16 22:00","2020","09","16","22:00","9.4","","6.6","","83","","0.0","","1","","6","","","","89.09","","","","","","NA"
"-114.88","49.75","SPARWOOD CS","1157631","2020-09-16 23:00","2020","09","16","23:00","8.9","","6.5","","85","","0.0","","36","","10","","","","89.12","","","","","","NA"
"-114.88","49.75","SPARWOOD CS","1157631","2020-09-17 00:00","2020","09","17","00:00","8.0","","5.9","","87","","0.0","","2","","7","","","","89.16","","","","","","NA"
"-114.88","49.75","SPARWOOD CS","1157631","2020-09-17 01:00","2020","09","17","01:00","7.6","","5.9","","89","","0.0","","4","","3","","","","89.18","","","","","","NA"
"-114.88","49.75","SPARWOOD CS","1157631","2020-09-17 02:00","2020","09","17","02:00","6.5","","5.2","","92","","0.0","","36","","5","","","","89.22","","","","","","NA"
"-114.88","49.75","SPARWOOD CS","1157631","2020-09-17 03:00","2020","09","17","03:00","5.8","","4.7","","92","","0.0","","36","","4","","","","89.24","","","","","","NA"
"-114.88","49.75","SPARWOOD CS","1157631","2020-09-17 04:00","2020","09","17","04:00","5.3","","4.4","","94","","0.0","","35","","4","","","","89.27","","","","","","NA"
"-114.88","49.75","SPARWOOD CS","1157631","2020-09-17 05:00","2020","09","17","05:00","4.2","","3.3","","94","","0.0","","36","","6","","","","89.31","","","","","","NA"
"-114.88","49.75","SPARWOOD CS","1157631","2020-09-17 06:00","2020","09","17","06:00","4.4","","3.7","","95","","0.0","","1","","3","","","","89.35","","","","","","NA"
"-114.88","49.75","SPARWOOD CS","1157631","2020-09-17 07:00","2020","09","17","07:00","5.5","","4.5","","93","","0.0","","36","","7","","","","89.38","","","","","","NA"
"-114.88","49.75","SPARWOOD CS","1157631","2020-09-17 08:00","2020","09","17","08:00","9.1","","6.0","","81","","0.0","","36","","6","","","","89.38","","","","","","NA"
"-114.88","49.75","SPARWOOD CS","1157631","2020-09-17 09:00","2020","09","17","09:00","13.4","","6.9","","65","","0.0","","1","","6","","","","89.33","","","","","","NA"
"-114.88","49.75","SPARWOOD CS","1157631","2020-09-17 10:00","2020","09","17","10:00","16.9","","6.8","","51","","0.0","","2","","6","","","","89.26","","","","","","NA"
"-114.88","49.75","SPARWOOD CS","1157631","2020-09-17 11:00","2020","09","17","11:00","20.5","","6.6","","40","","0.0","","2","","7","","","","89.16","","","","","","NA"
"-114.88","49.75","SPARWOOD CS","1157631","2020-09-17 12:00","2020","09","17","12:00","23.3","","5.8","","32","","0.0","","35","","6","","","","89.08","","","","","","NA"
"-114.88","49.75","SPARWOOD CS","1157631","2020-09-17 13:00","2020","09","17","13:00","25.4","","5.0","","27","","0.0","","20","","5","","","","88.99","","25","","","","NA"
"-114.88","49.75","SPARWOOD CS","1157631","2020-09-17 14:00","2020","09","17","14:00","26.1","","5.3","","26","","0.0","","13","","12","","","","88.92","","25","","","","NA"
"-114.88","49.75","SPARWOOD CS","1157631","2020-09-17 15:00","2020","09","17","15:00","25.7","","5.8","","28","","0.0","","14","","12","","","","88.87","","25","","","","NA"
"-114.88","49.75","SPARWOOD CS","1157631","2020-09-17 16:00","2020","09","17","16:00","24.5","","5.8","","30","","0.0","","12","","17","","","","88.83","","","","","","NA"
"-114.88","49.75","SPARWOOD CS","1157631","2020-09-17 17:00","2020","09","17","17:00","22.5","","6.2","","35","","0.0","","13","","15","","","","88.83","","","","","","NA"
"-114.88","49.75","SPARWOOD CS","1157631","2020-09-17 18:00","2020","09","17","18:00","20.7","","7.2","","42","","0.0","","14","","14","","","","88.83","","","","","","NA"
"-114.88","49.75","SPARWOOD CS","1157631","2020-09-17 19:00","2020","09","17","19:00","18.9","","7.7","","48","","0.0","","14","","11","","","","88.87","","","","","","NA"
"-114.88","49.75","SPARWOOD CS","1157631","2020-09-17 20:00","2020","09","17","20:00","17.8","","7.8","","52","","0.0","","11","","16","","","","88.89","","","","","","NA"
"-114.88","49.75","SPARWOOD CS","1157631","2020-09-17 21:00","2020","09","17","21:00","16.8","","8.1","","57","","0.0","","9","","12","","","","88.89","","","","","","NA"
"-114.88","49.75","SPARWOOD CS","1157631","2020-09-17 22:00","2020","09","17","22:00","15.7","","7.6","","59","","0.0","","8","","16","","","","88.92","","","","","","NA"
"-114.88","49.75","SPARWOOD CS","1157631","2020-09-17 23:00","2020","09","17","23:00","11.6","","6.3","","70","","0.0","","4","","8","","","","88.93","","","","","","NA"
"-114.88","49.75","SPARWOOD CS","1157631","2020-09-18 00:00","2020","09","18","00:00","9.9","","5.9","","76","","0.0","","1","","11","","","","88.93","","","","","","NA"
"-114.88","49.75","SPARWOOD CS","1157631","2020-09-18 01:00","2020","09","18","01:00","8.0","","5.5","","84","","0.0","","2","","5","","","","88.91","","","","","","NA"
"-114.88","49.75","SPARWOOD CS","1157631","2020-09-18 02:00","2020","09","18","02:00","7.1","","5.2","","88","","0.0","","1","","9","","","","88.89","","","","","","NA"
"-114.88","49.75","SPARWOOD CS","1157631","2020-09-18 03:00","2020","09","18","03:00","6.0","","4.5","","90","","0.0","","36","","3","","","","88.88","","","","","","NA"
"-114.88","49.75","SPARWOOD CS","1157631","2020-09-18 04:00","2020","09","18","04:00","5.2","","4.1","","93","","0.0","","35","","3","","","","88.86","","","","","","NA"
"-114.88","49.75","SPARWOOD CS","1157631","2020-09-18 05:00","2020","09","18","05:00","4.6","","3.7","","94","","0.0","","36","","7","","","","88.84","","","","","","NA"
"-114.88","49.75","SPARWOOD CS","1157631","2020-09-18 06:00","2020","09","18","06:00","4.0","","3.3","","95","","0.0","","35","","5","","","","88.82","","","","","","NA"
"-114.88","49.75","SPARWOOD CS","1157631","2020-09-18 07:00","2020","09","18","07:00","5.1","","3.9","","92","","0.0","","1","","5","","","","88.79","","","","","","NA"
"-114.88","49.75","SPARWOOD CS","1157631","2020-09-18 08:00","2020","09","18","08:00","8.3","","5.0","","80","","0.0","","36","","5","","","","88.75","","","","","","NA"
"-114.88","49.75","SPARWOOD CS","1157631","2020-09-18 09:00","2020","09","18","09:00","12.0","","5.4","","64","","0.0","","1","","6","","","","88.69","","","","","","NA"
"-114.88","49.75","SPARWOOD CS","1157631","2020-09-18 10:00","2020","09","18","10:00","14.9","","5.3","","53","","0.0","","35","","4","","","","88.59","","","","","","NA"
"-114.88","49.75","SPARWOOD CS","1157631","2020-09-18 11:00","2020","09","18","11:00","18.5","","4.2","","39","","0.0","","33","","4","","","","88.47","","","","","","NA"
"-114.88","49.75","SPARWOOD CS","1157631","2020-09-18 12:00","2020","09","18","12:00","21.0","","4.6","","34","","0.0","","20","","4","","","","88.37","","","","","","NA"
"-114.88","49.75","SPARWOOD CS","1157631","2020-09-18 13:00","2020","09","18","13:00","22.9","","5.7","","33","","0.0","","22","","7","","","","88.26","","","","","","NA"
"-114.88","49.75","SPARWOOD CS","1157631","2020-09-18 14:00","2020","09","18","14:00","22.3","","5.1","","33","","0.0","","19","","21","","","","88.21","","","","","","NA"
"-114.88","49.75","SPARWOOD CS","1157631","2020-09-18 15:00","2020","09","18","15:00","22.8","","4.7","","31","","0.0","","18","","15","","","","88.21","","","","","","NA"
"-114.88","49.75","SPARWOOD CS","1157631","2020-09-18 16:00","2020","09","18","16:00","21.6","","4.4","","32","","0.0","","18","","14","","","","88.21","","","","","","NA"
"-114.88","49.75","SPARWOOD CS","1157631","2020-09-18 17:00","2020","09","18","17:00","20.5","","4.7","","36","","0.0","","19","","15","","","","88.24","","","","","","NA"
"-114.88","49.75","SPARWOOD CS","1157631","2020-09-18 18:00","2020","09","18","18:00","20.2","","4.0","","34","","0.0","","15","","15","","","","88.26","","","","","","NA"
"-114.88","49.75","SPARWOOD CS","1157631","2020-09-18 19:00","2020","09","18","19:00","18.1","","5.3","","43","","0.0","","21","","7","","","","88.32","","","","","","NA"
"-114.88","49.75","SPARWOOD CS","1157631","2020-09-18 20:00","2020","09","18","20:00","16.8","","6.0","","49","","0.0","","22","","3","","","","88.32","","","","","","NA"
"-114.88","49.75","SPARWOOD CS","1157631","2020-09-18 21:00","2020","09","18","21:00","15.9","","5.6","","51","","0.0","","9","","2","","","","88.27","","","","","","NA"
"-114.88","49.75","SPARWOOD CS","1157631","2020-09-18 22:00","2020","09","18","22:00","15.7","","6.6","","55","","0.0","","21","","4","","","","88.28","","","","","","NA"
"-114.88","49.75","SPARWOOD CS","1157631","2020-09-18 23:00","2020","09","18","23:00","14.7","","6.2","","57","","0.0","","7","","2","","","","88.23","","","","","","NA"
"-114.88","49.75","SPARWOOD CS","1157631","2020-09-19 00:00","2020","09","19","00:00","14.4","","6.8","","60","","0.0","","20","","2","","","","88.22","","","","","","NA"
"-114.88","49.75","SPARWOOD CS","1157631","2020-09-19 01:00","2020","09","19","01:00","13.7","","6.3","","61","","0.0","","33","","2","","","","88.21","","","","","","NA"
"-114.88","49.75","SPARWOOD CS","1157631","2020-09-19 02:00","2020","09","19","02:00","13.7","","6.3","","61","","0.0","","5","","3","","","","88.15","","","","","","NA"
"-114.88","49.75","SPARWOOD CS","1157631","2020-09-19 03:00","2020","09","19","03:00","14.5","","5.9","","56","","0.0","","25","","4","","","","88.16","","","","","","NA"
"-114.88","49.75","SPARWOOD CS","1157631","2020-09-19 04:00","2020","09","19","04:00","17.2","","3.7","","40","","0.0","","24","","8","","","","88.18","","","","","","NA"
"-114.88","49.75","SPARWOOD CS","1157631","2020-09-19 05:00","2020","09","19","05:00","17.1","","3.8","","41","","0.0","","17","","10","","","","88.19","","","","","","NA"
"-114.88","49.75","SPARWOOD CS","1157631","2020-09-19 06:00","2020","09","19","06:00","16.1","","4.5","","46","","0.0","","19","","7","","","","88.17","","","","","","NA"
"-114.88","49.75","SPARWOOD CS","1157631","2020-09-19 07:00","2020","09","19","07:00","15.2","","5.6","","53","","0.0","","18","","11","","","","88.17","","","","","","NA"
"-114.88","49.75","SPARWOOD CS","1157631","2020-09-19 08:00","2020","09","19","08:00","15.3","","6.3","","55","","0.0","","19","","16","","","","88.17","","","","","","NA"
"-114.88","49.75","SPARWOOD CS","1157631","2020-09-19 09:00","2020","09","19","09:00","16.3","","6.6","","53","","0.0","","19","","13","","","","88.19","","","","","","NA"
"-114.88","49.75","SPARWOOD CS","1157631","2020-09-19 10:00","2020","09","19","10:00","17.6","","5.9","","46","","0.0","","18","","16","","","","88.15","","","","","","NA"
"-114.88","49.75","SPARWOOD CS","1157631","2020-09-19 11:00","2020","09","19","11:00","16.9","","7.2","","53","","0.0","","18","","18","","","","88.12","","","","","","NA"
"-114.88","49.75","SPARWOOD CS","1157631","2020-09-19 12:00","2020","09","19","12:00","16.8","","7.5","","54","","0.0","","17","","18","","","","88.11","","","","","","NA"
"-114.88","49.75","SPARWOOD CS","1157631","2020-09-19 13:00","2020","09","19","13:00","17.3","","7.5","","52","","0.0","","18","","17","","","","88.09","","","","","","NA"
"-114.88","49.75","SPARWOOD CS","1157631","2020-09-19 14:00","2020","09","19","14:00","17.8","","7.7","","52","","0.0","","18","","17","","","","88.05","","","","","","NA"
"-114.88","49.75","SPARWOOD CS","1157631","2020-09-19 15:00","2020","09","19","15:00","18.7","","7.6","","48","","0.0","","18","","14","","","","88.03","","","","","","NA"
"-114.88","49.75","SPARWOOD CS","1157631","2020-09-19 16:00","2020","09","19","16:00","17.5","","7.7","","53","","0.0","","17","","15","","","","88.03","","","","","","NA"
"-114.88","49.75","SPARWOOD CS","1157631","2020-09-19 17:00","2020","09","19","17:00","16.6","","7.6","","55","","0.0","","17","","19","","","","88.07","","","","","","NA"
"-114.88","49.75","SPARWOOD CS","1157631","2020-09-19 18:00","2020","09","19","18:00","13.1","","9.1","","77","","0.0","","22","","7","","","","88.22","","","","","","NA"
"-114.88","49.75","SPARWOOD CS","1157631","2020-09-19 19:00","2020","09","19","19:00","12.6","","9.5","","81","","0.2","","17","","12","","","","88.27","","","","","","NA"
"-114.88","49.75","SPARWOOD CS","1157631","2020-09-19 20:00","2020","09","19","20:00","12.0","","9.4","","84","","0.0","","19","","9","","","","88.31","","","","","","NA"
"-114.88","49.75","SPARWOOD CS","1157631","2020-09-19 21:00","2020","09","19","21:00","12.8","","8.1","","73","","0.0","","17","","14","","","","88.31","","","","","","NA"
"-114.88","49.75","SPARWOOD CS","1157631","2020-09-19 22:00","2020","09","19","22:00","12.7","","7.8","","72","","0.0","","19","","13","","","","88.31","","","","","","NA"
"-114.88","49.75","SPARWOOD CS","1157631","2020-09-19 23:00","2020","09","19","23:00","12.5","","7.5","","71","","0.0","","17","","10","","","","88.33","","","","","","NA"
"-114.88","49.75","SPARWOOD CS","1157631","2020-09-20 00:00","2020","09","20","00:00","12.5","","7.5","","72","","0.0","","19","","12","","","","88.31","","","","","","NA"
"-114.88","49.75","SPARWOOD CS","1157631","2020-09-20 01:00","2020","09","20","01:00","12.6","","7.5","","71","","0.0","","16","","13","","","","88.33","","","","","","NA"
"-114.88","49.75","SPARWOOD CS","1157631","2020-09-20 02:00","2020","09","20","02:00","12.3","","7.6","","73","","0.0","","20","","8","","","","88.34","","","","","","NA"
"-114.88","49.75","SPARWOOD CS","1157631","2020-09-20 03:00","2020","09","20","03:00","12.4","","7.2","","71","","0.0","","19","","10","","","","88.36","","","","","","NA"
"-114.88","49.75","SPARWOOD CS","1157631","2020-09-20 04:00","2020","09","20","04:00","11.9","","7.5","","75","","0.0","","17","","10","","","","88.39","","","","","","NA"
"-114.88","49.75","SPARWOOD CS","1157631","2020-09-20 05:00","2020","09","20","05:00","12.2","","7.7","","74","","0.0","","19","","7","","","","88.41","","","","","","NA"
"-114.88","49.75","SPARWOOD CS","1157631","2020-09-20 06:00","2020","09","20","06:00","12.5","","7.5","","71","","0.0","","16","","7","","","","88.46","","","","","","NA"
"-114.88","49.75","SPARWOOD CS","1157631","2020-09-20 07:00","2020","09","20","07:00","12.9","","7.5","","70","","0.0","","17","","11","","","","88.50","","","","","","NA"
"-114.88","49.75","SPARWOOD CS","1157631","2020-09-20 08:00","2020","09","20","08:00","13.2","","7.6","","69","","0.0","","17","","12","","","","88.52","","","","","","NA"
"-114.88","49.75","SPARWOOD CS","1157631","2020-09-20 09:00","2020","09","20","09:00","14.0","","7.6","","65","","0.0","","18","","15","","","","88.54","","","","","","NA"
"-114.88","49.75","SPARWOOD CS","1157631","2020-09-20 10:00","2020","09","20","10:00","14.0","","7.5","","65","","0.0","","18","","17","","","","88.56","","","","","","NA"
"-114.88","49.75","SPARWOOD CS","1157631","2020-09-20 11:00","2020","09","20","11:00","14.9","","6.4","","57","","0.0","","18","","16","","","","88.56","","","","","","NA"
"-114.88","49.75","SPARWOOD CS","1157631","2020-09-20 12:00","2020","09","20","12:00","16.1","","5.8","","51","","0.0","","17","","19","","","","88.54","","","","","","NA"
"-114.88","49.75","SPARWOOD CS","1157631","2020-09-20 13:00","2020","09","20","13:00","18.2","","7.1","","48","","0.0","","18","","12","","","","88.52","","","","","","NA"
"-114.88","49.75","SPARWOOD CS","1157631","2020-09-20 14:00","2020","09","20","14:00","17.8","","5.8","","45","","0.0","","16","","13","","","","88.52","","","","","","NA"
"-114.88","49.75","SPARWOOD CS","1157631","2020-09-20 15:00","2020","09","20","15:00","17.7","","5.3","","44","","0.0","","19","","12","","","","88.52","","","","","","NA"
"-114.88","49.75","SPARWOOD CS","1157631","2020-09-20 16:00","2020","09","20","16:00","15.7","","5.9","","52","","0.0","","18","","11","","","","88.54","","","","","","NA"
"-114.88","49.75","SPARWOOD CS","1157631","2020-09-20 17:00","2020","09","20","17:00","15.5","","5.8","","52","","0.0","","17","","9","","","","88.56","","","","","","NA"
"-114.88","49.75","SPARWOOD CS","1157631","2020-09-20 18:00","2020","09","20","18:00","13.7","","5.6","","58","","0.0","","18","","6","","","","88.58","","","","","","NA"
"-114.88","49.75","SPARWOOD CS","1157631","2020-09-20 19:00","2020","09","20","19:00","12.8","","6.7","","66","","0.0","","20","","5","","","","88.63","","","","","","NA"
"-114.88","49.75","SPARWOOD CS","1157631","2020-09-20 20:00","2020","09","20","20:00","10.7","","6.2","","74","","0.0","","22","","3","","","","88.65","","","","","","NA"
"-114.88","49.75","SPARWOOD CS","1157631","2020-09-20 21:00","2020","09","20","21:00","10.9","","5.6","","70","","0.0","","21","","4","","","","88.69","","","","","","NA"
"-114.88","49.75","SPARWOOD CS","1157631","2020-09-20 22:00","2020","09","20","22:00","12.1","","5.6","","64","","0.0","","17","","9","","","","88.71","","","","","","NA"
"-114.88","49.75","SPARWOOD CS","1157631","2020-09-20 23:00","2020","09","20","23:00","11.0","","5.3","","68","","0.0","","19","","2","","","","88.71","","","","","","NA"
"-114.88","49.75","SPARWOOD CS","1157631","2020-09-21 00:00","2020","09","21","00:00","9.7","","5.1","","73","","0.0","","15","","7","","","","88.70","","","","","","NA"
"-114.88","49.75","SPARWOOD CS","1157631","2020-09-21 01:00","2020","09","21","01:00","7.9","","4.2","","77","","0.0","","13","","7","","","","88.67","","","","","","NA"
"-114.88","49.75","SPARWOOD CS","1157631","2020-09-21 02:00","2020","09","21","02:00","7.5","","3.9","","78","","0.0","","12","","10","","","","88.65","","","","","","NA"
"-114.88","49.75","SPARWOOD CS","1157631","2020-09-21 03:00","2020","09","21","03:00","5.4","","3.3","","86","","0.0","","34","","1","","","","88.67","","","","","","NA"
"-114.88","49.75","SPARWOOD CS","1157631","2020-09-21 04:00","2020","09","21","04:00","4.7","","3.3","","90","","0.0","","6","","3","","","","88.69","","","","","","NA"
"-114.88","49.75","SPARWOOD CS","1157631","2020-09-21 05:00","2020","09","21","05:00","3.7","","2.4","","92","","0.0","","36","","9","","","","88.70","","","","","","NA"
"-114.88","49.75","SPARWOOD CS","1157631","2020-09-21 06:00","2020","09","21","06:00","3.2","","2.1","","92","","0.0","","36","","11","","","","88.71","","","","","","NA"
"-114.88","49.75","SPARWOOD CS","1157631","2020-09-21 07:00","2020","09","21","07:00","4.2","","2.4","","88","","0.0","","36","","14","","","","88.71","","","","","","NA"
"-114.88","49.75","SPARWOOD CS","1157631","2020-09-21 08:00","2020","09","21","08:00","8.0","","4.3","","77","","0.0","","36","","8","","","","88.70","","","","","","NA"
"-114.88","49.75","SPARWOOD CS","1157631","2020-09-21 09:00","2020","09","21","09:00","14.7","","5.4","","53","","0.0","","18","","16","","","","88.69","","","","","","NA"
"-114.88","49.75","SPARWOOD CS","1157631","2020-09-21 10:00","2020","09","21","10:00","15.7","","4.9","","49","","0.0","","17","","16","","","","88.62","","","","","","NA"
"-114.88","49.75","SPARWOOD CS","1157631","2020-09-21 11:00","2020","09","21","11:00","17.8","","4.0","","40","","0.0","","18","","19","","","","88.54","","","","","","NA"
"-114.88","49.75","SPARWOOD CS","1157631","2020-09-21 12:00","2020","09","21","12:00","18.3","","2.2","","34","","0.0","","18","","15","","","","88.49","","","","","","NA"
"-114.88","49.75","SPARWOOD CS","1157631","2020-09-21 13:00","2020","09","21","13:00","18.9","","2.8","","34","","0.0","","17","","15","","","","88.46","","","","","","NA"
"-114.88","49.75","SPARWOOD CS","1157631","2020-09-21 14:00","2020","09","21","14:00","17.8","","3.3","","38","","0.0","","18","","15","","","","88.45","","","","","","NA"
"-114.88","49.75","SPARWOOD CS","1157631","2020-09-21 15:00","2020","09","21","15:00","18.4","","2.4","","34","","0.0","","18","","14","","","","88.44","","","","","","NA"
"-114.88","49.75","SPARWOOD CS","1157631","2020-09-21 16:00","2020","09","21","16:00","18.0","","2.2","","35","","0.0","","18","","10","","","","88.45","","","","","","NA"
"-114.88","49.75","SPARWOOD CS","1157631","2020-09-21 17:00","2020","09","21","17:00","16.8","","2.8","","39","","0.0","","24","","2","","","","88.44","","","","","","NA"
"-114.88","49.75","SPARWOOD CS","1157631","2020-09-21 18:00","2020","09","21","18:00","13.3","","3.9","","53","","0.0","","","","0","","","","88.45","","","","","","NA"
"-114.88","49.75","SPARWOOD CS","1157631","2020-09-21 19:00","2020","09","21","19:00","10.7","","5.0","","68","","0.0","","19","","3","","","","88.49","","","","","","NA"
"-114.88","49.75","SPARWOOD CS","1157631","2020-09-21 20:00","2020","09","21","20:00","10.2","","3.8","","64","","0.0","","13","","4","","","","88.52","","","","","","NA"
"-114.88","49.75","SPARWOOD CS","1157631","2020-09-21 21:00","2020","09","21","21:00","8.7","","4.0","","72","","0.0","","33","","3","","","","88.54","","","","","","NA"
"-114.88","49.75","SPARWOOD CS","1157631","2020-09-21 22:00","2020","09","21","22:00","7.6","","3.4","","75","","0.0","","1","","8","","","","88.58","","","","","","NA"
"-114.88","49.75","SPARWOOD CS","1157631","2020-09-21 23:00","2020","09","21","23:00","6.5","","2.8","","77","","0.0","","36","","7","","","","88.64","","","","","","NA"
"-114.88","49.75","SPARWOOD CS","1157631","2020-09-22 00:00","2020","09","22","00:00","4.8","","2.3","","84","","0.0","","1","","8","","","","88.66","","","","","","NA"
"-114.88","49.75","SPARWOOD CS","1157631","2020-09-22 01:00","2020","09","22","01:00","4.9","","2.7","","86","","0.0","","36","","9","","","","88.71","","","","","","NA"
"-114.88","49.75","SPARWOOD CS","1157631","2020-09-22 02:00","2020","09","22","02:00","4.3","","2.3","","87","","0.0","","2","","7","","","","88.73","","","","","","NA"
"-114.88","49.75","SPARWOOD CS","1157631","2020-09-22 03:00","2020","09","22","03:00","3.6","","1.8","","88","","0.0","","36","","4","","","","88.76","","","","","","NA"
"-114.88","49.75","SPARWOOD CS","1157631","2020-09-22 04:00","2020","09","22","04:00","3.1","","1.3","","88","","0.0","","35","","5","","","","88.79","","","","","","NA"
"-114.88","49.75","SPARWOOD CS","1157631","2020-09-22 05:00","2020","09","22","05:00","3.4","","1.8","","89","","0.0","","35","","6","","","","88.82","","","","","","NA"
"-114.88","49.75","SPARWOOD CS","1157631","2020-09-22 06:00","2020","09","22","06:00","3.5","","1.9","","89","","0.0","","1","","6","","","","88.84","","","","","","NA"
"-114.88","49.75","SPARWOOD CS","1157631","2020-09-22 07:00","2020","09","22","07:00","4.8","","1.9","","82","","0.0","","3","","7","","","","88.83","","","","","","NA"
"-114.88","49.75","SPARWOOD CS","1157631","2020-09-22 08:00","2020","09","22","08:00","8.9","","3.1","","67","","0.0","","36","","7","","","","88.82","","","","","","NA"
"-114.88","49.75","SPARWOOD CS","1157631","2020-09-22 09:00","2020","09","22","09:00","11.1","","3.4","","59","","0.0","","36","","9","","","","88.82","","","","","","NA"
"-114.88","49.75","SPARWOOD CS","1157631","2020-09-22 10:00","2020","09","22","10:00","13.4","","3.4","","51","","0.0","","36","","5","","","","88.79","","","","","","NA"
"-114.88","49.75","SPARWOOD CS","1157631","2020-09-22 11:00","2020","09","22","11:00","14.9","","4.3","","49","","0.0","","24","","7","","","","88.72","","","","","","NA"
"-114.88","49.75","SPARWOOD CS","1157631","2020-09-22 12:00","2020","09","22","12:00","15.9","","3.3","","43","","0.0","","21","","5","","","","88.65","","","","","","NA"
"-114.88","49.75","SPARWOOD CS","1157631","2020-09-22 13:00","2020","09","22","13:00","19.0","","0.5","","29","","0.0","","18","","12","","","","88.60","","","","","","NA"
"-114.88","49.75","SPARWOOD CS","1157631","2020-09-22 14:00","2020","09","22","14:00","19.0","","-0.8","","26","","0.0","","18","","14","","","","88.56","","","","","","NA"
"-114.88","49.75","SPARWOOD CS","1157631","2020-09-22 15:00","2020","09","22","15:00","18.2","","0.0","","29","","0.0","","17","","14","","","","88.55","","","","","","NA"
"-114.88","49.75","SPARWOOD CS","1157631","2020-09-22 16:00","2020","09","22","16:00","18.6","","-0.5","","27","","0.0","","18","","13","","","","88.56","","","","","","NA"
"-114.88","49.75","SPARWOOD CS","1157631","2020-09-22 17:00","2020","09","22","17:00","16.7","","1.3","","35","","0.0","","17","","9","","","","88.60","","","","","","NA"
"-114.88","49.75","SPARWOOD CS","1157631","2020-09-22 18:00","2020","09","22","18:00","15.5","","1.8","","40","","0.0","","18","","7","","","","88.63","","","","","","NA"
"-114.88","49.75","SPARWOOD CS","1157631","2020-09-22 19:00","2020","09","22","19:00","12.5","","2.7","","51","","0.0","","23","","3","","","","88.66","","","","","","NA"
"-114.88","49.75","SPARWOOD CS","1157631","2020-09-22 20:00","2020","09","22","20:00","10.4","","3.0","","60","","0.0","","23","","3","","","","88.70","","","","","","NA"
"-114.88","49.75","SPARWOOD CS","1157631","2020-09-22 21:00","2020","09","22","21:00","9.3","","2.7","","64","","0.0","","13","","3","","","","88.73","","","","","","NA"
"-114.88","49.75","SPARWOOD CS","1157631","2020-09-22 22:00","2020","09","22","22:00","8.1","","3.0","","71","","0.0","","4","","2","","","","88.72","","","","","","NA"
"-114.88","49.75","SPARWOOD CS","1157631","2020-09-22 23:00","2020","09","22","23:00","6.5","","1.9","","72","","0.0","","35","","3","","","","88.75","","","","","","NA"
"-114.88","49.75","SPARWOOD CS","1157631","2020-09-23 00:00","2020","09","23","00:00","4.8","","2.0","","82","","0.0","","35","","6","","","","88.75","","","","","","NA"
"-114.88","49.75","SPARWOOD CS","1157631","2020-09-23 01:00","2020","09","23","01:00","4.0","","1.1","","82","","0.0","","1","","9","","","","88.79","","","","","","NA"
"-114.88","49.75","SPARWOOD CS","1157631","2020-09-23 02:00","2020","09","23","02:00","3.5","","1.0","","84","","0.0","","1","","11","","","","88.78","","","","","","NA"
"-114.88","49.75","SPARWOOD CS","1157631","2020-09-23 03:00","2020","09","23","03:00","3.4","","1.1","","85","","0.0","","3","","6","","","","88.76","","","","","","NA"
"-114.88","49.75","SPARWOOD CS","1157631","2020-09-23 04:00","2020","09","23","04:00","3.2","","1.0","","85","","0.0","","36","","7","","","","88.74","","","","","","NA"
"-114.88","49.75","SPARWOOD CS","1157631","2020-09-23 05:00","2020","09","23","05:00","3.2","","1.0","","86","","0.0","","36","","3","","","","88.74","","","","","","NA"
"-114.88","49.75","SPARWOOD CS","1157631","2020-09-23 06:00","2020","09","23","06:00","2.5","","0.5","","87","","0.0","","36","","5","","","","88.72","","","","","","NA"
"-114.88","49.75","SPARWOOD CS","1157631","2020-09-23 07:00","2020","09","23","07:00","4.1","","1.3","","82","","0.0","","1","","5","","","","88.70","","","","","","NA"
"-114.88","49.75","SPARWOOD CS","1157631","2020-09-23 08:00","2020","09","23","08:00","7.3","","2.2","","70","","0.0","","7","","1","","","","88.66","","","","","","NA"
"-114.88","49.75","SPARWOOD CS","1157631","2020-09-23 09:00","2020","09","23","09:00","12.7","","5.0","","60","","0.0","","23","","5","","","","88.58","","","","","","NA"
"-114.88","49.75","SPARWOOD CS","1157631","2020-09-23 10:00","2020","09","23","10:00","15.8","","5.6","","51","","0.0","","18","","17","","","","88.52","","","","","","NA"
"-114.88","49.75","SPARWOOD CS","1157631","2020-09-23 11:00","2020","09","23","11:00","16.6","","4.6","","45","","0.0","","17","","23","","","","88.42","","","","","","NA"
"-114.88","49.75","SPARWOOD CS","1157631","2020-09-23 12:00","2020","09","23","12:00","17.1","","3.7","","41","","0.0","","17","","21","","","","88.36","","","","","","NA"
"-114.88","49.75","SPARWOOD CS","1157631","2020-09-23 13:00","2020","09","23","13:00","19.4","","3.3","","34","","0.0","","17","","22","","","","88.30","","","","","","NA"
"-114.88","49.75","SPARWOOD CS","1157631","2020-09-23 14:00","2020","09","23","14:00","18.9","","2.3","","33","","0.0","","18","","18","","","","88.24","","","","","","NA"
"-114.88","49.75","SPARWOOD CS","1157631","2020-09-23 15:00","2020","09","23","15:00","19.5","","1.8","","31","","0.0","","18","","14","","","","88.17","","","","","","NA"
"-114.88","49.75","SPARWOOD CS","1157631","2020-09-23 16:00","2020","09","23","16:00","18.4","","1.0","","31","","0.0","","18","","16","","","","88.10","","","","","","NA"
"-114.88","49.75","SPARWOOD CS","1157631","2020-09-23 17:00","2020","09","23","17:00","17.7","","1.0","","32","","0.0","","18","","20","","","","88.06","","","","","","NA"
"-114.88","49.75","SPARWOOD CS","1157631","2020-09-23 18:00","2020","09","23","18:00","16.8","","2.1","","37","","0.0","","18","","14","","","","88.00","","","","","","NA"
"-114.88","49.75","SPARWOOD CS","1157631","2020-09-23 19:00","2020","09","23","19:00","15.2","","2.7","","43","","0.0","","25","","5","","","","87.96","","","","","","NA"
"-114.88","49.75","SPARWOOD CS","1157631","2020-09-23 20:00","2020","09","23","20:00","17.3","","2.1","","36","","0.0","","17","","16","","","","87.84","","","","","","NA"
"-114.88","49.75","SPARWOOD CS","1157631","2020-09-23 21:00","2020","09","23","21:00","17.7","","2.0","","35","","0.0","","18","","16","","","","87.77","","","","","","NA"
"-114.88","49.75","SPARWOOD CS","1157631","2020-09-23 22:00","2020","09","23","22:00","16.6","","4.2","","44","","0.0","","19","","15","","","","87.77","","","","","","NA"
"-114.88","49.75","SPARWOOD CS","1157631","2020-09-23 23:00","2020","09","23","23:00","13.6","","6.8","","64","","0.0","","36","","9","","","","87.65","","","","","","NA"
"-114.88","49.75","SPARWOOD CS","1157631","2020-09-24 00:00","2020","09","24","00:00","11.0","","8.8","","86","","0.3","","25","","3","","","","87.70","","","","","","NA"
"-114.88","49.75","SPARWOOD CS","1157631","2020-09-24 01:00","2020","09","24","01:00","10.6","","9.7","","94","","2.9","","16","","6","","","","87.68","","","","","","NA"
"-114.88","49.75","SPARWOOD CS","1157631","2020-09-24 02:00","2020","09","24","02:00","10.1","","8.5","","90","","4.1","","19","","8","","","","87.57","","","","","","NA"
"-114.88","49.75","SPARWOOD CS","1157631","2020-09-24 03:00","2020","09","24","03:00","10.2","","8.3","","88","","1.0","","16","","20","","","","87.56","","","","","","NA"
"-114.88","49.75","SPARWOOD CS","1157631","2020-09-24 04:00","2020","09","24","04:00","10.2","","8.5","","89","","2.0","","17","","12","","","","87.53","","","","","","NA"
"-114.88","49.75","SPARWOOD CS","1157631","2020-09-24 05:00","2020","09","24","05:00","10.1","","8.2","","88","","1.5","","18","","8","","","","87.57","","","","","","NA"
"-114.88","49.75","SPARWOOD CS","1157631","2020-09-24 06:00","2020","09","24","06:00","9.8","","7.8","","87","","0.8","","14","","8","","","","87.65","","","","","","NA"
"-114.88","49.75","SPARWOOD CS","1157631","2020-09-24 07:00","2020","09","24","07:00","9.0","","6.5","","84","","1.3","","36","","12","","","","87.75","","","","","","NA"
"-114.88","49.75","SPARWOOD CS","1157631","2020-09-24 08:00","2020","09","24","08:00","7.9","","6.8","","93","","1.7","","22","","6","","","","87.89","","","","","","NA"
"-114.88","49.75","SPARWOOD CS","1157631","2020-09-24 09:00","2020","09","24","09:00","9.2","","7.7","","91","","1.1","","22","","4","","","","87.93","","","","","","NA"
"-114.88","49.75","SPARWOOD CS","1157631","2020-09-24 10:00","2020","09","24","10:00","9.0","","7.0","","87","","1.7","","16","","7","","","","87.98","","","","","","NA"
"-114.88","49.75","SPARWOOD CS","1157631","2020-09-24 11:00","2020","09","24","11:00","9.9","","6.7","","80","","0.2","","22","","4","","","","88.03","","","","","","NA"
"-114.88","49.75","SPARWOOD CS","1157631","2020-09-24 12:00","2020","09","24","12:00","9.3","","7.3","","88","","1.5","","16","","13","","","","88.09","","","","","","NA"
"-114.88","49.75","SPARWOOD CS","1157631","2020-09-24 13:00","2020","09","24","13:00","11.3","","7.3","","76","","0.8","","19","","8","","","","88.07","","","","","","NA"
"-114.88","49.75","SPARWOOD CS","1157631","2020-09-24 14:00","2020","09","24","14:00","10.1","","7.5","","84","","0.3","","33","","4","","","","88.10","","","","","","NA"
"-114.88","49.75","SPARWOOD CS","1157631","2020-09-24 15:00","2020","09","24","15:00","10.1","","8.6","","90","","0.4","","1","","8","","","","88.12","","","","","","NA"
"-114.88","49.75","SPARWOOD CS","1157631","2020-09-24 16:00","2020","09","24","16:00","9.5","","7.8","","89","","1.3","","20","","5","","","","88.12","","","","","","NA"
"-114.88","49.75","SPARWOOD CS","1157631","2020-09-24 17:00","2020","09","24","17:00","9.3","","6.9","","86","","0.1","","23","","5","","","","88.13","","","","","","NA"
"-114.88","49.75","SPARWOOD CS","1157631","2020-09-24 18:00","2020","09","24","18:00","8.1","","6.1","","87","","0.6","","30","","4","","","","88.19","","","","","","NA"
"-114.88","49.75","SPARWOOD CS","1157631","2020-09-24 19:00","2020","09","24","19:00","8.2","","6.0","","86","","0.7","","22","","7","","","","88.25","","","","","","NA"
"-114.88","49.75","SPARWOOD CS","1157631","2020-09-24 20:00","2020","09","24","20:00","7.6","","5.4","","86","","0.0","","22","","6","","","","88.27","","","","","","NA"
"-114.88","49.75","SPARWOOD CS","1157631","2020-09-24 21:00","2020","09","24","21:00","7.2","","5.7","","91","","0.6","","28","","7","","","","88.29","","","","","","NA"
"-114.88","49.75","SPARWOOD CS","1157631","2020-09-24 22:00","2020","09","24","22:00","7.2","","5.4","","88","","0.1","","21","","8","","","","88.30","","","","","","NA"
"-114.88","49.75","SPARWOOD CS","1157631","2020-09-24 23:00","2020","09","24","23:00","6.6","","4.5","","86","","0.0","","18","","10","","","","88.29","","","","","","NA"
"-114.88","49.75","SPARWOOD CS","1157631","2020-09-25 00:00","2020","09","25","00:00","6.2","","4.8","","91","","0.0","","18","","7","","","","88.26","","","","","","NA"
"-114.88","49.75","SPARWOOD CS","1157631","2020-09-25 01:00","2020","09","25","01:00","6.4","","5.0","","91","","0.0","","18","","6","","","","88.25","","","","","","NA"
"-114.88","49.75","SPARWOOD CS","1157631","2020-09-25 02:00","2020","09","25","02:00","6.1","","5.0","","92","","0.0","","19","","4","","","","88.20","","","","","","NA"
"-114.88","49.75","SPARWOOD CS","1157631","2020-09-25 03:00","2020","09","25","03:00","6.8","","5.4","","91","","0.0","","20","","6","","","","88.17","","","","","","NA"
"-114.88","49.75","SPARWOOD CS","1157631","2020-09-25 04:00","2020","09","25","04:00","8.1","","5.0","","81","","0.0","","16","","7","","","","88.16","","","","","","NA"
"-114.88","49.75","SPARWOOD CS","1157631","2020-09-25 05:00","2020","09","25","05:00","8.5","","4.6","","76","","0.0","","17","","7","","","","88.12","","","","","","NA"
"-114.88","49.75","SPARWOOD CS","1157631","2020-09-25 06:00","2020","09","25","06:00","8.5","","4.9","","78","","0.0","","17","","6","","","","88.10","","","","","","NA"
"-114.88","49.75","SPARWOOD CS","1157631","2020-09-25 07:00","2020","09","25","07:00","8.8","","4.8","","76","","0.0","","18","","7","","","","88.04","","","","","","NA"
"-114.88","49.75","SPARWOOD CS","1157631","2020-09-25 08:00","2020","09","25","08:00","9.8","","4.4","","69","","0.0","","17","","9","","","","87.99","","","","","","NA"
"-114.88","49.75","SPARWOOD CS","1157631","2020-09-25 09:00","2020","09","25","09:00","10.7","","3.7","","62","","0.0","","18","","15","","","","87.90","","","","","","NA"
"-114.88","49.75","SPARWOOD CS","1157631","2020-09-25 10:00","2020","09","25","10:00","9.3","","5.0","","75","","0.0","","18","","15","","","","87.84","","","","","","NA"
"-114.88","49.75","SPARWOOD CS","1157631","2020-09-25 11:00","2020","09","25","11:00","8.8","","5.6","","81","","0.3","","16","","14","","","","87.77","","","","","","NA"
"-114.88","49.75","SPARWOOD CS","1157631","2020-09-25 12:00","2020","09","25","12:00","9.3","","5.4","","77","","0.1","","16","","16","","","","87.69","","","","","","NA"
"-114.88","49.75","SPARWOOD CS","1157631","2020-09-25 13:00","2020","09","25","13:00","8.2","","5.3","","82","","0.4","","16","","20","","","","87.65","","","","","","NA"
"-114.88","49.75","SPARWOOD CS","1157631","2020-09-25 14:00","2020","09","25","14:00","7.7","","5.2","","84","","0.6","","15","","20","","","","87.65","","","","","","NA"
"-114.88","49.75","SPARWOOD CS","1157631","2020-09-25 15:00","2020","09","25","15:00","7.6","","5.2","","84","","0.4","","15","","22","","","","87.62","","","","","","NA"
"-114.88","49.75","SPARWOOD CS","1157631","2020-09-25 16:00","2020","09","25","16:00","7.9","","4.8","","81","","0.1","","15","","23","","","","87.62","","","","","","NA"
"-114.88","49.75","SPARWOOD CS","1157631","2020-09-25 17:00","2020","09","25","17:00","7.6","","4.7","","82","","0.0","","15","","22","","","","87.59","","","","","","NA"
"-114.88","49.75","SPARWOOD CS","1157631","2020-09-25 18:00","2020","09","25","18:00","7.0","","5.0","","87","","1.3","","15","","16","","","","87.63","","","","","","NA"
"-114.88","49.75","SPARWOOD CS","1157631","2020-09-25 19:00","2020","09","25","19:00","6.8","","5.1","","89","","0.4","","17","","11","","","","87.57","","","","","","NA"
"-114.88","49.75","SPARWOOD CS","1157631","2020-09-25 20:00","2020","09","25","20:00","6.6","","5.2","","91","","0.2","","26","","4","","","","87.51","","","","","","NA"
"-114.88","49.75","SPARWOOD CS","1157631","2020-09-25 21:00","2020","09","25","21:00","6.9","","5.3","","90","","0.1","","22","","6","","","","87.54","","","","","","NA"
"-114.88","49.75","SPARWOOD CS","1157631","2020-09-25 22:00","2020","09","25","22:00","6.6","","4.6","","87","","0.9","","17","","9","","","","87.53","","","","","","NA"
"-114.88","49.75","SPARWOOD CS","1157631","2020-09-25 23:00","2020","09","25","23:00","5.9","","4.4","","90","","0.0","","20","","6","","","","87.58","","","","","","NA"
"-114.88","49.75","SPARWOOD CS","1157631","2020-09-26 00:00","2020","09","26","00:00","6.7","","4.2","","84","","0.0","","20","","9","","","","87.67","","","","","","NA"
"-114.88","49.75","SPARWOOD CS","1157631","2020-09-26 01:00","2020","09","26","01:00","5.8","","2.6","","80","","0.0","","17","","8","","","","87.73","","","","","","NA"
"-114.88","49.75","SPARWOOD CS","1157631","2020-09-26 02:00","2020","09","26","02:00","5.8","","2.9","","82","","0.0","","18","","6","","","","87.82","","","","","","NA"
"-114.88","49.75","SPARWOOD CS","1157631","2020-09-26 03:00","2020","09","26","03:00","6.3","","3.1","","80","","0.0","","20","","7","","","","87.89","","","","","","NA"
"-114.88","49.75","SPARWOOD CS","1157631","2020-09-26 04:00","2020","09","26","04:00","6.6","","2.7","","76","","0.0","","18","","6","","","","87.94","","","","","","NA"
"-114.88","49.75","SPARWOOD CS","1157631","2020-09-26 05:00","2020","09","26","05:00","6.3","","2.4","","76","","0.0","","27","","5","","","","88.03","","","","","","NA"
"-114.88","49.75","SPARWOOD CS","1157631","2020-09-26 06:00","2020","09","26","06:00","6.4","","1.9","","73","","0.0","","19","","9","","","","88.10","","","","","","NA"
"-114.88","49.75","SPARWOOD CS","1157631","2020-09-26 07:00","2020","09","26","07:00","6.4","","1.8","","73","","0.0","","18","","3","","","","88.15","","","","","","NA"
"-114.88","49.75","SPARWOOD CS","1157631","2020-09-26 08:00","2020","09","26","08:00","7.1","","1.5","","68","","0.0","","18","","10","","","","88.22","","","","","","NA"
"-114.88","49.75","SPARWOOD CS","1157631","2020-09-26 09:00","2020","09","26","09:00","8.6","","1.5","","61","","0.0","","17","","19","","","","88.27","","","","","","NA"
"-114.88","49.75","SPARWOOD CS","1157631","2020-09-26 10:00","2020","09","26","10:00","10.3","","1.2","","53","","0.0","","18","","18","","","","88.29","","","","","","NA"
"-114.88","49.75","SPARWOOD CS","1157631","2020-09-26 11:00","2020","09","26","11:00","10.9","","1.3","","52","","0.0","","18","","17","","","","88.28","","","","","","NA"
"-114.88","49.75","SPARWOOD CS","1157631","2020-09-26 12:00","2020","09","26","12:00","11.7","","1.0","","48","","0.0","","19","","15","","","","88.30","","","","","","NA"
"-114.88","49.75","SPARWOOD CS","1157631","2020-09-26 13:00","2020","09","26","13:00","10.5","","0.2","","49","","0.0","","17","","7","","","","88.32","","","","","","NA"
"-114.88","49.75","SPARWOOD CS","1157631","2020-09-26 14:00","2020","09","26","14:00","8.9","","3.3","","68","","0.2","","2","","8","","","","88.38","","","","","","NA"
"-114.88","49.75","SPARWOOD CS","1157631","2020-09-26 15:00","2020","09","26","15:00","8.7","","2.0","","63","","0.0","","24","","5","","","","88.37","","","","","","NA"
"-114.88","49.75","SPARWOOD CS","1157631","2020-09-26 16:00","2020","09","26","16:00","8.7","","1.2","","59","","0.0","","2","","7","","","","88.45","","","","","","NA"
"-114.88","49.75","SPARWOOD CS","1157631","2020-09-26 17:00","2020","09","26","17:00","7.3","","1.8","","68","","0.0","","22","","5","","","","88.52","","","","","","NA"
"-114.88","49.75","SPARWOOD CS","1157631","2020-09-26 18:00","2020","09","26","18:00","5.7","","2.0","","77","","0.0","","21","","5","","","","88.58","","","","","","NA"
"-114.88","49.75","SPARWOOD CS","1157631","2020-09-26 19:00","2020","09","26","19:00","5.0","","1.7","","79","","0.0","","20","","3","","","","88.67","","","","","","NA"
"-114.88","49.75","SPARWOOD CS","1157631","2020-09-26 20:00","2020","09","26","20:00","6.2","","1.6","","72","","0.0","","23","","2","","","","88.75","","","","","","NA"
"-114.88","49.75","SPARWOOD CS","1157631","2020-09-26 21:00","2020","09","26","21:00","5.8","","1.1","","72","","0.0","","28","","6","","","","88.82","","","","","","NA"
"-114.88","49.75","SPARWOOD CS","1157631","2020-09-26 22:00","2020","09","26","22:00","5.4","","1.1","","73","","0.0","","19","","7","","","","88.88","","","","","","NA"
"-114.88","49.75","SPARWOOD CS","1157631","2020-09-26 23:00","2020","09","26","23:00","4.9","","0.7","","74","","0.0","","17","","6","","","","88.96","","","","","","NA"
"-114.88","49.75","SPARWOOD CS","1157631","2020-09-27 00:00","2020","09","27","00:00","0.9","","-0.3","","91","","0.0","","1","","9","","","","89.08","","","","","","NA"
"-114.88","49.75","SPARWOOD CS","1157631","2020-09-27 01:00","2020","09","27","01:00","-0.2","","-0.9","","94","","0.0","","1","","4","","","","89.18","","","","-1","","NA"
"-114.88","49.75","SPARWOOD CS","1157631","2020-09-27 02:00","2020","09","27","02:00","-0.8","","-1.3","","96","","0.0","","3","","4","","","","89.23","","","","-2","","NA"
"-114.88","49.75","SPARWOOD CS","1157631","2020-09-27 03:00","2020","09","27","03:00","-1.7","","-2.2","","97","","0.0","","34","","7","","","","89.33","","","","-4","","NA"
"-114.88","49.75","SPARWOOD CS","1157631","2020-09-27 04:00","2020","09","27","04:00","-1.9","","-2.4","","97","","0.0","","36","","7","","","","89.41","","","","-5","","NA"
"-114.88","49.75","SPARWOOD CS","1157631","2020-09-27 05:00","2020","09","27","05:00","-2.2","","-2.7","","97","","0.0","","36","","2","","","","89.48","","","","-3","","NA"
"-114.88","49.75","SPARWOOD CS","1157631","2020-09-27 06:00","2020","09","27","06:00","-2.5","","-2.9","","97","","0.0","","34","","3","","","","89.54","","","","-4","","NA"
"-114.88","49.75","SPARWOOD CS","1157631","2020-09-27 07:00","2020","09","27","07:00","-1.5","","-2.5","","93","","0.0","","2","","7","","","","89.65","","","","-4","","NA"
"-114.88","49.75","SPARWOOD CS","1157631","2020-09-27 08:00","2020","09","27","08:00","1.1","","-0.7","","88","","0.0","","1","","5","","","","89.68","","","","","","NA"
"-114.88","49.75","SPARWOOD CS","1157631","2020-09-27 09:00","2020","09","27","09:00","5.1","","0.2","","70","","0.0","","13","","3","","","","89.70","","","","","","NA"
"-114.88","49.75","SPARWOOD CS","1157631","2020-09-27 10:00","2020","09","27","10:00","9.4","","1.3","","57","","0.0","","18","","12","","","","89.66","","","","","","NA"
"-114.88","49.75","SPARWOOD CS","1157631","2020-09-27 11:00","2020","09","27","11:00","11.6","","0.4","","46","","0.0","","19","","11","","","","89.66","","","","","","NA"
"-114.88","49.75","SPARWOOD CS","1157631","2020-09-27 12:00","2020","09","27","12:00","13.7","","-0.6","","37","","0.0","","17","","13","","","","89.64","","","","","","NA"
"-114.88","49.75","SPARWOOD CS","1157631","2020-09-27 13:00","2020","09","27","13:00","14.0","","-1.9","","33","","0.0","","16","","17","","","","89.61","","","","","","NA"
"-114.88","49.75","SPARWOOD CS","1157631","2020-09-27 14:00","2020","09","27","14:00","14.5","","-1.6","","33","","0.0","","15","","13","","","","89.61","","","","","","NA"
"-114.88","49.75","SPARWOOD CS","1157631","2020-09-27 15:00","2020","09","27","15:00","14.0","","-2.5","","32","","0.0","","18","","17","","","","89.60","","","","","","NA"
"-114.88","49.75","SPARWOOD CS","1157631","2020-09-27 16:00","2020","09","27","16:00","12.7","","-2.2","","35","","0.0","","20","","7","","","","89.66","","","","","","NA"
"-114.88","49.75","SPARWOOD CS","1157631","2020-09-27 17:00","2020","09","27","17:00","11.1","","-0.8","","44","","0.0","","19","","8","","","","89.70","","","","","","NA"
"-114.88","49.75","SPARWOOD CS","1157631","2020-09-27 18:00","2020","09","27","18:00","10.4","","0.9","","52","","0.0","","18","","13","","","","89.72","","","","","","NA"
"-114.88","49.75","SPARWOOD CS","1157631","2020-09-27 19:00","2020","09","27","19:00","9.0","","1.6","","60","","0.0","","18","","5","","","","89.79","","","","","","NA"
"-114.88","49.75","SPARWOOD CS","1157631","2020-09-27 20:00","2020","09","27","20:00","6.3","","1.9","","74","","0.0","","15","","2","","","","89.84","","","","","","NA"
"-114.88","49.75","SPARWOOD CS","1157631","2020-09-27 21:00","2020","09","27","21:00","4.0","","0.4","","77","","0.0","","1","","7","","","","89.89","","","","","","NA"
"-114.88","49.75","SPARWOOD CS","1157631","2020-09-27 22:00","2020","09","27","22:00","2.6","","0.0","","83","","0.0","","35","","4","","","","89.93","","","","","","NA"
"-114.88","49.75","SPARWOOD CS","1157631","2020-09-27 23:00","2020","09","27","23:00","1.5","","-0.4","","88","","0.0","","29","","3","","","","89.94","","","","","","NA"
"-114.88","49.75","SPARWOOD CS","1157631","2020-09-28 00:00","2020","09","28","00:00","1.2","","-0.5","","89","","0.0","","36","","8","","","","89.98","","","","","","NA"
"-114.88","49.75","SPARWOOD CS","1157631","2020-09-28 01:00","2020","09","28","01:00","0.9","","-0.7","","89","","0.0","","1","","7","","","","90.01","","","","","","NA"
"-114.88","49.75","SPARWOOD CS","1157631","2020-09-28 02:00","2020","09","28","02:00","0.1","","-1.1","","92","","0.0","","36","","6","","","","90.00","","","","","","NA"
"-114.88","49.75","SPARWOOD CS","1157631","2020-09-28 03:00","2020","09","28","03:00","-0.5","","-1.2","","95","","0.0","","36","","8","","","","90.01","","","","-3","","NA"
"-114.88","49.75","SPARWOOD CS","1157631","2020-09-28 04:00","2020","09","28","04:00","-0.5","","-1.2","","95","","0.0","","1","","7","","","","89.98","","","","-3","","NA"
"-114.88","49.75","SPARWOOD CS","1157631","2020-09-28 05:00","2020","09","28","05:00","-1.0","","-1.7","","95","","0.0","","36","","5","","","","89.96","","","","-3","","NA"
"-114.88","49.75","SPARWOOD CS","1157631","2020-09-28 06:00","2020","09","28","06:00","-1.1","","-1.8","","96","","0.0","","33","","2","","","","89.98","","","","-2","","NA"
"-114.88","49.75","SPARWOOD CS","1157631","2020-09-28 07:00","2020","09","28","07:00","0.8","","-0.2","","92","","0.0","","4","","3","","","","89.97","","","","","","NA"
"-114.88","49.75","SPARWOOD CS","1157631","2020-09-28 08:00","2020","09","28","08:00","2.0","","0.2","","88","","0.0","","36","","6","","","","89.95","","","","","","NA"
"-114.88","49.75","SPARWOOD CS","1157631","2020-09-28 09:00","2020","09","28","09:00","3.4","","0.5","","81","","0.0","","1","","9","","","","89.91","","","","","","NA"
"-114.88","49.75","SPARWOOD CS","1157631","2020-09-28 10:00","2020","09","28","10:00","5.0","","1.3","","77","","0.0","","36","","8","","","","89.85","","","","","","NA"
"-114.88","49.75","SPARWOOD CS","1157631","2020-09-28 11:00","2020","09","28","11:00","6.7","","2.3","","73","","0.0","","1","","10","","","","89.83","","","","","","NA"
"-114.88","49.75","SPARWOOD CS","1157631","2020-09-28 12:00","2020","09","28","12:00","7.5","","2.5","","71","","0.0","","36","","10","","","","89.78","","","","","","NA"
"-114.88","49.75","SPARWOOD CS","1157631","2020-09-28 13:00","2020","09","28","13:00","9.4","","3.1","","65","","0.0","","1","","11","","","","89.70","","","","","","NA"
"-114.88","49.75","SPARWOOD CS","1157631","2020-09-28 14:00","2020","09","28","14:00","11.1","","3.5","","59","","0.0","","36","","8","","","","89.61","","","","","","NA"
"-114.88","49.75","SPARWOOD CS","1157631","2020-09-28 15:00","2020","09","28","15:00","13.6","","3.9","","52","","0.0","","36","","11","","","","89.58","","","","","","NA"
"-114.88","49.75","SPARWOOD CS","1157631","2020-09-28 16:00","2020","09","28","16:00","13.0","","3.9","","54","","0.0","","32","","7","","","","89.51","","","","","","NA"
"-114.88","49.75","SPARWOOD CS","1157631","2020-09-28 17:00","2020","09","28","17:00","11.3","","5.4","","67","","0.0","","0","","1","","","","89.47","","","","","","NA"
"-114.88","49.75","SPARWOOD CS","1157631","2020-09-28 18:00","2020","09","28","18:00","8.8","","5.6","","80","","0.0","","0","","1","","","","89.45","","","","","","NA"
"-114.88","49.75","SPARWOOD CS","1157631","2020-09-28 19:00","2020","09","28","19:00","10.9","","6.6","","75","","0.0","","21","","3","","","","89.44","","","","","","NA"
"-114.88","49.75","SPARWOOD CS","1157631","2020-09-28 20:00","2020","09","28","20:00","11.2","","5.1","","66","","0.0","","3","","8","","","","89.44","","","","","","NA"
"-114.88","49.75","SPARWOOD CS","1157631","2020-09-28 21:00","2020","09","28","21:00","8.4","","4.7","","77","","0.0","","1","","13","","","","89.47","","","","","","NA"
"-114.88","49.75","SPARWOOD CS","1157631","2020-09-28 22:00","2020","09","28","22:00","7.5","","4.7","","83","","0.0","","35","","9","","","","89.43","","","","","","NA"
"-114.88","49.75","SPARWOOD CS","1157631","2020-09-28 23:00","2020","09","28","23:00","6.6","","4.4","","86","","0.0","","2","","7","","","","89.40","","","","","","NA"
"-114.88","49.75","SPARWOOD CS","1157631","2020-09-29 00:00","2020","09","29","00:00","5.7","","3.9","","89","","0.0","","1","","14","","","","89.39","","","","","","NA"
"-114.88","49.75","SPARWOOD CS","1157631","2020-09-29 01:00","2020","09","29","01:00","5.1","","3.6","","90","","0.0","","1","","9","","","","89.37","","","","","","NA"
"-114.88","49.75","SPARWOOD CS","1157631","2020-09-29 02:00","2020","09","29","02:00","4.6","","3.4","","92","","0.0","","1","","13","","","","89.36","","","","","","NA"
"-114.88","49.75","SPARWOOD CS","1157631","2020-09-29 03:00","2020","09","29","03:00","4.0","","3.1","","94","","0.0","","34","","6","","","","89.34","","","","","","NA"
"-114.88","49.75","SPARWOOD CS","1157631","2020-09-29 04:00","2020","09","29","04:00","2.9","","2.3","","95","","0.0","","36","","9","","","","89.31","","","","","","NA"
"-114.88","49.75","SPARWOOD CS","1157631","2020-09-29 05:00","2020","09","29","05:00","2.9","","2.2","","95","","0.0","","1","","11","","","","89.29","","","","","","NA"
"-114.88","49.75","SPARWOOD CS","1157631","2020-09-29 06:00","2020","09","29","06:00","3.2","","2.4","","95","","0.0","","1","","12","","","","89.31","","","","","","NA"
"-114.88","49.75","SPARWOOD CS","1157631","2020-09-29 07:00","2020","09","29","07:00","4.4","","2.7","","89","","0.0","","36","","5","","","","89.29","","","","","","NA"
"-114.88","49.75","SPARWOOD CS","1157631","2020-09-29 08:00","2020","09","29","08:00","7.7","","4.5","","80","","0.0","","1","","12","","","","89.28","","","","","","NA"
"-114.88","49.75","SPARWOOD CS","1157631","2020-09-29 09:00","2020","09","29","09:00","15.2","","5.4","","52","","0.0","","20","","6","","","","89.24","","","","","","NA"
"-114.88","49.75","SPARWOOD CS","1157631","2020-09-29 10:00","2020","09","29","10:00","17.7","","4.5","","42","","0.0","","19","","17","","","","89.18","","","","","","NA"
"-114.88","49.75","SPARWOOD CS","1157631","2020-09-29 11:00","2020","09","29","11:00","19.6","","4.8","","38","","0.0","","19","","9","","","","89.12","","","","","","NA"
"-114.88","49.75","SPARWOOD CS","1157631","2020-09-29 12:00","2020","09","29","12:00","20.8","","4.3","","34","","0.0","","19","","14","","","","89.07","","","","","","NA"
"-114.88","49.75","SPARWOOD CS","1157631","2020-09-29 13:00","2020","09","29","13:00","22.2","","4.0","","30","","0.0","","18","","15","","","","89.02","","","","","","NA"
"-114.88","49.75","SPARWOOD CS","1157631","2020-09-29 14:00","2020","09","29","14:00","23.3","","3.5","","27","","0.0","","18","","13","","","","89.00","","","","","","NA"
"-114.88","49.75","SPARWOOD CS","1157631","2020-09-29 15:00","2020","09","29","15:00","23.1","","2.8","","26","","0.0","","18","","18","","","","88.98","","","","","","NA"
"-114.88","49.75","SPARWOOD CS","1157631","2020-09-29 16:00","2020","09","29","16:00","20.8","","3.1","","31","","0.0","","20","","10","","","","89.01","","","","","","NA"
"-114.88","49.75","SPARWOOD CS","1157631","2020-09-29 17:00","2020","09","29","17:00","19.4","","4.0","","36","","0.0","","20","","6","","","","89.04","","","","","","NA"
"-114.88","49.75","SPARWOOD CS","1157631","2020-09-29 18:00","2020","09","29","18:00","15.2","","4.7","","50","","0.0","","36","","1","","","","89.09","","","","","","NA"
"-114.88","49.75","SPARWOOD CS","1157631","2020-09-29 19:00","2020","09","29","19:00","12.7","","6.2","","65","","0.0","","36","","7","","","","89.18","","","","","","NA"
"-114.88","49.75","SPARWOOD CS","1157631","2020-09-29 20:00","2020","09","29","20:00","12.4","","5.8","","64","","0.0","","34","","5","","","","89.23","","","","","","NA"
"-114.88","49.75","SPARWOOD CS","1157631","2020-09-29 21:00","2020","09","29","21:00","14.8","","5.1","","52","","0.0","","10","","17","","","","89.31","","","","","","NA"
"-114.88","49.75","SPARWOOD CS","1157631","2020-09-29 22:00","2020","09","29","22:00","13.9","","4.6","","53","","0.0","","11","","23","","","","89.40","","","","","","NA"
"-114.88","49.75","SPARWOOD CS","1157631","2020-09-29 23:00","2020","09","29","23:00","13.0","","4.5","","56","","0.0","","13","","23","","","","89.51","","","","","","NA"
"-114.88","49.75","SPARWOOD CS","1157631","2020-09-30 00:00","2020","09","30","00:00","12.3","","4.7","","59","","0.0","","12","","18","","","","89.61","","","","","","NA"
"-114.88","49.75","SPARWOOD CS","1157631","2020-09-30 01:00","2020","09","30","01:00","11.2","","4.5","","63","","0.0","","16","","5","","","","89.67","","","","","","NA"
"-114.88","49.75","SPARWOOD CS","1157631","2020-09-30 02:00","2020","09","30","02:00","7.6","","4.2","","79","","0.0","","35","","9","","","","89.69","","","","","","NA"
"-114.88","49.75","SPARWOOD CS","1157631","2020-09-30 03:00","2020","09","30","03:00","6.6","","4.0","","84","","0.0","","35","","11","","","","89.73","","","","","","NA"
"-114.88","49.75","SPARWOOD CS","1157631","2020-09-30 04:00","2020","09","30","04:00","6.2","","3.6","","83","","0.0","","1","","12","","","","89.78","","","","","","NA"
"-114.88","49.75","SPARWOOD CS","1157631","2020-09-30 05:00","2020","09","30","05:00","6.4","","3.3","","81","","0.0","","1","","12","","","","89.81","","","","","","NA"
"-114.88","49.75","SPARWOOD CS","1157631","2020-09-30 06:00","2020","09","30","06:00","6.3","","3.4","","82","","0.0","","1","","11","","","","89.83","","","","","","NA"
"-114.88","49.75","SPARWOOD CS","1157631","2020-09-30 07:00","2020","09","30","07:00","6.9","","3.8","","81","","0.0","","1","","12","","","","89.88","","","","","","NA"
"-114.88","49.75","SPARWOOD CS","1157631","2020-09-30 08:00","2020","09","30","08:00","8.3","","4.5","","77","","0.0","","36","","10","","","","89.93","","","","","","NA"
"-114.88","49.75","SPARWOOD CS","1157631","2020-09-30 09:00","2020","09","30","09:00","12.3","","3.8","","56","","0.0","","27","","3","","","","89.96","","","","","","NA"
"-114.88","49.75","SPARWOOD CS","1157631","2020-09-30 10:00","2020","09","30","10:00","14.8","","2.3","","43","","0.0","","21","","4","","","","89.93","","","","","","NA"
"-114.88","49.75","SPARWOOD CS","1157631","2020-09-30 11:00","2020","09","30","11:00","16.0","","0.0","","34","","0.0","","12","","3","","","","89.87","","","","","","NA"
"-114.88","49.75","SPARWOOD CS","1157631","2020-09-30 12:00","2020","09","30","12:00","18.0","","1.9","","34","","0.0","","14","","9","","","","89.81","","","","","","NA"
"-114.88","49.75","SPARWOOD CS","1157631","2020-09-30 13:00","2020","09","30","13:00","18.4","","1.4","","32","","0.0","","15","","9","","","","89.73","","","","","","NA"
"-114.88","49.75","SPARWOOD CS","1157631","2020-09-30 14:00","2020","09","30","14:00","19.8","","2.4","","31","","0.0","","16","","8","","","","89.68","","","","","","NA"
"-114.88","49.75","SPARWOOD CS","1157631","2020-09-30 15:00","2020","09","30","15:00","19.5","","3.1","","34","","0.0","","19","","6","","","","89.64","","","","","","NA"
"-114.88","49.75","SPARWOOD CS","1157631","2020-09-30 16:00","2020","09","30","16:00","17.8","","4.4","","41","","0.0","","15","","9","","","","89.60","","","","","","NA"
"-114.88","49.75","SPARWOOD CS","1157631","2020-09-30 17:00","2020","09","30","17:00","16.7","","2.9","","40","","0.0","","13","","13","","","","89.60","","","","","","NA"
"-114.88","49.75","SPARWOOD CS","1157631","2020-09-30 18:00","2020","09","30","18:00","14.9","","1.8","","41","","0.0","","13","","18","","","","89.62","","","","","","NA"
"-114.88","49.75","SPARWOOD CS","1157631","2020-09-30 19:00","2020","09","30","19:00","13.5","","1.3","","43","","0.0","","12","","21","","","","89.65","","","","","","NA"
"-114.88","49.75","SPARWOOD CS","1157631","2020-09-30 20:00","2020","09","30","20:00","12.6","","0.8","","44","","0.0","","12","","22","","","","89.71","","","","","","NA"
"-114.88","49.75","SPARWOOD CS","1157631","2020-09-30 21:00","2020","09","30","21:00","11.6","","1.0","","48","","0.0","","10","","15","","","","89.73","","","","","","NA"
"-114.88","49.75","SPARWOOD CS","1157631","2020-09-30 22:00","2020","09","30","22:00","11.1","","0.7","","48","","0.0","","9","","21","","","","89.78","","","","","","NA"
"-114.88","49.75","SPARWOOD CS","1157631","2020-09-30 23:00","2020","09","30","23:00","5.9","","3.3","","84","","0.0","","1","","14","","","","89.82","","","","","","NA"
