"Longitude (x)","Latitude (y)","Station Name","Climate ID","Date/Time (LST)","Year","Month","Day","Time (LST)","Temp (°C)","Temp Flag","Dew Point Temp (°C)","Dew Point Temp Flag","Rel Hum (%)","Rel Hum Flag","Precip. Amount (mm)","Precip. Amount Flag","Wind Dir (10s deg)","Wind Dir Flag","Wind Spd (km/h)","Wind Spd Flag","Visibility (km)","Visibility Flag","Stn Press (kPa)","Stn Press Flag","Hmdx","Hmdx Flag","Wind Chill","Wind Chill Flag","Weather"
"-85.44","54.99","PEAWANUCK A","6016298","2022-04-01 00:00","2022","04","01","00:00","-17.4","","-19.1","","87","","0.0","","32","","9","","16.1","","100.15","","","","-24","","NA"
"-85.44","54.99","PEAWANUCK A","6016298","2022-04-01 01:00","2022","04","01","01:00","-17.6","","-19.3","","87","","0.0","","32","","8","","16.1","","100.14","","","","-23","","NA"
"-85.44","54.99","PEAWANUCK A","6016298","2022-04-01 02:00","2022","04","01","02:00","-17.7","","-19.5","","86","","0.0","","32","","11","","16.1","","100.13","","","","-25","","NA"
"-85.44","54.99","PEAWANUCK A","6016298","2022-04-01 03:00","2022","04","01","03:00","-18.6","","-20.5","","85","","0.0","","32","","5","","16.1","","100.14","","","","-23","","NA"
"-85.44","54.99","PEAWANUCK A","6016298","2022-04-01 04:00","2022","04","01","04:00","-19.8","","-21.7","","85","","0.0","","29","","8","","16.1","","100.15","","","","-26","","NA"
"-85.44","54.99","PEAWANUCK A","6016298","2022-04-01 05:00","2022","04","01","05:00","-18.9","","-21.0","","84","","0.0","","30","","9","","16.1","","100.17","","","","-25","","NA"
"-85.44","54.99","PEAWANUCK A","6016298","2022-04-01 06:00","2022","04","01","06:00","-19.2","","-21.5","","82","","0.0","","30","","9","","16.1","","100.21","","","","-26","","NA"
"-85.44","54.99","PEAWANUCK A","6016298","2022-04-01 07:00","2022","04","01","07:00","-17.7","","-20.2","","81","","0.0","","30","","5","","16.1","","100.24","","","","-22","","NA"
"-85.44","54.99","PEAWANUCK A","6016298","2022-04-01 08:00","2022","04","01","08:00","-14.0","","-17.5","","75","","0.0","","31","","11","","16.1","","100.26","","","","-20","","NA"
"-85.44","54.99","PEAWANUCK A","6016298","2022-04-01 09:00","2022","04","01","09:00","-12.4","","-19.5","","56","","0.0","","32","","11","","16.1","","100.29","","","","-18","","NA"
"-85.44","54.99","PEAWANUCK A","6016298","2022-04-01 10:00","2022","04","01","10:00","-10.8","","-19.7","","48","","0.0","","33","","15","","16.1","","100.29","","","","-18","","NA"
"-85.44","54.99","PEAWANUCK A","6016298","2022-04-01 11:00","2022","04","01","11:00","-9.2","","-19.2","","45","","0.0","","31","","11","","16.1","","100.28","","","","-15","","NA"
"-85.44","54.99","PEAWANUCK A","6016298","2022-04-01 12:00","2022","04","01","12:00","-8.0","","-18.4","","44","","0.0","","32","","15","","16.1","","100.27","","","","-14","","NA"
"-85.44","54.99","PEAWANUCK A","6016298","2022-04-01 13:00","2022","04","01","13:00","-7.1","","-18.6","","40","","0.0","","34","","13","","16.1","","100.28","","","","-13","","NA"
"-85.44","54.99","PEAWANUCK A","6016298","2022-04-01 14:00","2022","04","01","14:00","-6.2","","-18.3","","38","","0.0","","32","","15","","16.1","","100.29","","","","-12","","NA"
"-85.44","54.99","PEAWANUCK A","6016298","2022-04-01 15:00","2022","04","01","15:00","-5.7","","-18.6","","36","","0.0","","32","","17","","16.1","","100.30","","","","-12","","NA"
"-85.44","54.99","PEAWANUCK A","6016298","2022-04-01 16:00","2022","04","01","16:00","-5.1","","-19.1","","33","","0.0","","33","","17","","16.1","","100.32","","","","-11","","NA"
"-85.44","54.99","PEAWANUCK A","6016298","2022-04-01 17:00","2022","04","01","17:00","-5.1","","-19.2","","33","","0.0","","36","","13","","16.1","","100.36","","","","-10","","NA"
"-85.44","54.99","PEAWANUCK A","6016298","2022-04-01 18:00","2022","04","01","18:00","-6.1","","-19.3","","35","","0.0","","34","","9","","16.1","","100.39","","","","-10","","NA"
"-85.44","54.99","PEAWANUCK A","6016298","2022-04-01 19:00","2022","04","01","19:00","-7.8","","-18.1","","44","","0.0","","","","0","","16.1","","100.43","","","","","","NA"
"-85.44","54.99","PEAWANUCK A","6016298","2022-04-01 20:00","2022","04","01","20:00","-11.0","","-19.5","","50","","0.0","","1","","8","","16.1","","100.48","","","","-16","","NA"
"-85.44","54.99","PEAWANUCK A","6016298","2022-04-01 21:00","2022","04","01","21:00","-13.0","","-19.0","","61","","0.0","","34","","8","","16.1","","100.52","","","","-18","","NA"
"-85.44","54.99","PEAWANUCK A","6016298","2022-04-01 22:00","2022","04","01","22:00","-15.7","","-21.3","","63","","0.0","","29","","4","","16.1","","100.54","","","","-19","","NA"
"-85.44","54.99","PEAWANUCK A","6016298","2022-04-01 23:00","2022","04","01","23:00","-13.9","","-19.1","","65","","0.0","","36","","8","","16.1","","100.53","","","","-19","","NA"
"-85.44","54.99","PEAWANUCK A","6016298","2022-04-02 00:00","2022","04","02","00:00","-15.3","","-19.3","","72","","0.0","","32","","4","","16.1","","100.51","","","","-18","","NA"
"-85.44","54.99","PEAWANUCK A","6016298","2022-04-02 01:00","2022","04","02","01:00","-16.0","","-19.5","","75","","0.0","","31","","4","","16.1","","100.50","","","","-19","","NA"
"-85.44","54.99","PEAWANUCK A","6016298","2022-04-02 02:00","2022","04","02","02:00","-15.2","","-18.7","","75","","0.0","","33","","4","","16.1","","100.47","","","","-18","","NA"
"-85.44","54.99","PEAWANUCK A","6016298","2022-04-02 03:00","2022","04","02","03:00","-14.8","","-17.4","","81","","0.0","","2","","8","","16.1","","100.44","","","","-20","","NA"
"-85.44","54.99","PEAWANUCK A","6016298","2022-04-02 04:00","2022","04","02","04:00","-16.9","","-19.0","","84","","0.0","","","","0","","16.1","","100.49","","","","","","NA"
"-85.44","54.99","PEAWANUCK A","6016298","2022-04-02 05:00","2022","04","02","05:00","-18.7","","-20.8","","84","","0.0","","","","0","","16.1","","100.50","","","","","","NA"
"-85.44","54.99","PEAWANUCK A","6016298","2022-04-02 06:00","2022","04","02","06:00","-18.6","","-21.1","","81","","0.0","","31","","4","","16.1","","100.55","","","","-22","","NA"
"-85.44","54.99","PEAWANUCK A","6016298","2022-04-02 07:00","2022","04","02","07:00","-18.3","","-21.0","","80","","0.0","","3","","4","","16.1","","100.58","","","","-22","","NA"
"-85.44","54.99","PEAWANUCK A","6016298","2022-04-02 08:00","2022","04","02","08:00","-12.9","","-15.1","","84","","0.0","","","M","4","","16.1","","100.61","","","","-16","","NA"
"-85.44","54.99","PEAWANUCK A","6016298","2022-04-02 09:00","2022","04","02","09:00","-9.7","","-14.4","","69","","0.0","","","M","4","","16.1","","100.62","","","","-12","","NA"
"-85.44","54.99","PEAWANUCK A","6016298","2022-04-02 10:00","2022","04","02","10:00","-7.7","","-14.6","","58","","0.0","","4","","5","","16.1","","100.63","","","","-10","","NA"
"-85.44","54.99","PEAWANUCK A","6016298","2022-04-02 11:00","2022","04","02","11:00","-6.1","","-13.5","","56","","0.0","","3","","8","","16.1","","100.65","","","","-10","","NA"
"-85.44","54.99","PEAWANUCK A","6016298","2022-04-02 12:00","2022","04","02","12:00","-4.4","","-13.1","","51","","0.0","","7","","9","","16.1","","100.65","","","","-8","","NA"
"-85.44","54.99","PEAWANUCK A","6016298","2022-04-02 13:00","2022","04","02","13:00","-3.5","","-12.7","","49","","0.0","","5","","11","","16.1","","100.66","","","","-8","","NA"
"-85.44","54.99","PEAWANUCK A","6016298","2022-04-02 14:00","2022","04","02","14:00","-2.9","","-12.2","","49","","0.0","","7","","9","","16.1","","100.67","","","","-6","","NA"
"-85.44","54.99","PEAWANUCK A","6016298","2022-04-02 15:00","2022","04","02","15:00","-3.1","","-12.2","","50","","0.0","","6","","13","","16.1","","100.69","","","","-8","","NA"
"-85.44","54.99","PEAWANUCK A","6016298","2022-04-02 16:00","2022","04","02","16:00","-3.2","","-12.5","","49","","0.0","","2","","13","","16.1","","100.73","","","","-8","","NA"
"-85.44","54.99","PEAWANUCK A","6016298","2022-04-02 17:00","2022","04","02","17:00","-4.2","","-12.2","","54","","0.0","","34","","13","","16.1","","100.82","","","","-9","","NA"
"-85.44","54.99","PEAWANUCK A","6016298","2022-04-02 18:00","2022","04","02","18:00","-4.8","","-12.3","","56","","0.0","","1","","13","","16.1","","100.87","","","","-10","","NA"
"-85.44","54.99","PEAWANUCK A","6016298","2022-04-02 19:00","2022","04","02","19:00","-6.5","","-13.7","","57","","0.0","","36","","8","","16.1","","100.96","","","","-10","","NA"
"-85.44","54.99","PEAWANUCK A","6016298","2022-04-02 20:00","2022","04","02","20:00","-8.9","","-14.9","","62","","0.0","","1","","5","","16.1","","101.05","","","","-12","","NA"
"-85.44","54.99","PEAWANUCK A","6016298","2022-04-02 21:00","2022","04","02","21:00","-10.3","","-16.8","","59","","0.0","","1","","8","","16.1","","101.10","","","","-15","","NA"
"-85.44","54.99","PEAWANUCK A","6016298","2022-04-02 22:00","2022","04","02","22:00","-12.2","","-17.1","","67","","0.0","","31","","4","","16.1","","101.13","","","","-15","","NA"
"-85.44","54.99","PEAWANUCK A","6016298","2022-04-02 23:00","2022","04","02","23:00","-15.1","","-18.5","","76","","0.0","","29","","8","","16.1","","101.17","","","","-20","","NA"
"-85.44","54.99","PEAWANUCK A","6016298","2022-04-03 00:00","2022","04","03","00:00","-12.7","","-17.1","","70","","0.0","","31","","9","","16.1","","101.19","","","","-18","","NA"
"-85.44","54.99","PEAWANUCK A","6016298","2022-04-03 01:00","2022","04","03","01:00","-12.3","","-16.2","","73","","0.0","","33","","11","","16.1","","101.22","","","","-18","","NA"
"-85.44","54.99","PEAWANUCK A","6016298","2022-04-03 02:00","2022","04","03","02:00","-12.8","","-15.9","","78","","0.0","","34","","8","","16.1","","101.27","","","","-18","","NA"
"-85.44","54.99","PEAWANUCK A","6016298","2022-04-03 03:00","2022","04","03","03:00","-13.8","","-16.4","","81","","0.0","","32","","11","","16.1","","101.33","","","","-20","","NA"
"-85.44","54.99","PEAWANUCK A","6016298","2022-04-03 04:00","2022","04","03","04:00","-14.8","","-17.1","","83","","0.0","","32","","8","","16.1","","101.38","","","","-20","","NA"
"-85.44","54.99","PEAWANUCK A","6016298","2022-04-03 05:00","2022","04","03","05:00","-16.7","","-18.2","","88","","0.0","","29","","5","","16.1","","101.40","","","","-21","","NA"
"-85.44","54.99","PEAWANUCK A","6016298","2022-04-03 06:00","2022","04","03","06:00","-18.5","","-20.2","","87","","0.0","","29","","5","","16.1","","101.45","","","","-23","","NA"
"-85.44","54.99","PEAWANUCK A","6016298","2022-04-03 07:00","2022","04","03","07:00","-16.9","","-18.7","","86","","0.0","","31","","9","","16.1","","101.51","","","","-23","","NA"
"-85.44","54.99","PEAWANUCK A","6016298","2022-04-03 08:00","2022","04","03","08:00","-14.2","","-16.2","","85","","0.0","","31","","8","","16.1","","101.56","","","","-19","","NA"
"-85.44","54.99","PEAWANUCK A","6016298","2022-04-03 09:00","2022","04","03","09:00","-12.2","","-15.3","","78","","0.0","","33","","8","","16.1","","101.59","","","","-17","","NA"
"-85.44","54.99","PEAWANUCK A","6016298","2022-04-03 10:00","2022","04","03","10:00","-10.3","","-17.5","","56","","0.0","","","M","9","","16.1","","101.62","","","","-15","","NA"
"-85.44","54.99","PEAWANUCK A","6016298","2022-04-03 11:00","2022","04","03","11:00","-9.2","","-17.0","","53","","0.0","","31","","9","","16.1","","101.63","","","","-14","","NA"
"-85.44","54.99","PEAWANUCK A","6016298","2022-04-03 12:00","2022","04","03","12:00","-7.8","","-16.3","","51","","0.0","","30","","9","","16.1","","101.64","","","","-12","","NA"
"-85.44","54.99","PEAWANUCK A","6016298","2022-04-03 13:00","2022","04","03","13:00","-6.9","","-14.7","","54","","0.0","","34","","8","","16.1","","101.63","","","","-11","","NA"
"-85.44","54.99","PEAWANUCK A","6016298","2022-04-03 14:00","2022","04","03","14:00","-6.0","","-15.1","","49","","0.0","","28","","5","","16.1","","101.62","","","","-8","","NA"
"-85.44","54.99","PEAWANUCK A","6016298","2022-04-03 15:00","2022","04","03","15:00","-5.1","","-14.0","","50","","0.0","","","M","8","","16.1","","101.57","","","","-9","","NA"
"-85.44","54.99","PEAWANUCK A","6016298","2022-04-03 16:00","2022","04","03","16:00","-4.4","","-13.8","","48","","0.0","","20","","8","","16.1","","101.55","","","","-8","","NA"
"-85.44","54.99","PEAWANUCK A","6016298","2022-04-03 17:00","2022","04","03","17:00","-4.0","","-14.6","","44","","0.0","","11","","5","","16.1","","101.54","","","","-6","","NA"
"-85.44","54.99","PEAWANUCK A","6016298","2022-04-03 18:00","2022","04","03","18:00","-4.6","","-14.6","","46","","0.0","","12","","5","","16.1","","101.53","","","","-7","","NA"
"-85.44","54.99","PEAWANUCK A","6016298","2022-04-03 19:00","2022","04","03","19:00","-6.2","","-15.3","","49","","0.0","","6","","5","","16.1","","101.53","","","","-9","","NA"
"-85.44","54.99","PEAWANUCK A","6016298","2022-04-03 20:00","2022","04","03","20:00","-8.5","","-15.8","","56","","0.0","","11","","8","","16.1","","101.54","","","","-13","","NA"
"-85.44","54.99","PEAWANUCK A","6016298","2022-04-03 21:00","2022","04","03","21:00","-10.1","","-17.7","","54","","0.0","","13","","8","","16.1","","101.55","","","","-15","","NA"
"-85.44","54.99","PEAWANUCK A","6016298","2022-04-03 22:00","2022","04","03","22:00","-10.5","","-18.4","","53","","0.0","","14","","9","","16.1","","101.53","","","","-15","","NA"
"-85.44","54.99","PEAWANUCK A","6016298","2022-04-03 23:00","2022","04","03","23:00","-11.0","","-18.4","","55","","0.0","","16","","8","","16.1","","101.53","","","","-16","","NA"
"-85.44","54.99","PEAWANUCK A","6016298","2022-04-04 00:00","2022","04","04","00:00","-11.7","","-18.6","","57","","0.0","","17","","9","","16.1","","101.50","","","","-17","","NA"
"-85.44","54.99","PEAWANUCK A","6016298","2022-04-04 01:00","2022","04","04","01:00","-12.5","","-18.8","","60","","0.0","","16","","8","","16.1","","101.51","","","","-17","","NA"
"-85.44","54.99","PEAWANUCK A","6016298","2022-04-04 02:00","2022","04","04","02:00","-12.8","","-19.1","","60","","0.0","","17","","9","","16.1","","101.49","","","","-18","","NA"
"-85.44","54.99","PEAWANUCK A","6016298","2022-04-04 03:00","2022","04","04","03:00","-12.8","","-19.1","","60","","0.0","","16","","8","","16.1","","101.46","","","","-18","","NA"
"-85.44","54.99","PEAWANUCK A","6016298","2022-04-04 04:00","2022","04","04","04:00","-12.4","","-19.3","","57","","0.0","","17","","11","","16.1","","101.46","","","","-18","","NA"
"-85.44","54.99","PEAWANUCK A","6016298","2022-04-04 05:00","2022","04","04","05:00","-12.8","","-19.1","","60","","0.0","","17","","9","","16.1","","101.45","","","","-18","","NA"
"-85.44","54.99","PEAWANUCK A","6016298","2022-04-04 06:00","2022","04","04","06:00","-12.4","","-17.9","","64","","0.0","","18","","11","","16.1","","101.43","","","","-18","","NA"
"-85.44","54.99","PEAWANUCK A","6016298","2022-04-04 07:00","2022","04","04","07:00","-12.1","","-18.0","","62","","0.0","","17","","13","","16.1","","101.41","","","","-19","","NA"
"-85.44","54.99","PEAWANUCK A","6016298","2022-04-04 08:00","2022","04","04","08:00","-10.8","","-18.2","","55","","0.0","","18","","15","","16.1","","101.40","","","","-18","","NA"
"-85.44","54.99","PEAWANUCK A","6016298","2022-04-04 09:00","2022","04","04","09:00","-8.0","","-17.4","","47","","0.0","","17","","13","","16.1","","101.36","","","","-14","","NA"
"-85.44","54.99","PEAWANUCK A","6016298","2022-04-04 10:00","2022","04","04","10:00","-5.8","","-16.5","","43","","0.0","","17","","15","","16.1","","101.34","","","","-12","","NA"
"-85.44","54.99","PEAWANUCK A","6016298","2022-04-04 11:00","2022","04","04","11:00","-3.9","","-15.0","","42","","0.0","","16","","22","","16.1","","101.31","","","","-10","","NA"
"-85.44","54.99","PEAWANUCK A","6016298","2022-04-04 12:00","2022","04","04","12:00","-2.5","","-13.4","","43","","0.0","","16","","18","","16.1","","101.26","","","","-8","","NA"
"-85.44","54.99","PEAWANUCK A","6016298","2022-04-04 13:00","2022","04","04","13:00","-2.0","","-13.4","","42","","0.0","","17","","17","","16.1","","101.22","","","","-7","","NA"
"-85.44","54.99","PEAWANUCK A","6016298","2022-04-04 14:00","2022","04","04","14:00","-1.3","","-12.4","","43","","0.0","","16","","17","","16.1","","101.18","","","","-6","","NA"
"-85.44","54.99","PEAWANUCK A","6016298","2022-04-04 15:00","2022","04","04","15:00","-0.9","","-12.2","","42","","0.0","","18","","21","","16.1","","101.14","","","","-7","","NA"
"-85.44","54.99","PEAWANUCK A","6016298","2022-04-04 16:00","2022","04","04","16:00","-1.5","","-12.1","","45","","0.0","","16","","13","","16.1","","101.09","","","","-6","","NA"
"-85.44","54.99","PEAWANUCK A","6016298","2022-04-04 17:00","2022","04","04","17:00","-1.4","","-12.0","","45","","0.0","","15","","15","","16.1","","101.06","","","","-6","","NA"
"-85.44","54.99","PEAWANUCK A","6016298","2022-04-04 18:00","2022","04","04","18:00","-2.0","","-12.2","","46","","0.0","","15","","15","","16.1","","101.02","","","","-7","","NA"
"-85.44","54.99","PEAWANUCK A","6016298","2022-04-04 19:00","2022","04","04","19:00","-2.7","","-11.8","","50","","0.0","","15","","13","","16.1","","101.00","","","","-7","","NA"
"-85.44","54.99","PEAWANUCK A","6016298","2022-04-04 20:00","2022","04","04","20:00","-3.3","","-11.1","","55","","0.0","","15","","9","","16.1","","101.00","","","","-7","","NA"
"-85.44","54.99","PEAWANUCK A","6016298","2022-04-04 21:00","2022","04","04","21:00","-3.6","","-11.2","","56","","0.0","","14","","11","","16.1","","101.01","","","","-8","","NA"
"-85.44","54.99","PEAWANUCK A","6016298","2022-04-04 22:00","2022","04","04","22:00","-4.1","","-10.8","","60","","0.0","","13","","9","","16.1","","101.02","","","","-8","","NA"
"-85.44","54.99","PEAWANUCK A","6016298","2022-04-04 23:00","2022","04","04","23:00","-4.3","","-11.2","","59","","0.0","","13","","9","","16.1","","101.02","","","","-8","","NA"
"-85.44","54.99","PEAWANUCK A","6016298","2022-04-05 00:00","2022","04","05","00:00","-4.5","","-11.2","","60","","0.0","","12","","8","","16.1","","101.02","","","","-8","","NA"
"-85.44","54.99","PEAWANUCK A","6016298","2022-04-05 01:00","2022","04","05","01:00","-5.2","","-11.1","","63","","0.0","","10","","8","","16.1","","101.03","","","","-9","","NA"
"-85.44","54.99","PEAWANUCK A","6016298","2022-04-05 02:00","2022","04","05","02:00","-5.8","","-11.2","","66","","0.0","","11","","8","","16.1","","101.02","","","","-10","","NA"
"-85.44","54.99","PEAWANUCK A","6016298","2022-04-05 03:00","2022","04","05","03:00","-6.2","","-11.2","","68","","0.0","","12","","9","","16.1","","101.03","","","","-10","","NA"
"-85.44","54.99","PEAWANUCK A","6016298","2022-04-05 04:00","2022","04","05","04:00","-6.1","","-10.9","","69","","0.0","","12","","5","","16.1","","101.04","","","","-9","","Snow"
"-85.44","54.99","PEAWANUCK A","6016298","2022-04-05 05:00","2022","04","05","05:00","-7.2","","-9.5","","84","","0.0","","12","","9","","6.4","","101.07","","","","-12","","Snow"
"-85.44","54.99","PEAWANUCK A","6016298","2022-04-05 06:00","2022","04","05","06:00","-7.7","","-10.4","","81","","0.0","","11","","13","","16.1","","101.07","","","","-13","","Snow"
"-85.44","54.99","PEAWANUCK A","6016298","2022-04-05 07:00","2022","04","05","07:00","-8.0","","-11.0","","79","","0.0","","12","","11","","16.1","","101.13","","","","-13","","Snow"
"-85.44","54.99","PEAWANUCK A","6016298","2022-04-05 08:00","2022","04","05","08:00","-7.2","","-12.2","","68","","0.0","","11","","15","","16.1","","101.14","","","","-13","","NA"
"-85.44","54.99","PEAWANUCK A","6016298","2022-04-05 09:00","2022","04","05","09:00","-6.2","","-12.2","","63","","0.0","","10","","11","","16.1","","101.15","","","","-11","","NA"
"-85.44","54.99","PEAWANUCK A","6016298","2022-04-05 10:00","2022","04","05","10:00","-4.4","","-12.2","","55","","0.0","","10","","17","","16.1","","101.17","","","","-10","","NA"
"-85.44","54.99","PEAWANUCK A","6016298","2022-04-05 11:00","2022","04","05","11:00","-2.7","","-11.3","","52","","0.0","","12","","15","","16.1","","101.17","","","","-8","","NA"
"-85.44","54.99","PEAWANUCK A","6016298","2022-04-05 12:00","2022","04","05","12:00","-1.5","","-8.9","","57","","0.0","","12","","15","","16.1","","101.17","","","","-6","","NA"
"-85.44","54.99","PEAWANUCK A","6016298","2022-04-05 13:00","2022","04","05","13:00","-0.1","","-9.0","","52","","0.0","","12","","17","","16.1","","101.16","","","","-5","","NA"
"-85.44","54.99","PEAWANUCK A","6016298","2022-04-05 14:00","2022","04","05","14:00","0.8","","-8.3","","51","","0.0","","12","","17","","16.1","","101.16","","","","","","NA"
"-85.44","54.99","PEAWANUCK A","6016298","2022-04-05 15:00","2022","04","05","15:00","0.9","","-7.0","","56","","0.0","","13","","17","","16.1","","101.16","","","","","","NA"
"-85.44","54.99","PEAWANUCK A","6016298","2022-04-05 16:00","2022","04","05","16:00","2.4","","-8.1","","46","","0.0","","11","","15","","16.1","","101.15","","","","","","NA"
"-85.44","54.99","PEAWANUCK A","6016298","2022-04-05 17:00","2022","04","05","17:00","2.1","","-9.2","","43","","0.0","","10","","15","","16.1","","101.21","","","","","","NA"
"-85.44","54.99","PEAWANUCK A","6016298","2022-04-05 18:00","2022","04","05","18:00","0.1","","-8.6","","52","","0.0","","8","","18","","16.1","","101.25","","","","","","NA"
"-85.44","54.99","PEAWANUCK A","6016298","2022-04-05 19:00","2022","04","05","19:00","-1.1","","-8.4","","58","","0.0","","8","","13","","16.1","","101.29","","","","-5","","NA"
"-85.44","54.99","PEAWANUCK A","6016298","2022-04-05 20:00","2022","04","05","20:00","-2.5","","-8.6","","63","","0.0","","9","","17","","16.1","","101.35","","","","-8","","NA"
"-85.44","54.99","PEAWANUCK A","6016298","2022-04-05 21:00","2022","04","05","21:00","-3.5","","-9.2","","65","","0.0","","9","","17","","16.1","","101.37","","","","-9","","NA"
"-85.44","54.99","PEAWANUCK A","6016298","2022-04-05 22:00","2022","04","05","22:00","-5.2","","-10.2","","68","","0.0","","9","","13","","16.1","","101.42","","","","-10","","NA"
"-85.44","54.99","PEAWANUCK A","6016298","2022-04-05 23:00","2022","04","05","23:00","-6.3","","-11.5","","67","","0.0","","9","","13","","16.1","","101.46","","","","-12","","NA"
"-85.44","54.99","PEAWANUCK A","6016298","2022-04-06 00:00","2022","04","06","00:00","-7.9","","-12.5","","70","","0.0","","8","","11","","16.1","","101.52","","","","-13","","NA"
"-85.44","54.99","PEAWANUCK A","6016298","2022-04-06 01:00","2022","04","06","01:00","-8.8","","-13.5","","69","","0.0","","9","","11","","16.1","","101.55","","","","-14","","NA"
"-85.44","54.99","PEAWANUCK A","6016298","2022-04-06 02:00","2022","04","06","02:00","-9.7","","-14.2","","70","","0.0","","7","","8","","16.1","","101.58","","","","-14","","NA"
"-85.44","54.99","PEAWANUCK A","6016298","2022-04-06 03:00","2022","04","06","03:00","-10.5","","-14.6","","72","","0.0","","6","","9","","16.1","","101.64","","","","-15","","NA"
"-85.44","54.99","PEAWANUCK A","6016298","2022-04-06 04:00","2022","04","06","04:00","-12.2","","-15.6","","76","","0.0","","5","","9","","16.1","","101.69","","","","-17","","NA"
"-85.44","54.99","PEAWANUCK A","6016298","2022-04-06 05:00","2022","04","06","05:00","-13.1","","-16.2","","78","","0.0","","5","","9","","16.1","","101.70","","","","-19","","NA"
"-85.44","54.99","PEAWANUCK A","6016298","2022-04-06 06:00","2022","04","06","06:00","-14.3","","-17.0","","80","","0.0","","5","","9","","16.1","","101.75","","","","-20","","NA"
"-85.44","54.99","PEAWANUCK A","6016298","2022-04-06 07:00","2022","04","06","07:00","-13.9","","-17.3","","76","","0.0","","5","","8","","16.1","","101.81","","","","-19","","NA"
"-85.44","54.99","PEAWANUCK A","6016298","2022-04-06 08:00","2022","04","06","08:00","-10.7","","-16.7","","62","","0.0","","6","","11","","16.1","","101.84","","","","-16","","NA"
"-85.44","54.99","PEAWANUCK A","6016298","2022-04-06 09:00","2022","04","06","09:00","-8.3","","-16.8","","51","","0.0","","5","","9","","16.1","","101.87","","","","-13","","NA"
"-85.44","54.99","PEAWANUCK A","6016298","2022-04-06 10:00","2022","04","06","10:00","-5.1","","-15.9","","43","","0.0","","6","","9","","16.1","","101.91","","","","-9","","NA"
"-85.44","54.99","PEAWANUCK A","6016298","2022-04-06 11:00","2022","04","06","11:00","-2.8","","-15.6","","37","","0.0","","5","","17","","16.1","","101.89","","","","-8","","NA"
"-85.44","54.99","PEAWANUCK A","6016298","2022-04-06 12:00","2022","04","06","12:00","-1.3","","-14.9","","35","","0.0","","7","","13","","16.1","","101.89","","","","-6","","NA"
"-85.44","54.99","PEAWANUCK A","6016298","2022-04-06 13:00","2022","04","06","13:00","-0.5","","-15.6","","31","","0.0","","8","","18","","16.1","","101.91","","","","-6","","NA"
"-85.44","54.99","PEAWANUCK A","6016298","2022-04-06 14:00","2022","04","06","14:00","-0.5","","-14.9","","33","","0.0","","7","","18","","16.1","","101.93","","","","-6","","NA"
"-85.44","54.99","PEAWANUCK A","6016298","2022-04-06 15:00","2022","04","06","15:00","-0.7","","-14.4","","35","","0.0","","6","","17","","16.1","","101.88","","","","-6","","NA"
"-85.44","54.99","PEAWANUCK A","6016298","2022-04-06 16:00","2022","04","06","16:00","-0.8","","-16.0","","31","","0.0","","7","","22","","16.1","","101.91","","","","-7","","NA"
"-85.44","54.99","PEAWANUCK A","6016298","2022-04-06 17:00","2022","04","06","17:00","-0.9","","-14.9","","34","","0.0","","6","","15","","16.1","","101.94","","","","-6","","NA"
"-85.44","54.99","PEAWANUCK A","6016298","2022-04-06 18:00","2022","04","06","18:00","-3.2","","-13.8","","44","","0.0","","6","","15","","16.1","","101.96","","","","-8","","NA"
"-85.44","54.99","PEAWANUCK A","6016298","2022-04-06 19:00","2022","04","06","19:00","-5.3","","-11.7","","61","","0.0","","4","","17","","16.1","","101.96","","","","-11","","NA"
"-85.44","54.99","PEAWANUCK A","6016298","2022-04-06 20:00","2022","04","06","20:00","-7.2","","-11.8","","70","","0.0","","5","","13","","16.1","","102.00","","","","-13","","NA"
"-85.44","54.99","PEAWANUCK A","6016298","2022-04-06 21:00","2022","04","06","21:00","-8.3","","-12.0","","75","","0.0","","5","","17","","16.1","","101.98","","","","-15","","NA"
"-85.44","54.99","PEAWANUCK A","6016298","2022-04-06 22:00","2022","04","06","22:00","-9.0","","-12.7","","75","","0.0","","5","","13","","16.1","","101.98","","","","-15","","NA"
"-85.44","54.99","PEAWANUCK A","6016298","2022-04-06 23:00","2022","04","06","23:00","-9.0","","-13.0","","73","","0.0","","5","","15","","16.1","","101.99","","","","-16","","NA"
"-85.44","54.99","PEAWANUCK A","6016298","2022-04-07 00:00","2022","04","07","00:00","-9.3","","-13.3","","73","","0.0","","5","","11","","16.1","","101.99","","","","-15","","NA"
"-85.44","54.99","PEAWANUCK A","6016298","2022-04-07 01:00","2022","04","07","01:00","-9.9","","-13.5","","75","","0.0","","6","","9","","16.1","","102.00","","","","-15","","NA"
"-85.44","54.99","PEAWANUCK A","6016298","2022-04-07 02:00","2022","04","07","02:00","-10.1","","-13.2","","78","","0.0","","4","","9","","16.1","","101.99","","","","-15","","NA"
"-85.44","54.99","PEAWANUCK A","6016298","2022-04-07 03:00","2022","04","07","03:00","-10.4","","-13.2","","80","","0.0","","3","","15","","16.1","","101.96","","","","-17","","NA"
"-85.44","54.99","PEAWANUCK A","6016298","2022-04-07 04:00","2022","04","07","04:00","-10.5","","-13.0","","82","","0.0","","4","","9","","16.1","","101.96","","","","-15","","NA"
"-85.44","54.99","PEAWANUCK A","6016298","2022-04-07 05:00","2022","04","07","05:00","-11.1","","-13.3","","84","","0.0","","3","","11","","16.1","","101.99","","","","-17","","NA"
"-85.44","54.99","PEAWANUCK A","6016298","2022-04-07 06:00","2022","04","07","06:00","-11.1","","-13.2","","85","","0.0","","3","","11","","16.1","","102.01","","","","-17","","NA"
"-85.44","54.99","PEAWANUCK A","6016298","2022-04-07 07:00","2022","04","07","07:00","-10.5","","-13.2","","81","","0.0","","3","","15","","16.1","","102.01","","","","-17","","NA"
"-85.44","54.99","PEAWANUCK A","6016298","2022-04-07 08:00","2022","04","07","08:00","-9.6","","-13.1","","76","","0.0","","3","","21","","16.1","","102.01","","","","-18","","NA"
"-85.44","54.99","PEAWANUCK A","6016298","2022-04-07 09:00","2022","04","07","09:00","-7.7","","-12.6","","68","","0.0","","4","","18","","16.1","","102.03","","","","-15","","NA"
"-85.44","54.99","PEAWANUCK A","6016298","2022-04-07 10:00","2022","04","07","10:00","-6.5","","-12.4","","63","","0.0","","5","","22","","16.1","","102.03","","","","-14","","NA"
"-85.44","54.99","PEAWANUCK A","6016298","2022-04-07 11:00","2022","04","07","11:00","-5.5","","-11.5","","63","","0.0","","4","","22","","16.1","","102.01","","","","-13","","NA"
"-85.44","54.99","PEAWANUCK A","6016298","2022-04-07 12:00","2022","04","07","12:00","-4.6","","-10.7","","63","","0.0","","4","","21","","16.1","","102.03","","","","-11","","NA"
"-85.44","54.99","PEAWANUCK A","6016298","2022-04-07 13:00","2022","04","07","13:00","-4.2","","-10.7","","61","","0.0","","4","","18","","16.1","","102.01","","","","-10","","NA"
"-85.44","54.99","PEAWANUCK A","6016298","2022-04-07 14:00","2022","04","07","14:00","-4.0","","-10.5","","61","","0.0","","3","","24","","16.1","","102.00","","","","-11","","NA"
"-85.44","54.99","PEAWANUCK A","6016298","2022-04-07 15:00","2022","04","07","15:00","-4.2","","-10.9","","60","","0.0","","3","","28","","16.1","","102.00","","","","-12","","NA"
"-85.44","54.99","PEAWANUCK A","6016298","2022-04-07 16:00","2022","04","07","16:00","-4.2","","-11.3","","58","","0.0","","3","","26","","16.1","","102.01","","","","-11","","NA"
"-85.44","54.99","PEAWANUCK A","6016298","2022-04-07 17:00","2022","04","07","17:00","-4.7","","-11.9","","58","","0.0","","2","","22","","16.1","","102.04","","","","-12","","NA"
"-85.44","54.99","PEAWANUCK A","6016298","2022-04-07 18:00","2022","04","07","18:00","-5.5","","-11.9","","61","","0.0","","2","","24","","16.1","","102.04","","","","-13","","NA"
"-85.44","54.99","PEAWANUCK A","6016298","2022-04-07 19:00","2022","04","07","19:00","-7.2","","-11.8","","70","","0.0","","2","","18","","16.1","","102.02","","","","-14","","NA"
"-85.44","54.99","PEAWANUCK A","6016298","2022-04-07 20:00","2022","04","07","20:00","-8.7","","-12.0","","77","","0.0","","1","","21","","16.1","","102.01","","","","-16","","NA"
"-85.44","54.99","PEAWANUCK A","6016298","2022-04-07 21:00","2022","04","07","21:00","-9.6","","-12.4","","80","","0.0","","1","","21","","16.1","","101.98","","","","-18","","NA"
"-85.44","54.99","PEAWANUCK A","6016298","2022-04-07 22:00","2022","04","07","22:00","-10.3","","-13.0","","81","","0.0","","1","","17","","16.1","","101.92","","","","-18","","NA"
"-85.44","54.99","PEAWANUCK A","6016298","2022-04-07 23:00","2022","04","07","23:00","-10.8","","-13.6","","80","","0.0","","1","","18","","16.1","","101.88","","","","-18","","NA"
"-85.44","54.99","PEAWANUCK A","6016298","2022-04-08 00:00","2022","04","08","00:00","-11.1","","-13.9","","80","","0.0","","1","","18","","16.1","","101.82","","","","-19","","NA"
"-85.44","54.99","PEAWANUCK A","6016298","2022-04-08 01:00","2022","04","08","01:00","-11.5","","-14.3","","80","","0.0","","1","","18","","16.1","","101.71","","","","-19","","NA"
"-85.44","54.99","PEAWANUCK A","6016298","2022-04-08 02:00","2022","04","08","02:00","-11.6","","-14.6","","79","","0.0","","1","","17","","16.1","","101.66","","","","-19","","NA"
"-85.44","54.99","PEAWANUCK A","6016298","2022-04-08 03:00","2022","04","08","03:00","-11.8","","-14.7","","79","","0.0","","1","","18","","16.1","","101.58","","","","-20","","NA"
"-85.44","54.99","PEAWANUCK A","6016298","2022-04-08 04:00","2022","04","08","04:00","-12.0","","-15.1","","78","","0.0","","1","","18","","16.1","","101.54","","","","-20","","NA"
"-85.44","54.99","PEAWANUCK A","6016298","2022-04-08 05:00","2022","04","08","05:00","-12.3","","-15.6","","77","","0.0","","36","","18","","16.1","","101.51","","","","-20","","NA"
"-85.44","54.99","PEAWANUCK A","6016298","2022-04-08 06:00","2022","04","08","06:00","-12.4","","-16.0","","75","","0.0","","36","","17","","16.1","","101.46","","","","-20","","NA"
"-85.44","54.99","PEAWANUCK A","6016298","2022-04-08 07:00","2022","04","08","07:00","-11.4","","-15.8","","70","","0.0","","1","","17","","16.1","","101.44","","","","-19","","NA"
"-85.44","54.99","PEAWANUCK A","6016298","2022-04-08 08:00","2022","04","08","08:00","-9.8","","-15.6","","63","","0.0","","1","","22","","16.1","","101.41","","","","-18","","NA"
"-85.44","54.99","PEAWANUCK A","6016298","2022-04-08 09:00","2022","04","08","09:00","-7.8","","-14.9","","57","","0.0","","1","","24","","16.1","","101.38","","","","-16","","NA"
"-85.44","54.99","PEAWANUCK A","6016298","2022-04-08 10:00","2022","04","08","10:00","-6.4","","-14.0","","55","","0.0","","1","","15","","16.1","","101.29","","","","-12","","NA"
"-85.44","54.99","PEAWANUCK A","6016298","2022-04-08 11:00","2022","04","08","11:00","-6.1","","-14.1","","54","","0.0","","36","","22","","16.1","","101.21","","","","-13","","NA"
"-85.44","54.99","PEAWANUCK A","6016298","2022-04-08 12:00","2022","04","08","12:00","-5.3","","-13.9","","51","","0.0","","1","","24","","16.1","","101.12","","","","-13","","NA"
"-85.44","54.99","PEAWANUCK A","6016298","2022-04-08 13:00","2022","04","08","13:00","-4.5","","-13.2","","51","","0.0","","2","","30","","16.1","","101.04","","","","-12","","NA"
"-85.44","54.99","PEAWANUCK A","6016298","2022-04-08 14:00","2022","04","08","14:00","-3.8","","-11.6","","55","","0.0","","2","","24","","16.1","","100.99","","","","-11","","NA"
"-85.44","54.99","PEAWANUCK A","6016298","2022-04-08 15:00","2022","04","08","15:00","-3.7","","-11.7","","54","","0.0","","1","","30","","16.1","","100.92","","","","-11","","NA"
"-85.44","54.99","PEAWANUCK A","6016298","2022-04-08 16:00","2022","04","08","16:00","-3.8","","-11.6","","55","","0.0","","35","","24","","16.1","","100.88","","","","-11","","NA"
"-85.44","54.99","PEAWANUCK A","6016298","2022-04-08 17:00","2022","04","08","17:00","-5.1","","-12.4","","57","","0.0","","36","","24","","16.1","","100.84","","","","-12","","NA"
"-85.44","54.99","PEAWANUCK A","6016298","2022-04-08 18:00","2022","04","08","18:00","-5.9","","-13.1","","57","","0.0","","36","","30","","16.1","","100.79","","","","-14","","NA"
"-85.44","54.99","PEAWANUCK A","6016298","2022-04-08 19:00","2022","04","08","19:00","-6.3","","-12.3","","63","","0.0","","36","","26","","16.1","","100.76","","","","-14","","NA"
"-85.44","54.99","PEAWANUCK A","6016298","2022-04-08 20:00","2022","04","08","20:00","-7.1","","-12.6","","65","","0.0","","35","","21","","16.1","","100.71","","","","-14","","NA"
"-85.44","54.99","PEAWANUCK A","6016298","2022-04-08 21:00","2022","04","08","21:00","-7.6","","-12.0","","71","","0.0","","35","","21","","16.1","","100.65","","","","-15","","NA"
"-85.44","54.99","PEAWANUCK A","6016298","2022-04-08 22:00","2022","04","08","22:00","-8.5","","-12.9","","71","","0.0","","36","","17","","16.1","","100.55","","","","-15","","NA"
"-85.44","54.99","PEAWANUCK A","6016298","2022-04-08 23:00","2022","04","08","23:00","-8.8","","-13.9","","67","","0.0","","35","","15","","16.1","","100.45","","","","-15","","NA"
"-85.44","54.99","PEAWANUCK A","6016298","2022-04-09 00:00","2022","04","09","00:00","-8.9","","-13.5","","70","","0.0","","35","","17","","16.1","","100.36","","","","-16","","NA"
"-85.44","54.99","PEAWANUCK A","6016298","2022-04-09 01:00","2022","04","09","01:00","-9.7","","-13.5","","74","","0.0","","34","","17","","16.1","","100.29","","","","-17","","NA"
"-85.44","54.99","PEAWANUCK A","6016298","2022-04-09 02:00","2022","04","09","02:00","-9.5","","-13.4","","74","","0.0","","34","","18","","16.1","","100.25","","","","-17","","NA"
"-85.44","54.99","PEAWANUCK A","6016298","2022-04-09 03:00","2022","04","09","03:00","-9.5","","-13.3","","74","","0.0","","34","","18","","16.1","","100.24","","","","-17","","NA"
"-85.44","54.99","PEAWANUCK A","6016298","2022-04-09 04:00","2022","04","09","04:00","-9.1","","-12.4","","77","","0.0","","35","","17","","16.1","","100.24","","","","-16","","NA"
"-85.44","54.99","PEAWANUCK A","6016298","2022-04-09 05:00","2022","04","09","05:00","-10.1","","-13.4","","77","","0.0","","34","","17","","16.1","","100.24","","","","-17","","NA"
"-85.44","54.99","PEAWANUCK A","6016298","2022-04-09 06:00","2022","04","09","06:00","-9.9","","-12.9","","79","","0.0","","34","","15","","16.1","","100.25","","","","-17","","NA"
"-85.44","54.99","PEAWANUCK A","6016298","2022-04-09 07:00","2022","04","09","07:00","-9.2","","-14.5","","66","","0.0","","34","","13","","16.1","","100.22","","","","-15","","NA"
"-85.44","54.99","PEAWANUCK A","6016298","2022-04-09 08:00","2022","04","09","08:00","-7.6","","-15.4","","54","","0.0","","36","","15","","16.1","","100.21","","","","-14","","NA"
"-85.44","54.99","PEAWANUCK A","6016298","2022-04-09 09:00","2022","04","09","09:00","-6.5","","-16.5","","46","","0.0","","36","","21","","16.1","","100.16","","","","-14","","NA"
"-85.44","54.99","PEAWANUCK A","6016298","2022-04-09 10:00","2022","04","09","10:00","-5.2","","-15.1","","46","","0.0","","35","","21","","16.1","","100.14","","","","-12","","NA"
"-85.44","54.99","PEAWANUCK A","6016298","2022-04-09 11:00","2022","04","09","11:00","-4.0","","-13.9","","47","","0.0","","35","","18","","16.1","","100.13","","","","-10","","NA"
"-85.44","54.99","PEAWANUCK A","6016298","2022-04-09 12:00","2022","04","09","12:00","-3.8","","-13.3","","48","","0.0","","34","","22","","16.1","","100.14","","","","-10","","NA"
"-85.44","54.99","PEAWANUCK A","6016298","2022-04-09 13:00","2022","04","09","13:00","-3.0","","-11.6","","52","","0.0","","34","","17","","16.1","","100.16","","","","-9","","NA"
"-85.44","54.99","PEAWANUCK A","6016298","2022-04-09 14:00","2022","04","09","14:00","-2.3","","-10.7","","53","","0.0","","35","","21","","16.1","","100.17","","","","-8","","NA"
"-85.44","54.99","PEAWANUCK A","6016298","2022-04-09 15:00","2022","04","09","15:00","-1.6","","-9.3","","56","","0.0","","35","","18","","16.1","","100.18","","","","-7","","NA"
"-85.44","54.99","PEAWANUCK A","6016298","2022-04-09 16:00","2022","04","09","16:00","-1.6","","-9.6","","55","","0.0","","36","","17","","16.1","","100.18","","","","-7","","NA"
"-85.44","54.99","PEAWANUCK A","6016298","2022-04-09 17:00","2022","04","09","17:00","-1.5","","-9.2","","56","","0.0","","35","","15","","16.1","","100.22","","","","-6","","NA"
"-85.44","54.99","PEAWANUCK A","6016298","2022-04-09 18:00","2022","04","09","18:00","-3.0","","-9.9","","59","","0.0","","34","","15","","16.1","","100.26","","","","-8","","NA"
"-85.44","54.99","PEAWANUCK A","6016298","2022-04-09 19:00","2022","04","09","19:00","-4.4","","-10.6","","62","","0.0","","35","","13","","16.1","","100.29","","","","-9","","NA"
"-85.44","54.99","PEAWANUCK A","6016298","2022-04-09 20:00","2022","04","09","20:00","-6.6","","-11.2","","70","","0.0","","34","","8","","16.1","","100.33","","","","-10","","NA"
"-85.44","54.99","PEAWANUCK A","6016298","2022-04-09 21:00","2022","04","09","21:00","-8.3","","-11.5","","78","","0.0","","33","","8","","16.1","","100.35","","","","-12","","NA"
"-85.44","54.99","PEAWANUCK A","6016298","2022-04-09 22:00","2022","04","09","22:00","-9.5","","-11.6","","85","","0.0","","33","","8","","16.1","","100.37","","","","-14","","NA"
"-85.44","54.99","PEAWANUCK A","6016298","2022-04-09 23:00","2022","04","09","23:00","-10.5","","-12.0","","89","","0.0","","32","","9","","16.1","","100.37","","","","-15","","NA"
"-85.44","54.99","PEAWANUCK A","6016298","2022-04-10 00:00","2022","04","10","00:00","-11.3","","-12.4","","92","","0.0","","32","","8","","16.1","","100.39","","","","-16","","NA"
"-85.44","54.99","PEAWANUCK A","6016298","2022-04-10 01:00","2022","04","10","01:00","-11.5","","-12.7","","91","","0.0","","35","","5","","16.1","","100.39","","","","-15","","NA"
"-85.44","54.99","PEAWANUCK A","6016298","2022-04-10 02:00","2022","04","10","02:00","-14.5","","-16.1","","88","","0.0","","28","","4","","16.1","","100.39","","","","-17","","NA"
"-85.44","54.99","PEAWANUCK A","6016298","2022-04-10 03:00","2022","04","10","03:00","-15.8","","-17.6","","86","","0.0","","27","","4","","16.1","","100.40","","","","-19","","NA"
"-85.44","54.99","PEAWANUCK A","6016298","2022-04-10 04:00","2022","04","10","04:00","-15.9","","-17.9","","85","","0.0","","","","0","","0.8","","100.40","","","","","","Freezing Fog"
"-85.44","54.99","PEAWANUCK A","6016298","2022-04-10 05:00","2022","04","10","05:00","-16.2","","-18.3","","84","","0.0","","19","","4","","0.8","","100.40","","","","-19","","Freezing Fog"
"-85.44","54.99","PEAWANUCK A","6016298","2022-04-10 06:00","2022","04","10","06:00","-16.2","","-18.2","","85","","0.0","","17","","5","","16.1","","100.40","","","","-20","","NA"
"-85.44","54.99","PEAWANUCK A","6016298","2022-04-10 07:00","2022","04","10","07:00","-14.2","","-15.9","","87","","0.0","","20","","8","","16.1","","100.44","","","","-19","","NA"
"-85.44","54.99","PEAWANUCK A","6016298","2022-04-10 08:00","2022","04","10","08:00","-10.1","","-11.4","","90","","0.0","","18","","8","","16.1","","100.45","","","","-15","","NA"
"-85.44","54.99","PEAWANUCK A","6016298","2022-04-10 09:00","2022","04","10","09:00","-7.3","","-8.4","","92","","0.0","","18","","9","","16.1","","100.44","","","","-12","","NA"
"-85.44","54.99","PEAWANUCK A","6016298","2022-04-10 10:00","2022","04","10","10:00","-4.4","","-6.9","","83","","0.0","","16","","11","","16.1","","100.43","","","","-9","","NA"
"-85.44","54.99","PEAWANUCK A","6016298","2022-04-10 11:00","2022","04","10","11:00","-1.1","","-7.4","","63","","0.0","","13","","11","","16.1","","100.32","","","","-5","","NA"
"-85.44","54.99","PEAWANUCK A","6016298","2022-04-10 12:00","2022","04","10","12:00","0.9","","-6.6","","57","","0.0","","15","","15","","16.1","","100.28","","","","","","NA"
"-85.44","54.99","PEAWANUCK A","6016298","2022-04-10 13:00","2022","04","10","13:00","1.7","","-7.1","","52","","0.0","","19","","17","","16.1","","100.30","","","","","","NA"
"-85.44","54.99","PEAWANUCK A","6016298","2022-04-10 14:00","2022","04","10","14:00","2.7","","-7.0","","49","","0.0","","15","","13","","16.1","","100.22","","","","","","NA"
"-85.44","54.99","PEAWANUCK A","6016298","2022-04-10 15:00","2022","04","10","15:00","3.5","","-8.3","","42","","0.0","","16","","22","","16.1","","100.14","","","","","","NA"
"-85.44","54.99","PEAWANUCK A","6016298","2022-04-10 16:00","2022","04","10","16:00","4.0","","-7.3","","44","","0.0","","16","","18","","16.1","","100.10","","","","","","NA"
"-85.44","54.99","PEAWANUCK A","6016298","2022-04-10 17:00","2022","04","10","17:00","4.4","","-6.3","","46","","0.0","","15","","13","","16.1","","100.10","","","","","","NA"
"-85.44","54.99","PEAWANUCK A","6016298","2022-04-10 18:00","2022","04","10","18:00","4.0","","-7.8","","42","","0.0","","15","","21","","16.1","","100.06","","","","","","NA"
"-85.44","54.99","PEAWANUCK A","6016298","2022-04-10 19:00","2022","04","10","19:00","2.9","","-6.2","","51","","0.0","","14","","15","","16.1","","100.08","","","","","","NA"
"-85.44","54.99","PEAWANUCK A","6016298","2022-04-10 20:00","2022","04","10","20:00","2.1","","-5.1","","59","","0.0","","14","","15","","16.1","","100.10","","","","","","NA"
"-85.44","54.99","PEAWANUCK A","6016298","2022-04-10 21:00","2022","04","10","21:00","1.6","","-5.4","","60","","0.0","","16","","15","","16.1","","100.10","","","","","","NA"
"-85.44","54.99","PEAWANUCK A","6016298","2022-04-10 22:00","2022","04","10","22:00","1.4","","-5.8","","59","","0.0","","16","","15","","16.1","","100.07","","","","","","NA"
"-85.44","54.99","PEAWANUCK A","6016298","2022-04-10 23:00","2022","04","10","23:00","1.3","","-6.1","","58","","0.0","","17","","17","","16.1","","100.05","","","","","","NA"
"-85.44","54.99","PEAWANUCK A","6016298","2022-04-11 00:00","2022","04","11","00:00","1.2","","-5.5","","61","","0.0","","18","","13","","16.1","","100.05","","","","","","NA"
"-85.44","54.99","PEAWANUCK A","6016298","2022-04-11 01:00","2022","04","11","01:00","1.1","","-5.2","","63","","0.0","","18","","15","","16.1","","100.05","","","","","","NA"
"-85.44","54.99","PEAWANUCK A","6016298","2022-04-11 02:00","2022","04","11","02:00","1.3","","-4.7","","64","","0.0","","18","","13","","16.1","","100.03","","","","","","NA"
"-85.44","54.99","PEAWANUCK A","6016298","2022-04-11 03:00","2022","04","11","03:00","0.8","","-2.1","","81","","0.0","","16","","11","","16.1","","99.99","","","","","","Rain"
"-85.44","54.99","PEAWANUCK A","6016298","2022-04-11 04:00","2022","04","11","04:00","1.1","","-3.4","","72","","0.0","","16","","15","","16.1","","99.95","","","","","","Rain"
"-85.44","54.99","PEAWANUCK A","6016298","2022-04-11 05:00","2022","04","11","05:00","0.6","","-5.0","","66","","0.0","","16","","15","","16.1","","99.92","","","","","","NA"
"-85.44","54.99","PEAWANUCK A","6016298","2022-04-11 06:00","2022","04","11","06:00","0.8","","-4.7","","67","","0.0","","16","","11","","16.1","","99.88","","","","","","NA"
"-85.44","54.99","PEAWANUCK A","6016298","2022-04-11 07:00","2022","04","11","07:00","1.1","","-3.8","","70","","0.0","","15","","13","","16.1","","99.82","","","","","","NA"
"-85.44","54.99","PEAWANUCK A","6016298","2022-04-11 08:00","2022","04","11","08:00","2.0","","-2.5","","72","","0.0","","15","","21","","16.1","","99.77","","","","","","NA"
"-85.44","54.99","PEAWANUCK A","6016298","2022-04-11 09:00","2022","04","11","09:00","2.8","","-1.0","","76","","0.0","","14","","15","","16.1","","99.71","","","","","","Rain"
"-85.44","54.99","PEAWANUCK A","6016298","2022-04-11 10:00","2022","04","11","10:00","3.1","","-0.7","","76","","0.0","","13","","9","","16.1","","99.66","","","","","","NA"
"-85.44","54.99","PEAWANUCK A","6016298","2022-04-11 11:00","2022","04","11","11:00","2.5","","0.4","","86","","0.0","","15","","13","","16.1","","99.66","","","","","","Rain"
"-85.44","54.99","PEAWANUCK A","6016298","2022-04-11 12:00","2022","04","11","12:00","2.8","","0.9","","87","","0.2","","12","","13","","16.1","","99.59","","","","","","Rain"
"-85.44","54.99","PEAWANUCK A","6016298","2022-04-11 13:00","2022","04","11","13:00","3.8","","1.0","","82","","0.2","","12","","17","","16.1","","99.51","","","","","","Rain"
"-85.44","54.99","PEAWANUCK A","6016298","2022-04-11 14:00","2022","04","11","14:00","3.2","","0.3","","81","","0.0","","12","","17","","16.1","","99.43","","","","","","NA"
"-85.44","54.99","PEAWANUCK A","6016298","2022-04-11 15:00","2022","04","11","15:00","2.8","","0.4","","84","","0.0","","11","","17","","16.1","","99.35","","","","","","Rain"
"-85.44","54.99","PEAWANUCK A","6016298","2022-04-11 16:00","2022","04","11","16:00","2.5","","0.2","","85","","0.0","","11","","15","","16.1","","99.27","","","","","","Rain"
"-85.44","54.99","PEAWANUCK A","6016298","2022-04-11 17:00","2022","04","11","17:00","1.8","","0.0","","88","","0.0","","9","","13","","16.1","","99.27","","","","","","NA"
"-85.44","54.99","PEAWANUCK A","6016298","2022-04-11 18:00","2022","04","11","18:00","1.5","","-0.8","","85","","0.0","","9","","11","","16.1","","99.22","","","","","","Rain"
"-85.44","54.99","PEAWANUCK A","6016298","2022-04-11 19:00","2022","04","11","19:00","1.0","","-1.4","","84","","0.0","","9","","9","","16.1","","99.19","","","","","","Rain"
"-85.44","54.99","PEAWANUCK A","6016298","2022-04-11 20:00","2022","04","11","20:00","-0.1","","-0.7","","96","","0.8","","6","","11","","1.2","","99.18","","","","-4","","Snow"
"-85.44","54.99","PEAWANUCK A","6016298","2022-04-11 21:00","2022","04","11","21:00","-0.6","","-1.0","","97","","0.5","","8","","13","","2.0","","99.17","","","","-5","","Snow"
"-85.44","54.99","PEAWANUCK A","6016298","2022-04-11 22:00","2022","04","11","22:00","-1.5","","-2.2","","95","","0.8","","5","","8","","1.6","","99.13","","","","-5","","Snow"
"-85.44","54.99","PEAWANUCK A","6016298","2022-04-11 23:00","2022","04","11","23:00","-1.8","","-2.4","","96","","0.5","","3","","9","","2.4","","99.12","","","","-5","","Snow"
"-85.44","54.99","PEAWANUCK A","6016298","2022-04-12 00:00","2022","04","12","00:00","-2.0","","-2.6","","96","","0.2","","3","","11","","3.2","","99.11","","","","-6","","Snow"
"-85.44","54.99","PEAWANUCK A","6016298","2022-04-12 01:00","2022","04","12","01:00","-2.1","","-2.7","","96","","0.0","","2","","9","","4.0","","99.11","","","","-6","","Snow"
"-85.44","54.99","PEAWANUCK A","6016298","2022-04-12 02:00","2022","04","12","02:00","-2.4","","-3.0","","96","","0.2","","36","","8","","6.4","","99.13","","","","-6","","Snow"
"-85.44","54.99","PEAWANUCK A","6016298","2022-04-12 03:00","2022","04","12","03:00","-2.7","","-3.4","","95","","0.0","","35","","8","","11.3","","99.17","","","","-6","","Snow"
"-85.44","54.99","PEAWANUCK A","6016298","2022-04-12 04:00","2022","04","12","04:00","-2.7","","-3.3","","96","","0.0","","33","","8","","4.8","","99.21","","","","-6","","Snow"
"-85.44","54.99","PEAWANUCK A","6016298","2022-04-12 05:00","2022","04","12","05:00","-2.9","","-3.6","","95","","0.0","","32","","9","","9.7","","99.26","","","","-6","","Snow"
"-85.44","54.99","PEAWANUCK A","6016298","2022-04-12 06:00","2022","04","12","06:00","-3.2","","-3.9","","95","","0.0","","33","","9","","11.3","","99.31","","","","-7","","Snow"
"-85.44","54.99","PEAWANUCK A","6016298","2022-04-12 07:00","2022","04","12","07:00","-3.2","","-4.0","","94","","0.0","","33","","11","","16.1","","99.38","","","","-7","","Snow"
"-85.44","54.99","PEAWANUCK A","6016298","2022-04-12 08:00","2022","04","12","08:00","-2.8","","-3.8","","93","","0.0","","33","","9","","16.1","","99.45","","","","-6","","Snow"
"-85.44","54.99","PEAWANUCK A","6016298","2022-04-12 09:00","2022","04","12","09:00","-2.2","","-3.8","","89","","0.0","","33","","15","","8.1","","99.54","","","","-7","","Snow"
"-85.44","54.99","PEAWANUCK A","6016298","2022-04-12 10:00","2022","04","12","10:00","-1.6","","-3.8","","85","","0.0","","32","","21","","16.1","","99.64","","","","-7","","Snow"
"-85.44","54.99","PEAWANUCK A","6016298","2022-04-12 11:00","2022","04","12","11:00","-1.7","","-3.8","","86","","0.0","","32","","22","","2.8","","99.74","","","","-8","","Snow"
"-85.44","54.99","PEAWANUCK A","6016298","2022-04-12 12:00","2022","04","12","12:00","-1.5","","-4.2","","82","","0.0","","","M","","M","","M","99.85","","","","","","NA"
"-85.44","54.99","PEAWANUCK A","6016298","2022-04-12 13:00","2022","04","12","13:00","-1.5","","-4.2","","82","","0.0","","32","","22","","8.1","","99.98","","","","-7","","Snow"
"-85.44","54.99","PEAWANUCK A","6016298","2022-04-12 14:00","2022","04","12","14:00","-1.3","","-4.5","","79","","0.0","","32","","22","","12.9","","100.13","","","","-7","","NA"
"-85.44","54.99","PEAWANUCK A","6016298","2022-04-12 15:00","2022","04","12","15:00","-1.4","","-4.5","","79","","0.0","","34","","18","","16.1","","100.27","","","","-7","","NA"
"-85.44","54.99","PEAWANUCK A","6016298","2022-04-12 16:00","2022","04","12","16:00","-1.6","","-4.6","","80","","0.0","","34","","11","","16.1","","100.41","","","","-5","","Snow"
"-85.44","54.99","PEAWANUCK A","6016298","2022-04-12 17:00","2022","04","12","17:00","-1.9","","-4.4","","83","","0.0","","35","","18","","3.6","","100.51","","","","-7","","Snow"
"-85.44","54.99","PEAWANUCK A","6016298","2022-04-12 18:00","2022","04","12","18:00","-2.9","","-5.2","","84","","0.2","","34","","17","","4.8","","100.62","","","","-8","","Snow"
"-85.44","54.99","PEAWANUCK A","6016298","2022-04-12 19:00","2022","04","12","19:00","-3.6","","-6.1","","83","","0.0","","34","","18","","16.1","","100.71","","","","-9","","Snow"
"-85.44","54.99","PEAWANUCK A","6016298","2022-04-12 20:00","2022","04","12","20:00","-4.1","","-6.1","","86","","0.0","","35","","18","","16.1","","100.79","","","","-10","","NA"
"-85.44","54.99","PEAWANUCK A","6016298","2022-04-12 21:00","2022","04","12","21:00","-4.8","","-6.5","","88","","0.0","","34","","11","","16.1","","100.90","","","","-9","","NA"
"-85.44","54.99","PEAWANUCK A","6016298","2022-04-12 22:00","2022","04","12","22:00","-4.7","","-6.4","","88","","0.0","","33","","18","","16.1","","101.03","","","","-11","","NA"
"-85.44","54.99","PEAWANUCK A","6016298","2022-04-12 23:00","2022","04","12","23:00","-4.7","","-6.2","","89","","0.0","","33","","13","","16.1","","101.13","","","","-10","","Snow"
"-85.44","54.99","PEAWANUCK A","6016298","2022-04-13 00:00","2022","04","13","00:00","-4.8","","-6.3","","89","","0.0","","34","","13","","16.1","","101.27","","","","-10","","Snow"
"-85.44","54.99","PEAWANUCK A","6016298","2022-04-13 01:00","2022","04","13","01:00","-5.7","","-6.8","","92","","0.0","","35","","13","","16.1","","101.30","","","","-11","","NA"
"-85.44","54.99","PEAWANUCK A","6016298","2022-04-13 02:00","2022","04","13","02:00","-6.3","","-7.4","","92","","0.0","","36","","18","","16.1","","101.28","","","","-13","","NA"
"-85.44","54.99","PEAWANUCK A","6016298","2022-04-13 03:00","2022","04","13","03:00","-7.1","","-8.3","","91","","0.0","","36","","21","","16.1","","101.38","","","","-14","","NA"
"-85.44","54.99","PEAWANUCK A","6016298","2022-04-13 04:00","2022","04","13","04:00","-8.1","","-9.3","","91","","0.0","","36","","24","","16.1","","101.35","","","","-16","","NA"
"-85.44","54.99","PEAWANUCK A","6016298","2022-04-13 05:00","2022","04","13","05:00","-8.4","","-10.1","","88","","0.0","","36","","13","","12.9","","101.46","","","","-14","","Snow"
"-85.44","54.99","PEAWANUCK A","6016298","2022-04-13 06:00","2022","04","13","06:00","-8.4","","-10.2","","87","","0.0","","1","","11","","16.1","","101.67","","","","-14","","NA"
"-85.44","54.99","PEAWANUCK A","6016298","2022-04-13 07:00","2022","04","13","07:00","-8.5","","-9.7","","91","","0.0","","2","","18","","16.1","","101.54","","","","-16","","NA"
"-85.44","54.99","PEAWANUCK A","6016298","2022-04-13 08:00","2022","04","13","08:00","-8.5","","-10.1","","88","","0.0","","2","","24","","14.5","","101.64","","","","-17","","Snow"
"-85.44","54.99","PEAWANUCK A","6016298","2022-04-13 09:00","2022","04","13","09:00","-8.3","","-10.5","","84","","0.0","","36","","21","","16.1","","101.70","","","","-16","","Snow"
"-85.44","54.99","PEAWANUCK A","6016298","2022-04-13 10:00","2022","04","13","10:00","-7.8","","-10.2","","83","","0.0","","34","","13","","11.3","","101.73","","","","-14","","Snow"
"-85.44","54.99","PEAWANUCK A","6016298","2022-04-13 11:00","2022","04","13","11:00","-7.3","","-10.0","","81","","0.0","","3","","17","","16.1","","101.84","","","","-14","","Snow"
"-85.44","54.99","PEAWANUCK A","6016298","2022-04-13 12:00","2022","04","13","12:00","-6.8","","-9.9","","79","","0.0","","36","","15","","16.1","","101.83","","","","-13","","Snow"
"-85.44","54.99","PEAWANUCK A","6016298","2022-04-13 13:00","2022","04","13","13:00","-6.2","","-9.6","","77","","0.0","","2","","18","","16.1","","101.83","","","","-13","","Snow"
"-85.44","54.99","PEAWANUCK A","6016298","2022-04-13 14:00","2022","04","13","14:00","-6.1","","-9.4","","77","","0.0","","36","","17","","16.1","","101.83","","","","-12","","Snow"
"-85.44","54.99","PEAWANUCK A","6016298","2022-04-13 15:00","2022","04","13","15:00","-5.9","","-9.3","","77","","0.0","","3","","15","","16.1","","101.81","","","","-12","","Snow"
"-85.44","54.99","PEAWANUCK A","6016298","2022-04-13 16:00","2022","04","13","16:00","-6.5","","-9.6","","79","","0.0","","2","","22","","16.1","","101.75","","","","-14","","NA"
"-85.44","54.99","PEAWANUCK A","6016298","2022-04-13 17:00","2022","04","13","17:00","-7.0","","-9.4","","83","","0.0","","3","","21","","16.1","","101.78","","","","-14","","NA"
"-85.44","54.99","PEAWANUCK A","6016298","2022-04-13 18:00","2022","04","13","18:00","-7.4","","-9.2","","87","","0.0","","3","","24","","16.1","","101.72","","","","-15","","Snow"
"-85.44","54.99","PEAWANUCK A","6016298","2022-04-13 19:00","2022","04","13","19:00","-7.8","","-9.3","","89","","0.0","","2","","13","","16.1","","101.85","","","","-14","","Snow"
"-85.44","54.99","PEAWANUCK A","6016298","2022-04-13 20:00","2022","04","13","20:00","-8.3","","-10.0","","88","","0.0","","3","","17","","16.1","","101.91","","","","-15","","Snow"
"-85.44","54.99","PEAWANUCK A","6016298","2022-04-13 21:00","2022","04","13","21:00","-8.7","","-9.8","","92","","0.0","","3","","13","","9.7","","101.85","","","","-15","","Snow"
"-85.44","54.99","PEAWANUCK A","6016298","2022-04-13 22:00","2022","04","13","22:00","-8.1","","-9.3","","91","","0.0","","4","","18","","16.1","","101.74","","","","-15","","Snow"
"-85.44","54.99","PEAWANUCK A","6016298","2022-04-13 23:00","2022","04","13","23:00","-8.4","","-9.6","","91","","0.0","","5","","21","","16.1","","101.67","","","","-16","","Snow"
"-85.44","54.99","PEAWANUCK A","6016298","2022-04-14 00:00","2022","04","14","00:00","-8.0","","-9.2","","91","","0.0","","5","","17","","16.1","","101.63","","","","-15","","NA"
"-85.44","54.99","PEAWANUCK A","6016298","2022-04-14 01:00","2022","04","14","01:00","-8.2","","-9.6","","90","","0.0","","5","","17","","16.1","","101.52","","","","-15","","NA"
"-85.44","54.99","PEAWANUCK A","6016298","2022-04-14 02:00","2022","04","14","02:00","-8.4","","-9.5","","92","","0.0","","5","","15","","9.7","","101.42","","","","-15","","Snow"
"-85.44","54.99","PEAWANUCK A","6016298","2022-04-14 03:00","2022","04","14","03:00","-8.3","","-9.4","","92","","0.0","","3","","21","","2.8","","101.38","","","","-16","","Freezing Rain,Fog"
"-85.44","54.99","PEAWANUCK A","6016298","2022-04-14 04:00","2022","04","14","04:00","-8.4","","-9.6","","91","","0.0","","4","","15","","12.9","","101.29","","","","-15","","NA"
"-85.44","54.99","PEAWANUCK A","6016298","2022-04-14 05:00","2022","04","14","05:00","-8.4","","-9.5","","92","","0.0","","4","","21","","2.8","","101.17","","","","-16","","Freezing Rain,Fog"
"-85.44","54.99","PEAWANUCK A","6016298","2022-04-14 06:00","2022","04","14","06:00","-8.5","","-9.7","","91","","0.0","","4","","22","","14.5","","101.04","","","","-16","","Snow"
"-85.44","54.99","PEAWANUCK A","6016298","2022-04-14 07:00","2022","04","14","07:00","-8.3","","-9.7","","90","","0.0","","5","","21","","16.1","","100.98","","","","-16","","Snow"
"-85.44","54.99","PEAWANUCK A","6016298","2022-04-14 08:00","2022","04","14","08:00","-7.7","","-8.9","","91","","0.0","","5","","21","","14.5","","100.84","","","","-15","","Snow"
"-85.44","54.99","PEAWANUCK A","6016298","2022-04-14 09:00","2022","04","14","09:00","-7.2","","-8.4","","91","","0.0","","4","","22","","11.3","","100.70","","","","-15","","Snow"
"-85.44","54.99","PEAWANUCK A","6016298","2022-04-14 10:00","2022","04","14","10:00","-6.8","","-8.0","","91","","0.0","","5","","22","","14.5","","100.66","","","","-14","","Snow"
"-85.44","54.99","PEAWANUCK A","6016298","2022-04-14 11:00","2022","04","14","11:00","-6.5","","-7.6","","92","","0.0","","4","","24","","11.3","","100.57","","","","-14","","NA"
"-85.44","54.99","PEAWANUCK A","6016298","2022-04-14 12:00","2022","04","14","12:00","-6.0","","-7.2","","91","","0.0","","5","","30","","6.4","","100.37","","","","-14","","Fog"
"-85.44","54.99","PEAWANUCK A","6016298","2022-04-14 13:00","2022","04","14","13:00","-5.8","","-7.6","","87","","0.0","","4","","26","","11.3","","100.24","","","","-14","","Snow"
"-85.44","54.99","PEAWANUCK A","6016298","2022-04-14 14:00","2022","04","14","14:00","-5.4","","-7.1","","88","","0.0","","4","","18","","8.1","","100.16","","","","-12","","Snow"
"-85.44","54.99","PEAWANUCK A","6016298","2022-04-14 15:00","2022","04","14","15:00","-5.6","","-7.1","","89","","0.0","","4","","28","","16.1","","100.04","","","","-14","","NA"
"-85.44","54.99","PEAWANUCK A","6016298","2022-04-14 16:00","2022","04","14","16:00","-5.4","","-6.8","","90","","0.0","","5","","28","","16.1","","99.87","","","","-13","","NA"
"-85.44","54.99","PEAWANUCK A","6016298","2022-04-14 17:00","2022","04","14","17:00","-5.0","","-6.1","","92","","0.0","","4","","22","","16.1","","99.83","","","","-12","","NA"
"-85.44","54.99","PEAWANUCK A","6016298","2022-04-14 18:00","2022","04","14","18:00","-4.8","","-5.8","","93","","0.0","","3","","24","","16.1","","99.77","","","","-12","","NA"
"-85.44","54.99","PEAWANUCK A","6016298","2022-04-14 19:00","2022","04","14","19:00","-4.7","","-5.7","","93","","0.0","","3","","22","","16.1","","99.67","","","","-12","","NA"
"-85.44","54.99","PEAWANUCK A","6016298","2022-04-14 20:00","2022","04","14","20:00","-4.2","","-5.2","","93","","0.0","","3","","22","","2.4","","99.60","","","","-11","","Snow"
"-85.44","54.99","PEAWANUCK A","6016298","2022-04-14 21:00","2022","04","14","21:00","-3.9","","-4.9","","93","","0.5","","4","","24","","1.6","","99.49","","","","-11","","Snow"
"-85.44","54.99","PEAWANUCK A","6016298","2022-04-14 22:00","2022","04","14","22:00","-3.8","","-4.8","","93","","0.5","","4","","26","","1.6","","99.41","","","","-11","","Snow"
"-85.44","54.99","PEAWANUCK A","6016298","2022-04-14 23:00","2022","04","14","23:00","-3.9","","-4.9","","93","","0.5","","4","","26","","1.6","","99.29","","","","-11","","Snow"
"-85.44","54.99","PEAWANUCK A","6016298","2022-04-15 00:00","2022","04","15","00:00","-4.2","","-5.2","","93","","1.0","","3","","26","","1.2","","99.19","","","","-11","","Snow"
"-85.44","54.99","PEAWANUCK A","6016298","2022-04-15 01:00","2022","04","15","01:00","-4.2","","-5.2","","93","","1.0","","4","","24","","1.2","","99.15","","","","-11","","Snow"
"-85.44","54.99","PEAWANUCK A","6016298","2022-04-15 02:00","2022","04","15","02:00","-4.2","","-5.2","","93","","1.2","","4","","22","","1.2","","99.06","","","","-11","","Snow"
"-85.44","54.99","PEAWANUCK A","6016298","2022-04-15 03:00","2022","04","15","03:00","-4.2","","-5.2","","93","","1.0","","3","","17","","1.6","","98.98","","","","-10","","Snow"
"-85.44","54.99","PEAWANUCK A","6016298","2022-04-15 04:00","2022","04","15","04:00","-4.2","","-5.2","","93","","1.2","","2","","17","","1.2","","98.93","","","","-10","","Snow"
"-85.44","54.99","PEAWANUCK A","6016298","2022-04-15 05:00","2022","04","15","05:00","-4.2","","-5.2","","93","","1.2","","3","","21","","2.4","","98.91","","","","-11","","Snow"
"-85.44","54.99","PEAWANUCK A","6016298","2022-04-15 06:00","2022","04","15","06:00","-4.3","","-5.3","","93","","0.2","","2","","17","","1.2","","98.89","","","","-10","","Snow"
"-85.44","54.99","PEAWANUCK A","6016298","2022-04-15 07:00","2022","04","15","07:00","-4.2","","-5.2","","93","","0.5","","2","","17","","1.2","","98.90","","","","-10","","Snow"
"-85.44","54.99","PEAWANUCK A","6016298","2022-04-15 08:00","2022","04","15","08:00","-3.9","","-5.0","","92","","0.2","","1","","18","","2.0","","98.90","","","","-10","","Snow"
"-85.44","54.99","PEAWANUCK A","6016298","2022-04-15 09:00","2022","04","15","09:00","-3.8","","-5.1","","91","","0.2","","1","","15","","1.6","","98.93","","","","-9","","Snow"
"-85.44","54.99","PEAWANUCK A","6016298","2022-04-15 10:00","2022","04","15","10:00","-3.0","","-4.7","","88","","0.0","","1","","13","","3.2","","98.96","","","","-8","","Snow"
"-85.44","54.99","PEAWANUCK A","6016298","2022-04-15 11:00","2022","04","15","11:00","-2.8","","-4.5","","88","","0.0","","35","","11","","12.9","","98.98","","","","-7","","Snow"
"-85.44","54.99","PEAWANUCK A","6016298","2022-04-15 12:00","2022","04","15","12:00","-2.5","","-4.5","","86","","0.0","","36","","17","","16.1","","99.04","","","","-8","","Snow"
"-85.44","54.99","PEAWANUCK A","6016298","2022-04-15 13:00","2022","04","15","13:00","-2.3","","-4.6","","84","","0.0","","34","","13","","12.9","","99.10","","","","-7","","Snow"
"-85.44","54.99","PEAWANUCK A","6016298","2022-04-15 14:00","2022","04","15","14:00","-2.1","","-4.6","","83","","0.0","","33","","13","","16.1","","99.15","","","","-7","","Snow"
"-85.44","54.99","PEAWANUCK A","6016298","2022-04-15 15:00","2022","04","15","15:00","-2.8","","-5.4","","82","","0.0","","34","","15","","16.1","","99.23","","","","-8","","Snow"
"-85.44","54.99","PEAWANUCK A","6016298","2022-04-15 16:00","2022","04","15","16:00","-3.5","","-6.0","","83","","0.0","","34","","15","","16.1","","99.32","","","","-9","","Snow"
"-85.44","54.99","PEAWANUCK A","6016298","2022-04-15 17:00","2022","04","15","17:00","-4.2","","-6.5","","84","","0.0","","34","","15","","16.1","","99.40","","","","-10","","Snow"
"-85.44","54.99","PEAWANUCK A","6016298","2022-04-15 18:00","2022","04","15","18:00","-4.7","","-6.7","","86","","0.0","","33","","11","","16.1","","99.50","","","","-9","","Snow"
"-85.44","54.99","PEAWANUCK A","6016298","2022-04-15 19:00","2022","04","15","19:00","-5.5","","-7.2","","88","","0.0","","33","","11","","6.4","","99.59","","","","-10","","Snow"
"-85.44","54.99","PEAWANUCK A","6016298","2022-04-15 20:00","2022","04","15","20:00","-6.2","","-7.9","","88","","0.0","","33","","18","","12.9","","99.66","","","","-13","","Snow"
"-85.44","54.99","PEAWANUCK A","6016298","2022-04-15 21:00","2022","04","15","21:00","-6.8","","-8.5","","88","","0.0","","34","","18","","16.1","","99.73","","","","-13","","NA"
"-85.44","54.99","PEAWANUCK A","6016298","2022-04-15 22:00","2022","04","15","22:00","-7.1","","-8.9","","87","","0.0","","34","","17","","16.1","","99.79","","","","-14","","Snow"
"-85.44","54.99","PEAWANUCK A","6016298","2022-04-15 23:00","2022","04","15","23:00","-7.5","","-9.0","","89","","0.0","","34","","17","","2.0","","99.85","","","","-14","","Snow"
"-85.44","54.99","PEAWANUCK A","6016298","2022-04-16 00:00","2022","04","16","00:00","-7.8","","-9.2","","90","","0.0","","34","","15","","11.3","","99.92","","","","-14","","Snow"
"-85.44","54.99","PEAWANUCK A","6016298","2022-04-16 01:00","2022","04","16","01:00","-8.0","","-9.2","","91","","0.0","","35","","13","","16.1","","99.99","","","","-14","","Snow"
"-85.44","54.99","PEAWANUCK A","6016298","2022-04-16 02:00","2022","04","16","02:00","-8.4","","-9.6","","91","","0.0","","35","","21","","14.5","","100.06","","","","-16","","Snow"
"-85.44","54.99","PEAWANUCK A","6016298","2022-04-16 03:00","2022","04","16","03:00","-8.9","","-10.1","","91","","0.0","","35","","18","","16.1","","100.15","","","","-16","","Snow"
"-85.44","54.99","PEAWANUCK A","6016298","2022-04-16 04:00","2022","04","16","04:00","-9.1","","-10.6","","89","","0.0","","35","","22","","16.1","","100.22","","","","-17","","NA"
"-85.44","54.99","PEAWANUCK A","6016298","2022-04-16 05:00","2022","04","16","05:00","-9.3","","-10.8","","89","","0.0","","35","","15","","16.1","","100.32","","","","-16","","Snow"
"-85.44","54.99","PEAWANUCK A","6016298","2022-04-16 06:00","2022","04","16","06:00","-9.7","","-11.5","","87","","0.0","","35","","15","","16.1","","100.43","","","","-16","","Snow"
"-85.44","54.99","PEAWANUCK A","6016298","2022-04-16 07:00","2022","04","16","07:00","-9.7","","-11.9","","84","","0.0","","34","","18","","11.3","","100.51","","","","-17","","Snow"
"-85.44","54.99","PEAWANUCK A","6016298","2022-04-16 08:00","2022","04","16","08:00","-9.6","","-12.1","","82","","0.0","","34","","21","","3.2","","100.59","","","","-18","","Snow"
"-85.44","54.99","PEAWANUCK A","6016298","2022-04-16 09:00","2022","04","16","09:00","-9.5","","-12.8","","77","","0.0","","34","","24","","8.1","","100.70","","","","-18","","Snow"
"-85.44","54.99","PEAWANUCK A","6016298","2022-04-16 10:00","2022","04","16","10:00","-9.4","","-13.4","","73","","0.0","","35","","21","","14.5","","100.82","","","","-17","","Snow"
"-85.44","54.99","PEAWANUCK A","6016298","2022-04-16 11:00","2022","04","16","11:00","-9.8","","-14.0","","72","","0.0","","33","","22","","8.1","","100.92","","","","-18","","Snow"
"-85.44","54.99","PEAWANUCK A","6016298","2022-04-16 12:00","2022","04","16","12:00","-10.4","","-14.0","","75","","0.0","","33","","18","","4.0","","101.00","","","","-18","","Snow"
"-85.44","54.99","PEAWANUCK A","6016298","2022-04-16 13:00","2022","04","16","13:00","-9.2","","-13.6","","71","","0.0","","35","","21","","16.1","","101.12","","","","-17","","Snow"
"-85.44","54.99","PEAWANUCK A","6016298","2022-04-16 14:00","2022","04","16","14:00","-9.3","","-13.6","","71","","0.0","","34","","22","","16.1","","101.21","","","","-17","","Snow"
"-85.44","54.99","PEAWANUCK A","6016298","2022-04-16 15:00","2022","04","16","15:00","-8.4","","-13.4","","67","","0.0","","32","","22","","16.1","","101.29","","","","-16","","NA"
"-85.44","54.99","PEAWANUCK A","6016298","2022-04-16 16:00","2022","04","16","16:00","-8.8","","-14.1","","66","","0.0","","35","","22","","16.1","","101.39","","","","-17","","NA"
"-85.44","54.99","PEAWANUCK A","6016298","2022-04-16 17:00","2022","04","16","17:00","-8.9","","-14.2","","66","","0.0","","34","","17","","16.1","","101.51","","","","-16","","NA"
"-85.44","54.99","PEAWANUCK A","6016298","2022-04-16 18:00","2022","04","16","18:00","-9.9","","-14.8","","68","","0.0","","35","","22","","16.1","","101.64","","","","-18","","NA"
"-85.44","54.99","PEAWANUCK A","6016298","2022-04-16 19:00","2022","04","16","19:00","-10.8","","-15.3","","70","","0.0","","34","","17","","16.1","","101.75","","","","-18","","NA"
"-85.44","54.99","PEAWANUCK A","6016298","2022-04-16 20:00","2022","04","16","20:00","-12.1","","-15.0","","79","","0.0","","35","","15","","16.1","","101.86","","","","-19","","NA"
"-85.44","54.99","PEAWANUCK A","6016298","2022-04-16 21:00","2022","04","16","21:00","-13.4","","-15.9","","82","","0.0","","34","","11","","16.1","","101.95","","","","-20","","NA"
"-85.44","54.99","PEAWANUCK A","6016298","2022-04-16 22:00","2022","04","16","22:00","-14.1","","-16.4","","83","","0.0","","33","","11","","16.1","","102.00","","","","-21","","NA"
"-85.44","54.99","PEAWANUCK A","6016298","2022-04-16 23:00","2022","04","16","23:00","-15.0","","-17.1","","84","","0.0","","34","","11","","16.1","","102.04","","","","-22","","NA"
"-85.44","54.99","PEAWANUCK A","6016298","2022-04-17 00:00","2022","04","17","00:00","-16.2","","-18.0","","86","","0.0","","33","","11","","16.1","","102.08","","","","-23","","NA"
"-85.44","54.99","PEAWANUCK A","6016298","2022-04-17 01:00","2022","04","17","01:00","-17.1","","-18.8","","87","","0.0","","33","","9","","16.1","","102.11","","","","-23","","NA"
"-85.44","54.99","PEAWANUCK A","6016298","2022-04-17 02:00","2022","04","17","02:00","-18.0","","-19.7","","87","","0.0","","33","","9","","16.1","","102.18","","","","-24","","NA"
"-85.44","54.99","PEAWANUCK A","6016298","2022-04-17 03:00","2022","04","17","03:00","-18.9","","-20.7","","86","","0.0","","32","","9","","16.1","","102.26","","","","-25","","NA"
"-85.44","54.99","PEAWANUCK A","6016298","2022-04-17 04:00","2022","04","17","04:00","-19.1","","-21.0","","85","","0.0","","33","","11","","16.1","","102.33","","","","-27","","NA"
"-85.44","54.99","PEAWANUCK A","6016298","2022-04-17 05:00","2022","04","17","05:00","-20.0","","-22.1","","84","","0.0","","32","","9","","16.1","","102.39","","","","-27","","NA"
"-85.44","54.99","PEAWANUCK A","6016298","2022-04-17 06:00","2022","04","17","06:00","-20.1","","-22.2","","84","","0.0","","32","","8","","16.1","","102.45","","","","-26","","NA"
"-85.44","54.99","PEAWANUCK A","6016298","2022-04-17 07:00","2022","04","17","07:00","-18.1","","-20.0","","85","","0.0","","34","","8","","16.1","","102.51","","","","-24","","NA"
"-85.44","54.99","PEAWANUCK A","6016298","2022-04-17 08:00","2022","04","17","08:00","-16.1","","-18.2","","84","","0.0","","1","","8","","16.1","","102.56","","","","-22","","NA"
"-85.44","54.99","PEAWANUCK A","6016298","2022-04-17 09:00","2022","04","17","09:00","-14.3","","-16.7","","82","","0.0","","32","","8","","16.1","","102.56","","","","-20","","NA"
"-85.44","54.99","PEAWANUCK A","6016298","2022-04-17 10:00","2022","04","17","10:00","-12.8","","-16.5","","74","","0.0","","33","","9","","16.1","","102.61","","","","-18","","NA"
"-85.44","54.99","PEAWANUCK A","6016298","2022-04-17 11:00","2022","04","17","11:00","-11.3","","-16.7","","65","","0.0","","33","","9","","16.1","","102.58","","","","-16","","NA"
"-85.44","54.99","PEAWANUCK A","6016298","2022-04-17 12:00","2022","04","17","12:00","-9.1","","-15.7","","59","","0.0","","7","","8","","16.1","","102.57","","","","-13","","NA"
"-85.44","54.99","PEAWANUCK A","6016298","2022-04-17 13:00","2022","04","17","13:00","-9.1","","-16.1","","57","","0.0","","30","","11","","16.1","","102.60","","","","-15","","NA"
"-85.44","54.99","PEAWANUCK A","6016298","2022-04-17 14:00","2022","04","17","14:00","-8.1","","-15.7","","55","","0.0","","34","","5","","16.1","","102.56","","","","-11","","NA"
"-85.44","54.99","PEAWANUCK A","6016298","2022-04-17 15:00","2022","04","17","15:00","-7.7","","-16.1","","51","","0.0","","32","","9","","16.1","","102.54","","","","-12","","NA"
"-85.44","54.99","PEAWANUCK A","6016298","2022-04-17 16:00","2022","04","17","16:00","-7.3","","-15.6","","52","","0.0","","8","","13","","16.1","","102.50","","","","-13","","NA"
"-85.44","54.99","PEAWANUCK A","6016298","2022-04-17 17:00","2022","04","17","17:00","-7.6","","-15.3","","55","","0.0","","4","","9","","16.1","","102.46","","","","-12","","NA"
"-85.44","54.99","PEAWANUCK A","6016298","2022-04-17 18:00","2022","04","17","18:00","-8.7","","-15.1","","60","","0.0","","6","","8","","16.1","","102.45","","","","-13","","NA"
"-85.44","54.99","PEAWANUCK A","6016298","2022-04-17 19:00","2022","04","17","19:00","-9.9","","-15.1","","66","","0.0","","5","","8","","16.1","","102.45","","","","-14","","NA"
"-85.44","54.99","PEAWANUCK A","6016298","2022-04-17 20:00","2022","04","17","20:00","-11.4","","-15.2","","74","","0.0","","6","","8","","16.1","","102.45","","","","-16","","NA"
"-85.44","54.99","PEAWANUCK A","6016298","2022-04-17 21:00","2022","04","17","21:00","-12.3","","-15.4","","78","","0.0","","5","","9","","16.1","","102.43","","","","-18","","NA"
"-85.44","54.99","PEAWANUCK A","6016298","2022-04-17 22:00","2022","04","17","22:00","-12.5","","-15.4","","79","","0.0","","6","","5","","16.1","","102.41","","","","-16","","NA"
"-85.44","54.99","PEAWANUCK A","6016298","2022-04-17 23:00","2022","04","17","23:00","-13.3","","-15.9","","81","","0.0","","7","","5","","16.1","","102.39","","","","-17","","NA"
"-85.44","54.99","PEAWANUCK A","6016298","2022-04-18 00:00","2022","04","18","00:00","-13.2","","-15.8","","81","","0.0","","8","","8","","16.1","","102.34","","","","-18","","NA"
"-85.44","54.99","PEAWANUCK A","6016298","2022-04-18 01:00","2022","04","18","01:00","-13.6","","-16.1","","82","","0.0","","10","","5","","16.1","","102.30","","","","-17","","NA"
"-85.44","54.99","PEAWANUCK A","6016298","2022-04-18 02:00","2022","04","18","02:00","-14.0","","-16.3","","83","","0.0","","9","","8","","16.1","","102.25","","","","-19","","NA"
"-85.44","54.99","PEAWANUCK A","6016298","2022-04-18 03:00","2022","04","18","03:00","-14.4","","-16.7","","83","","0.0","","11","","8","","16.1","","102.26","","","","-20","","NA"
"-85.44","54.99","PEAWANUCK A","6016298","2022-04-18 04:00","2022","04","18","04:00","-14.5","","-16.6","","84","","0.0","","12","","5","","16.1","","102.22","","","","-18","","NA"
"-85.44","54.99","PEAWANUCK A","6016298","2022-04-18 05:00","2022","04","18","05:00","-13.9","","-16.5","","81","","0.0","","14","","9","","16.1","","102.19","","","","-20","","NA"
"-85.44","54.99","PEAWANUCK A","6016298","2022-04-18 06:00","2022","04","18","06:00","-13.7","","-16.5","","80","","0.0","","14","","8","","16.1","","102.18","","","","-19","","NA"
"-85.44","54.99","PEAWANUCK A","6016298","2022-04-18 07:00","2022","04","18","07:00","-12.2","","-15.8","","75","","0.0","","14","","8","","16.1","","102.15","","","","-17","","NA"
"-85.44","54.99","PEAWANUCK A","6016298","2022-04-18 08:00","2022","04","18","08:00","-10.1","","-15.2","","66","","0.0","","16","","11","","16.1","","102.14","","","","-16","","NA"
"-85.44","54.99","PEAWANUCK A","6016298","2022-04-18 09:00","2022","04","18","09:00","-8.6","","-14.8","","61","","0.0","","15","","8","","16.1","","102.13","","","","-13","","NA"
"-85.44","54.99","PEAWANUCK A","6016298","2022-04-18 10:00","2022","04","18","10:00","-7.1","","-14.8","","55","","0.0","","17","","8","","16.1","","102.12","","","","-11","","NA"
"-85.44","54.99","PEAWANUCK A","6016298","2022-04-18 11:00","2022","04","18","11:00","-5.8","","-15.2","","48","","0.0","","16","","9","","16.1","","102.11","","","","-10","","NA"
"-85.44","54.99","PEAWANUCK A","6016298","2022-04-18 12:00","2022","04","18","12:00","-4.4","","-14.4","","46","","0.0","","10","","5","","16.1","","102.07","","","","-7","","NA"
"-85.44","54.99","PEAWANUCK A","6016298","2022-04-18 13:00","2022","04","18","13:00","-3.8","","-14.4","","44","","0.0","","14","","9","","16.1","","102.02","","","","-8","","NA"
"-85.44","54.99","PEAWANUCK A","6016298","2022-04-18 14:00","2022","04","18","14:00","-4.3","","-14.9","","44","","0.0","","","M","4","","16.1","","101.99","","","","-6","","NA"
"-85.44","54.99","PEAWANUCK A","6016298","2022-04-18 15:00","2022","04","18","15:00","-3.7","","-14.0","","45","","0.0","","13","","9","","16.1","","101.97","","","","-7","","NA"
"-85.44","54.99","PEAWANUCK A","6016298","2022-04-18 16:00","2022","04","18","16:00","-3.7","","-14.3","","44","","0.0","","","M","4","","16.1","","101.96","","","","-5","","NA"
"-85.44","54.99","PEAWANUCK A","6016298","2022-04-18 17:00","2022","04","18","17:00","-3.8","","-13.6","","47","","0.0","","9","","8","","16.1","","101.95","","","","-7","","NA"
"-85.44","54.99","PEAWANUCK A","6016298","2022-04-18 18:00","2022","04","18","18:00","-4.3","","-13.8","","48","","0.0","","12","","5","","16.1","","101.94","","","","-6","","NA"
"-85.44","54.99","PEAWANUCK A","6016298","2022-04-18 19:00","2022","04","18","19:00","-4.9","","-14.3","","48","","0.0","","10","","8","","16.1","","101.93","","","","-8","","NA"
"-85.44","54.99","PEAWANUCK A","6016298","2022-04-18 20:00","2022","04","18","20:00","-6.3","","-14.6","","52","","0.0","","9","","8","","16.1","","101.96","","","","-10","","NA"
"-85.44","54.99","PEAWANUCK A","6016298","2022-04-18 21:00","2022","04","18","21:00","-8.3","","-15.0","","59","","0.0","","8","","5","","16.1","","101.98","","","","-11","","NA"
"-85.44","54.99","PEAWANUCK A","6016298","2022-04-18 22:00","2022","04","18","22:00","-10.2","","-14.7","","70","","0.0","","11","","5","","16.1","","101.96","","","","-13","","NA"
"-85.44","54.99","PEAWANUCK A","6016298","2022-04-18 23:00","2022","04","18","23:00","-11.3","","-14.6","","77","","0.0","","13","","5","","16.1","","101.94","","","","-14","","NA"
"-85.44","54.99","PEAWANUCK A","6016298","2022-04-19 00:00","2022","04","19","00:00","-12.4","","-15.2","","80","","0.0","","14","","5","","16.1","","101.93","","","","-16","","NA"
"-85.44","54.99","PEAWANUCK A","6016298","2022-04-19 01:00","2022","04","19","01:00","-12.8","","-15.1","","83","","0.0","","18","","4","","16.1","","101.93","","","","-15","","NA"
"-85.44","54.99","PEAWANUCK A","6016298","2022-04-19 02:00","2022","04","19","02:00","-13.6","","-15.8","","84","","0.0","","19","","5","","16.1","","101.91","","","","-17","","NA"
"-85.44","54.99","PEAWANUCK A","6016298","2022-04-19 03:00","2022","04","19","03:00","-18.9","","-21.0","","84","","0.0","","22","","4","","16.1","","101.87","","","","-22","","NA"
"-85.44","54.99","PEAWANUCK A","6016298","2022-04-19 04:00","2022","04","19","04:00","-18.1","","-19.9","","86","","0.0","","19","","8","","16.1","","101.83","","","","-24","","NA"
"-85.44","54.99","PEAWANUCK A","6016298","2022-04-19 05:00","2022","04","19","05:00","-19.0","","-21.1","","84","","0.0","","20","","9","","16.1","","101.85","","","","-26","","NA"
"-85.44","54.99","PEAWANUCK A","6016298","2022-04-19 06:00","2022","04","19","06:00","-18.8","","-20.5","","87","","0.0","","23","","9","","16.1","","101.89","","","","-25","","NA"
"-85.44","54.99","PEAWANUCK A","6016298","2022-04-19 07:00","2022","04","19","07:00","-13.3","","-15.3","","85","","0.0","","26","","4","","16.1","","101.90","","","","-16","","NA"
"-85.44","54.99","PEAWANUCK A","6016298","2022-04-19 08:00","2022","04","19","08:00","-10.3","","-14.6","","71","","0.0","","15","","4","","16.1","","101.83","","","","-13","","NA"
"-85.44","54.99","PEAWANUCK A","6016298","2022-04-19 09:00","2022","04","19","09:00","-6.0","","-13.6","","55","","0.0","","17","","11","","16.1","","101.78","","","","-11","","NA"
"-85.44","54.99","PEAWANUCK A","6016298","2022-04-19 10:00","2022","04","19","10:00","-4.2","","-12.2","","54","","0.0","","17","","13","","16.1","","101.74","","","","-9","","NA"
"-85.44","54.99","PEAWANUCK A","6016298","2022-04-19 11:00","2022","04","19","11:00","-3.4","","-11.6","","53","","0.0","","23","","11","","16.1","","101.71","","","","-8","","NA"
"-85.44","54.99","PEAWANUCK A","6016298","2022-04-19 12:00","2022","04","19","12:00","-2.5","","-12.8","","45","","0.0","","22","","18","","16.1","","101.65","","","","-8","","NA"
"-85.44","54.99","PEAWANUCK A","6016298","2022-04-19 13:00","2022","04","19","13:00","-1.2","","-11.2","","47","","0.0","","21","","17","","16.1","","101.61","","","","-6","","NA"
"-85.44","54.99","PEAWANUCK A","6016298","2022-04-19 14:00","2022","04","19","14:00","-0.5","","-12.2","","41","","0.0","","20","","15","","16.1","","101.52","","","","-5","","NA"
"-85.44","54.99","PEAWANUCK A","6016298","2022-04-19 15:00","2022","04","19","15:00","0.2","","-12.3","","39","","0.0","","23","","21","","16.1","","101.45","","","","","","NA"
"-85.44","54.99","PEAWANUCK A","6016298","2022-04-19 16:00","2022","04","19","16:00","1.0","","-11.5","","39","","0.0","","21","","18","","16.1","","101.41","","","","","","NA"
"-85.44","54.99","PEAWANUCK A","6016298","2022-04-19 17:00","2022","04","19","17:00","1.3","","-11.9","","37","","0.0","","22","","13","","16.1","","101.37","","","","","","NA"
"-85.44","54.99","PEAWANUCK A","6016298","2022-04-19 18:00","2022","04","19","18:00","1.3","","-10.9","","40","","0.0","","21","","21","","16.1","","101.35","","","","","","NA"
"-85.44","54.99","PEAWANUCK A","6016298","2022-04-19 19:00","2022","04","19","19:00","0.7","","-11.4","","40","","0.0","","22","","15","","16.1","","101.32","","","","","","NA"
"-85.44","54.99","PEAWANUCK A","6016298","2022-04-19 20:00","2022","04","19","20:00","-1.8","","-10.4","","52","","0.0","","18","","9","","16.1","","101.28","","","","-5","","NA"
"-85.44","54.99","PEAWANUCK A","6016298","2022-04-19 21:00","2022","04","19","21:00","-2.9","","-11.5","","52","","0.0","","19","","11","","16.1","","101.27","","","","-7","","NA"
"-85.44","54.99","PEAWANUCK A","6016298","2022-04-19 22:00","2022","04","19","22:00","-4.0","","-12.3","","53","","0.0","","26","","5","","16.1","","101.27","","","","-6","","NA"
"-85.44","54.99","PEAWANUCK A","6016298","2022-04-19 23:00","2022","04","19","23:00","-6.3","","-12.2","","63","","0.0","","33","","8","","16.1","","101.31","","","","-10","","NA"
"-85.44","54.99","PEAWANUCK A","6016298","2022-04-20 00:00","2022","04","20","00:00","-7.7","","-8.6","","93","","0.0","","35","","15","","1.2","","101.33","","","","-14","","Snow"
"-85.44","54.99","PEAWANUCK A","6016298","2022-04-20 01:00","2022","04","20","01:00","-8.0","","-9.1","","92","","0.0","","34","","11","","1.0","","101.33","","","","-13","","Freezing Rain,Fog"
"-85.44","54.99","PEAWANUCK A","6016298","2022-04-20 02:00","2022","04","20","02:00","-9.0","","-10.2","","91","","0.0","","35","","9","","16.1","","101.34","","","","-14","","NA"
"-85.44","54.99","PEAWANUCK A","6016298","2022-04-20 03:00","2022","04","20","03:00","-10.1","","-11.4","","90","","0.0","","2","","5","","16.1","","101.35","","","","-13","","NA"
"-85.44","54.99","PEAWANUCK A","6016298","2022-04-20 04:00","2022","04","20","04:00","-12.1","","-13.7","","88","","0.0","","35","","5","","16.1","","101.38","","","","-15","","NA"
"-85.44","54.99","PEAWANUCK A","6016298","2022-04-20 05:00","2022","04","20","05:00","-13.2","","-14.8","","88","","0.0","","36","","8","","16.1","","101.38","","","","-18","","NA"
"-85.44","54.99","PEAWANUCK A","6016298","2022-04-20 06:00","2022","04","20","06:00","-14.0","","-15.7","","87","","0.0","","2","","4","","16.1","","101.41","","","","-17","","NA"
"-85.44","54.99","PEAWANUCK A","6016298","2022-04-20 07:00","2022","04","20","07:00","-11.8","","-13.4","","88","","0.0","","5","","8","","16.1","","101.44","","","","-17","","NA"
"-85.44","54.99","PEAWANUCK A","6016298","2022-04-20 08:00","2022","04","20","08:00","-10.5","","-12.0","","89","","0.0","","5","","13","","16.1","","101.43","","","","-17","","NA"
"-85.44","54.99","PEAWANUCK A","6016298","2022-04-20 09:00","2022","04","20","09:00","-9.1","","-11.0","","86","","0.0","","4","","11","","16.1","","101.42","","","","-15","","NA"
"-85.44","54.99","PEAWANUCK A","6016298","2022-04-20 10:00","2022","04","20","10:00","-7.2","","-12.7","","65","","0.0","","6","","9","","16.1","","101.42","","","","-12","","NA"
"-85.44","54.99","PEAWANUCK A","6016298","2022-04-20 11:00","2022","04","20","11:00","-6.2","","-13.1","","58","","0.0","","7","","5","","16.1","","101.40","","","","-9","","NA"
"-85.44","54.99","PEAWANUCK A","6016298","2022-04-20 12:00","2022","04","20","12:00","-4.1","","-13.1","","50","","0.0","","8","","15","","16.1","","101.35","","","","-9","","NA"
"-85.44","54.99","PEAWANUCK A","6016298","2022-04-20 13:00","2022","04","20","13:00","-3.7","","-13.2","","48","","0.0","","10","","18","","16.1","","101.29","","","","-10","","NA"
"-85.44","54.99","PEAWANUCK A","6016298","2022-04-20 14:00","2022","04","20","14:00","-3.0","","-12.8","","47","","0.0","","10","","13","","16.1","","101.28","","","","-8","","NA"
"-85.44","54.99","PEAWANUCK A","6016298","2022-04-20 15:00","2022","04","20","15:00","-2.0","","-12.2","","46","","0.0","","10","","13","","16.1","","101.22","","","","-6","","NA"
"-85.44","54.99","PEAWANUCK A","6016298","2022-04-20 16:00","2022","04","20","16:00","-1.3","","-11.5","","46","","0.0","","10","","15","","16.1","","101.14","","","","-6","","NA"
"-85.44","54.99","PEAWANUCK A","6016298","2022-04-20 17:00","2022","04","20","17:00","-1.3","","-11.0","","48","","0.0","","9","","17","","16.1","","101.06","","","","-6","","NA"
"-85.44","54.99","PEAWANUCK A","6016298","2022-04-20 18:00","2022","04","20","18:00","-2.6","","-10.7","","54","","0.0","","7","","13","","16.1","","100.99","","","","-7","","NA"
"-85.44","54.99","PEAWANUCK A","6016298","2022-04-20 19:00","2022","04","20","19:00","-3.8","","-10.9","","58","","0.0","","7","","13","","16.1","","100.89","","","","-9","","NA"
"-85.44","54.99","PEAWANUCK A","6016298","2022-04-20 20:00","2022","04","20","20:00","-4.7","","-10.7","","63","","0.0","","8","","13","","16.1","","100.84","","","","-10","","NA"
"-85.44","54.99","PEAWANUCK A","6016298","2022-04-20 21:00","2022","04","20","21:00","-5.1","","-10.7","","65","","0.0","","9","","13","","16.1","","100.79","","","","-10","","NA"
"-85.44","54.99","PEAWANUCK A","6016298","2022-04-20 22:00","2022","04","20","22:00","-5.3","","-10.1","","69","","0.0","","10","","15","","16.1","","100.68","","","","-11","","NA"
"-85.44","54.99","PEAWANUCK A","6016298","2022-04-20 23:00","2022","04","20","23:00","-4.6","","-9.3","","70","","0.0","","11","","9","","16.1","","100.61","","","","-8","","NA"
"-85.44","54.99","PEAWANUCK A","6016298","2022-04-21 00:00","2022","04","21","00:00","-3.6","","-6.6","","80","","0.0","","10","","9","","4.0","","100.53","","","","-7","","Snow"
"-85.44","54.99","PEAWANUCK A","6016298","2022-04-21 01:00","2022","04","21","01:00","-3.8","","-5.1","","91","","0.0","","10","","11","","3.6","","100.40","","","","-8","","Snow"
"-85.44","54.99","PEAWANUCK A","6016298","2022-04-21 02:00","2022","04","21","02:00","-3.9","","-4.9","","93","","0.2","","8","","15","","2.0","","100.24","","","","-9","","Snow"
"-85.44","54.99","PEAWANUCK A","6016298","2022-04-21 03:00","2022","04","21","03:00","-3.9","","-4.9","","93","","0.5","","8","","13","","1.6","","100.09","","","","-9","","Snow"
"-85.44","54.99","PEAWANUCK A","6016298","2022-04-21 04:00","2022","04","21","04:00","-3.8","","-4.8","","93","","0.2","","9","","18","","2.8","","99.97","","","","-10","","Snow"
"-85.44","54.99","PEAWANUCK A","6016298","2022-04-21 05:00","2022","04","21","05:00","-3.1","","-4.1","","93","","0.5","","9","","13","","2.4","","99.88","","","","-8","","Snow"
"-85.44","54.99","PEAWANUCK A","6016298","2022-04-21 06:00","2022","04","21","06:00","-3.5","","-4.3","","94","","0.2","","7","","9","","3.6","","99.80","","","","-7","","Snow"
"-85.44","54.99","PEAWANUCK A","6016298","2022-04-21 07:00","2022","04","21","07:00","-2.8","","-3.6","","94","","0.2","","8","","9","","2.0","","99.77","","","","-6","","Snow"
"-85.44","54.99","PEAWANUCK A","6016298","2022-04-21 08:00","2022","04","21","08:00","-2.1","","-3.1","","93","","0.5","","7","","8","","1.6","","99.76","","","","-5","","Snow"
"-85.44","54.99","PEAWANUCK A","6016298","2022-04-21 09:00","2022","04","21","09:00","-1.7","","-2.8","","92","","0.2","","1","","5","","2.8","","99.76","","","","-4","","Snow"
"-85.44","54.99","PEAWANUCK A","6016298","2022-04-21 10:00","2022","04","21","10:00","-2.3","","-3.7","","90","","0.0","","34","","13","","6.4","","99.83","","","","-7","","Snow"
"-85.44","54.99","PEAWANUCK A","6016298","2022-04-21 11:00","2022","04","21","11:00","-2.0","","-3.9","","87","","0.2","","36","","17","","4.8","","99.93","","","","-7","","Snow"
"-85.44","54.99","PEAWANUCK A","6016298","2022-04-21 12:00","2022","04","21","12:00","-3.5","","-6.0","","83","","0.0","","34","","18","","4.8","","100.08","","","","-9","","Snow"
"-85.44","54.99","PEAWANUCK A","6016298","2022-04-21 13:00","2022","04","21","13:00"
"-85.44","54.99","PEAWANUCK A","6016298","2022-04-21 14:00","2022","04","21","14:00"
"-85.44","54.99","PEAWANUCK A","6016298","2022-04-21 15:00","2022","04","21","15:00"
"-85.44","54.99","PEAWANUCK A","6016298","2022-04-21 16:00","2022","04","21","16:00"
"-85.44","54.99","PEAWANUCK A","6016298","2022-04-21 17:00","2022","04","21","17:00"
"-85.44","54.99","PEAWANUCK A","6016298","2022-04-21 18:00","2022","04","21","18:00"
"-85.44","54.99","PEAWANUCK A","6016298","2022-04-21 19:00","2022","04","21","19:00"
"-85.44","54.99","PEAWANUCK A","6016298","2022-04-21 20:00","2022","04","21","20:00"
"-85.44","54.99","PEAWANUCK A","6016298","2022-04-21 21:00","2022","04","21","21:00","-11.9","","-15.8","","73","","0.0","","33","","24","","16.1","","101.78","","","","-21","","Snow"
"-85.44","54.99","PEAWANUCK A","6016298","2022-04-21 22:00","2022","04","21","22:00","-11.8","","-15.6","","74","","0.0","","33","","24","","16.1","","101.89","","","","-21","","Snow"
"-85.44","54.99","PEAWANUCK A","6016298","2022-04-21 23:00","2022","04","21","23:00","-11.8","","-15.5","","74","","0.0","","32","","18","","16.1","","101.97","","","","-20","","Snow"
"-85.44","54.99","PEAWANUCK A","6016298","2022-04-22 00:00","2022","04","22","00:00","-12.1","","-15.7","","75","","0.0","","33","","13","","16.1","","102.07","","","","-19","","Snow"
"-85.44","54.99","PEAWANUCK A","6016298","2022-04-22 01:00","2022","04","22","01:00","-12.2","","-15.8","","75","","0.0","","33","","13","","16.1","","102.15","","","","-19","","Snow"
"-85.44","54.99","PEAWANUCK A","6016298","2022-04-22 02:00","2022","04","22","02:00","-12.3","","-15.7","","76","","0.0","","33","","13","","16.1","","102.24","","","","-19","","Snow"
"-85.44","54.99","PEAWANUCK A","6016298","2022-04-22 03:00","2022","04","22","03:00","-12.5","","-15.7","","77","","0.0","","32","","9","","16.1","","102.34","","","","-18","","Snow"
"-85.44","54.99","PEAWANUCK A","6016298","2022-04-22 04:00","2022","04","22","04:00","-12.7","","-15.9","","77","","0.0","","32","","11","","16.1","","102.43","","","","-19","","Snow"
"-85.44","54.99","PEAWANUCK A","6016298","2022-04-22 05:00","2022","04","22","05:00","-14.6","","-17.3","","80","","0.0","","28","","5","","16.1","","102.52","","","","-18","","Snow"
"-85.44","54.99","PEAWANUCK A","6016298","2022-04-22 06:00","2022","04","22","06:00","-14.8","","-17.5","","80","","0.0","","","M","4","","16.1","","102.61","","","","-18","","NA"
"-85.44","54.99","PEAWANUCK A","6016298","2022-04-22 07:00","2022","04","22","07:00","-14.1","","-17.2","","78","","0.0","","25","","9","","16.1","","102.76","","","","-20","","NA"
"-85.44","54.99","PEAWANUCK A","6016298","2022-04-22 08:00","2022","04","22","08:00","-13.4","","-16.6","","77","","0.0","","","M","","M","","M","102.83","","","","","","NA"
"-85.44","54.99","PEAWANUCK A","6016298","2022-04-22 09:00","2022","04","22","09:00"
"-85.44","54.99","PEAWANUCK A","6016298","2022-04-22 10:00","2022","04","22","10:00"
"-85.44","54.99","PEAWANUCK A","6016298","2022-04-22 11:00","2022","04","22","11:00","-10.3","","-15.7","","65","","0.0","","29","","8","","16.1","","102.86","","","","-15","","NA"
"-85.44","54.99","PEAWANUCK A","6016298","2022-04-22 12:00","2022","04","22","12:00","-8.6","","-16.1","","55","","0.5","","24","","8","","16.1","","102.84","","","","-13","","NA"
"-85.44","54.99","PEAWANUCK A","6016298","2022-04-22 13:00","2022","04","22","13:00","-6.7","","-16.8","","45","","0.0","","26","","5","","16.1","","102.79","","","","-9","","NA"
"-85.44","54.99","PEAWANUCK A","6016298","2022-04-22 14:00","2022","04","22","14:00","-5.2","","-18.7","","34","","0.0","","26","","5","","16.1","","102.77","","","","-7","","NA"
"-85.44","54.99","PEAWANUCK A","6016298","2022-04-22 15:00","2022","04","22","15:00","-4.0","","-15.4","","41","","0.0","","17","","9","","16.1","","102.76","","","","-8","","NA"
"-85.44","54.99","PEAWANUCK A","6016298","2022-04-22 16:00","2022","04","22","16:00","-2.7","","-14.3","","41","","0.0","","18","","13","","16.1","","102.76","","","","-7","","NA"
"-85.44","54.99","PEAWANUCK A","6016298","2022-04-22 17:00","2022","04","22","17:00","-1.8","","-14.8","","37","","0.0","","18","","11","","16.1","","102.73","","","","-6","","NA"
"-85.44","54.99","PEAWANUCK A","6016298","2022-04-22 18:00","2022","04","22","18:00","-2.4","","-15.6","","36","","0.0","","16","","9","","16.1","","102.73","","","","-6","","NA"
"-85.44","54.99","PEAWANUCK A","6016298","2022-04-22 19:00","2022","04","22","19:00","-2.6","","-15.8","","36","","0.0","","14","","5","","16.1","","102.68","","","","-5","","NA"
"-85.44","54.99","PEAWANUCK A","6016298","2022-04-22 20:00","2022","04","22","20:00","-4.4","","-15.8","","41","","0.0","","14","","9","","16.1","","102.65","","","","-8","","NA"
"-85.44","54.99","PEAWANUCK A","6016298","2022-04-22 21:00","2022","04","22","21:00","-5.9","","-15.5","","47","","0.0","","14","","11","","16.1","","102.65","","","","-11","","NA"
"-85.44","54.99","PEAWANUCK A","6016298","2022-04-22 22:00","2022","04","22","22:00","-8.0","","-16.7","","50","","0.0","","13","","9","","16.1","","102.65","","","","-13","","NA"
"-85.44","54.99","PEAWANUCK A","6016298","2022-04-22 23:00","2022","04","22","23:00","-8.4","","-16.6","","52","","0.0","","17","","5","","16.1","","102.64","","","","-11","","NA"
"-85.44","54.99","PEAWANUCK A","6016298","2022-04-23 00:00","2022","04","23","00:00","-9.7","","-16.9","","56","","0.0","","17","","8","","16.1","","102.64","","","","-14","","NA"
"-85.44","54.99","PEAWANUCK A","6016298","2022-04-23 01:00","2022","04","23","01:00","-10.6","","-17.3","","59","","0.0","","17","","9","","16.1","","102.62","","","","-16","","NA"
"-85.44","54.99","PEAWANUCK A","6016298","2022-04-23 02:00","2022","04","23","02:00","-11.8","","-17.6","","63","","0.0","","17","","9","","16.1","","102.62","","","","-17","","NA"
"-85.44","54.99","PEAWANUCK A","6016298","2022-04-23 03:00","2022","04","23","03:00","-11.5","","-17.2","","63","","0.0","","17","","11","","16.1","","102.63","","","","-17","","NA"
"-85.44","54.99","PEAWANUCK A","6016298","2022-04-23 04:00","2022","04","23","04:00","-12.1","","-17.4","","65","","0.0","","17","","9","","16.1","","102.65","","","","-17","","NA"
"-85.44","54.99","PEAWANUCK A","6016298","2022-04-23 05:00","2022","04","23","05:00","-11.8","","-16.4","","69","","0.0","","16","","9","","16.1","","102.55","","","","-17","","NA"
"-85.44","54.99","PEAWANUCK A","6016298","2022-04-23 06:00","2022","04","23","06:00","-13.7","","-17.4","","74","","0.0","","12","","8","","16.1","","102.57","","","","-19","","NA"
"-85.44","54.99","PEAWANUCK A","6016298","2022-04-23 07:00","2022","04","23","07:00","-10.4","","-15.8","","65","","0.0","","15","","9","","16.1","","102.59","","","","-15","","NA"
"-85.44","54.99","PEAWANUCK A","6016298","2022-04-23 08:00","2022","04","23","08:00","-6.9","","-14.1","","57","","0.0","","15","","9","","16.1","","102.63","","","","-11","","NA"
"-85.44","54.99","PEAWANUCK A","6016298","2022-04-23 09:00","2022","04","23","09:00","-4.6","","-12.8","","53","","0.0","","15","","18","","16.1","","102.64","","","","-11","","NA"
"-85.44","54.99","PEAWANUCK A","6016298","2022-04-23 10:00","2022","04","23","10:00","-3.0","","-12.6","","48","","0.0","","15","","17","","16.1","","102.55","","","","-9","","NA"
"-85.44","54.99","PEAWANUCK A","6016298","2022-04-23 11:00","2022","04","23","11:00","-1.6","","-12.1","","45","","0.0","","13","","21","","16.1","","102.49","","","","-7","","NA"
"-85.44","54.99","PEAWANUCK A","6016298","2022-04-23 12:00","2022","04","23","12:00","-0.3","","-12.2","","41","","0.0","","15","","18","","16.1","","102.43","","","","-5","","NA"
"-85.44","54.99","PEAWANUCK A","6016298","2022-04-23 13:00","2022","04","23","13:00","0.4","","-12.2","","39","","0.0","","12","","15","","16.1","","102.33","","","","","","NA"
"-85.44","54.99","PEAWANUCK A","6016298","2022-04-23 14:00","2022","04","23","14:00","1.2","","-14.8","","29","","0.0","","13","","17","","16.1","","102.25","","","","","","NA"
"-85.44","54.99","PEAWANUCK A","6016298","2022-04-23 15:00","2022","04","23","15:00","1.6","","-14.2","","30","","0.0","","12","","17","","16.1","","102.22","","","","","","NA"
"-85.44","54.99","PEAWANUCK A","6016298","2022-04-23 16:00","2022","04","23","16:00","1.5","","-13.1","","33","","0.0","","12","","17","","16.1","","102.19","","","","","","NA"
"-85.44","54.99","PEAWANUCK A","6016298","2022-04-23 17:00","2022","04","23","17:00","1.6","","-13.6","","32","","0.0","","11","","18","","16.1","","102.13","","","","","","NA"
"-85.44","54.99","PEAWANUCK A","6016298","2022-04-23 18:00","2022","04","23","18:00","0.8","","-13.8","","33","","0.0","","12","","13","","16.1","","102.08","","","","","","NA"
"-85.44","54.99","PEAWANUCK A","6016298","2022-04-23 19:00","2022","04","23","19:00","-0.4","","-13.8","","36","","0.0","","12","","13","","16.1","","102.01","","","","-5","","NA"
"-85.44","54.99","PEAWANUCK A","6016298","2022-04-23 20:00","2022","04","23","20:00","-2.8","","-11.1","","53","","0.0","","10","","15","","16.1","","102.03","","","","-8","","NA"
"-85.44","54.99","PEAWANUCK A","6016298","2022-04-23 21:00","2022","04","23","21:00","-4.0","","-11.1","","58","","0.0","","10","","13","","16.1","","102.04","","","","-9","","NA"
"-85.44","54.99","PEAWANUCK A","6016298","2022-04-23 22:00","2022","04","23","22:00","-4.5","","-10.9","","61","","0.0","","11","","13","","16.1","","101.99","","","","-10","","NA"
"-85.44","54.99","PEAWANUCK A","6016298","2022-04-23 23:00","2022","04","23","23:00","-5.2","","-11.1","","64","","0.0","","10","","15","","16.1","","101.93","","","","-11","","NA"
"-85.44","54.99","PEAWANUCK A","6016298","2022-04-24 00:00","2022","04","24","00:00","-5.2","","-11.4","","62","","0.0","","12","","13","","16.1","","101.89","","","","-10","","NA"
"-85.44","54.99","PEAWANUCK A","6016298","2022-04-24 01:00","2022","04","24","01:00","-5.2","","-10.9","","64","","0.0","","9","","8","","16.1","","101.85","","","","-9","","NA"
"-85.44","54.99","PEAWANUCK A","6016298","2022-04-24 02:00","2022","04","24","02:00","-5.5","","-10.9","","66","","0.0","","7","","9","","16.1","","101.74","","","","-10","","NA"
"-85.44","54.99","PEAWANUCK A","6016298","2022-04-24 03:00","2022","04","24","03:00","-6.0","","-10.8","","69","","0.0","","8","","13","","16.1","","101.68","","","","-11","","NA"
"-85.44","54.99","PEAWANUCK A","6016298","2022-04-24 04:00","2022","04","24","04:00","-6.6","","-10.9","","72","","0.0","","8","","15","","16.1","","101.60","","","","-13","","NA"
"-85.44","54.99","PEAWANUCK A","6016298","2022-04-24 05:00","2022","04","24","05:00","-6.2","","-10.5","","72","","0.0","","8","","11","","16.1","","101.54","","","","-11","","NA"
"-85.44","54.99","PEAWANUCK A","6016298","2022-04-24 06:00","2022","04","24","06:00","-5.6","","-10.1","","71","","0.0","","9","","11","","16.1","","101.52","","","","-10","","NA"
"-85.44","54.99","PEAWANUCK A","6016298","2022-04-24 07:00","2022","04","24","07:00","-5.0","","-9.8","","69","","0.0","","8","","15","","16.1","","101.41","","","","-11","","NA"
"-85.44","54.99","PEAWANUCK A","6016298","2022-04-24 08:00","2022","04","24","08:00","-4.7","","-8.8","","73","","0.0","","5","","13","","6.4","","101.35","","","","-10","","Snow"
"-85.44","54.99","PEAWANUCK A","6016298","2022-04-24 09:00","2022","04","24","09:00","-5.3","","-6.8","","89","","0.5","","5","","13","","0.8","","101.27","","","","-10","","Moderate Snow"
"-85.44","54.99","PEAWANUCK A","6016298","2022-04-24 10:00","2022","04","24","10:00","-5.4","","-6.8","","90","","1.8","","4","","17","","0.6","","101.17","","","","-11","","Moderate Snow"
"-85.44","54.99","PEAWANUCK A","6016298","2022-04-24 11:00","2022","04","24","11:00","-4.7","","-6.2","","89","","1.5","","5","","24","","1.2","","101.04","","","","-12","","Snow"
"-85.44","54.99","PEAWANUCK A","6016298","2022-04-24 12:00","2022","04","24","12:00","-3.9","","-5.8","","87","","1.2","","4","","24","","1.6","","100.95","","","","-11","","Snow"
"-85.44","54.99","PEAWANUCK A","6016298","2022-04-24 13:00","2022","04","24","13:00","-3.8","","-5.4","","89","","0.5","","5","","18","","1.2","","100.95","","","","-10","","Snow"
"-85.44","54.99","PEAWANUCK A","6016298","2022-04-24 14:00","2022","04","24","14:00","-4.2","","-5.6","","90","","1.2","","5","","24","","0.6","","100.88","","","","-11","","Moderate Snow"
"-85.44","54.99","PEAWANUCK A","6016298","2022-04-24 15:00","2022","04","24","15:00","-4.1","","-5.4","","91","","1.5","","4","","22","","0.6","","100.87","","","","-11","","Moderate Snow"
"-85.44","54.99","PEAWANUCK A","6016298","2022-04-24 16:00","2022","04","24","16:00","-3.9","","-5.3","","90","","1.5","","4","","22","","1.2","","100.91","","","","-10","","Snow"
"-85.44","54.99","PEAWANUCK A","6016298","2022-04-24 17:00","2022","04","24","17:00","-3.5","","-5.4","","87","","0.5","","4","","24","","2.0","","100.80","","","","-10","","Snow"
"-85.44","54.99","PEAWANUCK A","6016298","2022-04-24 18:00","2022","04","24","18:00","-4.2","","-5.9","","88","","0.2","","4","","22","","16.1","","100.79","","","","-11","","Snow"
"-85.44","54.99","PEAWANUCK A","6016298","2022-04-24 19:00","2022","04","24","19:00","-4.3","","-5.7","","90","","0.0","","4","","18","","16.1","","100.83","","","","-10","","Snow"
"-85.44","54.99","PEAWANUCK A","6016298","2022-04-24 20:00","2022","04","24","20:00","-4.0","","-5.3","","91","","0.0","","4","","26","","16.1","","100.82","","","","-11","","Snow"
"-85.44","54.99","PEAWANUCK A","6016298","2022-04-24 21:00","2022","04","24","21:00","-4.0","","-5.1","","92","","0.0","","4","","26","","6.4","","100.90","","","","-11","","Freezing Rain,Snow"
"-85.44","54.99","PEAWANUCK A","6016298","2022-04-24 22:00","2022","04","24","22:00","-4.2","","-5.2","","93","","0.0","","3","","26","","6.4","","100.86","","","","-11","","Freezing Rain,Fog"
"-85.44","54.99","PEAWANUCK A","6016298","2022-04-24 23:00","2022","04","24","23:00","-4.7","","-5.7","","93","","0.0","","3","","22","","8.1","","100.84","","","","-12","","Freezing Rain,Fog"
"-85.44","54.99","PEAWANUCK A","6016298","2022-04-25 00:00","2022","04","25","00:00","-5.1","","-6.2","","92","","0.0","","3","","28","","4.0","","100.86","","","","-13","","Freezing Rain,Snow"
"-85.44","54.99","PEAWANUCK A","6016298","2022-04-25 01:00","2022","04","25","01:00","-6.0","","-7.2","","91","","0.0","","2","","28","","4.0","","100.84","","","","-14","","Rain,Fog"
"-85.44","54.99","PEAWANUCK A","6016298","2022-04-25 02:00","2022","04","25","02:00","-7.5","","-9.0","","89","","0.0","","2","","26","","4.8","","100.90","","","","-16","","Snow"
"-85.44","54.99","PEAWANUCK A","6016298","2022-04-25 03:00","2022","04","25","03:00","-8.6","","-10.2","","88","","0.0","","3","","24","","1.2","","100.93","","","","-17","","Snow"
"-85.44","54.99","PEAWANUCK A","6016298","2022-04-25 04:00","2022","04","25","04:00","-10.0","","-11.8","","87","","0.2","","2","","28","","1.2","","100.98","","","","-19","","Snow"
"-85.44","54.99","PEAWANUCK A","6016298","2022-04-25 05:00","2022","04","25","05:00","-11.2","","-13.1","","86","","0.5","","2","","30","","1.2","","101.05","","","","-21","","Snow"
"-85.44","54.99","PEAWANUCK A","6016298","2022-04-25 06:00","2022","04","25","06:00","-12.5","","-14.7","","84","","0.5","","1","","34","","0.8","","101.18","","","","-23","","Moderate Snow"
"-85.44","54.99","PEAWANUCK A","6016298","2022-04-25 07:00","2022","04","25","07:00","-13.1","","-15.4","","83","","1.0","","2","","22","","0.8","","101.28","","","","-22","","Moderate Snow"
"-85.44","54.99","PEAWANUCK A","6016298","2022-04-25 08:00","2022","04","25","08:00","-13.8","","-16.6","","80","","0.5","","1","","26","","1.2","","101.33","","","","-24","","Snow"
"-85.44","54.99","PEAWANUCK A","6016298","2022-04-25 09:00","2022","04","25","09:00","-13.8","","-17.2","","76","","0.0","","2","","34","","11.3","","101.44","","","","-25","","Snow"
"-85.44","54.99","PEAWANUCK A","6016298","2022-04-25 10:00","2022","04","25","10:00","-13.6","","-17.5","","73","","0.0","","2","","34","","12.9","","101.54","","","","-25","","Snow"
"-85.44","54.99","PEAWANUCK A","6016298","2022-04-25 11:00","2022","04","25","11:00","-13.5","","-17.4","","73","","0.0","","1","","34","","9.7","","101.58","","","","-25","","Snow"
"-85.44","54.99","PEAWANUCK A","6016298","2022-04-25 12:00","2022","04","25","12:00","-13.1","","-17.5","","70","","0.0","","1","","32","","9.7","","101.65","","","","-24","","Snow"
"-85.44","54.99","PEAWANUCK A","6016298","2022-04-25 13:00","2022","04","25","13:00","-12.6","","-17.7","","66","","0.0","","1","","39","","9.7","","101.72","","","","-24","","Snow"
"-85.44","54.99","PEAWANUCK A","6016298","2022-04-25 14:00","2022","04","25","14:00","-11.6","","-16.8","","66","","0.0","","36","","32","","14.5","","101.76","","","","-22","","Snow"
"-85.44","54.99","PEAWANUCK A","6016298","2022-04-25 15:00","2022","04","25","15:00","-11.5","","-16.8","","65","","0.0","","36","","37","","11.3","","101.84","","","","-22","","Snow"
"-85.44","54.99","PEAWANUCK A","6016298","2022-04-25 16:00","2022","04","25","16:00","-11.6","","-16.9","","65","","0.0","","1","","26","","16.1","","101.94","","","","-21","","NA"
"-85.44","54.99","PEAWANUCK A","6016298","2022-04-25 17:00","2022","04","25","17:00","-12.0","","-17.1","","66","","0.0","","36","","32","","14.5","","101.98","","","","-22","","Snow"
"-85.44","54.99","PEAWANUCK A","6016298","2022-04-25 18:00","2022","04","25","18:00","-12.0","","-16.8","","68","","0.0","","36","","30","","16.1","","102.03","","","","-22","","NA"
"-85.44","54.99","PEAWANUCK A","6016298","2022-04-25 19:00","2022","04","25","19:00","-12.5","","-16.9","","70","","0.0","","36","","26","","16.1","","102.04","","","","-22","","Snow"
"-85.44","54.99","PEAWANUCK A","6016298","2022-04-25 20:00","2022","04","25","20:00","-13.0","","-16.7","","74","","0.0","","36","","18","","16.1","","102.07","","","","-21","","NA"
"-85.44","54.99","PEAWANUCK A","6016298","2022-04-25 21:00","2022","04","25","21:00","-13.6","","-17.0","","76","","0.0","","36","","18","","16.1","","102.09","","","","-22","","NA"
"-85.44","54.99","PEAWANUCK A","6016298","2022-04-25 22:00","2022","04","25","22:00","-13.9","","-17.1","","77","","0.0","","36","","22","","16.1","","102.10","","","","-23","","NA"
"-85.44","54.99","PEAWANUCK A","6016298","2022-04-25 23:00","2022","04","25","23:00","-14.4","","-17.1","","80","","0.0","","36","","21","","16.1","","102.10","","","","-24","","NA"
"-85.44","54.99","PEAWANUCK A","6016298","2022-04-26 00:00","2022","04","26","00:00","-14.5","","-17.1","","81","","0.0","","36","","18","","16.1","","102.10","","","","-23","","NA"
"-85.44","54.99","PEAWANUCK A","6016298","2022-04-26 01:00","2022","04","26","01:00","-14.7","","-17.0","","83","","0.0","","35","","17","","16.1","","102.12","","","","-23","","NA"
"-85.44","54.99","PEAWANUCK A","6016298","2022-04-26 02:00","2022","04","26","02:00","-15.2","","-17.3","","84","","0.0","","36","","17","","16.1","","102.11","","","","-24","","NA"
"-85.44","54.99","PEAWANUCK A","6016298","2022-04-26 03:00","2022","04","26","03:00","-15.7","","-17.8","","84","","0.0","","35","","13","","16.1","","102.17","","","","-23","","NA"
"-85.44","54.99","PEAWANUCK A","6016298","2022-04-26 04:00","2022","04","26","04:00","-16.3","","-18.4","","84","","0.0","","35","","13","","16.1","","102.22","","","","-24","","NA"
"-85.44","54.99","PEAWANUCK A","6016298","2022-04-26 05:00","2022","04","26","05:00","-16.9","","-19.0","","84","","0.0","","34","","13","","16.1","","102.25","","","","-25","","NA"
"-85.44","54.99","PEAWANUCK A","6016298","2022-04-26 06:00","2022","04","26","06:00","-16.9","","-19.1","","83","","0.0","","33","","13","","16.1","","102.31","","","","-25","","NA"
"-85.44","54.99","PEAWANUCK A","6016298","2022-04-26 07:00","2022","04","26","07:00","-15.3","","-18.3","","78","","0.0","","35","","13","","16.1","","102.34","","","","-23","","NA"
"-85.44","54.99","PEAWANUCK A","6016298","2022-04-26 08:00","2022","04","26","08:00","-14.0","","-18.0","","72","","0.0","","35","","11","","16.1","","102.40","","","","-20","","NA"
"-85.44","54.99","PEAWANUCK A","6016298","2022-04-26 09:00","2022","04","26","09:00","-12.8","","-18.7","","62","","0.0","","33","","18","","16.1","","102.41","","","","-21","","NA"
"-85.44","54.99","PEAWANUCK A","6016298","2022-04-26 10:00","2022","04","26","10:00","-10.8","","-19.2","","50","","0.0","","34","","15","","16.1","","102.42","","","","-18","","NA"
"-85.44","54.99","PEAWANUCK A","6016298","2022-04-26 11:00","2022","04","26","11:00","-9.5","","-20.5","","41","","0.0","","34","","18","","16.1","","102.43","","","","-17","","NA"
"-85.44","54.99","PEAWANUCK A","6016298","2022-04-26 12:00","2022","04","26","12:00","-8.5","","-21.4","","35","","0.0","","34","","17","","16.1","","102.42","","","","-15","","NA"
"-85.44","54.99","PEAWANUCK A","6016298","2022-04-26 13:00","2022","04","26","13:00","-7.2","","-23.4","","27","","0.0","","34","","18","","16.1","","102.40","","","","-14","","NA"
"-85.44","54.99","PEAWANUCK A","6016298","2022-04-26 14:00","2022","04","26","14:00","-6.3","","-20.9","","31","","0.0","","33","","15","","16.1","","102.39","","","","-12","","NA"
"-85.44","54.99","PEAWANUCK A","6016298","2022-04-26 15:00","2022","04","26","15:00","-5.7","","-22.0","","27","","0.0","","31","","21","","16.1","","102.39","","","","-13","","NA"
"-85.44","54.99","PEAWANUCK A","6016298","2022-04-26 16:00","2022","04","26","16:00","-4.8","","-22.1","","25","","0.0","","32","","21","","16.1","","102.36","","","","-11","","NA"
"-85.44","54.99","PEAWANUCK A","6016298","2022-04-26 17:00","2022","04","26","17:00","-3.9","","-21.1","","25","","0.0","","33","","15","","16.1","","102.36","","","","-9","","NA"
"-85.44","54.99","PEAWANUCK A","6016298","2022-04-26 18:00","2022","04","26","18:00","-4.0","","-20.5","","27","","0.0","","32","","13","","16.1","","102.33","","","","-9","","NA"
"-85.44","54.99","PEAWANUCK A","6016298","2022-04-26 19:00","2022","04","26","19:00","-4.5","","-19.7","","30","","0.0","","34","","8","","16.1","","102.32","","","","-8","","NA"
"-85.44","54.99","PEAWANUCK A","6016298","2022-04-26 20:00","2022","04","26","20:00","-6.7","","-19.1","","37","","0.0","","31","","4","","16.1","","102.31","","","","-9","","NA"
"-85.44","54.99","PEAWANUCK A","6016298","2022-04-26 21:00","2022","04","26","21:00","-12.3","","-17.1","","68","","0.0","","25","","5","","16.1","","102.31","","","","-16","","NA"
"-85.44","54.99","PEAWANUCK A","6016298","2022-04-26 22:00","2022","04","26","22:00","-13.4","","-19.2","","62","","0.0","","23","","9","","16.1","","102.29","","","","-19","","NA"
"-85.44","54.99","PEAWANUCK A","6016298","2022-04-26 23:00","2022","04","26","23:00","-11.8","","-20.0","","51","","0.0","","24","","11","","16.1","","102.26","","","","-18","","NA"
"-85.44","54.99","PEAWANUCK A","6016298","2022-04-27 00:00","2022","04","27","00:00","-12.5","","-20.2","","53","","0.0","","25","","11","","16.1","","102.24","","","","-19","","NA"
"-85.44","54.99","PEAWANUCK A","6016298","2022-04-27 01:00","2022","04","27","01:00","-13.8","","-20.7","","57","","0.0","","25","","9","","16.1","","102.19","","","","-19","","NA"
"-85.44","54.99","PEAWANUCK A","6016298","2022-04-27 02:00","2022","04","27","02:00","-14.1","","-20.1","","61","","0.0","","24","","9","","16.1","","102.17","","","","-20","","NA"
"-85.44","54.99","PEAWANUCK A","6016298","2022-04-27 03:00","2022","04","27","03:00","-15.0","","-20.4","","64","","0.0","","24","","11","","16.1","","102.15","","","","-22","","NA"
"-85.44","54.99","PEAWANUCK A","6016298","2022-04-27 04:00","2022","04","27","04:00","-14.6","","-19.8","","65","","0.0","","25","","11","","16.1","","102.13","","","","-21","","NA"
"-85.44","54.99","PEAWANUCK A","6016298","2022-04-27 05:00","2022","04","27","05:00","-15.8","","-20.6","","67","","0.0","","25","","9","","16.1","","102.13","","","","-22","","NA"
"-85.44","54.99","PEAWANUCK A","6016298","2022-04-27 06:00","2022","04","27","06:00","-14.1","","-19.7","","63","","0.0","","27","","8","","16.1","","102.13","","","","-19","","NA"
"-85.44","54.99","PEAWANUCK A","6016298","2022-04-27 07:00","2022","04","27","07:00","-11.3","","-18.7","","55","","0.0","","26","","8","","16.1","","102.15","","","","-16","","NA"
"-85.44","54.99","PEAWANUCK A","6016298","2022-04-27 08:00","2022","04","27","08:00","-7.7","","-17.2","","47","","0.0","","24","","5","","16.1","","102.12","","","","-10","","NA"
"-85.44","54.99","PEAWANUCK A","6016298","2022-04-27 09:00","2022","04","27","09:00","-3.8","","-15.2","","41","","0.0","","17","","8","","16.1","","102.07","","","","-7","","NA"
"-85.44","54.99","PEAWANUCK A","6016298","2022-04-27 10:00","2022","04","27","10:00","-0.6","","-14.3","","35","","0.0","","24","","5","","16.1","","102.01","","","","-2","","NA"
"-85.44","54.99","PEAWANUCK A","6016298","2022-04-27 11:00","2022","04","27","11:00","0.2","","-13.0","","37","","0.0","","27","","9","","16.1","","101.95","","","","","","NA"
"-85.44","54.99","PEAWANUCK A","6016298","2022-04-27 12:00","2022","04","27","12:00","1.4","","-11.7","","37","","0.0","","23","","13","","16.1","","101.91","","","","","","NA"
"-85.44","54.99","PEAWANUCK A","6016298","2022-04-27 13:00","2022","04","27","13:00","2.5","","-11.3","","36","","0.0","","26","","9","","16.1","","101.87","","","","","","NA"
"-85.44","54.99","PEAWANUCK A","6016298","2022-04-27 14:00","2022","04","27","14:00","3.7","","-10.3","","35","","0.0","","26","","15","","16.1","","101.83","","","","","","NA"
"-85.44","54.99","PEAWANUCK A","6016298","2022-04-27 15:00","2022","04","27","15:00","4.4","","-12.1","","29","","0.0","","31","","17","","16.1","","101.82","","","","","","NA"
"-85.44","54.99","PEAWANUCK A","6016298","2022-04-27 16:00","2022","04","27","16:00","5.0","","-11.0","","31","","0.0","","28","","18","","16.1","","101.79","","","","","","NA"
"-85.44","54.99","PEAWANUCK A","6016298","2022-04-27 17:00","2022","04","27","17:00","4.8","","-10.2","","33","","0.0","","29","","17","","16.1","","101.77","","","","","","NA"
"-85.44","54.99","PEAWANUCK A","6016298","2022-04-27 18:00","2022","04","27","18:00","4.6","","-9.7","","35","","0.0","","25","","11","","16.1","","101.75","","","","","","NA"
"-85.44","54.99","PEAWANUCK A","6016298","2022-04-27 19:00","2022","04","27","19:00","4.1","","-10.1","","35","","0.0","","26","","8","","16.1","","101.74","","","","","","NA"
"-85.44","54.99","PEAWANUCK A","6016298","2022-04-27 20:00","2022","04","27","20:00","1.5","","-9.5","","44","","0.0","","","","0","","16.1","","101.71","","","","","","NA"
"-85.44","54.99","PEAWANUCK A","6016298","2022-04-27 21:00","2022","04","27","21:00","-0.6","","-7.0","","62","","0.0","","23","","4","","16.1","","101.70","","","","-2","","NA"
"-85.44","54.99","PEAWANUCK A","6016298","2022-04-27 22:00","2022","04","27","22:00","0.2","","-8.8","","51","","0.0","","24","","9","","16.1","","101.67","","","","","","NA"
"-85.44","54.99","PEAWANUCK A","6016298","2022-04-27 23:00","2022","04","27","23:00","-1.9","","-9.3","","57","","0.0","","23","","9","","16.1","","101.65","","","","-5","","NA"
"-85.44","54.99","PEAWANUCK A","6016298","2022-04-28 00:00","2022","04","28","00:00","-2.9","","-10.2","","58","","0.0","","24","","11","","16.1","","101.63","","","","-7","","NA"
"-85.44","54.99","PEAWANUCK A","6016298","2022-04-28 01:00","2022","04","28","01:00","-3.8","","-10.9","","58","","0.0","","23","","9","","16.1","","101.63","","","","-8","","NA"
"-85.44","54.99","PEAWANUCK A","6016298","2022-04-28 02:00","2022","04","28","02:00","-4.8","","-11.4","","60","","0.0","","24","","9","","16.1","","101.61","","","","-9","","NA"
"-85.44","54.99","PEAWANUCK A","6016298","2022-04-28 03:00","2022","04","28","03:00","-5.4","","-11.8","","61","","0.0","","24","","9","","16.1","","101.62","","","","-9","","NA"
"-85.44","54.99","PEAWANUCK A","6016298","2022-04-28 04:00","2022","04","28","04:00","-6.2","","-12.2","","63","","0.0","","24","","9","","16.1","","101.63","","","","-10","","NA"
"-85.44","54.99","PEAWANUCK A","6016298","2022-04-28 05:00","2022","04","28","05:00","-7.6","","-12.9","","66","","0.0","","24","","9","","16.1","","101.62","","","","-12","","NA"
"-85.44","54.99","PEAWANUCK A","6016298","2022-04-28 06:00","2022","04","28","06:00","-7.4","","-12.9","","65","","0.0","","26","","8","","16.1","","101.64","","","","-11","","NA"
"-85.44","54.99","PEAWANUCK A","6016298","2022-04-28 07:00","2022","04","28","07:00","-3.9","","-12.2","","53","","0.0","","27","","8","","16.1","","101.68","","","","-7","","NA"
"-85.44","54.99","PEAWANUCK A","6016298","2022-04-28 08:00","2022","04","28","08:00","-1.7","","-11.1","","49","","0.0","","28","","5","","16.1","","101.70","","","","-4","","NA"
"-85.44","54.99","PEAWANUCK A","6016298","2022-04-28 09:00","2022","04","28","09:00","1.3","","-9.5","","45","","0.0","","18","","5","","16.1","","101.71","","","","","","NA"
"-85.44","54.99","PEAWANUCK A","6016298","2022-04-28 10:00","2022","04","28","10:00","4.0","","-9.8","","36","","0.0","","22","","5","","16.1","","101.69","","","","","","NA"
"-85.44","54.99","PEAWANUCK A","6016298","2022-04-28 11:00","2022","04","28","11:00","5.2","","-8.4","","37","","0.0","","15","","8","","16.1","","101.70","","","","","","NA"
"-85.44","54.99","PEAWANUCK A","6016298","2022-04-28 12:00","2022","04","28","12:00","5.8","","-9.5","","33","","0.0","","","M","5","","16.1","","101.69","","","","","","NA"
"-85.44","54.99","PEAWANUCK A","6016298","2022-04-28 13:00","2022","04","28","13:00","6.7","","-10.5","","28","","0.0","","24","","8","","16.1","","101.70","","","","","","NA"
"-85.44","54.99","PEAWANUCK A","6016298","2022-04-28 14:00","2022","04","28","14:00","7.1","","-10.7","","27","","0.0","","27","","13","","16.1","","101.68","","","","","","NA"
"-85.44","54.99","PEAWANUCK A","6016298","2022-04-28 15:00","2022","04","28","15:00","7.6","","-12.4","","23","","0.0","","28","","9","","16.1","","101.67","","","","","","NA"
"-85.44","54.99","PEAWANUCK A","6016298","2022-04-28 16:00","2022","04","28","16:00","7.5","","-10.1","","28","","0.0","","","M","9","","16.1","","101.64","","","","","","NA"
"-85.44","54.99","PEAWANUCK A","6016298","2022-04-28 17:00","2022","04","28","17:00","8.0","","-8.9","","29","","0.0","","22","","8","","16.1","","101.61","","","","","","NA"
"-85.44","54.99","PEAWANUCK A","6016298","2022-04-28 18:00","2022","04","28","18:00","7.8","","-8.2","","31","","0.0","","19","","8","","16.1","","101.58","","","","","","NA"
"-85.44","54.99","PEAWANUCK A","6016298","2022-04-28 19:00","2022","04","28","19:00","7.5","","-8.6","","31","","0.0","","18","","11","","16.1","","101.58","","","","","","NA"
"-85.44","54.99","PEAWANUCK A","6016298","2022-04-28 20:00","2022","04","28","20:00","5.9","","-8.0","","36","","0.0","","18","","8","","16.1","","101.60","","","","","","NA"
"-85.44","54.99","PEAWANUCK A","6016298","2022-04-28 21:00","2022","04","28","21:00","2.6","","-7.2","","49","","0.0","","16","","8","","16.1","","101.62","","","","","","NA"
"-85.44","54.99","PEAWANUCK A","6016298","2022-04-28 22:00","2022","04","28","22:00","2.9","","-8.5","","43","","0.0","","17","","11","","16.1","","101.60","","","","","","NA"
"-85.44","54.99","PEAWANUCK A","6016298","2022-04-28 23:00","2022","04","28","23:00","1.7","","-8.5","","47","","0.0","","17","","13","","16.1","","101.61","","","","","","NA"
"-85.44","54.99","PEAWANUCK A","6016298","2022-04-29 00:00","2022","04","29","00:00","0.7","","-8.8","","49","","0.0","","19","","13","","16.1","","101.62","","","","","","NA"
"-85.44","54.99","PEAWANUCK A","6016298","2022-04-29 01:00","2022","04","29","01:00","-0.3","","-9.5","","50","","0.0","","19","","11","","16.1","","101.63","","","","-4","","NA"
"-85.44","54.99","PEAWANUCK A","6016298","2022-04-29 02:00","2022","04","29","02:00","-0.7","","-10.2","","49","","0.0","","18","","15","","16.1","","101.62","","","","-5","","NA"
"-85.44","54.99","PEAWANUCK A","6016298","2022-04-29 03:00","2022","04","29","03:00","-1.3","","-10.6","","50","","0.0","","18","","15","","16.1","","101.62","","","","-6","","NA"
"-85.44","54.99","PEAWANUCK A","6016298","2022-04-29 04:00","2022","04","29","04:00","-1.4","","-10.5","","50","","0.0","","17","","15","","16.1","","101.62","","","","-6","","NA"
"-85.44","54.99","PEAWANUCK A","6016298","2022-04-29 05:00","2022","04","29","05:00","0.0","","-10.0","","47","","0.0","","18","","13","","16.1","","101.60","","","","-4","","NA"
"-85.44","54.99","PEAWANUCK A","6016298","2022-04-29 06:00","2022","04","29","06:00","-0.1","","-9.6","","49","","0.0","","18","","15","","16.1","","101.61","","","","-5","","NA"
"-85.44","54.99","PEAWANUCK A","6016298","2022-04-29 07:00","2022","04","29","07:00","1.2","","-9.8","","44","","0.0","","18","","11","","16.1","","101.62","","","","","","NA"
"-85.44","54.99","PEAWANUCK A","6016298","2022-04-29 08:00","2022","04","29","08:00","2.5","","-8.4","","45","","0.0","","17","","17","","16.1","","101.63","","","","","","NA"
"-85.44","54.99","PEAWANUCK A","6016298","2022-04-29 09:00","2022","04","29","09:00","4.4","","-8.6","","38","","0.0","","19","","21","","16.1","","101.62","","","","","","NA"
"-85.44","54.99","PEAWANUCK A","6016298","2022-04-29 10:00","2022","04","29","10:00","5.9","","-7.1","","39","","0.0","","17","","17","","16.1","","101.62","","","","","","NA"
"-85.44","54.99","PEAWANUCK A","6016298","2022-04-29 11:00","2022","04","29","11:00","7.7","","-7.6","","33","","0.0","","17","","15","","16.1","","101.58","","","","","","NA"
"-85.44","54.99","PEAWANUCK A","6016298","2022-04-29 12:00","2022","04","29","12:00","9.6","","-8.4","","27","","0.0","","15","","18","","16.1","","101.55","","","","","","NA"
"-85.44","54.99","PEAWANUCK A","6016298","2022-04-29 13:00","2022","04","29","13:00","10.3","","-8.5","","26","","0.0","","16","","18","","16.1","","101.54","","","","","","NA"
"-85.44","54.99","PEAWANUCK A","6016298","2022-04-29 14:00","2022","04","29","14:00","10.3","","-8.5","","26","","0.0","","17","","21","","16.1","","101.57","","","","","","NA"
"-85.44","54.99","PEAWANUCK A","6016298","2022-04-29 15:00","2022","04","29","15:00","10.6","","-9.2","","24","","0.0","","17","","24","","16.1","","101.58","","","","","","NA"
"-85.44","54.99","PEAWANUCK A","6016298","2022-04-29 16:00","2022","04","29","16:00","10.6","","-8.9","","25","","0.0","","16","","22","","16.1","","101.55","","","","","","NA"
"-85.44","54.99","PEAWANUCK A","6016298","2022-04-29 17:00","2022","04","29","17:00","10.2","","-7.8","","28","","0.0","","17","","15","","16.1","","101.55","","","","","","NA"
"-85.44","54.99","PEAWANUCK A","6016298","2022-04-29 18:00","2022","04","29","18:00","9.1","","-7.2","","31","","0.0","","17","","13","","16.1","","101.55","","","","","","NA"
"-85.44","54.99","PEAWANUCK A","6016298","2022-04-29 19:00","2022","04","29","19:00","8.3","","-5.9","","36","","0.0","","18","","13","","16.1","","101.58","","","","","","NA"
"-85.44","54.99","PEAWANUCK A","6016298","2022-04-29 20:00","2022","04","29","20:00","7.2","","-5.2","","41","","0.0","","17","","11","","16.1","","101.62","","","","","","NA"
"-85.44","54.99","PEAWANUCK A","6016298","2022-04-29 21:00","2022","04","29","21:00","5.4","","-4.5","","49","","0.0","","15","","11","","16.1","","101.66","","","","","","NA"
"-85.44","54.99","PEAWANUCK A","6016298","2022-04-29 22:00","2022","04","29","22:00","4.9","","-4.2","","52","","0.0","","16","","11","","16.1","","101.69","","","","","","NA"
"-85.44","54.99","PEAWANUCK A","6016298","2022-04-29 23:00","2022","04","29","23:00","4.3","","-4.2","","54","","0.0","","17","","11","","16.1","","101.69","","","","","","NA"
"-85.44","54.99","PEAWANUCK A","6016298","2022-04-30 00:00","2022","04","30","00:00","4.0","","-4.2","","55","","0.0","","19","","9","","16.1","","101.69","","","","","","NA"
"-85.44","54.99","PEAWANUCK A","6016298","2022-04-30 01:00","2022","04","30","01:00","3.4","","-4.3","","57","","0.0","","18","","9","","16.1","","101.72","","","","","","NA"
"-85.44","54.99","PEAWANUCK A","6016298","2022-04-30 02:00","2022","04","30","02:00","3.4","","-4.1","","58","","0.0","","17","","13","","16.1","","101.74","","","","","","NA"
"-85.44","54.99","PEAWANUCK A","6016298","2022-04-30 03:00","2022","04","30","03:00","3.5","","-3.5","","60","","0.0","","18","","17","","16.1","","101.73","","","","","","NA"
"-85.44","54.99","PEAWANUCK A","6016298","2022-04-30 04:00","2022","04","30","04:00","2.7","","-3.3","","65","","0.0","","18","","11","","16.1","","101.76","","","","","","NA"
"-85.44","54.99","PEAWANUCK A","6016298","2022-04-30 05:00","2022","04","30","05:00","1.8","","-3.3","","69","","0.0","","18","","9","","16.1","","101.77","","","","","","NA"
"-85.44","54.99","PEAWANUCK A","6016298","2022-04-30 06:00","2022","04","30","06:00","2.6","","-2.9","","67","","0.0","","18","","13","","16.1","","101.80","","","","","","NA"
"-85.44","54.99","PEAWANUCK A","6016298","2022-04-30 07:00","2022","04","30","07:00","3.7","","-2.7","","63","","0.0","","19","","13","","16.1","","101.82","","","","","","NA"
"-85.44","54.99","PEAWANUCK A","6016298","2022-04-30 08:00","2022","04","30","08:00","4.5","","-2.4","","61","","0.0","","20","","8","","16.1","","101.84","","","","","","NA"
"-85.44","54.99","PEAWANUCK A","6016298","2022-04-30 09:00","2022","04","30","09:00","5.7","","-2.2","","57","","0.0","","23","","11","","16.1","","101.85","","","","","","NA"
"-85.44","54.99","PEAWANUCK A","6016298","2022-04-30 10:00","2022","04","30","10:00","6.3","","-2.3","","54","","0.0","","16","","9","","16.1","","101.85","","","","","","NA"
"-85.44","54.99","PEAWANUCK A","6016298","2022-04-30 11:00","2022","04","30","11:00","8.8","","-2.0","","47","","0.0","","14","","4","","16.1","","101.84","","","","","","NA"
"-85.44","54.99","PEAWANUCK A","6016298","2022-04-30 12:00","2022","04","30","12:00","10.0","","-2.8","","41","","0.0","","","","0","","16.1","","101.81","","","","","","NA"
"-85.44","54.99","PEAWANUCK A","6016298","2022-04-30 13:00","2022","04","30","13:00","11.6","","-2.6","","37","","0.0","","16","","5","","16.1","","101.78","","","","","","NA"
"-85.44","54.99","PEAWANUCK A","6016298","2022-04-30 14:00","2022","04","30","14:00","12.7","","-4.0","","31","","0.0","","17","","5","","16.1","","101.77","","","","","","NA"
"-85.44","54.99","PEAWANUCK A","6016298","2022-04-30 15:00","2022","04","30","15:00","12.8","","-4.5","","30","","0.0","","9","","9","","16.1","","101.71","","","","","","NA"
"-85.44","54.99","PEAWANUCK A","6016298","2022-04-30 16:00","2022","04","30","16:00","12.1","","-2.4","","36","","0.0","","8","","11","","16.1","","101.69","","","","","","NA"
"-85.44","54.99","PEAWANUCK A","6016298","2022-04-30 17:00","2022","04","30","17:00","10.8","","-3.3","","37","","0.0","","9","","5","","16.1","","101.69","","","","","","NA"
"-85.44","54.99","PEAWANUCK A","6016298","2022-04-30 18:00","2022","04","30","18:00","9.8","","-3.1","","40","","0.0","","14","","5","","16.1","","101.70","","","","","","NA"
"-85.44","54.99","PEAWANUCK A","6016298","2022-04-30 19:00","2022","04","30","19:00","8.7","","-4.5","","39","","0.0","","16","","8","","16.1","","101.68","","","","","","NA"
"-85.44","54.99","PEAWANUCK A","6016298","2022-04-30 20:00","2022","04","30","20:00","5.0","","-3.0","","56","","0.0","","23","","5","","16.1","","101.72","","","","","","Rain"
"-85.44","54.99","PEAWANUCK A","6016298","2022-04-30 21:00","2022","04","30","21:00","3.9","","-0.6","","73","","0.0","","","M","5","","16.1","","101.73","","","","","","NA"
"-85.44","54.99","PEAWANUCK A","6016298","2022-04-30 22:00","2022","04","30","22:00","3.3","","-0.7","","75","","0.0","","9","","5","","16.1","","101.72","","","","","","NA"
"-85.44","54.99","PEAWANUCK A","6016298","2022-04-30 23:00","2022","04","30","23:00","2.5","","-0.4","","81","","0.0","","35","","8","","16.1","","101.73","","","","","","NA"
