"Longitude (x)","Latitude (y)","Station Name","Climate ID","Date/Time (LST)","Year","Month","Day","Time (LST)","Temp (°C)","Temp Flag","Dew Point Temp (°C)","Dew Point Temp Flag","Rel Hum (%)","Rel Hum Flag","Precip. Amount (mm)","Precip. Amount Flag","Wind Dir (10s deg)","Wind Dir Flag","Wind Spd (km/h)","Wind Spd Flag","Visibility (km)","Visibility Flag","Stn Press (kPa)","Stn Press Flag","Hmdx","Hmdx Flag","Wind Chill","Wind Chill Flag","Weather"
"-114.78","55.29","SLAVE LAKE","3065995","2021-01-01 00:00","2021","01","01","00:00","-7.3","","-8.5","","91","","0.0","","9","","5","","16.1","","93.89","","","","-10","","NA"
"-114.78","55.29","SLAVE LAKE","3065995","2021-01-01 01:00","2021","01","01","01:00","-9.0","","-9.8","","94","","0.0","","","","0","","16.1","","93.92","","","","","","NA"
"-114.78","55.29","SLAVE LAKE","3065995","2021-01-01 02:00","2021","01","01","02:00","-11.0","","-11.8","","94","","0.0","","","","0","","16.1","","93.92","","","","","","NA"
"-114.78","55.29","SLAVE LAKE","3065995","2021-01-01 03:00","2021","01","01","03:00","-11.5","","-12.2","","95","","0.0","","","M","4","","16.1","","94.01","","","","-14","","NA"
"-114.78","55.29","SLAVE LAKE","3065995","2021-01-01 04:00","2021","01","01","04:00","-6.5","","-7.9","","90","","0.0","","31","","9","","16.1","","94.06","","","","-11","","NA"
"-114.78","55.29","SLAVE LAKE","3065995","2021-01-01 05:00","2021","01","01","05:00","-6.4","","-7.5","","92","","0.0","","30","","13","","16.1","","94.05","","","","-12","","NA"
"-114.78","55.29","SLAVE LAKE","3065995","2021-01-01 06:00","2021","01","01","06:00","-8.6","","-9.5","","93","","0.0","","30","","9","","16.1","","94.10","","","","-13","","NA"
"-114.78","55.29","SLAVE LAKE","3065995","2021-01-01 07:00","2021","01","01","07:00","-9.1","","-9.8","","95","","0.0","","25","","5","","16.1","","94.09","","","","-12","","NA"
"-114.78","55.29","SLAVE LAKE","3065995","2021-01-01 08:00","2021","01","01","08:00","-9.0","","-9.5","","96","","0.0","","24","","5","","16.1","","93.98","","","","-12","","NA"
"-114.78","55.29","SLAVE LAKE","3065995","2021-01-01 09:00","2021","01","01","09:00","-9.2","","-10.1","","93","","0.0","","14","","8","","16.1","","93.94","","","","-14","","NA"
"-114.78","55.29","SLAVE LAKE","3065995","2021-01-01 10:00","2021","01","01","10:00","-8.3","","-9.2","","93","","0.0","","11","","11","","16.1","","93.86","","","","-14","","NA"
"-114.78","55.29","SLAVE LAKE","3065995","2021-01-01 11:00","2021","01","01","11:00","-6.9","","-8.0","","92","","0.0","","10","","13","","16.1","","93.79","","","","-12","","NA"
"-114.78","55.29","SLAVE LAKE","3065995","2021-01-01 12:00","2021","01","01","12:00","-6.3","","-7.4","","92","","0.0","","9","","15","","16.1","","93.76","","","","-12","","NA"
"-114.78","55.29","SLAVE LAKE","3065995","2021-01-01 13:00","2021","01","01","13:00","-5.8","","-7.0","","91","","0.0","","8","","15","","16.1","","93.74","","","","-12","","NA"
"-114.78","55.29","SLAVE LAKE","3065995","2021-01-01 14:00","2021","01","01","14:00","-5.8","","-7.0","","91","","0.0","","8","","13","","3.2","","93.61","","","","-11","","Snow"
"-114.78","55.29","SLAVE LAKE","3065995","2021-01-01 15:00","2021","01","01","15:00","-6.0","","-7.4","","90","","0.0","","10","","22","","16.1","","93.53","","","","-13","","Snow"
"-114.78","55.29","SLAVE LAKE","3065995","2021-01-01 16:00","2021","01","01","16:00","-6.0","","-7.1","","92","","0.0","","10","","21","","16.1","","93.47","","","","-13","","NA"
"-114.78","55.29","SLAVE LAKE","3065995","2021-01-01 17:00","2021","01","01","17:00","-5.8","","-7.0","","91","","0.0","","10","","18","","16.1","","93.38","","","","-12","","Snow"
"-114.78","55.29","SLAVE LAKE","3065995","2021-01-01 18:00","2021","01","01","18:00","-5.8","","-6.9","","92","","0.0","","11","","22","","4.8","","93.30","","","","-13","","Snow"
"-114.78","55.29","SLAVE LAKE","3065995","2021-01-01 19:00","2021","01","01","19:00","-5.8","","-7.0","","91","","0.0","","11","","26","","16.1","","93.19","","","","-14","","Snow"
"-114.78","55.29","SLAVE LAKE","3065995","2021-01-01 20:00","2021","01","01","20:00","-5.8","","-7.0","","91","","0.0","","11","","24","","16.1","","93.06","","","","-13","","NA"
"-114.78","55.29","SLAVE LAKE","3065995","2021-01-01 21:00","2021","01","01","21:00","-5.8","","-6.9","","92","","0.0","","11","","28","","16.1","","92.94","","","","-14","","NA"
"-114.78","55.29","SLAVE LAKE","3065995","2021-01-01 22:00","2021","01","01","22:00","-5.8","","-7.0","","91","","0.0","","10","","30","","16.1","","92.76","","","","-14","","NA"
"-114.78","55.29","SLAVE LAKE","3065995","2021-01-01 23:00","2021","01","01","23:00","-6.0","","-7.1","","92","","0.0","","11","","24","","16.1","","92.63","","","","-13","","NA"
"-114.78","55.29","SLAVE LAKE","3065995","2021-01-02 00:00","2021","01","02","00:00","-6.1","","-7.1","","93","","0.0","","11","","26","","16.1","","92.53","","","","-14","","NA"
"-114.78","55.29","SLAVE LAKE","3065995","2021-01-02 01:00","2021","01","02","01:00","-5.9","","-7.0","","92","","0.0","","11","","26","","16.1","","92.46","","","","-14","","NA"
"-114.78","55.29","SLAVE LAKE","3065995","2021-01-02 02:00","2021","01","02","02:00","-5.8","","-7.0","","91","","0.0","","10","","26","","16.1","","92.37","","","","-14","","NA"
"-114.78","55.29","SLAVE LAKE","3065995","2021-01-02 03:00","2021","01","02","03:00","-5.7","","-7.1","","90","","0.0","","8","","9","","14.5","","92.46","","","","-10","","NA"
"-114.78","55.29","SLAVE LAKE","3065995","2021-01-02 04:00","2021","01","02","04:00","-6.0","","-7.1","","92","","0.0","","8","","11","","12.9","","92.39","","","","-11","","NA"
"-114.78","55.29","SLAVE LAKE","3065995","2021-01-02 05:00","2021","01","02","05:00","-6.8","","-7.7","","93","","0.0","","10","","13","","11.3","","92.35","","","","-12","","NA"
"-114.78","55.29","SLAVE LAKE","3065995","2021-01-02 06:00","2021","01","02","06:00","-7.6","","-8.4","","94","","0.0","","8","","9","","9.7","","92.35","","","","-12","","Fog"
"-114.78","55.29","SLAVE LAKE","3065995","2021-01-02 07:00","2021","01","02","07:00","-7.8","","-8.5","","95","","0.0","","9","","11","","8.1","","92.35","","","","-13","","Fog"
"-114.78","55.29","SLAVE LAKE","3065995","2021-01-02 08:00","2021","01","02","08:00","-8.2","","-8.9","","95","","0.0","","11","","8","","4.8","","92.37","","","","-12","","Fog"
"-114.78","55.29","SLAVE LAKE","3065995","2021-01-02 09:00","2021","01","02","09:00","-8.5","","-9.3","","94","","0.0","","14","","8","","6.4","","92.39","","","","-13","","Fog"
"-114.78","55.29","SLAVE LAKE","3065995","2021-01-02 10:00","2021","01","02","10:00","-8.3","","-9.0","","95","","0.0","","12","","9","","4.8","","92.36","","","","-13","","Fog"
"-114.78","55.29","SLAVE LAKE","3065995","2021-01-02 11:00","2021","01","02","11:00","-8.2","","-8.9","","95","","0.0","","11","","15","","3.2","","92.32","","","","-15","","Fog"
"-114.78","55.29","SLAVE LAKE","3065995","2021-01-02 12:00","2021","01","02","12:00","-7.7","","-8.5","","94","","0.0","","12","","17","","4.8","","92.25","","","","-14","","Fog"
"-114.78","55.29","SLAVE LAKE","3065995","2021-01-02 13:00","2021","01","02","13:00","-6.2","","-7.6","","90","","0.0","","10","","13","","8.1","","92.16","","","","-12","","Fog"
"-114.78","55.29","SLAVE LAKE","3065995","2021-01-02 14:00","2021","01","02","14:00","-5.9","","-7.5","","89","","0.0","","10","","9","","9.7","","92.11","","","","-10","","Fog"
"-114.78","55.29","SLAVE LAKE","3065995","2021-01-02 15:00","2021","01","02","15:00","-5.3","","-7.1","","87","","0.0","","12","","15","","12.9","","92.12","","","","-11","","NA"
"-114.78","55.29","SLAVE LAKE","3065995","2021-01-02 16:00","2021","01","02","16:00","-5.5","","-7.0","","89","","0.0","","10","","11","","11.3","","92.05","","","","-10","","NA"
"-114.78","55.29","SLAVE LAKE","3065995","2021-01-02 17:00","2021","01","02","17:00","-5.5","","-6.9","","90","","0.0","","12","","13","","12.9","","92.00","","","","-11","","NA"
"-114.78","55.29","SLAVE LAKE","3065995","2021-01-02 18:00","2021","01","02","18:00","-6.0","","-7.1","","92","","0.0","","13","","9","","11.3","","91.92","","","","-10","","NA"
"-114.78","55.29","SLAVE LAKE","3065995","2021-01-02 19:00","2021","01","02","19:00","-5.3","","-6.5","","91","","0.0","","11","","13","","11.3","","91.85","","","","-10","","NA"
"-114.78","55.29","SLAVE LAKE","3065995","2021-01-02 20:00","2021","01","02","20:00","-4.6","","-6.1","","89","","0.0","","13","","8","","14.5","","91.85","","","","-8","","NA"
"-114.78","55.29","SLAVE LAKE","3065995","2021-01-02 21:00","2021","01","02","21:00","-4.6","","-6.0","","90","","0.0","","12","","15","","14.5","","91.84","","","","-10","","NA"
"-114.78","55.29","SLAVE LAKE","3065995","2021-01-02 22:00","2021","01","02","22:00","-3.6","","-4.8","","91","","0.2","","","M","4","","6.4","","91.85","","","","-5","","Snow"
"-114.78","55.29","SLAVE LAKE","3065995","2021-01-02 23:00","2021","01","02","23:00","-3.5","","-4.5","","93","","0.0","","16","","8","","11.3","","91.85","","","","-7","","NA"
"-114.78","55.29","SLAVE LAKE","3065995","2021-01-03 00:00","2021","01","03","00:00","-3.9","","-4.9","","93","","0.0","","","M","4","","11.3","","91.84","","","","-6","","NA"
"-114.78","55.29","SLAVE LAKE","3065995","2021-01-03 01:00","2021","01","03","01:00","-5.6","","-6.3","","95","","0.0","","","M","4","","8.1","","91.87","","","","-7","","Fog"
"-114.78","55.29","SLAVE LAKE","3065995","2021-01-03 02:00","2021","01","03","02:00","-5.9","","-6.7","","94","","0.0","","14","","5","","8.1","","91.91","","","","-8","","Fog"
"-114.78","55.29","SLAVE LAKE","3065995","2021-01-03 03:00","2021","01","03","03:00","-6.3","","-6.6","","98","","0.0","","","","0","","4.8","","91.95","","","","","","Fog"
"-114.78","55.29","SLAVE LAKE","3065995","2021-01-03 04:00","2021","01","03","04:00","-8.2","","-9.0","","94","","0.0","","","","0","","6.4","","92.01","","","","","","Fog"
"-114.78","55.29","SLAVE LAKE","3065995","2021-01-03 05:00","2021","01","03","05:00","-7.1","","-7.8","","95","","0.0","","","M","4","","8.1","","92.04","","","","-9","","Fog"
"-114.78","55.29","SLAVE LAKE","3065995","2021-01-03 06:00","2021","01","03","06:00","-7.4","","-8.2","","94","","0.0","","","M","4","","14.5","","92.07","","","","-9","","NA"
"-114.78","55.29","SLAVE LAKE","3065995","2021-01-03 07:00","2021","01","03","07:00","0.4","","-3.5","","75","","0.0","","26","","18","","16.1","","92.11","","","","","","NA"
"-114.78","55.29","SLAVE LAKE","3065995","2021-01-03 08:00","2021","01","03","08:00","1.5","","-5.0","","62","","0.0","","26","","18","","16.1","","92.15","","","","","","NA"
"-114.78","55.29","SLAVE LAKE","3065995","2021-01-03 09:00","2021","01","03","09:00","0.3","","-5.7","","64","","0.0","","26","","11","","16.1","","92.21","","","","","","NA"
"-114.78","55.29","SLAVE LAKE","3065995","2021-01-03 10:00","2021","01","03","10:00","1.3","","-6.3","","57","","0.0","","26","","17","","16.1","","92.24","","","","","","NA"
"-114.78","55.29","SLAVE LAKE","3065995","2021-01-03 11:00","2021","01","03","11:00","2.9","","-6.2","","51","","0.0","","26","","26","","16.1","","92.27","","","","","","NA"
"-114.78","55.29","SLAVE LAKE","3065995","2021-01-03 12:00","2021","01","03","12:00","2.7","","-6.3","","52","","0.0","","26","","30","","16.1","","92.30","","","","","","NA"
"-114.78","55.29","SLAVE LAKE","3065995","2021-01-03 13:00","2021","01","03","13:00","3.9","","-6.6","","46","","0.0","","27","","34","","16.1","","92.34","","","","","","NA"
"-114.78","55.29","SLAVE LAKE","3065995","2021-01-03 14:00","2021","01","03","14:00","3.9","","-6.1","","48","","0.0","","28","","32","","16.1","","92.44","","","","","","NA"
"-114.78","55.29","SLAVE LAKE","3065995","2021-01-03 15:00","2021","01","03","15:00","3.3","","-6.7","","48","","0.0","","27","","34","","16.1","","92.50","","","","","","NA"
"-114.78","55.29","SLAVE LAKE","3065995","2021-01-03 16:00","2021","01","03","16:00","3.5","","-5.7","","51","","0.0","","28","","34","","16.1","","92.58","","","","","","NA"
"-114.78","55.29","SLAVE LAKE","3065995","2021-01-03 17:00","2021","01","03","17:00","3.5","","-7.0","","46","","0.0","","27","","41","","16.1","","92.65","","","","","","NA"
"-114.78","55.29","SLAVE LAKE","3065995","2021-01-03 18:00","2021","01","03","18:00","3.5","","-7.2","","45","","0.0","","27","","41","","16.1","","92.73","","","","","","NA"
"-114.78","55.29","SLAVE LAKE","3065995","2021-01-03 19:00","2021","01","03","19:00","3.3","","-7.7","","45","","0.0","","28","","39","","16.1","","92.78","","","","","","NA"
"-114.78","55.29","SLAVE LAKE","3065995","2021-01-03 20:00","2021","01","03","20:00","2.2","","-7.2","","50","","0.0","","27","","24","","16.1","","92.88","","","","","","NA"
"-114.78","55.29","SLAVE LAKE","3065995","2021-01-03 21:00","2021","01","03","21:00","2.7","","-7.5","","47","","0.0","","27","","28","","16.1","","92.94","","","","","","NA"
"-114.78","55.29","SLAVE LAKE","3065995","2021-01-03 22:00","2021","01","03","22:00","2.0","","-7.6","","49","","0.0","","27","","32","","16.1","","93.01","","","","","","NA"
"-114.78","55.29","SLAVE LAKE","3065995","2021-01-03 23:00","2021","01","03","23:00","2.4","","-6.5","","52","","0.0","","26","","35","","16.1","","93.10","","","","","","NA"
"-114.78","55.29","SLAVE LAKE","3065995","2021-01-04 00:00","2021","01","04","00:00","2.4","","-6.1","","54","","0.0","","26","","30","","16.1","","93.21","","","","","","NA"
"-114.78","55.29","SLAVE LAKE","3065995","2021-01-04 01:00","2021","01","04","01:00","1.9","","-6.6","","54","","0.0","","26","","22","","16.1","","93.27","","","","","","NA"
"-114.78","55.29","SLAVE LAKE","3065995","2021-01-04 02:00","2021","01","04","02:00","1.3","","-7.1","","54","","0.0","","27","","26","","16.1","","93.35","","","","","","NA"
"-114.78","55.29","SLAVE LAKE","3065995","2021-01-04 03:00","2021","01","04","03:00","1.1","","-7.0","","55","","0.0","","26","","21","","16.1","","93.42","","","","","","NA"
"-114.78","55.29","SLAVE LAKE","3065995","2021-01-04 04:00","2021","01","04","04:00","0.5","","-7.1","","57","","0.0","","27","","18","","16.1","","93.47","","","","","","NA"
"-114.78","55.29","SLAVE LAKE","3065995","2021-01-04 05:00","2021","01","04","05:00","-0.6","","-7.5","","60","","0.0","","30","","9","","16.1","","93.52","","","","-4","","NA"
"-114.78","55.29","SLAVE LAKE","3065995","2021-01-04 06:00","2021","01","04","06:00","-4.0","","-8.4","","72","","0.0","","3","","4","","16.1","","93.51","","","","-6","","NA"
"-114.78","55.29","SLAVE LAKE","3065995","2021-01-04 07:00","2021","01","04","07:00","-6.4","","-9.4","","79","","0.0","","","M","4","","16.1","","93.53","","","","-8","","NA"
"-114.78","55.29","SLAVE LAKE","3065995","2021-01-04 08:00","2021","01","04","08:00","-6.5","","-9.2","","81","","0.0","","","","0","","16.1","","93.55","","","","","","NA"
"-114.78","55.29","SLAVE LAKE","3065995","2021-01-04 09:00","2021","01","04","09:00","-7.5","","-10.0","","82","","0.0","","10","","8","","16.1","","93.54","","","","-12","","NA"
"-114.78","55.29","SLAVE LAKE","3065995","2021-01-04 10:00","2021","01","04","10:00","-7.6","","-9.9","","84","","0.0","","13","","11","","16.1","","93.52","","","","-13","","NA"
"-114.78","55.29","SLAVE LAKE","3065995","2021-01-04 11:00","2021","01","04","11:00","-6.7","","-9.7","","80","","0.0","","12","","5","","16.1","","93.44","","","","-9","","NA"
"-114.78","55.29","SLAVE LAKE","3065995","2021-01-04 12:00","2021","01","04","12:00","-5.3","","-8.8","","77","","0.0","","10","","8","","16.1","","93.38","","","","-9","","NA"
"-114.78","55.29","SLAVE LAKE","3065995","2021-01-04 13:00","2021","01","04","13:00","-4.4","","-8.6","","72","","0.0","","11","","8","","16.1","","93.33","","","","-8","","NA"
"-114.78","55.29","SLAVE LAKE","3065995","2021-01-04 14:00","2021","01","04","14:00","-3.0","","-7.8","","70","","0.0","","","M","4","","16.1","","93.25","","","","-5","","NA"
"-114.78","55.29","SLAVE LAKE","3065995","2021-01-04 15:00","2021","01","04","15:00","-2.3","","-7.6","","67","","0.0","","10","","9","","16.1","","93.22","","","","-6","","NA"
"-114.78","55.29","SLAVE LAKE","3065995","2021-01-04 16:00","2021","01","04","16:00","-3.0","","-8.1","","68","","0.0","","9","","13","","16.1","","93.16","","","","-8","","NA"
"-114.78","55.29","SLAVE LAKE","3065995","2021-01-04 17:00","2021","01","04","17:00","-3.9","","-8.6","","70","","0.0","","9","","13","","16.1","","93.14","","","","-9","","NA"
"-114.78","55.29","SLAVE LAKE","3065995","2021-01-04 18:00","2021","01","04","18:00","-3.6","","-8.5","","69","","0.0","","11","","15","","16.1","","93.08","","","","-9","","NA"
"-114.78","55.29","SLAVE LAKE","3065995","2021-01-04 19:00","2021","01","04","19:00","-3.7","","-8.3","","71","","0.0","","12","","18","","16.1","","93.05","","","","-10","","NA"
"-114.78","55.29","SLAVE LAKE","3065995","2021-01-04 20:00","2021","01","04","20:00","-3.0","","-8.4","","67","","0.0","","10","","18","","16.1","","93.04","","","","-9","","NA"
"-114.78","55.29","SLAVE LAKE","3065995","2021-01-04 21:00","2021","01","04","21:00","-3.0","","-8.2","","68","","0.0","","11","","17","","16.1","","93.03","","","","-9","","NA"
"-114.78","55.29","SLAVE LAKE","3065995","2021-01-04 22:00","2021","01","04","22:00","-3.1","","-8.4","","67","","0.0","","10","","9","","16.1","","93.07","","","","-7","","NA"
"-114.78","55.29","SLAVE LAKE","3065995","2021-01-04 23:00","2021","01","04","23:00","-4.1","","-8.0","","75","","0.0","","11","","8","","16.1","","93.11","","","","-8","","NA"
"-114.78","55.29","SLAVE LAKE","3065995","2021-01-05 00:00","2021","01","05","00:00","-3.5","","-8.4","","69","","0.0","","23","","8","","16.1","","93.20","","","","-7","","NA"
"-114.78","55.29","SLAVE LAKE","3065995","2021-01-05 01:00","2021","01","05","01:00","-2.9","","-7.8","","69","","0.0","","2","","5","","16.1","","93.25","","","","-5","","NA"
"-114.78","55.29","SLAVE LAKE","3065995","2021-01-05 02:00","2021","01","05","02:00","-2.3","","-5.7","","78","","0.0","","30","","11","","16.1","","93.32","","","","-6","","NA"
"-114.78","55.29","SLAVE LAKE","3065995","2021-01-05 03:00","2021","01","05","03:00","-4.8","","-7.1","","84","","0.0","","29","","5","","16.1","","93.42","","","","-7","","NA"
"-114.78","55.29","SLAVE LAKE","3065995","2021-01-05 04:00","2021","01","05","04:00","-5.8","","-7.7","","87","","0.0","","29","","11","","16.1","","93.53","","","","-11","","NA"
"-114.78","55.29","SLAVE LAKE","3065995","2021-01-05 05:00","2021","01","05","05:00","-3.1","","-7.1","","74","","0.0","","30","","15","","16.1","","93.63","","","","-8","","NA"
"-114.78","55.29","SLAVE LAKE","3065995","2021-01-05 06:00","2021","01","05","06:00","-5.9","","-7.6","","88","","0.0","","31","","17","","16.1","","93.70","","","","-12","","NA"
"-114.78","55.29","SLAVE LAKE","3065995","2021-01-05 07:00","2021","01","05","07:00","-6.9","","-8.9","","86","","0.0","","33","","11","","16.1","","93.78","","","","-12","","NA"
"-114.78","55.29","SLAVE LAKE","3065995","2021-01-05 08:00","2021","01","05","08:00","-7.9","","-9.6","","88","","0.0","","33","","11","","16.1","","93.83","","","","-13","","NA"
"-114.78","55.29","SLAVE LAKE","3065995","2021-01-05 09:00","2021","01","05","09:00","-9.7","","-10.6","","93","","0.0","","21","","4","","16.1","","93.96","","","","-12","","NA"
"-114.78","55.29","SLAVE LAKE","3065995","2021-01-05 10:00","2021","01","05","10:00","-9.6","","-10.8","","91","","0.0","","20","","4","","16.1","","94.00","","","","-12","","NA"
"-114.78","55.29","SLAVE LAKE","3065995","2021-01-05 11:00","2021","01","05","11:00","-8.8","","-10.3","","89","","0.0","","","","0","","16.1","","93.97","","","","","","NA"
"-114.78","55.29","SLAVE LAKE","3065995","2021-01-05 12:00","2021","01","05","12:00","-5.2","","-8.5","","78","","0.0","","12","","9","","16.1","","93.98","","","","-9","","NA"
"-114.78","55.29","SLAVE LAKE","3065995","2021-01-05 13:00","2021","01","05","13:00","-3.3","","-7.5","","73","","0.0","","10","","9","","16.1","","93.97","","","","-7","","NA"
"-114.78","55.29","SLAVE LAKE","3065995","2021-01-05 14:00","2021","01","05","14:00","-1.1","","-7.3","","63","","0.0","","9","","8","","16.1","","93.94","","","","-4","","NA"
"-114.78","55.29","SLAVE LAKE","3065995","2021-01-05 15:00","2021","01","05","15:00","-2.6","","-7.3","","70","","0.0","","10","","11","","16.1","","93.99","","","","-7","","NA"
"-114.78","55.29","SLAVE LAKE","3065995","2021-01-05 16:00","2021","01","05","16:00","-1.9","","-7.2","","67","","0.0","","9","","9","","16.1","","94.00","","","","-5","","NA"
"-114.78","55.29","SLAVE LAKE","3065995","2021-01-05 17:00","2021","01","05","17:00","-2.9","","-7.6","","70","","0.0","","8","","11","","16.1","","93.96","","","","-7","","NA"
"-114.78","55.29","SLAVE LAKE","3065995","2021-01-05 18:00","2021","01","05","18:00","-3.5","","-8.3","","70","","0.0","","6","","13","","16.1","","93.87","","","","-8","","NA"
"-114.78","55.29","SLAVE LAKE","3065995","2021-01-05 19:00","2021","01","05","19:00","-3.1","","-8.8","","65","","0.0","","8","","18","","16.1","","93.76","","","","-9","","NA"
"-114.78","55.29","SLAVE LAKE","3065995","2021-01-05 20:00","2021","01","05","20:00","-3.8","","-8.3","","71","","0.0","","9","","17","","16.1","","93.69","","","","-10","","NA"
"-114.78","55.29","SLAVE LAKE","3065995","2021-01-05 21:00","2021","01","05","21:00","-3.3","","-8.2","","69","","0.0","","8","","11","","16.1","","93.60","","","","-8","","NA"
"-114.78","55.29","SLAVE LAKE","3065995","2021-01-05 22:00","2021","01","05","22:00","-3.0","","-8.2","","67","","0.0","","8","","21","","16.1","","93.55","","","","-9","","NA"
"-114.78","55.29","SLAVE LAKE","3065995","2021-01-05 23:00","2021","01","05","23:00","-2.2","","-7.5","","67","","0.0","","10","","30","","16.1","","93.45","","","","-9","","NA"
"-114.78","55.29","SLAVE LAKE","3065995","2021-01-06 00:00","2021","01","06","00:00","-1.9","","-7.2","","67","","0.0","","10","","18","","16.1","","93.36","","","","-7","","NA"
"-114.78","55.29","SLAVE LAKE","3065995","2021-01-06 01:00","2021","01","06","01:00","-2.8","","-7.5","","70","","0.0","","9","","22","","16.1","","93.25","","","","-9","","NA"
"-114.78","55.29","SLAVE LAKE","3065995","2021-01-06 02:00","2021","01","06","02:00","-3.4","","-7.8","","72","","0.0","","9","","22","","16.1","","93.23","","","","-10","","NA"
"-114.78","55.29","SLAVE LAKE","3065995","2021-01-06 03:00","2021","01","06","03:00","-4.4","","-8.4","","74","","0.0","","7","","17","","16.1","","93.23","","","","-10","","NA"
"-114.78","55.29","SLAVE LAKE","3065995","2021-01-06 04:00","2021","01","06","04:00","-4.7","","-8.4","","76","","0.0","","7","","15","","16.1","","93.17","","","","-10","","NA"
"-114.78","55.29","SLAVE LAKE","3065995","2021-01-06 05:00","2021","01","06","05:00","-4.8","","-8.2","","77","","0.0","","8","","17","","16.1","","93.17","","","","-11","","NA"
"-114.78","55.29","SLAVE LAKE","3065995","2021-01-06 06:00","2021","01","06","06:00","-5.1","","-8.2","","79","","0.0","","9","","15","","16.1","","93.19","","","","-11","","NA"
"-114.78","55.29","SLAVE LAKE","3065995","2021-01-06 07:00","2021","01","06","07:00","-5.4","","-8.3","","80","","0.0","","10","","13","","16.1","","93.19","","","","-11","","NA"
"-114.78","55.29","SLAVE LAKE","3065995","2021-01-06 08:00","2021","01","06","08:00","-5.6","","-8.5","","80","","0.0","","9","","13","","16.1","","93.25","","","","-11","","NA"
"-114.78","55.29","SLAVE LAKE","3065995","2021-01-06 09:00","2021","01","06","09:00","-7.1","","-9.2","","85","","0.0","","11","","9","","16.1","","93.35","","","","-11","","NA"
"-114.78","55.29","SLAVE LAKE","3065995","2021-01-06 10:00","2021","01","06","10:00","-7.6","","-9.2","","88","","0.0","","12","","5","","16.1","","93.40","","","","-10","","NA"
"-114.78","55.29","SLAVE LAKE","3065995","2021-01-06 11:00","2021","01","06","11:00","-7.7","","-9.4","","88","","0.0","","14","","13","","16.1","","93.48","","","","-13","","NA"
"-114.78","55.29","SLAVE LAKE","3065995","2021-01-06 12:00","2021","01","06","12:00","-8.1","","-9.9","","87","","0.0","","14","","8","","16.1","","93.52","","","","-12","","NA"
"-114.78","55.29","SLAVE LAKE","3065995","2021-01-06 13:00","2021","01","06","13:00","-5.8","","-8.7","","80","","0.0","","11","","15","","16.1","","93.53","","","","-12","","NA"
"-114.78","55.29","SLAVE LAKE","3065995","2021-01-06 14:00","2021","01","06","14:00","-3.9","","-7.9","","74","","0.0","","12","","8","","16.1","","93.60","","","","-7","","NA"
"-114.78","55.29","SLAVE LAKE","3065995","2021-01-06 15:00","2021","01","06","15:00","8.0","","-6.9","","34","","0.0","","24","","22","","16.1","","93.60","","","","","","NA"
"-114.78","55.29","SLAVE LAKE","3065995","2021-01-06 16:00","2021","01","06","16:00","7.2","","-7.2","","35","","0.0","","24","","30","","16.1","","93.70","","","","","","NA"
"-114.78","55.29","SLAVE LAKE","3065995","2021-01-06 17:00","2021","01","06","17:00","5.8","","-6.7","","40","","0.0","","25","","22","","16.1","","93.78","","","","","","NA"
"-114.78","55.29","SLAVE LAKE","3065995","2021-01-06 18:00","2021","01","06","18:00","4.9","","-7.3","","41","","0.0","","25","","24","","16.1","","93.86","","","","","","NA"
"-114.78","55.29","SLAVE LAKE","3065995","2021-01-06 19:00","2021","01","06","19:00","5.0","","-8.0","","39","","0.0","","25","","30","","16.1","","93.89","","","","","","NA"
"-114.78","55.29","SLAVE LAKE","3065995","2021-01-06 20:00","2021","01","06","20:00","4.6","","-8.0","","40","","0.0","","25","","26","","16.1","","93.98","","","","","","NA"
"-114.78","55.29","SLAVE LAKE","3065995","2021-01-06 21:00","2021","01","06","21:00","4.1","","-8.4","","40","","0.0","","25","","17","","16.1","","94.11","","","","","","NA"
"-114.78","55.29","SLAVE LAKE","3065995","2021-01-06 22:00","2021","01","06","22:00","3.5","","-8.9","","40","","0.0","","","M","8","","16.1","","94.21","","","","","","NA"
"-114.78","55.29","SLAVE LAKE","3065995","2021-01-06 23:00","2021","01","06","23:00","1.6","","-8.8","","46","","0.0","","","M","4","","16.1","","94.30","","","","","","NA"
"-114.78","55.29","SLAVE LAKE","3065995","2021-01-07 00:00","2021","01","07","00:00","0.9","","-9.0","","48","","0.0","","36","","5","","16.1","","94.38","","","","","","NA"
"-114.78","55.29","SLAVE LAKE","3065995","2021-01-07 01:00","2021","01","07","01:00","-0.2","","-8.9","","52","","0.0","","33","","11","","16.1","","94.43","","","","-4","","NA"
"-114.78","55.29","SLAVE LAKE","3065995","2021-01-07 02:00","2021","01","07","02:00","-3.0","","-8.8","","64","","0.0","","31","","8","","16.1","","94.47","","","","-6","","NA"
"-114.78","55.29","SLAVE LAKE","3065995","2021-01-07 03:00","2021","01","07","03:00","-4.6","","-9.1","","71","","0.0","","","M","4","","16.1","","94.57","","","","-6","","NA"
"-114.78","55.29","SLAVE LAKE","3065995","2021-01-07 04:00","2021","01","07","04:00","-6.3","","-10.0","","75","","0.0","","19","","5","","16.1","","94.67","","","","-9","","NA"
"-114.78","55.29","SLAVE LAKE","3065995","2021-01-07 05:00","2021","01","07","05:00","-6.7","","-10.1","","77","","0.0","","","","0","","16.1","","94.75","","","","","","NA"
"-114.78","55.29","SLAVE LAKE","3065995","2021-01-07 06:00","2021","01","07","06:00","-6.9","","-10.5","","76","","0.0","","","","0","","16.1","","94.79","","","","","","NA"
"-114.78","55.29","SLAVE LAKE","3065995","2021-01-07 07:00","2021","01","07","07:00","-8.4","","-11.2","","80","","0.0","","14","","9","","16.1","","94.85","","","","-13","","NA"
"-114.78","55.29","SLAVE LAKE","3065995","2021-01-07 08:00","2021","01","07","08:00","-10.0","","-12.5","","82","","0.0","","","","0","","16.1","","94.87","","","","","","NA"
"-114.78","55.29","SLAVE LAKE","3065995","2021-01-07 09:00","2021","01","07","09:00","-10.7","","-12.6","","86","","0.0","","12","","9","","16.1","","94.96","","","","-16","","NA"
"-114.78","55.29","SLAVE LAKE","3065995","2021-01-07 10:00","2021","01","07","10:00","-9.9","","-12.3","","83","","0.0","","15","","4","","16.1","","95.04","","","","-12","","NA"
"-114.78","55.29","SLAVE LAKE","3065995","2021-01-07 11:00","2021","01","07","11:00","-8.1","","-11.5","","77","","0.0","","","","0","","16.1","","95.07","","","","","","NA"
"-114.78","55.29","SLAVE LAKE","3065995","2021-01-07 12:00","2021","01","07","12:00","-5.6","","-9.8","","72","","0.0","","","","0","","16.1","","95.12","","","","","","NA"
"-114.78","55.29","SLAVE LAKE","3065995","2021-01-07 13:00","2021","01","07","13:00","-1.3","","-8.4","","59","","0.0","","","M","4","","16.1","","95.15","","","","-3","","NA"
"-114.78","55.29","SLAVE LAKE","3065995","2021-01-07 14:00","2021","01","07","14:00","0.3","","-8.4","","52","","0.0","","31","","9","","16.1","","95.20","","","","","","NA"
"-114.78","55.29","SLAVE LAKE","3065995","2021-01-07 15:00","2021","01","07","15:00","-1.4","","-8.7","","58","","0.0","","29","","5","","16.1","","95.27","","","","-3","","NA"
"-114.78","55.29","SLAVE LAKE","3065995","2021-01-07 16:00","2021","01","07","16:00","-2.0","","-9.0","","59","","0.0","","1","","4","","16.1","","95.32","","","","-3","","NA"
"-114.78","55.29","SLAVE LAKE","3065995","2021-01-07 17:00","2021","01","07","17:00","-2.5","","-8.6","","63","","0.0","","15","","4","","16.1","","95.34","","","","-4","","NA"
"-114.78","55.29","SLAVE LAKE","3065995","2021-01-07 18:00","2021","01","07","18:00","-5.4","","-9.1","","75","","0.0","","9","","5","","16.1","","95.30","","","","-8","","NA"
"-114.78","55.29","SLAVE LAKE","3065995","2021-01-07 19:00","2021","01","07","19:00","-6.2","","-10.0","","75","","0.0","","","M","5","","16.1","","95.31","","","","-9","","NA"
"-114.78","55.29","SLAVE LAKE","3065995","2021-01-07 20:00","2021","01","07","20:00","-4.7","","-9.7","","68","","0.0","","9","","8","","16.1","","95.31","","","","-8","","NA"
"-114.78","55.29","SLAVE LAKE","3065995","2021-01-07 21:00","2021","01","07","21:00","-5.9","","-9.8","","74","","0.0","","11","","8","","16.1","","95.35","","","","-10","","NA"
"-114.78","55.29","SLAVE LAKE","3065995","2021-01-07 22:00","2021","01","07","22:00","-8.0","","-10.7","","81","","0.0","","","M","4","","16.1","","95.41","","","","-10","","NA"
"-114.78","55.29","SLAVE LAKE","3065995","2021-01-07 23:00","2021","01","07","23:00","-8.4","","-11.3","","80","","0.0","","11","","11","","16.1","","95.43","","","","-14","","NA"
"-114.78","55.29","SLAVE LAKE","3065995","2021-01-08 00:00","2021","01","08","00:00","-9.8","","-11.9","","85","","0.0","","12","","11","","16.1","","95.42","","","","-15","","NA"
"-114.78","55.29","SLAVE LAKE","3065995","2021-01-08 01:00","2021","01","08","01:00","-8.6","","-10.6","","85","","0.0","","13","","11","","16.1","","95.41","","","","-14","","NA"
"-114.78","55.29","SLAVE LAKE","3065995","2021-01-08 02:00","2021","01","08","02:00","-10.6","","-12.0","","90","","0.0","","13","","11","","16.1","","95.41","","","","-16","","NA"
"-114.78","55.29","SLAVE LAKE","3065995","2021-01-08 03:00","2021","01","08","03:00","-10.9","","-12.1","","91","","0.0","","14","","8","","16.1","","95.42","","","","-16","","NA"
"-114.78","55.29","SLAVE LAKE","3065995","2021-01-08 04:00","2021","01","08","04:00","-12.6","","-13.6","","92","","0.0","","16","","8","","16.1","","95.39","","","","-18","","NA"
"-114.78","55.29","SLAVE LAKE","3065995","2021-01-08 05:00","2021","01","08","05:00","-13.1","","-14.4","","90","","0.0","","17","","8","","16.1","","95.34","","","","-18","","NA"
"-114.78","55.29","SLAVE LAKE","3065995","2021-01-08 06:00","2021","01","08","06:00","-12.1","","-13.4","","90","","0.0","","14","","5","","16.1","","95.30","","","","-15","","NA"
"-114.78","55.29","SLAVE LAKE","3065995","2021-01-08 07:00","2021","01","08","07:00","-11.9","","-13.0","","91","","0.0","","11","","8","","16.1","","95.28","","","","-17","","NA"
"-114.78","55.29","SLAVE LAKE","3065995","2021-01-08 08:00","2021","01","08","08:00","-13.1","","-14.3","","91","","0.0","","11","","11","","16.1","","95.23","","","","-19","","NA"
"-114.78","55.29","SLAVE LAKE","3065995","2021-01-08 09:00","2021","01","08","09:00","-11.6","","-12.8","","91","","0.0","","9","","17","","16.1","","95.21","","","","-19","","NA"
"-114.78","55.29","SLAVE LAKE","3065995","2021-01-08 10:00","2021","01","08","10:00","-10.0","","-11.6","","88","","0.0","","11","","11","","16.1","","95.29","","","","-16","","NA"
"-114.78","55.29","SLAVE LAKE","3065995","2021-01-08 11:00","2021","01","08","11:00","-10.3","","-12.2","","86","","0.0","","17","","11","","16.1","","95.31","","","","-16","","NA"
"-114.78","55.29","SLAVE LAKE","3065995","2021-01-08 12:00","2021","01","08","12:00","-8.7","","-11.1","","83","","0.0","","15","","9","","16.1","","95.27","","","","-13","","NA"
"-114.78","55.29","SLAVE LAKE","3065995","2021-01-08 13:00","2021","01","08","13:00","-7.2","","-10.3","","79","","0.0","","13","","11","","16.1","","95.21","","","","-12","","NA"
"-114.78","55.29","SLAVE LAKE","3065995","2021-01-08 14:00","2021","01","08","14:00","-4.9","","-9.2","","72","","0.0","","11","","15","","16.1","","95.14","","","","-10","","NA"
"-114.78","55.29","SLAVE LAKE","3065995","2021-01-08 15:00","2021","01","08","15:00","-4.1","","-9.6","","66","","0.0","","10","","15","","16.1","","95.07","","","","-9","","NA"
"-114.78","55.29","SLAVE LAKE","3065995","2021-01-08 16:00","2021","01","08","16:00","-4.6","","-9.5","","69","","0.0","","10","","24","","16.1","","95.04","","","","-12","","NA"
"-114.78","55.29","SLAVE LAKE","3065995","2021-01-08 17:00","2021","01","08","17:00","-4.8","","-9.8","","68","","0.0","","8","","18","","16.1","","95.03","","","","-11","","NA"
"-114.78","55.29","SLAVE LAKE","3065995","2021-01-08 18:00","2021","01","08","18:00","-5.8","","-10.1","","72","","0.0","","7","","17","","16.1","","95.04","","","","-12","","NA"
"-114.78","55.29","SLAVE LAKE","3065995","2021-01-08 19:00","2021","01","08","19:00","-6.4","","-10.1","","75","","0.0","","9","","18","","16.1","","95.11","","","","-13","","NA"
"-114.78","55.29","SLAVE LAKE","3065995","2021-01-08 20:00","2021","01","08","20:00","-7.1","","-10.3","","78","","0.0","","9","","21","","16.1","","95.04","","","","-14","","NA"
"-114.78","55.29","SLAVE LAKE","3065995","2021-01-08 21:00","2021","01","08","21:00","-8.6","","-11.2","","82","","0.0","","15","","5","","16.1","","95.14","","","","-11","","NA"
"-114.78","55.29","SLAVE LAKE","3065995","2021-01-08 22:00","2021","01","08","22:00","-10.2","","-11.7","","89","","0.0","","","M","4","","16.1","","95.14","","","","-13","","NA"
"-114.78","55.29","SLAVE LAKE","3065995","2021-01-08 23:00","2021","01","08","23:00","-13.5","","-14.8","","90","","0.0","","","M","4","","16.1","","95.19","","","","-16","","NA"
"-114.78","55.29","SLAVE LAKE","3065995","2021-01-09 00:00","2021","01","09","00:00","-13.0","","-14.2","","91","","0.0","","11","","8","","16.1","","95.22","","","","-18","","NA"
"-114.78","55.29","SLAVE LAKE","3065995","2021-01-09 01:00","2021","01","09","01:00","-14.8","","-16.3","","88","","0.0","","15","","5","","16.1","","95.26","","","","-18","","NA"
"-114.78","55.29","SLAVE LAKE","3065995","2021-01-09 02:00","2021","01","09","02:00","-15.0","","-16.6","","88","","0.0","","","","0","","16.1","","95.32","","","","","","NA"
"-114.78","55.29","SLAVE LAKE","3065995","2021-01-09 03:00","2021","01","09","03:00","-14.1","","-15.7","","88","","0.0","","","","0","","16.1","","95.35","","","","","","NA"
"-114.78","55.29","SLAVE LAKE","3065995","2021-01-09 04:00","2021","01","09","04:00","-15.3","","-16.7","","89","","0.0","","","M","4","","16.1","","95.35","","","","-18","","NA"
"-114.78","55.29","SLAVE LAKE","3065995","2021-01-09 05:00","2021","01","09","05:00","-15.0","","-16.4","","89","","0.0","","10","","4","","16.1","","95.34","","","","-18","","NA"
"-114.78","55.29","SLAVE LAKE","3065995","2021-01-09 06:00","2021","01","09","06:00","-15.7","","-17.2","","89","","0.0","","","","0","","16.1","","95.33","","","","","","NA"
"-114.78","55.29","SLAVE LAKE","3065995","2021-01-09 07:00","2021","01","09","07:00","-16.6","","-18.4","","86","","0.0","","12","","9","","16.1","","95.34","","","","-23","","NA"
"-114.78","55.29","SLAVE LAKE","3065995","2021-01-09 08:00","2021","01","09","08:00","-16.5","","-18.3","","86","","0.0","","","M","4","","16.1","","95.35","","","","-20","","NA"
"-114.78","55.29","SLAVE LAKE","3065995","2021-01-09 09:00","2021","01","09","09:00","-16.9","","-19.0","","84","","0.0","","11","","9","","16.1","","95.35","","","","-23","","NA"
"-114.78","55.29","SLAVE LAKE","3065995","2021-01-09 10:00","2021","01","09","10:00","-16.2","","-18.3","","84","","0.0","","12","","8","","16.1","","95.34","","","","-22","","NA"
"-114.78","55.29","SLAVE LAKE","3065995","2021-01-09 11:00","2021","01","09","11:00","-14.7","","-16.8","","84","","0.0","","11","","11","","16.1","","95.32","","","","-21","","NA"
"-114.78","55.29","SLAVE LAKE","3065995","2021-01-09 12:00","2021","01","09","12:00","-11.7","","-14.2","","82","","0.0","","11","","8","","16.1","","95.26","","","","-16","","NA"
"-114.78","55.29","SLAVE LAKE","3065995","2021-01-09 13:00","2021","01","09","13:00","-8.4","","-12.1","","75","","0.0","","","M","4","","16.1","","95.19","","","","-11","","NA"
"-114.78","55.29","SLAVE LAKE","3065995","2021-01-09 14:00","2021","01","09","14:00","-6.0","","-10.8","","69","","0.0","","","M","4","","16.1","","95.14","","","","-8","","NA"
"-114.78","55.29","SLAVE LAKE","3065995","2021-01-09 15:00","2021","01","09","15:00","-7.3","","-11.5","","72","","0.0","","","","0","","16.1","","95.09","","","","","","NA"
"-114.78","55.29","SLAVE LAKE","3065995","2021-01-09 16:00","2021","01","09","16:00","-6.4","","-10.4","","73","","0.0","","","","0","","16.1","","95.08","","","","","","NA"
"-114.78","55.29","SLAVE LAKE","3065995","2021-01-09 17:00","2021","01","09","17:00","-7.2","","-10.6","","77","","0.0","","17","","5","","16.1","","95.05","","","","-10","","NA"
"-114.78","55.29","SLAVE LAKE","3065995","2021-01-09 18:00","2021","01","09","18:00","-10.0","","-12.4","","83","","0.0","","","M","4","","16.1","","95.00","","","","-12","","NA"
"-114.78","55.29","SLAVE LAKE","3065995","2021-01-09 19:00","2021","01","09","19:00","-11.5","","-13.0","","89","","0.0","","16","","8","","16.1","","94.98","","","","-16","","NA"
"-114.78","55.29","SLAVE LAKE","3065995","2021-01-09 20:00","2021","01","09","20:00","-11.5","","-13.4","","86","","0.0","","15","","5","","14.5","","94.93","","","","-15","","NA"
"-114.78","55.29","SLAVE LAKE","3065995","2021-01-09 21:00","2021","01","09","21:00","-13.2","","-14.2","","92","","0.0","","10","","9","","16.1","","94.84","","","","-19","","NA"
"-114.78","55.29","SLAVE LAKE","3065995","2021-01-09 22:00","2021","01","09","22:00","-13.4","","-14.6","","91","","0.0","","11","","4","","16.1","","94.79","","","","-16","","NA"
"-114.78","55.29","SLAVE LAKE","3065995","2021-01-09 23:00","2021","01","09","23:00","-14.6","","-15.9","","90","","0.0","","11","","5","","16.1","","94.73","","","","-18","","NA"
"-114.78","55.29","SLAVE LAKE","3065995","2021-01-10 00:00","2021","01","10","00:00","-13.9","","-15.1","","91","","0.0","","12","","5","","16.1","","94.67","","","","-17","","NA"
"-114.78","55.29","SLAVE LAKE","3065995","2021-01-10 01:00","2021","01","10","01:00","-13.7","","-15.0","","90","","0.0","","12","","15","","16.1","","94.62","","","","-21","","NA"
"-114.78","55.29","SLAVE LAKE","3065995","2021-01-10 02:00","2021","01","10","02:00","-14.7","","-16.1","","89","","0.0","","12","","15","","16.1","","94.53","","","","-23","","NA"
"-114.78","55.29","SLAVE LAKE","3065995","2021-01-10 03:00","2021","01","10","03:00","-13.0","","-14.5","","89","","0.0","","13","","13","","16.1","","94.50","","","","-20","","NA"
"-114.78","55.29","SLAVE LAKE","3065995","2021-01-10 04:00","2021","01","10","04:00","-13.5","","-14.9","","90","","0.0","","13","","11","","16.1","","94.44","","","","-20","","NA"
"-114.78","55.29","SLAVE LAKE","3065995","2021-01-10 05:00","2021","01","10","05:00","-13.2","","-14.5","","90","","0.0","","12","","15","","16.1","","94.35","","","","-21","","NA"
"-114.78","55.29","SLAVE LAKE","3065995","2021-01-10 06:00","2021","01","10","06:00","-12.3","","-13.6","","90","","0.0","","12","","11","","16.1","","94.27","","","","-18","","NA"
"-114.78","55.29","SLAVE LAKE","3065995","2021-01-10 07:00","2021","01","10","07:00","-11.4","","-12.6","","91","","0.0","","13","","9","","14.5","","94.22","","","","-17","","NA"
"-114.78","55.29","SLAVE LAKE","3065995","2021-01-10 08:00","2021","01","10","08:00","-10.0","","-11.2","","91","","0.0","","11","","11","","16.1","","94.20","","","","-16","","NA"
"-114.78","55.29","SLAVE LAKE","3065995","2021-01-10 09:00","2021","01","10","09:00","-10.2","","-11.7","","89","","0.0","","11","","8","","16.1","","94.27","","","","-15","","NA"
"-114.78","55.29","SLAVE LAKE","3065995","2021-01-10 10:00","2021","01","10","10:00","-10.4","","-11.9","","89","","0.0","","12","","9","","16.1","","94.32","","","","-15","","NA"
"-114.78","55.29","SLAVE LAKE","3065995","2021-01-10 11:00","2021","01","10","11:00","-10.3","","-11.8","","89","","0.0","","14","","9","","16.1","","94.31","","","","-15","","NA"
"-114.78","55.29","SLAVE LAKE","3065995","2021-01-10 12:00","2021","01","10","12:00","-9.5","","-11.4","","86","","0.0","","11","","8","","16.1","","94.26","","","","-14","","NA"
"-114.78","55.29","SLAVE LAKE","3065995","2021-01-10 13:00","2021","01","10","13:00","-8.9","","-11.1","","84","","0.0","","12","","11","","16.1","","94.23","","","","-14","","NA"
"-114.78","55.29","SLAVE LAKE","3065995","2021-01-10 14:00","2021","01","10","14:00","-8.2","","-11.1","","80","","0.0","","12","","9","","16.1","","94.17","","","","-13","","NA"
"-114.78","55.29","SLAVE LAKE","3065995","2021-01-10 15:00","2021","01","10","15:00","-6.9","","-10.5","","76","","0.0","","12","","8","","16.1","","94.19","","","","-11","","NA"
"-114.78","55.29","SLAVE LAKE","3065995","2021-01-10 16:00","2021","01","10","16:00","-6.8","","-10.7","","74","","0.0","","15","","4","","16.1","","94.23","","","","-9","","NA"
"-114.78","55.29","SLAVE LAKE","3065995","2021-01-10 17:00","2021","01","10","17:00","-9.4","","-11.6","","84","","0.0","","","M","4","","16.1","","94.29","","","","-12","","NA"
"-114.78","55.29","SLAVE LAKE","3065995","2021-01-10 18:00","2021","01","10","18:00","-10.1","","-12.2","","85","","0.0","","14","","5","","16.1","","94.23","","","","-13","","NA"
"-114.78","55.29","SLAVE LAKE","3065995","2021-01-10 19:00","2021","01","10","19:00","-10.9","","-12.7","","87","","0.0","","17","","4","","16.1","","94.22","","","","-13","","NA"
"-114.78","55.29","SLAVE LAKE","3065995","2021-01-10 20:00","2021","01","10","20:00","-11.5","","-13.1","","88","","0.0","","","","0","","16.1","","94.20","","","","","","NA"
"-114.78","55.29","SLAVE LAKE","3065995","2021-01-10 21:00","2021","01","10","21:00","-11.7","","-13.1","","90","","0.0","","12","","8","","16.1","","94.21","","","","-16","","NA"
"-114.78","55.29","SLAVE LAKE","3065995","2021-01-10 22:00","2021","01","10","22:00","-11.7","","-13.0","","90","","0.0","","12","","4","","16.1","","94.18","","","","-14","","NA"
"-114.78","55.29","SLAVE LAKE","3065995","2021-01-10 23:00","2021","01","10","23:00","-12.2","","-13.6","","90","","0.0","","13","","5","","16.1","","94.17","","","","-15","","NA"
"-114.78","55.29","SLAVE LAKE","3065995","2021-01-11 00:00","2021","01","11","00:00","-11.9","","-13.4","","89","","0.0","","12","","9","","16.1","","94.17","","","","-17","","NA"
"-114.78","55.29","SLAVE LAKE","3065995","2021-01-11 01:00","2021","01","11","01:00","-12.2","","-13.6","","89","","0.0","","15","","4","","16.1","","94.16","","","","-15","","NA"
"-114.78","55.29","SLAVE LAKE","3065995","2021-01-11 02:00","2021","01","11","02:00","-12.4","","-13.9","","89","","0.0","","14","","13","","16.1","","94.15","","","","-19","","NA"
"-114.78","55.29","SLAVE LAKE","3065995","2021-01-11 03:00","2021","01","11","03:00","-12.0","","-13.6","","88","","0.0","","13","","5","","16.1","","94.08","","","","-15","","NA"
"-114.78","55.29","SLAVE LAKE","3065995","2021-01-11 04:00","2021","01","11","04:00","-11.5","","-13.1","","88","","0.0","","12","","8","","16.1","","94.01","","","","-16","","NA"
"-114.78","55.29","SLAVE LAKE","3065995","2021-01-11 05:00","2021","01","11","05:00","-10.9","","-12.5","","88","","0.0","","10","","5","","16.1","","93.97","","","","-14","","NA"
"-114.78","55.29","SLAVE LAKE","3065995","2021-01-11 06:00","2021","01","11","06:00","-11.1","","-12.6","","89","","0.0","","13","","5","","16.1","","93.92","","","","-14","","NA"
"-114.78","55.29","SLAVE LAKE","3065995","2021-01-11 07:00","2021","01","11","07:00","-11.2","","-12.8","","88","","0.0","","13","","8","","16.1","","93.85","","","","-16","","NA"
"-114.78","55.29","SLAVE LAKE","3065995","2021-01-11 08:00","2021","01","11","08:00","-10.5","","-12.1","","88","","0.0","","12","","11","","16.1","","93.78","","","","-16","","NA"
"-114.78","55.29","SLAVE LAKE","3065995","2021-01-11 09:00","2021","01","11","09:00","-11.1","","-12.6","","89","","0.0","","13","","11","","16.1","","93.76","","","","-17","","NA"
"-114.78","55.29","SLAVE LAKE","3065995","2021-01-11 10:00","2021","01","11","10:00","-9.3","","-10.8","","89","","0.0","","15","","11","","16.1","","93.70","","","","-15","","NA"
"-114.78","55.29","SLAVE LAKE","3065995","2021-01-11 11:00","2021","01","11","11:00","-8.8","","-10.5","","88","","0.0","","14","","8","","16.1","","93.67","","","","-13","","NA"
"-114.78","55.29","SLAVE LAKE","3065995","2021-01-11 12:00","2021","01","11","12:00","-6.7","","-8.8","","85","","0.0","","13","","13","","16.1","","93.52","","","","-12","","NA"
"-114.78","55.29","SLAVE LAKE","3065995","2021-01-11 13:00","2021","01","11","13:00","-5.4","","-8.2","","81","","0.0","","14","","11","","16.1","","93.45","","","","-10","","NA"
"-114.78","55.29","SLAVE LAKE","3065995","2021-01-11 14:00","2021","01","11","14:00","-3.9","","-6.9","","80","","0.0","","11","","11","","16.1","","93.39","","","","-8","","NA"
"-114.78","55.29","SLAVE LAKE","3065995","2021-01-11 15:00","2021","01","11","15:00","-3.6","","-6.6","","80","","0.0","","11","","9","","16.1","","93.37","","","","-7","","NA"
"-114.78","55.29","SLAVE LAKE","3065995","2021-01-11 16:00","2021","01","11","16:00","-3.6","","-6.6","","80","","0.0","","16","","5","","16.1","","93.34","","","","-6","","NA"
"-114.78","55.29","SLAVE LAKE","3065995","2021-01-11 17:00","2021","01","11","17:00","-3.8","","-6.6","","81","","0.0","","13","","11","","16.1","","93.34","","","","-8","","NA"
"-114.78","55.29","SLAVE LAKE","3065995","2021-01-11 18:00","2021","01","11","18:00","3.9","","-1.7","","67","","0.0","","26","","46","","16.1","","93.58","","","","","","NA"
"-114.78","55.29","SLAVE LAKE","3065995","2021-01-11 19:00","2021","01","11","19:00","4.6","","-2.3","","61","","0.0","","25","","18","","16.1","","93.48","","","","","","NA"
"-114.78","55.29","SLAVE LAKE","3065995","2021-01-11 20:00","2021","01","11","20:00","5.3","","-4.4","","50","","0.0","","25","","30","","16.1","","93.43","","","","","","NA"
"-114.78","55.29","SLAVE LAKE","3065995","2021-01-11 21:00","2021","01","11","21:00","4.9","","-4.1","","52","","0.0","","25","","30","","16.1","","93.40","","","","","","NA"
"-114.78","55.29","SLAVE LAKE","3065995","2021-01-11 22:00","2021","01","11","22:00","4.0","","-4.7","","53","","0.0","","24","","21","","16.1","","93.46","","","","","","NA"
"-114.78","55.29","SLAVE LAKE","3065995","2021-01-11 23:00","2021","01","11","23:00","3.8","","-5.2","","52","","0.0","","25","","26","","16.1","","93.44","","","","","","NA"
"-114.78","55.29","SLAVE LAKE","3065995","2021-01-12 00:00","2021","01","12","00:00","3.3","","-5.9","","51","","0.0","","25","","24","","16.1","","93.51","","","","","","NA"
"-114.78","55.29","SLAVE LAKE","3065995","2021-01-12 01:00","2021","01","12","01:00","3.3","","-6.4","","49","","0.0","","26","","26","","16.1","","93.56","","","","","","NA"
"-114.78","55.29","SLAVE LAKE","3065995","2021-01-12 02:00","2021","01","12","02:00","3.0","","-6.9","","48","","0.0","","25","","21","","16.1","","93.61","","","","","","NA"
"-114.78","55.29","SLAVE LAKE","3065995","2021-01-12 03:00","2021","01","12","03:00","2.2","","-7.8","","48","","0.0","","25","","21","","16.1","","93.62","","","","","","NA"
"-114.78","55.29","SLAVE LAKE","3065995","2021-01-12 04:00","2021","01","12","04:00","-0.5","","-7.4","","60","","0.0","","29","","13","","16.1","","93.53","","","","-5","","NA"
"-114.78","55.29","SLAVE LAKE","3065995","2021-01-12 05:00","2021","01","12","05:00","-5.7","","-8.3","","82","","0.0","","","M","4","","16.1","","93.50","","","","-8","","NA"
"-114.78","55.29","SLAVE LAKE","3065995","2021-01-12 06:00","2021","01","12","06:00","-5.4","","-8.5","","79","","0.0","","17","","9","","16.1","","93.57","","","","-9","","NA"
"-114.78","55.29","SLAVE LAKE","3065995","2021-01-12 07:00","2021","01","12","07:00","-6.0","","-9.8","","75","","0.0","","10","","11","","16.1","","93.41","","","","-11","","NA"
"-114.78","55.29","SLAVE LAKE","3065995","2021-01-12 08:00","2021","01","12","08:00","-7.3","","-10.3","","79","","0.0","","13","","13","","16.1","","93.27","","","","-13","","NA"
"-114.78","55.29","SLAVE LAKE","3065995","2021-01-12 09:00","2021","01","12","09:00","-5.4","","-9.7","","72","","0.0","","9","","15","","16.1","","93.19","","","","-11","","NA"
"-114.78","55.29","SLAVE LAKE","3065995","2021-01-12 10:00","2021","01","12","10:00","-7.0","","-9.7","","81","","0.0","","8","","11","","16.1","","93.17","","","","-12","","NA"
"-114.78","55.29","SLAVE LAKE","3065995","2021-01-12 11:00","2021","01","12","11:00","-5.8","","-8.7","","80","","0.0","","10","","17","","16.1","","93.07","","","","-12","","NA"
"-114.78","55.29","SLAVE LAKE","3065995","2021-01-12 12:00","2021","01","12","12:00","-4.3","","-7.9","","76","","0.0","","9","","15","","16.1","","92.99","","","","-10","","NA"
"-114.78","55.29","SLAVE LAKE","3065995","2021-01-12 13:00","2021","01","12","13:00","-2.9","","-7.3","","72","","0.0","","10","","17","","16.1","","92.80","","","","-8","","NA"
"-114.78","55.29","SLAVE LAKE","3065995","2021-01-12 14:00","2021","01","12","14:00","-2.0","","-6.7","","71","","0.0","","10","","18","","16.1","","92.82","","","","-7","","NA"
"-114.78","55.29","SLAVE LAKE","3065995","2021-01-12 15:00","2021","01","12","15:00","-1.1","","-7.0","","64","","0.0","","7","","17","","16.1","","92.73","","","","-6","","NA"
"-114.78","55.29","SLAVE LAKE","3065995","2021-01-12 16:00","2021","01","12","16:00","-1.7","","-7.2","","66","","0.0","","11","","21","","16.1","","92.73","","","","-8","","NA"
"-114.78","55.29","SLAVE LAKE","3065995","2021-01-12 17:00","2021","01","12","17:00","-1.5","","-7.5","","64","","0.0","","9","","17","","16.1","","92.76","","","","-7","","NA"
"-114.78","55.29","SLAVE LAKE","3065995","2021-01-12 18:00","2021","01","12","18:00","-2.0","","-7.6","","66","","0.0","","10","","11","","16.1","","92.79","","","","-6","","NA"
"-114.78","55.29","SLAVE LAKE","3065995","2021-01-12 19:00","2021","01","12","19:00","-4.1","","-7.7","","76","","0.0","","17","","4","","16.1","","92.84","","","","-6","","NA"
"-114.78","55.29","SLAVE LAKE","3065995","2021-01-12 20:00","2021","01","12","20:00","-5.8","","-8.4","","82","","0.0","","16","","5","","16.1","","92.82","","","","-8","","NA"
"-114.78","55.29","SLAVE LAKE","3065995","2021-01-12 21:00","2021","01","12","21:00","-5.8","","-9.3","","77","","0.0","","11","","5","","16.1","","92.86","","","","-8","","NA"
"-114.78","55.29","SLAVE LAKE","3065995","2021-01-12 22:00","2021","01","12","22:00","-5.9","","-8.7","","81","","0.0","","9","","11","","16.1","","92.88","","","","-11","","NA"
"-114.78","55.29","SLAVE LAKE","3065995","2021-01-12 23:00","2021","01","12","23:00","-5.9","","-8.4","","83","","0.0","","13","","9","","16.1","","92.91","","","","-10","","NA"
"-114.78","55.29","SLAVE LAKE","3065995","2021-01-13 00:00","2021","01","13","00:00","-7.1","","-8.9","","87","","0.0","","","","0","","16.1","","92.78","","","","","","NA"
"-114.78","55.29","SLAVE LAKE","3065995","2021-01-13 01:00","2021","01","13","01:00","-7.0","","-9.0","","86","","0.0","","15","","8","","16.1","","92.76","","","","-11","","NA"
"-114.78","55.29","SLAVE LAKE","3065995","2021-01-13 02:00","2021","01","13","02:00","-6.7","","-8.7","","86","","0.0","","11","","8","","16.1","","92.71","","","","-11","","NA"
"-114.78","55.29","SLAVE LAKE","3065995","2021-01-13 03:00","2021","01","13","03:00","-6.9","","-8.7","","87","","0.0","","10","","5","","16.1","","92.63","","","","-9","","NA"
"-114.78","55.29","SLAVE LAKE","3065995","2021-01-13 04:00","2021","01","13","04:00","-6.4","","-8.5","","85","","0.0","","11","","8","","16.1","","92.56","","","","-10","","NA"
"-114.78","55.29","SLAVE LAKE","3065995","2021-01-13 05:00","2021","01","13","05:00","-6.3","","-8.1","","87","","0.0","","13","","5","","16.1","","92.47","","","","-9","","NA"
"-114.78","55.29","SLAVE LAKE","3065995","2021-01-13 06:00","2021","01","13","06:00","-5.8","","-7.9","","85","","0.0","","","M","4","","16.1","","92.44","","","","-8","","NA"
"-114.78","55.29","SLAVE LAKE","3065995","2021-01-13 07:00","2021","01","13","07:00","-5.4","","-7.2","","87","","0.0","","","M","4","","6.4","","92.38","","","","-7","","Snow"
"-114.78","55.29","SLAVE LAKE","3065995","2021-01-13 08:00","2021","01","13","08:00","-4.5","","-5.2","","95","","0.2","","30","","11","","2.4","","92.37","","","","-9","","Snow"
"-114.78","55.29","SLAVE LAKE","3065995","2021-01-13 09:00","2021","01","13","09:00","-1.3","","-1.6","","98","","0.2","","29","","30","","2.4","","92.43","","","","-8","","Snow"
"-114.78","55.29","SLAVE LAKE","3065995","2021-01-13 10:00","2021","01","13","10:00","-0.4","","-1.8","","90","","0.2","","27","","30","","4.8","","92.59","","","","-7","","Snow"
"-114.78","55.29","SLAVE LAKE","3065995","2021-01-13 11:00","2021","01","13","11:00","-0.2","","-3.1","","81","","0.0","","27","","22","","16.1","","92.73","","","","-6","","NA"
"-114.78","55.29","SLAVE LAKE","3065995","2021-01-13 12:00","2021","01","13","12:00","-0.6","","-4.3","","76","","0.0","","27","","32","","16.1","","92.94","","","","-7","","NA"
"-114.78","55.29","SLAVE LAKE","3065995","2021-01-13 13:00","2021","01","13","13:00","-1.1","","-5.4","","73","","0.0","","27","","34","","16.1","","93.18","","","","-8","","NA"
"-114.78","55.29","SLAVE LAKE","3065995","2021-01-13 14:00","2021","01","13","14:00","-1.1","","-6.4","","67","","0.0","","29","","22","","16.1","","93.38","","","","-7","","NA"
"-114.78","55.29","SLAVE LAKE","3065995","2021-01-13 15:00","2021","01","13","15:00","-0.7","","-7.0","","63","","0.0","","26","","32","","16.1","","93.53","","","","-8","","NA"
"-114.78","55.29","SLAVE LAKE","3065995","2021-01-13 16:00","2021","01","13","16:00","-0.6","","-8.3","","56","","0.0","","27","","41","","16.1","","93.72","","","","-8","","NA"
"-114.78","55.29","SLAVE LAKE","3065995","2021-01-13 17:00","2021","01","13","17:00","-1.4","","-9.9","","53","","0.0","","27","","21","","16.1","","93.84","","","","-7","","NA"
"-114.78","55.29","SLAVE LAKE","3065995","2021-01-13 18:00","2021","01","13","18:00","0.2","","-9.8","","47","","0.0","","26","","30","","16.1","","93.96","","","","","","NA"
"-114.78","55.29","SLAVE LAKE","3065995","2021-01-13 19:00","2021","01","13","19:00","0.2","","-8.8","","51","","0.0","","26","","28","","16.1","","94.04","","","","","","NA"
"-114.78","55.29","SLAVE LAKE","3065995","2021-01-13 20:00","2021","01","13","20:00","0.2","","-7.8","","55","","0.0","","26","","41","","14.5","","94.08","","","","","","Rain"
"-114.78","55.29","SLAVE LAKE","3065995","2021-01-13 21:00","2021","01","13","21:00","-0.5","","-7.4","","60","","0.0","","27","","50","","4.8","","94.16","","","","-9","","Snow"
"-114.78","55.29","SLAVE LAKE","3065995","2021-01-13 22:00","2021","01","13","22:00","-0.9","","-7.6","","61","","0.0","","27","","54","","2.4","","94.25","","","","-10","","Snow"
"-114.78","55.29","SLAVE LAKE","3065995","2021-01-13 23:00","2021","01","13","23:00","-0.8","","-7.7","","60","","0.0","","27","","54","","3.6","","94.38","","","","-10","","Snow"
"-114.78","55.29","SLAVE LAKE","3065995","2021-01-14 00:00","2021","01","14","00:00","-0.5","","-8.5","","55","","0.0","","28","","52","","16.1","","94.51","","","","-9","","NA"
"-114.78","55.29","SLAVE LAKE","3065995","2021-01-14 01:00","2021","01","14","01:00","-0.7","","-8.4","","56","","0.0","","28","","46","","16.1","","94.62","","","","-9","","NA"
"-114.78","55.29","SLAVE LAKE","3065995","2021-01-14 02:00","2021","01","14","02:00","-0.9","","-8.5","","57","","0.0","","28","","59","","16.1","","94.71","","","","-10","","NA"
"-114.78","55.29","SLAVE LAKE","3065995","2021-01-14 03:00","2021","01","14","03:00","-1.4","","-8.4","","59","","0.0","","28","","48","","16.1","","94.87","","","","-10","","NA"
"-114.78","55.29","SLAVE LAKE","3065995","2021-01-14 04:00","2021","01","14","04:00","-1.5","","-8.6","","59","","0.0","","28","","46","","16.1","","95.00","","","","-10","","NA"
"-114.78","55.29","SLAVE LAKE","3065995","2021-01-14 05:00","2021","01","14","05:00","-1.4","","-8.5","","59","","0.0","","27","","48","","16.1","","95.12","","","","-10","","NA"
"-114.78","55.29","SLAVE LAKE","3065995","2021-01-14 06:00","2021","01","14","06:00","-1.7","","-8.5","","60","","0.0","","28","","39","","16.1","","95.22","","","","-10","","NA"
"-114.78","55.29","SLAVE LAKE","3065995","2021-01-14 07:00","2021","01","14","07:00","-2.5","","-8.8","","62","","0.0","","27","","37","","16.1","","95.30","","","","-10","","NA"
"-114.78","55.29","SLAVE LAKE","3065995","2021-01-14 08:00","2021","01","14","08:00","-2.5","","-8.9","","62","","0.0","","26","","34","","16.1","","95.36","","","","-10","","NA"
"-114.78","55.29","SLAVE LAKE","3065995","2021-01-14 09:00","2021","01","14","09:00"
"-114.78","55.29","SLAVE LAKE","3065995","2021-01-14 10:00","2021","01","14","10:00","-2.5","","-9.0","","61","","0.0","","27","","34","","16.1","","95.52","","","","-10","","Snow"
"-114.78","55.29","SLAVE LAKE","3065995","2021-01-14 11:00","2021","01","14","11:00"
"-114.78","55.29","SLAVE LAKE","3065995","2021-01-14 12:00","2021","01","14","12:00","-1.4","","-8.9","","57","","0.0","","28","","24","","16.1","","95.65","","","","-8","","NA"
"-114.78","55.29","SLAVE LAKE","3065995","2021-01-14 13:00","2021","01","14","13:00","-1.0","","-9.0","","55","","0.0","","28","","30","","16.1","","95.68","","","","-8","","Snow"
"-114.78","55.29","SLAVE LAKE","3065995","2021-01-14 14:00","2021","01","14","14:00","-0.3","","-8.8","","53","","0.0","","28","","34","","16.1","","95.72","","","","-7","","NA"
"-114.78","55.29","SLAVE LAKE","3065995","2021-01-14 15:00","2021","01","14","15:00","-0.1","","-8.6","","53","","0.0","","28","","28","","16.1","","95.70","","","","-6","","NA"
"-114.78","55.29","SLAVE LAKE","3065995","2021-01-14 16:00","2021","01","14","16:00","-0.8","","-9.5","","52","","0.0","","26","","9","","16.1","","95.74","","","","-4","","NA"
"-114.78","55.29","SLAVE LAKE","3065995","2021-01-14 17:00","2021","01","14","17:00","-5.9","","-9.8","","74","","0.0","","2","","5","","16.1","","95.74","","","","-8","","NA"
"-114.78","55.29","SLAVE LAKE","3065995","2021-01-14 18:00","2021","01","14","18:00","-6.2","","-9.6","","77","","0.0","","15","","8","","16.1","","95.67","","","","-10","","NA"
"-114.78","55.29","SLAVE LAKE","3065995","2021-01-14 19:00","2021","01","14","19:00","-5.8","","-9.6","","75","","0.0","","12","","9","","16.1","","95.63","","","","-10","","NA"
"-114.78","55.29","SLAVE LAKE","3065995","2021-01-14 20:00","2021","01","14","20:00","-6.5","","-9.8","","77","","0.0","","9","","5","","16.1","","95.55","","","","-9","","NA"
"-114.78","55.29","SLAVE LAKE","3065995","2021-01-14 21:00","2021","01","14","21:00","-7.4","","-10.7","","78","","0.0","","10","","11","","16.1","","95.42","","","","-12","","NA"
"-114.78","55.29","SLAVE LAKE","3065995","2021-01-14 22:00","2021","01","14","22:00","-8.1","","-11.3","","78","","0.0","","12","","5","","16.1","","95.32","","","","-11","","NA"
"-114.78","55.29","SLAVE LAKE","3065995","2021-01-14 23:00","2021","01","14","23:00","-7.5","","-11.0","","76","","0.0","","9","","13","","16.1","","95.19","","","","-13","","NA"
"-114.78","55.29","SLAVE LAKE","3065995","2021-01-15 00:00","2021","01","15","00:00","-7.6","","-11.3","","75","","0.0","","7","","13","","16.1","","95.03","","","","-13","","NA"
"-114.78","55.29","SLAVE LAKE","3065995","2021-01-15 01:00","2021","01","15","01:00","-7.2","","-11.2","","74","","0.0","","8","","17","","16.1","","94.92","","","","-14","","NA"
"-114.78","55.29","SLAVE LAKE","3065995","2021-01-15 02:00","2021","01","15","02:00","-7.0","","-11.1","","73","","0.0","","10","","18","","16.1","","94.79","","","","-14","","NA"
"-114.78","55.29","SLAVE LAKE","3065995","2021-01-15 03:00","2021","01","15","03:00","-5.8","","-11.5","","65","","0.0","","9","","17","","16.1","","94.63","","","","-12","","NA"
"-114.78","55.29","SLAVE LAKE","3065995","2021-01-15 04:00","2021","01","15","04:00","-7.3","","-11.4","","73","","0.0","","9","","24","","16.1","","94.49","","","","-15","","NA"
"-114.78","55.29","SLAVE LAKE","3065995","2021-01-15 05:00","2021","01","15","05:00","-6.4","","-11.4","","68","","0.0","","7","","18","","16.1","","94.34","","","","-13","","NA"
"-114.78","55.29","SLAVE LAKE","3065995","2021-01-15 06:00","2021","01","15","06:00","-6.1","","-11.5","","66","","0.0","","8","","21","","16.1","","94.27","","","","-13","","NA"
"-114.78","55.29","SLAVE LAKE","3065995","2021-01-15 07:00","2021","01","15","07:00","-6.0","","-11.2","","67","","0.0","","6","","13","","16.1","","94.38","","","","-11","","NA"
"-114.78","55.29","SLAVE LAKE","3065995","2021-01-15 08:00","2021","01","15","08:00","-6.4","","-11.3","","68","","0.0","","10","","9","","16.1","","94.42","","","","-11","","NA"
"-114.78","55.29","SLAVE LAKE","3065995","2021-01-15 09:00","2021","01","15","09:00","-7.6","","-11.9","","72","","0.0","","16","","5","","16.1","","94.40","","","","-10","","NA"
"-114.78","55.29","SLAVE LAKE","3065995","2021-01-15 10:00","2021","01","15","10:00","-8.4","","-12.4","","73","","0.0","","","M","4","","16.1","","94.34","","","","-11","","NA"
"-114.78","55.29","SLAVE LAKE","3065995","2021-01-15 11:00","2021","01","15","11:00","-7.1","","-11.7","","70","","0.0","","7","","9","","16.1","","94.25","","","","-11","","NA"
"-114.78","55.29","SLAVE LAKE","3065995","2021-01-15 12:00","2021","01","15","12:00","-4.9","","-10.7","","64","","0.0","","5","","17","","16.1","","94.16","","","","-11","","NA"
"-114.78","55.29","SLAVE LAKE","3065995","2021-01-15 13:00","2021","01","15","13:00","7.3","","-4.8","","42","","0.0","","26","","41","","16.1","","94.06","","","","","","NA"
"-114.78","55.29","SLAVE LAKE","3065995","2021-01-15 14:00","2021","01","15","14:00","7.3","","-5.5","","40","","0.0","","26","","43","","16.1","","94.02","","","","","","NA"
"-114.78","55.29","SLAVE LAKE","3065995","2021-01-15 15:00","2021","01","15","15:00","6.9","","-5.8","","40","","0.0","","27","","48","","16.1","","94.03","","","","","","NA"
"-114.78","55.29","SLAVE LAKE","3065995","2021-01-15 16:00","2021","01","15","16:00","6.2","","-5.5","","43","","0.0","","27","","37","","16.1","","94.08","","","","","","NA"
"-114.78","55.29","SLAVE LAKE","3065995","2021-01-15 17:00","2021","01","15","17:00","5.7","","-5.0","","46","","0.0","","27","","32","","16.1","","94.11","","","","","","NA"
"-114.78","55.29","SLAVE LAKE","3065995","2021-01-15 18:00","2021","01","15","18:00","5.8","","-5.8","","43","","0.0","","26","","45","","16.1","","94.10","","","","","","NA"
"-114.78","55.29","SLAVE LAKE","3065995","2021-01-15 19:00","2021","01","15","19:00","4.9","","-4.8","","49","","0.0","","27","","35","","16.1","","94.14","","","","","","NA"
"-114.78","55.29","SLAVE LAKE","3065995","2021-01-15 20:00","2021","01","15","20:00","4.8","","-5.3","","48","","0.0","","26","","39","","16.1","","94.15","","","","","","NA"
"-114.78","55.29","SLAVE LAKE","3065995","2021-01-15 21:00","2021","01","15","21:00","4.6","","-5.2","","49","","0.0","","26","","37","","16.1","","94.15","","","","","","NA"
"-114.78","55.29","SLAVE LAKE","3065995","2021-01-15 22:00","2021","01","15","22:00","4.2","","-5.8","","48","","0.0","","26","","30","","16.1","","94.17","","","","","","NA"
"-114.78","55.29","SLAVE LAKE","3065995","2021-01-15 23:00","2021","01","15","23:00","4.9","","-5.5","","47","","0.0","","25","","37","","16.1","","94.18","","","","","","NA"
"-114.78","55.29","SLAVE LAKE","3065995","2021-01-16 00:00","2021","01","16","00:00","4.6","","-5.6","","48","","0.0","","26","","39","","16.1","","94.20","","","","","","NA"
"-114.78","55.29","SLAVE LAKE","3065995","2021-01-16 01:00","2021","01","16","01:00","4.3","","-5.5","","49","","0.0","","26","","37","","16.1","","94.22","","","","","","NA"
"-114.78","55.29","SLAVE LAKE","3065995","2021-01-16 02:00","2021","01","16","02:00","4.0","","-5.5","","50","","0.0","","27","","48","","16.1","","94.28","","","","","","NA"
"-114.78","55.29","SLAVE LAKE","3065995","2021-01-16 03:00","2021","01","16","03:00","3.8","","-4.9","","53","","0.0","","26","","43","","16.1","","94.38","","","","","","NA"
"-114.78","55.29","SLAVE LAKE","3065995","2021-01-16 04:00","2021","01","16","04:00","3.5","","-5.2","","53","","0.0","","26","","45","","16.1","","94.45","","","","","","NA"
"-114.78","55.29","SLAVE LAKE","3065995","2021-01-16 05:00","2021","01","16","05:00","3.6","","-4.8","","54","","0.0","","27","","41","","16.1","","94.52","","","","","","NA"
"-114.78","55.29","SLAVE LAKE","3065995","2021-01-16 06:00","2021","01","16","06:00","3.3","","-5.1","","54","","0.0","","27","","37","","16.1","","94.56","","","","","","NA"
"-114.78","55.29","SLAVE LAKE","3065995","2021-01-16 07:00","2021","01","16","07:00","3.1","","-5.2","","55","","0.0","","26","","35","","16.1","","94.61","","","","","","NA"
"-114.78","55.29","SLAVE LAKE","3065995","2021-01-16 08:00","2021","01","16","08:00","3.0","","-5.3","","54","","0.0","","26","","30","","16.1","","94.68","","","","","","NA"
"-114.78","55.29","SLAVE LAKE","3065995","2021-01-16 09:00","2021","01","16","09:00","2.7","","-5.7","","54","","0.0","","25","","26","","16.1","","94.69","","","","","","NA"
"-114.78","55.29","SLAVE LAKE","3065995","2021-01-16 10:00","2021","01","16","10:00","2.6","","-5.4","","56","","0.0","","26","","28","","16.1","","94.74","","","","","","NA"
"-114.78","55.29","SLAVE LAKE","3065995","2021-01-16 11:00","2021","01","16","11:00","3.0","","-5.0","","56","","0.0","","27","","26","","16.1","","94.75","","","","","","NA"
"-114.78","55.29","SLAVE LAKE","3065995","2021-01-16 12:00","2021","01","16","12:00","3.1","","-5.0","","55","","0.0","","26","","30","","16.1","","94.75","","","","","","NA"
"-114.78","55.29","SLAVE LAKE","3065995","2021-01-16 13:00","2021","01","16","13:00","3.3","","-5.2","","54","","0.0","","27","","37","","16.1","","94.76","","","","","","NA"
"-114.78","55.29","SLAVE LAKE","3065995","2021-01-16 14:00","2021","01","16","14:00","3.1","","-4.9","","56","","0.0","","28","","28","","16.1","","94.76","","","","","","NA"
"-114.78","55.29","SLAVE LAKE","3065995","2021-01-16 15:00","2021","01","16","15:00","2.8","","-5.4","","55","","0.0","","28","","30","","16.1","","94.75","","","","","","NA"
"-114.78","55.29","SLAVE LAKE","3065995","2021-01-16 16:00","2021","01","16","16:00","2.3","","-5.6","","56","","0.0","","28","","22","","16.1","","94.73","","","","","","NA"
"-114.78","55.29","SLAVE LAKE","3065995","2021-01-16 17:00","2021","01","16","17:00","0.5","","-5.8","","63","","0.0","","27","","18","","16.1","","94.75","","","","","","NA"
"-114.78","55.29","SLAVE LAKE","3065995","2021-01-16 18:00","2021","01","16","18:00","0.0","","-6.2","","63","","0.0","","27","","17","","16.1","","94.72","","","","-5","","NA"
"-114.78","55.29","SLAVE LAKE","3065995","2021-01-16 19:00","2021","01","16","19:00","-2.0","","-6.6","","71","","0.0","","32","","11","","16.1","","94.70","","","","-6","","NA"
"-114.78","55.29","SLAVE LAKE","3065995","2021-01-16 20:00","2021","01","16","20:00","-4.6","","-7.4","","81","","0.0","","13","","5","","16.1","","94.65","","","","-7","","NA"
"-114.78","55.29","SLAVE LAKE","3065995","2021-01-16 21:00","2021","01","16","21:00","-4.1","","-7.0","","80","","0.0","","16","","5","","16.1","","94.59","","","","-6","","NA"
"-114.78","55.29","SLAVE LAKE","3065995","2021-01-16 22:00","2021","01","16","22:00","-5.0","","-7.7","","82","","0.0","","","","0","","16.1","","94.53","","","","","","NA"
"-114.78","55.29","SLAVE LAKE","3065995","2021-01-16 23:00","2021","01","16","23:00","-6.6","","-8.1","","90","","0.0","","12","","5","","16.1","","94.49","","","","-9","","NA"
"-114.78","55.29","SLAVE LAKE","3065995","2021-01-17 00:00","2021","01","17","00:00","-6.0","","-7.8","","87","","0.0","","15","","5","","16.1","","94.40","","","","-8","","NA"
"-114.78","55.29","SLAVE LAKE","3065995","2021-01-17 01:00","2021","01","17","01:00","-4.5","","-6.8","","84","","0.0","","","M","4","","16.1","","94.37","","","","-6","","NA"
"-114.78","55.29","SLAVE LAKE","3065995","2021-01-17 02:00","2021","01","17","02:00","-4.6","","-6.4","","87","","0.0","","","","0","","16.1","","94.31","","","","","","NA"
"-114.78","55.29","SLAVE LAKE","3065995","2021-01-17 03:00","2021","01","17","03:00","-4.9","","-7.2","","84","","0.0","","","M","4","","16.1","","94.23","","","","-7","","NA"
"-114.78","55.29","SLAVE LAKE","3065995","2021-01-17 04:00","2021","01","17","04:00","-4.6","","-6.9","","84","","0.0","","13","","4","","16.1","","94.18","","","","-6","","NA"
"-114.78","55.29","SLAVE LAKE","3065995","2021-01-17 05:00","2021","01","17","05:00","-4.4","","-6.4","","86","","0.0","","","","0","","16.1","","94.10","","","","","","Snow"
"-114.78","55.29","SLAVE LAKE","3065995","2021-01-17 06:00","2021","01","17","06:00","-3.9","","-5.9","","86","","0.0","","","","0","","6.4","","94.03","","","","","","Snow"
"-114.78","55.29","SLAVE LAKE","3065995","2021-01-17 07:00","2021","01","17","07:00","-4.0","","-5.0","","93","","0.0","","12","","8","","4.8","","93.96","","","","-7","","Snow"
"-114.78","55.29","SLAVE LAKE","3065995","2021-01-17 08:00","2021","01","17","08:00","-3.6","","-4.3","","95","","0.0","","12","","5","","8.1","","93.91","","","","-6","","Snow"
"-114.78","55.29","SLAVE LAKE","3065995","2021-01-17 09:00","2021","01","17","09:00","-3.3","","-3.7","","97","","0.0","","14","","5","","16.1","","93.89","","","","-5","","Snow"
"-114.78","55.29","SLAVE LAKE","3065995","2021-01-17 10:00","2021","01","17","10:00","-2.9","","-3.5","","96","","0.0","","","M","4","","16.1","","93.89","","","","-4","","NA"
"-114.78","55.29","SLAVE LAKE","3065995","2021-01-17 11:00","2021","01","17","11:00","-2.5","","-3.2","","95","","0.0","","","","0","","16.1","","93.94","","","","","","Snow"
"-114.78","55.29","SLAVE LAKE","3065995","2021-01-17 12:00","2021","01","17","12:00","-1.3","","-1.6","","98","","0.2","","30","","8","","4.8","","93.97","","","","-4","","Snow"
"-114.78","55.29","SLAVE LAKE","3065995","2021-01-17 13:00","2021","01","17","13:00","0.7","","-0.1","","94","","0.0","","28","","24","","8.1","","94.02","","","","","","Snow"
"-114.78","55.29","SLAVE LAKE","3065995","2021-01-17 14:00","2021","01","17","14:00","0.8","","-0.2","","93","","0.2","","29","","26","","11.3","","94.09","","","","","","Snow"
"-114.78","55.29","SLAVE LAKE","3065995","2021-01-17 15:00","2021","01","17","15:00","0.8","","-0.1","","94","","0.0","","28","","28","","16.1","","94.21","","","","","","Rain"
"-114.78","55.29","SLAVE LAKE","3065995","2021-01-17 16:00","2021","01","17","16:00","0.7","","-0.2","","94","","0.0","","29","","22","","4.8","","94.35","","","","","","Snow"
"-114.78","55.29","SLAVE LAKE","3065995","2021-01-17 17:00","2021","01","17","17:00","1.0","","-0.3","","91","","0.0","","28","","24","","14.5","","94.44","","","","","","Rain"
"-114.78","55.29","SLAVE LAKE","3065995","2021-01-17 18:00","2021","01","17","18:00","0.4","","-1.1","","90","","0.0","","27","","22","","16.1","","94.52","","","","","","NA"
"-114.78","55.29","SLAVE LAKE","3065995","2021-01-17 19:00","2021","01","17","19:00","0.9","","-0.9","","88","","0.0","","27","","26","","16.1","","94.59","","","","","","NA"
"-114.78","55.29","SLAVE LAKE","3065995","2021-01-17 20:00","2021","01","17","20:00","0.7","","-0.8","","90","","0.0","","28","","18","","16.1","","94.64","","","","","","NA"
"-114.78","55.29","SLAVE LAKE","3065995","2021-01-17 21:00","2021","01","17","21:00","1.0","","-0.3","","91","","0.0","","28","","15","","16.1","","94.67","","","","","","Rain"
"-114.78","55.29","SLAVE LAKE","3065995","2021-01-17 22:00","2021","01","17","22:00","1.2","","0.3","","94","","0.2","","26","","13","","16.1","","94.69","","","","","","Rain"
"-114.78","55.29","SLAVE LAKE","3065995","2021-01-17 23:00","2021","01","17","23:00","1.4","","0.2","","92","","0.0","","33","","5","","16.1","","94.71","","","","","","NA"
"-114.78","55.29","SLAVE LAKE","3065995","2021-01-18 00:00","2021","01","18","00:00","1.4","","-0.3","","88","","0.0","","32","","9","","16.1","","94.71","","","","","","NA"
"-114.78","55.29","SLAVE LAKE","3065995","2021-01-18 01:00","2021","01","18","01:00","2.7","","-1.6","","74","","0.0","","26","","43","","16.1","","94.67","","","","","","NA"
"-114.78","55.29","SLAVE LAKE","3065995","2021-01-18 02:00","2021","01","18","02:00","2.5","","-1.7","","74","","0.0","","27","","35","","16.1","","94.73","","","","","","NA"
"-114.78","55.29","SLAVE LAKE","3065995","2021-01-18 03:00","2021","01","18","03:00","2.2","","-2.0","","74","","0.0","","28","","35","","16.1","","94.78","","","","","","NA"
"-114.78","55.29","SLAVE LAKE","3065995","2021-01-18 04:00","2021","01","18","04:00","2.0","","-2.6","","72","","0.0","","27","","39","","16.1","","94.82","","","","","","NA"
"-114.78","55.29","SLAVE LAKE","3065995","2021-01-18 05:00","2021","01","18","05:00","1.6","","-2.7","","73","","0.0","","26","","37","","16.1","","94.86","","","","","","NA"
"-114.78","55.29","SLAVE LAKE","3065995","2021-01-18 06:00","2021","01","18","06:00","1.6","","-3.1","","71","","0.0","","27","","43","","16.1","","94.89","","","","","","NA"
"-114.78","55.29","SLAVE LAKE","3065995","2021-01-18 07:00","2021","01","18","07:00","1.3","","-3.6","","70","","0.0","","28","","48","","16.1","","94.89","","","","","","NA"
"-114.78","55.29","SLAVE LAKE","3065995","2021-01-18 08:00","2021","01","18","08:00","1.0","","-3.9","","70","","0.0","","28","","45","","16.1","","94.92","","","","","","NA"
"-114.78","55.29","SLAVE LAKE","3065995","2021-01-18 09:00","2021","01","18","09:00","1.3","","-4.1","","67","","0.0","","28","","34","","16.1","","95.09","","","","","","NA"
"-114.78","55.29","SLAVE LAKE","3065995","2021-01-18 10:00","2021","01","18","10:00","1.4","","-4.0","","67","","0.0","","28","","34","","16.1","","95.22","","","","","","NA"
"-114.78","55.29","SLAVE LAKE","3065995","2021-01-18 11:00","2021","01","18","11:00","1.6","","-4.2","","66","","0.0","","28","","37","","16.1","","95.29","","","","","","NA"
"-114.78","55.29","SLAVE LAKE","3065995","2021-01-18 12:00","2021","01","18","12:00","1.5","","-4.5","","64","","0.0","","28","","37","","16.1","","95.35","","","","","","NA"
"-114.78","55.29","SLAVE LAKE","3065995","2021-01-18 13:00","2021","01","18","13:00","1.6","","-4.6","","64","","0.0","","28","","34","","16.1","","95.40","","","","","","NA"
"-114.78","55.29","SLAVE LAKE","3065995","2021-01-18 14:00","2021","01","18","14:00","1.8","","-4.7","","62","","0.0","","28","","34","","16.1","","95.46","","","","","","NA"
"-114.78","55.29","SLAVE LAKE","3065995","2021-01-18 15:00","2021","01","18","15:00","1.6","","-4.8","","63","","0.0","","28","","34","","16.1","","95.45","","","","","","NA"
"-114.78","55.29","SLAVE LAKE","3065995","2021-01-18 16:00","2021","01","18","16:00","1.6","","-4.7","","63","","0.0","","28","","32","","16.1","","95.57","","","","","","NA"
"-114.78","55.29","SLAVE LAKE","3065995","2021-01-18 17:00","2021","01","18","17:00","-0.1","","-5.7","","66","","0.0","","27","","22","","16.1","","95.61","","","","-6","","NA"
"-114.78","55.29","SLAVE LAKE","3065995","2021-01-18 18:00","2021","01","18","18:00","-0.5","","-5.9","","67","","0.0","","27","","24","","16.1","","95.59","","","","-6","","NA"
"-114.78","55.29","SLAVE LAKE","3065995","2021-01-18 19:00","2021","01","18","19:00","0.1","","-6.0","","64","","0.0","","27","","30","","16.1","","95.57","","","","","","NA"
"-114.78","55.29","SLAVE LAKE","3065995","2021-01-18 20:00","2021","01","18","20:00","-0.7","","-6.6","","65","","0.0","","26","","17","","16.1","","95.54","","","","-6","","NA"
"-114.78","55.29","SLAVE LAKE","3065995","2021-01-18 21:00","2021","01","18","21:00","-4.9","","-7.6","","82","","0.0","","1","","11","","16.1","","95.52","","","","-9","","NA"
"-114.78","55.29","SLAVE LAKE","3065995","2021-01-18 22:00","2021","01","18","22:00","-5.2","","-8.1","","80","","0.0","","1","","8","","16.1","","95.47","","","","-9","","NA"
"-114.78","55.29","SLAVE LAKE","3065995","2021-01-18 23:00","2021","01","18","23:00","-5.7","","-8.8","","79","","0.0","","35","","4","","16.1","","95.42","","","","-8","","NA"
"-114.78","55.29","SLAVE LAKE","3065995","2021-01-19 00:00","2021","01","19","00:00","-6.1","","-8.3","","85","","0.0","","","M","4","","16.1","","95.34","","","","-8","","NA"
"-114.78","55.29","SLAVE LAKE","3065995","2021-01-19 01:00","2021","01","19","01:00","-7.2","","-8.8","","88","","0.0","","11","","5","","16.1","","95.16","","","","-10","","NA"
"-114.78","55.29","SLAVE LAKE","3065995","2021-01-19 02:00","2021","01","19","02:00","-6.4","","-8.4","","86","","0.0","","12","","8","","16.1","","95.07","","","","-10","","NA"
"-114.78","55.29","SLAVE LAKE","3065995","2021-01-19 03:00","2021","01","19","03:00","-7.3","","-9.3","","86","","0.0","","10","","8","","16.1","","94.91","","","","-11","","NA"
"-114.78","55.29","SLAVE LAKE","3065995","2021-01-19 04:00","2021","01","19","04:00","-8.3","","-9.8","","89","","0.0","","12","","8","","16.1","","94.74","","","","-12","","NA"
"-114.78","55.29","SLAVE LAKE","3065995","2021-01-19 05:00","2021","01","19","05:00","-7.6","","-9.1","","89","","0.0","","12","","11","","16.1","","94.56","","","","-13","","NA"
"-114.78","55.29","SLAVE LAKE","3065995","2021-01-19 06:00","2021","01","19","06:00","-6.5","","-8.3","","87","","0.0","","11","","13","","16.1","","94.34","","","","-12","","NA"
"-114.78","55.29","SLAVE LAKE","3065995","2021-01-19 07:00","2021","01","19","07:00","-5.7","","-7.7","","86","","0.0","","10","","13","","16.1","","94.07","","","","-11","","NA"
"-114.78","55.29","SLAVE LAKE","3065995","2021-01-19 08:00","2021","01","19","08:00","-4.9","","-7.4","","83","","0.0","","10","","11","","16.1","","93.83","","","","-9","","NA"
"-114.78","55.29","SLAVE LAKE","3065995","2021-01-19 09:00","2021","01","19","09:00","-4.6","","-7.7","","79","","0.0","","9","","9","","16.1","","93.65","","","","-8","","NA"
"-114.78","55.29","SLAVE LAKE","3065995","2021-01-19 10:00","2021","01","19","10:00","-4.1","","-7.4","","78","","0.0","","10","","9","","16.1","","93.46","","","","-8","","NA"
"-114.78","55.29","SLAVE LAKE","3065995","2021-01-19 11:00","2021","01","19","11:00","-3.3","","-6.9","","77","","0.0","","3","","5","","16.1","","93.27","","","","-5","","NA"
"-114.78","55.29","SLAVE LAKE","3065995","2021-01-19 12:00","2021","01","19","12:00","8.5","","-4.6","","39","","0.0","","25","","34","","16.1","","93.10","","","","","","NA"
"-114.78","55.29","SLAVE LAKE","3065995","2021-01-19 13:00","2021","01","19","13:00","8.5","","-3.7","","42","","0.0","","26","","24","","16.1","","92.98","","","","","","NA"
"-114.78","55.29","SLAVE LAKE","3065995","2021-01-19 14:00","2021","01","19","14:00","9.0","","-3.9","","40","","0.0","","26","","24","","16.1","","92.77","","","","","","NA"
"-114.78","55.29","SLAVE LAKE","3065995","2021-01-19 15:00","2021","01","19","15:00","8.8","","-3.7","","41","","0.0","","26","","43","","16.1","","92.65","","","","","","NA"
"-114.78","55.29","SLAVE LAKE","3065995","2021-01-19 16:00","2021","01","19","16:00","8.1","","-3.2","","45","","0.0","","27","","46","","16.1","","92.57","","","","","","NA"
"-114.78","55.29","SLAVE LAKE","3065995","2021-01-19 17:00","2021","01","19","17:00","7.6","","-2.8","","48","","0.0","","27","","45","","16.1","","92.53","","","","","","NA"
"-114.78","55.29","SLAVE LAKE","3065995","2021-01-19 18:00","2021","01","19","18:00","6.1","","-2.6","","54","","0.0","","27","","59","","16.1","","92.60","","","","","","NA"
"-114.78","55.29","SLAVE LAKE","3065995","2021-01-19 19:00","2021","01","19","19:00","4.1","","-4.4","","54","","0.0","","26","","63","","16.1","","92.67","","","","","","NA"
"-114.78","55.29","SLAVE LAKE","3065995","2021-01-19 20:00","2021","01","19","20:00","0.9","","-1.2","","86","","0.0","","28","","55","","8.1","","92.87","","","","","","Freezing Rain,Fog"
"-114.78","55.29","SLAVE LAKE","3065995","2021-01-19 21:00","2021","01","19","21:00","0.9","","-2.0","","81","","0.0","","27","","61","","16.1","","92.92","","","","","","Rain"
"-114.78","55.29","SLAVE LAKE","3065995","2021-01-19 22:00","2021","01","19","22:00","0.1","","-2.6","","82","","0.0","","28","","61","","3.6","","93.07","","","","","","Rain"
"-114.78","55.29","SLAVE LAKE","3065995","2021-01-19 23:00","2021","01","19","23:00","0.1","","-3.6","","76","","0.0","","26","","39","","16.1","","93.11","","","","","","NA"
"-114.78","55.29","SLAVE LAKE","3065995","2021-01-20 00:00","2021","01","20","00:00","0.6","","-5.6","","63","","0.0","","27","","45","","16.1","","93.20","","","","","","NA"
"-114.78","55.29","SLAVE LAKE","3065995","2021-01-20 01:00","2021","01","20","01:00","0.5","","-6.0","","62","","0.0","","26","","43","","16.1","","93.25","","","","","","NA"
"-114.78","55.29","SLAVE LAKE","3065995","2021-01-20 02:00","2021","01","20","02:00","0.5","","-6.1","","61","","0.0","","27","","46","","16.1","","93.29","","","","","","NA"
"-114.78","55.29","SLAVE LAKE","3065995","2021-01-20 03:00","2021","01","20","03:00","0.5","","-6.4","","60","","0.0","","27","","50","","16.1","","93.36","","","","","","NA"
"-114.78","55.29","SLAVE LAKE","3065995","2021-01-20 04:00","2021","01","20","04:00","0.7","","-6.7","","58","","0.0","","27","","48","","16.1","","93.40","","","","","","NA"
"-114.78","55.29","SLAVE LAKE","3065995","2021-01-20 05:00","2021","01","20","05:00","0.9","","-7.2","","55","","0.0","","27","","52","","16.1","","93.42","","","","","","NA"
"-114.78","55.29","SLAVE LAKE","3065995","2021-01-20 06:00","2021","01","20","06:00","0.8","","-7.2","","55","","0.0","","27","","55","","16.1","","93.43","","","","","","NA"
"-114.78","55.29","SLAVE LAKE","3065995","2021-01-20 07:00","2021","01","20","07:00","0.7","","-7.7","","54","","0.0","","27","","55","","16.1","","93.47","","","","","","NA"
"-114.78","55.29","SLAVE LAKE","3065995","2021-01-20 08:00","2021","01","20","08:00","0.6","","-7.6","","54","","0.0","","27","","67","","16.1","","93.44","","","","","","NA"
"-114.78","55.29","SLAVE LAKE","3065995","2021-01-20 09:00","2021","01","20","09:00","0.5","","-7.5","","55","","0.0","","28","","55","","16.1","","93.50","","","","","","NA"
"-114.78","55.29","SLAVE LAKE","3065995","2021-01-20 10:00","2021","01","20","10:00","0.3","","-7.1","","58","","0.0","","28","","52","","16.1","","93.62","","","","","","NA"
"-114.78","55.29","SLAVE LAKE","3065995","2021-01-20 11:00","2021","01","20","11:00","0.4","","-6.8","","58","","0.0","","27","","54","","16.1","","93.65","","","","","","NA"
"-114.78","55.29","SLAVE LAKE","3065995","2021-01-20 12:00","2021","01","20","12:00","0.6","","-6.1","","61","","0.0","","28","","58","","16.1","","93.71","","","","","","NA"
"-114.78","55.29","SLAVE LAKE","3065995","2021-01-20 13:00","2021","01","20","13:00","0.1","","-5.6","","66","","0.0","","28","","54","","16.1","","93.76","","","","","","NA"
"-114.78","55.29","SLAVE LAKE","3065995","2021-01-20 14:00","2021","01","20","14:00","0.4","","-5.0","","67","","0.0","","29","","41","","16.1","","93.88","","","","","","NA"
"-114.78","55.29","SLAVE LAKE","3065995","2021-01-20 15:00","2021","01","20","15:00","0.1","","-4.9","","69","","0.0","","29","","34","","16.1","","93.99","","","","","","NA"
"-114.78","55.29","SLAVE LAKE","3065995","2021-01-20 16:00","2021","01","20","16:00","-0.8","","-4.9","","74","","0.0","","30","","24","","16.1","","94.14","","","","-7","","NA"
"-114.78","55.29","SLAVE LAKE","3065995","2021-01-20 17:00","2021","01","20","17:00","-1.1","","-6.7","","66","","0.0","","32","","34","","16.1","","94.29","","","","-8","","NA"
"-114.78","55.29","SLAVE LAKE","3065995","2021-01-20 18:00","2021","01","20","18:00","-2.3","","-6.9","","71","","0.0","","32","","18","","16.1","","94.47","","","","-8","","NA"
"-114.78","55.29","SLAVE LAKE","3065995","2021-01-20 19:00","2021","01","20","19:00","-3.7","","-7.9","","73","","0.0","","32","","21","","16.1","","94.60","","","","-10","","NA"
"-114.78","55.29","SLAVE LAKE","3065995","2021-01-20 20:00","2021","01","20","20:00","-4.8","","-8.1","","78","","0.0","","31","","9","","16.1","","94.70","","","","-9","","NA"
"-114.78","55.29","SLAVE LAKE","3065995","2021-01-20 21:00","2021","01","20","21:00","-5.7","","-8.5","","81","","0.0","","31","","9","","16.1","","94.77","","","","-10","","NA"
"-114.78","55.29","SLAVE LAKE","3065995","2021-01-20 22:00","2021","01","20","22:00","-5.9","","-8.2","","84","","0.0","","29","","15","","16.1","","94.83","","","","-12","","NA"
"-114.78","55.29","SLAVE LAKE","3065995","2021-01-20 23:00","2021","01","20","23:00","-5.6","","-9.2","","76","","0.0","","25","","11","","16.1","","94.87","","","","-10","","NA"
"-114.78","55.29","SLAVE LAKE","3065995","2021-01-21 00:00","2021","01","21","00:00","-5.5","","-8.4","","80","","0.0","","29","","11","","16.1","","94.88","","","","-10","","NA"
"-114.78","55.29","SLAVE LAKE","3065995","2021-01-21 01:00","2021","01","21","01:00","-6.1","","-8.2","","85","","0.0","","33","","8","","16.1","","94.91","","","","-10","","NA"
"-114.78","55.29","SLAVE LAKE","3065995","2021-01-21 02:00","2021","01","21","02:00","-6.1","","-8.4","","84","","0.0","","32","","9","","16.1","","94.93","","","","-10","","NA"
"-114.78","55.29","SLAVE LAKE","3065995","2021-01-21 03:00","2021","01","21","03:00","-5.9","","-7.6","","88","","0.0","","31","","8","","16.1","","94.94","","","","-10","","NA"
"-114.78","55.29","SLAVE LAKE","3065995","2021-01-21 04:00","2021","01","21","04:00","-5.7","","-7.2","","89","","0.0","","30","","11","","12.9","","94.95","","","","-10","","Snow"
"-114.78","55.29","SLAVE LAKE","3065995","2021-01-21 05:00","2021","01","21","05:00","-5.3","","-6.1","","94","","0.0","","31","","9","","2.8","","94.94","","","","-9","","Snow"
"-114.78","55.29","SLAVE LAKE","3065995","2021-01-21 06:00","2021","01","21","06:00","-3.1","","-4.2","","92","","0.0","","27","","22","","3.6","","94.92","","","","-9","","Snow"
"-114.78","55.29","SLAVE LAKE","3065995","2021-01-21 07:00","2021","01","21","07:00","-3.0","","-4.3","","91","","0.0","","28","","24","","6.4","","94.92","","","","-10","","Snow"
"-114.78","55.29","SLAVE LAKE","3065995","2021-01-21 08:00","2021","01","21","08:00","-2.7","","-4.6","","87","","0.0","","28","","26","","16.1","","94.94","","","","-10","","Snow"
"-114.78","55.29","SLAVE LAKE","3065995","2021-01-21 09:00","2021","01","21","09:00","-2.7","","-4.7","","86","","0.0","","28","","28","","16.1","","94.97","","","","-10","","Snow"
"-114.78","55.29","SLAVE LAKE","3065995","2021-01-21 10:00","2021","01","21","10:00","-2.8","","-4.7","","87","","0.0","","28","","26","","16.1","","95.01","","","","-10","","Snow"
"-114.78","55.29","SLAVE LAKE","3065995","2021-01-21 11:00","2021","01","21","11:00","-3.0","","-4.5","","90","","0.0","","27","","22","","2.4","","95.03","","","","-9","","Snow"
"-114.78","55.29","SLAVE LAKE","3065995","2021-01-21 12:00","2021","01","21","12:00","-2.9","","-4.2","","91","","0.0","","28","","18","","2.4","","95.06","","","","-9","","Snow"
"-114.78","55.29","SLAVE LAKE","3065995","2021-01-21 13:00","2021","01","21","13:00","-2.8","","-4.4","","89","","0.0","","28","","18","","4.0","","95.05","","","","-8","","Snow"
"-114.78","55.29","SLAVE LAKE","3065995","2021-01-21 14:00","2021","01","21","14:00","-3.0","","-4.9","","87","","0.0","","29","","21","","16.1","","95.06","","","","-9","","Snow"
"-114.78","55.29","SLAVE LAKE","3065995","2021-01-21 15:00","2021","01","21","15:00","-2.9","","-4.6","","88","","0.0","","29","","15","","12.9","","95.09","","","","-8","","Snow"
"-114.78","55.29","SLAVE LAKE","3065995","2021-01-21 16:00","2021","01","21","16:00","-3.1","","-5.4","","84","","0.0","","28","","17","","16.1","","95.10","","","","-9","","NA"
"-114.78","55.29","SLAVE LAKE","3065995","2021-01-21 17:00","2021","01","21","17:00","-4.3","","-6.3","","86","","0.0","","27","","17","","16.1","","95.11","","","","-10","","Snow"
"-114.78","55.29","SLAVE LAKE","3065995","2021-01-21 18:00","2021","01","21","18:00","-4.1","","-5.5","","90","","0.0","","28","","18","","16.1","","95.11","","","","-10","","Snow"
"-114.78","55.29","SLAVE LAKE","3065995","2021-01-21 19:00","2021","01","21","19:00","-4.0","","-5.7","","88","","0.0","","28","","17","","16.1","","95.12","","","","-10","","Snow"
"-114.78","55.29","SLAVE LAKE","3065995","2021-01-21 20:00","2021","01","21","20:00","-4.6","","-5.7","","92","","0.0","","29","","9","","16.1","","95.11","","","","-8","","Snow"
"-114.78","55.29","SLAVE LAKE","3065995","2021-01-21 21:00","2021","01","21","21:00","-4.8","","-6.6","","87","","0.0","","28","","13","","12.9","","95.10","","","","-10","","Snow"
"-114.78","55.29","SLAVE LAKE","3065995","2021-01-21 22:00","2021","01","21","22:00","-5.9","","-7.1","","91","","0.0","","29","","9","","16.1","","95.06","","","","-10","","Snow"
"-114.78","55.29","SLAVE LAKE","3065995","2021-01-21 23:00","2021","01","21","23:00","-6.2","","-7.3","","92","","0.0","","25","","8","","16.1","","95.02","","","","-10","","Snow"
"-114.78","55.29","SLAVE LAKE","3065995","2021-01-22 00:00","2021","01","22","00:00","-5.4","","-6.7","","91","","0.0","","22","","5","","16.1","","94.98","","","","-8","","Snow"
"-114.78","55.29","SLAVE LAKE","3065995","2021-01-22 01:00","2021","01","22","01:00","-5.1","","-6.6","","89","","0.0","","","","0","","16.1","","94.92","","","","","","Snow"
"-114.78","55.29","SLAVE LAKE","3065995","2021-01-22 02:00","2021","01","22","02:00","-5.4","","-6.5","","92","","0.0","","","","0","","14.5","","94.85","","","","","","Snow"
"-114.78","55.29","SLAVE LAKE","3065995","2021-01-22 03:00","2021","01","22","03:00","-5.6","","-6.4","","94","","0.2","","","","0","","2.8","","94.78","","","","","","Snow"
"-114.78","55.29","SLAVE LAKE","3065995","2021-01-22 04:00","2021","01","22","04:00","-5.8","","-6.5","","95","","0.0","","","","0","","2.4","","94.74","","","","","","Snow"
"-114.78","55.29","SLAVE LAKE","3065995","2021-01-22 05:00","2021","01","22","05:00","-5.7","","-6.2","","96","","0.2","","","","0","","1.6","","94.69","","","","","","Snow"
"-114.78","55.29","SLAVE LAKE","3065995","2021-01-22 06:00","2021","01","22","06:00","-5.7","","-6.2","","96","","0.2","","","M","4","","2.0","","94.60","","","","-8","","Snow"
"-114.78","55.29","SLAVE LAKE","3065995","2021-01-22 07:00","2021","01","22","07:00","-4.5","","-6.2","","88","","0.0","","29","","24","","16.1","","94.58","","","","-12","","Snow"
"-114.78","55.29","SLAVE LAKE","3065995","2021-01-22 08:00","2021","01","22","08:00","-4.9","","-6.7","","87","","0.2","","28","","28","","8.1","","94.57","","","","-13","","Snow"
"-114.78","55.29","SLAVE LAKE","3065995","2021-01-22 09:00","2021","01","22","09:00","-5.7","","-7.0","","91","","0.0","","27","","21","","2.0","","94.58","","","","-13","","Snow"
"-114.78","55.29","SLAVE LAKE","3065995","2021-01-22 10:00","2021","01","22","10:00","-6.1","","-7.7","","89","","0.0","","26","","21","","2.0","","94.59","","","","-13","","Snow"
"-114.78","55.29","SLAVE LAKE","3065995","2021-01-22 11:00","2021","01","22","11:00","-6.4","","-8.1","","88","","0.0","","26","","24","","1.6","","94.56","","","","-14","","Snow"
"-114.78","55.29","SLAVE LAKE","3065995","2021-01-22 12:00","2021","01","22","12:00","-6.0","","-8.4","","83","","0.0","","26","","21","","12.9","","94.55","","","","-13","","Snow"
"-114.78","55.29","SLAVE LAKE","3065995","2021-01-22 13:00","2021","01","22","13:00","-6.3","","-8.1","","87","","0.0","","30","","21","","2.0","","94.54","","","","-13","","Snow"
"-114.78","55.29","SLAVE LAKE","3065995","2021-01-22 14:00","2021","01","22","14:00","-6.8","","-8.6","","87","","0.0","","30","","18","","16.1","","94.51","","","","-13","","Snow"
"-114.78","55.29","SLAVE LAKE","3065995","2021-01-22 15:00","2021","01","22","15:00","-6.3","","-8.5","","84","","0.0","","28","","34","","4.8","","94.48","","","","-15","","Snow"
"-114.78","55.29","SLAVE LAKE","3065995","2021-01-22 16:00","2021","01","22","16:00","-6.5","","-8.6","","85","","0.0","","29","","32","","3.2","","94.48","","","","-15","","Snow"
"-114.78","55.29","SLAVE LAKE","3065995","2021-01-22 17:00","2021","01","22","17:00","-7.0","","-8.8","","87","","0.0","","28","","26","","4.0","","94.52","","","","-15","","Snow"
"-114.78","55.29","SLAVE LAKE","3065995","2021-01-22 18:00","2021","01","22","18:00","-7.1","","-9.4","","84","","0.0","","28","","28","","16.1","","94.55","","","","-15","","Snow"
"-114.78","55.29","SLAVE LAKE","3065995","2021-01-22 19:00","2021","01","22","19:00","-8.8","","-10.6","","87","","0.0","","33","","21","","1.0","","94.64","","","","-17","","Snow"
"-114.78","55.29","SLAVE LAKE","3065995","2021-01-22 20:00","2021","01","22","20:00","-9.6","","-11.8","","84","","0.0","","30","","18","","16.1","","94.69","","","","-17","","Snow"
"-114.78","55.29","SLAVE LAKE","3065995","2021-01-22 21:00","2021","01","22","21:00","-11.2","","-14.8","","75","","0.0","","33","","11","","16.1","","94.76","","","","-17","","Snow"
"-114.78","55.29","SLAVE LAKE","3065995","2021-01-22 22:00","2021","01","22","22:00","-13.1","","-15.9","","80","","0.0","","32","","11","","16.1","","94.82","","","","-19","","NA"
"-114.78","55.29","SLAVE LAKE","3065995","2021-01-22 23:00","2021","01","22","23:00","-16.0","","-18.3","","83","","0.0","","33","","8","","16.1","","94.89","","","","-22","","NA"
"-114.78","55.29","SLAVE LAKE","3065995","2021-01-23 00:00","2021","01","23","00:00","-15.9","","-18.3","","82","","0.0","","31","","9","","16.1","","94.92","","","","-22","","NA"
"-114.78","55.29","SLAVE LAKE","3065995","2021-01-23 01:00","2021","01","23","01:00","-18.4","","-20.4","","84","","0.0","","32","","8","","16.1","","94.97","","","","-24","","NA"
"-114.78","55.29","SLAVE LAKE","3065995","2021-01-23 02:00","2021","01","23","02:00","-18.0","","-20.4","","82","","0.0","","2","","4","","16.1","","94.98","","","","-21","","NA"
"-114.78","55.29","SLAVE LAKE","3065995","2021-01-23 03:00","2021","01","23","03:00","-17.8","","-20.9","","77","","0.0","","","","0","","16.1","","95.01","","","","","","NA"
"-114.78","55.29","SLAVE LAKE","3065995","2021-01-23 04:00","2021","01","23","04:00","-18.3","","-21.6","","76","","0.0","","","M","4","","16.1","","95.02","","","","-22","","NA"
"-114.78","55.29","SLAVE LAKE","3065995","2021-01-23 05:00","2021","01","23","05:00","-18.9","","-22.0","","77","","0.0","","","M","4","","16.1","","95.03","","","","-22","","NA"
"-114.78","55.29","SLAVE LAKE","3065995","2021-01-23 06:00","2021","01","23","06:00","-18.7","","-21.5","","79","","0.0","","","","0","","16.1","","95.01","","","","","","NA"
"-114.78","55.29","SLAVE LAKE","3065995","2021-01-23 07:00","2021","01","23","07:00","-18.4","","-21.2","","79","","0.0","","18","","5","","16.1","","95.02","","","","-22","","NA"
"-114.78","55.29","SLAVE LAKE","3065995","2021-01-23 08:00","2021","01","23","08:00","-18.1","","-21.2","","77","","0.0","","17","","9","","16.1","","95.02","","","","-24","","NA"
"-114.78","55.29","SLAVE LAKE","3065995","2021-01-23 09:00","2021","01","23","09:00","-18.2","","-21.2","","78","","0.0","","19","","11","","16.1","","95.06","","","","-25","","NA"
"-114.78","55.29","SLAVE LAKE","3065995","2021-01-23 10:00","2021","01","23","10:00","-18.1","","-21.2","","77","","0.0","","18","","9","","16.1","","95.08","","","","-24","","NA"
"-114.78","55.29","SLAVE LAKE","3065995","2021-01-23 11:00","2021","01","23","11:00","-17.7","","-21.2","","75","","0.0","","18","","9","","16.1","","95.05","","","","-24","","NA"
"-114.78","55.29","SLAVE LAKE","3065995","2021-01-23 12:00","2021","01","23","12:00","-17.2","","-21.3","","71","","0.0","","16","","11","","16.1","","95.02","","","","-24","","NA"
"-114.78","55.29","SLAVE LAKE","3065995","2021-01-23 13:00","2021","01","23","13:00","-17.6","","-21.5","","72","","0.0","","16","","11","","16.1","","94.97","","","","-25","","NA"
"-114.78","55.29","SLAVE LAKE","3065995","2021-01-23 14:00","2021","01","23","14:00","-17.5","","-21.5","","71","","0.0","","12","","13","","16.1","","94.92","","","","-25","","NA"
"-114.78","55.29","SLAVE LAKE","3065995","2021-01-23 15:00","2021","01","23","15:00","-17.6","","-21.3","","73","","0.0","","12","","17","","16.1","","94.87","","","","-27","","NA"
"-114.78","55.29","SLAVE LAKE","3065995","2021-01-23 16:00","2021","01","23","16:00","-17.5","","-21.4","","72","","0.0","","11","","18","","16.1","","94.81","","","","-27","","NA"
"-114.78","55.29","SLAVE LAKE","3065995","2021-01-23 17:00","2021","01","23","17:00","-17.9","","-21.5","","74","","0.0","","10","","17","","16.1","","94.77","","","","-27","","NA"
"-114.78","55.29","SLAVE LAKE","3065995","2021-01-23 18:00","2021","01","23","18:00","-19.5","","-22.3","","79","","0.0","","8","","15","","16.1","","94.74","","","","-28","","NA"
"-114.78","55.29","SLAVE LAKE","3065995","2021-01-23 19:00","2021","01","23","19:00","-19.0","","-21.9","","78","","0.0","","10","","17","","16.1","","94.70","","","","-28","","NA"
"-114.78","55.29","SLAVE LAKE","3065995","2021-01-23 20:00","2021","01","23","20:00","-18.9","","-22.3","","75","","0.0","","10","","18","","16.1","","94.65","","","","-29","","NA"
"-114.78","55.29","SLAVE LAKE","3065995","2021-01-23 21:00","2021","01","23","21:00","-19.5","","-22.9","","75","","0.0","","9","","21","","16.1","","94.60","","","","-30","","NA"
"-114.78","55.29","SLAVE LAKE","3065995","2021-01-23 22:00","2021","01","23","22:00","-19.8","","-24.0","","70","","0.0","","11","","21","","16.1","","94.54","","","","-30","","NA"
"-114.78","55.29","SLAVE LAKE","3065995","2021-01-23 23:00","2021","01","23","23:00","-21.0","","-24.8","","72","","0.0","","10","","22","","16.1","","94.53","","","","-32","","NA"
"-114.78","55.29","SLAVE LAKE","3065995","2021-01-24 00:00","2021","01","24","00:00","-22.7","","-25.7","","77","","0.0","","8","","18","","16.1","","94.49","","","","-33","","NA"
"-114.78","55.29","SLAVE LAKE","3065995","2021-01-24 01:00","2021","01","24","01:00","-23.3","","-26.3","","77","","0.0","","8","","17","","16.1","","94.46","","","","-34","","NA"
"-114.78","55.29","SLAVE LAKE","3065995","2021-01-24 02:00","2021","01","24","02:00","-24.1","","-27.1","","77","","0.0","","8","","18","","16.1","","94.43","","","","-35","","NA"
"-114.78","55.29","SLAVE LAKE","3065995","2021-01-24 03:00","2021","01","24","03:00","-24.0","","-27.0","","77","","0.0","","9","","18","","16.1","","94.39","","","","-35","","NA"
"-114.78","55.29","SLAVE LAKE","3065995","2021-01-24 04:00","2021","01","24","04:00","-24.0","","-27.1","","76","","0.0","","8","","21","","16.1","","94.34","","","","-36","","NA"
"-114.78","55.29","SLAVE LAKE","3065995","2021-01-24 05:00","2021","01","24","05:00","-23.8","","-26.8","","77","","0.0","","8","","17","","16.1","","94.32","","","","-34","","NA"
"-114.78","55.29","SLAVE LAKE","3065995","2021-01-24 06:00","2021","01","24","06:00","-23.8","","-26.9","","76","","0.0","","8","","21","","16.1","","94.30","","","","-36","","NA"
"-114.78","55.29","SLAVE LAKE","3065995","2021-01-24 07:00","2021","01","24","07:00","-23.7","","-26.7","","77","","0.0","","9","","18","","16.1","","94.29","","","","-35","","NA"
"-114.78","55.29","SLAVE LAKE","3065995","2021-01-24 08:00","2021","01","24","08:00","-23.8","","-26.8","","77","","0.0","","9","","22","","16.1","","94.27","","","","-36","","NA"
"-114.78","55.29","SLAVE LAKE","3065995","2021-01-24 09:00","2021","01","24","09:00","-23.8","","-26.9","","76","","0.0","","9","","21","","16.1","","94.25","","","","-36","","NA"
"-114.78","55.29","SLAVE LAKE","3065995","2021-01-24 10:00","2021","01","24","10:00","-23.6","","-26.8","","76","","0.0","","8","","21","","16.1","","94.27","","","","-35","","NA"
"-114.78","55.29","SLAVE LAKE","3065995","2021-01-24 11:00","2021","01","24","11:00","-22.8","","-26.5","","72","","0.0","","9","","24","","16.1","","94.26","","","","-35","","NA"
"-114.78","55.29","SLAVE LAKE","3065995","2021-01-24 12:00","2021","01","24","12:00","-21.8","","-25.7","","71","","0.0","","8","","26","","16.1","","94.25","","","","-34","","NA"
"-114.78","55.29","SLAVE LAKE","3065995","2021-01-24 13:00","2021","01","24","13:00","-20.9","","-24.9","","71","","0.0","","9","","21","","16.1","","94.21","","","","-32","","NA"
"-114.78","55.29","SLAVE LAKE","3065995","2021-01-24 14:00","2021","01","24","14:00","-19.7","","-23.7","","71","","0.0","","9","","17","","16.1","","94.22","","","","-29","","NA"
"-114.78","55.29","SLAVE LAKE","3065995","2021-01-24 15:00","2021","01","24","15:00","-19.8","","-23.8","","71","","0.0","","9","","22","","16.1","","94.21","","","","-31","","NA"
"-114.78","55.29","SLAVE LAKE","3065995","2021-01-24 16:00","2021","01","24","16:00","-19.6","","-23.3","","73","","0.0","","9","","21","","16.1","","94.27","","","","-30","","NA"
"-114.78","55.29","SLAVE LAKE","3065995","2021-01-24 17:00","2021","01","24","17:00","-20.3","","-23.8","","74","","0.0","","9","","18","","16.1","","94.31","","","","-30","","NA"
"-114.78","55.29","SLAVE LAKE","3065995","2021-01-24 18:00","2021","01","24","18:00","-20.9","","-24.2","","75","","0.0","","8","","24","","16.1","","94.38","","","","-33","","NA"
"-114.78","55.29","SLAVE LAKE","3065995","2021-01-24 19:00","2021","01","24","19:00","-20.6","","-23.6","","77","","0.0","","8","","22","","16.1","","94.39","","","","-32","","NA"
"-114.78","55.29","SLAVE LAKE","3065995","2021-01-24 20:00","2021","01","24","20:00","-20.2","","-23.1","","78","","0.0","","9","","24","","16.1","","94.42","","","","-32","","NA"
"-114.78","55.29","SLAVE LAKE","3065995","2021-01-24 21:00","2021","01","24","21:00","-20.2","","-23.1","","78","","0.0","","10","","28","","16.1","","94.46","","","","-32","","NA"
"-114.78","55.29","SLAVE LAKE","3065995","2021-01-24 22:00","2021","01","24","22:00","-20.0","","-22.9","","78","","0.0","","9","","21","","16.1","","94.51","","","","-31","","NA"
"-114.78","55.29","SLAVE LAKE","3065995","2021-01-24 23:00","2021","01","24","23:00","-20.0","","-23.1","","77","","0.0","","9","","22","","16.1","","94.55","","","","-31","","NA"
"-114.78","55.29","SLAVE LAKE","3065995","2021-01-25 00:00","2021","01","25","00:00","-20.0","","-22.9","","78","","0.0","","10","","24","","9.7","","94.57","","","","-31","","Snow"
"-114.78","55.29","SLAVE LAKE","3065995","2021-01-25 01:00","2021","01","25","01:00","-20.3","","-23.2","","78","","0.0","","9","","22","","16.1","","94.60","","","","-31","","Snow"
"-114.78","55.29","SLAVE LAKE","3065995","2021-01-25 02:00","2021","01","25","02:00","-20.5","","-23.4","","78","","0.0","","9","","21","","16.1","","94.64","","","","-31","","Snow"
"-114.78","55.29","SLAVE LAKE","3065995","2021-01-25 03:00","2021","01","25","03:00","-20.6","","-23.4","","79","","0.0","","10","","22","","16.1","","94.67","","","","-32","","Snow"
"-114.78","55.29","SLAVE LAKE","3065995","2021-01-25 04:00","2021","01","25","04:00","-20.6","","-23.4","","79","","0.0","","9","","22","","16.1","","94.68","","","","-32","","Snow"
"-114.78","55.29","SLAVE LAKE","3065995","2021-01-25 05:00","2021","01","25","05:00","-20.5","","-23.3","","79","","0.0","","10","","22","","16.1","","94.71","","","","-32","","NA"
"-114.78","55.29","SLAVE LAKE","3065995","2021-01-25 06:00","2021","01","25","06:00","-21.1","","-23.8","","79","","0.0","","9","","21","","16.1","","94.73","","","","-32","","NA"
"-114.78","55.29","SLAVE LAKE","3065995","2021-01-25 07:00","2021","01","25","07:00","-21.0","","-23.7","","79","","0.0","","8","","21","","16.1","","94.78","","","","-32","","NA"
"-114.78","55.29","SLAVE LAKE","3065995","2021-01-25 08:00","2021","01","25","08:00","-21.1","","-24.0","","78","","0.0","","9","","22","","16.1","","94.83","","","","-32","","NA"
"-114.78","55.29","SLAVE LAKE","3065995","2021-01-25 09:00","2021","01","25","09:00","-21.0","","-23.9","","78","","0.0","","9","","18","","16.1","","94.88","","","","-31","","NA"
"-114.78","55.29","SLAVE LAKE","3065995","2021-01-25 10:00","2021","01","25","10:00","-20.3","","-23.4","","77","","0.0","","10","","18","","16.1","","94.92","","","","-30","","NA"
"-114.78","55.29","SLAVE LAKE","3065995","2021-01-25 11:00","2021","01","25","11:00","-19.3","","-22.8","","74","","0.0","","10","","30","","16.1","","94.90","","","","-32","","NA"
"-114.78","55.29","SLAVE LAKE","3065995","2021-01-25 12:00","2021","01","25","12:00","-18.8","","-22.8","","71","","0.0","","9","","22","","16.1","","94.88","","","","-29","","NA"
"-114.78","55.29","SLAVE LAKE","3065995","2021-01-25 13:00","2021","01","25","13:00","-17.9","","-22.5","","68","","0.0","","9","","24","","16.1","","94.88","","","","-29","","NA"
"-114.78","55.29","SLAVE LAKE","3065995","2021-01-25 14:00","2021","01","25","14:00","-17.8","","-22.0","","70","","0.0","","12","","28","","16.1","","94.87","","","","-29","","NA"
"-114.78","55.29","SLAVE LAKE","3065995","2021-01-25 15:00","2021","01","25","15:00","-17.9","","-22.0","","71","","0.0","","11","","28","","16.1","","94.87","","","","-29","","NA"
"-114.78","55.29","SLAVE LAKE","3065995","2021-01-25 16:00","2021","01","25","16:00","-18.0","","-22.2","","70","","0.0","","11","","22","","16.1","","94.87","","","","-28","","NA"
"-114.78","55.29","SLAVE LAKE","3065995","2021-01-25 17:00","2021","01","25","17:00","-19.0","","-22.9","","72","","0.0","","9","","21","","16.1","","94.89","","","","-29","","NA"
"-114.78","55.29","SLAVE LAKE","3065995","2021-01-25 18:00","2021","01","25","18:00","-19.2","","-22.9","","73","","0.0","","10","","24","","16.1","","94.89","","","","-30","","NA"
"-114.78","55.29","SLAVE LAKE","3065995","2021-01-25 19:00","2021","01","25","19:00","-19.0","","-22.4","","75","","0.0","","10","","22","","16.1","","94.86","","","","-30","","NA"
"-114.78","55.29","SLAVE LAKE","3065995","2021-01-25 20:00","2021","01","25","20:00","-18.9","","-22.3","","75","","0.0","","10","","22","","9.7","","94.82","","","","-30","","Snow"
"-114.78","55.29","SLAVE LAKE","3065995","2021-01-25 21:00","2021","01","25","21:00","-18.8","","-22.0","","76","","0.0","","11","","28","","16.1","","94.80","","","","-31","","NA"
"-114.78","55.29","SLAVE LAKE","3065995","2021-01-25 22:00","2021","01","25","22:00","-19.0","","-21.9","","78","","0.0","","11","","28","","4.8","","94.80","","","","-31","","Haze"
"-114.78","55.29","SLAVE LAKE","3065995","2021-01-25 23:00","2021","01","25","23:00","-19.1","","-22.0","","78","","0.0","","11","","24","","12.9","","94.78","","","","-30","","NA"
"-114.78","55.29","SLAVE LAKE","3065995","2021-01-26 00:00","2021","01","26","00:00","-18.9","","-21.7","","79","","0.0","","11","","24","","8.1","","94.75","","","","-30","","Snow"
"-114.78","55.29","SLAVE LAKE","3065995","2021-01-26 01:00","2021","01","26","01:00","-18.5","","-21.6","","77","","0.0","","11","","21","","16.1","","94.73","","","","-29","","Snow"
"-114.78","55.29","SLAVE LAKE","3065995","2021-01-26 02:00","2021","01","26","02:00","-18.1","","-21.2","","77","","0.0","","11","","26","","16.1","","94.69","","","","-29","","Snow"
"-114.78","55.29","SLAVE LAKE","3065995","2021-01-26 03:00","2021","01","26","03:00","-17.8","","-21.2","","75","","0.0","","11","","28","","16.1","","94.63","","","","-29","","Snow"
"-114.78","55.29","SLAVE LAKE","3065995","2021-01-26 04:00","2021","01","26","04:00","-17.9","","-21.0","","77","","0.0","","12","","26","","9.7","","94.60","","","","-29","","Snow"
"-114.78","55.29","SLAVE LAKE","3065995","2021-01-26 05:00","2021","01","26","05:00","-17.8","","-21.0","","76","","0.0","","12","","22","","11.3","","94.57","","","","-28","","Snow"
"-114.78","55.29","SLAVE LAKE","3065995","2021-01-26 06:00","2021","01","26","06:00","-18.1","","-21.5","","75","","0.0","","11","","21","","16.1","","94.56","","","","-28","","Snow"
"-114.78","55.29","SLAVE LAKE","3065995","2021-01-26 07:00","2021","01","26","07:00","-18.9","","-22.3","","75","","0.0","","10","","22","","16.1","","94.57","","","","-30","","Snow"
"-114.78","55.29","SLAVE LAKE","3065995","2021-01-26 08:00","2021","01","26","08:00","-19.0","","-22.6","","74","","0.0","","10","","26","","16.1","","94.56","","","","-31","","Snow"
"-114.78","55.29","SLAVE LAKE","3065995","2021-01-26 09:00","2021","01","26","09:00","-18.9","","-22.5","","74","","0.0","","11","","18","","16.1","","94.57","","","","-29","","Snow"
"-114.78","55.29","SLAVE LAKE","3065995","2021-01-26 10:00","2021","01","26","10:00","-19.1","","-22.7","","74","","0.0","","11","","17","","16.1","","94.57","","","","-29","","Snow"
"-114.78","55.29","SLAVE LAKE","3065995","2021-01-26 11:00","2021","01","26","11:00","-18.7","","-22.3","","74","","0.0","","10","","17","","16.1","","94.59","","","","-28","","Snow"
"-114.78","55.29","SLAVE LAKE","3065995","2021-01-26 12:00","2021","01","26","12:00","-17.7","","-21.0","","76","","0.0","","11","","21","","8.1","","94.55","","","","-28","","Snow"
"-114.78","55.29","SLAVE LAKE","3065995","2021-01-26 13:00","2021","01","26","13:00","-16.9","","-20.8","","72","","0.0","","13","","24","","9.7","","94.51","","","","-27","","Snow"
"-114.78","55.29","SLAVE LAKE","3065995","2021-01-26 14:00","2021","01","26","14:00","-16.7","","-20.5","","73","","0.0","","12","","26","","14.5","","94.51","","","","-28","","Snow"
"-114.78","55.29","SLAVE LAKE","3065995","2021-01-26 15:00","2021","01","26","15:00","-16.4","","-20.2","","73","","0.0","","12","","22","","16.1","","94.53","","","","-26","","Snow"
"-114.78","55.29","SLAVE LAKE","3065995","2021-01-26 16:00","2021","01","26","16:00","-16.5","","-20.4","","72","","0.0","","12","","22","","16.1","","94.55","","","","-27","","Snow"
"-114.78","55.29","SLAVE LAKE","3065995","2021-01-26 17:00","2021","01","26","17:00","-16.6","","-20.4","","73","","0.0","","12","","22","","14.5","","94.57","","","","-27","","Snow"
"-114.78","55.29","SLAVE LAKE","3065995","2021-01-26 18:00","2021","01","26","18:00","-16.7","","-20.3","","74","","0.0","","12","","24","","16.1","","94.60","","","","-27","","Snow"
"-114.78","55.29","SLAVE LAKE","3065995","2021-01-26 19:00","2021","01","26","19:00","-16.8","","-20.4","","74","","0.0","","11","","21","","16.1","","94.60","","","","-27","","Snow"
"-114.78","55.29","SLAVE LAKE","3065995","2021-01-26 20:00","2021","01","26","20:00","-17.0","","-20.3","","76","","0.0","","11","","18","","16.1","","94.60","","","","-26","","Snow"
"-114.78","55.29","SLAVE LAKE","3065995","2021-01-26 21:00","2021","01","26","21:00","-17.0","","-20.3","","76","","0.0","","11","","18","","16.1","","94.62","","","","-26","","Snow"
"-114.78","55.29","SLAVE LAKE","3065995","2021-01-26 22:00","2021","01","26","22:00","-17.1","","-20.3","","76","","0.0","","11","","17","","16.1","","94.62","","","","-26","","Snow"
"-114.78","55.29","SLAVE LAKE","3065995","2021-01-26 23:00","2021","01","26","23:00","-17.3","","-20.4","","77","","0.0","","10","","13","","16.1","","94.64","","","","-25","","Snow"
"-114.78","55.29","SLAVE LAKE","3065995","2021-01-27 00:00","2021","01","27","00:00","-17.2","","-20.5","","76","","0.0","","10","","15","","16.1","","94.67","","","","-26","","Snow"
"-114.78","55.29","SLAVE LAKE","3065995","2021-01-27 01:00","2021","01","27","01:00","-17.2","","-20.5","","76","","0.0","","10","","13","","16.1","","94.72","","","","-25","","Snow"
"-114.78","55.29","SLAVE LAKE","3065995","2021-01-27 02:00","2021","01","27","02:00","-17.1","","-20.4","","76","","0.0","","9","","11","","16.1","","94.74","","","","-24","","Snow"
"-114.78","55.29","SLAVE LAKE","3065995","2021-01-27 03:00","2021","01","27","03:00","-17.1","","-20.1","","78","","0.0","","8","","8","","16.1","","94.71","","","","-23","","Snow"
"-114.78","55.29","SLAVE LAKE","3065995","2021-01-27 04:00","2021","01","27","04:00","-17.1","","-19.8","","80","","0.0","","9","","9","","16.1","","94.73","","","","-23","","NA"
"-114.78","55.29","SLAVE LAKE","3065995","2021-01-27 05:00","2021","01","27","05:00","-16.9","","-19.9","","78","","0.0","","9","","8","","16.1","","94.78","","","","-23","","Snow"
"-114.78","55.29","SLAVE LAKE","3065995","2021-01-27 06:00","2021","01","27","06:00","-16.7","","-19.8","","77","","0.0","","9","","8","","16.1","","94.81","","","","-22","","NA"
"-114.78","55.29","SLAVE LAKE","3065995","2021-01-27 07:00","2021","01","27","07:00","-17.0","","-19.4","","82","","0.0","","8","","9","","16.1","","94.78","","","","-23","","Snow"
"-114.78","55.29","SLAVE LAKE","3065995","2021-01-27 08:00","2021","01","27","08:00","-16.9","","-19.2","","82","","0.0","","7","","5","","16.1","","94.79","","","","-21","","Snow"
"-114.78","55.29","SLAVE LAKE","3065995","2021-01-27 09:00","2021","01","27","09:00","-16.7","","-19.2","","81","","0.0","","6","","5","","16.1","","94.84","","","","-21","","Snow"
"-114.78","55.29","SLAVE LAKE","3065995","2021-01-27 10:00","2021","01","27","10:00","-16.8","","-19.3","","81","","0.0","","6","","9","","16.1","","94.78","","","","-23","","Snow"
"-114.78","55.29","SLAVE LAKE","3065995","2021-01-27 11:00","2021","01","27","11:00","-16.4","","-19.2","","80","","0.0","","10","","5","","16.1","","94.84","","","","-20","","Snow"
"-114.78","55.29","SLAVE LAKE","3065995","2021-01-27 12:00","2021","01","27","12:00","-16.1","","-19.1","","78","","0.0","","","","0","","6.4","","94.87","","","","","","Snow"
"-114.78","55.29","SLAVE LAKE","3065995","2021-01-27 13:00","2021","01","27","13:00","-15.9","","-19.0","","78","","0.0","","4","","5","","8.1","","94.82","","","","-20","","Snow"
"-114.78","55.29","SLAVE LAKE","3065995","2021-01-27 14:00","2021","01","27","14:00","-15.7","","-19.3","","74","","0.0","","","M","4","","16.1","","94.79","","","","-19","","Snow"
"-114.78","55.29","SLAVE LAKE","3065995","2021-01-27 15:00","2021","01","27","15:00","-15.4","","-19.3","","73","","0.0","","","M","4","","16.1","","94.76","","","","-18","","NA"
"-114.78","55.29","SLAVE LAKE","3065995","2021-01-27 16:00","2021","01","27","16:00","-15.3","","-19.1","","73","","0.0","","","","0","","14.5","","94.78","","","","","","Snow"
"-114.78","55.29","SLAVE LAKE","3065995","2021-01-27 17:00","2021","01","27","17:00","-15.4","","-18.4","","78","","0.0","","33","","4","","3.6","","94.80","","","","-18","","Snow"
"-114.78","55.29","SLAVE LAKE","3065995","2021-01-27 18:00","2021","01","27","18:00","-15.6","","-17.7","","84","","0.0","","34","","5","","2.8","","94.82","","","","-19","","Snow"
"-114.78","55.29","SLAVE LAKE","3065995","2021-01-27 19:00","2021","01","27","19:00","-15.7","","-17.8","","85","","0.0","","34","","4","","4.8","","94.81","","","","-19","","Snow"
"-114.78","55.29","SLAVE LAKE","3065995","2021-01-27 20:00","2021","01","27","20:00","-15.8","","-17.8","","85","","0.0","","","","0","","4.8","","94.81","","","","","","Snow"
"-114.78","55.29","SLAVE LAKE","3065995","2021-01-27 21:00","2021","01","27","21:00","-15.7","","-17.7","","85","","0.0","","28","","4","","4.0","","94.80","","","","-19","","Snow"
"-114.78","55.29","SLAVE LAKE","3065995","2021-01-27 22:00","2021","01","27","22:00","-15.9","","-17.7","","86","","0.0","","25","","4","","4.8","","94.80","","","","-19","","Snow"
"-114.78","55.29","SLAVE LAKE","3065995","2021-01-27 23:00","2021","01","27","23:00","-15.7","","-17.7","","85","","0.2","","26","","8","","2.4","","94.81","","","","-21","","Snow"
"-114.78","55.29","SLAVE LAKE","3065995","2021-01-28 00:00","2021","01","28","00:00","-15.6","","-17.6","","85","","0.0","","29","","11","","3.2","","94.79","","","","-22","","Snow"
"-114.78","55.29","SLAVE LAKE","3065995","2021-01-28 01:00","2021","01","28","01:00","-15.7","","-17.7","","85","","0.0","","28","","15","","4.8","","94.80","","","","-24","","Snow"
"-114.78","55.29","SLAVE LAKE","3065995","2021-01-28 02:00","2021","01","28","02:00","-16.0","","-18.1","","84","","0.0","","29","","15","","4.8","","94.82","","","","-24","","Snow"
"-114.78","55.29","SLAVE LAKE","3065995","2021-01-28 03:00","2021","01","28","03:00","-16.3","","-18.6","","83","","0.0","","29","","18","","12.9","","94.84","","","","-25","","Snow"
"-114.78","55.29","SLAVE LAKE","3065995","2021-01-28 04:00","2021","01","28","04:00","-17.9","","-20.0","","84","","0.0","","29","","13","","16.1","","94.87","","","","-26","","Snow"
"-114.78","55.29","SLAVE LAKE","3065995","2021-01-28 05:00","2021","01","28","05:00","-20.1","","-22.3","","83","","0.0","","29","","13","","16.1","","94.88","","","","-29","","Snow"
"-114.78","55.29","SLAVE LAKE","3065995","2021-01-28 06:00","2021","01","28","06:00","-20.2","","-22.3","","84","","0.0","","28","","13","","16.1","","94.90","","","","-29","","NA"
"-114.78","55.29","SLAVE LAKE","3065995","2021-01-28 07:00","2021","01","28","07:00","-20.2","","-22.5","","82","","0.0","","28","","9","","16.1","","94.89","","","","-27","","NA"
"-114.78","55.29","SLAVE LAKE","3065995","2021-01-28 08:00","2021","01","28","08:00","-19.4","","-21.8","","82","","0.0","","30","","8","","16.1","","94.88","","","","-26","","NA"
"-114.78","55.29","SLAVE LAKE","3065995","2021-01-28 09:00","2021","01","28","09:00","-19.8","","-22.3","","81","","0.0","","31","","8","","16.1","","94.92","","","","-26","","NA"
"-114.78","55.29","SLAVE LAKE","3065995","2021-01-28 10:00","2021","01","28","10:00","-19.5","","-22.1","","80","","0.0","","33","","8","","16.1","","94.92","","","","-26","","NA"
"-114.78","55.29","SLAVE LAKE","3065995","2021-01-28 11:00","2021","01","28","11:00","-19.1","","-21.9","","79","","0.0","","31","","5","","16.1","","94.91","","","","-23","","NA"
"-114.78","55.29","SLAVE LAKE","3065995","2021-01-28 12:00","2021","01","28","12:00","-19.0","","-21.8","","79","","0.0","","31","","9","","16.1","","94.88","","","","-26","","NA"
"-114.78","55.29","SLAVE LAKE","3065995","2021-01-28 13:00","2021","01","28","13:00","-18.8","","-21.4","","80","","0.0","","31","","8","","16.1","","94.83","","","","-25","","NA"
"-114.78","55.29","SLAVE LAKE","3065995","2021-01-28 14:00","2021","01","28","14:00","-18.6","","-21.3","","80","","0.0","","","M","4","","16.1","","94.79","","","","-22","","NA"
"-114.78","55.29","SLAVE LAKE","3065995","2021-01-28 15:00","2021","01","28","15:00","-18.1","","-20.8","","80","","0.0","","","M","4","","16.1","","94.74","","","","-21","","Snow"
"-114.78","55.29","SLAVE LAKE","3065995","2021-01-28 16:00","2021","01","28","16:00","-17.6","","-20.3","","80","","0.0","","","M","4","","16.1","","94.69","","","","-21","","NA"
"-114.78","55.29","SLAVE LAKE","3065995","2021-01-28 17:00","2021","01","28","17:00","-16.7","","-19.7","","78","","0.0","","9","","5","","16.1","","94.66","","","","-21","","NA"
"-114.78","55.29","SLAVE LAKE","3065995","2021-01-28 18:00","2021","01","28","18:00","-16.1","","-18.8","","80","","0.0","","10","","9","","16.1","","94.64","","","","-22","","NA"
"-114.78","55.29","SLAVE LAKE","3065995","2021-01-28 19:00","2021","01","28","19:00","-15.4","","-18.1","","80","","0.0","","10","","13","","16.1","","94.60","","","","-23","","NA"
"-114.78","55.29","SLAVE LAKE","3065995","2021-01-28 20:00","2021","01","28","20:00","-14.8","","-18.0","","77","","0.0","","11","","17","","16.1","","94.51","","","","-23","","NA"
"-114.78","55.29","SLAVE LAKE","3065995","2021-01-28 21:00","2021","01","28","21:00","-15.4","","-18.6","","77","","0.0","","10","","15","","16.1","","94.46","","","","-23","","NA"
"-114.78","55.29","SLAVE LAKE","3065995","2021-01-28 22:00","2021","01","28","22:00","-16.5","","-19.3","","79","","0.0","","10","","17","","16.1","","94.41","","","","-25","","NA"
"-114.78","55.29","SLAVE LAKE","3065995","2021-01-28 23:00","2021","01","28","23:00","-18.0","","-20.2","","83","","0.0","","7","","11","","16.1","","94.39","","","","-25","","NA"
"-114.78","55.29","SLAVE LAKE","3065995","2021-01-29 00:00","2021","01","29","00:00","-19.7","","-21.8","","84","","0.0","","7","","13","","16.1","","94.36","","","","-28","","NA"
"-114.78","55.29","SLAVE LAKE","3065995","2021-01-29 01:00","2021","01","29","01:00","-20.6","","-22.7","","84","","0.0","","7","","11","","16.1","","94.29","","","","-28","","Snow"
"-114.78","55.29","SLAVE LAKE","3065995","2021-01-29 02:00","2021","01","29","02:00","-21.1","","-23.3","","83","","0.0","","7","","11","","16.1","","94.24","","","","-29","","NA"
"-114.78","55.29","SLAVE LAKE","3065995","2021-01-29 03:00","2021","01","29","03:00","-21.6","","-23.8","","83","","0.0","","10","","9","","16.1","","94.22","","","","-29","","NA"
"-114.78","55.29","SLAVE LAKE","3065995","2021-01-29 04:00","2021","01","29","04:00","-21.8","","-24.0","","83","","0.0","","10","","11","","16.1","","94.20","","","","-30","","NA"
"-114.78","55.29","SLAVE LAKE","3065995","2021-01-29 05:00","2021","01","29","05:00","-22.1","","-24.4","","82","","0.0","","10","","9","","16.1","","94.18","","","","-29","","NA"
"-114.78","55.29","SLAVE LAKE","3065995","2021-01-29 06:00","2021","01","29","06:00","-22.4","","-24.7","","82","","0.0","","12","","11","","16.1","","94.14","","","","-31","","NA"
"-114.78","55.29","SLAVE LAKE","3065995","2021-01-29 07:00","2021","01","29","07:00","-22.7","","-25.0","","82","","0.0","","11","","9","","16.1","","94.14","","","","-30","","NA"
"-114.78","55.29","SLAVE LAKE","3065995","2021-01-29 08:00","2021","01","29","08:00","-22.9","","-25.2","","82","","0.0","","11","","13","","16.1","","94.11","","","","-32","","NA"
"-114.78","55.29","SLAVE LAKE","3065995","2021-01-29 09:00","2021","01","29","09:00","-22.9","","-25.3","","81","","0.0","","11","","11","","16.1","","94.10","","","","-31","","Snow"
"-114.78","55.29","SLAVE LAKE","3065995","2021-01-29 10:00","2021","01","29","10:00","-22.1","","-24.8","","79","","0.0","","12","","13","","16.1","","94.10","","","","-31","","NA"
"-114.78","55.29","SLAVE LAKE","3065995","2021-01-29 11:00","2021","01","29","11:00","-20.8","","-23.7","","78","","0.0","","11","","18","","16.1","","94.09","","","","-31","","NA"
"-114.78","55.29","SLAVE LAKE","3065995","2021-01-29 12:00","2021","01","29","12:00","-19.1","","-22.3","","76","","0.0","","11","","15","","16.1","","94.06","","","","-28","","NA"
"-114.78","55.29","SLAVE LAKE","3065995","2021-01-29 13:00","2021","01","29","13:00","-16.9","","-20.2","","76","","0.0","","12","","18","","16.1","","94.00","","","","-26","","NA"
"-114.78","55.29","SLAVE LAKE","3065995","2021-01-29 14:00","2021","01","29","14:00","-15.0","","-18.8","","73","","0.0","","12","","15","","16.1","","93.98","","","","-23","","NA"
"-114.78","55.29","SLAVE LAKE","3065995","2021-01-29 15:00","2021","01","29","15:00","-13.7","","-17.9","","71","","0.0","","11","","13","","16.1","","93.97","","","","-21","","NA"
"-114.78","55.29","SLAVE LAKE","3065995","2021-01-29 16:00","2021","01","29","16:00","-12.8","","-16.9","","72","","0.0","","10","","11","","16.1","","93.99","","","","-19","","NA"
"-114.78","55.29","SLAVE LAKE","3065995","2021-01-29 17:00","2021","01","29","17:00","-13.0","","-16.8","","74","","0.0","","10","","9","","16.1","","94.02","","","","-18","","NA"
"-114.78","55.29","SLAVE LAKE","3065995","2021-01-29 18:00","2021","01","29","18:00","-14.3","","-17.3","","78","","0.0","","9","","11","","16.1","","94.04","","","","-21","","NA"
"-114.78","55.29","SLAVE LAKE","3065995","2021-01-29 19:00","2021","01","29","19:00","-15.6","","-17.9","","83","","0.0","","10","","11","","16.1","","94.05","","","","-22","","NA"
"-114.78","55.29","SLAVE LAKE","3065995","2021-01-29 20:00","2021","01","29","20:00","-17.3","","-19.5","","83","","0.0","","11","","9","","16.1","","94.08","","","","-24","","NA"
"-114.78","55.29","SLAVE LAKE","3065995","2021-01-29 21:00","2021","01","29","21:00","-17.3","","-19.5","","83","","0.0","","9","","15","","16.1","","94.09","","","","-26","","NA"
"-114.78","55.29","SLAVE LAKE","3065995","2021-01-29 22:00","2021","01","29","22:00","-18.7","","-20.8","","84","","0.0","","12","","11","","12.9","","94.11","","","","-26","","NA"
"-114.78","55.29","SLAVE LAKE","3065995","2021-01-29 23:00","2021","01","29","23:00","-19.0","","-21.1","","84","","0.0","","10","","11","","12.9","","94.13","","","","-26","","NA"
"-114.78","55.29","SLAVE LAKE","3065995","2021-01-30 00:00","2021","01","30","00:00","-19.2","","-21.4","","83","","0.0","","10","","11","","12.9","","94.16","","","","-27","","NA"
"-114.78","55.29","SLAVE LAKE","3065995","2021-01-30 01:00","2021","01","30","01:00","-20.0","","-22.2","","83","","0.0","","12","","13","","12.9","","94.18","","","","-28","","NA"
"-114.78","55.29","SLAVE LAKE","3065995","2021-01-30 02:00","2021","01","30","02:00","-20.6","","-22.6","","84","","0.0","","12","","11","","11.3","","94.20","","","","-28","","NA"
"-114.78","55.29","SLAVE LAKE","3065995","2021-01-30 03:00","2021","01","30","03:00","-21.5","","-23.6","","83","","0.0","","14","","9","","11.3","","94.23","","","","-29","","NA"
"-114.78","55.29","SLAVE LAKE","3065995","2021-01-30 04:00","2021","01","30","04:00","-21.8","","-24.2","","81","","0.0","","15","","8","","12.9","","94.25","","","","-28","","Snow"
"-114.78","55.29","SLAVE LAKE","3065995","2021-01-30 05:00","2021","01","30","05:00","-22.0","","-24.2","","83","","0.0","","14","","9","","11.3","","94.27","","","","-29","","Snow"
"-114.78","55.29","SLAVE LAKE","3065995","2021-01-30 06:00","2021","01","30","06:00","-21.2","","-23.2","","84","","0.0","","13","","11","","8.1","","94.33","","","","-29","","Fog"
"-114.78","55.29","SLAVE LAKE","3065995","2021-01-30 07:00","2021","01","30","07:00","-21.3","","-23.3","","84","","0.0","","14","","11","","8.1","","94.36","","","","-29","","Fog"
"-114.78","55.29","SLAVE LAKE","3065995","2021-01-30 08:00","2021","01","30","08:00","-21.7","","-23.9","","83","","0.0","","12","","11","","8.1","","94.41","","","","-30","","Fog"
"-114.78","55.29","SLAVE LAKE","3065995","2021-01-30 09:00","2021","01","30","09:00","-21.8","","-24.0","","83","","0.0","","12","","15","","8.1","","94.44","","","","-31","","Fog"
"-114.78","55.29","SLAVE LAKE","3065995","2021-01-30 10:00","2021","01","30","10:00","-20.8","","-23.0","","83","","0.0","","11","","13","","8.1","","94.49","","","","-29","","Fog"
"-114.78","55.29","SLAVE LAKE","3065995","2021-01-30 11:00","2021","01","30","11:00","-19.0","","-21.5","","81","","0.0","","11","","17","","8.1","","94.52","","","","-28","","Fog"
"-114.78","55.29","SLAVE LAKE","3065995","2021-01-30 12:00","2021","01","30","12:00","-16.7","","-19.5","","79","","0.0","","11","","17","","8.1","","94.51","","","","-26","","Fog"
"-114.78","55.29","SLAVE LAKE","3065995","2021-01-30 13:00","2021","01","30","13:00","-14.8","","-18.3","","75","","0.0","","10","","15","","8.1","","94.51","","","","-23","","Haze"
"-114.78","55.29","SLAVE LAKE","3065995","2021-01-30 14:00","2021","01","30","14:00","-12.8","","-17.0","","71","","0.0","","11","","17","","8.1","","94.49","","","","-21","","Haze"
"-114.78","55.29","SLAVE LAKE","3065995","2021-01-30 15:00","2021","01","30","15:00","-12.1","","-16.5","","70","","0.0","","10","","15","","8.1","","94.51","","","","-19","","Haze"
"-114.78","55.29","SLAVE LAKE","3065995","2021-01-30 16:00","2021","01","30","16:00","-11.5","","-16.1","","69","","0.0","","10","","13","","9.7","","94.54","","","","-18","","Haze"
"-114.78","55.29","SLAVE LAKE","3065995","2021-01-30 17:00","2021","01","30","17:00","-12.4","","-16.3","","73","","0.0","","10","","17","","9.7","","94.57","","","","-20","","Haze"
"-114.78","55.29","SLAVE LAKE","3065995","2021-01-30 18:00","2021","01","30","18:00","-12.6","","-16.0","","76","","0.0","","9","","15","","8.1","","94.62","","","","-20","","Haze"
"-114.78","55.29","SLAVE LAKE","3065995","2021-01-30 19:00","2021","01","30","19:00","-12.9","","-16.1","","77","","0.0","","9","","15","","8.1","","94.66","","","","-20","","Haze"
"-114.78","55.29","SLAVE LAKE","3065995","2021-01-30 20:00","2021","01","30","20:00","-13.9","","-16.6","","80","","0.0","","9","","17","","8.1","","94.68","","","","-22","","Haze"
"-114.78","55.29","SLAVE LAKE","3065995","2021-01-30 21:00","2021","01","30","21:00","-15.1","","-17.4","","83","","0.0","","10","","15","","8.1","","94.68","","","","-23","","Fog"
"-114.78","55.29","SLAVE LAKE","3065995","2021-01-30 22:00","2021","01","30","22:00","-16.0","","-18.1","","84","","0.0","","10","","13","","6.4","","94.71","","","","-24","","Fog"
"-114.78","55.29","SLAVE LAKE","3065995","2021-01-30 23:00","2021","01","30","23:00","-16.3","","-18.3","","85","","0.0","","10","","17","","6.4","","94.73","","","","-25","","Fog"
"-114.78","55.29","SLAVE LAKE","3065995","2021-01-31 00:00","2021","01","31","00:00","-16.1","","-17.9","","86","","0.0","","10","","13","","4.8","","94.76","","","","-24","","Fog"
"-114.78","55.29","SLAVE LAKE","3065995","2021-01-31 01:00","2021","01","31","01:00","-16.7","","-18.5","","86","","0.0","","10","","9","","4.8","","94.77","","","","-23","","Fog"
"-114.78","55.29","SLAVE LAKE","3065995","2021-01-31 02:00","2021","01","31","02:00","-17.1","","-18.9","","86","","0.0","","10","","13","","4.8","","94.80","","","","-25","","Fog"
"-114.78","55.29","SLAVE LAKE","3065995","2021-01-31 03:00","2021","01","31","03:00","-18.3","","-20.2","","85","","0.0","","12","","13","","6.4","","94.84","","","","-26","","Fog"
"-114.78","55.29","SLAVE LAKE","3065995","2021-01-31 04:00","2021","01","31","04:00","-17.5","","-19.3","","86","","0.0","","10","","13","","6.4","","94.85","","","","-25","","Fog"
"-114.78","55.29","SLAVE LAKE","3065995","2021-01-31 05:00","2021","01","31","05:00","-17.5","","-19.5","","85","","0.0","","11","","17","","6.4","","94.84","","","","-27","","Fog"
"-114.78","55.29","SLAVE LAKE","3065995","2021-01-31 06:00","2021","01","31","06:00","-18.6","","-20.5","","85","","0.0","","11","","15","","8.1","","94.85","","","","-27","","Fog"
"-114.78","55.29","SLAVE LAKE","3065995","2021-01-31 07:00","2021","01","31","07:00","-19.0","","-21.1","","84","","0.0","","12","","17","","8.1","","94.85","","","","-28","","Fog"
"-114.78","55.29","SLAVE LAKE","3065995","2021-01-31 08:00","2021","01","31","08:00","-19.3","","-21.2","","85","","0.0","","11","","17","","8.1","","94.85","","","","-29","","Fog"
"-114.78","55.29","SLAVE LAKE","3065995","2021-01-31 09:00","2021","01","31","09:00","-18.6","","-20.7","","84","","0.0","","12","","13","","9.7","","94.86","","","","-27","","Fog"
"-114.78","55.29","SLAVE LAKE","3065995","2021-01-31 10:00","2021","01","31","10:00","-17.6","","-20.0","","82","","0.0","","12","","18","","9.7","","94.83","","","","-27","","Fog"
"-114.78","55.29","SLAVE LAKE","3065995","2021-01-31 11:00","2021","01","31","11:00","-15.9","","-18.6","","80","","0.0","","12","","21","","9.7","","94.86","","","","-26","","Fog"
"-114.78","55.29","SLAVE LAKE","3065995","2021-01-31 12:00","2021","01","31","12:00","-13.8","","-17.1","","76","","0.0","","12","","21","","9.7","","94.86","","","","-23","","Haze"
"-114.78","55.29","SLAVE LAKE","3065995","2021-01-31 13:00","2021","01","31","13:00","-12.0","","-15.7","","74","","0.0","","11","","18","","14.5","","94.76","","","","-20","","NA"
"-114.78","55.29","SLAVE LAKE","3065995","2021-01-31 14:00","2021","01","31","14:00","-10.4","","-14.6","","72","","0.0","","11","","21","","12.9","","94.69","","","","-19","","NA"
"-114.78","55.29","SLAVE LAKE","3065995","2021-01-31 15:00","2021","01","31","15:00","-9.6","","-14.5","","68","","0.0","","10","","21","","16.1","","94.63","","","","-18","","NA"
"-114.78","55.29","SLAVE LAKE","3065995","2021-01-31 16:00","2021","01","31","16:00","-9.9","","-14.6","","69","","0.0","","10","","21","","16.1","","94.62","","","","-18","","NA"
"-114.78","55.29","SLAVE LAKE","3065995","2021-01-31 17:00","2021","01","31","17:00","-10.8","","-14.9","","72","","0.0","","9","","18","","16.1","","94.62","","","","-18","","NA"
"-114.78","55.29","SLAVE LAKE","3065995","2021-01-31 18:00","2021","01","31","18:00","-10.5","","-15.0","","70","","0.0","","10","","24","","16.1","","94.62","","","","-19","","NA"
"-114.78","55.29","SLAVE LAKE","3065995","2021-01-31 19:00","2021","01","31","19:00","-11.3","","-15.2","","73","","0.0","","10","","21","","16.1","","94.56","","","","-20","","NA"
"-114.78","55.29","SLAVE LAKE","3065995","2021-01-31 20:00","2021","01","31","20:00","-12.0","","-15.1","","78","","0.0","","9","","22","","12.9","","94.52","","","","-21","","NA"
"-114.78","55.29","SLAVE LAKE","3065995","2021-01-31 21:00","2021","01","31","21:00","-12.2","","-15.3","","78","","0.0","","10","","24","","11.3","","94.50","","","","-21","","NA"
"-114.78","55.29","SLAVE LAKE","3065995","2021-01-31 22:00","2021","01","31","22:00","-12.7","","-15.6","","79","","0.0","","10","","28","","11.3","","94.43","","","","-23","","NA"
"-114.78","55.29","SLAVE LAKE","3065995","2021-01-31 23:00","2021","01","31","23:00","-12.8","","-15.6","","80","","0.0","","10","","28","","11.3","","94.34","","","","-23","","NA"
