"Longitude (x)","Latitude (y)","Station Name","Climate ID","Date/Time (LST)","Year","Month","Day","Time (LST)","Temp (°C)","Temp Flag","Dew Point Temp (°C)","Dew Point Temp Flag","Rel Hum (%)","Rel Hum Flag","Precip. Amount (mm)","Precip. Amount Flag","Wind Dir (10s deg)","Wind Dir Flag","Wind Spd (km/h)","Wind Spd Flag","Visibility (km)","Visibility Flag","Stn Press (kPa)","Stn Press Flag","Hmdx","Hmdx Flag","Wind Chill","Wind Chill Flag","Weather"
"-114.78","55.29","SLAVE LAKE RCS","3065997","2019-12-01 00:00","2019","12","01","00:00","-17.7","","-19.9","","83","","0.0","","11","","10","","","","94.30","","","","-24","","NA"
"-114.78","55.29","SLAVE LAKE RCS","3065997","2019-12-01 01:00","2019","12","01","01:00","-18.3","","-20.6","","82","","0.0","","12","","12","","","","94.24","","","","-26","","NA"
"-114.78","55.29","SLAVE LAKE RCS","3065997","2019-12-01 02:00","2019","12","01","02:00","-18.2","","-20.5","","83","","0.0","","13","","13","","","","94.19","","","","-26","","NA"
"-114.78","55.29","SLAVE LAKE RCS","3065997","2019-12-01 03:00","2019","12","01","03:00","-18.7","","-21.0","","82","","0.0","","14","","10","","","","94.16","","","","-26","","NA"
"-114.78","55.29","SLAVE LAKE RCS","3065997","2019-12-01 04:00","2019","12","01","04:00","-18.7","","-21.0","","82","","0.0","","13","","12","","","","94.13","","","","-26","","NA"
"-114.78","55.29","SLAVE LAKE RCS","3065997","2019-12-01 05:00","2019","12","01","05:00","-19.0","","-21.3","","82","","0.0","","13","","10","","","","94.12","","","","-26","","NA"
"-114.78","55.29","SLAVE LAKE RCS","3065997","2019-12-01 06:00","2019","12","01","06:00","-19.0","","-21.4","","81","","0.0","","14","","10","","","","94.09","","","","-26","","NA"
"-114.78","55.29","SLAVE LAKE RCS","3065997","2019-12-01 07:00","2019","12","01","07:00","-19.4","","-21.7","","82","","0.0","","14","","8","","","","94.06","","","","-26","","NA"
"-114.78","55.29","SLAVE LAKE RCS","3065997","2019-12-01 08:00","2019","12","01","08:00","-19.8","","-22.2","","81","","0.0","","13","","10","","","","94.02","","","","-27","","NA"
"-114.78","55.29","SLAVE LAKE RCS","3065997","2019-12-01 09:00","2019","12","01","09:00","-19.7","","-22.2","","80","","0.0","","14","","8","","","","94.00","","","","-26","","NA"
"-114.78","55.29","SLAVE LAKE RCS","3065997","2019-12-01 10:00","2019","12","01","10:00","-18.6","","-21.6","","78","","0.0","","13","","11","","","","93.97","","","","-26","","NA"
"-114.78","55.29","SLAVE LAKE RCS","3065997","2019-12-01 11:00","2019","12","01","11:00","-16.8","","-20.1","","75","","0.0","","13","","12","","","","93.93","","","","-24","","NA"
"-114.78","55.29","SLAVE LAKE RCS","3065997","2019-12-01 12:00","2019","12","01","12:00","-15.3","","-18.9","","74","","0.0","","13","","12","","","","93.89","","","","-22","","NA"
"-114.78","55.29","SLAVE LAKE RCS","3065997","2019-12-01 13:00","2019","12","01","13:00","-13.5","","-17.3","","73","","0.0","","13","","13","","","","93.82","","","","-20","","NA"
"-114.78","55.29","SLAVE LAKE RCS","3065997","2019-12-01 14:00","2019","12","01","14:00","-11.5","","-15.8","","70","","0.0","","12","","12","","","","93.76","","","","-18","","NA"
"-114.78","55.29","SLAVE LAKE RCS","3065997","2019-12-01 15:00","2019","12","01","15:00","-10.6","","-15.0","","70","","0.2","","13","","10","","","","93.73","","","","-16","","NA"
"-114.78","55.29","SLAVE LAKE RCS","3065997","2019-12-01 16:00","2019","12","01","16:00","-11.7","","-15.8","","71","","0.0","","13","","6","","","","93.70","","","","-15","","NA"
"-114.78","55.29","SLAVE LAKE RCS","3065997","2019-12-01 17:00","2019","12","01","17:00","-12.7","","-15.0","","83","","0.0","","18","","2","","","","93.70","","","","-14","","NA"
"-114.78","55.29","SLAVE LAKE RCS","3065997","2019-12-01 18:00","2019","12","01","18:00","-14.2","","-16.1","","85","","0.0","","4","","1","","","","93.68","","","","-15","","NA"
"-114.78","55.29","SLAVE LAKE RCS","3065997","2019-12-01 19:00","2019","12","01","19:00","-13.4","","-15.9","","82","","0.0","","33","","1","","","","93.65","","","","-14","","NA"
"-114.78","55.29","SLAVE LAKE RCS","3065997","2019-12-01 20:00","2019","12","01","20:00","-6.5","","-10.3","","74","","1.2","","30","","8","","","","93.59","","","","-10","","NA"
"-114.78","55.29","SLAVE LAKE RCS","3065997","2019-12-01 21:00","2019","12","01","21:00","-6.4","","-8.6","","84","","0.0","","33","","11","","","","93.59","","","","-11","","NA"
"-114.78","55.29","SLAVE LAKE RCS","3065997","2019-12-01 22:00","2019","12","01","22:00","-5.8","","-9.2","","77","","0.0","","33","","10","","","","93.56","","","","-10","","NA"
"-114.78","55.29","SLAVE LAKE RCS","3065997","2019-12-01 23:00","2019","12","01","23:00","-5.3","","-9.0","","75","","0.0","","36","","7","","","","93.59","","","","-9","","NA"
"-114.78","55.29","SLAVE LAKE RCS","3065997","2019-12-02 00:00","2019","12","02","00:00","-7.0","","-9.7","","81","","0.0","","5","","12","","","","93.60","","","","-12","","NA"
"-114.78","55.29","SLAVE LAKE RCS","3065997","2019-12-02 01:00","2019","12","02","01:00","-4.0","","-10.3","","62","","0.0","","28","","22","","","","93.58","","","","-11","","NA"
"-114.78","55.29","SLAVE LAKE RCS","3065997","2019-12-02 02:00","2019","12","02","02:00","-5.2","","-11.6","","61","","0.0","","32","","4","","","","93.57","","","","-7","","NA"
"-114.78","55.29","SLAVE LAKE RCS","3065997","2019-12-02 03:00","2019","12","02","03:00","-6.7","","-9.6","","79","","0.0","","32","","5","","","","93.61","","","","-9","","NA"
"-114.78","55.29","SLAVE LAKE RCS","3065997","2019-12-02 04:00","2019","12","02","04:00","-9.3","","-11.7","","83","","0.0","","26","","3","","","","93.60","","","","-11","","NA"
"-114.78","55.29","SLAVE LAKE RCS","3065997","2019-12-02 05:00","2019","12","02","05:00","-6.8","","-11.0","","73","","0.0","","28","","12","","","","93.56","","","","-12","","NA"
"-114.78","55.29","SLAVE LAKE RCS","3065997","2019-12-02 06:00","2019","12","02","06:00","-3.0","","-10.3","","57","","0.9","","28","","25","","","","93.52","","","","-10","","NA"
"-114.78","55.29","SLAVE LAKE RCS","3065997","2019-12-02 07:00","2019","12","02","07:00","-2.2","","-10.0","","55","","0.0","","28","","30","","","","93.48","","","","-9","","NA"
"-114.78","55.29","SLAVE LAKE RCS","3065997","2019-12-02 08:00","2019","12","02","08:00","-1.9","","-9.1","","58","","0.0","","28","","29","","","","93.48","","","","-9","","NA"
"-114.78","55.29","SLAVE LAKE RCS","3065997","2019-12-02 09:00","2019","12","02","09:00","-1.4","","-9.0","","56","","0.0","","28","","21","","","","93.47","","","","-7","","NA"
"-114.78","55.29","SLAVE LAKE RCS","3065997","2019-12-02 10:00","2019","12","02","10:00","-1.8","","-9.0","","58","","0.0","","28","","26","","","","93.46","","","","-8","","NA"
"-114.78","55.29","SLAVE LAKE RCS","3065997","2019-12-02 11:00","2019","12","02","11:00","-0.7","","-8.8","","54","","0.0","","28","","26","","","","93.47","","","","-7","","NA"
"-114.78","55.29","SLAVE LAKE RCS","3065997","2019-12-02 12:00","2019","12","02","12:00","-1.3","","-9.3","","55","","0.0","","29","","13","","","","93.41","","","","-6","","NA"
"-114.78","55.29","SLAVE LAKE RCS","3065997","2019-12-02 13:00","2019","12","02","13:00","-2.4","","-8.4","","64","","0.0","","5","","5","","","","93.32","","","","-4","","NA"
"-114.78","55.29","SLAVE LAKE RCS","3065997","2019-12-02 14:00","2019","12","02","14:00","-0.6","","-9.4","","51","","0.0","","2","","4","","","","93.28","","","","-2","","NA"
"-114.78","55.29","SLAVE LAKE RCS","3065997","2019-12-02 15:00","2019","12","02","15:00","-1.4","","-9.0","","56","","0.2","","9","","2","","","","93.19","","","","-2","","NA"
"-114.78","55.29","SLAVE LAKE RCS","3065997","2019-12-02 16:00","2019","12","02","16:00","-0.5","","-6.5","","64","","0.0","","2","","4","","","","93.14","","","","-2","","NA"
"-114.78","55.29","SLAVE LAKE RCS","3065997","2019-12-02 17:00","2019","12","02","17:00","-1.9","","-7.4","","66","","0.0","","31","","3","","","","93.10","","","","-3","","NA"
"-114.78","55.29","SLAVE LAKE RCS","3065997","2019-12-02 18:00","2019","12","02","18:00","-0.8","","-6.5","","66","","0.5","","30","","10","","","","93.07","","","","-4","","NA"
"-114.78","55.29","SLAVE LAKE RCS","3065997","2019-12-02 19:00","2019","12","02","19:00","2.4","","-5.6","","55","","0.4","","28","","21","","","","93.01","","","","","","NA"
"-114.78","55.29","SLAVE LAKE RCS","3065997","2019-12-02 20:00","2019","12","02","20:00","3.0","","-4.7","","57","","0.0","","27","","26","","","","92.98","","","","","","NA"
"-114.78","55.29","SLAVE LAKE RCS","3065997","2019-12-02 21:00","2019","12","02","21:00","2.5","","-4.9","","58","","0.0","","28","","30","","","","92.99","","","","","","NA"
"-114.78","55.29","SLAVE LAKE RCS","3065997","2019-12-02 22:00","2019","12","02","22:00","3.1","","-4.2","","59","","0.0","","27","","35","","","","92.95","","","","","","NA"
"-114.78","55.29","SLAVE LAKE RCS","3065997","2019-12-02 23:00","2019","12","02","23:00","3.0","","-3.9","","61","","0.0","","28","","31","","","","93.01","","","","","","NA"
"-114.78","55.29","SLAVE LAKE RCS","3065997","2019-12-03 00:00","2019","12","03","00:00","3.1","","-3.7","","61","","0.0","","28","","26","","","","93.04","","","","","","NA"
"-114.78","55.29","SLAVE LAKE RCS","3065997","2019-12-03 01:00","2019","12","03","01:00","4.3","","-3.6","","57","","0.0","","28","","37","","","","93.03","","","","","","NA"
"-114.78","55.29","SLAVE LAKE RCS","3065997","2019-12-03 02:00","2019","12","03","02:00","3.7","","-3.4","","60","","0.0","","27","","29","","","","93.08","","","","","","NA"
"-114.78","55.29","SLAVE LAKE RCS","3065997","2019-12-03 03:00","2019","12","03","03:00","3.1","","-3.3","","62","","0.0","","27","","27","","","","93.14","","","","","","NA"
"-114.78","55.29","SLAVE LAKE RCS","3065997","2019-12-03 04:00","2019","12","03","04:00","3.0","","-3.3","","63","","0.0","","27","","23","","","","93.17","","","","","","NA"
"-114.78","55.29","SLAVE LAKE RCS","3065997","2019-12-03 05:00","2019","12","03","05:00","2.9","","-3.3","","64","","0.0","","27","","18","","","","93.18","","","","","","NA"
"-114.78","55.29","SLAVE LAKE RCS","3065997","2019-12-03 06:00","2019","12","03","06:00","3.4","","-3.6","","60","","0.0","","27","","24","","","","93.18","","","","","","NA"
"-114.78","55.29","SLAVE LAKE RCS","3065997","2019-12-03 07:00","2019","12","03","07:00","3.4","","-3.8","","59","","0.0","","27","","29","","","","93.22","","","","","","NA"
"-114.78","55.29","SLAVE LAKE RCS","3065997","2019-12-03 08:00","2019","12","03","08:00","3.5","","-3.5","","60","","0.0","","27","","34","","","","93.27","","","","","","NA"
"-114.78","55.29","SLAVE LAKE RCS","3065997","2019-12-03 09:00","2019","12","03","09:00","3.3","","-4.2","","58","","0.0","","27","","30","","","","93.31","","","","","","NA"
"-114.78","55.29","SLAVE LAKE RCS","3065997","2019-12-03 10:00","2019","12","03","10:00","3.1","","-4.2","","58","","0.0","","27","","28","","","","93.34","","","","","","NA"
"-114.78","55.29","SLAVE LAKE RCS","3065997","2019-12-03 11:00","2019","12","03","11:00","3.3","","-4.4","","57","","0.0","","27","","34","","","","93.44","","","","","","NA"
"-114.78","55.29","SLAVE LAKE RCS","3065997","2019-12-03 12:00","2019","12","03","12:00","3.2","","-5.1","","54","","0.0","","28","","33","","","","93.51","","","","","","NA"
"-114.78","55.29","SLAVE LAKE RCS","3065997","2019-12-03 13:00","2019","12","03","13:00","2.8","","-5.8","","53","","0.0","","29","","31","","","","93.55","","","","","","NA"
"-114.78","55.29","SLAVE LAKE RCS","3065997","2019-12-03 14:00","2019","12","03","14:00","2.1","","-6.0","","55","","0.0","","30","","27","","","","93.60","","","","","","NA"
"-114.78","55.29","SLAVE LAKE RCS","3065997","2019-12-03 15:00","2019","12","03","15:00","1.5","","-6.3","","56","","0.0","","30","","30","","","","93.63","","","","","","NA"
"-114.78","55.29","SLAVE LAKE RCS","3065997","2019-12-03 16:00","2019","12","03","16:00","1.1","","-6.7","","56","","0.0","","28","","32","","","","93.68","","","","","","NA"
"-114.78","55.29","SLAVE LAKE RCS","3065997","2019-12-03 17:00","2019","12","03","17:00","0.3","","-7.2","","57","","0.0","","27","","19","","","","93.73","","","","","","NA"
"-114.78","55.29","SLAVE LAKE RCS","3065997","2019-12-03 18:00","2019","12","03","18:00","-0.7","","-7.8","","59","","0.0","","26","","15","","","","93.73","","","","-5","","NA"
"-114.78","55.29","SLAVE LAKE RCS","3065997","2019-12-03 19:00","2019","12","03","19:00","-0.7","","-7.8","","58","","0.0","","27","","18","","","","93.74","","","","-6","","NA"
"-114.78","55.29","SLAVE LAKE RCS","3065997","2019-12-03 20:00","2019","12","03","20:00","-1.3","","-8.5","","58","","0.0","","27","","17","","","","93.72","","","","-6","","NA"
"-114.78","55.29","SLAVE LAKE RCS","3065997","2019-12-03 21:00","2019","12","03","21:00","-2.6","","-8.9","","62","","0.0","","27","","18","","","","93.75","","","","-8","","NA"
"-114.78","55.29","SLAVE LAKE RCS","3065997","2019-12-03 22:00","2019","12","03","22:00","-4.0","","-9.8","","64","","0.0","","27","","12","","","","93.76","","","","-9","","NA"
"-114.78","55.29","SLAVE LAKE RCS","3065997","2019-12-03 23:00","2019","12","03","23:00","-5.4","","-8.8","","77","","0.0","","11","","3","","","","93.78","","","","-7","","NA"
"-114.78","55.29","SLAVE LAKE RCS","3065997","2019-12-04 00:00","2019","12","04","00:00","-6.4","","-9.0","","82","","0.0","","15","","4","","","","93.80","","","","-8","","NA"
"-114.78","55.29","SLAVE LAKE RCS","3065997","2019-12-04 01:00","2019","12","04","01:00","-6.4","","-9.0","","81","","0.0","","18","","1","","","","93.80","","","","-7","","NA"
"-114.78","55.29","SLAVE LAKE RCS","3065997","2019-12-04 02:00","2019","12","04","02:00","-6.5","","-8.6","","85","","0.0","","6","","2","","","","93.82","","","","-7","","NA"
"-114.78","55.29","SLAVE LAKE RCS","3065997","2019-12-04 03:00","2019","12","04","03:00","-5.5","","-8.3","","80","","0.0","","18","","3","","","","93.84","","","","-7","","NA"
"-114.78","55.29","SLAVE LAKE RCS","3065997","2019-12-04 04:00","2019","12","04","04:00","-5.4","","-8.2","","81","","0.0","","6","","5","","","","93.85","","","","-8","","NA"
"-114.78","55.29","SLAVE LAKE RCS","3065997","2019-12-04 05:00","2019","12","04","05:00","-5.5","","-7.4","","86","","0.0","","17","","2","","","","93.86","","","","-6","","NA"
"-114.78","55.29","SLAVE LAKE RCS","3065997","2019-12-04 06:00","2019","12","04","06:00","-5.4","","-7.6","","85","","0.0","","10","","2","","","","93.87","","","","-6","","NA"
"-114.78","55.29","SLAVE LAKE RCS","3065997","2019-12-04 07:00","2019","12","04","07:00","-5.3","","-7.9","","82","","0.0","","11","","3","","","","93.93","","","","-7","","NA"
"-114.78","55.29","SLAVE LAKE RCS","3065997","2019-12-04 08:00","2019","12","04","08:00","-4.6","","-8.9","","71","","0.0","","15","","3","","","","93.99","","","","-6","","NA"
"-114.78","55.29","SLAVE LAKE RCS","3065997","2019-12-04 09:00","2019","12","04","09:00","-5.0","","-8.8","","74","","0.0","","11","","3","","","","94.00","","","","-6","","NA"
"-114.78","55.29","SLAVE LAKE RCS","3065997","2019-12-04 10:00","2019","12","04","10:00","-5.1","","-8.7","","76","","0.0","","12","","4","","","","94.09","","","","-7","","NA"
"-114.78","55.29","SLAVE LAKE RCS","3065997","2019-12-04 11:00","2019","12","04","11:00","-5.6","","-9.2","","75","","0.0","","13","","17","","","","94.12","","","","-12","","NA"
"-114.78","55.29","SLAVE LAKE RCS","3065997","2019-12-04 12:00","2019","12","04","12:00","-6.0","","-9.0","","79","","0.0","","10","","8","","","","94.19","","","","-10","","NA"
"-114.78","55.29","SLAVE LAKE RCS","3065997","2019-12-04 13:00","2019","12","04","13:00","-7.0","","-9.1","","85","","0.2","","6","","8","","","","94.25","","","","-11","","NA"
"-114.78","55.29","SLAVE LAKE RCS","3065997","2019-12-04 14:00","2019","12","04","14:00","-6.7","","-9.0","","84","","0.2","","14","","5","","","","94.29","","","","-9","","NA"
"-114.78","55.29","SLAVE LAKE RCS","3065997","2019-12-04 15:00","2019","12","04","15:00","-6.8","","-9.4","","82","","0.0","","34","","5","","","","94.32","","","","-9","","NA"
"-114.78","55.29","SLAVE LAKE RCS","3065997","2019-12-04 16:00","2019","12","04","16:00","-7.8","","-10.6","","81","","0.0","","33","","8","","","","94.41","","","","-12","","NA"
"-114.78","55.29","SLAVE LAKE RCS","3065997","2019-12-04 17:00","2019","12","04","17:00","-8.4","","-10.9","","82","","0.0","","31","","8","","","","94.46","","","","-13","","NA"
"-114.78","55.29","SLAVE LAKE RCS","3065997","2019-12-04 18:00","2019","12","04","18:00","-8.0","","-10.6","","81","","0.0","","26","","6","","","","94.48","","","","-11","","NA"
"-114.78","55.29","SLAVE LAKE RCS","3065997","2019-12-04 19:00","2019","12","04","19:00","-8.2","","-10.6","","83","","0.0","","30","","4","","","","94.50","","","","-10","","NA"
"-114.78","55.29","SLAVE LAKE RCS","3065997","2019-12-04 20:00","2019","12","04","20:00","-7.6","","-10.7","","78","","0.0","","31","","4","","","","94.52","","","","-10","","NA"
"-114.78","55.29","SLAVE LAKE RCS","3065997","2019-12-04 21:00","2019","12","04","21:00","-7.6","","-10.3","","81","","0.0","","0","","1","","","","94.51","","","","-8","","NA"
"-114.78","55.29","SLAVE LAKE RCS","3065997","2019-12-04 22:00","2019","12","04","22:00","-7.6","","-10.3","","81","","0.0","","23","","2","","","","94.53","","","","-9","","NA"
"-114.78","55.29","SLAVE LAKE RCS","3065997","2019-12-04 23:00","2019","12","04","23:00","-9.3","","-10.8","","89","","0.0","","16","","3","","","","94.55","","","","-11","","NA"
"-114.78","55.29","SLAVE LAKE RCS","3065997","2019-12-05 00:00","2019","12","05","00:00","-11.5","","-13.1","","88","","0.0","","13","","4","","","","94.55","","","","-14","","NA"
"-114.78","55.29","SLAVE LAKE RCS","3065997","2019-12-05 01:00","2019","12","05","01:00","-11.6","","-12.9","","90","","0.0","","9","","7","","","","94.56","","","","-16","","NA"
"-114.78","55.29","SLAVE LAKE RCS","3065997","2019-12-05 02:00","2019","12","05","02:00","-12.9","","-14.1","","91","","0.0","","13","","4","","","","94.58","","","","-16","","NA"
"-114.78","55.29","SLAVE LAKE RCS","3065997","2019-12-05 03:00","2019","12","05","03:00","-13.4","","-14.7","","90","","0.0","","13","","4","","","","94.59","","","","-16","","NA"
"-114.78","55.29","SLAVE LAKE RCS","3065997","2019-12-05 04:00","2019","12","05","04:00","-13.4","","-14.7","","90","","0.0","","13","","7","","","","94.60","","","","-18","","NA"
"-114.78","55.29","SLAVE LAKE RCS","3065997","2019-12-05 05:00","2019","12","05","05:00","-13.1","","-14.5","","89","","0.6","","13","","6","","","","94.59","","","","-17","","NA"
"-114.78","55.29","SLAVE LAKE RCS","3065997","2019-12-05 06:00","2019","12","05","06:00","-12.7","","-14.3","","88","","0.3","","14","","3","","","","94.57","","","","-15","","NA"
"-114.78","55.29","SLAVE LAKE RCS","3065997","2019-12-05 07:00","2019","12","05","07:00","-12.4","","-13.9","","88","","0.0","","15","","5","","","","94.55","","","","-16","","NA"
"-114.78","55.29","SLAVE LAKE RCS","3065997","2019-12-05 08:00","2019","12","05","08:00","-12.2","","-13.7","","88","","0.2","","14","","4","","","","94.55","","","","-15","","NA"
"-114.78","55.29","SLAVE LAKE RCS","3065997","2019-12-05 09:00","2019","12","05","09:00","-14.0","","-15.9","","86","","0.0","","16","","3","","","","94.57","","","","-16","","NA"
"-114.78","55.29","SLAVE LAKE RCS","3065997","2019-12-05 10:00","2019","12","05","10:00","-13.4","","-15.3","","86","","0.0","","15","","1","","","","94.60","","","","-14","","NA"
"-114.78","55.29","SLAVE LAKE RCS","3065997","2019-12-05 11:00","2019","12","05","11:00","-11.9","","-13.6","","87","","0.4","","12","","3","","","","94.58","","","","-14","","NA"
"-114.78","55.29","SLAVE LAKE RCS","3065997","2019-12-05 12:00","2019","12","05","12:00","-10.2","","-11.9","","88","","0.0","","9","","2","","","","94.56","","","","-11","","NA"
"-114.78","55.29","SLAVE LAKE RCS","3065997","2019-12-05 13:00","2019","12","05","13:00","-8.8","","-10.3","","89","","0.0","","6","","2","","","","94.55","","","","-10","","NA"
"-114.78","55.29","SLAVE LAKE RCS","3065997","2019-12-05 14:00","2019","12","05","14:00","-10.1","","-12.0","","86","","0.0","","30","","5","","","","94.56","","","","-13","","NA"
"-114.78","55.29","SLAVE LAKE RCS","3065997","2019-12-05 15:00","2019","12","05","15:00","-10.6","","-12.8","","84","","0.0","","31","","6","","","","94.57","","","","-14","","NA"
"-114.78","55.29","SLAVE LAKE RCS","3065997","2019-12-05 16:00","2019","12","05","16:00","-10.1","","-11.7","","88","","0.2","","30","","9","","","","94.59","","","","-15","","NA"
"-114.78","55.29","SLAVE LAKE RCS","3065997","2019-12-05 17:00","2019","12","05","17:00","-10.1","","-12.2","","84","","0.5","","29","","4","","","","94.61","","","","-12","","NA"
"-114.78","55.29","SLAVE LAKE RCS","3065997","2019-12-05 18:00","2019","12","05","18:00","-9.6","","-11.2","","89","","0.0","","31","","6","","","","94.62","","","","-13","","NA"
"-114.78","55.29","SLAVE LAKE RCS","3065997","2019-12-05 19:00","2019","12","05","19:00","-5.0","","-10.5","","65","","0.0","","28","","21","","","","94.61","","","","-12","","NA"
"-114.78","55.29","SLAVE LAKE RCS","3065997","2019-12-05 20:00","2019","12","05","20:00","-5.0","","-10.7","","64","","0.0","","27","","18","","","","94.60","","","","-11","","NA"
"-114.78","55.29","SLAVE LAKE RCS","3065997","2019-12-05 21:00","2019","12","05","21:00","-5.0","","-10.7","","64","","0.0","","27","","18","","","","94.59","","","","-11","","NA"
"-114.78","55.29","SLAVE LAKE RCS","3065997","2019-12-05 22:00","2019","12","05","22:00","-6.1","","-11.3","","66","","0.0","","27","","16","","","","94.59","","","","-12","","NA"
"-114.78","55.29","SLAVE LAKE RCS","3065997","2019-12-05 23:00","2019","12","05","23:00","-5.1","","-10.8","","64","","0.0","","27","","19","","","","94.58","","","","-12","","NA"
"-114.78","55.29","SLAVE LAKE RCS","3065997","2019-12-06 00:00","2019","12","06","00:00","-5.8","","-10.9","","67","","0.0","","33","","13","","","","94.58","","","","-11","","NA"
"-114.78","55.29","SLAVE LAKE RCS","3065997","2019-12-06 01:00","2019","12","06","01:00","-7.1","","-11.4","","72","","0.0","","32","","12","","","","94.58","","","","-12","","NA"
"-114.78","55.29","SLAVE LAKE RCS","3065997","2019-12-06 02:00","2019","12","06","02:00","-7.7","","-11.4","","75","","0.0","","32","","11","","","","94.56","","","","-13","","NA"
"-114.78","55.29","SLAVE LAKE RCS","3065997","2019-12-06 03:00","2019","12","06","03:00","-9.6","","-11.8","","84","","0.0","","33","","6","","","","94.57","","","","-13","","NA"
"-114.78","55.29","SLAVE LAKE RCS","3065997","2019-12-06 04:00","2019","12","06","04:00","-11.2","","-13.8","","81","","0.0","","12","","2","","","","94.56","","","","-12","","NA"
"-114.78","55.29","SLAVE LAKE RCS","3065997","2019-12-06 05:00","2019","12","06","05:00","-15.2","","-17.1","","85","","0.0","","13","","5","","","","94.55","","","","-19","","NA"
"-114.78","55.29","SLAVE LAKE RCS","3065997","2019-12-06 06:00","2019","12","06","06:00","-16.1","","-17.8","","87","","0.0","","9","","1","","","","94.55","","","","-17","","NA"
"-114.78","55.29","SLAVE LAKE RCS","3065997","2019-12-06 07:00","2019","12","06","07:00","-16.1","","-18.0","","85","","0.2","","15","","5","","","","94.53","","","","-20","","NA"
"-114.78","55.29","SLAVE LAKE RCS","3065997","2019-12-06 08:00","2019","12","06","08:00","-16.5","","-18.2","","87","","0.2","","11","","6","","","","94.48","","","","-21","","NA"
"-114.78","55.29","SLAVE LAKE RCS","3065997","2019-12-06 09:00","2019","12","06","09:00","-17.0","","-19.1","","83","","0.7","","13","","7","","","","94.47","","","","-22","","NA"
"-114.78","55.29","SLAVE LAKE RCS","3065997","2019-12-06 10:00","2019","12","06","10:00","-16.4","","-19.1","","79","","0.6","","13","","10","","","","94.43","","","","-23","","NA"
"-114.78","55.29","SLAVE LAKE RCS","3065997","2019-12-06 11:00","2019","12","06","11:00","-14.5","","-17.7","","77","","0.6","","13","","7","","","","94.36","","","","-19","","NA"
"-114.78","55.29","SLAVE LAKE RCS","3065997","2019-12-06 12:00","2019","12","06","12:00","-12.4","","-15.5","","78","","0.0","","14","","8","","","","94.32","","","","-17","","NA"
"-114.78","55.29","SLAVE LAKE RCS","3065997","2019-12-06 13:00","2019","12","06","13:00","-10.0","","-13.7","","74","","0.0","","13","","8","","","","94.24","","","","-14","","NA"
"-114.78","55.29","SLAVE LAKE RCS","3065997","2019-12-06 14:00","2019","12","06","14:00","-8.3","","-12.7","","70","","0.0","","12","","10","","","","94.16","","","","-13","","NA"
"-114.78","55.29","SLAVE LAKE RCS","3065997","2019-12-06 15:00","2019","12","06","15:00","-7.8","","-12.2","","70","","0.0","","13","","7","","","","94.13","","","","-11","","NA"
"-114.78","55.29","SLAVE LAKE RCS","3065997","2019-12-06 16:00","2019","12","06","16:00","-9.9","","-12.8","","79","","0.0","","31","","2","","","","94.10","","","","-11","","NA"
"-114.78","55.29","SLAVE LAKE RCS","3065997","2019-12-06 17:00","2019","12","06","17:00","-12.1","","-13.9","","86","","0.0","","19","","1","","","","94.06","","","","-13","","NA"
"-114.78","55.29","SLAVE LAKE RCS","3065997","2019-12-06 18:00","2019","12","06","18:00","-13.0","","-15.0","","84","","0.0","","18","","4","","","","94.01","","","","-16","","NA"
"-114.78","55.29","SLAVE LAKE RCS","3065997","2019-12-06 19:00","2019","12","06","19:00","-14.5","","-16.7","","83","","0.0","","5","","5","","","","93.98","","","","-18","","NA"
"-114.78","55.29","SLAVE LAKE RCS","3065997","2019-12-06 20:00","2019","12","06","20:00","-13.4","","-15.0","","88","","0.0","","17","","5","","","","93.92","","","","-17","","NA"
"-114.78","55.29","SLAVE LAKE RCS","3065997","2019-12-06 21:00","2019","12","06","21:00","-13.1","","-14.8","","88","","0.0","","16","","2","","","","93.91","","","","-14","","NA"
"-114.78","55.29","SLAVE LAKE RCS","3065997","2019-12-06 22:00","2019","12","06","22:00","-12.2","","-14.0","","86","","0.3","","29","","5","","","","93.93","","","","-15","","NA"
"-114.78","55.29","SLAVE LAKE RCS","3065997","2019-12-06 23:00","2019","12","06","23:00","-11.2","","-13.1","","85","","0.2","","27","","7","","","","93.92","","","","-15","","NA"
"-114.78","55.29","SLAVE LAKE RCS","3065997","2019-12-07 00:00","2019","12","07","00:00","-9.2","","-11.0","","87","","0.5","","30","","12","","","","93.90","","","","-15","","NA"
"-114.78","55.29","SLAVE LAKE RCS","3065997","2019-12-07 01:00","2019","12","07","01:00","-8.6","","-10.6","","86","","0.0","","29","","11","","","","93.93","","","","-14","","NA"
"-114.78","55.29","SLAVE LAKE RCS","3065997","2019-12-07 02:00","2019","12","07","02:00","-8.1","","-10.5","","83","","0.0","","27","","11","","","","93.94","","","","-13","","NA"
"-114.78","55.29","SLAVE LAKE RCS","3065997","2019-12-07 03:00","2019","12","07","03:00","-7.2","","-10.5","","78","","0.0","","31","","16","","","","94.00","","","","-14","","NA"
"-114.78","55.29","SLAVE LAKE RCS","3065997","2019-12-07 04:00","2019","12","07","04:00","-7.8","","-11.0","","78","","0.0","","29","","16","","","","94.04","","","","-14","","NA"
"-114.78","55.29","SLAVE LAKE RCS","3065997","2019-12-07 05:00","2019","12","07","05:00","-8.4","","-11.4","","79","","0.0","","25","","8","","","","94.06","","","","-13","","NA"
"-114.78","55.29","SLAVE LAKE RCS","3065997","2019-12-07 06:00","2019","12","07","06:00","-8.6","","-11.1","","82","","0.0","","28","","17","","","","94.12","","","","-15","","NA"
"-114.78","55.29","SLAVE LAKE RCS","3065997","2019-12-07 07:00","2019","12","07","07:00","-8.8","","-10.8","","85","","0.0","","28","","19","","","","94.17","","","","-16","","NA"
"-114.78","55.29","SLAVE LAKE RCS","3065997","2019-12-07 08:00","2019","12","07","08:00","-8.7","","-11.1","","83","","0.0","","10","","2","","","","94.28","","","","-10","","NA"
"-114.78","55.29","SLAVE LAKE RCS","3065997","2019-12-07 09:00","2019","12","07","09:00","-8.9","","-12.1","","78","","0.0","","11","","6","","","","94.38","","","","-12","","NA"
"-114.78","55.29","SLAVE LAKE RCS","3065997","2019-12-07 10:00","2019","12","07","10:00","-9.8","","-12.5","","80","","0.0","","29","","16","","","","94.48","","","","-17","","NA"
"-114.78","55.29","SLAVE LAKE RCS","3065997","2019-12-07 11:00","2019","12","07","11:00","-11.0","","-13.3","","83","","0.0","","30","","13","","","","94.55","","","","-17","","NA"
"-114.78","55.29","SLAVE LAKE RCS","3065997","2019-12-07 12:00","2019","12","07","12:00","-11.1","","-13.6","","82","","0.0","","28","","12","","","","94.59","","","","-17","","NA"
"-114.78","55.29","SLAVE LAKE RCS","3065997","2019-12-07 13:00","2019","12","07","13:00","-11.0","","-13.8","","80","","0.0","","31","","11","","","","94.58","","","","-17","","NA"
"-114.78","55.29","SLAVE LAKE RCS","3065997","2019-12-07 14:00","2019","12","07","14:00","-11.4","","-14.8","","76","","0.0","","32","","10","","","","94.62","","","","-17","","NA"
"-114.78","55.29","SLAVE LAKE RCS","3065997","2019-12-07 15:00","2019","12","07","15:00","-12.1","","-15.6","","75","","0.0","","30","","12","","","","94.65","","","","-18","","NA"
"-114.78","55.29","SLAVE LAKE RCS","3065997","2019-12-07 16:00","2019","12","07","16:00","-13.9","","-17.2","","76","","0.0","","29","","12","","","","94.67","","","","-21","","NA"
"-114.78","55.29","SLAVE LAKE RCS","3065997","2019-12-07 17:00","2019","12","07","17:00","-15.6","","-18.1","","81","","0.0","","26","","5","","","","94.73","","","","-19","","NA"
"-114.78","55.29","SLAVE LAKE RCS","3065997","2019-12-07 18:00","2019","12","07","18:00","-15.0","","-17.7","","80","","0.0","","24","","2","","","","94.76","","","","-16","","NA"
"-114.78","55.29","SLAVE LAKE RCS","3065997","2019-12-07 19:00","2019","12","07","19:00","-14.8","","-17.2","","82","","0.6","","12","","8","","","","94.79","","","","-20","","NA"
"-114.78","55.29","SLAVE LAKE RCS","3065997","2019-12-07 20:00","2019","12","07","20:00","-15.1","","-18.1","","78","","0.3","","10","","13","","","","94.79","","","","-22","","NA"
"-114.78","55.29","SLAVE LAKE RCS","3065997","2019-12-07 21:00","2019","12","07","21:00","-16.3","","-19.0","","80","","0.0","","10","","12","","","","94.82","","","","-24","","NA"
"-114.78","55.29","SLAVE LAKE RCS","3065997","2019-12-07 22:00","2019","12","07","22:00","-16.6","","-19.1","","81","","0.0","","11","","13","","","","94.82","","","","-24","","NA"
"-114.78","55.29","SLAVE LAKE RCS","3065997","2019-12-07 23:00","2019","12","07","23:00","-17.1","","-19.5","","82","","0.0","","9","","14","","","","94.81","","","","-25","","NA"
"-114.78","55.29","SLAVE LAKE RCS","3065997","2019-12-08 00:00","2019","12","08","00:00","-17.1","","-19.3","","83","","0.0","","10","","12","","","","94.78","","","","-25","","NA"
"-114.78","55.29","SLAVE LAKE RCS","3065997","2019-12-08 01:00","2019","12","08","01:00","-16.4","","-18.6","","83","","0.0","","10","","11","","","","94.74","","","","-23","","NA"
"-114.78","55.29","SLAVE LAKE RCS","3065997","2019-12-08 02:00","2019","12","08","02:00","-16.4","","-18.5","","83","","0.0","","10","","9","","","","94.74","","","","-22","","NA"
"-114.78","55.29","SLAVE LAKE RCS","3065997","2019-12-08 03:00","2019","12","08","03:00","-16.7","","-18.8","","84","","0.0","","9","","8","","","","94.70","","","","-22","","NA"
"-114.78","55.29","SLAVE LAKE RCS","3065997","2019-12-08 04:00","2019","12","08","04:00","-16.9","","-19.1","","83","","0.0","","9","","10","","","","94.68","","","","-24","","NA"
"-114.78","55.29","SLAVE LAKE RCS","3065997","2019-12-08 05:00","2019","12","08","05:00","-16.7","","-18.8","","83","","0.0","","11","","11","","","","94.66","","","","-24","","NA"
"-114.78","55.29","SLAVE LAKE RCS","3065997","2019-12-08 06:00","2019","12","08","06:00","-16.2","","-18.3","","83","","0.0","","11","","9","","","","94.64","","","","-22","","NA"
"-114.78","55.29","SLAVE LAKE RCS","3065997","2019-12-08 07:00","2019","12","08","07:00","-15.7","","-18.0","","83","","0.0","","11","","10","","","","94.62","","","","-22","","NA"
"-114.78","55.29","SLAVE LAKE RCS","3065997","2019-12-08 08:00","2019","12","08","08:00","-16.3","","-18.5","","83","","0.0","","10","","4","","","","94.58","","","","-19","","NA"
"-114.78","55.29","SLAVE LAKE RCS","3065997","2019-12-08 09:00","2019","12","08","09:00","-17.0","","-18.9","","85","","0.0","","13","","6","","","","94.55","","","","-22","","NA"
"-114.78","55.29","SLAVE LAKE RCS","3065997","2019-12-08 10:00","2019","12","08","10:00","-16.5","","-19.2","","80","","0.0","","13","","6","","","","94.54","","","","-21","","NA"
"-114.78","55.29","SLAVE LAKE RCS","3065997","2019-12-08 11:00","2019","12","08","11:00","-15.4","","-17.6","","83","","0.2","","12","","8","","","","94.51","","","","-21","","NA"
"-114.78","55.29","SLAVE LAKE RCS","3065997","2019-12-08 12:00","2019","12","08","12:00","-14.6","","-17.0","","82","","0.0","","13","","7","","","","94.44","","","","-19","","NA"
"-114.78","55.29","SLAVE LAKE RCS","3065997","2019-12-08 13:00","2019","12","08","13:00","-13.4","","-16.3","","79","","0.3","","12","","5","","","","94.35","","","","-17","","NA"
"-114.78","55.29","SLAVE LAKE RCS","3065997","2019-12-08 14:00","2019","12","08","14:00","-11.8","","-16.4","","69","","0.0","","8","","2","","","","94.28","","","","-13","","NA"
"-114.78","55.29","SLAVE LAKE RCS","3065997","2019-12-08 15:00","2019","12","08","15:00","-10.9","","-15.2","","71","","0.0","","","","0","","","","94.28","","","","","","NA"
"-114.78","55.29","SLAVE LAKE RCS","3065997","2019-12-08 16:00","2019","12","08","16:00","-12.7","","-15.2","","82","","0.0","","30","","2","","","","94.31","","","","-14","","NA"
"-114.78","55.29","SLAVE LAKE RCS","3065997","2019-12-08 17:00","2019","12","08","17:00","-11.0","","-13.4","","83","","0.0","","","","0","","","","94.31","","","","","","NA"
"-114.78","55.29","SLAVE LAKE RCS","3065997","2019-12-08 18:00","2019","12","08","18:00","-10.4","","-12.6","","84","","0.0","","18","","3","","","","94.30","","","","-12","","NA"
"-114.78","55.29","SLAVE LAKE RCS","3065997","2019-12-08 19:00","2019","12","08","19:00","-6.9","","-10.6","","75","","0.0","","29","","19","","","","94.33","","","","-14","","NA"
"-114.78","55.29","SLAVE LAKE RCS","3065997","2019-12-08 20:00","2019","12","08","20:00","-7.1","","-11.3","","72","","0.0","","30","","26","","","","94.39","","","","-15","","NA"
"-114.78","55.29","SLAVE LAKE RCS","3065997","2019-12-08 21:00","2019","12","08","21:00","-7.9","","-11.6","","75","","0.0","","30","","24","","","","94.49","","","","-16","","NA"
"-114.78","55.29","SLAVE LAKE RCS","3065997","2019-12-08 22:00","2019","12","08","22:00","-8.7","","-12.2","","76","","0.0","","31","","22","","","","94.57","","","","-17","","NA"
"-114.78","55.29","SLAVE LAKE RCS","3065997","2019-12-08 23:00","2019","12","08","23:00","-9.4","","-12.9","","75","","0.0","","33","","12","","","","94.67","","","","-15","","NA"
"-114.78","55.29","SLAVE LAKE RCS","3065997","2019-12-09 00:00","2019","12","09","00:00","-10.8","","-13.8","","79","","0.0","","35","","12","","","","94.79","","","","-17","","NA"
"-114.78","55.29","SLAVE LAKE RCS","3065997","2019-12-09 01:00","2019","12","09","01:00","-11.5","","-14.2","","80","","0.0","","35","","10","","","","94.84","","","","-17","","NA"
"-114.78","55.29","SLAVE LAKE RCS","3065997","2019-12-09 02:00","2019","12","09","02:00","-11.7","","-14.5","","80","","0.0","","33","","11","","","","94.91","","","","-18","","NA"
"-114.78","55.29","SLAVE LAKE RCS","3065997","2019-12-09 03:00","2019","12","09","03:00","-12.1","","-14.9","","79","","0.0","","34","","12","","","","95.01","","","","-18","","NA"
"-114.78","55.29","SLAVE LAKE RCS","3065997","2019-12-09 04:00","2019","12","09","04:00","-12.1","","-14.9","","80","","0.0","","33","","10","","","","95.09","","","","-18","","NA"
"-114.78","55.29","SLAVE LAKE RCS","3065997","2019-12-09 05:00","2019","12","09","05:00","-12.0","","-14.9","","79","","0.0","","33","","7","","","","95.14","","","","-16","","NA"
"-114.78","55.29","SLAVE LAKE RCS","3065997","2019-12-09 06:00","2019","12","09","06:00","-12.2","","-15.5","","76","","0.0","","4","","4","","","","95.20","","","","-15","","NA"
"-114.78","55.29","SLAVE LAKE RCS","3065997","2019-12-09 07:00","2019","12","09","07:00","-12.5","","-16.2","","73","","0.0","","9","","4","","","","95.22","","","","-15","","NA"
"-114.78","55.29","SLAVE LAKE RCS","3065997","2019-12-09 08:00","2019","12","09","08:00","-13.3","","-17.4","","72","","0.0","","11","","9","","","","95.28","","","","-19","","NA"
"-114.78","55.29","SLAVE LAKE RCS","3065997","2019-12-09 09:00","2019","12","09","09:00","-14.1","","-17.8","","73","","0.0","","11","","11","","","","95.31","","","","-21","","NA"
"-114.78","55.29","SLAVE LAKE RCS","3065997","2019-12-09 10:00","2019","12","09","10:00","-14.9","","-18.3","","75","","0.0","","11","","12","","","","95.37","","","","-22","","NA"
"-114.78","55.29","SLAVE LAKE RCS","3065997","2019-12-09 11:00","2019","12","09","11:00","-14.4","","-18.7","","69","","0.0","","11","","12","","","","95.38","","","","-21","","NA"
"-114.78","55.29","SLAVE LAKE RCS","3065997","2019-12-09 12:00","2019","12","09","12:00","-13.5","","-17.3","","73","","0.0","","10","","12","","","","95.35","","","","-20","","NA"
"-114.78","55.29","SLAVE LAKE RCS","3065997","2019-12-09 13:00","2019","12","09","13:00","-12.7","","-16.5","","73","","0.0","","10","","12","","","","95.33","","","","-19","","NA"
"-114.78","55.29","SLAVE LAKE RCS","3065997","2019-12-09 14:00","2019","12","09","14:00","-13.3","","-17.5","","70","","0.0","","8","","8","","","","95.33","","","","-18","","NA"
"-114.78","55.29","SLAVE LAKE RCS","3065997","2019-12-09 15:00","2019","12","09","15:00","-13.3","","-17.3","","72","","0.0","","9","","6","","","","95.33","","","","-17","","NA"
"-114.78","55.29","SLAVE LAKE RCS","3065997","2019-12-09 16:00","2019","12","09","16:00","-13.6","","-17.2","","74","","0.0","","10","","9","","","","95.30","","","","-19","","NA"
"-114.78","55.29","SLAVE LAKE RCS","3065997","2019-12-09 17:00","2019","12","09","17:00","-14.0","","-17.3","","77","","0.0","","10","","8","","","","95.27","","","","-19","","NA"
"-114.78","55.29","SLAVE LAKE RCS","3065997","2019-12-09 18:00","2019","12","09","18:00","-14.4","","-17.3","","78","","0.0","","10","","7","","","","95.22","","","","-19","","NA"
"-114.78","55.29","SLAVE LAKE RCS","3065997","2019-12-09 19:00","2019","12","09","19:00","-14.4","","-17.3","","78","","0.0","","10","","6","","","","95.18","","","","-19","","NA"
"-114.78","55.29","SLAVE LAKE RCS","3065997","2019-12-09 20:00","2019","12","09","20:00","-14.5","","-17.2","","80","","0.0","","12","","7","","","","95.14","","","","-19","","NA"
"-114.78","55.29","SLAVE LAKE RCS","3065997","2019-12-09 21:00","2019","12","09","21:00","-14.1","","-16.6","","81","","0.0","","12","","6","","","","95.10","","","","-18","","NA"
"-114.78","55.29","SLAVE LAKE RCS","3065997","2019-12-09 22:00","2019","12","09","22:00","-13.7","","-16.3","","81","","0.0","","13","","8","","","","95.06","","","","-19","","NA"
"-114.78","55.29","SLAVE LAKE RCS","3065997","2019-12-09 23:00","2019","12","09","23:00","-13.6","","-16.2","","81","","0.0","","13","","6","","","","95.04","","","","-18","","NA"
"-114.78","55.29","SLAVE LAKE RCS","3065997","2019-12-10 00:00","2019","12","10","00:00","-13.3","","-15.9","","81","","0.0","","12","","4","","","","95.01","","","","-16","","NA"
"-114.78","55.29","SLAVE LAKE RCS","3065997","2019-12-10 01:00","2019","12","10","01:00","-13.0","","-15.6","","81","","0.0","","9","","5","","","","95.00","","","","-16","","NA"
"-114.78","55.29","SLAVE LAKE RCS","3065997","2019-12-10 02:00","2019","12","10","02:00","-12.9","","-15.3","","82","","0.0","","13","","5","","","","94.97","","","","-16","","NA"
"-114.78","55.29","SLAVE LAKE RCS","3065997","2019-12-10 03:00","2019","12","10","03:00","-12.4","","-14.9","","82","","0.0","","13","","1","","","","94.99","","","","-13","","NA"
"-114.78","55.29","SLAVE LAKE RCS","3065997","2019-12-10 04:00","2019","12","10","04:00","-12.0","","-14.2","","83","","0.0","","7","","2","","","","94.97","","","","-13","","NA"
"-114.78","55.29","SLAVE LAKE RCS","3065997","2019-12-10 05:00","2019","12","10","05:00","-11.5","","-13.6","","85","","0.0","","0","","1","","","","94.97","","","","-12","","NA"
"-114.78","55.29","SLAVE LAKE RCS","3065997","2019-12-10 06:00","2019","12","10","06:00","-10.7","","-12.6","","86","","0.0","","0","","1","","","","94.95","","","","-11","","NA"
"-114.78","55.29","SLAVE LAKE RCS","3065997","2019-12-10 07:00","2019","12","10","07:00","-9.9","","-12.2","","83","","0.0","","26","","6","","","","94.97","","","","-13","","NA"
"-114.78","55.29","SLAVE LAKE RCS","3065997","2019-12-10 08:00","2019","12","10","08:00","-9.8","","-11.9","","84","","0.0","","27","","3","","","","95.01","","","","-12","","NA"
"-114.78","55.29","SLAVE LAKE RCS","3065997","2019-12-10 09:00","2019","12","10","09:00","-10.6","","-12.7","","84","","0.0","","13","","11","","","","95.04","","","","-16","","NA"
"-114.78","55.29","SLAVE LAKE RCS","3065997","2019-12-10 10:00","2019","12","10","10:00","-10.8","","-13.2","","82","","0.0","","11","","12","","","","95.13","","","","-17","","NA"
"-114.78","55.29","SLAVE LAKE RCS","3065997","2019-12-10 11:00","2019","12","10","11:00","-11.7","","-14.3","","81","","0.0","","10","","19","","","","95.17","","","","-20","","NA"
"-114.78","55.29","SLAVE LAKE RCS","3065997","2019-12-10 12:00","2019","12","10","12:00","-11.8","","-14.6","","79","","0.0","","10","","15","","","","95.16","","","","-19","","NA"
"-114.78","55.29","SLAVE LAKE RCS","3065997","2019-12-10 13:00","2019","12","10","13:00","-12.2","","-16.2","","72","","0.0","","11","","20","","","","95.18","","","","-21","","NA"
"-114.78","55.29","SLAVE LAKE RCS","3065997","2019-12-10 14:00","2019","12","10","14:00","-12.6","","-16.9","","70","","0.0","","11","","21","","","","95.16","","","","-21","","NA"
"-114.78","55.29","SLAVE LAKE RCS","3065997","2019-12-10 15:00","2019","12","10","15:00","-12.8","","-16.9","","71","","0.0","","11","","20","","","","95.15","","","","-21","","NA"
"-114.78","55.29","SLAVE LAKE RCS","3065997","2019-12-10 16:00","2019","12","10","16:00","-13.3","","-17.2","","72","","0.0","","11","","19","","","","95.13","","","","-22","","NA"
"-114.78","55.29","SLAVE LAKE RCS","3065997","2019-12-10 17:00","2019","12","10","17:00","-13.8","","-17.8","","71","","0.0","","11","","21","","","","95.13","","","","-23","","NA"
"-114.78","55.29","SLAVE LAKE RCS","3065997","2019-12-10 18:00","2019","12","10","18:00","-13.7","","-18.7","","66","","0.0","","11","","21","","","","95.10","","","","-23","","NA"
"-114.78","55.29","SLAVE LAKE RCS","3065997","2019-12-10 19:00","2019","12","10","19:00","-14.1","","-20.3","","59","","0.0","","11","","22","","","","95.08","","","","-23","","NA"
"-114.78","55.29","SLAVE LAKE RCS","3065997","2019-12-10 20:00","2019","12","10","20:00","-15.2","","-18.7","","75","","0.0","","10","","21","","","","95.06","","","","-25","","NA"
"-114.78","55.29","SLAVE LAKE RCS","3065997","2019-12-10 21:00","2019","12","10","21:00","-15.8","","-18.3","","81","","0.0","","10","","21","","","","95.03","","","","-25","","NA"
"-114.78","55.29","SLAVE LAKE RCS","3065997","2019-12-10 22:00","2019","12","10","22:00","-15.9","","-18.4","","81","","0.5","","10","","22","","","","94.99","","","","-26","","NA"
"-114.78","55.29","SLAVE LAKE RCS","3065997","2019-12-10 23:00","2019","12","10","23:00","-15.9","","-18.4","","81","","0.3","","11","","23","","","","94.93","","","","-26","","NA"
"-114.78","55.29","SLAVE LAKE RCS","3065997","2019-12-11 00:00","2019","12","11","00:00","-15.9","","-18.4","","81","","0.4","","11","","23","","","","94.89","","","","-26","","NA"
"-114.78","55.29","SLAVE LAKE RCS","3065997","2019-12-11 01:00","2019","12","11","01:00","-16.1","","-18.6","","81","","0.2","","11","","23","","","","94.84","","","","-26","","NA"
"-114.78","55.29","SLAVE LAKE RCS","3065997","2019-12-11 02:00","2019","12","11","02:00","-16.0","","-18.6","","81","","0.3","","10","","24","","","","94.81","","","","-26","","NA"
"-114.78","55.29","SLAVE LAKE RCS","3065997","2019-12-11 03:00","2019","12","11","03:00","-16.4","","-19.0","","80","","0.2","","10","","22","","","","94.80","","","","-26","","NA"
"-114.78","55.29","SLAVE LAKE RCS","3065997","2019-12-11 04:00","2019","12","11","04:00","-16.5","","-19.0","","80","","0.2","","10","","22","","","","94.77","","","","-27","","NA"
"-114.78","55.29","SLAVE LAKE RCS","3065997","2019-12-11 05:00","2019","12","11","05:00","-16.6","","-19.2","","80","","0.6","","10","","21","","","","94.74","","","","-26","","NA"
"-114.78","55.29","SLAVE LAKE RCS","3065997","2019-12-11 06:00","2019","12","11","06:00","-16.5","","-19.1","","81","","0.2","","10","","19","","","","94.73","","","","-26","","NA"
"-114.78","55.29","SLAVE LAKE RCS","3065997","2019-12-11 07:00","2019","12","11","07:00","-16.4","","-18.9","","81","","0.2","","10","","14","","","","94.72","","","","-24","","NA"
"-114.78","55.29","SLAVE LAKE RCS","3065997","2019-12-11 08:00","2019","12","11","08:00","-16.2","","-18.9","","80","","0.0","","11","","18","","","","94.72","","","","-25","","NA"
"-114.78","55.29","SLAVE LAKE RCS","3065997","2019-12-11 09:00","2019","12","11","09:00","-16.2","","-19.0","","79","","0.0","","11","","19","","","","94.74","","","","-25","","NA"
"-114.78","55.29","SLAVE LAKE RCS","3065997","2019-12-11 10:00","2019","12","11","10:00","-16.2","","-19.2","","78","","0.0","","11","","20","","","","94.74","","","","-26","","NA"
"-114.78","55.29","SLAVE LAKE RCS","3065997","2019-12-11 11:00","2019","12","11","11:00","-16.2","","-19.0","","79","","0.2","","11","","20","","","","94.75","","","","-26","","NA"
"-114.78","55.29","SLAVE LAKE RCS","3065997","2019-12-11 12:00","2019","12","11","12:00","-16.2","","-19.2","","78","","0.0","","11","","19","","","","94.70","","","","-25","","NA"
"-114.78","55.29","SLAVE LAKE RCS","3065997","2019-12-11 13:00","2019","12","11","13:00","-15.8","","-18.8","","78","","0.2","","11","","18","","","","94.66","","","","-25","","NA"
"-114.78","55.29","SLAVE LAKE RCS","3065997","2019-12-11 14:00","2019","12","11","14:00","-15.5","","-18.5","","77","","0.3","","10","","16","","","","94.62","","","","-24","","NA"
"-114.78","55.29","SLAVE LAKE RCS","3065997","2019-12-11 15:00","2019","12","11","15:00","-15.3","","-18.2","","79","","0.2","","10","","14","","","","94.61","","","","-23","","NA"
"-114.78","55.29","SLAVE LAKE RCS","3065997","2019-12-11 16:00","2019","12","11","16:00","-15.4","","-18.0","","81","","0.2","","10","","14","","","","94.61","","","","-23","","NA"
"-114.78","55.29","SLAVE LAKE RCS","3065997","2019-12-11 17:00","2019","12","11","17:00","-15.3","","-17.9","","81","","0.0","","10","","15","","","","94.60","","","","-23","","NA"
"-114.78","55.29","SLAVE LAKE RCS","3065997","2019-12-11 18:00","2019","12","11","18:00","-15.2","","-17.8","","80","","0.2","","10","","16","","","","94.58","","","","-23","","NA"
"-114.78","55.29","SLAVE LAKE RCS","3065997","2019-12-11 19:00","2019","12","11","19:00","-15.2","","-17.5","","82","","0.2","","10","","14","","","","94.52","","","","-23","","NA"
"-114.78","55.29","SLAVE LAKE RCS","3065997","2019-12-11 20:00","2019","12","11","20:00","-15.3","","-17.6","","82","","0.0","","9","","13","","","","94.48","","","","-23","","NA"
"-114.78","55.29","SLAVE LAKE RCS","3065997","2019-12-11 21:00","2019","12","11","21:00","-15.6","","-18.0","","82","","0.0","","10","","12","","","","94.41","","","","-23","","NA"
"-114.78","55.29","SLAVE LAKE RCS","3065997","2019-12-11 22:00","2019","12","11","22:00","-15.8","","-18.2","","82","","0.2","","9","","13","","","","94.36","","","","-23","","NA"
"-114.78","55.29","SLAVE LAKE RCS","3065997","2019-12-11 23:00","2019","12","11","23:00","-15.8","","-18.2","","82","","0.0","","9","","15","","","","94.35","","","","-24","","NA"
"-114.78","55.29","SLAVE LAKE RCS","3065997","2019-12-12 00:00","2019","12","12","00:00","-15.8","","-18.3","","82","","0.0","","9","","15","","","","94.31","","","","-24","","NA"
"-114.78","55.29","SLAVE LAKE RCS","3065997","2019-12-12 01:00","2019","12","12","01:00","-15.8","","-18.3","","81","","0.0","","9","","14","","","","94.25","","","","-24","","NA"
"-114.78","55.29","SLAVE LAKE RCS","3065997","2019-12-12 02:00","2019","12","12","02:00","-16.1","","-18.5","","82","","0.0","","9","","12","","","","94.23","","","","-23","","NA"
"-114.78","55.29","SLAVE LAKE RCS","3065997","2019-12-12 03:00","2019","12","12","03:00","-16.4","","-18.8","","82","","0.0","","9","","13","","","","94.23","","","","-24","","NA"
"-114.78","55.29","SLAVE LAKE RCS","3065997","2019-12-12 04:00","2019","12","12","04:00","-16.5","","-18.9","","81","","0.2","","9","","11","","","","94.18","","","","-23","","NA"
"-114.78","55.29","SLAVE LAKE RCS","3065997","2019-12-12 05:00","2019","12","12","05:00","-16.7","","-19.2","","81","","0.0","","10","","13","","","","94.16","","","","-24","","NA"
"-114.78","55.29","SLAVE LAKE RCS","3065997","2019-12-12 06:00","2019","12","12","06:00","-16.7","","-19.2","","81","","0.0","","10","","11","","","","94.15","","","","-24","","NA"
"-114.78","55.29","SLAVE LAKE RCS","3065997","2019-12-12 07:00","2019","12","12","07:00","-16.8","","-19.4","","80","","0.0","","10","","9","","","","94.16","","","","-23","","NA"
"-114.78","55.29","SLAVE LAKE RCS","3065997","2019-12-12 08:00","2019","12","12","08:00","-16.8","","-19.4","","80","","0.0","","11","","10","","","","94.18","","","","-23","","NA"
"-114.78","55.29","SLAVE LAKE RCS","3065997","2019-12-12 09:00","2019","12","12","09:00","-16.6","","-19.2","","80","","0.0","","10","","9","","","","94.21","","","","-23","","NA"
"-114.78","55.29","SLAVE LAKE RCS","3065997","2019-12-12 10:00","2019","12","12","10:00","-16.3","","-19.1","","79","","0.0","","9","","5","","","","94.25","","","","-20","","NA"
"-114.78","55.29","SLAVE LAKE RCS","3065997","2019-12-12 11:00","2019","12","12","11:00","-16.1","","-19.0","","78","","0.0","","12","","7","","","","94.31","","","","-21","","NA"
"-114.78","55.29","SLAVE LAKE RCS","3065997","2019-12-12 12:00","2019","12","12","12:00","-15.6","","-19.1","","75","","0.0","","12","","7","","","","94.35","","","","-21","","NA"
"-114.78","55.29","SLAVE LAKE RCS","3065997","2019-12-12 13:00","2019","12","12","13:00","-15.4","","-18.9","","74","","0.3","","13","","5","","","","94.35","","","","-19","","NA"
"-114.78","55.29","SLAVE LAKE RCS","3065997","2019-12-12 14:00","2019","12","12","14:00","-14.8","","-19.2","","69","","0.0","","6","","1","","","","94.39","","","","-16","","NA"
"-114.78","55.29","SLAVE LAKE RCS","3065997","2019-12-12 15:00","2019","12","12","15:00","-15.6","","-18.7","","77","","0.0","","32","","4","","","","94.43","","","","-19","","NA"
"-114.78","55.29","SLAVE LAKE RCS","3065997","2019-12-12 16:00","2019","12","12","16:00","-16.5","","-18.9","","81","","0.0","","28","","9","","","","94.50","","","","-23","","NA"
"-114.78","55.29","SLAVE LAKE RCS","3065997","2019-12-12 17:00","2019","12","12","17:00","-16.3","","-19.0","","80","","0.0","","28","","11","","","","94.58","","","","-23","","NA"
"-114.78","55.29","SLAVE LAKE RCS","3065997","2019-12-12 18:00","2019","12","12","18:00","-16.2","","-18.9","","79","","0.8","","27","","10","","","","94.64","","","","-23","","NA"
"-114.78","55.29","SLAVE LAKE RCS","3065997","2019-12-12 19:00","2019","12","12","19:00","-16.9","","-19.7","","79","","0.0","","29","","10","","","","94.67","","","","-24","","NA"
"-114.78","55.29","SLAVE LAKE RCS","3065997","2019-12-12 20:00","2019","12","12","20:00","-17.8","","-20.4","","80","","0.0","","27","","5","","","","94.73","","","","-22","","NA"
"-114.78","55.29","SLAVE LAKE RCS","3065997","2019-12-12 21:00","2019","12","12","21:00","-18.1","","-20.4","","82","","0.0","","","","0","","","","94.77","","","","","","NA"
"-114.78","55.29","SLAVE LAKE RCS","3065997","2019-12-12 22:00","2019","12","12","22:00","-17.9","","-20.1","","83","","0.0","","","","0","","","","94.84","","","","","","NA"
"-114.78","55.29","SLAVE LAKE RCS","3065997","2019-12-12 23:00","2019","12","12","23:00","-17.1","","-19.7","","80","","0.0","","9","","4","","","","94.92","","","","-20","","NA"
"-114.78","55.29","SLAVE LAKE RCS","3065997","2019-12-13 00:00","2019","12","13","00:00","-17.0","","-19.8","","78","","0.0","","13","","9","","","","94.99","","","","-23","","NA"
"-114.78","55.29","SLAVE LAKE RCS","3065997","2019-12-13 01:00","2019","12","13","01:00","-17.2","","-19.9","","79","","0.0","","11","","8","","","","95.02","","","","-23","","NA"
"-114.78","55.29","SLAVE LAKE RCS","3065997","2019-12-13 02:00","2019","12","13","02:00","-18.0","","-21.1","","77","","0.0","","12","","12","","","","95.05","","","","-26","","NA"
"-114.78","55.29","SLAVE LAKE RCS","3065997","2019-12-13 03:00","2019","12","13","03:00","-17.9","","-20.9","","77","","0.0","","10","","11","","","","95.09","","","","-25","","NA"
"-114.78","55.29","SLAVE LAKE RCS","3065997","2019-12-13 04:00","2019","12","13","04:00","-18.3","","-21.3","","77","","0.0","","11","","12","","","","95.13","","","","-26","","NA"
"-114.78","55.29","SLAVE LAKE RCS","3065997","2019-12-13 05:00","2019","12","13","05:00","-19.0","","-21.9","","78","","0.0","","11","","15","","","","95.15","","","","-28","","NA"
"-114.78","55.29","SLAVE LAKE RCS","3065997","2019-12-13 06:00","2019","12","13","06:00","-20.0","","-22.7","","79","","0.0","","11","","13","","","","95.13","","","","-28","","NA"
"-114.78","55.29","SLAVE LAKE RCS","3065997","2019-12-13 07:00","2019","12","13","07:00","-20.3","","-23.0","","79","","0.0","","9","","14","","","","95.14","","","","-29","","NA"
"-114.78","55.29","SLAVE LAKE RCS","3065997","2019-12-13 08:00","2019","12","13","08:00","-20.6","","-23.3","","79","","0.0","","10","","16","","","","95.14","","","","-30","","NA"
"-114.78","55.29","SLAVE LAKE RCS","3065997","2019-12-13 09:00","2019","12","13","09:00","-20.8","","-23.5","","78","","0.0","","10","","15","","","","95.16","","","","-30","","NA"
"-114.78","55.29","SLAVE LAKE RCS","3065997","2019-12-13 10:00","2019","12","13","10:00","-20.9","","-23.8","","78","","0.0","","10","","15","","","","95.18","","","","-30","","NA"
"-114.78","55.29","SLAVE LAKE RCS","3065997","2019-12-13 11:00","2019","12","13","11:00","-20.3","","-23.3","","77","","0.2","","10","","15","","","","95.17","","","","-29","","NA"
"-114.78","55.29","SLAVE LAKE RCS","3065997","2019-12-13 12:00","2019","12","13","12:00","-19.9","","-23.0","","76","","0.0","","10","","16","","","","95.13","","","","-29","","NA"
"-114.78","55.29","SLAVE LAKE RCS","3065997","2019-12-13 13:00","2019","12","13","13:00","-19.5","","-22.6","","77","","0.0","","9","","17","","","","95.07","","","","-29","","NA"
"-114.78","55.29","SLAVE LAKE RCS","3065997","2019-12-13 14:00","2019","12","13","14:00","-19.2","","-22.3","","77","","0.2","","9","","16","","","","94.99","","","","-28","","NA"
"-114.78","55.29","SLAVE LAKE RCS","3065997","2019-12-13 15:00","2019","12","13","15:00","-18.8","","-21.9","","77","","0.2","","10","","18","","","","94.94","","","","-28","","NA"
"-114.78","55.29","SLAVE LAKE RCS","3065997","2019-12-13 16:00","2019","12","13","16:00","-18.6","","-21.6","","77","","0.0","","10","","22","","","","94.90","","","","-29","","NA"
"-114.78","55.29","SLAVE LAKE RCS","3065997","2019-12-13 17:00","2019","12","13","17:00","-18.5","","-21.3","","78","","0.0","","10","","16","","","","94.86","","","","-28","","NA"
"-114.78","55.29","SLAVE LAKE RCS","3065997","2019-12-13 18:00","2019","12","13","18:00","-18.9","","-21.6","","79","","0.0","","10","","16","","","","94.80","","","","-28","","NA"
"-114.78","55.29","SLAVE LAKE RCS","3065997","2019-12-13 19:00","2019","12","13","19:00","-19.3","","-21.9","","80","","0.0","","9","","15","","","","94.75","","","","-28","","NA"
"-114.78","55.29","SLAVE LAKE RCS","3065997","2019-12-13 20:00","2019","12","13","20:00","-19.6","","-22.1","","80","","0.0","","10","","15","","","","94.70","","","","-29","","NA"
"-114.78","55.29","SLAVE LAKE RCS","3065997","2019-12-13 21:00","2019","12","13","21:00","-20.4","","-22.9","","80","","0.0","","9","","12","","","","94.64","","","","-29","","NA"
"-114.78","55.29","SLAVE LAKE RCS","3065997","2019-12-13 22:00","2019","12","13","22:00","-21.1","","-23.6","","80","","0.0","","10","","8","","","","94.64","","","","-28","","NA"
"-114.78","55.29","SLAVE LAKE RCS","3065997","2019-12-13 23:00","2019","12","13","23:00","-21.5","","-24.0","","80","","0.0","","11","","9","","","","94.58","","","","-29","","NA"
"-114.78","55.29","SLAVE LAKE RCS","3065997","2019-12-14 00:00","2019","12","14","00:00","-21.6","","-24.2","","79","","0.0","","12","","12","","","","94.56","","","","-30","","NA"
"-114.78","55.29","SLAVE LAKE RCS","3065997","2019-12-14 01:00","2019","12","14","01:00","-21.4","","-24.1","","79","","0.0","","10","","10","","","","94.53","","","","-29","","NA"
"-114.78","55.29","SLAVE LAKE RCS","3065997","2019-12-14 02:00","2019","12","14","02:00","-21.2","","-23.9","","79","","0.0","","12","","8","","","","94.46","","","","-28","","NA"
"-114.78","55.29","SLAVE LAKE RCS","3065997","2019-12-14 03:00","2019","12","14","03:00","-21.2","","-23.8","","80","","0.0","","12","","10","","","","94.40","","","","-29","","NA"
"-114.78","55.29","SLAVE LAKE RCS","3065997","2019-12-14 04:00","2019","12","14","04:00","-22.0","","-24.6","","80","","0.0","","13","","10","","","","94.31","","","","-30","","NA"
"-114.78","55.29","SLAVE LAKE RCS","3065997","2019-12-14 05:00","2019","12","14","05:00","-22.1","","-24.7","","80","","0.0","","10","","7","","","","94.21","","","","-28","","NA"
"-114.78","55.29","SLAVE LAKE RCS","3065997","2019-12-14 06:00","2019","12","14","06:00","-22.8","","-25.4","","79","","0.0","","13","","8","","","","94.16","","","","-30","","NA"
"-114.78","55.29","SLAVE LAKE RCS","3065997","2019-12-14 07:00","2019","12","14","07:00","-21.9","","-24.4","","80","","0.0","","15","","6","","","","94.05","","","","-27","","NA"
"-114.78","55.29","SLAVE LAKE RCS","3065997","2019-12-14 08:00","2019","12","14","08:00","-21.1","","-23.5","","81","","0.2","","14","","5","","","","94.03","","","","-26","","NA"
"-114.78","55.29","SLAVE LAKE RCS","3065997","2019-12-14 09:00","2019","12","14","09:00","-20.8","","-23.4","","80","","0.0","","11","","4","","","","93.98","","","","-24","","NA"
"-114.78","55.29","SLAVE LAKE RCS","3065997","2019-12-14 10:00","2019","12","14","10:00","-21.1","","-23.8","","79","","0.0","","13","","3","","","","93.94","","","","-24","","NA"
"-114.78","55.29","SLAVE LAKE RCS","3065997","2019-12-14 11:00","2019","12","14","11:00","-19.4","","-24.0","","67","","0.0","","","","0","","","","93.90","","","","","","NA"
"-114.78","55.29","SLAVE LAKE RCS","3065997","2019-12-14 12:00","2019","12","14","12:00","-15.8","","-21.8","","60","","0.0","","26","","2","","","","93.81","","","","-17","","NA"
"-114.78","55.29","SLAVE LAKE RCS","3065997","2019-12-14 13:00","2019","12","14","13:00","-15.3","","-19.6","","70","","0.0","","23","","2","","","","93.77","","","","-17","","NA"
"-114.78","55.29","SLAVE LAKE RCS","3065997","2019-12-14 14:00","2019","12","14","14:00","-10.3","","-12.8","","82","","0.0","","30","","9","","","","93.73","","","","-15","","NA"
"-114.78","55.29","SLAVE LAKE RCS","3065997","2019-12-14 15:00","2019","12","14","15:00","-7.8","","-10.8","","79","","0.0","","31","","23","","","","93.71","","","","-16","","NA"
"-114.78","55.29","SLAVE LAKE RCS","3065997","2019-12-14 16:00","2019","12","14","16:00","-8.2","","-10.9","","81","","0.0","","31","","22","","","","93.74","","","","-16","","NA"
"-114.78","55.29","SLAVE LAKE RCS","3065997","2019-12-14 17:00","2019","12","14","17:00","-7.2","","-10.5","","77","","0.0","","31","","22","","","","93.79","","","","-15","","NA"
"-114.78","55.29","SLAVE LAKE RCS","3065997","2019-12-14 18:00","2019","12","14","18:00","-6.9","","-10.0","","78","","0.0","","30","","29","","","","93.82","","","","-15","","NA"
"-114.78","55.29","SLAVE LAKE RCS","3065997","2019-12-14 19:00","2019","12","14","19:00","-7.9","","-10.5","","82","","0.0","","32","","20","","","","93.88","","","","-15","","NA"
"-114.78","55.29","SLAVE LAKE RCS","3065997","2019-12-14 20:00","2019","12","14","20:00","-10.5","","-13.2","","80","","0.0","","34","","13","","","","93.94","","","","-17","","NA"
"-114.78","55.29","SLAVE LAKE RCS","3065997","2019-12-14 21:00","2019","12","14","21:00","-11.8","","-14.7","","80","","0.0","","33","","14","","","","94.02","","","","-19","","NA"
"-114.78","55.29","SLAVE LAKE RCS","3065997","2019-12-14 22:00","2019","12","14","22:00","-12.7","","-15.2","","81","","0.0","","32","","13","","","","94.06","","","","-20","","NA"
"-114.78","55.29","SLAVE LAKE RCS","3065997","2019-12-14 23:00","2019","12","14","23:00","-14.5","","-16.9","","82","","0.0","","33","","9","","","","94.11","","","","-20","","NA"
"-114.78","55.29","SLAVE LAKE RCS","3065997","2019-12-15 00:00","2019","12","15","00:00","-15.7","","-17.9","","84","","0.0","","33","","8","","","","94.10","","","","-21","","NA"
"-114.78","55.29","SLAVE LAKE RCS","3065997","2019-12-15 01:00","2019","12","15","01:00","-15.9","","-18.0","","84","","0.0","","33","","7","","","","94.13","","","","-21","","NA"
"-114.78","55.29","SLAVE LAKE RCS","3065997","2019-12-15 02:00","2019","12","15","02:00","-16.3","","-18.3","","85","","0.0","","33","","6","","","","94.14","","","","-21","","NA"
"-114.78","55.29","SLAVE LAKE RCS","3065997","2019-12-15 03:00","2019","12","15","03:00","-14.4","","-16.8","","82","","0.0","","31","","9","","","","94.15","","","","-20","","NA"
"-114.78","55.29","SLAVE LAKE RCS","3065997","2019-12-15 04:00","2019","12","15","04:00","-13.9","","-16.3","","83","","0.0","","30","","8","","","","94.16","","","","-19","","NA"
"-114.78","55.29","SLAVE LAKE RCS","3065997","2019-12-15 05:00","2019","12","15","05:00","-13.8","","-16.0","","83","","0.0","","0","","1","","","","94.14","","","","-14","","NA"
"-114.78","55.29","SLAVE LAKE RCS","3065997","2019-12-15 06:00","2019","12","15","06:00","-14.0","","-16.0","","84","","0.0","","18","","4","","","","94.09","","","","-17","","NA"
"-114.78","55.29","SLAVE LAKE RCS","3065997","2019-12-15 07:00","2019","12","15","07:00","-14.2","","-16.0","","86","","0.0","","20","","4","","","","94.08","","","","-17","","NA"
"-114.78","55.29","SLAVE LAKE RCS","3065997","2019-12-15 08:00","2019","12","15","08:00","-13.9","","-15.6","","87","","0.0","","13","","1","","","","94.04","","","","-15","","NA"
"-114.78","55.29","SLAVE LAKE RCS","3065997","2019-12-15 09:00","2019","12","15","09:00","-13.6","","-15.5","","86","","0.0","","15","","3","","","","94.05","","","","-16","","NA"
"-114.78","55.29","SLAVE LAKE RCS","3065997","2019-12-15 10:00","2019","12","15","10:00","-13.1","","-15.0","","86","","0.2","","8","","2","","","","94.06","","","","-14","","NA"
"-114.78","55.29","SLAVE LAKE RCS","3065997","2019-12-15 11:00","2019","12","15","11:00","-12.1","","-14.4","","83","","0.0","","36","","2","","","","94.04","","","","-13","","NA"
"-114.78","55.29","SLAVE LAKE RCS","3065997","2019-12-15 12:00","2019","12","15","12:00","-11.7","","-14.1","","83","","0.0","","29","","2","","","","94.02","","","","-13","","NA"
"-114.78","55.29","SLAVE LAKE RCS","3065997","2019-12-15 13:00","2019","12","15","13:00","-10.6","","-12.9","","83","","0.0","","35","","2","","","","93.99","","","","-12","","NA"
"-114.78","55.29","SLAVE LAKE RCS","3065997","2019-12-15 14:00","2019","12","15","14:00","-9.7","","-11.8","","85","","0.0","","2","","1","","","","93.98","","","","-10","","NA"
"-114.78","55.29","SLAVE LAKE RCS","3065997","2019-12-15 15:00","2019","12","15","15:00","-9.2","","-11.3","","85","","0.0","","12","","6","","","","93.96","","","","-13","","NA"
"-114.78","55.29","SLAVE LAKE RCS","3065997","2019-12-15 16:00","2019","12","15","16:00","-8.4","","-10.5","","85","","0.0","","12","","7","","","","93.96","","","","-12","","NA"
"-114.78","55.29","SLAVE LAKE RCS","3065997","2019-12-15 17:00","2019","12","15","17:00","-4.7","","-8.6","","74","","0.0","","29","","19","","","","93.99","","","","-11","","NA"
"-114.78","55.29","SLAVE LAKE RCS","3065997","2019-12-15 18:00","2019","12","15","18:00","-4.7","","-9.1","","71","","0.0","","28","","22","","","","93.96","","","","-12","","NA"
"-114.78","55.29","SLAVE LAKE RCS","3065997","2019-12-15 19:00","2019","12","15","19:00","-4.5","","-9.2","","70","","0.0","","29","","29","","","","93.96","","","","-12","","NA"
"-114.78","55.29","SLAVE LAKE RCS","3065997","2019-12-15 20:00","2019","12","15","20:00","-5.0","","-8.5","","76","","0.0","","29","","30","","","","93.98","","","","-13","","NA"
"-114.78","55.29","SLAVE LAKE RCS","3065997","2019-12-15 21:00","2019","12","15","21:00","-5.0","","-8.6","","75","","0.0","","30","","29","","","","94.01","","","","-13","","NA"
"-114.78","55.29","SLAVE LAKE RCS","3065997","2019-12-15 22:00","2019","12","15","22:00","-5.2","","-8.3","","79","","0.0","","30","","24","","","","94.06","","","","-12","","NA"
"-114.78","55.29","SLAVE LAKE RCS","3065997","2019-12-15 23:00","2019","12","15","23:00","-5.3","","-8.3","","79","","0.0","","30","","20","","","","94.12","","","","-12","","NA"
"-114.78","55.29","SLAVE LAKE RCS","3065997","2019-12-16 00:00","2019","12","16","00:00","-5.3","","-8.4","","79","","0.0","","30","","18","","","","94.16","","","","-12","","NA"
"-114.78","55.29","SLAVE LAKE RCS","3065997","2019-12-16 01:00","2019","12","16","01:00","-5.0","","-8.4","","77","","0.0","","29","","22","","","","94.23","","","","-12","","NA"
"-114.78","55.29","SLAVE LAKE RCS","3065997","2019-12-16 02:00","2019","12","16","02:00","-5.2","","-8.4","","78","","0.0","","29","","26","","","","94.28","","","","-13","","NA"
"-114.78","55.29","SLAVE LAKE RCS","3065997","2019-12-16 03:00","2019","12","16","03:00","-5.3","","-8.5","","78","","0.0","","29","","25","","","","94.33","","","","-13","","NA"
"-114.78","55.29","SLAVE LAKE RCS","3065997","2019-12-16 04:00","2019","12","16","04:00","-5.2","","-9.2","","73","","0.0","","28","","25","","","","94.41","","","","-13","","NA"
"-114.78","55.29","SLAVE LAKE RCS","3065997","2019-12-16 05:00","2019","12","16","05:00","-5.4","","-9.3","","74","","0.0","","28","","25","","","","94.42","","","","-13","","NA"
"-114.78","55.29","SLAVE LAKE RCS","3065997","2019-12-16 06:00","2019","12","16","06:00","-5.5","","-9.4","","74","","0.0","","29","","19","","","","94.48","","","","-12","","NA"
"-114.78","55.29","SLAVE LAKE RCS","3065997","2019-12-16 07:00","2019","12","16","07:00","-5.6","","-9.1","","76","","0.0","","30","","20","","","","94.52","","","","-12","","NA"
"-114.78","55.29","SLAVE LAKE RCS","3065997","2019-12-16 08:00","2019","12","16","08:00","-6.1","","-9.4","","78","","0.0","","30","","16","","","","94.57","","","","-12","","NA"
"-114.78","55.29","SLAVE LAKE RCS","3065997","2019-12-16 09:00","2019","12","16","09:00","-7.9","","-10.1","","84","","0.0","","29","","10","","","","94.61","","","","-13","","NA"
"-114.78","55.29","SLAVE LAKE RCS","3065997","2019-12-16 10:00","2019","12","16","10:00","-7.2","","-10.0","","81","","0.0","","27","","12","","","","94.63","","","","-13","","NA"
"-114.78","55.29","SLAVE LAKE RCS","3065997","2019-12-16 11:00","2019","12","16","11:00","-6.8","","-10.3","","76","","0.0","","26","","7","","","","94.64","","","","-10","","NA"
"-114.78","55.29","SLAVE LAKE RCS","3065997","2019-12-16 12:00","2019","12","16","12:00","-7.1","","-10.8","","75","","0.0","","1","","5","","","","94.60","","","","-10","","NA"
"-114.78","55.29","SLAVE LAKE RCS","3065997","2019-12-16 13:00","2019","12","16","13:00","-7.4","","-10.3","","80","","0.0","","4","","3","","","","94.58","","","","-9","","NA"
"-114.78","55.29","SLAVE LAKE RCS","3065997","2019-12-16 14:00","2019","12","16","14:00","-6.6","","-9.9","","77","","0.0","","11","","7","","","","94.54","","","","-10","","NA"
"-114.78","55.29","SLAVE LAKE RCS","3065997","2019-12-16 15:00","2019","12","16","15:00","-6.3","","-9.6","","78","","0.0","","11","","10","","","","94.47","","","","-11","","NA"
"-114.78","55.29","SLAVE LAKE RCS","3065997","2019-12-16 16:00","2019","12","16","16:00","-7.5","","-9.7","","84","","0.0","","10","","10","","","","94.44","","","","-12","","NA"
"-114.78","55.29","SLAVE LAKE RCS","3065997","2019-12-16 17:00","2019","12","16","17:00","-8.2","","-9.8","","88","","0.0","","9","","12","","","","94.41","","","","-14","","NA"
"-114.78","55.29","SLAVE LAKE RCS","3065997","2019-12-16 18:00","2019","12","16","18:00","-8.7","","-10.3","","88","","0.0","","9","","11","","","","94.40","","","","-14","","NA"
"-114.78","55.29","SLAVE LAKE RCS","3065997","2019-12-16 19:00","2019","12","16","19:00","-8.9","","-10.4","","89","","0.5","","10","","10","","","","94.37","","","","-14","","NA"
"-114.78","55.29","SLAVE LAKE RCS","3065997","2019-12-16 20:00","2019","12","16","20:00","-9.0","","-10.6","","88","","0.2","","10","","9","","","","94.37","","","","-14","","NA"
"-114.78","55.29","SLAVE LAKE RCS","3065997","2019-12-16 21:00","2019","12","16","21:00","-8.8","","-10.4","","88","","0.0","","11","","11","","","","94.37","","","","-14","","NA"
"-114.78","55.29","SLAVE LAKE RCS","3065997","2019-12-16 22:00","2019","12","16","22:00","-8.7","","-10.3","","88","","0.0","","10","","8","","","","94.36","","","","-13","","NA"
"-114.78","55.29","SLAVE LAKE RCS","3065997","2019-12-16 23:00","2019","12","16","23:00","-8.7","","-10.4","","88","","0.0","","10","","10","","","","94.36","","","","-14","","NA"
"-114.78","55.29","SLAVE LAKE RCS","3065997","2019-12-17 00:00","2019","12","17","00:00","-9.4","","-11.0","","88","","0.0","","11","","9","","","","94.37","","","","-14","","NA"
"-114.78","55.29","SLAVE LAKE RCS","3065997","2019-12-17 01:00","2019","12","17","01:00","-11.1","","-12.1","","93","","0.0","","14","","5","","","","94.37","","","","-14","","NA"
"-114.78","55.29","SLAVE LAKE RCS","3065997","2019-12-17 02:00","2019","12","17","02:00","-12.7","","-14.1","","89","","0.0","","13","","6","","","","94.35","","","","-17","","NA"
"-114.78","55.29","SLAVE LAKE RCS","3065997","2019-12-17 03:00","2019","12","17","03:00","-13.2","","-14.7","","89","","0.0","","17","","5","","","","94.34","","","","-17","","NA"
"-114.78","55.29","SLAVE LAKE RCS","3065997","2019-12-17 04:00","2019","12","17","04:00","-14.4","","-16.1","","86","","0.0","","17","","5","","","","94.33","","","","-18","","NA"
"-114.78","55.29","SLAVE LAKE RCS","3065997","2019-12-17 05:00","2019","12","17","05:00","-12.9","","-14.5","","88","","0.8","","14","","5","","","","94.28","","","","-16","","NA"
"-114.78","55.29","SLAVE LAKE RCS","3065997","2019-12-17 06:00","2019","12","17","06:00","-10.9","","-12.2","","90","","1.4","","13","","9","","","","94.20","","","","-16","","NA"
"-114.78","55.29","SLAVE LAKE RCS","3065997","2019-12-17 07:00","2019","12","17","07:00","-10.5","","-11.8","","90","","0.0","","13","","9","","","","94.14","","","","-15","","NA"
"-114.78","55.29","SLAVE LAKE RCS","3065997","2019-12-17 08:00","2019","12","17","08:00","-9.7","","-11.0","","90","","0.0","","13","","9","","","","94.05","","","","-15","","NA"
"-114.78","55.29","SLAVE LAKE RCS","3065997","2019-12-17 09:00","2019","12","17","09:00","-9.2","","-10.5","","91","","0.0","","15","","8","","","","93.97","","","","-14","","NA"
"-114.78","55.29","SLAVE LAKE RCS","3065997","2019-12-17 10:00","2019","12","17","10:00","-9.3","","-10.6","","90","","0.0","","11","","11","","","","93.88","","","","-15","","NA"
"-114.78","55.29","SLAVE LAKE RCS","3065997","2019-12-17 11:00","2019","12","17","11:00","-8.6","","-9.9","","90","","0.0","","11","","11","","","","93.74","","","","-14","","NA"
"-114.78","55.29","SLAVE LAKE RCS","3065997","2019-12-17 12:00","2019","12","17","12:00","-7.8","","-9.1","","91","","0.0","","11","","11","","","","93.60","","","","-13","","NA"
"-114.78","55.29","SLAVE LAKE RCS","3065997","2019-12-17 13:00","2019","12","17","13:00","-7.0","","-8.3","","90","","0.0","","11","","13","","","","93.49","","","","-13","","NA"
"-114.78","55.29","SLAVE LAKE RCS","3065997","2019-12-17 14:00","2019","12","17","14:00","-6.1","","-7.6","","89","","0.0","","11","","11","","","","93.38","","","","-11","","NA"
"-114.78","55.29","SLAVE LAKE RCS","3065997","2019-12-17 15:00","2019","12","17","15:00","-5.5","","-7.2","","88","","0.0","","11","","11","","","","93.27","","","","-10","","NA"
"-114.78","55.29","SLAVE LAKE RCS","3065997","2019-12-17 16:00","2019","12","17","16:00","-5.2","","-6.8","","89","","0.0","","13","","13","","","","93.11","","","","-10","","NA"
"-114.78","55.29","SLAVE LAKE RCS","3065997","2019-12-17 17:00","2019","12","17","17:00","-4.7","","-6.1","","90","","0.0","","11","","11","","","","93.00","","","","-9","","NA"
"-114.78","55.29","SLAVE LAKE RCS","3065997","2019-12-17 18:00","2019","12","17","18:00","-4.7","","-6.3","","89","","0.0","","12","","11","","","","92.97","","","","-9","","NA"
"-114.78","55.29","SLAVE LAKE RCS","3065997","2019-12-17 19:00","2019","12","17","19:00","-5.9","","-7.2","","90","","0.0","","12","","14","","","","92.90","","","","-11","","NA"
"-114.78","55.29","SLAVE LAKE RCS","3065997","2019-12-17 20:00","2019","12","17","20:00","-6.8","","-8.2","","89","","0.0","","11","","6","","","","92.87","","","","-10","","NA"
"-114.78","55.29","SLAVE LAKE RCS","3065997","2019-12-17 21:00","2019","12","17","21:00","4.7","","-2.3","","60","","0.0","","27","","29","","","","92.90","","","","","","NA"
"-114.78","55.29","SLAVE LAKE RCS","3065997","2019-12-17 22:00","2019","12","17","22:00","4.2","","-3.5","","57","","0.0","","27","","40","","","","92.94","","","","","","NA"
"-114.78","55.29","SLAVE LAKE RCS","3065997","2019-12-17 23:00","2019","12","17","23:00","3.9","","-3.7","","58","","0.0","","28","","40","","","","93.00","","","","","","NA"
"-114.78","55.29","SLAVE LAKE RCS","3065997","2019-12-18 00:00","2019","12","18","00:00","4.2","","-3.4","","58","","0.0","","28","","52","","","","93.07","","","","","","NA"
"-114.78","55.29","SLAVE LAKE RCS","3065997","2019-12-18 01:00","2019","12","18","01:00","4.2","","-3.3","","58","","0.0","","29","","50","","","","93.22","","","","","","NA"
"-114.78","55.29","SLAVE LAKE RCS","3065997","2019-12-18 02:00","2019","12","18","02:00","0.1","","-2.2","","85","","0.0","","30","","21","","","","93.45","","","","","","NA"
"-114.78","55.29","SLAVE LAKE RCS","3065997","2019-12-18 03:00","2019","12","18","03:00","-2.2","","-5.9","","76","","0.0","","33","","17","","","","93.62","","","","-8","","NA"
"-114.78","55.29","SLAVE LAKE RCS","3065997","2019-12-18 04:00","2019","12","18","04:00","-8.2","","-11.6","","76","","0.0","","33","","22","","","","93.83","","","","-16","","NA"
"-114.78","55.29","SLAVE LAKE RCS","3065997","2019-12-18 05:00","2019","12","18","05:00","-11.6","","-15.0","","75","","0.0","","34","","14","","","","94.04","","","","-18","","NA"
"-114.78","55.29","SLAVE LAKE RCS","3065997","2019-12-18 06:00","2019","12","18","06:00","-13.7","","-17.2","","75","","0.0","","32","","10","","","","94.14","","","","-20","","NA"
"-114.78","55.29","SLAVE LAKE RCS","3065997","2019-12-18 07:00","2019","12","18","07:00","-15.2","","-18.1","","78","","0.0","","32","","6","","","","94.15","","","","-19","","NA"
"-114.78","55.29","SLAVE LAKE RCS","3065997","2019-12-18 08:00","2019","12","18","08:00","-15.6","","-18.0","","82","","0.0","","28","","8","","","","94.16","","","","-21","","NA"
"-114.78","55.29","SLAVE LAKE RCS","3065997","2019-12-18 09:00","2019","12","18","09:00","-15.9","","-18.4","","81","","0.0","","8","","2","","","","94.14","","","","-17","","NA"
"-114.78","55.29","SLAVE LAKE RCS","3065997","2019-12-18 10:00","2019","12","18","10:00","-15.4","","-17.7","","83","","0.0","","11","","9","","","","94.20","","","","-21","","NA"
"-114.78","55.29","SLAVE LAKE RCS","3065997","2019-12-18 11:00","2019","12","18","11:00","-14.1","","-16.8","","80","","0.2","","12","","18","","","","94.19","","","","-23","","NA"
"-114.78","55.29","SLAVE LAKE RCS","3065997","2019-12-18 12:00","2019","12","18","12:00","-13.2","","-16.7","","75","","0.0","","10","","18","","","","94.16","","","","-21","","NA"
"-114.78","55.29","SLAVE LAKE RCS","3065997","2019-12-18 13:00","2019","12","18","13:00","-12.5","","-16.4","","73","","0.0","","10","","21","","","","94.10","","","","-21","","NA"
"-114.78","55.29","SLAVE LAKE RCS","3065997","2019-12-18 14:00","2019","12","18","14:00","-11.8","","-15.8","","72","","0.0","","10","","21","","","","94.11","","","","-20","","NA"
"-114.78","55.29","SLAVE LAKE RCS","3065997","2019-12-18 15:00","2019","12","18","15:00","-11.6","","-15.4","","73","","0.0","","10","","19","","","","94.08","","","","-20","","NA"
"-114.78","55.29","SLAVE LAKE RCS","3065997","2019-12-18 16:00","2019","12","18","16:00","-11.6","","-14.7","","78","","0.0","","10","","20","","","","94.07","","","","-20","","NA"
"-114.78","55.29","SLAVE LAKE RCS","3065997","2019-12-18 17:00","2019","12","18","17:00","-11.8","","-14.7","","79","","0.0","","10","","20","","","","94.03","","","","-20","","NA"
"-114.78","55.29","SLAVE LAKE RCS","3065997","2019-12-18 18:00","2019","12","18","18:00","-11.8","","-14.7","","79","","0.0","","10","","19","","","","93.98","","","","-20","","NA"
"-114.78","55.29","SLAVE LAKE RCS","3065997","2019-12-18 19:00","2019","12","18","19:00","-11.9","","-14.9","","78","","0.0","","11","","23","","","","93.91","","","","-21","","NA"
"-114.78","55.29","SLAVE LAKE RCS","3065997","2019-12-18 20:00","2019","12","18","20:00","-11.9","","-15.0","","78","","0.0","","11","","22","","","","93.89","","","","-21","","NA"
"-114.78","55.29","SLAVE LAKE RCS","3065997","2019-12-18 21:00","2019","12","18","21:00","-12.0","","-15.0","","78","","0.0","","10","","22","","","","93.85","","","","-21","","NA"
"-114.78","55.29","SLAVE LAKE RCS","3065997","2019-12-18 22:00","2019","12","18","22:00","-12.1","","-14.9","","79","","0.0","","10","","20","","","","93.82","","","","-21","","NA"
"-114.78","55.29","SLAVE LAKE RCS","3065997","2019-12-18 23:00","2019","12","18","23:00","-11.9","","-15.0","","78","","0.0","","10","","20","","","","93.77","","","","-20","","NA"
"-114.78","55.29","SLAVE LAKE RCS","3065997","2019-12-19 00:00","2019","12","19","00:00","-11.6","","-14.7","","77","","0.0","","11","","23","","","","93.74","","","","-20","","NA"
"-114.78","55.29","SLAVE LAKE RCS","3065997","2019-12-19 01:00","2019","12","19","01:00","-11.3","","-14.5","","77","","0.0","","11","","26","","","","93.70","","","","-21","","NA"
"-114.78","55.29","SLAVE LAKE RCS","3065997","2019-12-19 02:00","2019","12","19","02:00","-11.4","","-14.4","","79","","0.0","","10","","20","","","","93.67","","","","-20","","NA"
"-114.78","55.29","SLAVE LAKE RCS","3065997","2019-12-19 03:00","2019","12","19","03:00","-11.6","","-14.3","","80","","0.0","","10","","23","","","","93.66","","","","-20","","NA"
"-114.78","55.29","SLAVE LAKE RCS","3065997","2019-12-19 04:00","2019","12","19","04:00","-11.4","","-14.2","","80","","0.0","","10","","24","","","","93.62","","","","-20","","NA"
"-114.78","55.29","SLAVE LAKE RCS","3065997","2019-12-19 05:00","2019","12","19","05:00","-11.2","","-13.9","","80","","0.0","","11","","30","","","","93.53","","","","-21","","NA"
"-114.78","55.29","SLAVE LAKE RCS","3065997","2019-12-19 06:00","2019","12","19","06:00","-10.7","","-13.5","","80","","0.0","","11","","25","","","","93.51","","","","-20","","NA"
"-114.78","55.29","SLAVE LAKE RCS","3065997","2019-12-19 07:00","2019","12","19","07:00","-10.6","","-13.5","","80","","0.0","","11","","26","","","","93.46","","","","-20","","NA"
"-114.78","55.29","SLAVE LAKE RCS","3065997","2019-12-19 08:00","2019","12","19","08:00","-10.5","","-13.2","","81","","0.0","","10","","23","","","","93.46","","","","-19","","NA"
"-114.78","55.29","SLAVE LAKE RCS","3065997","2019-12-19 09:00","2019","12","19","09:00","-10.1","","-12.7","","81","","0.0","","10","","24","","","","93.43","","","","-19","","NA"
"-114.78","55.29","SLAVE LAKE RCS","3065997","2019-12-19 10:00","2019","12","19","10:00","-9.6","","-12.0","","82","","0.0","","11","","23","","","","93.45","","","","-18","","NA"
"-114.78","55.29","SLAVE LAKE RCS","3065997","2019-12-19 11:00","2019","12","19","11:00","-9.3","","-11.8","","82","","0.0","","11","","20","","","","93.45","","","","-17","","NA"
"-114.78","55.29","SLAVE LAKE RCS","3065997","2019-12-19 12:00","2019","12","19","12:00","-9.0","","-11.8","","80","","0.0","","10","","20","","","","93.41","","","","-17","","NA"
"-114.78","55.29","SLAVE LAKE RCS","3065997","2019-12-19 13:00","2019","12","19","13:00","-8.4","","-11.4","","78","","0.0","","10","","16","","","","93.43","","","","-15","","NA"
"-114.78","55.29","SLAVE LAKE RCS","3065997","2019-12-19 14:00","2019","12","19","14:00","-7.5","","-10.5","","79","","0.0","","11","","15","","","","93.44","","","","-14","","NA"
"-114.78","55.29","SLAVE LAKE RCS","3065997","2019-12-19 15:00","2019","12","19","15:00","-7.4","","-9.6","","84","","0.0","","10","","11","","","","93.45","","","","-12","","NA"
"-114.78","55.29","SLAVE LAKE RCS","3065997","2019-12-19 16:00","2019","12","19","16:00","-7.6","","-9.5","","86","","0.0","","9","","12","","","","93.48","","","","-13","","NA"
"-114.78","55.29","SLAVE LAKE RCS","3065997","2019-12-19 17:00","2019","12","19","17:00","-7.8","","-9.4","","88","","0.2","","10","","12","","","","93.50","","","","-13","","NA"
"-114.78","55.29","SLAVE LAKE RCS","3065997","2019-12-19 18:00","2019","12","19","18:00","-8.6","","-10.2","","89","","0.0","","9","","12","","","","93.48","","","","-14","","NA"
"-114.78","55.29","SLAVE LAKE RCS","3065997","2019-12-19 19:00","2019","12","19","19:00","-9.2","","-10.6","","90","","0.0","","9","","10","","","","93.45","","","","-14","","NA"
"-114.78","55.29","SLAVE LAKE RCS","3065997","2019-12-19 20:00","2019","12","19","20:00","-9.7","","-11.0","","90","","0.0","","10","","10","","","","93.50","","","","-15","","NA"
"-114.78","55.29","SLAVE LAKE RCS","3065997","2019-12-19 21:00","2019","12","19","21:00","-11.3","","-12.9","","88","","0.0","","12","","10","","","","93.52","","","","-17","","NA"
"-114.78","55.29","SLAVE LAKE RCS","3065997","2019-12-19 22:00","2019","12","19","22:00","-11.9","","-13.1","","91","","0.0","","13","","10","","","","93.51","","","","-18","","NA"
"-114.78","55.29","SLAVE LAKE RCS","3065997","2019-12-19 23:00","2019","12","19","23:00","-13.2","","-14.8","","88","","0.0","","14","","7","","","","93.52","","","","-18","","NA"
"-114.78","55.29","SLAVE LAKE RCS","3065997","2019-12-20 00:00","2019","12","20","00:00","-13.4","","-14.9","","89","","0.0","","14","","7","","","","93.51","","","","-18","","NA"
"-114.78","55.29","SLAVE LAKE RCS","3065997","2019-12-20 01:00","2019","12","20","01:00","-14.2","","-15.8","","88","","0.0","","14","","8","","","","93.48","","","","-19","","NA"
"-114.78","55.29","SLAVE LAKE RCS","3065997","2019-12-20 02:00","2019","12","20","02:00","-13.4","","-14.8","","89","","0.0","","14","","10","","","","93.43","","","","-19","","NA"
"-114.78","55.29","SLAVE LAKE RCS","3065997","2019-12-20 03:00","2019","12","20","03:00","-13.5","","-15.2","","87","","0.8","","14","","12","","","","93.43","","","","-20","","NA"
"-114.78","55.29","SLAVE LAKE RCS","3065997","2019-12-20 04:00","2019","12","20","04:00","-12.8","","-14.6","","87","","0.2","","12","","12","","","","93.39","","","","-19","","NA"
"-114.78","55.29","SLAVE LAKE RCS","3065997","2019-12-20 05:00","2019","12","20","05:00","-12.4","","-14.0","","88","","0.0","","11","","15","","","","93.37","","","","-20","","NA"
"-114.78","55.29","SLAVE LAKE RCS","3065997","2019-12-20 06:00","2019","12","20","06:00","-12.0","","-13.6","","88","","0.0","","12","","20","","","","93.31","","","","-20","","NA"
"-114.78","55.29","SLAVE LAKE RCS","3065997","2019-12-20 07:00","2019","12","20","07:00","-11.9","","-13.5","","87","","0.0","","14","","15","","","","93.28","","","","-19","","NA"
"-114.78","55.29","SLAVE LAKE RCS","3065997","2019-12-20 08:00","2019","12","20","08:00","-11.4","","-13.1","","88","","0.0","","10","","9","","","","93.29","","","","-17","","NA"
"-114.78","55.29","SLAVE LAKE RCS","3065997","2019-12-20 09:00","2019","12","20","09:00","-11.2","","-12.9","","87","","0.0","","11","","19","","","","93.30","","","","-19","","NA"
"-114.78","55.29","SLAVE LAKE RCS","3065997","2019-12-20 10:00","2019","12","20","10:00","-10.0","","-11.9","","86","","0.0","","12","","17","","","","93.36","","","","-17","","NA"
"-114.78","55.29","SLAVE LAKE RCS","3065997","2019-12-20 11:00","2019","12","20","11:00","-9.7","","-11.3","","88","","0.3","","10","","10","","","","93.42","","","","-15","","NA"
"-114.78","55.29","SLAVE LAKE RCS","3065997","2019-12-20 12:00","2019","12","20","12:00","-9.1","","-10.9","","87","","0.2","","11","","9","","","","93.39","","","","-14","","NA"
"-114.78","55.29","SLAVE LAKE RCS","3065997","2019-12-20 13:00","2019","12","20","13:00","-8.8","","-10.7","","86","","0.2","","12","","7","","","","93.46","","","","-13","","NA"
"-114.78","55.29","SLAVE LAKE RCS","3065997","2019-12-20 14:00","2019","12","20","14:00","-8.7","","-10.7","","85","","0.2","","12","","3","","","","93.43","","","","-10","","NA"
"-114.78","55.29","SLAVE LAKE RCS","3065997","2019-12-20 15:00","2019","12","20","15:00","-8.4","","-10.2","","86","","0.0","","6","","4","","","","93.51","","","","-11","","NA"
"-114.78","55.29","SLAVE LAKE RCS","3065997","2019-12-20 16:00","2019","12","20","16:00","-8.4","","-10.0","","88","","0.0","","0","","1","","","","93.61","","","","-9","","NA"
"-114.78","55.29","SLAVE LAKE RCS","3065997","2019-12-20 17:00","2019","12","20","17:00","-9.3","","-10.6","","90","","0.0","","32","","5","","","","93.69","","","","-12","","NA"
"-114.78","55.29","SLAVE LAKE RCS","3065997","2019-12-20 18:00","2019","12","20","18:00","-11.3","","-12.6","","90","","0.0","","28","","8","","","","93.76","","","","-16","","NA"
"-114.78","55.29","SLAVE LAKE RCS","3065997","2019-12-20 19:00","2019","12","20","19:00","-10.8","","-11.9","","91","","0.0","","33","","4","","","","93.74","","","","-13","","NA"
"-114.78","55.29","SLAVE LAKE RCS","3065997","2019-12-20 20:00","2019","12","20","20:00","-12.2","","-13.7","","88","","0.0","","13","","4","","","","93.79","","","","-15","","NA"
"-114.78","55.29","SLAVE LAKE RCS","3065997","2019-12-20 21:00","2019","12","20","21:00","-14.3","","-16.1","","86","","0.0","","0","","1","","","","93.87","","","","-15","","NA"
"-114.78","55.29","SLAVE LAKE RCS","3065997","2019-12-20 22:00","2019","12","20","22:00","-12.9","","-14.4","","88","","0.0","","5","","3","","","","93.90","","","","-15","","NA"
"-114.78","55.29","SLAVE LAKE RCS","3065997","2019-12-20 23:00","2019","12","20","23:00","-11.6","","-13.2","","88","","0.2","","14","","4","","","","93.88","","","","-14","","NA"
"-114.78","55.29","SLAVE LAKE RCS","3065997","2019-12-21 00:00","2019","12","21","00:00","-11.0","","-12.5","","89","","0.5","","10","","6","","","","93.90","","","","-15","","NA"
"-114.78","55.29","SLAVE LAKE RCS","3065997","2019-12-21 01:00","2019","12","21","01:00","-11.4","","-12.9","","88","","0.0","","10","","7","","","","93.92","","","","-16","","NA"
"-114.78","55.29","SLAVE LAKE RCS","3065997","2019-12-21 02:00","2019","12","21","02:00","-12.8","","-14.5","","87","","0.0","","13","","11","","","","93.93","","","","-19","","NA"
"-114.78","55.29","SLAVE LAKE RCS","3065997","2019-12-21 03:00","2019","12","21","03:00","-12.9","","-14.5","","88","","0.0","","11","","11","","","","93.94","","","","-19","","NA"
"-114.78","55.29","SLAVE LAKE RCS","3065997","2019-12-21 04:00","2019","12","21","04:00","-12.6","","-14.1","","89","","0.0","","14","","10","","","","93.90","","","","-18","","NA"
"-114.78","55.29","SLAVE LAKE RCS","3065997","2019-12-21 05:00","2019","12","21","05:00","-12.6","","-14.1","","88","","0.0","","13","","7","","","","93.85","","","","-17","","NA"
"-114.78","55.29","SLAVE LAKE RCS","3065997","2019-12-21 06:00","2019","12","21","06:00","-11.7","","-13.0","","90","","0.0","","12","","9","","","","93.84","","","","-17","","NA"
"-114.78","55.29","SLAVE LAKE RCS","3065997","2019-12-21 07:00","2019","12","21","07:00","-11.0","","-12.4","","89","","0.0","","12","","13","","","","93.77","","","","-17","","NA"
"-114.78","55.29","SLAVE LAKE RCS","3065997","2019-12-21 08:00","2019","12","21","08:00","-10.7","","-12.1","","90","","0.0","","12","","13","","","","93.75","","","","-17","","NA"
"-114.78","55.29","SLAVE LAKE RCS","3065997","2019-12-21 09:00","2019","12","21","09:00","-10.3","","-11.7","","90","","0.0","","10","","13","","","","93.74","","","","-17","","NA"
"-114.78","55.29","SLAVE LAKE RCS","3065997","2019-12-21 10:00","2019","12","21","10:00","-10.0","","-11.4","","90","","0.0","","10","","12","","","","93.73","","","","-16","","NA"
"-114.78","55.29","SLAVE LAKE RCS","3065997","2019-12-21 11:00","2019","12","21","11:00","-9.8","","-11.1","","90","","0.0","","11","","10","","","","93.70","","","","-15","","NA"
"-114.78","55.29","SLAVE LAKE RCS","3065997","2019-12-21 12:00","2019","12","21","12:00","-9.1","","-10.5","","90","","0.0","","11","","13","","","","93.61","","","","-15","","NA"
"-114.78","55.29","SLAVE LAKE RCS","3065997","2019-12-21 13:00","2019","12","21","13:00","-8.8","","-10.2","","90","","0.0","","10","","15","","","","93.55","","","","-15","","NA"
"-114.78","55.29","SLAVE LAKE RCS","3065997","2019-12-21 14:00","2019","12","21","14:00","-8.2","","-9.5","","90","","0.0","","10","","11","","","","93.57","","","","-13","","NA"
"-114.78","55.29","SLAVE LAKE RCS","3065997","2019-12-21 15:00","2019","12","21","15:00","-7.7","","-8.9","","91","","0.4","","11","","13","","","","93.54","","","","-13","","NA"
"-114.78","55.29","SLAVE LAKE RCS","3065997","2019-12-21 16:00","2019","12","21","16:00","-7.5","","-8.7","","91","","0.7","","13","","11","","","","93.54","","","","-13","","NA"
"-114.78","55.29","SLAVE LAKE RCS","3065997","2019-12-21 17:00","2019","12","21","17:00","-7.2","","-8.4","","91","","0.9","","13","","9","","","","93.55","","","","-12","","NA"
"-114.78","55.29","SLAVE LAKE RCS","3065997","2019-12-21 18:00","2019","12","21","18:00","-6.9","","-8.0","","92","","0.8","","13","","9","","","","93.52","","","","-11","","NA"
"-114.78","55.29","SLAVE LAKE RCS","3065997","2019-12-21 19:00","2019","12","21","19:00","-6.7","","-7.7","","92","","0.9","","13","","9","","","","93.53","","","","-11","","NA"
"-114.78","55.29","SLAVE LAKE RCS","3065997","2019-12-21 20:00","2019","12","21","20:00","-6.3","","-7.3","","93","","0.8","","12","","8","","","","93.51","","","","-10","","NA"
"-114.78","55.29","SLAVE LAKE RCS","3065997","2019-12-21 21:00","2019","12","21","21:00","-6.1","","-7.0","","93","","0.5","","10","","3","","","","93.53","","","","-8","","NA"
"-114.78","55.29","SLAVE LAKE RCS","3065997","2019-12-21 22:00","2019","12","21","22:00","-6.0","","-7.0","","92","","0.0","","15","","2","","","","93.57","","","","-7","","NA"
"-114.78","55.29","SLAVE LAKE RCS","3065997","2019-12-21 23:00","2019","12","21","23:00","-5.8","","-6.8","","92","","0.2","","13","","7","","","","93.63","","","","-9","","NA"
"-114.78","55.29","SLAVE LAKE RCS","3065997","2019-12-22 00:00","2019","12","22","00:00","-5.7","","-6.7","","93","","0.0","","11","","3","","","","93.64","","","","-7","","NA"
"-114.78","55.29","SLAVE LAKE RCS","3065997","2019-12-22 01:00","2019","12","22","01:00","-8.7","","-9.9","","91","","0.0","","16","","2","","","","93.65","","","","-10","","NA"
"-114.78","55.29","SLAVE LAKE RCS","3065997","2019-12-22 02:00","2019","12","22","02:00","-10.7","","-12.0","","90","","0.0","","22","","1","","","","93.72","","","","-11","","NA"
"-114.78","55.29","SLAVE LAKE RCS","3065997","2019-12-22 03:00","2019","12","22","03:00","-10.9","","-12.3","","89","","0.0","","21","","2","","","","93.79","","","","-12","","NA"
"-114.78","55.29","SLAVE LAKE RCS","3065997","2019-12-22 04:00","2019","12","22","04:00","-11.0","","-12.3","","90","","0.0","","16","","1","","","","93.82","","","","-12","","NA"
"-114.78","55.29","SLAVE LAKE RCS","3065997","2019-12-22 05:00","2019","12","22","05:00","-10.9","","-12.2","","90","","0.0","","16","","2","","","","93.88","","","","-12","","NA"
"-114.78","55.29","SLAVE LAKE RCS","3065997","2019-12-22 06:00","2019","12","22","06:00","-12.3","","-13.9","","88","","0.0","","","","0","","","","93.95","","","","","","NA"
"-114.78","55.29","SLAVE LAKE RCS","3065997","2019-12-22 07:00","2019","12","22","07:00","-13.6","","-15.2","","88","","0.0","","","","0","","","","94.02","","","","","","NA"
"-114.78","55.29","SLAVE LAKE RCS","3065997","2019-12-22 08:00","2019","12","22","08:00","-13.8","","-15.4","","87","","0.0","","","","0","","","","94.06","","","","","","NA"
"-114.78","55.29","SLAVE LAKE RCS","3065997","2019-12-22 09:00","2019","12","22","09:00","-15.1","","-16.9","","86","","0.0","","22","","1","","","","94.13","","","","-16","","NA"
"-114.78","55.29","SLAVE LAKE RCS","3065997","2019-12-22 10:00","2019","12","22","10:00","-14.9","","-16.8","","86","","0.0","","13","","3","","","","94.21","","","","-17","","NA"
"-114.78","55.29","SLAVE LAKE RCS","3065997","2019-12-22 11:00","2019","12","22","11:00","-14.2","","-16.1","","85","","0.3","","","","0","","","","94.25","","","","","","NA"
"-114.78","55.29","SLAVE LAKE RCS","3065997","2019-12-22 12:00","2019","12","22","12:00","-15.5","","-17.7","","83","","0.3","","","","0","","","","94.25","","","","","","NA"
"-114.78","55.29","SLAVE LAKE RCS","3065997","2019-12-22 13:00","2019","12","22","13:00","-10.2","","-11.8","","88","","0.3","","","","0","","","","94.24","","","","","","NA"
"-114.78","55.29","SLAVE LAKE RCS","3065997","2019-12-22 14:00","2019","12","22","14:00","-11.4","","-13.3","","85","","0.0","","3","","1","","","","94.23","","","","-12","","NA"
"-114.78","55.29","SLAVE LAKE RCS","3065997","2019-12-22 15:00","2019","12","22","15:00","-14.9","","-16.9","","85","","0.0","","6","","3","","","","94.23","","","","-17","","NA"
"-114.78","55.29","SLAVE LAKE RCS","3065997","2019-12-22 16:00","2019","12","22","16:00","-14.5","","-16.3","","86","","0.0","","13","","2","","","","94.25","","","","-16","","NA"
"-114.78","55.29","SLAVE LAKE RCS","3065997","2019-12-22 17:00","2019","12","22","17:00","-14.1","","-15.8","","86","","0.0","","12","","4","","","","94.27","","","","-17","","NA"
"-114.78","55.29","SLAVE LAKE RCS","3065997","2019-12-22 18:00","2019","12","22","18:00","-12.8","","-14.4","","88","","0.0","","12","","6","","","","94.26","","","","-17","","NA"
"-114.78","55.29","SLAVE LAKE RCS","3065997","2019-12-22 19:00","2019","12","22","19:00","-14.1","","-15.9","","86","","0.0","","16","","5","","","","94.27","","","","-18","","NA"
"-114.78","55.29","SLAVE LAKE RCS","3065997","2019-12-22 20:00","2019","12","22","20:00","-14.0","","-15.7","","87","","0.0","","16","","6","","","","94.24","","","","-18","","NA"
"-114.78","55.29","SLAVE LAKE RCS","3065997","2019-12-22 21:00","2019","12","22","21:00","-13.3","","-15.1","","87","","0.4","","14","","10","","","","94.21","","","","-19","","NA"
"-114.78","55.29","SLAVE LAKE RCS","3065997","2019-12-22 22:00","2019","12","22","22:00","-12.5","","-14.0","","88","","0.4","","14","","9","","","","94.19","","","","-18","","NA"
"-114.78","55.29","SLAVE LAKE RCS","3065997","2019-12-22 23:00","2019","12","22","23:00","-12.7","","-14.3","","88","","0.3","","17","","7","","","","94.18","","","","-17","","NA"
"-114.78","55.29","SLAVE LAKE RCS","3065997","2019-12-23 00:00","2019","12","23","00:00","-12.4","","-14.0","","88","","0.0","","15","","6","","","","94.17","","","","-16","","NA"
"-114.78","55.29","SLAVE LAKE RCS","3065997","2019-12-23 01:00","2019","12","23","01:00","-12.8","","-14.4","","88","","0.0","","15","","5","","","","94.14","","","","-16","","NA"
"-114.78","55.29","SLAVE LAKE RCS","3065997","2019-12-23 02:00","2019","12","23","02:00","-13.1","","-14.7","","87","","0.0","","14","","7","","","","94.14","","","","-18","","NA"
"-114.78","55.29","SLAVE LAKE RCS","3065997","2019-12-23 03:00","2019","12","23","03:00","-14.7","","-16.5","","86","","0.0","","14","","6","","","","94.15","","","","-19","","NA"
"-114.78","55.29","SLAVE LAKE RCS","3065997","2019-12-23 04:00","2019","12","23","04:00","-14.0","","-15.7","","87","","0.0","","14","","8","","","","94.13","","","","-19","","NA"
"-114.78","55.29","SLAVE LAKE RCS","3065997","2019-12-23 05:00","2019","12","23","05:00","-15.4","","-17.4","","85","","0.0","","14","","3","","","","94.12","","","","-18","","NA"
"-114.78","55.29","SLAVE LAKE RCS","3065997","2019-12-23 06:00","2019","12","23","06:00","-16.8","","-18.8","","84","","0.0","","15","","4","","","","94.09","","","","-20","","NA"
"-114.78","55.29","SLAVE LAKE RCS","3065997","2019-12-23 07:00","2019","12","23","07:00","-16.3","","-18.2","","85","","0.0","","15","","3","","","","94.09","","","","-19","","NA"
"-114.78","55.29","SLAVE LAKE RCS","3065997","2019-12-23 08:00","2019","12","23","08:00","-15.6","","-17.5","","85","","0.0","","14","","4","","","","94.09","","","","-19","","NA"
"-114.78","55.29","SLAVE LAKE RCS","3065997","2019-12-23 09:00","2019","12","23","09:00","-16.7","","-18.7","","84","","0.0","","13","","2","","","","94.12","","","","-18","","NA"
"-114.78","55.29","SLAVE LAKE RCS","3065997","2019-12-23 10:00","2019","12","23","10:00","-16.0","","-18.0","","85","","0.2","","13","","8","","","","94.14","","","","-22","","NA"
"-114.78","55.29","SLAVE LAKE RCS","3065997","2019-12-23 11:00","2019","12","23","11:00","-15.6","","-17.6","","84","","0.3","","14","","4","","","","94.14","","","","-19","","NA"
"-114.78","55.29","SLAVE LAKE RCS","3065997","2019-12-23 12:00","2019","12","23","12:00","-14.5","","-16.5","","85","","0.6","","14","","4","","","","94.10","","","","-17","","NA"
"-114.78","55.29","SLAVE LAKE RCS","3065997","2019-12-23 13:00","2019","12","23","13:00","-13.3","","-15.3","","85","","0.0","","13","","4","","","","94.08","","","","-16","","NA"
"-114.78","55.29","SLAVE LAKE RCS","3065997","2019-12-23 14:00","2019","12","23","14:00","-12.4","","-14.3","","85","","0.2","","14","","5","","","","94.02","","","","-16","","NA"
"-114.78","55.29","SLAVE LAKE RCS","3065997","2019-12-23 15:00","2019","12","23","15:00","-12.1","","-13.9","","86","","0.0","","13","","11","","","","93.99","","","","-18","","NA"
"-114.78","55.29","SLAVE LAKE RCS","3065997","2019-12-23 16:00","2019","12","23","16:00","-13.2","","-14.9","","87","","0.0","","13","","10","","","","94.01","","","","-19","","NA"
"-114.78","55.29","SLAVE LAKE RCS","3065997","2019-12-23 17:00","2019","12","23","17:00","-13.8","","-15.6","","87","","0.0","","14","","4","","","","94.04","","","","-17","","NA"
"-114.78","55.29","SLAVE LAKE RCS","3065997","2019-12-23 18:00","2019","12","23","18:00","-14.7","","-16.5","","86","","0.0","","14","","6","","","","94.00","","","","-19","","NA"
"-114.78","55.29","SLAVE LAKE RCS","3065997","2019-12-23 19:00","2019","12","23","19:00","-15.0","","-16.9","","86","","0.0","","16","","5","","","","93.98","","","","-19","","NA"
"-114.78","55.29","SLAVE LAKE RCS","3065997","2019-12-23 20:00","2019","12","23","20:00","-15.7","","-17.7","","85","","0.0","","15","","7","","","","93.96","","","","-21","","NA"
"-114.78","55.29","SLAVE LAKE RCS","3065997","2019-12-23 21:00","2019","12","23","21:00","-16.0","","-18.0","","85","","0.0","","14","","8","","","","93.92","","","","-22","","NA"
"-114.78","55.29","SLAVE LAKE RCS","3065997","2019-12-23 22:00","2019","12","23","22:00","-15.3","","-17.1","","86","","0.0","","14","","6","","","","93.95","","","","-20","","NA"
"-114.78","55.29","SLAVE LAKE RCS","3065997","2019-12-23 23:00","2019","12","23","23:00","-16.2","","-18.2","","85","","0.0","","15","","7","","","","93.96","","","","-21","","NA"
"-114.78","55.29","SLAVE LAKE RCS","3065997","2019-12-24 00:00","2019","12","24","00:00","-16.7","","-18.7","","84","","0.0","","14","","6","","","","93.92","","","","-21","","NA"
"-114.78","55.29","SLAVE LAKE RCS","3065997","2019-12-24 01:00","2019","12","24","01:00","-17.1","","-19.2","","84","","0.0","","15","","5","","","","93.91","","","","-21","","NA"
"-114.78","55.29","SLAVE LAKE RCS","3065997","2019-12-24 02:00","2019","12","24","02:00","-16.8","","-18.9","","84","","0.0","","15","","5","","","","93.91","","","","-21","","NA"
"-114.78","55.29","SLAVE LAKE RCS","3065997","2019-12-24 03:00","2019","12","24","03:00","-17.0","","-19.0","","84","","0.0","","14","","7","","","","93.93","","","","-22","","NA"
"-114.78","55.29","SLAVE LAKE RCS","3065997","2019-12-24 04:00","2019","12","24","04:00","-17.2","","-19.2","","85","","0.2","","14","","8","","","","93.93","","","","-23","","NA"
"-114.78","55.29","SLAVE LAKE RCS","3065997","2019-12-24 05:00","2019","12","24","05:00","-17.2","","-19.3","","84","","0.0","","15","","7","","","","93.89","","","","-22","","NA"
"-114.78","55.29","SLAVE LAKE RCS","3065997","2019-12-24 06:00","2019","12","24","06:00","-17.5","","-19.5","","84","","0.0","","13","","9","","","","93.85","","","","-24","","NA"
"-114.78","55.29","SLAVE LAKE RCS","3065997","2019-12-24 07:00","2019","12","24","07:00","-16.9","","-19.0","","84","","0.0","","14","","7","","","","93.84","","","","-22","","NA"
"-114.78","55.29","SLAVE LAKE RCS","3065997","2019-12-24 08:00","2019","12","24","08:00","-17.2","","-19.2","","84","","0.2","","12","","5","","","","93.84","","","","-21","","NA"
"-114.78","55.29","SLAVE LAKE RCS","3065997","2019-12-24 09:00","2019","12","24","09:00","-17.9","","-20.0","","83","","0.0","","14","","6","","","","93.85","","","","-23","","NA"
"-114.78","55.29","SLAVE LAKE RCS","3065997","2019-12-24 10:00","2019","12","24","10:00","-17.4","","-19.6","","83","","0.0","","13","","7","","","","93.87","","","","-23","","NA"
"-114.78","55.29","SLAVE LAKE RCS","3065997","2019-12-24 11:00","2019","12","24","11:00","-16.5","","-18.8","","82","","0.2","","14","","8","","","","93.84","","","","-22","","NA"
"-114.78","55.29","SLAVE LAKE RCS","3065997","2019-12-24 12:00","2019","12","24","12:00","-14.4","","-16.7","","83","","0.3","","11","","15","","","","93.80","","","","-22","","NA"
"-114.78","55.29","SLAVE LAKE RCS","3065997","2019-12-24 13:00","2019","12","24","13:00","-13.7","","-15.9","","84","","0.0","","11","","15","","","","93.76","","","","-21","","NA"
"-114.78","55.29","SLAVE LAKE RCS","3065997","2019-12-24 14:00","2019","12","24","14:00","-13.5","","-15.6","","84","","0.0","","10","","14","","","","93.72","","","","-21","","NA"
"-114.78","55.29","SLAVE LAKE RCS","3065997","2019-12-24 15:00","2019","12","24","15:00","-13.4","","-15.5","","85","","0.0","","9","","13","","","","93.70","","","","-20","","NA"
"-114.78","55.29","SLAVE LAKE RCS","3065997","2019-12-24 16:00","2019","12","24","16:00","-13.6","","-15.4","","86","","0.0","","10","","15","","","","93.69","","","","-21","","NA"
"-114.78","55.29","SLAVE LAKE RCS","3065997","2019-12-24 17:00","2019","12","24","17:00","-13.6","","-15.3","","87","","0.0","","9","","17","","","","93.70","","","","-22","","NA"
"-114.78","55.29","SLAVE LAKE RCS","3065997","2019-12-24 18:00","2019","12","24","18:00","-13.3","","-15.0","","87","","0.0","","10","","18","","","","93.73","","","","-22","","NA"
"-114.78","55.29","SLAVE LAKE RCS","3065997","2019-12-24 19:00","2019","12","24","19:00","-12.4","","-14.0","","88","","0.0","","11","","15","","","","93.73","","","","-20","","NA"
"-114.78","55.29","SLAVE LAKE RCS","3065997","2019-12-24 20:00","2019","12","24","20:00","-12.3","","-13.9","","88","","0.0","","12","","17","","","","93.72","","","","-20","","NA"
"-114.78","55.29","SLAVE LAKE RCS","3065997","2019-12-24 21:00","2019","12","24","21:00","-12.4","","-13.9","","88","","0.0","","11","","13","","","","93.70","","","","-19","","NA"
"-114.78","55.29","SLAVE LAKE RCS","3065997","2019-12-24 22:00","2019","12","24","22:00","-11.9","","-13.4","","88","","0.0","","10","","12","","","","93.70","","","","-18","","NA"
"-114.78","55.29","SLAVE LAKE RCS","3065997","2019-12-24 23:00","2019","12","24","23:00","-19.0","","-21.2","","83","","0.0","","15","","4","","","","93.76","","","","-22","","NA"
"-114.78","55.29","SLAVE LAKE RCS","3065997","2019-12-25 00:00","2019","12","25","00:00","-19.5","","-21.7","","82","","0.0","","16","","5","","","","93.75","","","","-24","","NA"
"-114.78","55.29","SLAVE LAKE RCS","3065997","2019-12-25 01:00","2019","12","25","01:00","-20.1","","-22.5","","82","","0.0","","17","","4","","","","93.74","","","","-24","","NA"
"-114.78","55.29","SLAVE LAKE RCS","3065997","2019-12-25 02:00","2019","12","25","02:00","-20.1","","-22.4","","82","","0.0","","16","","4","","","","93.76","","","","-24","","NA"
"-114.78","55.29","SLAVE LAKE RCS","3065997","2019-12-25 03:00","2019","12","25","03:00","-20.3","","-22.6","","82","","0.0","","16","","4","","","","93.82","","","","-24","","NA"
"-114.78","55.29","SLAVE LAKE RCS","3065997","2019-12-25 04:00","2019","12","25","04:00","-20.3","","-22.6","","82","","0.0","","17","","4","","","","93.82","","","","-24","","NA"
"-114.78","55.29","SLAVE LAKE RCS","3065997","2019-12-25 05:00","2019","12","25","05:00","-20.0","","-22.3","","82","","0.2","","15","","7","","","","93.85","","","","-26","","NA"
"-114.78","55.29","SLAVE LAKE RCS","3065997","2019-12-25 06:00","2019","12","25","06:00","-20.0","","-22.4","","81","","0.3","","16","","3","","","","93.87","","","","-23","","NA"
"-114.78","55.29","SLAVE LAKE RCS","3065997","2019-12-25 07:00","2019","12","25","07:00","-20.0","","-22.4","","82","","0.0","","16","","3","","","","93.89","","","","-23","","NA"
"-114.78","55.29","SLAVE LAKE RCS","3065997","2019-12-25 08:00","2019","12","25","08:00","-20.1","","-22.4","","82","","0.0","","13","","1","","","","93.89","","","","-21","","NA"
"-114.78","55.29","SLAVE LAKE RCS","3065997","2019-12-25 09:00","2019","12","25","09:00","-20.6","","-23.1","","81","","0.0","","12","","2","","","","93.95","","","","-22","","NA"
"-114.78","55.29","SLAVE LAKE RCS","3065997","2019-12-25 10:00","2019","12","25","10:00","-19.2","","-21.6","","81","","0.6","","15","","4","","","","93.98","","","","-23","","NA"
"-114.78","55.29","SLAVE LAKE RCS","3065997","2019-12-25 11:00","2019","12","25","11:00","-17.2","","-19.4","","83","","1.1","","13","","3","","","","94.00","","","","-20","","NA"
"-114.78","55.29","SLAVE LAKE RCS","3065997","2019-12-25 12:00","2019","12","25","12:00","-15.4","","-17.9","","82","","0.2","","13","","5","","","","93.95","","","","-19","","NA"
"-114.78","55.29","SLAVE LAKE RCS","3065997","2019-12-25 13:00","2019","12","25","13:00","-13.9","","-16.2","","83","","0.0","","12","","11","","","","93.95","","","","-20","","NA"
"-114.78","55.29","SLAVE LAKE RCS","3065997","2019-12-25 14:00","2019","12","25","14:00","-11.6","","-13.7","","84","","0.0","","11","","4","","","","93.96","","","","-14","","NA"
"-114.78","55.29","SLAVE LAKE RCS","3065997","2019-12-25 15:00","2019","12","25","15:00","-4.5","","-6.8","","84","","0.0","","31","","14","","","","94.04","","","","-10","","NA"
"-114.78","55.29","SLAVE LAKE RCS","3065997","2019-12-25 16:00","2019","12","25","16:00","-3.7","","-5.0","","91","","0.0","","29","","25","","","","94.10","","","","-11","","NA"
"-114.78","55.29","SLAVE LAKE RCS","3065997","2019-12-25 17:00","2019","12","25","17:00","-3.6","","-5.5","","87","","0.2","","27","","20","","","","94.14","","","","-10","","NA"
"-114.78","55.29","SLAVE LAKE RCS","3065997","2019-12-25 18:00","2019","12","25","18:00","-3.7","","-7.2","","77","","0.0","","27","","17","","","","94.16","","","","-9","","NA"
"-114.78","55.29","SLAVE LAKE RCS","3065997","2019-12-25 19:00","2019","12","25","19:00","-3.6","","-8.3","","70","","0.0","","28","","20","","","","94.16","","","","-10","","NA"
"-114.78","55.29","SLAVE LAKE RCS","3065997","2019-12-25 20:00","2019","12","25","20:00","-3.9","","-8.7","","70","","0.0","","27","","22","","","","94.15","","","","-10","","NA"
"-114.78","55.29","SLAVE LAKE RCS","3065997","2019-12-25 21:00","2019","12","25","21:00","-4.2","","-9.1","","69","","0.0","","27","","22","","","","94.16","","","","-11","","NA"
"-114.78","55.29","SLAVE LAKE RCS","3065997","2019-12-25 22:00","2019","12","25","22:00","-5.0","","-10.0","","68","","0.0","","27","","19","","","","94.15","","","","-11","","NA"
"-114.78","55.29","SLAVE LAKE RCS","3065997","2019-12-25 23:00","2019","12","25","23:00","-4.3","","-9.6","","66","","0.0","","27","","23","","","","94.17","","","","-11","","NA"
"-114.78","55.29","SLAVE LAKE RCS","3065997","2019-12-26 00:00","2019","12","26","00:00","-3.9","","-10.1","","62","","0.0","","27","","24","","","","94.19","","","","-11","","NA"
"-114.78","55.29","SLAVE LAKE RCS","3065997","2019-12-26 01:00","2019","12","26","01:00","-5.8","","-11.4","","65","","0.0","","28","","18","","","","94.19","","","","-12","","NA"
"-114.78","55.29","SLAVE LAKE RCS","3065997","2019-12-26 02:00","2019","12","26","02:00","-5.1","","-12.0","","58","","0.0","","31","","17","","","","94.21","","","","-11","","NA"
"-114.78","55.29","SLAVE LAKE RCS","3065997","2019-12-26 03:00","2019","12","26","03:00","-5.0","","-11.9","","58","","0.0","","28","","25","","","","94.19","","","","-12","","NA"
"-114.78","55.29","SLAVE LAKE RCS","3065997","2019-12-26 04:00","2019","12","26","04:00","-5.2","","-12.6","","56","","0.0","","27","","24","","","","94.17","","","","-12","","NA"
"-114.78","55.29","SLAVE LAKE RCS","3065997","2019-12-26 05:00","2019","12","26","05:00","-4.8","","-13.1","","52","","0.0","","28","","26","","","","94.13","","","","-12","","NA"
"-114.78","55.29","SLAVE LAKE RCS","3065997","2019-12-26 06:00","2019","12","26","06:00","-7.1","","-14.3","","56","","0.0","","31","","17","","","","94.12","","","","-14","","NA"
"-114.78","55.29","SLAVE LAKE RCS","3065997","2019-12-26 07:00","2019","12","26","07:00","-10.1","","-14.8","","68","","0.0","","33","","18","","","","94.10","","","","-18","","NA"
"-114.78","55.29","SLAVE LAKE RCS","3065997","2019-12-26 08:00","2019","12","26","08:00","-11.2","","-15.7","","69","","0.0","","33","","9","","","","94.05","","","","-16","","NA"
"-114.78","55.29","SLAVE LAKE RCS","3065997","2019-12-26 09:00","2019","12","26","09:00","-13.2","","-16.0","","79","","0.0","","26","","2","","","","94.04","","","","-15","","NA"
"-114.78","55.29","SLAVE LAKE RCS","3065997","2019-12-26 10:00","2019","12","26","10:00","-13.3","","-16.4","","78","","0.5","","17","","4","","","","94.02","","","","-16","","NA"
"-114.78","55.29","SLAVE LAKE RCS","3065997","2019-12-26 11:00","2019","12","26","11:00","-12.0","","-17.1","","66","","0.8","","5","","2","","","","93.98","","","","-13","","NA"
"-114.78","55.29","SLAVE LAKE RCS","3065997","2019-12-26 12:00","2019","12","26","12:00","-11.8","","-18.6","","57","","0.0","","0","","1","","","","93.92","","","","-12","","NA"
"-114.78","55.29","SLAVE LAKE RCS","3065997","2019-12-26 13:00","2019","12","26","13:00","-11.8","","-17.4","","63","","0.2","","12","","7","","","","93.87","","","","-16","","NA"
"-114.78","55.29","SLAVE LAKE RCS","3065997","2019-12-26 14:00","2019","12","26","14:00","-11.7","","-16.6","","67","","0.0","","10","","6","","","","93.77","","","","-15","","NA"
"-114.78","55.29","SLAVE LAKE RCS","3065997","2019-12-26 15:00","2019","12","26","15:00","-12.1","","-15.9","","73","","0.6","","12","","11","","","","93.73","","","","-18","","NA"
"-114.78","55.29","SLAVE LAKE RCS","3065997","2019-12-26 16:00","2019","12","26","16:00","-12.5","","-15.4","","79","","0.0","","12","","10","","","","93.77","","","","-18","","NA"
"-114.78","55.29","SLAVE LAKE RCS","3065997","2019-12-26 17:00","2019","12","26","17:00","-14.6","","-16.7","","84","","0.0","","17","","7","","","","93.73","","","","-19","","NA"
"-114.78","55.29","SLAVE LAKE RCS","3065997","2019-12-26 18:00","2019","12","26","18:00","-16.0","","-17.5","","88","","0.0","","14","","7","","","","93.66","","","","-21","","NA"
"-114.78","55.29","SLAVE LAKE RCS","3065997","2019-12-26 19:00","2019","12","26","19:00","-16.3","","-18.1","","86","","0.0","","16","","7","","","","93.63","","","","-21","","NA"
"-114.78","55.29","SLAVE LAKE RCS","3065997","2019-12-26 20:00","2019","12","26","20:00","-15.2","","-16.8","","87","","1.0","","14","","7","","","","93.58","","","","-20","","NA"
"-114.78","55.29","SLAVE LAKE RCS","3065997","2019-12-26 21:00","2019","12","26","21:00","-16.1","","-18.1","","84","","0.3","","15","","6","","","","93.55","","","","-21","","NA"
"-114.78","55.29","SLAVE LAKE RCS","3065997","2019-12-26 22:00","2019","12","26","22:00","-16.5","","-18.4","","85","","0.0","","14","","7","","","","93.53","","","","-22","","NA"
"-114.78","55.29","SLAVE LAKE RCS","3065997","2019-12-26 23:00","2019","12","26","23:00","-15.8","","-17.7","","85","","0.0","","13","","6","","","","93.49","","","","-20","","NA"
"-114.78","55.29","SLAVE LAKE RCS","3065997","2019-12-27 00:00","2019","12","27","00:00","-16.4","","-18.4","","85","","0.2","","13","","7","","","","93.46","","","","-21","","NA"
"-114.78","55.29","SLAVE LAKE RCS","3065997","2019-12-27 01:00","2019","12","27","01:00","-16.0","","-18.0","","85","","0.3","","13","","9","","","","93.44","","","","-22","","NA"
"-114.78","55.29","SLAVE LAKE RCS","3065997","2019-12-27 02:00","2019","12","27","02:00","-15.4","","-17.4","","85","","0.0","","13","","6","","","","93.46","","","","-20","","NA"
"-114.78","55.29","SLAVE LAKE RCS","3065997","2019-12-27 03:00","2019","12","27","03:00","-14.9","","-16.9","","85","","0.2","","12","","5","","","","93.45","","","","-18","","NA"
"-114.78","55.29","SLAVE LAKE RCS","3065997","2019-12-27 04:00","2019","12","27","04:00","-14.4","","-16.4","","85","","0.2","","13","","5","","","","93.46","","","","-18","","NA"
"-114.78","55.29","SLAVE LAKE RCS","3065997","2019-12-27 05:00","2019","12","27","05:00","-14.0","","-16.3","","83","","0.0","","12","","7","","","","93.44","","","","-19","","NA"
"-114.78","55.29","SLAVE LAKE RCS","3065997","2019-12-27 06:00","2019","12","27","06:00","-13.7","","-16.0","","83","","0.0","","11","","5","","","","93.45","","","","-17","","NA"
"-114.78","55.29","SLAVE LAKE RCS","3065997","2019-12-27 07:00","2019","12","27","07:00","-13.5","","-15.9","","83","","0.2","","11","","2","","","","93.48","","","","-15","","NA"
"-114.78","55.29","SLAVE LAKE RCS","3065997","2019-12-27 08:00","2019","12","27","08:00","-14.3","","-16.3","","84","","0.0","","16","","2","","","","93.48","","","","-16","","NA"
"-114.78","55.29","SLAVE LAKE RCS","3065997","2019-12-27 09:00","2019","12","27","09:00","-14.5","","-16.6","","84","","0.0","","7","","3","","","","93.50","","","","-17","","NA"
"-114.78","55.29","SLAVE LAKE RCS","3065997","2019-12-27 10:00","2019","12","27","10:00","-14.2","","-16.5","","83","","0.0","","13","","4","","","","93.55","","","","-17","","NA"
"-114.78","55.29","SLAVE LAKE RCS","3065997","2019-12-27 11:00","2019","12","27","11:00","-14.1","","-17.2","","77","","0.0","","8","","3","","","","93.60","","","","-16","","NA"
"-114.78","55.29","SLAVE LAKE RCS","3065997","2019-12-27 12:00","2019","12","27","12:00","-11.5","","-14.9","","76","","0.0","","26","","1","","","","93.61","","","","-12","","NA"
"-114.78","55.29","SLAVE LAKE RCS","3065997","2019-12-27 13:00","2019","12","27","13:00","-12.1","","-16.2","","72","","0.0","","33","","4","","","","93.62","","","","-15","","NA"
"-114.78","55.29","SLAVE LAKE RCS","3065997","2019-12-27 14:00","2019","12","27","14:00","-8.8","","-12.1","","77","","0.0","","31","","7","","","","93.62","","","","-13","","NA"
"-114.78","55.29","SLAVE LAKE RCS","3065997","2019-12-27 15:00","2019","12","27","15:00","-3.2","","-8.4","","67","","0.0","","30","","22","","","","93.67","","","","-10","","NA"
"-114.78","55.29","SLAVE LAKE RCS","3065997","2019-12-27 16:00","2019","12","27","16:00","0.2","","-6.1","","63","","0.0","","29","","35","","","","93.76","","","","","","NA"
"-114.78","55.29","SLAVE LAKE RCS","3065997","2019-12-27 17:00","2019","12","27","17:00","0.0","","-6.9","","60","","0.0","","28","","29","","","","93.87","","","","-6","","NA"
"-114.78","55.29","SLAVE LAKE RCS","3065997","2019-12-27 18:00","2019","12","27","18:00","-0.9","","-7.6","","61","","0.0","","28","","19","","","","93.98","","","","-6","","NA"
"-114.78","55.29","SLAVE LAKE RCS","3065997","2019-12-27 19:00","2019","12","27","19:00","-6.7","","-11.0","","72","","0.0","","34","","8","","","","94.10","","","","-11","","NA"
"-114.78","55.29","SLAVE LAKE RCS","3065997","2019-12-27 20:00","2019","12","27","20:00","-9.7","","-11.9","","84","","0.0","","32","","4","","","","94.18","","","","-12","","NA"
"-114.78","55.29","SLAVE LAKE RCS","3065997","2019-12-27 21:00","2019","12","27","21:00","-8.8","","-10.6","","87","","0.6","","34","","10","","","","94.25","","","","-14","","NA"
"-114.78","55.29","SLAVE LAKE RCS","3065997","2019-12-27 22:00","2019","12","27","22:00","-7.0","","-10.2","","78","","0.3","","33","","13","","","","94.32","","","","-13","","NA"
"-114.78","55.29","SLAVE LAKE RCS","3065997","2019-12-27 23:00","2019","12","27","23:00","-8.8","","-11.1","","83","","0.0","","36","","9","","","","94.38","","","","-13","","NA"
"-114.78","55.29","SLAVE LAKE RCS","3065997","2019-12-28 00:00","2019","12","28","00:00","-8.9","","-11.9","","79","","0.0","","1","","6","","","","94.48","","","","-12","","NA"
"-114.78","55.29","SLAVE LAKE RCS","3065997","2019-12-28 01:00","2019","12","28","01:00","-9.3","","-11.5","","84","","0.0","","35","","6","","","","94.51","","","","-13","","NA"
"-114.78","55.29","SLAVE LAKE RCS","3065997","2019-12-28 02:00","2019","12","28","02:00","-11.9","","-13.6","","87","","0.0","","32","","2","","","","94.57","","","","-13","","NA"
"-114.78","55.29","SLAVE LAKE RCS","3065997","2019-12-28 03:00","2019","12","28","03:00","-11.5","","-13.1","","88","","0.0","","4","","2","","","","94.59","","","","-13","","NA"
"-114.78","55.29","SLAVE LAKE RCS","3065997","2019-12-28 04:00","2019","12","28","04:00","-12.0","","-13.6","","88","","0.0","","17","","3","","","","94.60","","","","-14","","NA"
"-114.78","55.29","SLAVE LAKE RCS","3065997","2019-12-28 05:00","2019","12","28","05:00","-13.4","","-15.3","","85","","0.0","","16","","5","","","","94.63","","","","-17","","NA"
"-114.78","55.29","SLAVE LAKE RCS","3065997","2019-12-28 06:00","2019","12","28","06:00","-15.3","","-17.0","","87","","0.0","","9","","2","","","","94.64","","","","-17","","NA"
"-114.78","55.29","SLAVE LAKE RCS","3065997","2019-12-28 07:00","2019","12","28","07:00","-14.5","","-15.9","","89","","0.0","","11","","10","","","","94.63","","","","-21","","NA"
"-114.78","55.29","SLAVE LAKE RCS","3065997","2019-12-28 08:00","2019","12","28","08:00","-13.8","","-15.7","","86","","0.0","","11","","11","","","","94.60","","","","-20","","NA"
"-114.78","55.29","SLAVE LAKE RCS","3065997","2019-12-28 09:00","2019","12","28","09:00","-14.1","","-16.0","","86","","0.0","","12","","14","","","","94.60","","","","-22","","NA"
"-114.78","55.29","SLAVE LAKE RCS","3065997","2019-12-28 10:00","2019","12","28","10:00","-13.4","","-15.9","","81","","0.0","","12","","11","","","","94.56","","","","-20","","NA"
"-114.78","55.29","SLAVE LAKE RCS","3065997","2019-12-28 11:00","2019","12","28","11:00","-10.5","","-14.1","","75","","0.0","","12","","6","","","","94.53","","","","-14","","NA"
"-114.78","55.29","SLAVE LAKE RCS","3065997","2019-12-28 12:00","2019","12","28","12:00","-8.6","","-12.9","","71","","0.0","","9","","2","","","","94.42","","","","-10","","NA"
"-114.78","55.29","SLAVE LAKE RCS","3065997","2019-12-28 13:00","2019","12","28","13:00","-6.7","","-11.7","","68","","0.0","","7","","15","","","","94.28","","","","-13","","NA"
"-114.78","55.29","SLAVE LAKE RCS","3065997","2019-12-28 14:00","2019","12","28","14:00","-6.7","","-11.1","","71","","0.0","","8","","17","","","","94.26","","","","-13","","NA"
"-114.78","55.29","SLAVE LAKE RCS","3065997","2019-12-28 15:00","2019","12","28","15:00","-6.2","","-10.6","","71","","0.0","","9","","13","","","","94.22","","","","-12","","NA"
"-114.78","55.29","SLAVE LAKE RCS","3065997","2019-12-28 16:00","2019","12","28","16:00","-6.9","","-10.6","","75","","0.0","","8","","16","","","","94.22","","","","-13","","NA"
"-114.78","55.29","SLAVE LAKE RCS","3065997","2019-12-28 17:00","2019","12","28","17:00","-7.3","","-10.8","","76","","0.0","","10","","15","","","","94.21","","","","-13","","NA"
"-114.78","55.29","SLAVE LAKE RCS","3065997","2019-12-28 18:00","2019","12","28","18:00","-7.2","","-11.0","","75","","0.0","","9","","12","","","","94.21","","","","-13","","NA"
"-114.78","55.29","SLAVE LAKE RCS","3065997","2019-12-28 19:00","2019","12","28","19:00","-7.3","","-11.0","","75","","0.0","","10","","10","","","","94.21","","","","-12","","NA"
"-114.78","55.29","SLAVE LAKE RCS","3065997","2019-12-28 20:00","2019","12","28","20:00","-6.9","","-10.8","","74","","0.0","","10","","16","","","","94.16","","","","-13","","NA"
"-114.78","55.29","SLAVE LAKE RCS","3065997","2019-12-28 21:00","2019","12","28","21:00","-7.0","","-10.6","","75","","0.0","","11","","9","","","","94.21","","","","-11","","NA"
"-114.78","55.29","SLAVE LAKE RCS","3065997","2019-12-28 22:00","2019","12","28","22:00","-6.8","","-10.7","","74","","0.0","","11","","17","","","","94.20","","","","-13","","NA"
"-114.78","55.29","SLAVE LAKE RCS","3065997","2019-12-28 23:00","2019","12","28","23:00","-6.9","","-10.1","","78","","0.0","","12","","10","","","","94.22","","","","-12","","NA"
"-114.78","55.29","SLAVE LAKE RCS","3065997","2019-12-29 00:00","2019","12","29","00:00","-6.4","","-9.9","","76","","0.0","","12","","11","","","","94.27","","","","-11","","NA"
"-114.78","55.29","SLAVE LAKE RCS","3065997","2019-12-29 01:00","2019","12","29","01:00","-6.5","","-9.7","","78","","0.0","","12","","12","","","","94.27","","","","-12","","NA"
"-114.78","55.29","SLAVE LAKE RCS","3065997","2019-12-29 02:00","2019","12","29","02:00","-7.0","","-9.6","","82","","0.0","","14","","7","","","","94.30","","","","-11","","NA"
"-114.78","55.29","SLAVE LAKE RCS","3065997","2019-12-29 03:00","2019","12","29","03:00","-7.7","","-10.1","","83","","0.0","","13","","8","","","","94.35","","","","-12","","NA"
"-114.78","55.29","SLAVE LAKE RCS","3065997","2019-12-29 04:00","2019","12","29","04:00","-8.5","","-10.3","","87","","0.0","","16","","5","","","","94.40","","","","-11","","NA"
"-114.78","55.29","SLAVE LAKE RCS","3065997","2019-12-29 05:00","2019","12","29","05:00","-9.9","","-11.5","","88","","0.0","","15","","6","","","","94.45","","","","-13","","NA"
"-114.78","55.29","SLAVE LAKE RCS","3065997","2019-12-29 06:00","2019","12","29","06:00","-10.9","","-12.5","","88","","0.0","","15","","6","","","","94.49","","","","-15","","NA"
"-114.78","55.29","SLAVE LAKE RCS","3065997","2019-12-29 07:00","2019","12","29","07:00","-10.6","","-11.7","","91","","0.0","","14","","5","","","","94.53","","","","-14","","NA"
"-114.78","55.29","SLAVE LAKE RCS","3065997","2019-12-29 08:00","2019","12","29","08:00","-12.4","","-13.8","","89","","0.0","","0","","1","","","","94.58","","","","-13","","NA"
"-114.78","55.29","SLAVE LAKE RCS","3065997","2019-12-29 09:00","2019","12","29","09:00","-13.7","","-15.2","","88","","0.0","","20","","1","","","","94.65","","","","-14","","NA"
"-114.78","55.29","SLAVE LAKE RCS","3065997","2019-12-29 10:00","2019","12","29","10:00","-13.1","","-15.0","","86","","0.3","","21","","1","","","","94.72","","","","-14","","NA"
"-114.78","55.29","SLAVE LAKE RCS","3065997","2019-12-29 11:00","2019","12","29","11:00","-11.3","","-14.0","","81","","0.8","","14","","4","","","","94.77","","","","-14","","NA"
"-114.78","55.29","SLAVE LAKE RCS","3065997","2019-12-29 12:00","2019","12","29","12:00","-8.7","","-13.1","","71","","0.0","","0","","1","","","","94.79","","","","-9","","NA"
"-114.78","55.29","SLAVE LAKE RCS","3065997","2019-12-29 13:00","2019","12","29","13:00","-6.5","","-12.6","","62","","0.0","","36","","2","","","","94.82","","","","-7","","NA"
"-114.78","55.29","SLAVE LAKE RCS","3065997","2019-12-29 14:00","2019","12","29","14:00","-3.9","","-9.2","","66","","0.2","","15","","3","","","","94.80","","","","-5","","NA"
"-114.78","55.29","SLAVE LAKE RCS","3065997","2019-12-29 15:00","2019","12","29","15:00","-3.8","","-8.5","","70","","0.0","","0","","1","","","","94.88","","","","-4","","NA"
"-114.78","55.29","SLAVE LAKE RCS","3065997","2019-12-29 16:00","2019","12","29","16:00","-5.9","","-8.1","","85","","0.0","","17","","2","","","","94.93","","","","-7","","NA"
"-114.78","55.29","SLAVE LAKE RCS","3065997","2019-12-29 17:00","2019","12","29","17:00","-7.2","","-9.0","","86","","0.0","","18","","6","","","","94.95","","","","-10","","NA"
"-114.78","55.29","SLAVE LAKE RCS","3065997","2019-12-29 18:00","2019","12","29","18:00","-8.3","","-10.5","","84","","0.0","","20","","5","","","","94.96","","","","-11","","NA"
"-114.78","55.29","SLAVE LAKE RCS","3065997","2019-12-29 19:00","2019","12","29","19:00","-10.5","","-11.5","","92","","0.0","","0","","1","","","","94.95","","","","-11","","NA"
"-114.78","55.29","SLAVE LAKE RCS","3065997","2019-12-29 20:00","2019","12","29","20:00","-10.6","","-12.1","","89","","0.0","","20","","3","","","","94.94","","","","-12","","NA"
"-114.78","55.29","SLAVE LAKE RCS","3065997","2019-12-29 21:00","2019","12","29","21:00","-10.6","","-11.7","","92","","0.0","","12","","3","","","","94.94","","","","-12","","NA"
"-114.78","55.29","SLAVE LAKE RCS","3065997","2019-12-29 22:00","2019","12","29","22:00","-12.3","","-13.8","","89","","0.0","","13","","3","","","","94.97","","","","-14","","NA"
"-114.78","55.29","SLAVE LAKE RCS","3065997","2019-12-29 23:00","2019","12","29","23:00","-12.0","","-13.4","","90","","0.0","","17","","3","","","","94.95","","","","-14","","NA"
"-114.78","55.29","SLAVE LAKE RCS","3065997","2019-12-30 00:00","2019","12","30","00:00","-12.3","","-13.8","","88","","0.0","","12","","6","","","","94.94","","","","-16","","NA"
"-114.78","55.29","SLAVE LAKE RCS","3065997","2019-12-30 01:00","2019","12","30","01:00","-11.6","","-13.1","","89","","0.0","","12","","7","","","","94.89","","","","-16","","NA"
"-114.78","55.29","SLAVE LAKE RCS","3065997","2019-12-30 02:00","2019","12","30","02:00","-11.9","","-13.4","","89","","0.3","","13","","8","","","","94.85","","","","-17","","NA"
"-114.78","55.29","SLAVE LAKE RCS","3065997","2019-12-30 03:00","2019","12","30","03:00","-12.3","","-13.9","","88","","0.0","","14","","11","","","","94.81","","","","-18","","NA"
"-114.78","55.29","SLAVE LAKE RCS","3065997","2019-12-30 04:00","2019","12","30","04:00","-13.4","","-15.0","","87","","0.0","","14","","7","","","","94.74","","","","-18","","NA"
"-114.78","55.29","SLAVE LAKE RCS","3065997","2019-12-30 05:00","2019","12","30","05:00","-12.8","","-14.4","","87","","0.0","","15","","8","","","","94.68","","","","-18","","NA"
"-114.78","55.29","SLAVE LAKE RCS","3065997","2019-12-30 06:00","2019","12","30","06:00","-13.5","","-15.2","","87","","0.0","","24","","4","","","","94.67","","","","-16","","NA"
"-114.78","55.29","SLAVE LAKE RCS","3065997","2019-12-30 07:00","2019","12","30","07:00","-14.2","","-16.0","","86","","0.0","","17","","4","","","","94.62","","","","-17","","NA"
"-114.78","55.29","SLAVE LAKE RCS","3065997","2019-12-30 08:00","2019","12","30","08:00","-13.3","","-15.0","","87","","0.0","","13","","8","","","","94.56","","","","-18","","NA"
"-114.78","55.29","SLAVE LAKE RCS","3065997","2019-12-30 09:00","2019","12","30","09:00","-13.3","","-15.1","","87","","0.0","","14","","10","","","","94.54","","","","-19","","NA"
"-114.78","55.29","SLAVE LAKE RCS","3065997","2019-12-30 10:00","2019","12","30","10:00","-13.0","","-14.8","","86","","0.2","","17","","6","","","","94.49","","","","-17","","NA"
"-114.78","55.29","SLAVE LAKE RCS","3065997","2019-12-30 11:00","2019","12","30","11:00","-11.8","","-13.7","","86","","0.3","","13","","10","","","","94.40","","","","-17","","NA"
"-114.78","55.29","SLAVE LAKE RCS","3065997","2019-12-30 12:00","2019","12","30","12:00","-10.4","","-12.1","","87","","0.0","","14","","10","","","","94.29","","","","-16","","NA"
"-114.78","55.29","SLAVE LAKE RCS","3065997","2019-12-30 13:00","2019","12","30","13:00","-10.1","","-11.7","","88","","0.0","","14","","12","","","","94.16","","","","-16","","NA"
"-114.78","55.29","SLAVE LAKE RCS","3065997","2019-12-30 14:00","2019","12","30","14:00","-9.3","","-10.9","","88","","0.0","","14","","8","","","","94.07","","","","-14","","NA"
"-114.78","55.29","SLAVE LAKE RCS","3065997","2019-12-30 15:00","2019","12","30","15:00","-8.5","","-10.4","","86","","0.0","","11","","7","","","","94.03","","","","-12","","NA"
"-114.78","55.29","SLAVE LAKE RCS","3065997","2019-12-30 16:00","2019","12","30","16:00","-8.6","","-10.4","","86","","0.0","","14","","1","","","","94.02","","","","-9","","NA"
"-114.78","55.29","SLAVE LAKE RCS","3065997","2019-12-30 17:00","2019","12","30","17:00","-8.4","","-9.9","","89","","0.0","","13","","8","","","","93.93","","","","-13","","NA"
"-114.78","55.29","SLAVE LAKE RCS","3065997","2019-12-30 18:00","2019","12","30","18:00","-8.4","","-10.1","","88","","0.0","","8","","8","","","","93.82","","","","-13","","NA"
"-114.78","55.29","SLAVE LAKE RCS","3065997","2019-12-30 19:00","2019","12","30","19:00","-8.0","","-9.7","","88","","0.0","","15","","9","","","","93.72","","","","-13","","NA"
"-114.78","55.29","SLAVE LAKE RCS","3065997","2019-12-30 20:00","2019","12","30","20:00","-8.8","","-10.3","","88","","0.0","","14","","7","","","","93.69","","","","-13","","NA"
"-114.78","55.29","SLAVE LAKE RCS","3065997","2019-12-30 21:00","2019","12","30","21:00","-7.9","","-9.5","","88","","0.0","","14","","11","","","","93.58","","","","-13","","NA"
"-114.78","55.29","SLAVE LAKE RCS","3065997","2019-12-30 22:00","2019","12","30","22:00","-8.8","","-10.2","","90","","0.0","","13","","8","","","","93.43","","","","-13","","NA"
"-114.78","55.29","SLAVE LAKE RCS","3065997","2019-12-30 23:00","2019","12","30","23:00","-8.2","","-9.5","","90","","0.0","","13","","6","","","","93.38","","","","-11","","NA"
"-114.78","55.29","SLAVE LAKE RCS","3065997","2019-12-31 00:00","2019","12","31","00:00","-7.4","","-8.9","","89","","0.0","","13","","6","","","","93.32","","","","-11","","NA"
"-114.78","55.29","SLAVE LAKE RCS","3065997","2019-12-31 01:00","2019","12","31","01:00","-6.7","","-8.3","","89","","0.2","","12","","13","","","","93.23","","","","-12","","NA"
"-114.78","55.29","SLAVE LAKE RCS","3065997","2019-12-31 02:00","2019","12","31","02:00","-7.5","","-8.9","","89","","0.0","","17","","6","","","","93.18","","","","-11","","NA"
"-114.78","55.29","SLAVE LAKE RCS","3065997","2019-12-31 03:00","2019","12","31","03:00","-7.4","","-8.8","","90","","0.0","","12","","7","","","","93.11","","","","-11","","NA"
"-114.78","55.29","SLAVE LAKE RCS","3065997","2019-12-31 04:00","2019","12","31","04:00","-8.2","","-9.5","","90","","0.0","","15","","9","","","","93.06","","","","-13","","NA"
"-114.78","55.29","SLAVE LAKE RCS","3065997","2019-12-31 05:00","2019","12","31","05:00","-7.9","","-9.1","","90","","0.0","","13","","5","","","","93.03","","","","-11","","NA"
"-114.78","55.29","SLAVE LAKE RCS","3065997","2019-12-31 06:00","2019","12","31","06:00","-7.5","","-9.0","","89","","0.0","","15","","5","","","","92.93","","","","-10","","NA"
"-114.78","55.29","SLAVE LAKE RCS","3065997","2019-12-31 07:00","2019","12","31","07:00","-8.1","","-9.6","","89","","0.0","","15","","4","","","","92.84","","","","-10","","NA"
"-114.78","55.29","SLAVE LAKE RCS","3065997","2019-12-31 08:00","2019","12","31","08:00","-3.2","","-6.3","","79","","0.0","","31","","7","","","","92.82","","","","-6","","NA"
"-114.78","55.29","SLAVE LAKE RCS","3065997","2019-12-31 09:00","2019","12","31","09:00","4.3","","-2.1","","63","","0.0","","27","","19","","","","92.79","","","","","","NA"
"-114.78","55.29","SLAVE LAKE RCS","3065997","2019-12-31 10:00","2019","12","31","10:00","5.0","","-2.2","","59","","0.0","","26","","22","","","","92.78","","","","","","NA"
"-114.78","55.29","SLAVE LAKE RCS","3065997","2019-12-31 11:00","2019","12","31","11:00","5.2","","-2.5","","58","","0.0","","27","","26","","","","92.76","","","","","","NA"
"-114.78","55.29","SLAVE LAKE RCS","3065997","2019-12-31 12:00","2019","12","31","12:00","4.2","","-3.4","","58","","0.0","","29","","28","","","","92.73","","","","","","NA"
"-114.78","55.29","SLAVE LAKE RCS","3065997","2019-12-31 13:00","2019","12","31","13:00","4.4","","-1.9","","63","","0.0","","30","","26","","","","92.67","","","","","","NA"
"-114.78","55.29","SLAVE LAKE RCS","3065997","2019-12-31 14:00","2019","12","31","14:00","3.7","","-1.8","","67","","0.0","","30","","24","","","","92.63","","","","","","NA"
"-114.78","55.29","SLAVE LAKE RCS","3065997","2019-12-31 15:00","2019","12","31","15:00","2.8","","-1.7","","72","","0.0","","30","","23","","","","92.58","","","","","","NA"
"-114.78","55.29","SLAVE LAKE RCS","3065997","2019-12-31 16:00","2019","12","31","16:00","2.1","","-2.1","","74","","0.0","","29","","20","","","","92.56","","","","","","NA"
"-114.78","55.29","SLAVE LAKE RCS","3065997","2019-12-31 17:00","2019","12","31","17:00","-3.9","","-5.8","","87","","0.0","","3","","7","","","","92.55","","","","-7","","NA"
"-114.78","55.29","SLAVE LAKE RCS","3065997","2019-12-31 18:00","2019","12","31","18:00","-5.0","","-6.6","","88","","0.0","","11","","4","","","","92.49","","","","-7","","NA"
"-114.78","55.29","SLAVE LAKE RCS","3065997","2019-12-31 19:00","2019","12","31","19:00","-4.2","","-5.3","","92","","0.2","","16","","6","","","","92.42","","","","-7","","NA"
"-114.78","55.29","SLAVE LAKE RCS","3065997","2019-12-31 20:00","2019","12","31","20:00","-6.3","","-7.5","","92","","0.0","","16","","3","","","","92.40","","","","-8","","NA"
"-114.78","55.29","SLAVE LAKE RCS","3065997","2019-12-31 21:00","2019","12","31","21:00","-8.0","","-9.1","","92","","0.0","","","","0","","","","92.35","","","","","","NA"
"-114.78","55.29","SLAVE LAKE RCS","3065997","2019-12-31 22:00","2019","12","31","22:00","-8.8","","-9.9","","92","","0.0","","32","","2","","","","92.32","","","","-10","","NA"
"-114.78","55.29","SLAVE LAKE RCS","3065997","2019-12-31 23:00","2019","12","31","23:00","-8.9","","-10.2","","91","","0.0","","18","","1","","","","92.29","","","","-9","","NA"
