"Longitude (x)","Latitude (y)","Station Name","Climate ID","Date/Time (LST)","Year","Month","Day","Time (LST)","Temp (°C)","Temp Flag","Dew Point Temp (°C)","Dew Point Temp Flag","Rel Hum (%)","Rel Hum Flag","Precip. Amount (mm)","Precip. Amount Flag","Wind Dir (10s deg)","Wind Dir Flag","Wind Spd (km/h)","Wind Spd Flag","Visibility (km)","Visibility Flag","Stn Press (kPa)","Stn Press Flag","Hmdx","Hmdx Flag","Wind Chill","Wind Chill Flag","Weather"
"-114.68","51.78","SUNDRE A","3026KNQ","2018-04-01 00:00","2018","04","01","00:00","-22.0","","-24.3","","81","","0.0","","20","","2","","","","89.00","","","","-24","","NA"
"-114.68","51.78","SUNDRE A","3026KNQ","2018-04-01 01:00","2018","04","01","01:00","-22.0","","-24.3","","82","","0.0","","0","","1","","","","88.96","","","","-23","","NA"
"-114.68","51.78","SUNDRE A","3026KNQ","2018-04-01 02:00","2018","04","01","02:00","-21.7","","-23.9","","83","","0.0","","23","","4","","","","88.90","","","","-25","","NA"
"-114.68","51.78","SUNDRE A","3026KNQ","2018-04-01 03:00","2018","04","01","03:00","-22.8","","-25.2","","81","","0.0","","24","","2","","","","88.82","","","","-25","","NA"
"-114.68","51.78","SUNDRE A","3026KNQ","2018-04-01 04:00","2018","04","01","04:00","-22.9","","-25.6","","78","","0.0","","22","","2","","","","88.77","","","","-25","","NA"
"-114.68","51.78","SUNDRE A","3026KNQ","2018-04-01 05:00","2018","04","01","05:00","-20.9","","-23.2","","82","","0.0","","23","","3","","","","88.72","","","","-24","","NA"
"-114.68","51.78","SUNDRE A","3026KNQ","2018-04-01 06:00","2018","04","01","06:00","-21.2","","-23.6","","81","","0.0","","18","","2","","","","88.66","","","","-23","","NA"
"-114.68","51.78","SUNDRE A","3026KNQ","2018-04-01 07:00","2018","04","01","07:00","-20.5","","-22.8","","82","","0.0","","24","","3","","","","88.64","","","","-23","","NA"
"-114.68","51.78","SUNDRE A","3026KNQ","2018-04-01 08:00","2018","04","01","08:00","-16.6","","-18.7","","84","","0.0","","23","","3","","","","88.58","","","","-19","","NA"
"-114.68","51.78","SUNDRE A","3026KNQ","2018-04-01 09:00","2018","04","01","09:00","-13.7","","-16.3","","81","","0.0","","29","","2","","","","88.52","","","","-15","","NA"
"-114.68","51.78","SUNDRE A","3026KNQ","2018-04-01 10:00","2018","04","01","10:00","-11.4","","-15.4","","72","","0.0","","35","","4","","","","88.50","","","","-14","","NA"
"-114.68","51.78","SUNDRE A","3026KNQ","2018-04-01 11:00","2018","04","01","11:00","-8.3","","-15.8","","55","","0.0","","34","","2","","","","88.48","","","","-9","","NA"
"-114.68","51.78","SUNDRE A","3026KNQ","2018-04-01 12:00","2018","04","01","12:00","-7.6","","-17.7","","44","","0.0","","4","","11","","","","88.43","","","","-13","","NA"
"-114.68","51.78","SUNDRE A","3026KNQ","2018-04-01 13:00","2018","04","01","13:00","-6.7","","-19.7","","35","","0.0","","4","","10","","","","88.37","","","","-11","","NA"
"-114.68","51.78","SUNDRE A","3026KNQ","2018-04-01 14:00","2018","04","01","14:00","-7.0","","-17.6","","43","","0.0","","3","","9","","","","88.36","","","","-11","","NA"
"-114.68","51.78","SUNDRE A","3026KNQ","2018-04-01 15:00","2018","04","01","15:00","-7.7","","-13.2","","65","","0.0","","3","","10","","","","88.36","","","","-13","","NA"
"-114.68","51.78","SUNDRE A","3026KNQ","2018-04-01 16:00","2018","04","01","16:00","-7.7","","-15.5","","53","","0.0","","7","","6","","","","88.35","","","","-11","","NA"
"-114.68","51.78","SUNDRE A","3026KNQ","2018-04-01 17:00","2018","04","01","17:00","-7.3","","-16.0","","50","","0.0","","12","","2","","","","88.34","","","","-8","","NA"
"-114.68","51.78","SUNDRE A","3026KNQ","2018-04-01 18:00","2018","04","01","18:00","-8.4","","-17.6","","47","","0.0","","9","","7","","","","88.32","","","","-12","","NA"
"-114.68","51.78","SUNDRE A","3026KNQ","2018-04-01 19:00","2018","04","01","19:00","-10.0","","-17.7","","54","","0.0","","10","","6","","","","88.32","","","","-14","","NA"
"-114.68","51.78","SUNDRE A","3026KNQ","2018-04-01 20:00","2018","04","01","20:00","-13.4","","-18.6","","65","","0.0","","11","","2","","","","88.34","","","","-15","","NA"
"-114.68","51.78","SUNDRE A","3026KNQ","2018-04-01 21:00","2018","04","01","21:00","-14.6","","-17.5","","79","","0.0","","0","","1","","","","88.32","","","","-15","","NA"
"-114.68","51.78","SUNDRE A","3026KNQ","2018-04-01 22:00","2018","04","01","22:00","-13.4","","-16.1","","80","","0.0","","25","","4","","","","88.28","","","","-16","","NA"
"-114.68","51.78","SUNDRE A","3026KNQ","2018-04-01 23:00","2018","04","01","23:00","-12.6","","-16.1","","75","","0.0","","21","","4","","","","88.28","","","","-15","","NA"
"-114.68","51.78","SUNDRE A","3026KNQ","2018-04-02 00:00","2018","04","02","00:00","-13.2","","-15.5","","83","","0.0","","21","","2","","","","88.28","","","","-15","","NA"
"-114.68","51.78","SUNDRE A","3026KNQ","2018-04-02 01:00","2018","04","02","01:00","-15.2","","-17.2","","85","","0.0","","20","","3","","","","88.28","","","","-17","","NA"
"-114.68","51.78","SUNDRE A","3026KNQ","2018-04-02 02:00","2018","04","02","02:00","-15.6","","-17.7","","84","","0.0","","35","","1","","","","88.28","","","","-16","","NA"
"-114.68","51.78","SUNDRE A","3026KNQ","2018-04-02 03:00","2018","04","02","03:00","-16.4","","-18.1","","87","","0.0","","19","","2","","","","88.26","","","","-18","","NA"
"-114.68","51.78","SUNDRE A","3026KNQ","2018-04-02 04:00","2018","04","02","04:00","-17.7","","-19.6","","85","","0.0","","36","","1","","","","88.25","","","","-18","","NA"
"-114.68","51.78","SUNDRE A","3026KNQ","2018-04-02 05:00","2018","04","02","05:00","-18.8","","-20.7","","85","","0.0","","19","","3","","","","88.28","","","","-21","","NA"
"-114.68","51.78","SUNDRE A","3026KNQ","2018-04-02 06:00","2018","04","02","06:00","-19.8","","-21.8","","84","","0.0","","15","","1","","","","88.32","","","","-21","","NA"
"-114.68","51.78","SUNDRE A","3026KNQ","2018-04-02 07:00","2018","04","02","07:00","-18.6","","-20.8","","83","","0.0","","22","","3","","","","88.37","","","","-21","","NA"
"-114.68","51.78","SUNDRE A","3026KNQ","2018-04-02 08:00","2018","04","02","08:00","-14.6","","-17.6","","78","","0.0","","27","","2","","","","88.42","","","","-16","","NA"
"-114.68","51.78","SUNDRE A","3026KNQ","2018-04-02 09:00","2018","04","02","09:00","-13.4","","-16.8","","76","","0.0","","0","","1","","","","88.50","","","","-14","","NA"
"-114.68","51.78","SUNDRE A","3026KNQ","2018-04-02 10:00","2018","04","02","10:00","-8.8","","-14.6","","63","","0.0","","36","","3","","","","88.53","","","","-10","","NA"
"-114.68","51.78","SUNDRE A","3026KNQ","2018-04-02 11:00","2018","04","02","11:00","-5.2","","-15.0","","46","","0.0","","0","","1","","","","88.58","","","","-6","","NA"
"-114.68","51.78","SUNDRE A","3026KNQ","2018-04-02 12:00","2018","04","02","12:00","-6.5","","-16.7","","44","","0.0","","1","","4","","","","88.62","","","","-8","","NA"
"-114.68","51.78","SUNDRE A","3026KNQ","2018-04-02 13:00","2018","04","02","13:00","-5.9","","-18.3","","37","","0.0","","2","","6","","","","88.65","","","","-9","","NA"
"-114.68","51.78","SUNDRE A","3026KNQ","2018-04-02 14:00","2018","04","02","14:00","-5.7","","-18.0","","37","","0.0","","2","","10","","","","88.65","","","","-10","","NA"
"-114.68","51.78","SUNDRE A","3026KNQ","2018-04-02 15:00","2018","04","02","15:00","-5.2","","-15.0","","46","","0.0","","4","","7","","","","88.66","","","","-8","","NA"
"-114.68","51.78","SUNDRE A","3026KNQ","2018-04-02 16:00","2018","04","02","16:00","-5.9","","-14.9","","49","","0.0","","8","","12","","","","88.65","","","","-11","","NA"
"-114.68","51.78","SUNDRE A","3026KNQ","2018-04-02 17:00","2018","04","02","17:00","-6.4","","-15.9","","47","","0.0","","10","","10","","","","88.65","","","","-11","","NA"
"-114.68","51.78","SUNDRE A","3026KNQ","2018-04-02 18:00","2018","04","02","18:00","-7.0","","-18.0","","41","","0.0","","14","","8","","","","88.67","","","","-11","","NA"
"-114.68","51.78","SUNDRE A","3026KNQ","2018-04-02 19:00","2018","04","02","19:00","-8.6","","-16.8","","52","","0.0","","16","","8","","","","88.68","","","","-13","","NA"
"-114.68","51.78","SUNDRE A","3026KNQ","2018-04-02 20:00","2018","04","02","20:00","-11.1","","-17.1","","61","","0.0","","16","","6","","","","88.69","","","","-15","","NA"
"-114.68","51.78","SUNDRE A","3026KNQ","2018-04-02 21:00","2018","04","02","21:00","-14.8","","-20.1","","64","","0.0","","22","","1","","","","88.68","","","","-16","","NA"
"-114.68","51.78","SUNDRE A","3026KNQ","2018-04-02 22:00","2018","04","02","22:00","-18.4","","-21.4","","77","","0.0","","22","","4","","","","88.68","","","","-22","","NA"
"-114.68","51.78","SUNDRE A","3026KNQ","2018-04-02 23:00","2018","04","02","23:00","-19.5","","-21.7","","82","","0.0","","23","","4","","","","88.69","","","","-23","","NA"
"-114.68","51.78","SUNDRE A","3026KNQ","2018-04-03 00:00","2018","04","03","00:00","-19.6","","-21.2","","87","","0.0","","25","","4","","","","88.69","","","","-23","","NA"
"-114.68","51.78","SUNDRE A","3026KNQ","2018-04-03 01:00","2018","04","03","01:00","-21.1","","-23.3","","83","","0.0","","27","","6","","","","88.69","","","","-26","","NA"
"-114.68","51.78","SUNDRE A","3026KNQ","2018-04-03 02:00","2018","04","03","02:00","-21.5","","-23.5","","84","","0.0","","24","","4","","","","88.66","","","","-25","","NA"
"-114.68","51.78","SUNDRE A","3026KNQ","2018-04-03 03:00","2018","04","03","03:00","-22.1","","-24.1","","84","","0.0","","25","","5","","","","88.64","","","","-27","","NA"
"-114.68","51.78","SUNDRE A","3026KNQ","2018-04-03 04:00","2018","04","03","04:00","-22.5","","-24.7","","82","","0.0","","21","","2","","","","88.61","","","","-24","","NA"
"-114.68","51.78","SUNDRE A","3026KNQ","2018-04-03 05:00","2018","04","03","05:00","-23.1","","-25.6","","80","","0.0","","24","","5","","","","88.58","","","","-28","","NA"
"-114.68","51.78","SUNDRE A","3026KNQ","2018-04-03 06:00","2018","04","03","06:00","-21.8","","-24.2","","81","","0.0","","30","","3","","","","88.58","","","","-25","","NA"
"-114.68","51.78","SUNDRE A","3026KNQ","2018-04-03 07:00","2018","04","03","07:00","-20.2","","-22.8","","79","","0.0","","27","","7","","","","88.59","","","","-26","","NA"
"-114.68","51.78","SUNDRE A","3026KNQ","2018-04-03 08:00","2018","04","03","08:00","-17.0","","-20.7","","72","","0.0","","1","","3","","","","88.56","","","","-19","","NA"
"-114.68","51.78","SUNDRE A","3026KNQ","2018-04-03 09:00","2018","04","03","09:00","-13.3","","-18.3","","66","","0.0","","1","","4","","","","88.61","","","","-16","","NA"
"-114.68","51.78","SUNDRE A","3026KNQ","2018-04-03 10:00","2018","04","03","10:00","-9.4","","-16.8","","55","","0.0","","33","","4","","","","88.59","","","","-12","","NA"
"-114.68","51.78","SUNDRE A","3026KNQ","2018-04-03 11:00","2018","04","03","11:00","-5.5","","-14.9","","47","","0.0","","7","","11","","","","88.55","","","","-10","","NA"
"-114.68","51.78","SUNDRE A","3026KNQ","2018-04-03 12:00","2018","04","03","12:00","-5.9","","-14.4","","51","","0.0","","10","","14","","","","88.56","","","","-11","","NA"
"-114.68","51.78","SUNDRE A","3026KNQ","2018-04-03 13:00","2018","04","03","13:00","-6.2","","-13.5","","56","","0.0","","7","","12","","","","88.57","","","","-11","","NA"
"-114.68","51.78","SUNDRE A","3026KNQ","2018-04-03 14:00","2018","04","03","14:00","-5.8","","-13.0","","57","","0.0","","8","","11","","","","88.58","","","","-11","","NA"
"-114.68","51.78","SUNDRE A","3026KNQ","2018-04-03 15:00","2018","04","03","15:00","-5.9","","-12.7","","59","","0.0","","3","","14","","","","88.57","","","","-11","","NA"
"-114.68","51.78","SUNDRE A","3026KNQ","2018-04-03 16:00","2018","04","03","16:00","-6.2","","-13.0","","59","","0.0","","8","","12","","","","88.55","","","","-11","","NA"
"-114.68","51.78","SUNDRE A","3026KNQ","2018-04-03 17:00","2018","04","03","17:00","-7.2","","-13.0","","63","","0.0","","9","","12","","","","88.55","","","","-13","","NA"
"-114.68","51.78","SUNDRE A","3026KNQ","2018-04-03 18:00","2018","04","03","18:00","-8.0","","-13.2","","66","","0.0","","9","","8","","","","88.56","","","","-12","","NA"
"-114.68","51.78","SUNDRE A","3026KNQ","2018-04-03 19:00","2018","04","03","19:00","-10.4","","-13.9","","75","","0.0","","11","","10","","","","88.57","","","","-16","","NA"
"-114.68","51.78","SUNDRE A","3026KNQ","2018-04-03 20:00","2018","04","03","20:00","-12.3","","-14.9","","81","","0.0","","10","","5","","","","88.61","","","","-16","","NA"
"-114.68","51.78","SUNDRE A","3026KNQ","2018-04-03 21:00","2018","04","03","21:00","-15.5","","-17.4","","85","","0.0","","0","","1","","","","88.56","","","","-16","","NA"
"-114.68","51.78","SUNDRE A","3026KNQ","2018-04-03 22:00","2018","04","03","22:00","-15.6","","-17.1","","89","","0.0","","24","","4","","","","88.53","","","","-19","","NA"
"-114.68","51.78","SUNDRE A","3026KNQ","2018-04-03 23:00","2018","04","03","23:00","-14.4","","-16.1","","87","","0.0","","28","","4","","","","88.50","","","","-17","","NA"
"-114.68","51.78","SUNDRE A","3026KNQ","2018-04-04 00:00","2018","04","04","00:00","-14.6","","-16.7","","85","","0.0","","23","","1","","","","88.48","","","","-15","","NA"
"-114.68","51.78","SUNDRE A","3026KNQ","2018-04-04 01:00","2018","04","04","01:00","-16.0","","-17.8","","86","","0.0","","22","","6","","","","88.44","","","","-20","","NA"
"-114.68","51.78","SUNDRE A","3026KNQ","2018-04-04 02:00","2018","04","04","02:00","-17.2","","-18.9","","87","","0.0","","29","","4","","","","88.41","","","","-20","","NA"
"-114.68","51.78","SUNDRE A","3026KNQ","2018-04-04 03:00","2018","04","04","03:00","-19.0","","-21.0","","84","","0.0","","24","","3","","","","88.38","","","","-21","","NA"
"-114.68","51.78","SUNDRE A","3026KNQ","2018-04-04 04:00","2018","04","04","04:00","-20.0","","-22.3","","82","","0.0","","0","","1","","","","88.40","","","","-21","","NA"
"-114.68","51.78","SUNDRE A","3026KNQ","2018-04-04 05:00","2018","04","04","05:00","-20.6","","-22.7","","83","","0.0","","26","","3","","","","88.37","","","","-23","","NA"
"-114.68","51.78","SUNDRE A","3026KNQ","2018-04-04 06:00","2018","04","04","06:00","-19.3","","-21.1","","86","","0.0","","25","","7","","","","88.37","","","","-25","","NA"
"-114.68","51.78","SUNDRE A","3026KNQ","2018-04-04 07:00","2018","04","04","07:00","-17.1","","-19.0","","86","","0.0","","17","","5","","","","88.40","","","","-21","","NA"
"-114.68","51.78","SUNDRE A","3026KNQ","2018-04-04 08:00","2018","04","04","08:00","-14.2","","-17.5","","77","","0.0","","22","","2","","","","88.42","","","","-16","","NA"
"-114.68","51.78","SUNDRE A","3026KNQ","2018-04-04 09:00","2018","04","04","09:00","-9.3","","-13.9","","69","","0.0","","5","","7","","","","88.53","","","","-13","","NA"
"-114.68","51.78","SUNDRE A","3026KNQ","2018-04-04 10:00","2018","04","04","10:00","-8.1","","-13.3","","66","","0.0","","1","","20","","","","88.58","","","","-15","","NA"
"-114.68","51.78","SUNDRE A","3026KNQ","2018-04-04 11:00","2018","04","04","11:00"
"-114.68","51.78","SUNDRE A","3026KNQ","2018-04-04 12:00","2018","04","04","12:00","-6.7","","-12.7","","62","","0.0","","36","","25","","","","88.68","","","","-15","","NA"
"-114.68","51.78","SUNDRE A","3026KNQ","2018-04-04 13:00","2018","04","04","13:00","-6.8","","-12.0","","66","","0.0","","36","","20","","","","88.77","","","","-14","","NA"
"-114.68","51.78","SUNDRE A","3026KNQ","2018-04-04 14:00","2018","04","04","14:00","-6.4","","-11.7","","66","","0.0","","36","","22","","","","88.86","","","","-14","","NA"
"-114.68","51.78","SUNDRE A","3026KNQ","2018-04-04 15:00","2018","04","04","15:00","-6.7","","-11.1","","71","","0.0","","36","","22","","","","88.94","","","","-14","","NA"
"-114.68","51.78","SUNDRE A","3026KNQ","2018-04-04 16:00","2018","04","04","16:00","-7.3","","-10.5","","78","","0.0","","2","","20","","","","89.01","","","","-14","","NA"
"-114.68","51.78","SUNDRE A","3026KNQ","2018-04-04 17:00","2018","04","04","17:00","-7.0","","-11.4","","71","","0.0","","36","","14","","","","89.02","","","","-13","","NA"
"-114.68","51.78","SUNDRE A","3026KNQ","2018-04-04 18:00","2018","04","04","18:00","-7.4","","-11.4","","73","","0.0","","1","","11","","","","89.05","","","","-12","","NA"
"-114.68","51.78","SUNDRE A","3026KNQ","2018-04-04 19:00","2018","04","04","19:00","-8.0","","-11.2","","78","","0.0","","4","","4","","","","89.12","","","","-10","","NA"
"-114.68","51.78","SUNDRE A","3026KNQ","2018-04-04 20:00","2018","04","04","20:00","-9.3","","-11.5","","84","","0.0","","23","","3","","","","89.18","","","","-11","","NA"
"-114.68","51.78","SUNDRE A","3026KNQ","2018-04-04 21:00","2018","04","04","21:00","-9.4","","-10.8","","90","","0.0","","27","","2","","","","89.23","","","","-11","","NA"
"-114.68","51.78","SUNDRE A","3026KNQ","2018-04-04 22:00","2018","04","04","22:00","-9.9","","-11.3","","90","","0.0","","15","","2","","","","89.27","","","","-11","","NA"
"-114.68","51.78","SUNDRE A","3026KNQ","2018-04-04 23:00","2018","04","04","23:00","-9.0","","-12.0","","79","","0.0","","33","","8","","","","89.32","","","","-13","","NA"
"-114.68","51.78","SUNDRE A","3026KNQ","2018-04-05 00:00","2018","04","05","00:00","-11.4","","-14.1","","81","","0.0","","1","","4","","","","89.36","","","","-14","","NA"
"-114.68","51.78","SUNDRE A","3026KNQ","2018-04-05 01:00","2018","04","05","01:00","-11.1","","-14.5","","76","","0.0","","34","","5","","","","89.41","","","","-14","","NA"
"-114.68","51.78","SUNDRE A","3026KNQ","2018-04-05 02:00","2018","04","05","02:00","-12.5","","-15.6","","78","","0.0","","34","","2","","","","89.46","","","","-14","","NA"
"-114.68","51.78","SUNDRE A","3026KNQ","2018-04-05 03:00","2018","04","05","03:00","-12.5","","-16.3","","74","","0.0","","36","","5","","","","89.50","","","","-16","","NA"
"-114.68","51.78","SUNDRE A","3026KNQ","2018-04-05 04:00","2018","04","05","04:00","-13.0","","-17.8","","67","","0.0","","35","","8","","","","89.54","","","","-18","","NA"
"-114.68","51.78","SUNDRE A","3026KNQ","2018-04-05 05:00","2018","04","05","05:00","-14.0","","-19.2","","65","","0.0","","34","","4","","","","89.54","","","","-17","","NA"
"-114.68","51.78","SUNDRE A","3026KNQ","2018-04-05 06:00","2018","04","05","06:00","-17.5","","-20.5","","78","","0.0","","26","","6","","","","89.58","","","","-22","","NA"
"-114.68","51.78","SUNDRE A","3026KNQ","2018-04-05 07:00","2018","04","05","07:00","-16.8","","-20.0","","76","","0.0","","27","","3","","","","89.61","","","","-19","","NA"
"-114.68","51.78","SUNDRE A","3026KNQ","2018-04-05 08:00","2018","04","05","08:00","-13.3","","-18.4","","66","","0.0","","29","","4","","","","89.63","","","","-16","","NA"
"-114.68","51.78","SUNDRE A","3026KNQ","2018-04-05 09:00","2018","04","05","09:00","-10.9","","-18.6","","53","","0.0","","27","","8","","","","89.67","","","","-16","","NA"
"-114.68","51.78","SUNDRE A","3026KNQ","2018-04-05 10:00","2018","04","05","10:00","-9.5","","-17.9","","50","","0.0","","36","","7","","","","89.64","","","","-13","","NA"
"-114.68","51.78","SUNDRE A","3026KNQ","2018-04-05 11:00","2018","04","05","11:00","-8.5","","-18.2","","46","","0.0","","4","","12","","","","89.65","","","","-14","","NA"
"-114.68","51.78","SUNDRE A","3026KNQ","2018-04-05 12:00","2018","04","05","12:00","-8.3","","-19.0","","42","","0.0","","2","","9","","","","89.63","","","","-13","","NA"
"-114.68","51.78","SUNDRE A","3026KNQ","2018-04-05 13:00","2018","04","05","13:00","-7.7","","-18.9","","40","","0.0","","3","","10","","","","89.63","","","","-13","","NA"
"-114.68","51.78","SUNDRE A","3026KNQ","2018-04-05 14:00","2018","04","05","14:00","-7.4","","-18.0","","42","","0.0","","2","","13","","","","89.64","","","","-13","","NA"
"-114.68","51.78","SUNDRE A","3026KNQ","2018-04-05 15:00","2018","04","05","15:00","-7.3","","-16.1","","49","","0.0","","6","","16","","","","89.64","","","","-14","","NA"
"-114.68","51.78","SUNDRE A","3026KNQ","2018-04-05 16:00","2018","04","05","16:00","-8.0","","-16.9","","49","","0.0","","6","","13","","","","89.66","","","","-14","","NA"
"-114.68","51.78","SUNDRE A","3026KNQ","2018-04-05 17:00","2018","04","05","17:00","-9.1","","-16.5","","55","","0.0","","10","","16","","","","89.68","","","","-16","","NA"
"-114.68","51.78","SUNDRE A","3026KNQ","2018-04-05 18:00","2018","04","05","18:00","-10.8","","-18.0","","55","","0.0","","10","","14","","","","89.74","","","","-17","","NA"
"-114.68","51.78","SUNDRE A","3026KNQ","2018-04-05 19:00","2018","04","05","19:00","-11.4","","-17.9","","58","","0.0","","9","","11","","","","89.76","","","","-17","","NA"
"-114.68","51.78","SUNDRE A","3026KNQ","2018-04-05 20:00","2018","04","05","20:00","-13.4","","-18.2","","67","","0.0","","10","","7","","","","89.83","","","","-18","","NA"
"-114.68","51.78","SUNDRE A","3026KNQ","2018-04-05 21:00","2018","04","05","21:00","-14.2","","-18.3","","71","","0.0","","10","","6","","","","89.88","","","","-18","","NA"
"-114.68","51.78","SUNDRE A","3026KNQ","2018-04-05 22:00","2018","04","05","22:00","-15.0","","-18.6","","74","","0.0","","12","","4","","","","89.85","","","","-18","","NA"
"-114.68","51.78","SUNDRE A","3026KNQ","2018-04-05 23:00","2018","04","05","23:00","-15.8","","-18.8","","77","","0.0","","13","","3","","","","89.81","","","","-18","","NA"
"-114.68","51.78","SUNDRE A","3026KNQ","2018-04-06 00:00","2018","04","06","00:00","-16.7","","-19.2","","81","","0.0","","11","","5","","","","89.78","","","","-21","","NA"
"-114.68","51.78","SUNDRE A","3026KNQ","2018-04-06 01:00","2018","04","06","01:00","-15.6","","-18.7","","77","","0.0","","13","","9","","","","89.76","","","","-22","","NA"
"-114.68","51.78","SUNDRE A","3026KNQ","2018-04-06 02:00","2018","04","06","02:00","-15.9","","-18.9","","78","","0.0","","12","","11","","","","89.69","","","","-23","","NA"
"-114.68","51.78","SUNDRE A","3026KNQ","2018-04-06 03:00","2018","04","06","03:00","-16.0","","-18.9","","79","","0.0","","13","","10","","","","89.64","","","","-22","","NA"
"-114.68","51.78","SUNDRE A","3026KNQ","2018-04-06 04:00","2018","04","06","04:00","-16.5","","-18.9","","81","","0.0","","12","","9","","","","89.55","","","","-23","","NA"
"-114.68","51.78","SUNDRE A","3026KNQ","2018-04-06 05:00","2018","04","06","05:00","-16.4","","-18.8","","82","","0.0","","12","","10","","","","89.50","","","","-23","","NA"
"-114.68","51.78","SUNDRE A","3026KNQ","2018-04-06 06:00","2018","04","06","06:00","-15.9","","-18.3","","82","","0.0","","12","","12","","","","89.42","","","","-23","","NA"
"-114.68","51.78","SUNDRE A","3026KNQ","2018-04-06 07:00","2018","04","06","07:00","-14.7","","-17.6","","78","","0.0","","13","","14","","","","89.34","","","","-22","","NA"
"-114.68","51.78","SUNDRE A","3026KNQ","2018-04-06 08:00","2018","04","06","08:00","-13.5","","-17.3","","73","","0.0","","15","","18","","","","89.29","","","","-22","","NA"
"-114.68","51.78","SUNDRE A","3026KNQ","2018-04-06 09:00","2018","04","06","09:00","-12.4","","-16.8","","70","","0.0","","14","","22","","","","89.24","","","","-21","","NA"
"-114.68","51.78","SUNDRE A","3026KNQ","2018-04-06 10:00","2018","04","06","10:00","-11.5","","-16.1","","69","","0.0","","12","","22","","","","89.17","","","","-20","","NA"
"-114.68","51.78","SUNDRE A","3026KNQ","2018-04-06 11:00","2018","04","06","11:00","-10.8","","-15.6","","68","","0.0","","13","","22","","","","89.15","","","","-19","","NA"
"-114.68","51.78","SUNDRE A","3026KNQ","2018-04-06 12:00","2018","04","06","12:00","-10.4","","-14.9","","69","","0.0","","12","","28","","","","89.10","","","","-20","","NA"
"-114.68","51.78","SUNDRE A","3026KNQ","2018-04-06 13:00","2018","04","06","13:00","-9.8","","-14.8","","67","","0.0","","13","","28","","","","89.04","","","","-19","","NA"
"-114.68","51.78","SUNDRE A","3026KNQ","2018-04-06 14:00","2018","04","06","14:00","-9.8","","-14.4","","69","","0.0","","11","","24","","","","89.01","","","","-18","","NA"
"-114.68","51.78","SUNDRE A","3026KNQ","2018-04-06 15:00","2018","04","06","15:00","-9.7","","-14.2","","70","","0.0","","11","","27","","","","89.01","","","","-19","","NA"
"-114.68","51.78","SUNDRE A","3026KNQ","2018-04-06 16:00","2018","04","06","16:00","-10.3","","-14.1","","74","","0.0","","11","","25","","","","88.95","","","","-19","","NA"
"-114.68","51.78","SUNDRE A","3026KNQ","2018-04-06 17:00","2018","04","06","17:00","-10.3","","-14.6","","71","","0.0","","13","","19","","","","88.96","","","","-18","","NA"
"-114.68","51.78","SUNDRE A","3026KNQ","2018-04-06 18:00","2018","04","06","18:00","-10.7","","-14.2","","75","","0.0","","12","","21","","","","88.87","","","","-19","","NA"
"-114.68","51.78","SUNDRE A","3026KNQ","2018-04-06 19:00","2018","04","06","19:00","-11.6","","-14.1","","82","","0.0","","11","","14","","","","88.86","","","","-18","","NA"
"-114.68","51.78","SUNDRE A","3026KNQ","2018-04-06 20:00","2018","04","06","20:00","-11.6","","-13.8","","84","","0.0","","13","","15","","","","88.84","","","","-19","","NA"
"-114.68","51.78","SUNDRE A","3026KNQ","2018-04-06 21:00","2018","04","06","21:00","-11.8","","-14.1","","83","","0.0","","13","","15","","","","88.83","","","","-19","","NA"
"-114.68","51.78","SUNDRE A","3026KNQ","2018-04-06 22:00","2018","04","06","22:00","-11.7","","-14.0","","83","","0.0","","13","","10","","","","88.82","","","","-17","","NA"
"-114.68","51.78","SUNDRE A","3026KNQ","2018-04-06 23:00","2018","04","06","23:00","-11.7","","-14.1","","82","","0.0","","12","","13","","","","88.73","","","","-18","","NA"
"-114.68","51.78","SUNDRE A","3026KNQ","2018-04-07 00:00","2018","04","07","00:00","-12.6","","-14.7","","84","","0.0","","12","","13","","","","88.66","","","","-19","","NA"
"-114.68","51.78","SUNDRE A","3026KNQ","2018-04-07 01:00","2018","04","07","01:00","-12.9","","-15.1","","84","","0.0","","10","","10","","","","88.58","","","","-19","","NA"
"-114.68","51.78","SUNDRE A","3026KNQ","2018-04-07 02:00","2018","04","07","02:00","-14.1","","-15.8","","87","","0.0","","10","","9","","","","88.54","","","","-20","","NA"
"-114.68","51.78","SUNDRE A","3026KNQ","2018-04-07 03:00","2018","04","07","03:00","-14.6","","-16.3","","86","","0.0","","11","","8","","","","88.46","","","","-20","","NA"
"-114.68","51.78","SUNDRE A","3026KNQ","2018-04-07 04:00","2018","04","07","04:00","-15.3","","-17.1","","86","","0.0","","12","","8","","","","88.41","","","","-21","","NA"
"-114.68","51.78","SUNDRE A","3026KNQ","2018-04-07 05:00","2018","04","07","05:00","-15.1","","-16.9","","86","","0.0","","11","","9","","","","88.36","","","","-21","","NA"
"-114.68","51.78","SUNDRE A","3026KNQ","2018-04-07 06:00","2018","04","07","06:00","-16.7","","-18.6","","85","","0.0","","11","","7","","","","88.29","","","","-22","","NA"
"-114.68","51.78","SUNDRE A","3026KNQ","2018-04-07 07:00","2018","04","07","07:00","-15.0","","-16.9","","85","","0.0","","14","","6","","","","88.18","","","","-19","","NA"
"-114.68","51.78","SUNDRE A","3026KNQ","2018-04-07 08:00","2018","04","07","08:00","-13.1","","-15.4","","83","","0.0","","13","","10","","","","88.14","","","","-19","","NA"
"-114.68","51.78","SUNDRE A","3026KNQ","2018-04-07 09:00","2018","04","07","09:00","-11.5","","-14.8","","76","","0.0","","13","","16","","","","88.05","","","","-19","","NA"
"-114.68","51.78","SUNDRE A","3026KNQ","2018-04-07 10:00","2018","04","07","10:00","-10.1","","-14.2","","72","","0.0","","13","","20","","","","87.98","","","","-18","","NA"
"-114.68","51.78","SUNDRE A","3026KNQ","2018-04-07 11:00","2018","04","07","11:00","-9.2","","-13.8","","69","","0.0","","12","","21","","","","87.94","","","","-17","","NA"
"-114.68","51.78","SUNDRE A","3026KNQ","2018-04-07 12:00","2018","04","07","12:00","-9.6","","-13.8","","71","","0.0","","10","","22","","","","87.90","","","","-18","","NA"
"-114.68","51.78","SUNDRE A","3026KNQ","2018-04-07 13:00","2018","04","07","13:00","-9.3","","-13.2","","73","","0.0","","11","","24","","","","87.83","","","","-18","","NA"
"-114.68","51.78","SUNDRE A","3026KNQ","2018-04-07 14:00","2018","04","07","14:00","-9.0","","-12.9","","74","","0.0","","10","","22","","","","87.79","","","","-17","","NA"
"-114.68","51.78","SUNDRE A","3026KNQ","2018-04-07 15:00","2018","04","07","15:00","-9.5","","-12.6","","78","","0.0","","10","","19","","","","87.79","","","","-17","","NA"
"-114.68","51.78","SUNDRE A","3026KNQ","2018-04-07 16:00","2018","04","07","16:00","-10.1","","-13.0","","80","","0.0","","11","","21","","","","87.79","","","","-18","","NA"
"-114.68","51.78","SUNDRE A","3026KNQ","2018-04-07 17:00","2018","04","07","17:00","-10.3","","-12.8","","82","","0.0","","11","","18","","","","87.77","","","","-18","","NA"
"-114.68","51.78","SUNDRE A","3026KNQ","2018-04-07 18:00","2018","04","07","18:00","-10.5","","-12.5","","85","","0.0","","11","","14","","","","87.83","","","","-17","","NA"
"-114.68","51.78","SUNDRE A","3026KNQ","2018-04-07 19:00","2018","04","07","19:00","-10.5","","-12.6","","85","","0.0","","12","","13","","","","87.79","","","","-17","","NA"
"-114.68","51.78","SUNDRE A","3026KNQ","2018-04-07 20:00","2018","04","07","20:00","-10.5","","-12.1","","88","","0.3","","12","","7","","","","87.81","","","","-15","","NA"
"-114.68","51.78","SUNDRE A","3026KNQ","2018-04-07 21:00","2018","04","07","21:00","-10.4","","-11.9","","89","","0.5","","7","","4","","","","87.85","","","","-13","","NA"
"-114.68","51.78","SUNDRE A","3026KNQ","2018-04-07 22:00","2018","04","07","22:00","-10.3","","-11.8","","89","","0.3","","7","","3","","","","87.85","","","","-12","","NA"
"-114.68","51.78","SUNDRE A","3026KNQ","2018-04-07 23:00","2018","04","07","23:00","-10.4","","-11.8","","89","","0.4","","7","","3","","","","87.83","","","","-12","","NA"
"-114.68","51.78","SUNDRE A","3026KNQ","2018-04-08 00:00","2018","04","08","00:00","-10.4","","-11.9","","89","","0.2","","10","","3","","","","87.80","","","","-12","","NA"
"-114.68","51.78","SUNDRE A","3026KNQ","2018-04-08 01:00","2018","04","08","01:00","-10.5","","-11.8","","90","","0.9","","0","","1","","","","87.79","","","","-11","","NA"
"-114.68","51.78","SUNDRE A","3026KNQ","2018-04-08 02:00","2018","04","08","02:00","-10.4","","-11.7","","90","","0.7","","6","","3","","","","87.80","","","","-12","","NA"
"-114.68","51.78","SUNDRE A","3026KNQ","2018-04-08 03:00","2018","04","08","03:00","-10.5","","-11.8","","90","","0.9","","3","","4","","","","87.81","","","","-13","","NA"
"-114.68","51.78","SUNDRE A","3026KNQ","2018-04-08 04:00","2018","04","08","04:00","-10.5","","-11.9","","90","","0.4","","2","","3","","","","87.84","","","","-12","","NA"
"-114.68","51.78","SUNDRE A","3026KNQ","2018-04-08 05:00","2018","04","08","05:00","-10.5","","-11.8","","90","","0.2","","0","","1","","","","87.92","","","","-11","","NA"
"-114.68","51.78","SUNDRE A","3026KNQ","2018-04-08 06:00","2018","04","08","06:00","-10.6","","-11.9","","90","","0.3","","0","","1","","","","87.95","","","","-11","","NA"
"-114.68","51.78","SUNDRE A","3026KNQ","2018-04-08 07:00","2018","04","08","07:00","-10.1","","-11.7","","88","","0.2","","0","","1","","","","88.01","","","","-11","","NA"
"-114.68","51.78","SUNDRE A","3026KNQ","2018-04-08 08:00","2018","04","08","08:00","-9.6","","-11.6","","85","","0.2","","2","","2","","","","88.07","","","","-11","","NA"
"-114.68","51.78","SUNDRE A","3026KNQ","2018-04-08 09:00","2018","04","08","09:00","-8.8","","-11.4","","82","","0.3","","3","","3","","","","88.08","","","","-10","","NA"
"-114.68","51.78","SUNDRE A","3026KNQ","2018-04-08 10:00","2018","04","08","10:00","-8.1","","-11.0","","80","","0.2","","36","","5","","","","88.14","","","","-11","","NA"
"-114.68","51.78","SUNDRE A","3026KNQ","2018-04-08 11:00","2018","04","08","11:00","-7.2","","-10.5","","77","","0.0","","36","","5","","","","88.21","","","","-10","","NA"
"-114.68","51.78","SUNDRE A","3026KNQ","2018-04-08 12:00","2018","04","08","12:00","-5.7","","-9.6","","74","","0.2","","4","","7","","","","88.27","","","","-9","","NA"
"-114.68","51.78","SUNDRE A","3026KNQ","2018-04-08 13:00","2018","04","08","13:00","-5.0","","-9.3","","72","","0.0","","9","","8","","","","88.32","","","","-9","","NA"
"-114.68","51.78","SUNDRE A","3026KNQ","2018-04-08 14:00","2018","04","08","14:00","-4.5","","-8.5","","74","","0.0","","9","","11","","","","88.37","","","","-9","","NA"
"-114.68","51.78","SUNDRE A","3026KNQ","2018-04-08 15:00","2018","04","08","15:00","-4.6","","-8.3","","76","","0.0","","8","","11","","","","88.43","","","","-9","","NA"
"-114.68","51.78","SUNDRE A","3026KNQ","2018-04-08 16:00","2018","04","08","16:00","-4.2","","-8.0","","75","","0.0","","9","","10","","","","88.47","","","","-8","","NA"
"-114.68","51.78","SUNDRE A","3026KNQ","2018-04-08 17:00","2018","04","08","17:00","-4.1","","-7.5","","77","","0.0","","8","","8","","","","88.48","","","","-8","","NA"
"-114.68","51.78","SUNDRE A","3026KNQ","2018-04-08 18:00","2018","04","08","18:00","-3.8","","-7.2","","77","","0.0","","8","","7","","","","88.51","","","","-7","","NA"
"-114.68","51.78","SUNDRE A","3026KNQ","2018-04-08 19:00","2018","04","08","19:00","-4.5","","-7.3","","81","","0.0","","9","","6","","","","88.55","","","","-7","","NA"
"-114.68","51.78","SUNDRE A","3026KNQ","2018-04-08 20:00","2018","04","08","20:00","-5.4","","-7.8","","83","","0.0","","10","","2","","","","88.60","","","","-6","","NA"
"-114.68","51.78","SUNDRE A","3026KNQ","2018-04-08 21:00","2018","04","08","21:00","-7.0","","-8.5","","89","","0.0","","16","","1","","","","88.70","","","","-8","","NA"
"-114.68","51.78","SUNDRE A","3026KNQ","2018-04-08 22:00","2018","04","08","22:00","-7.0","","-8.3","","91","","0.0","","15","","3","","","","88.74","","","","-9","","NA"
"-114.68","51.78","SUNDRE A","3026KNQ","2018-04-08 23:00","2018","04","08","23:00","-6.5","","-7.9","","90","","0.0","","24","","3","","","","88.76","","","","-8","","NA"
"-114.68","51.78","SUNDRE A","3026KNQ","2018-04-09 00:00","2018","04","09","00:00","-6.4","","-7.8","","90","","0.0","","25","","2","","","","88.76","","","","-7","","NA"
"-114.68","51.78","SUNDRE A","3026KNQ","2018-04-09 01:00","2018","04","09","01:00","-6.3","","-7.7","","90","","0.0","","24","","3","","","","88.81","","","","-8","","NA"
"-114.68","51.78","SUNDRE A","3026KNQ","2018-04-09 02:00","2018","04","09","02:00","-6.3","","-7.6","","91","","0.0","","0","","1","","","","88.86","","","","-7","","NA"
"-114.68","51.78","SUNDRE A","3026KNQ","2018-04-09 03:00","2018","04","09","03:00","-6.5","","-7.8","","91","","0.0","","21","","3","","","","88.86","","","","-8","","NA"
"-114.68","51.78","SUNDRE A","3026KNQ","2018-04-09 04:00","2018","04","09","04:00","-9.2","","-10.4","","91","","0.0","","23","","4","","","","88.88","","","","-11","","NA"
"-114.68","51.78","SUNDRE A","3026KNQ","2018-04-09 05:00","2018","04","09","05:00","-12.2","","-13.5","","90","","0.0","","23","","4","","","","88.88","","","","-15","","NA"
"-114.68","51.78","SUNDRE A","3026KNQ","2018-04-09 06:00","2018","04","09","06:00","-12.7","","-14.2","","88","","0.0","","27","","3","","","","88.91","","","","-15","","NA"
"-114.68","51.78","SUNDRE A","3026KNQ","2018-04-09 07:00","2018","04","09","07:00","-10.0","","-11.2","","91","","0.0","","27","","5","","","","88.93","","","","-13","","NA"
"-114.68","51.78","SUNDRE A","3026KNQ","2018-04-09 08:00","2018","04","09","08:00","-5.1","","-6.9","","88","","0.0","","17","","6","","","","88.93","","","","-8","","NA"
"-114.68","51.78","SUNDRE A","3026KNQ","2018-04-09 09:00","2018","04","09","09:00","-2.7","","-7.1","","72","","0.0","","28","","3","","","","88.97","","","","-4","","NA"
"-114.68","51.78","SUNDRE A","3026KNQ","2018-04-09 10:00","2018","04","09","10:00","-0.2","","-4.9","","70","","0.0","","1","","6","","","","88.98","","","","-2","","NA"
"-114.68","51.78","SUNDRE A","3026KNQ","2018-04-09 11:00","2018","04","09","11:00","3.8","","-3.6","","59","","0.0","","2","","5","","","","89.00","","","","","","NA"
"-114.68","51.78","SUNDRE A","3026KNQ","2018-04-09 12:00","2018","04","09","12:00","5.1","","-2.7","","57","","0.0","","9","","14","","","","88.98","","","","","","NA"
"-114.68","51.78","SUNDRE A","3026KNQ","2018-04-09 13:00","2018","04","09","13:00","6.4","","-3.3","","50","","0.0","","13","","12","","","","88.95","","","","","","NA"
"-114.68","51.78","SUNDRE A","3026KNQ","2018-04-09 14:00","2018","04","09","14:00","5.6","","-2.8","","54","","0.0","","10","","13","","","","88.94","","","","","","NA"
"-114.68","51.78","SUNDRE A","3026KNQ","2018-04-09 15:00","2018","04","09","15:00","5.4","","-2.7","","56","","0.0","","9","","12","","","","88.92","","","","","","NA"
"-114.68","51.78","SUNDRE A","3026KNQ","2018-04-09 16:00","2018","04","09","16:00","4.9","","-2.6","","59","","0.0","","9","","11","","","","88.87","","","","","","NA"
"-114.68","51.78","SUNDRE A","3026KNQ","2018-04-09 17:00","2018","04","09","17:00","4.7","","-1.9","","62","","0.0","","8","","8","","","","88.88","","","","","","NA"
"-114.68","51.78","SUNDRE A","3026KNQ","2018-04-09 18:00","2018","04","09","18:00","4.6","","-1.9","","63","","0.0","","9","","6","","","","88.82","","","","","","NA"
"-114.68","51.78","SUNDRE A","3026KNQ","2018-04-09 19:00","2018","04","09","19:00","3.5","","-1.8","","68","","0.0","","9","","6","","","","88.76","","","","","","NA"
"-114.68","51.78","SUNDRE A","3026KNQ","2018-04-09 20:00","2018","04","09","20:00","0.5","","-2.4","","81","","0.0","","13","","2","","","","88.78","","","","","","NA"
"-114.68","51.78","SUNDRE A","3026KNQ","2018-04-09 21:00","2018","04","09","21:00","-1.6","","-3.3","","88","","0.0","","23","","5","","","","88.79","","","","-3","","NA"
"-114.68","51.78","SUNDRE A","3026KNQ","2018-04-09 22:00","2018","04","09","22:00","-2.1","","-3.6","","90","","0.0","","25","","8","","","","88.83","","","","-5","","NA"
"-114.68","51.78","SUNDRE A","3026KNQ","2018-04-09 23:00","2018","04","09","23:00","-3.8","","-5.1","","91","","0.0","","29","","3","","","","88.83","","","","-5","","NA"
"-114.68","51.78","SUNDRE A","3026KNQ","2018-04-10 00:00","2018","04","10","00:00","-4.6","","-6.3","","88","","0.0","","25","","3","","","","88.84","","","","-6","","NA"
"-114.68","51.78","SUNDRE A","3026KNQ","2018-04-10 01:00","2018","04","10","01:00","-6.2","","-7.1","","93","","0.0","","23","","4","","","","88.83","","","","-8","","NA"
"-114.68","51.78","SUNDRE A","3026KNQ","2018-04-10 02:00","2018","04","10","02:00","-6.6","","-7.4","","94","","0.0","","25","","4","","","","88.81","","","","-9","","NA"
"-114.68","51.78","SUNDRE A","3026KNQ","2018-04-10 03:00","2018","04","10","03:00","-7.3","","-8.2","","93","","0.0","","25","","3","","","","88.77","","","","-9","","NA"
"-114.68","51.78","SUNDRE A","3026KNQ","2018-04-10 04:00","2018","04","10","04:00","-8.0","","-8.8","","94","","0.0","","26","","4","","","","88.74","","","","-10","","NA"
"-114.68","51.78","SUNDRE A","3026KNQ","2018-04-10 05:00","2018","04","10","05:00","-8.2","","-9.0","","94","","0.0","","26","","5","","","","88.71","","","","-11","","NA"
"-114.68","51.78","SUNDRE A","3026KNQ","2018-04-10 06:00","2018","04","10","06:00","-9.3","","-10.4","","92","","0.0","","27","","5","","","","88.67","","","","-12","","NA"
"-114.68","51.78","SUNDRE A","3026KNQ","2018-04-10 07:00","2018","04","10","07:00","-7.0","","-9.3","","84","","0.0","","29","","3","","","","88.61","","","","-9","","NA"
"-114.68","51.78","SUNDRE A","3026KNQ","2018-04-10 08:00","2018","04","10","08:00","-2.8","","-7.4","","71","","0.0","","27","","6","","","","88.59","","","","-5","","NA"
"-114.68","51.78","SUNDRE A","3026KNQ","2018-04-10 09:00","2018","04","10","09:00","0.1","","-6.2","","62","","0.0","","32","","3","","","","88.48","","","","","","NA"
"-114.68","51.78","SUNDRE A","3026KNQ","2018-04-10 10:00","2018","04","10","10:00","2.9","","-4.4","","59","","0.0","","34","","4","","","","88.45","","","","","","NA"
"-114.68","51.78","SUNDRE A","3026KNQ","2018-04-10 11:00","2018","04","10","11:00","6.1","","-4.2","","48","","0.0","","5","","6","","","","88.38","","","","","","NA"
"-114.68","51.78","SUNDRE A","3026KNQ","2018-04-10 12:00","2018","04","10","12:00","8.4","","-4.6","","39","","0.0","","8","","12","","","","88.32","","","","","","NA"
"-114.68","51.78","SUNDRE A","3026KNQ","2018-04-10 13:00","2018","04","10","13:00","7.3","","-3.7","","45","","0.0","","11","","15","","","","88.17","","","","","","NA"
"-114.68","51.78","SUNDRE A","3026KNQ","2018-04-10 14:00","2018","04","10","14:00","6.7","","-3.4","","48","","0.0","","11","","18","","","","88.12","","","","","","NA"
"-114.68","51.78","SUNDRE A","3026KNQ","2018-04-10 15:00","2018","04","10","15:00","6.2","","-3.1","","51","","0.0","","11","","16","","","","88.06","","","","","","NA"
"-114.68","51.78","SUNDRE A","3026KNQ","2018-04-10 16:00","2018","04","10","16:00","5.6","","-2.7","","55","","0.0","","11","","13","","","","88.04","","","","","","NA"
"-114.68","51.78","SUNDRE A","3026KNQ","2018-04-10 17:00","2018","04","10","17:00","4.8","","-2.7","","58","","0.0","","8","","9","","","","88.03","","","","","","NA"
"-114.68","51.78","SUNDRE A","3026KNQ","2018-04-10 18:00","2018","04","10","18:00","3.0","","-2.3","","68","","0.0","","4","","8","","","","87.95","","","","","","NA"
"-114.68","51.78","SUNDRE A","3026KNQ","2018-04-10 19:00","2018","04","10","19:00","1.9","","-2.4","","73","","0.0","","8","","7","","","","87.95","","","","","","NA"
"-114.68","51.78","SUNDRE A","3026KNQ","2018-04-10 20:00","2018","04","10","20:00","0.9","","-2.6","","78","","0.0","","12","","4","","","","87.93","","","","","","NA"
"-114.68","51.78","SUNDRE A","3026KNQ","2018-04-10 21:00","2018","04","10","21:00","0.2","","-2.5","","82","","0.0","","4","","6","","","","87.97","","","","","","NA"
"-114.68","51.78","SUNDRE A","3026KNQ","2018-04-10 22:00","2018","04","10","22:00","-1.4","","-3.3","","87","","0.0","","2","","3","","","","87.89","","","","-2","","NA"
"-114.68","51.78","SUNDRE A","3026KNQ","2018-04-10 23:00","2018","04","10","23:00","-3.5","","-4.5","","93","","0.0","","19","","2","","","","87.82","","","","-4","","NA"
"-114.68","51.78","SUNDRE A","3026KNQ","2018-04-11 00:00","2018","04","11","00:00","-4.3","","-5.0","","94","","0.0","","36","","4","","","","87.79","","","","-6","","NA"
"-114.68","51.78","SUNDRE A","3026KNQ","2018-04-11 01:00","2018","04","11","01:00","-5.2","","-5.9","","94","","0.0","","27","","6","","","","87.79","","","","-8","","NA"
"-114.68","51.78","SUNDRE A","3026KNQ","2018-04-11 02:00","2018","04","11","02:00","-4.8","","-5.4","","95","","0.0","","21","","3","","","","87.74","","","","-6","","NA"
"-114.68","51.78","SUNDRE A","3026KNQ","2018-04-11 03:00","2018","04","11","03:00","-6.0","","-6.8","","94","","0.0","","34","","2","","","","87.73","","","","-7","","NA"
"-114.68","51.78","SUNDRE A","3026KNQ","2018-04-11 04:00","2018","04","11","04:00","-6.5","","-7.2","","95","","0.0","","31","","2","","","","87.80","","","","-7","","NA"
"-114.68","51.78","SUNDRE A","3026KNQ","2018-04-11 05:00","2018","04","11","05:00","-6.3","","-7.1","","94","","0.0","","29","","2","","","","87.88","","","","-7","","NA"
"-114.68","51.78","SUNDRE A","3026KNQ","2018-04-11 06:00","2018","04","11","06:00","-4.9","","-5.7","","94","","0.0","","16","","4","","","","87.94","","","","-7","","NA"
"-114.68","51.78","SUNDRE A","3026KNQ","2018-04-11 07:00","2018","04","11","07:00","-3.9","","-5.0","","92","","0.0","","25","","2","","","","87.92","","","","-5","","NA"
"-114.68","51.78","SUNDRE A","3026KNQ","2018-04-11 08:00","2018","04","11","08:00","-1.6","","-4.1","","83","","0.0","","21","","7","","","","87.97","","","","-4","","NA"
"-114.68","51.78","SUNDRE A","3026KNQ","2018-04-11 09:00","2018","04","11","09:00","-0.9","","-3.9","","80","","0.0","","1","","4","","","","87.94","","","","-2","","NA"
"-114.68","51.78","SUNDRE A","3026KNQ","2018-04-11 10:00","2018","04","11","10:00","2.7","","-3.0","","66","","0.0","","33","","3","","","","87.99","","","","","","NA"
"-114.68","51.78","SUNDRE A","3026KNQ","2018-04-11 11:00","2018","04","11","11:00","6.2","","-4.4","","47","","0.0","","1","","4","","","","88.00","","","","","","NA"
"-114.68","51.78","SUNDRE A","3026KNQ","2018-04-11 12:00","2018","04","11","12:00","6.5","","-3.9","","47","","0.0","","5","","13","","","","88.01","","","","","","NA"
"-114.68","51.78","SUNDRE A","3026KNQ","2018-04-11 13:00","2018","04","11","13:00","4.6","","-2.6","","60","","0.0","","9","","14","","","","87.99","","","","","","NA"
"-114.68","51.78","SUNDRE A","3026KNQ","2018-04-11 14:00","2018","04","11","14:00","4.5","","-2.0","","63","","0.0","","7","","14","","","","87.96","","","","","","NA"
"-114.68","51.78","SUNDRE A","3026KNQ","2018-04-11 15:00","2018","04","11","15:00","3.0","","-2.0","","70","","0.0","","10","","15","","","","87.98","","","","","","NA"
"-114.68","51.78","SUNDRE A","3026KNQ","2018-04-11 16:00","2018","04","11","16:00","2.9","","-2.1","","70","","0.0","","10","","11","","","","87.99","","","","","","NA"
"-114.68","51.78","SUNDRE A","3026KNQ","2018-04-11 17:00","2018","04","11","17:00","2.2","","-2.2","","73","","0.0","","11","","12","","","","88.00","","","","","","NA"
"-114.68","51.78","SUNDRE A","3026KNQ","2018-04-11 18:00","2018","04","11","18:00","2.2","","-2.9","","69","","0.0","","8","","10","","","","87.98","","","","","","NA"
"-114.68","51.78","SUNDRE A","3026KNQ","2018-04-11 19:00","2018","04","11","19:00","0.7","","-2.8","","77","","0.0","","9","","10","","","","87.95","","","","","","NA"
"-114.68","51.78","SUNDRE A","3026KNQ","2018-04-11 20:00","2018","04","11","20:00","-0.7","","-2.4","","89","","0.0","","8","","9","","","","87.99","","","","-4","","NA"
"-114.68","51.78","SUNDRE A","3026KNQ","2018-04-11 21:00","2018","04","11","21:00","-1.1","","-2.4","","91","","0.0","","11","","11","","","","88.00","","","","-5","","NA"
"-114.68","51.78","SUNDRE A","3026KNQ","2018-04-11 22:00","2018","04","11","22:00","-1.2","","-2.6","","90","","0.0","","13","","11","","","","87.98","","","","-5","","NA"
"-114.68","51.78","SUNDRE A","3026KNQ","2018-04-11 23:00","2018","04","11","23:00","-1.6","","-2.9","","91","","0.0","","12","","14","","","","87.92","","","","-6","","NA"
"-114.68","51.78","SUNDRE A","3026KNQ","2018-04-12 00:00","2018","04","12","00:00","-1.6","","-2.8","","92","","0.0","","14","","12","","","","87.89","","","","-6","","NA"
"-114.68","51.78","SUNDRE A","3026KNQ","2018-04-12 01:00","2018","04","12","01:00","-1.5","","-2.8","","91","","0.0","","14","","10","","","","87.85","","","","-5","","NA"
"-114.68","51.78","SUNDRE A","3026KNQ","2018-04-12 02:00","2018","04","12","02:00","-1.6","","-3.0","","90","","0.0","","15","","12","","","","87.80","","","","-6","","NA"
"-114.68","51.78","SUNDRE A","3026KNQ","2018-04-12 03:00","2018","04","12","03:00","-1.9","","-2.9","","93","","0.0","","12","","11","","","","87.76","","","","-6","","NA"
"-114.68","51.78","SUNDRE A","3026KNQ","2018-04-12 04:00","2018","04","12","04:00","-2.2","","-3.1","","94","","0.0","","12","","12","","","","87.75","","","","-6","","NA"
"-114.68","51.78","SUNDRE A","3026KNQ","2018-04-12 05:00","2018","04","12","05:00","-2.4","","-3.4","","93","","0.0","","15","","11","","","","87.79","","","","-6","","NA"
"-114.68","51.78","SUNDRE A","3026KNQ","2018-04-12 06:00","2018","04","12","06:00","-2.5","","-3.7","","92","","0.0","","13","","11","","","","87.78","","","","-7","","NA"
"-114.68","51.78","SUNDRE A","3026KNQ","2018-04-12 07:00","2018","04","12","07:00","-2.8","","-3.5","","94","","0.0","","11","","13","","","","87.81","","","","-7","","NA"
"-114.68","51.78","SUNDRE A","3026KNQ","2018-04-12 08:00","2018","04","12","08:00","-2.7","","-3.7","","93","","0.0","","12","","13","","","","87.81","","","","-7","","NA"
"-114.68","51.78","SUNDRE A","3026KNQ","2018-04-12 09:00","2018","04","12","09:00","-2.4","","-3.8","","90","","0.0","","12","","14","","","","87.84","","","","-7","","NA"
"-114.68","51.78","SUNDRE A","3026KNQ","2018-04-12 10:00","2018","04","12","10:00","-3.0","","-4.0","","93","","0.0","","12","","16","","","","87.87","","","","-8","","NA"
"-114.68","51.78","SUNDRE A","3026KNQ","2018-04-12 11:00","2018","04","12","11:00","-3.0","","-4.1","","92","","0.0","","14","","17","","","","87.92","","","","-9","","NA"
"-114.68","51.78","SUNDRE A","3026KNQ","2018-04-12 12:00","2018","04","12","12:00","-2.1","","-4.6","","83","","0.0","","12","","18","","","","87.91","","","","-8","","NA"
"-114.68","51.78","SUNDRE A","3026KNQ","2018-04-12 13:00","2018","04","12","13:00","-2.4","","-4.5","","85","","0.0","","12","","18","","","","87.93","","","","-8","","NA"
"-114.68","51.78","SUNDRE A","3026KNQ","2018-04-12 14:00","2018","04","12","14:00","-2.8","","-4.5","","88","","0.0","","10","","18","","","","87.96","","","","-8","","NA"
"-114.68","51.78","SUNDRE A","3026KNQ","2018-04-12 15:00","2018","04","12","15:00","-2.7","","-5.2","","83","","0.0","","12","","15","","","","87.99","","","","-8","","NA"
"-114.68","51.78","SUNDRE A","3026KNQ","2018-04-12 16:00","2018","04","12","16:00","-2.7","","-4.6","","86","","0.0","","12","","17","","","","88.05","","","","-8","","NA"
"-114.68","51.78","SUNDRE A","3026KNQ","2018-04-12 17:00","2018","04","12","17:00","-2.6","","-4.9","","84","","0.0","","13","","19","","","","88.08","","","","-8","","NA"
"-114.68","51.78","SUNDRE A","3026KNQ","2018-04-12 18:00","2018","04","12","18:00","-2.6","","-4.8","","85","","0.0","","13","","18","","","","88.15","","","","-8","","NA"
"-114.68","51.78","SUNDRE A","3026KNQ","2018-04-12 19:00","2018","04","12","19:00","-3.0","","-5.0","","87","","0.0","","13","","17","","","","88.18","","","","-9","","NA"
"-114.68","51.78","SUNDRE A","3026KNQ","2018-04-12 20:00","2018","04","12","20:00","-3.0","","-4.9","","86","","0.0","","13","","13","","","","88.25","","","","-8","","NA"
"-114.68","51.78","SUNDRE A","3026KNQ","2018-04-12 21:00","2018","04","12","21:00","-3.3","","-5.0","","88","","0.0","","12","","11","","","","88.28","","","","-8","","NA"
"-114.68","51.78","SUNDRE A","3026KNQ","2018-04-12 22:00","2018","04","12","22:00","-3.5","","-5.2","","88","","0.0","","12","","10","","","","88.30","","","","-7","","NA"
"-114.68","51.78","SUNDRE A","3026KNQ","2018-04-12 23:00","2018","04","12","23:00","-3.6","","-5.2","","89","","0.0","","12","","13","","","","88.31","","","","-8","","NA"
"-114.68","51.78","SUNDRE A","3026KNQ","2018-04-13 00:00","2018","04","13","00:00","-3.5","","-5.1","","88","","0.0","","12","","9","","","","88.35","","","","-7","","NA"
"-114.68","51.78","SUNDRE A","3026KNQ","2018-04-13 01:00","2018","04","13","01:00","-3.2","","-5.2","","86","","0.0","","14","","12","","","","88.37","","","","-8","","NA"
"-114.68","51.78","SUNDRE A","3026KNQ","2018-04-13 02:00","2018","04","13","02:00","-3.1","","-5.1","","86","","0.0","","14","","8","","","","88.37","","","","-6","","NA"
"-114.68","51.78","SUNDRE A","3026KNQ","2018-04-13 03:00","2018","04","13","03:00","-3.0","","-5.0","","86","","0.0","","14","","7","","","","88.41","","","","-6","","NA"
"-114.68","51.78","SUNDRE A","3026KNQ","2018-04-13 04:00","2018","04","13","04:00","-2.8","","-4.8","","86","","0.0","","11","","4","","","","88.50","","","","-4","","NA"
"-114.68","51.78","SUNDRE A","3026KNQ","2018-04-13 05:00","2018","04","13","05:00","-3.1","","-4.6","","89","","0.0","","0","","1","","","","88.55","","","","-4","","NA"
"-114.68","51.78","SUNDRE A","3026KNQ","2018-04-13 06:00","2018","04","13","06:00","-3.1","","-4.6","","90","","0.0","","29","","4","","","","88.66","","","","-5","","NA"
"-114.68","51.78","SUNDRE A","3026KNQ","2018-04-13 07:00","2018","04","13","07:00","-2.8","","-5.0","","85","","0.0","","22","","5","","","","88.70","","","","-5","","NA"
"-114.68","51.78","SUNDRE A","3026KNQ","2018-04-13 08:00","2018","04","13","08:00","-0.8","","-4.4","","76","","0.0","","21","","3","","","","88.75","","","","-2","","NA"
"-114.68","51.78","SUNDRE A","3026KNQ","2018-04-13 09:00","2018","04","13","09:00","1.9","","-3.5","","68","","0.0","","28","","2","","","","88.81","","","","","","NA"
"-114.68","51.78","SUNDRE A","3026KNQ","2018-04-13 10:00","2018","04","13","10:00","4.7","","-3.4","","56","","0.0","","16","","5","","","","88.84","","","","","","NA"
"-114.68","51.78","SUNDRE A","3026KNQ","2018-04-13 11:00","2018","04","13","11:00","5.2","","-3.8","","52","","0.0","","14","","7","","","","88.87","","","","","","NA"
"-114.68","51.78","SUNDRE A","3026KNQ","2018-04-13 12:00","2018","04","13","12:00","5.5","","-2.9","","54","","0.0","","10","","18","","","","88.81","","","","","","NA"
"-114.68","51.78","SUNDRE A","3026KNQ","2018-04-13 13:00","2018","04","13","13:00","5.2","","-3.2","","55","","0.0","","11","","16","","","","88.79","","","","","","NA"
"-114.68","51.78","SUNDRE A","3026KNQ","2018-04-13 14:00","2018","04","13","14:00","5.3","","-2.6","","57","","0.0","","13","","22","","","","88.74","","","","","","NA"
"-114.68","51.78","SUNDRE A","3026KNQ","2018-04-13 15:00","2018","04","13","15:00","6.6","","-2.5","","52","","0.0","","12","","18","","","","88.73","","","","","","NA"
"-114.68","51.78","SUNDRE A","3026KNQ","2018-04-13 16:00","2018","04","13","16:00","7.9","","-7.3","","33","","0.0","","26","","9","","","","88.66","","","","","","NA"
"-114.68","51.78","SUNDRE A","3026KNQ","2018-04-13 17:00","2018","04","13","17:00","7.5","","-8.1","","32","","0.0","","23","","14","","","","88.61","","","","","","NA"
"-114.68","51.78","SUNDRE A","3026KNQ","2018-04-13 18:00","2018","04","13","18:00","8.1","","-8.1","","31","","0.0","","15","","11","","","","88.55","","","","","","NA"
"-114.68","51.78","SUNDRE A","3026KNQ","2018-04-13 19:00","2018","04","13","19:00","6.9","","-6.5","","38","","0.0","","6","","4","","","","88.53","","","","","","NA"
"-114.68","51.78","SUNDRE A","3026KNQ","2018-04-13 20:00","2018","04","13","20:00","5.6","","-6.4","","42","","0.0","","17","","13","","","","88.48","","","","","","NA"
"-114.68","51.78","SUNDRE A","3026KNQ","2018-04-13 21:00","2018","04","13","21:00","5.1","","-6.7","","42","","0.0","","19","","11","","","","88.46","","","","","","NA"
"-114.68","51.78","SUNDRE A","3026KNQ","2018-04-13 22:00","2018","04","13","22:00","4.5","","-6.0","","46","","0.0","","18","","11","","","","88.45","","","","","","NA"
"-114.68","51.78","SUNDRE A","3026KNQ","2018-04-13 23:00","2018","04","13","23:00","3.9","","-6.1","","48","","0.0","","21","","15","","","","88.44","","","","","","NA"
"-114.68","51.78","SUNDRE A","3026KNQ","2018-04-14 00:00","2018","04","14","00:00","4.0","","-5.9","","48","","0.0","","22","","13","","","","88.43","","","","","","NA"
"-114.68","51.78","SUNDRE A","3026KNQ","2018-04-14 01:00","2018","04","14","01:00","5.9","","-6.3","","41","","0.0","","21","","17","","","","88.40","","","","","","NA"
"-114.68","51.78","SUNDRE A","3026KNQ","2018-04-14 02:00","2018","04","14","02:00","2.4","","-6.2","","53","","0.0","","13","","12","","","","88.35","","","","","","NA"
"-114.68","51.78","SUNDRE A","3026KNQ","2018-04-14 03:00","2018","04","14","03:00","1.5","","-6.9","","54","","0.0","","20","","5","","","","88.38","","","","","","NA"
"-114.68","51.78","SUNDRE A","3026KNQ","2018-04-14 04:00","2018","04","14","04:00","-1.6","","-6.8","","67","","0.0","","23","","3","","","","88.38","","","","-3","","NA"
"-114.68","51.78","SUNDRE A","3026KNQ","2018-04-14 05:00","2018","04","14","05:00","0.6","","-6.3","","60","","0.0","","21","","8","","","","88.42","","","","","","NA"
"-114.68","51.78","SUNDRE A","3026KNQ","2018-04-14 06:00","2018","04","14","06:00","4.0","","-5.6","","49","","0.0","","22","","19","","","","88.44","","","","","","NA"
"-114.68","51.78","SUNDRE A","3026KNQ","2018-04-14 07:00","2018","04","14","07:00","4.9","","-5.7","","46","","0.0","","23","","8","","","","88.56","","","","","","NA"
"-114.68","51.78","SUNDRE A","3026KNQ","2018-04-14 08:00","2018","04","14","08:00","5.6","","-6.8","","40","","0.0","","27","","16","","","","88.60","","","","","","NA"
"-114.68","51.78","SUNDRE A","3026KNQ","2018-04-14 09:00","2018","04","14","09:00","6.8","","-9.0","","31","","0.0","","26","","15","","","","88.64","","","","","","NA"
"-114.68","51.78","SUNDRE A","3026KNQ","2018-04-14 10:00","2018","04","14","10:00","4.3","","-3.4","","57","","0.0","","1","","20","","","","88.71","","","","","","NA"
"-114.68","51.78","SUNDRE A","3026KNQ","2018-04-14 11:00","2018","04","14","11:00","5.0","","-3.9","","52","","0.0","","5","","13","","","","88.74","","","","","","NA"
"-114.68","51.78","SUNDRE A","3026KNQ","2018-04-14 12:00","2018","04","14","12:00","4.5","","-3.2","","57","","0.0","","12","","14","","","","88.70","","","","","","NA"
"-114.68","51.78","SUNDRE A","3026KNQ","2018-04-14 13:00","2018","04","14","13:00","4.2","","-3.2","","59","","0.0","","10","","13","","","","88.70","","","","","","NA"
"-114.68","51.78","SUNDRE A","3026KNQ","2018-04-14 14:00","2018","04","14","14:00","4.9","","-3.6","","54","","0.0","","12","","13","","","","88.69","","","","","","NA"
"-114.68","51.78","SUNDRE A","3026KNQ","2018-04-14 15:00","2018","04","14","15:00","4.9","","-3.4","","55","","0.0","","11","","14","","","","88.68","","","","","","NA"
"-114.68","51.78","SUNDRE A","3026KNQ","2018-04-14 16:00","2018","04","14","16:00","5.7","","-3.7","","51","","0.0","","13","","15","","","","88.62","","","","","","NA"
"-114.68","51.78","SUNDRE A","3026KNQ","2018-04-14 17:00","2018","04","14","17:00","4.2","","-2.5","","62","","0.0","","11","","17","","","","88.56","","","","","","NA"
"-114.68","51.78","SUNDRE A","3026KNQ","2018-04-14 18:00","2018","04","14","18:00","3.8","","-2.3","","65","","0.0","","3","","7","","","","88.58","","","","","","NA"
"-114.68","51.78","SUNDRE A","3026KNQ","2018-04-14 19:00","2018","04","14","19:00","5.2","","-5.0","","47","","0.0","","24","","9","","","","88.57","","","","","","NA"
"-114.68","51.78","SUNDRE A","3026KNQ","2018-04-14 20:00","2018","04","14","20:00","4.0","","-5.4","","50","","0.0","","24","","9","","","","88.55","","","","","","NA"
"-114.68","51.78","SUNDRE A","3026KNQ","2018-04-14 21:00","2018","04","14","21:00","1.7","","-5.2","","61","","0.0","","26","","4","","","","88.56","","","","","","NA"
"-114.68","51.78","SUNDRE A","3026KNQ","2018-04-14 22:00","2018","04","14","22:00","-0.6","","-5.7","","69","","0.0","","16","","5","","","","88.55","","","","-2","","NA"
"-114.68","51.78","SUNDRE A","3026KNQ","2018-04-14 23:00","2018","04","14","23:00","-0.7","","-5.0","","73","","0.0","","14","","5","","","","88.55","","","","-2","","NA"
"-114.68","51.78","SUNDRE A","3026KNQ","2018-04-15 00:00","2018","04","15","00:00","-1.7","","-5.2","","77","","0.0","","20","","3","","","","88.56","","","","-3","","NA"
"-114.68","51.78","SUNDRE A","3026KNQ","2018-04-15 01:00","2018","04","15","01:00","-1.5","","-4.2","","82","","0.0","","24","","5","","","","88.55","","","","-3","","NA"
"-114.68","51.78","SUNDRE A","3026KNQ","2018-04-15 02:00","2018","04","15","02:00","0.5","","-4.6","","69","","0.0","","15","","4","","","","88.48","","","","","","NA"
"-114.68","51.78","SUNDRE A","3026KNQ","2018-04-15 03:00","2018","04","15","03:00","0.0","","-3.8","","76","","0.0","","25","","4","","","","88.40","","","","-1","","NA"
"-114.68","51.78","SUNDRE A","3026KNQ","2018-04-15 04:00","2018","04","15","04:00","0.2","","-4.1","","73","","0.0","","23","","3","","","","88.39","","","","","","NA"
"-114.68","51.78","SUNDRE A","3026KNQ","2018-04-15 05:00","2018","04","15","05:00","-1.0","","-3.7","","82","","0.0","","23","","2","","","","88.38","","","","-2","","NA"
"-114.68","51.78","SUNDRE A","3026KNQ","2018-04-15 06:00","2018","04","15","06:00","0.7","","-3.8","","72","","0.0","","32","","2","","","","88.37","","","","","","NA"
"-114.68","51.78","SUNDRE A","3026KNQ","2018-04-15 07:00","2018","04","15","07:00","1.2","","-3.2","","72","","0.0","","28","","8","","","","88.37","","","","","","NA"
"-114.68","51.78","SUNDRE A","3026KNQ","2018-04-15 08:00","2018","04","15","08:00","2.1","","-3.0","","69","","0.0","","27","","9","","","","88.35","","","","","","NA"
"-114.68","51.78","SUNDRE A","3026KNQ","2018-04-15 09:00","2018","04","15","09:00","3.0","","-3.6","","62","","0.0","","36","","11","","","","88.33","","","","","","NA"
"-114.68","51.78","SUNDRE A","3026KNQ","2018-04-15 10:00","2018","04","15","10:00","3.5","","-3.8","","59","","0.0","","36","","6","","","","88.33","","","","","","NA"
"-114.68","51.78","SUNDRE A","3026KNQ","2018-04-15 11:00","2018","04","15","11:00","4.0","","-4.0","","56","","0.0","","35","","11","","","","88.33","","","","","","NA"
"-114.68","51.78","SUNDRE A","3026KNQ","2018-04-15 12:00","2018","04","15","12:00","4.6","","-4.5","","52","","0.0","","35","","11","","","","88.28","","","","","","NA"
"-114.68","51.78","SUNDRE A","3026KNQ","2018-04-15 13:00","2018","04","15","13:00","5.2","","-4.8","","48","","0.0","","35","","10","","","","88.23","","","","","","NA"
"-114.68","51.78","SUNDRE A","3026KNQ","2018-04-15 14:00","2018","04","15","14:00","5.1","","-4.4","","50","","0.0","","1","","14","","","","88.21","","","","","","NA"
"-114.68","51.78","SUNDRE A","3026KNQ","2018-04-15 15:00","2018","04","15","15:00","5.0","","-4.0","","52","","0.0","","3","","15","","","","88.21","","","","","","NA"
"-114.68","51.78","SUNDRE A","3026KNQ","2018-04-15 16:00","2018","04","15","16:00","5.2","","-3.8","","52","","0.0","","2","","16","","","","88.21","","","","","","NA"
"-114.68","51.78","SUNDRE A","3026KNQ","2018-04-15 17:00","2018","04","15","17:00","4.8","","-2.6","","59","","0.0","","3","","13","","","","88.28","","","","","","NA"
"-114.68","51.78","SUNDRE A","3026KNQ","2018-04-15 18:00","2018","04","15","18:00","4.1","","-2.3","","63","","0.0","","7","","11","","","","88.33","","","","","","NA"
"-114.68","51.78","SUNDRE A","3026KNQ","2018-04-15 19:00","2018","04","15","19:00","2.6","","-1.4","","75","","0.0","","5","","8","","","","88.38","","","","","","NA"
"-114.68","51.78","SUNDRE A","3026KNQ","2018-04-15 20:00","2018","04","15","20:00","1.9","","-1.4","","79","","0.0","","4","","4","","","","88.41","","","","","","NA"
"-114.68","51.78","SUNDRE A","3026KNQ","2018-04-15 21:00","2018","04","15","21:00","1.1","","-1.3","","84","","0.0","","32","","4","","","","88.40","","","","","","NA"
"-114.68","51.78","SUNDRE A","3026KNQ","2018-04-15 22:00","2018","04","15","22:00","1.5","","-1.4","","81","","0.0","","32","","4","","","","88.41","","","","","","NA"
"-114.68","51.78","SUNDRE A","3026KNQ","2018-04-15 23:00","2018","04","15","23:00","1.3","","-1.6","","81","","0.0","","35","","5","","","","88.44","","","","","","NA"
"-114.68","51.78","SUNDRE A","3026KNQ","2018-04-16 00:00","2018","04","16","00:00","0.9","","-2.2","","80","","0.0","","36","","9","","","","88.41","","","","","","NA"
"-114.68","51.78","SUNDRE A","3026KNQ","2018-04-16 01:00","2018","04","16","01:00","0.4","","-2.0","","84","","0.0","","34","","8","","","","88.38","","","","","","NA"
"-114.68","51.78","SUNDRE A","3026KNQ","2018-04-16 02:00","2018","04","16","02:00","-0.2","","-1.6","","90","","0.0","","31","","7","","","","88.33","","","","-3","","NA"
"-114.68","51.78","SUNDRE A","3026KNQ","2018-04-16 03:00","2018","04","16","03:00","-0.2","","-1.7","","90","","0.0","","29","","8","","","","88.29","","","","-3","","NA"
"-114.68","51.78","SUNDRE A","3026KNQ","2018-04-16 04:00","2018","04","16","04:00","-0.3","","-1.7","","90","","0.0","","33","","8","","","","88.20","","","","-3","","NA"
"-114.68","51.78","SUNDRE A","3026KNQ","2018-04-16 05:00","2018","04","16","05:00","-0.5","","-1.5","","93","","0.0","","34","","10","","","","88.18","","","","-4","","NA"
"-114.68","51.78","SUNDRE A","3026KNQ","2018-04-16 06:00","2018","04","16","06:00","-1.1","","-1.7","","96","","1.6","","1","","13","","","","88.12","","","","-5","","NA"
"-114.68","51.78","SUNDRE A","3026KNQ","2018-04-16 07:00","2018","04","16","07:00","-1.2","","-1.6","","97","","1.0","","34","","9","","","","88.07","","","","-4","","NA"
"-114.68","51.78","SUNDRE A","3026KNQ","2018-04-16 08:00","2018","04","16","08:00","-1.0","","-1.6","","96","","1.3","","34","","5","","","","88.03","","","","-3","","NA"
"-114.68","51.78","SUNDRE A","3026KNQ","2018-04-16 09:00","2018","04","16","09:00","-0.8","","-1.7","","94","","0.8","","32","","9","","","","87.95","","","","-4","","NA"
"-114.68","51.78","SUNDRE A","3026KNQ","2018-04-16 10:00","2018","04","16","10:00","-0.5","","-1.8","","91","","0.6","","34","","10","","","","87.85","","","","-4","","NA"
"-114.68","51.78","SUNDRE A","3026KNQ","2018-04-16 11:00","2018","04","16","11:00","-0.3","","-1.6","","91","","1.1","","32","","8","","","","87.77","","","","-3","","NA"
"-114.68","51.78","SUNDRE A","3026KNQ","2018-04-16 12:00","2018","04","16","12:00","-0.1","","-2.0","","87","","0.6","","33","","13","","","","87.70","","","","-4","","NA"
"-114.68","51.78","SUNDRE A","3026KNQ","2018-04-16 13:00","2018","04","16","13:00","0.3","","-1.8","","86","","0.4","","33","","12","","","","87.68","","","","","","NA"
"-114.68","51.78","SUNDRE A","3026KNQ","2018-04-16 14:00","2018","04","16","14:00","0.5","","-1.7","","86","","0.3","","36","","12","","","","87.61","","","","","","NA"
"-114.68","51.78","SUNDRE A","3026KNQ","2018-04-16 15:00","2018","04","16","15:00","0.0","","-1.5","","90","","0.2","","1","","12","","","","87.60","","","","-4","","NA"
"-114.68","51.78","SUNDRE A","3026KNQ","2018-04-16 16:00","2018","04","16","16:00","0.5","","-2.2","","82","","0.0","","35","","12","","","","87.53","","","","","","NA"
"-114.68","51.78","SUNDRE A","3026KNQ","2018-04-16 17:00","2018","04","16","17:00","0.4","","-1.8","","85","","0.0","","1","","13","","","","87.55","","","","","","NA"
"-114.68","51.78","SUNDRE A","3026KNQ","2018-04-16 18:00","2018","04","16","18:00","0.3","","-1.4","","88","","0.0","","3","","7","","","","87.56","","","","","","NA"
"-114.68","51.78","SUNDRE A","3026KNQ","2018-04-16 19:00","2018","04","16","19:00","0.0","","-1.7","","89","","0.0","","4","","4","","","","87.53","","","","-1","","NA"
"-114.68","51.78","SUNDRE A","3026KNQ","2018-04-16 20:00","2018","04","16","20:00","-0.4","","-1.3","","93","","0.0","","16","","4","","","","87.54","","","","-2","","NA"
"-114.68","51.78","SUNDRE A","3026KNQ","2018-04-16 21:00","2018","04","16","21:00","-0.4","","-1.2","","95","","0.0","","16","","3","","","","87.54","","","","-1","","NA"
"-114.68","51.78","SUNDRE A","3026KNQ","2018-04-16 22:00","2018","04","16","22:00","-0.4","","-1.3","","94","","0.0","","16","","6","","","","87.54","","","","-2","","NA"
"-114.68","51.78","SUNDRE A","3026KNQ","2018-04-16 23:00","2018","04","16","23:00","-0.7","","-1.4","","95","","0.0","","13","","2","","","","87.50","","","","-1","","NA"
"-114.68","51.78","SUNDRE A","3026KNQ","2018-04-17 00:00","2018","04","17","00:00","-0.7","","-1.3","","95","","0.0","","13","","3","","","","87.51","","","","-2","","NA"
"-114.68","51.78","SUNDRE A","3026KNQ","2018-04-17 01:00","2018","04","17","01:00","-0.7","","-1.2","","96","","0.0","","6","","4","","","","87.52","","","","-2","","NA"
"-114.68","51.78","SUNDRE A","3026KNQ","2018-04-17 02:00","2018","04","17","02:00","-0.9","","-1.4","","96","","0.0","","30","","2","","","","87.49","","","","-2","","NA"
"-114.68","51.78","SUNDRE A","3026KNQ","2018-04-17 03:00","2018","04","17","03:00","-1.1","","-1.6","","97","","0.0","","9","","1","","","","87.50","","","","-1","","NA"
"-114.68","51.78","SUNDRE A","3026KNQ","2018-04-17 04:00","2018","04","17","04:00","-1.2","","-1.6","","97","","0.2","","0","","1","","","","87.48","","","","-2","","NA"
"-114.68","51.78","SUNDRE A","3026KNQ","2018-04-17 05:00","2018","04","17","05:00","-1.5","","-1.9","","97","","0.2","","0","","1","","","","87.49","","","","-2","","NA"
"-114.68","51.78","SUNDRE A","3026KNQ","2018-04-17 06:00","2018","04","17","06:00","-1.7","","-2.2","","97","","0.2","","5","","5","","","","87.52","","","","-4","","NA"
"-114.68","51.78","SUNDRE A","3026KNQ","2018-04-17 07:00","2018","04","17","07:00","-1.5","","-2.1","","96","","0.3","","0","","1","","","","87.58","","","","-2","","NA"
"-114.68","51.78","SUNDRE A","3026KNQ","2018-04-17 08:00","2018","04","17","08:00","-0.7","","-2.3","","89","","0.0","","23","","2","","","","87.61","","","","-1","","NA"
"-114.68","51.78","SUNDRE A","3026KNQ","2018-04-17 09:00","2018","04","17","09:00","0.9","","-2.1","","80","","0.0","","0","","1","","","","87.64","","","","","","NA"
"-114.68","51.78","SUNDRE A","3026KNQ","2018-04-17 10:00","2018","04","17","10:00","2.2","","-2.7","","70","","0.0","","1","","1","","","","87.71","","","","","","NA"
"-114.68","51.78","SUNDRE A","3026KNQ","2018-04-17 11:00","2018","04","17","11:00","1.1","","-2.8","","75","","0.0","","5","","5","","","","87.80","","","","","","NA"
"-114.68","51.78","SUNDRE A","3026KNQ","2018-04-17 12:00","2018","04","17","12:00","1.3","","-2.8","","74","","0.0","","2","","6","","","","87.85","","","","","","NA"
"-114.68","51.78","SUNDRE A","3026KNQ","2018-04-17 13:00","2018","04","17","13:00","2.0","","-3.4","","68","","0.0","","4","","5","","","","87.90","","","","","","NA"
"-114.68","51.78","SUNDRE A","3026KNQ","2018-04-17 14:00","2018","04","17","14:00","1.5","","-2.2","","77","","0.0","","3","","12","","","","88.00","","","","","","NA"
"-114.68","51.78","SUNDRE A","3026KNQ","2018-04-17 15:00","2018","04","17","15:00","1.9","","-2.1","","75","","0.0","","3","","10","","","","88.10","","","","","","NA"
"-114.68","51.78","SUNDRE A","3026KNQ","2018-04-17 16:00","2018","04","17","16:00","2.1","","-2.3","","73","","0.0","","4","","8","","","","88.21","","","","","","NA"
"-114.68","51.78","SUNDRE A","3026KNQ","2018-04-17 17:00","2018","04","17","17:00","1.8","","-2.9","","71","","0.0","","1","","8","","","","88.31","","","","","","NA"
"-114.68","51.78","SUNDRE A","3026KNQ","2018-04-17 18:00","2018","04","17","18:00","2.3","","-3.8","","64","","0.0","","2","","5","","","","88.37","","","","","","NA"
"-114.68","51.78","SUNDRE A","3026KNQ","2018-04-17 19:00","2018","04","17","19:00","2.0","","-3.0","","69","","0.0","","5","","7","","","","88.43","","","","","","NA"
"-114.68","51.78","SUNDRE A","3026KNQ","2018-04-17 20:00","2018","04","17","20:00","-0.9","","-2.8","","87","","0.0","","11","","3","","","","88.52","","","","-2","","NA"
"-114.68","51.78","SUNDRE A","3026KNQ","2018-04-17 21:00","2018","04","17","21:00","-1.7","","-3.1","","91","","0.0","","18","","4","","","","88.59","","","","-3","","NA"
"-114.68","51.78","SUNDRE A","3026KNQ","2018-04-17 22:00","2018","04","17","22:00","-3.8","","-4.8","","93","","0.0","","22","","6","","","","88.62","","","","-6","","NA"
"-114.68","51.78","SUNDRE A","3026KNQ","2018-04-17 23:00","2018","04","17","23:00","-4.0","","-4.7","","95","","0.0","","23","","6","","","","88.65","","","","-7","","NA"
"-114.68","51.78","SUNDRE A","3026KNQ","2018-04-18 00:00","2018","04","18","00:00","-4.8","","-5.4","","95","","0.0","","19","","7","","","","88.71","","","","-8","","NA"
"-114.68","51.78","SUNDRE A","3026KNQ","2018-04-18 01:00","2018","04","18","01:00","-6.5","","-7.3","","94","","0.0","","22","","5","","","","88.76","","","","-9","","NA"
"-114.68","51.78","SUNDRE A","3026KNQ","2018-04-18 02:00","2018","04","18","02:00","-5.3","","-6.0","","94","","0.0","","24","","2","","","","88.80","","","","-6","","NA"
"-114.68","51.78","SUNDRE A","3026KNQ","2018-04-18 03:00","2018","04","18","03:00","-5.3","","-6.1","","94","","0.0","","22","","4","","","","88.84","","","","-7","","NA"
"-114.68","51.78","SUNDRE A","3026KNQ","2018-04-18 04:00","2018","04","18","04:00","-6.9","","-7.9","","93","","0.0","","30","","3","","","","88.91","","","","-8","","NA"
"-114.68","51.78","SUNDRE A","3026KNQ","2018-04-18 05:00","2018","04","18","05:00","-7.7","","-8.7","","92","","0.0","","24","","6","","","","88.97","","","","-11","","NA"
"-114.68","51.78","SUNDRE A","3026KNQ","2018-04-18 06:00","2018","04","18","06:00","-8.1","","-9.4","","90","","0.0","","25","","2","","","","89.03","","","","-9","","NA"
"-114.68","51.78","SUNDRE A","3026KNQ","2018-04-18 07:00","2018","04","18","07:00","-5.3","","-7.5","","84","","0.0","","15","","4","","","","89.08","","","","-7","","NA"
"-114.68","51.78","SUNDRE A","3026KNQ","2018-04-18 08:00","2018","04","18","08:00","-2.2","","-6.6","","72","","0.0","","0","","1","","","","89.12","","","","-3","","NA"
"-114.68","51.78","SUNDRE A","3026KNQ","2018-04-18 09:00","2018","04","18","09:00","-0.1","","-5.4","","67","","0.0","","1","","4","","","","89.18","","","","-1","","NA"
"-114.68","51.78","SUNDRE A","3026KNQ","2018-04-18 10:00","2018","04","18","10:00","3.4","","-5.2","","53","","0.0","","1","","6","","","","89.20","","","","","","NA"
"-114.68","51.78","SUNDRE A","3026KNQ","2018-04-18 11:00","2018","04","18","11:00","5.5","","-8.1","","37","","0.0","","36","","7","","","","89.26","","","","","","NA"
"-114.68","51.78","SUNDRE A","3026KNQ","2018-04-18 12:00","2018","04","18","12:00","5.5","","-8.4","","36","","0.0","","9","","14","","","","89.24","","","","","","NA"
"-114.68","51.78","SUNDRE A","3026KNQ","2018-04-18 13:00","2018","04","18","13:00","5.0","","-7.9","","39","","0.0","","11","","18","","","","89.24","","","","","","NA"
"-114.68","51.78","SUNDRE A","3026KNQ","2018-04-18 14:00","2018","04","18","14:00","5.0","","-7.4","","40","","0.0","","11","","16","","","","89.26","","","","","","NA"
"-114.68","51.78","SUNDRE A","3026KNQ","2018-04-18 15:00","2018","04","18","15:00","5.0","","-6.9","","42","","0.0","","10","","17","","","","89.26","","","","","","NA"
"-114.68","51.78","SUNDRE A","3026KNQ","2018-04-18 16:00","2018","04","18","16:00","5.3","","-6.7","","42","","0.0","","13","","15","","","","89.23","","","","","","NA"
"-114.68","51.78","SUNDRE A","3026KNQ","2018-04-18 17:00","2018","04","18","17:00","5.1","","-7.1","","41","","0.0","","13","","17","","","","89.22","","","","","","NA"
"-114.68","51.78","SUNDRE A","3026KNQ","2018-04-18 18:00","2018","04","18","18:00","4.8","","-6.9","","43","","0.0","","13","","14","","","","89.23","","","","","","NA"
"-114.68","51.78","SUNDRE A","3026KNQ","2018-04-18 19:00","2018","04","18","19:00","3.8","","-5.7","","50","","0.0","","9","","9","","","","89.25","","","","","","NA"
"-114.68","51.78","SUNDRE A","3026KNQ","2018-04-18 20:00","2018","04","18","20:00","1.8","","-5.0","","61","","0.0","","8","","7","","","","89.26","","","","","","NA"
"-114.68","51.78","SUNDRE A","3026KNQ","2018-04-18 21:00","2018","04","18","21:00","-1.7","","-5.5","","75","","0.0","","5","","3","","","","89.29","","","","-3","","NA"
"-114.68","51.78","SUNDRE A","3026KNQ","2018-04-18 22:00","2018","04","18","22:00","-3.2","","-5.7","","83","","0.0","","0","","1","","","","89.30","","","","-4","","NA"
"-114.68","51.78","SUNDRE A","3026KNQ","2018-04-18 23:00","2018","04","18","23:00","-4.5","","-6.5","","86","","0.0","","26","","5","","","","89.29","","","","-7","","NA"
"-114.68","51.78","SUNDRE A","3026KNQ","2018-04-19 00:00","2018","04","19","00:00","-5.1","","-7.0","","87","","0.0","","20","","2","","","","89.31","","","","-6","","NA"
"-114.68","51.78","SUNDRE A","3026KNQ","2018-04-19 01:00","2018","04","19","01:00","-5.9","","-7.3","","89","","0.0","","18","","4","","","","89.33","","","","-8","","NA"
"-114.68","51.78","SUNDRE A","3026KNQ","2018-04-19 02:00","2018","04","19","02:00","-7.1","","-8.7","","88","","0.0","","23","","4","","","","89.30","","","","-9","","NA"
"-114.68","51.78","SUNDRE A","3026KNQ","2018-04-19 03:00","2018","04","19","03:00","-7.9","","-9.3","","90","","0.0","","26","","4","","","","89.30","","","","-10","","NA"
"-114.68","51.78","SUNDRE A","3026KNQ","2018-04-19 04:00","2018","04","19","04:00","-7.8","","-8.7","","93","","0.0","","27","","3","","","","89.29","","","","-9","","NA"
"-114.68","51.78","SUNDRE A","3026KNQ","2018-04-19 05:00","2018","04","19","05:00","-8.7","","-9.6","","93","","0.0","","24","","3","","","","89.29","","","","-10","","NA"
"-114.68","51.78","SUNDRE A","3026KNQ","2018-04-19 06:00","2018","04","19","06:00","-8.2","","-9.3","","92","","0.0","","28","","3","","","","89.28","","","","-10","","NA"
"-114.68","51.78","SUNDRE A","3026KNQ","2018-04-19 07:00","2018","04","19","07:00","-5.7","","-8.6","","80","","0.0","","26","","3","","","","89.29","","","","-7","","NA"
"-114.68","51.78","SUNDRE A","3026KNQ","2018-04-19 08:00","2018","04","19","08:00","-1.8","","-7.3","","66","","0.0","","35","","2","","","","89.28","","","","-3","","NA"
"-114.68","51.78","SUNDRE A","3026KNQ","2018-04-19 09:00","2018","04","19","09:00","0.7","","-5.9","","61","","0.0","","36","","5","","","","89.29","","","","","","NA"
"-114.68","51.78","SUNDRE A","3026KNQ","2018-04-19 10:00","2018","04","19","10:00","7.1","","-6.3","","38","","0.0","","13","","7","","","","89.22","","","","","","NA"
"-114.68","51.78","SUNDRE A","3026KNQ","2018-04-19 11:00","2018","04","19","11:00","7.7","","-6.5","","36","","0.0","","14","","17","","","","89.19","","","","","","NA"
"-114.68","51.78","SUNDRE A","3026KNQ","2018-04-19 12:00","2018","04","19","12:00","7.3","","-5.0","","41","","0.0","","13","","24","","","","89.10","","","","","","NA"
"-114.68","51.78","SUNDRE A","3026KNQ","2018-04-19 13:00","2018","04","19","13:00","7.9","","-5.1","","39","","0.0","","14","","25","","","","89.05","","","","","","NA"
"-114.68","51.78","SUNDRE A","3026KNQ","2018-04-19 14:00","2018","04","19","14:00","7.8","","-3.8","","44","","0.0","","13","","26","","","","88.98","","","","","","NA"
"-114.68","51.78","SUNDRE A","3026KNQ","2018-04-19 15:00","2018","04","19","15:00","7.9","","-2.9","","47","","0.0","","12","","23","","","","88.93","","","","","","NA"
"-114.68","51.78","SUNDRE A","3026KNQ","2018-04-19 16:00","2018","04","19","16:00","7.8","","-2.3","","49","","0.0","","12","","19","","","","88.89","","","","","","NA"
"-114.68","51.78","SUNDRE A","3026KNQ","2018-04-19 17:00","2018","04","19","17:00","8.6","","-5.1","","38","","0.0","","14","","22","","","","88.83","","","","","","NA"
"-114.68","51.78","SUNDRE A","3026KNQ","2018-04-19 18:00","2018","04","19","18:00","8.0","","-4.2","","42","","0.0","","14","","19","","","","88.78","","","","","","NA"
"-114.68","51.78","SUNDRE A","3026KNQ","2018-04-19 19:00","2018","04","19","19:00","7.1","","-3.6","","47","","0.0","","15","","14","","","","88.77","","","","","","NA"
"-114.68","51.78","SUNDRE A","3026KNQ","2018-04-19 20:00","2018","04","19","20:00","5.1","","-3.2","","55","","0.0","","16","","12","","","","88.80","","","","","","NA"
"-114.68","51.78","SUNDRE A","3026KNQ","2018-04-19 21:00","2018","04","19","21:00","3.5","","-3.4","","60","","0.0","","17","","9","","","","88.83","","","","","","NA"
"-114.68","51.78","SUNDRE A","3026KNQ","2018-04-19 22:00","2018","04","19","22:00","0.4","","-4.2","","72","","0.0","","22","","5","","","","88.83","","","","","","NA"
"-114.68","51.78","SUNDRE A","3026KNQ","2018-04-19 23:00","2018","04","19","23:00","-1.7","","-4.5","","81","","0.0","","22","","4","","","","88.81","","","","-3","","NA"
"-114.68","51.78","SUNDRE A","3026KNQ","2018-04-20 00:00","2018","04","20","00:00","-2.2","","-4.9","","82","","0.0","","23","","5","","","","88.82","","","","-4","","NA"
"-114.68","51.78","SUNDRE A","3026KNQ","2018-04-20 01:00","2018","04","20","01:00","-3.0","","-5.3","","84","","0.0","","21","","4","","","","88.87","","","","-5","","NA"
"-114.68","51.78","SUNDRE A","3026KNQ","2018-04-20 02:00","2018","04","20","02:00","-3.2","","-5.3","","86","","0.0","","30","","3","","","","88.90","","","","-4","","NA"
"-114.68","51.78","SUNDRE A","3026KNQ","2018-04-20 03:00","2018","04","20","03:00","-3.5","","-6.1","","82","","0.0","","22","","4","","","","88.92","","","","-5","","NA"
"-114.68","51.78","SUNDRE A","3026KNQ","2018-04-20 04:00","2018","04","20","04:00","-4.0","","-6.2","","85","","0.0","","16","","2","","","","88.95","","","","-5","","NA"
"-114.68","51.78","SUNDRE A","3026KNQ","2018-04-20 05:00","2018","04","20","05:00","-4.9","","-6.6","","88","","0.0","","27","","4","","","","88.92","","","","-7","","NA"
"-114.68","51.78","SUNDRE A","3026KNQ","2018-04-20 06:00","2018","04","20","06:00","-5.6","","-7.1","","90","","0.0","","22","","4","","","","88.93","","","","-7","","NA"
"-114.68","51.78","SUNDRE A","3026KNQ","2018-04-20 07:00","2018","04","20","07:00","-4.3","","-6.5","","85","","0.0","","26","","4","","","","88.98","","","","-6","","NA"
"-114.68","51.78","SUNDRE A","3026KNQ","2018-04-20 08:00","2018","04","20","08:00","0.5","","-5.8","","63","","0.0","","28","","2","","","","89.02","","","","","","NA"
"-114.68","51.78","SUNDRE A","3026KNQ","2018-04-20 09:00","2018","04","20","09:00","3.9","","-5.1","","52","","0.0","","32","","2","","","","89.03","","","","","","NA"
"-114.68","51.78","SUNDRE A","3026KNQ","2018-04-20 10:00","2018","04","20","10:00","8.0","","-4.8","","40","","0.0","","36","","4","","","","89.02","","","","","","NA"
"-114.68","51.78","SUNDRE A","3026KNQ","2018-04-20 11:00","2018","04","20","11:00","9.9","","-7.2","","29","","0.0","","6","","13","","","","89.01","","","","","","NA"
"-114.68","51.78","SUNDRE A","3026KNQ","2018-04-20 12:00","2018","04","20","12:00","8.8","","-7.3","","31","","0.0","","9","","15","","","","88.96","","","","","","NA"
"-114.68","51.78","SUNDRE A","3026KNQ","2018-04-20 13:00","2018","04","20","13:00","8.2","","-4.8","","39","","0.0","","10","","15","","","","88.91","","","","","","NA"
"-114.68","51.78","SUNDRE A","3026KNQ","2018-04-20 14:00","2018","04","20","14:00","9.4","","-4.1","","38","","0.0","","12","","19","","","","88.91","","","","","","NA"
"-114.68","51.78","SUNDRE A","3026KNQ","2018-04-20 15:00","2018","04","20","15:00","9.1","","-4.3","","38","","0.0","","12","","15","","","","88.87","","","","","","NA"
"-114.68","51.78","SUNDRE A","3026KNQ","2018-04-20 16:00","2018","04","20","16:00","9.2","","-2.4","","44","","0.0","","12","","15","","","","88.82","","","","","","NA"
"-114.68","51.78","SUNDRE A","3026KNQ","2018-04-20 17:00","2018","04","20","17:00","9.3","","-2.9","","42","","0.0","","13","","14","","","","88.77","","","","","","NA"
"-114.68","51.78","SUNDRE A","3026KNQ","2018-04-20 18:00","2018","04","20","18:00","8.0","","-2.3","","48","","0.0","","8","","9","","","","88.75","","","","","","NA"
"-114.68","51.78","SUNDRE A","3026KNQ","2018-04-20 19:00","2018","04","20","19:00","7.8","","-3.5","","45","","0.0","","15","","10","","","","88.70","","","","","","NA"
"-114.68","51.78","SUNDRE A","3026KNQ","2018-04-20 20:00","2018","04","20","20:00","6.1","","-3.0","","52","","0.0","","19","","6","","","","88.70","","","","","","NA"
"-114.68","51.78","SUNDRE A","3026KNQ","2018-04-20 21:00","2018","04","20","21:00","3.7","","-2.7","","63","","0.0","","13","","3","","","","88.72","","","","","","NA"
"-114.68","51.78","SUNDRE A","3026KNQ","2018-04-20 22:00","2018","04","20","22:00","4.0","","-2.2","","64","","0.0","","2","","6","","","","88.66","","","","","","NA"
"-114.68","51.78","SUNDRE A","3026KNQ","2018-04-20 23:00","2018","04","20","23:00","2.9","","-2.2","","69","","0.0","","19","","4","","","","88.61","","","","","","NA"
"-114.68","51.78","SUNDRE A","3026KNQ","2018-04-21 00:00","2018","04","21","00:00","2.4","","-1.9","","73","","0.0","","19","","3","","","","88.53","","","","","","NA"
"-114.68","51.78","SUNDRE A","3026KNQ","2018-04-21 01:00","2018","04","21","01:00","1.6","","-2.5","","74","","0.0","","14","","1","","","","88.49","","","","","","NA"
"-114.68","51.78","SUNDRE A","3026KNQ","2018-04-21 02:00","2018","04","21","02:00","1.8","","-2.6","","73","","0.0","","24","","7","","","","88.40","","","","","","NA"
"-114.68","51.78","SUNDRE A","3026KNQ","2018-04-21 03:00","2018","04","21","03:00","0.4","","-3.2","","77","","0.0","","35","","2","","","","88.33","","","","","","NA"
"-114.68","51.78","SUNDRE A","3026KNQ","2018-04-21 04:00","2018","04","21","04:00","-0.3","","-3.1","","82","","0.0","","22","","6","","","","88.26","","","","-2","","NA"
"-114.68","51.78","SUNDRE A","3026KNQ","2018-04-21 05:00","2018","04","21","05:00","0.5","","-3.0","","78","","0.0","","23","","5","","","","88.21","","","","","","NA"
"-114.68","51.78","SUNDRE A","3026KNQ","2018-04-21 06:00","2018","04","21","06:00","-0.5","","-3.2","","82","","0.0","","26","","2","","","","88.17","","","","-1","","NA"
"-114.68","51.78","SUNDRE A","3026KNQ","2018-04-21 07:00","2018","04","21","07:00","1.9","","-2.5","","73","","0.0","","27","","5","","","","88.08","","","","","","NA"
"-114.68","51.78","SUNDRE A","3026KNQ","2018-04-21 08:00","2018","04","21","08:00","3.2","","-2.3","","67","","0.0","","24","","4","","","","88.02","","","","","","NA"
"-114.68","51.78","SUNDRE A","3026KNQ","2018-04-21 09:00","2018","04","21","09:00","6.1","","-1.6","","58","","0.0","","24","","5","","","","87.96","","","","","","NA"
"-114.68","51.78","SUNDRE A","3026KNQ","2018-04-21 10:00","2018","04","21","10:00","9.3","","-1.5","","47","","0.0","","14","","4","","","","87.92","","","","","","NA"
"-114.68","51.78","SUNDRE A","3026KNQ","2018-04-21 11:00","2018","04","21","11:00","11.9","","-3.0","","35","","0.0","","36","","5","","","","87.88","","","","","","NA"
"-114.68","51.78","SUNDRE A","3026KNQ","2018-04-21 12:00","2018","04","21","12:00","6.2","","0.2","","65","","0.0","","26","","39","","","","87.96","","","","","","NA"
"-114.68","51.78","SUNDRE A","3026KNQ","2018-04-21 13:00","2018","04","21","13:00","5.7","","-0.1","","66","","0.0","","25","","19","","","","88.06","","","","","","NA"
"-114.68","51.78","SUNDRE A","3026KNQ","2018-04-21 14:00","2018","04","21","14:00","7.0","","0.9","","65","","0.0","","34","","9","","","","88.12","","","","","","NA"
"-114.68","51.78","SUNDRE A","3026KNQ","2018-04-21 15:00","2018","04","21","15:00","7.8","","1.0","","62","","0.0","","30","","6","","","","88.21","","","","","","NA"
"-114.68","51.78","SUNDRE A","3026KNQ","2018-04-21 16:00","2018","04","21","16:00","8.7","","0.2","","55","","0.0","","27","","6","","","","88.22","","","","","","NA"
"-114.68","51.78","SUNDRE A","3026KNQ","2018-04-21 17:00","2018","04","21","17:00","10.0","","-9.5","","24","","0.0","","29","","10","","","","88.33","","","","","","NA"
"-114.68","51.78","SUNDRE A","3026KNQ","2018-04-21 18:00","2018","04","21","18:00","9.3","","-9.1","","26","","0.0","","30","","18","","","","88.43","","","","","","NA"
"-114.68","51.78","SUNDRE A","3026KNQ","2018-04-21 19:00","2018","04","21","19:00","8.2","","-9.3","","28","","0.0","","27","","17","","","","88.54","","","","","","NA"
"-114.68","51.78","SUNDRE A","3026KNQ","2018-04-21 20:00","2018","04","21","20:00","6.8","","-9.7","","30","","0.0","","26","","13","","","","88.65","","","","","","NA"
"-114.68","51.78","SUNDRE A","3026KNQ","2018-04-21 21:00","2018","04","21","21:00","4.2","","-8.5","","39","","0.0","","24","","11","","","","88.73","","","","","","NA"
"-114.68","51.78","SUNDRE A","3026KNQ","2018-04-21 22:00","2018","04","21","22:00","3.2","","-8.4","","42","","0.0","","24","","11","","","","88.78","","","","","","NA"
"-114.68","51.78","SUNDRE A","3026KNQ","2018-04-21 23:00","2018","04","21","23:00","-1.0","","-7.4","","62","","0.0","","36","","1","","","","88.81","","","","-1","","NA"
"-114.68","51.78","SUNDRE A","3026KNQ","2018-04-22 00:00","2018","04","22","00:00","-2.9","","-6.6","","75","","0.0","","24","","7","","","","88.85","","","","-6","","NA"
"-114.68","51.78","SUNDRE A","3026KNQ","2018-04-22 01:00","2018","04","22","01:00","0.1","","-7.6","","56","","0.0","","23","","13","","","","88.88","","","","","","NA"
"-114.68","51.78","SUNDRE A","3026KNQ","2018-04-22 02:00","2018","04","22","02:00","-0.4","","-8.1","","56","","0.0","","24","","8","","","","88.90","","","","-3","","NA"
"-114.68","51.78","SUNDRE A","3026KNQ","2018-04-22 03:00","2018","04","22","03:00","-3.3","","-7.5","","73","","0.0","","32","","2","","","","88.94","","","","-4","","NA"
"-114.68","51.78","SUNDRE A","3026KNQ","2018-04-22 04:00","2018","04","22","04:00","-4.0","","-7.6","","76","","0.0","","27","","7","","","","88.98","","","","-7","","NA"
"-114.68","51.78","SUNDRE A","3026KNQ","2018-04-22 05:00","2018","04","22","05:00","-5.7","","-8.4","","81","","0.0","","23","","5","","","","89.03","","","","-8","","NA"
"-114.68","51.78","SUNDRE A","3026KNQ","2018-04-22 06:00","2018","04","22","06:00","-5.7","","-8.1","","83","","0.0","","23","","4","","","","89.10","","","","-8","","NA"
"-114.68","51.78","SUNDRE A","3026KNQ","2018-04-22 07:00","2018","04","22","07:00","-1.6","","-6.6","","69","","0.0","","29","","2","","","","89.16","","","","-2","","NA"
"-114.68","51.78","SUNDRE A","3026KNQ","2018-04-22 08:00","2018","04","22","08:00","3.0","","-9.4","","40","","0.0","","29","","5","","","","89.22","","","","","","NA"
"-114.68","51.78","SUNDRE A","3026KNQ","2018-04-22 09:00","2018","04","22","09:00","5.4","","-11.7","","28","","0.0","","29","","19","","","","89.25","","","","","","NA"
"-114.68","51.78","SUNDRE A","3026KNQ","2018-04-22 10:00","2018","04","22","10:00","6.3","","-10.0","","30","","0.0","","29","","17","","","","89.29","","","","","","NA"
"-114.68","51.78","SUNDRE A","3026KNQ","2018-04-22 11:00","2018","04","22","11:00","7.2","","-9.1","","30","","0.0","","30","","14","","","","89.33","","","","","","NA"
"-114.68","51.78","SUNDRE A","3026KNQ","2018-04-22 12:00","2018","04","22","12:00","7.9","","-8.7","","30","","0.0","","32","","14","","","","89.31","","","","","","NA"
"-114.68","51.78","SUNDRE A","3026KNQ","2018-04-22 13:00","2018","04","22","13:00","8.6","","-8.6","","29","","0.0","","30","","11","","","","89.33","","","","","","NA"
"-114.68","51.78","SUNDRE A","3026KNQ","2018-04-22 14:00","2018","04","22","14:00","9.2","","-8.9","","27","","0.0","","32","","11","","","","89.34","","","","","","NA"
"-114.68","51.78","SUNDRE A","3026KNQ","2018-04-22 15:00","2018","04","22","15:00","9.6","","-6.5","","32","","0.0","","36","","14","","","","89.34","","","","","","NA"
"-114.68","51.78","SUNDRE A","3026KNQ","2018-04-22 16:00","2018","04","22","16:00","8.4","","-7.4","","32","","0.0","","36","","20","","","","89.35","","","","","","NA"
"-114.68","51.78","SUNDRE A","3026KNQ","2018-04-22 17:00","2018","04","22","17:00","8.2","","-6.3","","35","","0.0","","2","","17","","","","89.37","","","","","","NA"
"-114.68","51.78","SUNDRE A","3026KNQ","2018-04-22 18:00","2018","04","22","18:00","7.7","","-6.4","","36","","0.0","","2","","14","","","","89.40","","","","","","NA"
"-114.68","51.78","SUNDRE A","3026KNQ","2018-04-22 19:00","2018","04","22","19:00","6.2","","-6.6","","40","","0.0","","5","","5","","","","89.47","","","","","","NA"
"-114.68","51.78","SUNDRE A","3026KNQ","2018-04-22 20:00","2018","04","22","20:00","4.9","","-6.0","","45","","0.0","","17","","4","","","","89.54","","","","","","NA"
"-114.68","51.78","SUNDRE A","3026KNQ","2018-04-22 21:00","2018","04","22","21:00","3.3","","-5.8","","51","","0.0","","13","","4","","","","89.63","","","","","","NA"
"-114.68","51.78","SUNDRE A","3026KNQ","2018-04-22 22:00","2018","04","22","22:00","1.8","","-4.3","","64","","0.0","","19","","1","","","","89.69","","","","","","NA"
"-114.68","51.78","SUNDRE A","3026KNQ","2018-04-22 23:00","2018","04","22","23:00","0.7","","-3.7","","73","","0.0","","4","","1","","","","89.74","","","","","","NA"
"-114.68","51.78","SUNDRE A","3026KNQ","2018-04-23 00:00","2018","04","23","00:00","-0.9","","-4.1","","79","","0.0","","26","","5","","","","89.78","","","","-3","","NA"
"-114.68","51.78","SUNDRE A","3026KNQ","2018-04-23 01:00","2018","04","23","01:00","-2.0","","-4.6","","82","","0.0","","23","","6","","","","89.79","","","","-4","","NA"
"-114.68","51.78","SUNDRE A","3026KNQ","2018-04-23 02:00","2018","04","23","02:00","-1.9","","-4.7","","81","","0.0","","23","","5","","","","89.84","","","","-4","","NA"
"-114.68","51.78","SUNDRE A","3026KNQ","2018-04-23 03:00","2018","04","23","03:00","-2.8","","-5.2","","84","","0.0","","0","","1","","","","89.89","","","","-3","","NA"
"-114.68","51.78","SUNDRE A","3026KNQ","2018-04-23 04:00","2018","04","23","04:00","-3.6","","-5.6","","86","","0.0","","0","","1","","","","89.91","","","","-4","","NA"
"-114.68","51.78","SUNDRE A","3026KNQ","2018-04-23 05:00","2018","04","23","05:00","-4.3","","-5.8","","90","","0.0","","29","","3","","","","89.94","","","","-6","","NA"
"-114.68","51.78","SUNDRE A","3026KNQ","2018-04-23 06:00","2018","04","23","06:00","-4.6","","-6.1","","89","","0.0","","26","","3","","","","89.94","","","","-6","","NA"
"-114.68","51.78","SUNDRE A","3026KNQ","2018-04-23 07:00","2018","04","23","07:00","-0.9","","-3.8","","81","","0.0","","25","","3","","","","90.00","","","","-2","","NA"
"-114.68","51.78","SUNDRE A","3026KNQ","2018-04-23 08:00","2018","04","23","08:00","2.2","","-4.0","","64","","0.0","","22","","2","","","","90.04","","","","","","NA"
"-114.68","51.78","SUNDRE A","3026KNQ","2018-04-23 09:00","2018","04","23","09:00","5.4","","-3.2","","54","","0.0","","5","","4","","","","90.01","","","","","","NA"
"-114.68","51.78","SUNDRE A","3026KNQ","2018-04-23 10:00","2018","04","23","10:00","8.3","","-4.7","","39","","0.0","","15","","11","","","","89.99","","","","","","NA"
"-114.68","51.78","SUNDRE A","3026KNQ","2018-04-23 11:00","2018","04","23","11:00","9.7","","-4.8","","36","","0.0","","13","","6","","","","89.97","","","","","","NA"
"-114.68","51.78","SUNDRE A","3026KNQ","2018-04-23 12:00","2018","04","23","12:00","9.2","","-5.1","","36","","0.0","","7","","8","","","","89.95","","","","","","NA"
"-114.68","51.78","SUNDRE A","3026KNQ","2018-04-23 13:00","2018","04","23","13:00","10.6","","-3.4","","37","","0.0","","8","","10","","","","89.89","","","","","","NA"
"-114.68","51.78","SUNDRE A","3026KNQ","2018-04-23 14:00","2018","04","23","14:00","10.8","","-2.6","","39","","0.0","","8","","14","","","","89.87","","","","","","NA"
"-114.68","51.78","SUNDRE A","3026KNQ","2018-04-23 15:00","2018","04","23","15:00","11.1","","-2.9","","37","","0.0","","9","","14","","","","89.84","","","","","","NA"
"-114.68","51.78","SUNDRE A","3026KNQ","2018-04-23 16:00","2018","04","23","16:00","11.2","","-2.5","","38","","0.0","","10","","16","","","","89.81","","","","","","NA"
"-114.68","51.78","SUNDRE A","3026KNQ","2018-04-23 17:00","2018","04","23","17:00","10.9","","-2.2","","40","","0.0","","10","","14","","","","89.79","","","","","","NA"
"-114.68","51.78","SUNDRE A","3026KNQ","2018-04-23 18:00","2018","04","23","18:00","10.5","","-4.4","","35","","0.0","","8","","10","","","","89.77","","","","","","NA"
"-114.68","51.78","SUNDRE A","3026KNQ","2018-04-23 19:00","2018","04","23","19:00","9.7","","-1.4","","46","","0.0","","7","","6","","","","89.73","","","","","","NA"
"-114.68","51.78","SUNDRE A","3026KNQ","2018-04-23 20:00","2018","04","23","20:00","5.6","","-0.9","","63","","0.0","","5","","4","","","","89.73","","","","","","NA"
"-114.68","51.78","SUNDRE A","3026KNQ","2018-04-23 21:00","2018","04","23","21:00","0.7","","-2.5","","79","","0.0","","25","","6","","","","89.73","","","","","","NA"
"-114.68","51.78","SUNDRE A","3026KNQ","2018-04-23 22:00","2018","04","23","22:00","-1.1","","-3.9","","82","","0.0","","22","","5","","","","89.75","","","","-3","","NA"
"-114.68","51.78","SUNDRE A","3026KNQ","2018-04-23 23:00","2018","04","23","23:00","-2.0","","-4.1","","86","","0.0","","26","","4","","","","89.76","","","","-3","","NA"
"-114.68","51.78","SUNDRE A","3026KNQ","2018-04-24 00:00","2018","04","24","00:00","-2.4","","-4.2","","88","","0.0","","27","","7","","","","89.77","","","","-5","","NA"
"-114.68","51.78","SUNDRE A","3026KNQ","2018-04-24 01:00","2018","04","24","01:00","-3.1","","-4.6","","90","","0.0","","25","","4","","","","89.77","","","","-5","","NA"
"-114.68","51.78","SUNDRE A","3026KNQ","2018-04-24 02:00","2018","04","24","02:00","-4.2","","-5.7","","89","","0.0","","26","","5","","","","89.74","","","","-6","","NA"
"-114.68","51.78","SUNDRE A","3026KNQ","2018-04-24 03:00","2018","04","24","03:00","-3.8","","-5.4","","88","","0.0","","25","","2","","","","89.74","","","","-5","","NA"
"-114.68","51.78","SUNDRE A","3026KNQ","2018-04-24 04:00","2018","04","24","04:00","-4.1","","-6.0","","87","","0.0","","26","","5","","","","89.73","","","","-6","","NA"
"-114.68","51.78","SUNDRE A","3026KNQ","2018-04-24 05:00","2018","04","24","05:00","-4.7","","-6.5","","87","","0.0","","24","","4","","","","89.70","","","","-6","","NA"
"-114.68","51.78","SUNDRE A","3026KNQ","2018-04-24 06:00","2018","04","24","06:00","-4.2","","-6.2","","86","","0.0","","24","","2","","","","89.71","","","","-5","","NA"
"-114.68","51.78","SUNDRE A","3026KNQ","2018-04-24 07:00","2018","04","24","07:00","0.1","","-4.1","","73","","0.0","","26","","2","","","","89.68","","","","","","NA"
"-114.68","51.78","SUNDRE A","3026KNQ","2018-04-24 08:00","2018","04","24","08:00","4.9","","-2.6","","58","","0.0","","34","","3","","","","89.67","","","","","","NA"
"-114.68","51.78","SUNDRE A","3026KNQ","2018-04-24 09:00","2018","04","24","09:00","11.1","","-6.0","","30","","0.0","","26","","4","","","","89.58","","","","","","NA"
"-114.68","51.78","SUNDRE A","3026KNQ","2018-04-24 10:00","2018","04","24","10:00","14.6","","-8.2","","20","","0.0","","14","","10","","","","89.50","","","","","","NA"
"-114.68","51.78","SUNDRE A","3026KNQ","2018-04-24 11:00","2018","04","24","11:00","16.3","","-7.0","","20","","0.0","","9","","13","","","","89.45","","","","","","NA"
"-114.68","51.78","SUNDRE A","3026KNQ","2018-04-24 12:00","2018","04","24","12:00","17.6","","-6.0","","20","","0.0","","11","","10","","","","89.35","","","","","","NA"
"-114.68","51.78","SUNDRE A","3026KNQ","2018-04-24 13:00","2018","04","24","13:00","16.8","","-3.4","","25","","0.0","","10","","9","","","","89.28","","","","","","NA"
"-114.68","51.78","SUNDRE A","3026KNQ","2018-04-24 14:00","2018","04","24","14:00","17.4","","-10.4","","14","","0.0","","25","","12","","","","89.22","","","","","","NA"
"-114.68","51.78","SUNDRE A","3026KNQ","2018-04-24 15:00","2018","04","24","15:00","17.5","","-11.2","","13","","0.0","","25","","2","","","","89.15","","","","","","NA"
"-114.68","51.78","SUNDRE A","3026KNQ","2018-04-24 16:00","2018","04","24","16:00","15.8","","-2.7","","28","","0.0","","13","","6","","","","89.07","","","","","","NA"
"-114.68","51.78","SUNDRE A","3026KNQ","2018-04-24 17:00","2018","04","24","17:00","19.0","","-11.4","","12","","0.0","","25","","14","","","","89.02","","","","","","NA"
"-114.68","51.78","SUNDRE A","3026KNQ","2018-04-24 18:00","2018","04","24","18:00","18.6","","-12.0","","11","","0.0","","26","","14","","","","88.96","","","","","","NA"
"-114.68","51.78","SUNDRE A","3026KNQ","2018-04-24 19:00","2018","04","24","19:00","15.7","","-12.6","","13","","0.0","","24","","16","","","","88.90","","","","","","NA"
"-114.68","51.78","SUNDRE A","3026KNQ","2018-04-24 20:00","2018","04","24","20:00","12.0","","-11.8","","18","","0.0","","23","","11","","","","88.88","","","","","","NA"
"-114.68","51.78","SUNDRE A","3026KNQ","2018-04-24 21:00","2018","04","24","21:00","4.6","","-7.0","","43","","0.0","","24","","10","","","","88.90","","","","","","NA"
"-114.68","51.78","SUNDRE A","3026KNQ","2018-04-24 22:00","2018","04","24","22:00","5.7","","-8.1","","36","","0.0","","26","","7","","","","88.88","","","","","","NA"
"-114.68","51.78","SUNDRE A","3026KNQ","2018-04-24 23:00","2018","04","24","23:00","2.6","","-7.3","","48","","0.0","","22","","9","","","","88.88","","","","","","NA"
"-114.68","51.78","SUNDRE A","3026KNQ","2018-04-25 00:00","2018","04","25","00:00","1.3","","-5.9","","59","","0.0","","23","","8","","","","88.90","","","","","","NA"
"-114.68","51.78","SUNDRE A","3026KNQ","2018-04-25 01:00","2018","04","25","01:00","2.5","","-5.6","","55","","0.0","","22","","8","","","","88.98","","","","","","NA"
"-114.68","51.78","SUNDRE A","3026KNQ","2018-04-25 02:00","2018","04","25","02:00","6.2","","-6.1","","41","","0.0","","29","","6","","","","89.02","","","","","","NA"
"-114.68","51.78","SUNDRE A","3026KNQ","2018-04-25 03:00","2018","04","25","03:00","7.2","","-5.3","","41","","0.0","","36","","9","","","","89.10","","","","","","NA"
"-114.68","51.78","SUNDRE A","3026KNQ","2018-04-25 04:00","2018","04","25","04:00","6.1","","-3.8","","49","","0.0","","36","","11","","","","89.15","","","","","","NA"
"-114.68","51.78","SUNDRE A","3026KNQ","2018-04-25 05:00","2018","04","25","05:00","4.7","","-3.1","","57","","0.0","","36","","13","","","","89.21","","","","","","NA"
"-114.68","51.78","SUNDRE A","3026KNQ","2018-04-25 06:00","2018","04","25","06:00","4.3","","-0.6","","71","","0.0","","34","","15","","","","89.29","","","","","","NA"
"-114.68","51.78","SUNDRE A","3026KNQ","2018-04-25 07:00","2018","04","25","07:00","3.4","","0.9","","84","","0.0","","28","","11","","","","89.36","","","","","","NA"
"-114.68","51.78","SUNDRE A","3026KNQ","2018-04-25 08:00","2018","04","25","08:00","4.3","","0.9","","78","","0.0","","27","","13","","","","89.38","","","","","","NA"
"-114.68","51.78","SUNDRE A","3026KNQ","2018-04-25 09:00","2018","04","25","09:00","6.7","","-0.1","","62","","0.0","","28","","18","","","","89.39","","","","","","NA"
"-114.68","51.78","SUNDRE A","3026KNQ","2018-04-25 10:00","2018","04","25","10:00","7.6","","-1.5","","52","","0.0","","28","","15","","","","89.37","","","","","","NA"
"-114.68","51.78","SUNDRE A","3026KNQ","2018-04-25 11:00","2018","04","25","11:00","8.9","","-2.2","","45","","0.0","","31","","14","","","","89.37","","","","","","NA"
"-114.68","51.78","SUNDRE A","3026KNQ","2018-04-25 12:00","2018","04","25","12:00","9.8","","-3.4","","39","","0.0","","32","","13","","","","89.37","","","","","","NA"
"-114.68","51.78","SUNDRE A","3026KNQ","2018-04-25 13:00","2018","04","25","13:00","11.5","","-3.5","","35","","0.0","","33","","12","","","","89.31","","","","","","NA"
"-114.68","51.78","SUNDRE A","3026KNQ","2018-04-25 14:00","2018","04","25","14:00","12.6","","-3.7","","32","","0.0","","33","","13","","","","89.28","","","","","","NA"
"-114.68","51.78","SUNDRE A","3026KNQ","2018-04-25 15:00","2018","04","25","15:00","13.4","","-3.6","","30","","0.0","","30","","9","","","","89.25","","","","","","NA"
"-114.68","51.78","SUNDRE A","3026KNQ","2018-04-25 16:00","2018","04","25","16:00","12.9","","-4.5","","29","","0.0","","4","","7","","","","89.22","","","","","","NA"
"-114.68","51.78","SUNDRE A","3026KNQ","2018-04-25 17:00","2018","04","25","17:00","13.3","","-4.8","","28","","0.0","","9","","9","","","","89.20","","","","","","NA"
"-114.68","51.78","SUNDRE A","3026KNQ","2018-04-25 18:00","2018","04","25","18:00","13.3","","-3.3","","31","","0.0","","13","","8","","","","89.17","","","","","","NA"
"-114.68","51.78","SUNDRE A","3026KNQ","2018-04-25 19:00","2018","04","25","19:00","11.7","","-2.9","","36","","0.0","","13","","10","","","","89.16","","","","","","NA"
"-114.68","51.78","SUNDRE A","3026KNQ","2018-04-25 20:00","2018","04","25","20:00","8.4","","-2.2","","47","","0.0","","10","","4","","","","89.17","","","","","","NA"
"-114.68","51.78","SUNDRE A","3026KNQ","2018-04-25 21:00","2018","04","25","21:00","3.7","","-2.2","","65","","0.0","","17","","1","","","","89.21","","","","","","NA"
"-114.68","51.78","SUNDRE A","3026KNQ","2018-04-25 22:00","2018","04","25","22:00","1.1","","-2.8","","75","","0.0","","26","","3","","","","89.17","","","","","","NA"
"-114.68","51.78","SUNDRE A","3026KNQ","2018-04-25 23:00","2018","04","25","23:00","-0.9","","-3.2","","85","","0.0","","26","","5","","","","89.18","","","","-3","","NA"
"-114.68","51.78","SUNDRE A","3026KNQ","2018-04-26 00:00","2018","04","26","00:00","-0.6","","-3.7","","80","","0.0","","28","","5","","","","89.18","","","","-2","","NA"
"-114.68","51.78","SUNDRE A","3026KNQ","2018-04-26 01:00","2018","04","26","01:00","-0.9","","-3.9","","80","","0.0","","28","","9","","","","89.20","","","","-4","","NA"
"-114.68","51.78","SUNDRE A","3026KNQ","2018-04-26 02:00","2018","04","26","02:00","-2.1","","-4.2","","85","","0.0","","27","","4","","","","89.21","","","","-4","","NA"
"-114.68","51.78","SUNDRE A","3026KNQ","2018-04-26 03:00","2018","04","26","03:00","-2.2","","-4.6","","83","","0.0","","25","","5","","","","89.24","","","","-4","","NA"
"-114.68","51.78","SUNDRE A","3026KNQ","2018-04-26 04:00","2018","04","26","04:00","-2.9","","-4.8","","87","","0.0","","22","","5","","","","89.26","","","","-5","","NA"
"-114.68","51.78","SUNDRE A","3026KNQ","2018-04-26 05:00","2018","04","26","05:00","-2.6","","-4.2","","89","","0.0","","24","","5","","","","89.28","","","","-5","","NA"
"-114.68","51.78","SUNDRE A","3026KNQ","2018-04-26 06:00","2018","04","26","06:00","-2.6","","-4.5","","87","","0.0","","27","","3","","","","89.32","","","","-4","","NA"
"-114.68","51.78","SUNDRE A","3026KNQ","2018-04-26 07:00","2018","04","26","07:00","2.6","","-2.8","","67","","0.0","","28","","4","","","","89.33","","","","","","NA"
"-114.68","51.78","SUNDRE A","3026KNQ","2018-04-26 08:00","2018","04","26","08:00","7.9","","-3.1","","46","","0.0","","25","","6","","","","89.36","","","","","","NA"
"-114.68","51.78","SUNDRE A","3026KNQ","2018-04-26 09:00","2018","04","26","09:00","13.6","","-2.7","","32","","0.0","","31","","2","","","","89.35","","","","","","NA"
"-114.68","51.78","SUNDRE A","3026KNQ","2018-04-26 10:00","2018","04","26","10:00","15.5","","-3.4","","27","","0.0","","28","","9","","","","89.33","","","","","","NA"
"-114.68","51.78","SUNDRE A","3026KNQ","2018-04-26 11:00","2018","04","26","11:00","16.1","","-3.9","","25","","0.0","","31","","7","","","","89.29","","","","","","NA"
"-114.68","51.78","SUNDRE A","3026KNQ","2018-04-26 12:00","2018","04","26","12:00","17.6","","-2.2","","26","","0.0","","2","","9","","","","89.27","","","","","","NA"
"-114.68","51.78","SUNDRE A","3026KNQ","2018-04-26 13:00","2018","04","26","13:00","18.2","","-1.6","","26","","0.0","","1","","9","","","","89.29","","","","","","NA"
"-114.68","51.78","SUNDRE A","3026KNQ","2018-04-26 14:00","2018","04","26","14:00","18.9","","-1.3","","25","","0.0","","1","","10","","","","89.27","","","","","","NA"
"-114.68","51.78","SUNDRE A","3026KNQ","2018-04-26 15:00","2018","04","26","15:00","18.7","","-0.7","","27","","0.0","","8","","12","","","","89.20","","","","","","NA"
"-114.68","51.78","SUNDRE A","3026KNQ","2018-04-26 16:00","2018","04","26","16:00","18.6","","-0.5","","27","","0.0","","8","","14","","","","89.18","","","","","","NA"
"-114.68","51.78","SUNDRE A","3026KNQ","2018-04-26 17:00","2018","04","26","17:00","18.5","","-0.7","","27","","0.0","","6","","12","","","","89.16","","","","","","NA"
"-114.68","51.78","SUNDRE A","3026KNQ","2018-04-26 18:00","2018","04","26","18:00","18.0","","0.1","","30","","0.0","","6","","11","","","","89.12","","","","","","NA"
"-114.68","51.78","SUNDRE A","3026KNQ","2018-04-26 19:00","2018","04","26","19:00","16.5","","0.6","","34","","0.0","","9","","8","","","","89.12","","","","","","NA"
"-114.68","51.78","SUNDRE A","3026KNQ","2018-04-26 20:00","2018","04","26","20:00","11.4","","1.6","","51","","0.0","","15","","7","","","","89.11","","","","","","NA"
"-114.68","51.78","SUNDRE A","3026KNQ","2018-04-26 21:00","2018","04","26","21:00","5.8","","0.7","","70","","0.0","","19","","6","","","","89.16","","","","","","NA"
"-114.68","51.78","SUNDRE A","3026KNQ","2018-04-26 22:00","2018","04","26","22:00","4.0","","0.3","","77","","0.0","","22","","1","","","","89.17","","","","","","NA"
"-114.68","51.78","SUNDRE A","3026KNQ","2018-04-26 23:00","2018","04","26","23:00","2.5","","-0.2","","82","","0.0","","26","","4","","","","89.16","","","","","","NA"
"-114.68","51.78","SUNDRE A","3026KNQ","2018-04-27 00:00","2018","04","27","00:00","0.6","","-1.3","","87","","0.0","","25","","6","","","","89.15","","","","","","NA"
"-114.68","51.78","SUNDRE A","3026KNQ","2018-04-27 01:00","2018","04","27","01:00","0.0","","-1.9","","87","","0.0","","24","","6","","","","89.12","","","","-2","","NA"
"-114.68","51.78","SUNDRE A","3026KNQ","2018-04-27 02:00","2018","04","27","02:00","-1.2","","-2.7","","90","","0.0","","26","","5","","","","89.10","","","","-3","","NA"
"-114.68","51.78","SUNDRE A","3026KNQ","2018-04-27 03:00","2018","04","27","03:00","-1.3","","-2.6","","91","","0.0","","27","","2","","","","89.06","","","","-2","","NA"
"-114.68","51.78","SUNDRE A","3026KNQ","2018-04-27 04:00","2018","04","27","04:00","-1.8","","-2.9","","93","","0.0","","25","","4","","","","89.03","","","","-3","","NA"
"-114.68","51.78","SUNDRE A","3026KNQ","2018-04-27 05:00","2018","04","27","05:00","-2.4","","-3.5","","92","","0.0","","26","","2","","","","89.00","","","","-3","","NA"
"-114.68","51.78","SUNDRE A","3026KNQ","2018-04-27 06:00","2018","04","27","06:00","-2.0","","-3.0","","93","","0.0","","16","","3","","","","89.00","","","","-3","","NA"
"-114.68","51.78","SUNDRE A","3026KNQ","2018-04-27 07:00","2018","04","27","07:00","3.8","","0.0","","76","","0.0","","21","","5","","","","88.95","","","","","","NA"
"-114.68","51.78","SUNDRE A","3026KNQ","2018-04-27 08:00","2018","04","27","08:00","9.4","","1.2","","56","","0.0","","17","","9","","","","88.89","","","","","","NA"
"-114.68","51.78","SUNDRE A","3026KNQ","2018-04-27 09:00","2018","04","27","09:00","13.9","","0.9","","41","","0.0","","17","","14","","","","88.83","","","","","","NA"
"-114.68","51.78","SUNDRE A","3026KNQ","2018-04-27 10:00","2018","04","27","10:00","17.1","","0.0","","31","","0.0","","15","","20","","","","88.78","","","","","","NA"
"-114.68","51.78","SUNDRE A","3026KNQ","2018-04-27 11:00","2018","04","27","11:00","18.7","","-0.3","","28","","0.0","","15","","24","","","","88.71","","","","","","NA"
"-114.68","51.78","SUNDRE A","3026KNQ","2018-04-27 12:00","2018","04","27","12:00","20.4","","0.1","","26","","0.0","","15","","23","","","","88.64","","","","","","NA"
"-114.68","51.78","SUNDRE A","3026KNQ","2018-04-27 13:00","2018","04","27","13:00","21.1","","-0.4","","24","","0.0","","15","","21","","","","88.59","","","","","","NA"
"-114.68","51.78","SUNDRE A","3026KNQ","2018-04-27 14:00","2018","04","27","14:00","22.0","","-0.4","","23","","0.0","","15","","22","","","","88.48","","","","","","NA"
"-114.68","51.78","SUNDRE A","3026KNQ","2018-04-27 15:00","2018","04","27","15:00","22.3","","-0.1","","23","","0.0","","15","","22","","","","88.40","","","","","","NA"
"-114.68","51.78","SUNDRE A","3026KNQ","2018-04-27 16:00","2018","04","27","16:00","22.8","","0.3","","22","","0.0","","15","","21","","","","88.32","","","","","","NA"
"-114.68","51.78","SUNDRE A","3026KNQ","2018-04-27 17:00","2018","04","27","17:00","22.5","","-0.1","","22","","0.0","","13","","25","","","","88.25","","","","","","NA"
"-114.68","51.78","SUNDRE A","3026KNQ","2018-04-27 18:00","2018","04","27","18:00","21.3","","0.4","","25","","0.0","","14","","23","","","","88.22","","","","","","NA"
"-114.68","51.78","SUNDRE A","3026KNQ","2018-04-27 19:00","2018","04","27","19:00","19.6","","0.8","","28","","0.0","","13","","14","","","","88.16","","","","","","NA"
"-114.68","51.78","SUNDRE A","3026KNQ","2018-04-27 20:00","2018","04","27","20:00","16.1","","0.5","","35","","0.0","","14","","6","","","","88.15","","","","","","NA"
"-114.68","51.78","SUNDRE A","3026KNQ","2018-04-27 21:00","2018","04","27","21:00","11.2","","0.8","","49","","0.0","","15","","4","","","","88.15","","","","","","NA"
"-114.68","51.78","SUNDRE A","3026KNQ","2018-04-27 22:00","2018","04","27","22:00","12.3","","1.3","","47","","0.0","","18","","8","","","","88.15","","","","","","NA"
"-114.68","51.78","SUNDRE A","3026KNQ","2018-04-27 23:00","2018","04","27","23:00","5.0","","-0.1","","69","","0.0","","25","","3","","","","88.12","","","","","","NA"
"-114.68","51.78","SUNDRE A","3026KNQ","2018-04-28 00:00","2018","04","28","00:00","2.2","","-1.0","","80","","0.0","","19","","2","","","","88.07","","","","","","NA"
"-114.68","51.78","SUNDRE A","3026KNQ","2018-04-28 01:00","2018","04","28","01:00","3.1","","-1.5","","72","","0.0","","22","","8","","","","88.01","","","","","","NA"
"-114.68","51.78","SUNDRE A","3026KNQ","2018-04-28 02:00","2018","04","28","02:00","-0.1","","-2.3","","85","","0.0","","25","","6","","","","87.95","","","","-2","","NA"
"-114.68","51.78","SUNDRE A","3026KNQ","2018-04-28 03:00","2018","04","28","03:00","0.3","","-2.5","","82","","0.0","","28","","3","","","","87.91","","","","","","NA"
"-114.68","51.78","SUNDRE A","3026KNQ","2018-04-28 04:00","2018","04","28","04:00","-0.1","","-2.8","","82","","0.0","","30","","2","","","","87.92","","","","-1","","NA"
"-114.68","51.78","SUNDRE A","3026KNQ","2018-04-28 05:00","2018","04","28","05:00","-1.4","","-3.7","","84","","0.0","","28","","6","","","","87.85","","","","-4","","NA"
"-114.68","51.78","SUNDRE A","3026KNQ","2018-04-28 06:00","2018","04","28","06:00","-1.2","","-3.6","","84","","0.0","","0","","1","","","","87.85","","","","-2","","NA"
"-114.68","51.78","SUNDRE A","3026KNQ","2018-04-28 07:00","2018","04","28","07:00","4.6","","-1.0","","67","","0.0","","25","","3","","","","87.82","","","","","","NA"
"-114.68","51.78","SUNDRE A","3026KNQ","2018-04-28 08:00","2018","04","28","08:00","11.0","","0.9","","50","","0.0","","21","","2","","","","87.82","","","","","","NA"
"-114.68","51.78","SUNDRE A","3026KNQ","2018-04-28 09:00","2018","04","28","09:00","16.6","","0.3","","33","","0.0","","35","","2","","","","87.77","","","","","","NA"
"-114.68","51.78","SUNDRE A","3026KNQ","2018-04-28 10:00","2018","04","28","10:00","19.7","","-4.7","","19","","0.0","","36","","3","","","","87.70","","","","","","NA"
"-114.68","51.78","SUNDRE A","3026KNQ","2018-04-28 11:00","2018","04","28","11:00","21.7","","-3.2","","19","","0.0","","28","","6","","","","87.61","","","","","","NA"
"-114.68","51.78","SUNDRE A","3026KNQ","2018-04-28 12:00","2018","04","28","12:00","22.3","","-4.7","","16","","0.0","","32","","8","","","","87.56","","","","","","NA"
"-114.68","51.78","SUNDRE A","3026KNQ","2018-04-28 13:00","2018","04","28","13:00","22.8","","-6.2","","14","","0.0","","33","","5","","","","87.48","","","","","","NA"
"-114.68","51.78","SUNDRE A","3026KNQ","2018-04-28 14:00","2018","04","28","14:00","24.5","","-5.4","","13","","0.0","","4","","9","","","","87.42","","","","","","NA"
"-114.68","51.78","SUNDRE A","3026KNQ","2018-04-28 15:00","2018","04","28","15:00","25.1","","-4.2","","14","","0.0","","10","","12","","","","87.38","","","","","","NA"
"-114.68","51.78","SUNDRE A","3026KNQ","2018-04-28 16:00","2018","04","28","16:00","25.4","","-4.7","","13","","0.0","","11","","10","","","","87.31","","","","","","NA"
"-114.68","51.78","SUNDRE A","3026KNQ","2018-04-28 17:00","2018","04","28","17:00","24.3","","-4.5","","14","","0.0","","7","","10","","","","87.25","","","","","","NA"
"-114.68","51.78","SUNDRE A","3026KNQ","2018-04-28 18:00","2018","04","28","18:00","23.4","","-6.3","","13","","0.0","","31","","4","","","","87.27","","","","","","NA"
"-114.68","51.78","SUNDRE A","3026KNQ","2018-04-28 19:00","2018","04","28","19:00","20.8","","-3.7","","19","","0.0","","32","","6","","","","87.27","","","","","","NA"
"-114.68","51.78","SUNDRE A","3026KNQ","2018-04-28 20:00","2018","04","28","20:00","19.2","","-5.5","","18","","0.0","","29","","10","","","","87.32","","","","","","NA"
"-114.68","51.78","SUNDRE A","3026KNQ","2018-04-28 21:00","2018","04","28","21:00","16.7","","-3.5","","25","","0.0","","27","","13","","","","87.36","","","","","","NA"
"-114.68","51.78","SUNDRE A","3026KNQ","2018-04-28 22:00","2018","04","28","22:00","15.4","","-3.0","","28","","0.0","","28","","15","","","","87.38","","","","","","NA"
"-114.68","51.78","SUNDRE A","3026KNQ","2018-04-28 23:00","2018","04","28","23:00","15.2","","-2.8","","29","","0.0","","31","","8","","","","87.42","","","","","","NA"
"-114.68","51.78","SUNDRE A","3026KNQ","2018-04-29 00:00","2018","04","29","00:00","14.4","","-2.7","","31","","0.0","","28","","10","","","","87.43","","","","","","NA"
"-114.68","51.78","SUNDRE A","3026KNQ","2018-04-29 01:00","2018","04","29","01:00","15.5","","-2.1","","30","","0.0","","33","","21","","","","87.54","","","","","","NA"
"-114.68","51.78","SUNDRE A","3026KNQ","2018-04-29 02:00","2018","04","29","02:00","14.3","","-0.7","","36","","0.0","","35","","17","","","","87.74","","","","","","NA"
"-114.68","51.78","SUNDRE A","3026KNQ","2018-04-29 03:00","2018","04","29","03:00","12.9","","1.1","","44","","0.0","","34","","16","","","","87.82","","","","","","NA"
"-114.68","51.78","SUNDRE A","3026KNQ","2018-04-29 04:00","2018","04","29","04:00","11.2","","1.8","","52","","0.0","","33","","18","","","","87.91","","","","","","NA"
"-114.68","51.78","SUNDRE A","3026KNQ","2018-04-29 05:00","2018","04","29","05:00","8.0","","3.8","","75","","0.0","","33","","19","","","","88.02","","","","","","NA"
"-114.68","51.78","SUNDRE A","3026KNQ","2018-04-29 06:00","2018","04","29","06:00","6.7","","4.5","","86","","1.3","","31","","10","","","","88.14","","","","","","NA"
"-114.68","51.78","SUNDRE A","3026KNQ","2018-04-29 07:00","2018","04","29","07:00","5.2","","3.3","","87","","1.7","","32","","17","","","","88.26","","","","","","NA"
"-114.68","51.78","SUNDRE A","3026KNQ","2018-04-29 08:00","2018","04","29","08:00","4.4","","2.6","","88","","1.1","","34","","17","","","","88.33","","","","","","NA"
"-114.68","51.78","SUNDRE A","3026KNQ","2018-04-29 09:00","2018","04","29","09:00","3.8","","2.5","","91","","0.9","","33","","13","","","","88.40","","","","","","NA"
"-114.68","51.78","SUNDRE A","3026KNQ","2018-04-29 10:00","2018","04","29","10:00","3.9","","2.3","","90","","0.6","","33","","15","","","","88.44","","","","","","NA"
"-114.68","51.78","SUNDRE A","3026KNQ","2018-04-29 11:00","2018","04","29","11:00","3.8","","1.9","","87","","0.2","","33","","17","","","","88.47","","","","","","NA"
"-114.68","51.78","SUNDRE A","3026KNQ","2018-04-29 12:00","2018","04","29","12:00","4.4","","2.7","","89","","0.2","","33","","13","","","","88.49","","","","","","NA"
"-114.68","51.78","SUNDRE A","3026KNQ","2018-04-29 13:00","2018","04","29","13:00","5.0","","2.6","","84","","0.0","","34","","14","","","","88.51","","","","","","NA"
"-114.68","51.78","SUNDRE A","3026KNQ","2018-04-29 14:00","2018","04","29","14:00","5.4","","2.0","","79","","0.0","","34","","15","","","","88.54","","","","","","NA"
"-114.68","51.78","SUNDRE A","3026KNQ","2018-04-29 15:00","2018","04","29","15:00","5.3","","1.5","","77","","0.0","","1","","11","","","","88.57","","","","","","NA"
"-114.68","51.78","SUNDRE A","3026KNQ","2018-04-29 16:00","2018","04","29","16:00","5.9","","1.2","","72","","0.0","","2","","11","","","","88.60","","","","","","NA"
"-114.68","51.78","SUNDRE A","3026KNQ","2018-04-29 17:00","2018","04","29","17:00","6.1","","0.3","","66","","0.0","","3","","13","","","","88.62","","","","","","NA"
"-114.68","51.78","SUNDRE A","3026KNQ","2018-04-29 18:00","2018","04","29","18:00","5.2","","-0.6","","66","","0.0","","1","","15","","","","88.64","","","","","","NA"
"-114.68","51.78","SUNDRE A","3026KNQ","2018-04-29 19:00","2018","04","29","19:00","3.5","","0.3","","80","","0.0","","35","","13","","","","88.68","","","","","","NA"
"-114.68","51.78","SUNDRE A","3026KNQ","2018-04-29 20:00","2018","04","29","20:00","2.5","","0.5","","87","","0.2","","33","","5","","","","88.69","","","","","","NA"
"-114.68","51.78","SUNDRE A","3026KNQ","2018-04-29 21:00","2018","04","29","21:00","1.8","","0.7","","92","","0.2","","21","","8","","","","88.70","","","","","","NA"
"-114.68","51.78","SUNDRE A","3026KNQ","2018-04-29 22:00","2018","04","29","22:00","1.7","","0.7","","94","","0.0","","23","","3","","","","88.72","","","","","","NA"
"-114.68","51.78","SUNDRE A","3026KNQ","2018-04-29 23:00","2018","04","29","23:00","1.4","","0.7","","95","","0.0","","26","","4","","","","88.67","","","","","","NA"
"-114.68","51.78","SUNDRE A","3026KNQ","2018-04-30 00:00","2018","04","30","00:00","1.0","","0.5","","96","","0.0","","12","","3","","","","88.69","","","","","","NA"
"-114.68","51.78","SUNDRE A","3026KNQ","2018-04-30 01:00","2018","04","30","01:00","1.0","","0.5","","96","","0.0","","18","","4","","","","88.69","","","","","","NA"
"-114.68","51.78","SUNDRE A","3026KNQ","2018-04-30 02:00","2018","04","30","02:00","1.0","","0.5","","96","","0.5","","0","","1","","","","88.65","","","","","","NA"
"-114.68","51.78","SUNDRE A","3026KNQ","2018-04-30 03:00","2018","04","30","03:00","0.8","","0.3","","97","","0.0","","14","","2","","","","88.62","","","","","","NA"
"-114.68","51.78","SUNDRE A","3026KNQ","2018-04-30 04:00","2018","04","30","04:00","0.7","","0.3","","97","","0.0","","16","","3","","","","88.60","","","","","","NA"
"-114.68","51.78","SUNDRE A","3026KNQ","2018-04-30 05:00","2018","04","30","05:00","0.8","","0.3","","97","","0.0","","19","","3","","","","88.58","","","","","","NA"
"-114.68","51.78","SUNDRE A","3026KNQ","2018-04-30 06:00","2018","04","30","06:00","1.1","","0.6","","96","","0.0","","16","","5","","","","88.60","","","","","","NA"
"-114.68","51.78","SUNDRE A","3026KNQ","2018-04-30 07:00","2018","04","30","07:00","2.0","","1.1","","94","","0.0","","17","","6","","","","88.64","","","","","","NA"
"-114.68","51.78","SUNDRE A","3026KNQ","2018-04-30 08:00","2018","04","30","08:00","3.1","","1.5","","90","","0.0","","17","","8","","","","88.59","","","","","","NA"
"-114.68","51.78","SUNDRE A","3026KNQ","2018-04-30 09:00","2018","04","30","09:00","4.3","","1.3","","81","","0.0","","18","","11","","","","88.56","","","","","","NA"
"-114.68","51.78","SUNDRE A","3026KNQ","2018-04-30 10:00","2018","04","30","10:00","6.4","","2.5","","76","","0.0","","16","","11","","","","88.55","","","","","","NA"
"-114.68","51.78","SUNDRE A","3026KNQ","2018-04-30 11:00","2018","04","30","11:00","8.2","","2.6","","68","","0.0","","19","","5","","","","88.52","","","","","","NA"
"-114.68","51.78","SUNDRE A","3026KNQ","2018-04-30 12:00","2018","04","30","12:00","10.4","","2.2","","57","","0.0","","20","","8","","","","88.46","","","","","","NA"
"-114.68","51.78","SUNDRE A","3026KNQ","2018-04-30 13:00","2018","04","30","13:00","12.2","","-1.3","","39","","0.0","","34","","8","","","","88.37","","","","","","NA"
"-114.68","51.78","SUNDRE A","3026KNQ","2018-04-30 14:00","2018","04","30","14:00","13.0","","-0.1","","40","","0.0","","22","","4","","","","88.32","","","","","","NA"
"-114.68","51.78","SUNDRE A","3026KNQ","2018-04-30 15:00","2018","04","30","15:00","13.4","","-1.4","","36","","0.0","","21","","7","","","","88.22","","","","","","NA"
"-114.68","51.78","SUNDRE A","3026KNQ","2018-04-30 16:00","2018","04","30","16:00","13.8","","-1.5","","35","","0.0","","1","","5","","","","88.12","","","","","","NA"
"-114.68","51.78","SUNDRE A","3026KNQ","2018-04-30 17:00","2018","04","30","17:00","15.5","","-1.1","","32","","0.0","","22","","7","","","","88.06","","","","","","NA"
"-114.68","51.78","SUNDRE A","3026KNQ","2018-04-30 18:00","2018","04","30","18:00","15.3","","-1.0","","33","","0.0","","21","","5","","","","88.00","","","","","","NA"
"-114.68","51.78","SUNDRE A","3026KNQ","2018-04-30 19:00","2018","04","30","19:00","13.4","","0.9","","43","","0.0","","18","","8","","","","87.97","","","","","","NA"
"-114.68","51.78","SUNDRE A","3026KNQ","2018-04-30 20:00","2018","04","30","20:00","8.5","","2.5","","66","","0.0","","14","","7","","","","87.95","","","","","","NA"
"-114.68","51.78","SUNDRE A","3026KNQ","2018-04-30 21:00","2018","04","30","21:00","7.4","","1.6","","67","","0.0","","16","","7","","","","87.96","","","","","","NA"
"-114.68","51.78","SUNDRE A","3026KNQ","2018-04-30 22:00","2018","04","30","22:00","6.7","","1.2","","68","","0.0","","26","","5","","","","87.95","","","","","","NA"
"-114.68","51.78","SUNDRE A","3026KNQ","2018-04-30 23:00","2018","04","30","23:00","7.6","","-1.9","","51","","0.0","","26","","13","","","","87.96","","","","","","NA"
